batch_execution_time,cdf
0.016552448272705078,0.00018129079042784627
0.01665353775024414,0.00036258158085569254
0.019206762313842773,0.0005438723712835388
0.019751787185668945,0.0007251631617113851
0.019866466522216797,0.0009064539521392314
0.01987290382385254,0.0010877447425670776
0.01989269256591797,0.0012690355329949238
0.019956350326538086,0.0014503263234227702
0.02007889747619629,0.0016316171138506164
0.0202176570892334,0.0018129079042784628
0.021255970001220703,0.001994198694706309
0.021322011947631836,0.002175489485134155
0.021375179290771484,0.0023567802755620013
0.02164316177368164,0.0025380710659898475
0.02180933952331543,0.002719361856417694
0.021997928619384766,0.0029006526468455403
0.02205944061279297,0.0030819434372733865
0.022844314575195312,0.0032632342277012327
0.023799896240234375,0.003444525018129079
0.023801803588867188,0.0036258158085569255
0.023844242095947266,0.0038071065989847717
0.02384638786315918,0.003988397389412618
0.02385425567626953,0.004169688179840464
0.023913860321044922,0.00435097897026831
0.023978233337402344,0.0045322697606961565
0.024224281311035156,0.004713560551124003
0.02440023422241211,0.004894851341551849
0.024479150772094727,0.005076142131979695
0.025037050247192383,0.005257432922407542
0.025879859924316406,0.005438723712835388
0.025950908660888672,0.0056200145032632345
0.02673935890197754,0.005801305293691081
0.026772260665893555,0.005982596084118927
0.02678704261779785,0.006163886874546773
0.026856184005737305,0.006345177664974619
0.02692556381225586,0.006526468455402465
0.026932954788208008,0.006707759245830312
0.026934385299682617,0.006889050036258158
0.0269625186920166,0.007070340826686004
0.027000904083251953,0.007251631617113851
0.027017593383789062,0.007432922407541697
0.027019262313842773,0.007614213197969543
0.027126550674438477,0.00779550398839739
0.027180910110473633,0.007976794778825236
0.02720022201538086,0.008158085569253081
0.02720355987548828,0.008339376359680928
0.027286767959594727,0.008520667150108775
0.027292966842651367,0.00870195794053662
0.027411460876464844,0.008883248730964468
0.027562856674194336,0.009064539521392313
0.02768993377685547,0.00924583031182016
0.027733564376831055,0.009427121102248005
0.02774524688720703,0.009608411892675852
0.027753114700317383,0.009789702683103698
0.027818679809570312,0.009970993473531545
0.027836322784423828,0.01015228426395939
0.02785205841064453,0.010333575054387237
0.02785205841064453,0.010514865844815084
0.02786850929260254,0.01069615663524293
0.027882099151611328,0.010877447425670777
0.02788543701171875,0.011058738216098622
0.027886152267456055,0.011240029006526469
0.02789783477783203,0.011421319796954314
0.027907133102416992,0.011602610587382161
0.027911901473999023,0.011783901377810007
0.027916669845581055,0.011965192168237854
0.027917146682739258,0.012146482958665699
0.02793097496032715,0.012327773749093546
0.0279386043548584,0.012509064539521393
0.02794027328491211,0.012690355329949238
0.027940988540649414,0.012871646120377086
0.027942895889282227,0.01305293691080493
0.027949810028076172,0.013234227701232778
0.027992725372314453,0.013415518491660623
0.028015851974487305,0.01359680928208847
0.02801680564880371,0.013778100072516316
0.02801799774169922,0.013959390862944163
0.028035402297973633,0.014140681653372008
0.028064489364624023,0.014321972443799855
0.028123855590820312,0.014503263234227702
0.028125286102294922,0.014684554024655547
0.028145790100097656,0.014865844815083394
0.028262853622436523,0.01504713560551124
0.02828502655029297,0.015228426395939087
0.028316736221313477,0.015409717186366932
0.02832794189453125,0.01559100797679478
0.028338193893432617,0.015772298767222626
0.028343677520751953,0.01595358955765047
0.028399944305419922,0.016134880348078317
0.028426408767700195,0.016316171138506162
0.028429269790649414,0.01649746192893401
0.028461694717407227,0.016678752719361856
0.028467178344726562,0.0168600435097897
0.028467416763305664,0.01704133430021755
0.028469324111938477,0.017222625090645396
0.02850198745727539,0.01740391588107324
0.02852320671081543,0.017585206671501086
0.02854776382446289,0.017766497461928935
0.028617382049560547,0.01794778825235678
0.02862071990966797,0.018129079042784626
0.028627395629882812,0.01831036983321247
0.02871847152709961,0.01849166062364032
0.02874922752380371,0.018672951414068165
0.028775691986083984,0.01885424220449601
0.02880549430847168,0.01903553299492386
0.02888345718383789,0.019216823785351705
0.028891563415527344,0.01939811457577955
0.02892470359802246,0.019579405366207395
0.028986692428588867,0.019760696156635244
0.02904343605041504,0.01994198694706309
0.029052019119262695,0.020123277737490935
0.02907419204711914,0.02030456852791878
0.02908039093017578,0.02048585931834663
0.029269695281982422,0.020667150108774474
0.029277324676513672,0.02084844089920232
0.02933335304260254,0.02102973168963017
0.029477834701538086,0.021211022480058014
0.02949380874633789,0.02139231327048586
0.0295107364654541,0.021573604060913704
0.029517650604248047,0.021754894851341553
0.029604196548461914,0.0219361856417694
0.029605627059936523,0.022117476432197244
0.02963423728942871,0.02229876722262509
0.029690980911254883,0.022480058013052938
0.0298459529876709,0.022661348803480783
0.02986454963684082,0.02284263959390863
0.0299832820892334,0.023023930384336477
0.029985666275024414,0.023205221174764323
0.02999114990234375,0.023386511965192168
0.03001880645751953,0.023567802755620013
0.0300748348236084,0.023749093546047862
0.030076980590820312,0.023930384336475707
0.03007817268371582,0.024111675126903553
0.030085325241088867,0.024292965917331398
0.030155658721923828,0.024474256707759247
0.030228376388549805,0.024655547498187092
0.030297517776489258,0.024836838288614937
0.030342578887939453,0.025018129079042786
0.03044271469116211,0.02519941986947063
0.030443429946899414,0.025380710659898477
0.03055596351623535,0.025562001450326322
0.030605077743530273,0.02574329224075417
0.030674457550048828,0.025924583031182016
0.03071117401123047,0.02610587382160986
0.030718088150024414,0.026287164612037707
0.030809640884399414,0.026468455402465556
0.030810832977294922,0.0266497461928934
0.030842065811157227,0.026831036983321246
0.030889034271240234,0.027012327773749095
0.03095102310180664,0.02719361856417694
0.030956268310546875,0.027374909354604786
0.030956745147705078,0.02755620014503263
0.0309598445892334,0.02773749093546048
0.031007051467895508,0.027918781725888325
0.031016111373901367,0.02810007251631617
0.03103351593017578,0.028281363306744016
0.03108048439025879,0.028462654097171865
0.031118392944335938,0.02864394488759971
0.03112196922302246,0.028825235678027555
0.031137704849243164,0.029006526468455404
0.03117847442626953,0.02918781725888325
0.03131270408630371,0.029369108049311095
0.031336307525634766,0.02955039883973894
0.031377315521240234,0.02973168963016679
0.03140830993652344,0.029912980420594634
0.031456947326660156,0.03009427121102248
0.03147459030151367,0.030275562001450325
0.031525373458862305,0.030456852791878174
0.031561851501464844,0.03063814358230602
0.03157401084899902,0.030819434372733864
0.0315861701965332,0.031000725163161713
0.03163433074951172,0.03118201595358956
0.03168153762817383,0.031363306744017404
0.0317082405090332,0.03154459753444525
0.03172659873962402,0.031725888324873094
0.031751155853271484,0.03190717911530094
0.03176546096801758,0.03208846990572879
0.03177809715270996,0.032269760696156634
0.031859397888183594,0.03245105148658448
0.0318605899810791,0.032632342277012324
0.03186440467834473,0.03281363306744017
0.03187227249145508,0.03299492385786802
0.03188323974609375,0.033176214648295864
0.03188443183898926,0.03335750543872371
0.031885623931884766,0.03353879622915156
0.03188920021057129,0.0337200870195794
0.0319056510925293,0.03390137781000725
0.031913042068481445,0.0340826686004351
0.031914472579956055,0.03426395939086294
0.03192257881164551,0.03444525018129079
0.03192543983459473,0.03462654097171863
0.03193807601928711,0.03480783176214648
0.03195595741271973,0.03498912255257433
0.03196549415588379,0.03517041334300217
0.031966209411621094,0.03535170413343002
0.03197836875915527,0.03553299492385787
0.031984806060791016,0.03571428571428571
0.031990766525268555,0.03589557650471356
0.031995296478271484,0.03607686729514141
0.03200578689575195,0.03625815808556925
0.032042741775512695,0.0364394488759971
0.03206181526184082,0.03662073966642494
0.03217816352844238,0.03680203045685279
0.03220963478088379,0.03698332124728064
0.03223013877868652,0.03716461203770848
0.032263755798339844,0.03734590282813633
0.03229212760925293,0.03752719361856418
0.03229331970214844,0.03770848440899202
0.03235483169555664,0.03788977519941987
0.03236556053161621,0.03807106598984772
0.03238844871520996,0.03825235678027556
0.03245258331298828,0.03843364757070341
0.032465457916259766,0.03861493836113125
0.03248476982116699,0.0387962291515591
0.032526493072509766,0.03897751994198695
0.032546043395996094,0.03915881073241479
0.03260445594787598,0.03934010152284264
0.03263974189758301,0.03952139231327049
0.03265261650085449,0.03970268310369833
0.03266787528991699,0.03988397389412618
0.03270435333251953,0.04006526468455403
0.032726287841796875,0.04024655547498187
0.032804250717163086,0.04042784626540972
0.032814741134643555,0.04060913705583756
0.03281760215759277,0.04079042784626541
0.03281903266906738,0.04097171863669326
0.03286170959472656,0.0411530094271211
0.03289794921875,0.04133430021754895
0.03293204307556152,0.0415155910079768
0.03293490409851074,0.04169688179840464
0.03296303749084473,0.04187817258883249
0.03298783302307129,0.04205946337926034
0.03305673599243164,0.04224075416968818
0.033165693283081055,0.04242204496011603
0.03322339057922363,0.04260333575054387
0.033225059509277344,0.04278462654097172
0.03324556350708008,0.04296591733139957
0.03326010704040527,0.04314720812182741
0.033293724060058594,0.04332849891225526
0.03330111503601074,0.043509789702683106
0.03331613540649414,0.04369108049311095
0.03332018852233887,0.0438723712835388
0.03335714340209961,0.044053662073966646
0.03338503837585449,0.04423495286439449
0.03338766098022461,0.044416243654822336
0.033416748046875,0.04459753444525018
0.0334928035736084,0.04477882523567803
0.03356480598449707,0.044960116026105876
0.0335690975189209,0.04514140681653372
0.033596038818359375,0.045322697606961566
0.03360748291015625,0.045503988397389415
0.0336759090423584,0.04568527918781726
0.03371095657348633,0.045866569978245106
0.033724069595336914,0.046047860768672955
0.03377199172973633,0.046229151559100796
0.03378915786743164,0.046410442349528645
0.03395271301269531,0.04659173313995649
0.0340731143951416,0.046773023930384336
0.03407692909240723,0.046954314720812185
0.034143924713134766,0.04713560551124003
0.034295082092285156,0.047316896301667875
0.03433513641357422,0.047498187092095724
0.034349918365478516,0.047679477882523566
0.03438878059387207,0.047860768672951415
0.0344083309173584,0.048042059463379264
0.034409523010253906,0.048223350253807105
0.034426212310791016,0.048404641044234954
0.03447723388671875,0.048585931834662796
0.03460288047790527,0.048767222625090645
0.03460526466369629,0.048948513415518494
0.0346224308013916,0.049129804205946336
0.03467392921447754,0.049311094996374184
0.034793853759765625,0.04949238578680203
0.03493475914001465,0.049673676577229875
0.035106658935546875,0.049854967367657724
0.03511834144592285,0.05003625815808557
0.03519105911254883,0.050217548948513414
0.035211801528930664,0.05039883973894126
0.03532242774963379,0.050580130529369105
0.03534078598022461,0.050761421319796954
0.03576231002807617,0.0509427121102248
0.03576326370239258,0.051124002900652644
0.03581500053405762,0.05130529369108049
0.03583335876464844,0.05148658448150834
0.03586101531982422,0.051667875271936184
0.03587961196899414,0.05184916606236403
0.035887718200683594,0.05203045685279188
0.035904884338378906,0.05221174764321972
0.03590846061706543,0.05239303843364757
0.03591036796569824,0.052574329224075414
0.03592038154602051,0.05275562001450326
0.03593158721923828,0.05293691080493111
0.03595089912414551,0.05311820159535895
0.035959482192993164,0.0532994923857868
0.03596758842468262,0.05348078317621465
0.03597259521484375,0.05366207396664249
0.036000728607177734,0.05384336475707034
0.03600740432739258,0.05402465554749819
0.03604269027709961,0.05420594633792603
0.0360720157623291,0.05438723712835388
0.03607916831970215,0.05456852791878172
0.03612923622131348,0.05474981870920957
0.03621840476989746,0.05493110949963742
0.03626608848571777,0.05511240029006526
0.03633618354797363,0.05529369108049311
0.03641796112060547,0.05547498187092096
0.03646254539489746,0.0556562726613488
0.036795854568481445,0.05583756345177665
0.03682136535644531,0.0560188542422045
0.03724026679992676,0.05620014503263234
0.03737974166870117,0.05638143582306019
0.037507057189941406,0.05656272661348803
0.037525177001953125,0.05674401740391588
0.03770875930786133,0.05692530819434373
0.03771567344665527,0.05710659898477157
0.03826761245727539,0.05728788977519942
0.03857159614562988,0.05746918056562727
0.03863358497619629,0.05765047135605511
0.038655757904052734,0.05783176214648296
0.03879189491271973,0.05801305293691081
0.03884005546569824,0.05819434372733865
0.03909564018249512,0.0583756345177665
0.03918337821960449,0.05855692530819434
0.03922390937805176,0.05873821609862219
0.03924059867858887,0.05891950688905004
0.03933906555175781,0.05910079767947788
0.03936052322387695,0.05928208846990573
0.03937888145446777,0.05946337926033358
0.03938031196594238,0.05964467005076142
0.03947591781616211,0.05982596084118927
0.03956937789916992,0.06000725163161712
0.03965115547180176,0.06018854242204496
0.039838552474975586,0.06036983321247281
0.039923667907714844,0.06055112400290065
0.03995800018310547,0.0607324147933285
0.04003405570983887,0.06091370558375635
0.04006552696228027,0.06109499637418419
0.0402064323425293,0.06127628716461204
0.04052591323852539,0.06145757795503989
0.04056286811828613,0.06163886874546773
0.04063105583190918,0.06182015953589558
0.04106259346008301,0.062001450326323426
0.04137587547302246,0.06218274111675127
0.042005300521850586,0.06236403190717912
0.042050838470458984,0.06254532269760696
0.04211926460266113,0.06272661348803481
0.04224801063537598,0.06290790427846266
0.04247879981994629,0.0630891950688905
0.0426793098449707,0.06327048585931834
0.04269814491271973,0.06345177664974619
0.04275989532470703,0.06363306744017404
0.042906999588012695,0.06381435823060189
0.04308581352233887,0.06399564902102974
0.04317808151245117,0.06417693981145758
0.043337106704711914,0.06435823060188542
0.04347634315490723,0.06453952139231327
0.043588876724243164,0.06472081218274112
0.043871402740478516,0.06490210297316897
0.04393482208251953,0.06508339376359681
0.04420185089111328,0.06526468455402465
0.04421639442443848,0.0654459753444525
0.04427599906921387,0.06562726613488035
0.04433941841125488,0.0658085569253082
0.04451298713684082,0.06598984771573604
0.0445253849029541,0.06617113850616389
0.04465007781982422,0.06635242929659173
0.044652462005615234,0.06653372008701958
0.04491162300109863,0.06671501087744743
0.04498291015625,0.06689630166787527
0.04501771926879883,0.06707759245830312
0.04507279396057129,0.06725888324873096
0.045102596282958984,0.0674401740391588
0.04513287544250488,0.06762146482958666
0.04527688026428223,0.0678027556200145
0.04534268379211426,0.06798404641044235
0.045418500900268555,0.0681653372008702
0.0455777645111084,0.06834662799129804
0.04565119743347168,0.06852791878172589
0.046247005462646484,0.06870920957215373
0.046286582946777344,0.06889050036258158
0.046349287033081055,0.06907179115300943
0.04638409614562988,0.06925308194343727
0.04690194129943848,0.06943437273386512
0.04690194129943848,0.06961566352429296
0.04698371887207031,0.06979695431472081
0.04709124565124512,0.06997824510514866
0.04715156555175781,0.07015953589557651
0.04723167419433594,0.07034082668600435
0.0473628044128418,0.0705221174764322
0.04746603965759277,0.07070340826686004
0.047575950622558594,0.07088469905728789
0.047774314880371094,0.07106598984771574
0.047786712646484375,0.07124728063814358
0.04781746864318848,0.07142857142857142
0.04782414436340332,0.07160986221899927
0.04787635803222656,0.07179115300942712
0.047926902770996094,0.07197244379985497
0.047927141189575195,0.07215373459028282
0.04795670509338379,0.07233502538071065
0.04798412322998047,0.0725163161711385
0.04799532890319824,0.07269760696156635
0.04801464080810547,0.0728788977519942
0.04808235168457031,0.07306018854242205
0.048201799392700195,0.07324147933284988
0.048203229904174805,0.07342277012327773
0.048232078552246094,0.07360406091370558
0.04823756217956543,0.07378535170413343
0.0482485294342041,0.07396664249456128
0.04827690124511719,0.07414793328498913
0.0482785701751709,0.07432922407541696
0.048342227935791016,0.07451051486584481
0.048362016677856445,0.07469180565627266
0.04839038848876953,0.07487309644670051
0.04847526550292969,0.07505438723712836
0.04862165451049805,0.0752356780275562
0.04879283905029297,0.07541696881798404
0.04880547523498535,0.07559825960841189
0.04882407188415527,0.07577955039883974
0.04882645606994629,0.07596084118926759
0.04885530471801758,0.07614213197969544
0.04889798164367676,0.07632342277012327
0.04897332191467285,0.07650471356055112
0.04905819892883301,0.07668600435097897
0.04908180236816406,0.07686729514140682
0.049123287200927734,0.07704858593183467
0.04912376403808594,0.0772298767222625
0.049139976501464844,0.07741116751269035
0.049150943756103516,0.0775924583031182
0.04917097091674805,0.07777374909354605
0.049337148666381836,0.0779550398839739
0.049353837966918945,0.07813633067440175
0.04937744140625,0.07831762146482958
0.04938459396362305,0.07849891225525743
0.04938793182373047,0.07868020304568528
0.04960370063781738,0.07886149383611313
0.049635887145996094,0.07904278462654098
0.050058841705322266,0.07922407541696881
0.050124406814575195,0.07940536620739666
0.05012655258178711,0.07958665699782451
0.050200462341308594,0.07976794778825236
0.05024099349975586,0.0799492385786802
0.050342559814453125,0.08013052936910806
0.05058455467224121,0.08031182015953589
0.05066537857055664,0.08049311094996374
0.050678253173828125,0.08067440174039159
0.05074262619018555,0.08085569253081944
0.05076003074645996,0.08103698332124729
0.05078434944152832,0.08121827411167512
0.0507962703704834,0.08139956490210297
0.05080676078796387,0.08158085569253082
0.05090761184692383,0.08176214648295867
0.05094790458679199,0.08194343727338652
0.05115079879760742,0.08212472806381436
0.05128145217895508,0.0823060188542422
0.05137205123901367,0.08248730964467005
0.05139589309692383,0.0826686004350979
0.05154609680175781,0.08284989122552575
0.05155825614929199,0.0830311820159536
0.05156755447387695,0.08321247280638143
0.05165886878967285,0.08339376359680928
0.051830291748046875,0.08357505438723713
0.05186009407043457,0.08375634517766498
0.051880836486816406,0.08393763596809282
0.051885366439819336,0.08411892675852067
0.05189108848571777,0.08430021754894851
0.05193805694580078,0.08448150833937636
0.05196952819824219,0.0846627991298042
0.05199432373046875,0.08484408992023205
0.05203580856323242,0.0850253807106599
0.05205726623535156,0.08520667150108774
0.05213022232055664,0.08538796229151559
0.0521395206451416,0.08556925308194344
0.052150726318359375,0.08575054387237128
0.05218005180358887,0.08593183466279913
0.052211761474609375,0.08611312545322698
0.05221223831176758,0.08629441624365482
0.052214622497558594,0.08647570703408267
0.052220821380615234,0.08665699782451051
0.05225872993469238,0.08683828861493836
0.05227971076965332,0.08701957940536621
0.052306175231933594,0.08720087019579405
0.0523068904876709,0.0873821609862219
0.0523073673248291,0.08756345177664974
0.05240011215209961,0.0877447425670776
0.05240511894226074,0.08792603335750544
0.052410125732421875,0.08810732414793329
0.052425384521484375,0.08828861493836113
0.052459716796875,0.08846990572878898
0.052474260330200195,0.08865119651921682
0.05250668525695801,0.08883248730964467
0.052529096603393555,0.08901377810007252
0.052530527114868164,0.08919506889050036
0.05253434181213379,0.0893763596809282
0.0525364875793457,0.08955765047135605
0.05254530906677246,0.0897389412617839
0.05257391929626465,0.08992023205221175
0.052594900131225586,0.0901015228426396
0.052603721618652344,0.09028281363306744
0.05261659622192383,0.09046410442349528
0.05261945724487305,0.09064539521392313
0.05263853073120117,0.09082668600435098
0.05264616012573242,0.09100797679477883
0.052664995193481445,0.09118926758520667
0.05269217491149902,0.09137055837563451
0.052710771560668945,0.09155184916606236
0.052732229232788086,0.09173313995649021
0.05275273323059082,0.09191443074691806
0.05278611183166504,0.09209572153734591
0.052851200103759766,0.09227701232777374
0.052886009216308594,0.09245830311820159
0.052899837493896484,0.09263959390862944
0.05291485786437988,0.09282088469905729
0.05292057991027832,0.09300217548948514
0.052922964096069336,0.09318346627991297
0.05292916297912598,0.09336475707034082
0.05293011665344238,0.09354604786076867
0.05293154716491699,0.09372733865119652
0.0529482364654541,0.09390862944162437
0.05295276641845703,0.09408992023205222
0.05296683311462402,0.09427121102248005
0.05296778678894043,0.0944525018129079
0.052994728088378906,0.09463379260333575
0.05300140380859375,0.0948150833937636
0.053015947341918945,0.09499637418419145
0.053048133850097656,0.09517766497461928
0.05307364463806152,0.09535895576504713
0.053076982498168945,0.09554024655547498
0.05310201644897461,0.09572153734590283
0.053104400634765625,0.09590282813633068
0.05312538146972656,0.09608411892675853
0.05314445495605469,0.09626540971718636
0.05318498611450195,0.09644670050761421
0.053186655044555664,0.09662799129804206
0.05324125289916992,0.09680928208846991
0.053287506103515625,0.09699057287889776
0.05329179763793945,0.09717186366932559
0.05330371856689453,0.09735315445975344
0.05330944061279297,0.09753444525018129
0.05332040786743164,0.09771573604060914
0.053322792053222656,0.09789702683103699
0.05335283279418945,0.09807831762146484
0.05337071418762207,0.09825960841189267
0.053377628326416016,0.09844089920232052
0.05338478088378906,0.09862218999274837
0.05340743064880371,0.09880348078317622
0.053411245346069336,0.09898477157360407
0.05343127250671387,0.0991660623640319
0.053461313247680664,0.09934735315445975
0.05347299575805664,0.0995286439448876
0.053496599197387695,0.09970993473531545
0.05350756645202637,0.0998912255257433
0.05351424217224121,0.10007251631617115
0.05353212356567383,0.10025380710659898
0.05363106727600098,0.10043509789702683
0.053633928298950195,0.10061638868745468
0.05363583564758301,0.10079767947788253
0.053655147552490234,0.10097897026831038
0.05366849899291992,0.10116026105873821
0.05367708206176758,0.10134155184916606
0.05369830131530762,0.10152284263959391
0.05370759963989258,0.10170413343002176
0.05375528335571289,0.1018854242204496
0.05378222465515137,0.10206671501087745
0.05379056930541992,0.10224800580130529
0.053795814514160156,0.10242929659173314
0.05382132530212402,0.10261058738216099
0.05382180213928223,0.10279187817258884
0.053824424743652344,0.10297316896301668
0.05383419990539551,0.10315445975344452
0.05383586883544922,0.10333575054387237
0.05383634567260742,0.10351704133430022
0.05385732650756836,0.10369833212472807
0.05388355255126953,0.10387962291515591
0.05388665199279785,0.10406091370558376
0.053896427154541016,0.1042422044960116
0.053931474685668945,0.10442349528643945
0.05393266677856445,0.1046047860768673
0.05394244194030762,0.10478607686729514
0.05396294593811035,0.10496736765772299
0.05402779579162598,0.10514865844815083
0.054029226303100586,0.10532994923857868
0.05403923988342285,0.10551124002900653
0.05404925346374512,0.10569253081943437
0.05405282974243164,0.10587382160986222
0.054058074951171875,0.10605511240029007
0.05406761169433594,0.1062364031907179
0.05411934852600098,0.10641769398114576
0.054132699966430664,0.1065989847715736
0.054146528244018555,0.10678027556200145
0.054149627685546875,0.1069615663524293
0.05415773391723633,0.10714285714285714
0.054208993911743164,0.10732414793328499
0.0542292594909668,0.10750543872371283
0.05424809455871582,0.10768672951414068
0.05426025390625,0.10786802030456853
0.054265499114990234,0.10804931109499638
0.0543057918548584,0.10823060188542422
0.05430722236633301,0.10841189267585206
0.05433392524719238,0.10859318346627991
0.05434012413024902,0.10877447425670776
0.05435919761657715,0.10895576504713561
0.05437660217285156,0.10913705583756345
0.05437874794006348,0.1093183466279913
0.054380178451538086,0.10949963741841914
0.054419517517089844,0.10968092820884699
0.05443572998046875,0.10986221899927484
0.0544438362121582,0.11004350978970269
0.05444955825805664,0.11022480058013052
0.05448603630065918,0.11040609137055837
0.05449342727661133,0.11058738216098622
0.05450296401977539,0.11076867295141407
0.0545046329498291,0.11094996374184192
0.05453824996948242,0.11113125453226975
0.05454301834106445,0.1113125453226976
0.054551124572753906,0.11149383611312545
0.05455160140991211,0.1116751269035533
0.054575443267822266,0.11185641769398115
0.05458259582519531,0.112037708484409
0.05458569526672363,0.11221899927483683
0.05458855628967285,0.11240029006526468
0.054602622985839844,0.11258158085569253
0.05461263656616211,0.11276287164612038
0.05462288856506348,0.11294416243654823
0.05462765693664551,0.11312545322697606
0.05462765693664551,0.11330674401740391
0.05463600158691406,0.11348803480783176
0.05466485023498535,0.11366932559825961
0.05466604232788086,0.11385061638868746
0.05467629432678223,0.11403190717911531
0.05467867851257324,0.11421319796954314
0.05468106269836426,0.11439448875997099
0.054694175720214844,0.11457577955039884
0.05469512939453125,0.11475707034082669
0.05469703674316406,0.11493836113125454
0.05473589897155762,0.11511965192168237
0.05478692054748535,0.11530094271211022
0.05478715896606445,0.11548223350253807
0.05479311943054199,0.11566352429296592
0.054807424545288086,0.11584481508339377
0.05481290817260742,0.11602610587382162
0.054814815521240234,0.11620739666424945
0.05483198165893555,0.1163886874546773
0.05485677719116211,0.11656997824510515
0.05485868453979492,0.116751269035533
0.05486440658569336,0.11693255982596085
0.05486869812011719,0.11711385061638868
0.05492544174194336,0.11729514140681653
0.054949283599853516,0.11747643219724438
0.05495643615722656,0.11765772298767223
0.05496025085449219,0.11783901377810008
0.0549626350402832,0.11802030456852793
0.054963111877441406,0.11820159535895576
0.05500483512878418,0.11838288614938361
0.0550084114074707,0.11856417693981146
0.05502152442932129,0.1187454677302393
0.055036306381225586,0.11892675852066716
0.05504035949707031,0.11910804931109499
0.055042266845703125,0.11928934010152284
0.05504441261291504,0.11947063089195069
0.05506300926208496,0.11965192168237854
0.055071353912353516,0.11983321247280639
0.05508732795715332,0.12001450326323423
0.05508780479431152,0.12019579405366207
0.05510210990905762,0.12037708484408992
0.055104970932006836,0.12055837563451777
0.055107831954956055,0.12073966642494562
0.055110931396484375,0.12092095721537346
0.055118560791015625,0.1211022480058013
0.05512070655822754,0.12128353879622915
0.05512428283691406,0.121464829586657
0.055130720138549805,0.12164612037708485
0.055130958557128906,0.1218274111675127
0.05513262748718262,0.12200870195794054
0.05513453483581543,0.12218999274836838
0.05513644218444824,0.12237128353879623
0.05513930320739746,0.12255257432922408
0.05515027046203613,0.12273386511965192
0.055155277252197266,0.12291515591007977
0.05517458915710449,0.12309644670050761
0.055188655853271484,0.12327773749093546
0.05521059036254883,0.1234590282813633
0.05521106719970703,0.12364031907179115
0.05525064468383789,0.123821609862219
0.05526566505432129,0.12400290065264685
0.05526614189147949,0.12418419144307469
0.05527019500732422,0.12436548223350254
0.05527234077453613,0.12454677302393038
0.05527687072753906,0.12472806381435823
0.05528855323791504,0.12490935460478608
0.055289268493652344,0.12509064539521392
0.05530428886413574,0.12527193618564178
0.055306196212768555,0.12545322697606962
0.05532503128051758,0.12563451776649745
0.05532693862915039,0.1258158085569253
0.0553281307220459,0.12599709934735315
0.055347442626953125,0.126178390137781
0.0553591251373291,0.12635968092820885
0.05536985397338867,0.12654097171863668
0.055370330810546875,0.12672226250906454
0.05537557601928711,0.12690355329949238
0.0553896427154541,0.12708484408992024
0.05539560317993164,0.12726613488034808
0.055425167083740234,0.12744742567077594
0.05543255805969238,0.12762871646120377
0.05543351173400879,0.1278100072516316
0.05544543266296387,0.12799129804205947
0.05547046661376953,0.1281725888324873
0.05547332763671875,0.12835387962291517
0.05547666549682617,0.128535170413343
0.055480241775512695,0.12871646120377084
0.055481910705566406,0.1288977519941987
0.0554959774017334,0.12907904278462654
0.05550718307495117,0.1292603335750544
0.05550789833068848,0.12944162436548223
0.05551648139953613,0.12962291515591007
0.055535316467285156,0.12980420594633793
0.05554008483886719,0.12998549673676577
0.055545806884765625,0.13016678752719363
0.05554628372192383,0.13034807831762146
0.055547475814819336,0.1305293691080493
0.05554819107055664,0.13071065989847716
0.055565834045410156,0.130891950688905
0.05556893348693848,0.13107324147933286
0.0555720329284668,0.1312545322697607
0.0555720329284668,0.13143582306018856
0.05558013916015625,0.1316171138506164
0.05558419227600098,0.13179840464104423
0.05558443069458008,0.1319796954314721
0.05558466911315918,0.13216098622189992
0.05560660362243652,0.13234227701232779
0.05560922622680664,0.13252356780275562
0.0556185245513916,0.13270485859318346
0.05562424659729004,0.13288614938361132
0.055634260177612305,0.13306744017403915
0.055643320083618164,0.13324873096446702
0.05564761161804199,0.13343002175489485
0.05565214157104492,0.13361131254532269
0.05565214157104492,0.13379260333575055
0.05565500259399414,0.13397389412617838
0.05565524101257324,0.13415518491660625
0.05565643310546875,0.13433647570703408
0.05566668510437012,0.13451776649746192
0.05566716194152832,0.13469905728788978
0.055667877197265625,0.1348803480783176
0.05568361282348633,0.13506163886874548
0.055704355239868164,0.1352429296591733
0.055704593658447266,0.13542422044960117
0.05570864677429199,0.135605511240029
0.055709123611450195,0.13578680203045684
0.05571317672729492,0.1359680928208847
0.055721282958984375,0.13614938361131254
0.05572652816772461,0.1363306744017404
0.05572676658630371,0.13651196519216824
0.05574989318847656,0.13669325598259607
0.055753231048583984,0.13687454677302394
0.055753469467163086,0.13705583756345177
0.0557553768157959,0.13723712835387963
0.05576157569885254,0.13741841914430747
0.05576372146606445,0.1375997099347353
0.05577659606933594,0.13778100072516317
0.05577850341796875,0.137962291515591
0.05577898025512695,0.13814358230601886
0.055785179138183594,0.1383248730964467
0.055788278579711914,0.13850616388687453
0.05578923225402832,0.1386874546773024
0.05579495429992676,0.13886874546773023
0.05579662322998047,0.1390500362581581
0.05579662322998047,0.13923132704858593
0.05579733848571777,0.1394126178390138
0.05579853057861328,0.13959390862944163
0.05579853057861328,0.13977519941986946
0.05580544471740723,0.13995649021029732
0.05580568313598633,0.14013778100072516
0.05580711364746094,0.14031907179115302
0.055811405181884766,0.14050036258158086
0.05581498146057129,0.1406816533720087
0.055817365646362305,0.14086294416243655
0.05581808090209961,0.1410442349528644
0.055828094482421875,0.14122552574329225
0.055834054946899414,0.1414068165337201
0.05583953857421875,0.14158810732414792
0.055840492248535156,0.14176939811457578
0.05584073066711426,0.14195068890500362
0.055848121643066406,0.14213197969543148
0.055848121643066406,0.14231327048585932
0.055849313735961914,0.14249456127628715
0.05585765838623047,0.14267585206671501
0.055860280990600586,0.14285714285714285
0.0558626651763916,0.1430384336475707
0.0558629035949707,0.14321972443799855
0.05586695671081543,0.1434010152284264
0.05587053298950195,0.14358230601885424
0.05587291717529297,0.14376359680928208
0.05587649345397949,0.14394488759970994
0.055876970291137695,0.14412617839013778
0.0558779239654541,0.14430746918056564
0.05587911605834961,0.14448875997099347
0.05588078498840332,0.1446700507614213
0.055882930755615234,0.14485134155184917
0.055887699127197266,0.145032632342277
0.055889129638671875,0.14521392313270487
0.055895090103149414,0.1453952139231327
0.05589580535888672,0.14557650471356054
0.055898189544677734,0.1457577955039884
0.055899620056152344,0.14593908629441624
0.05590033531188965,0.1461203770848441
0.05590105056762695,0.14630166787527193
0.055901288986206055,0.14648295866569977
0.05590343475341797,0.14666424945612763
0.05590415000915527,0.14684554024655547
0.0559077262878418,0.14702683103698333
0.05590987205505371,0.14720812182741116
0.05591464042663574,0.14738941261783903
0.05591773986816406,0.14757070340826686
0.055932044982910156,0.1477519941986947
0.05593752861022949,0.14793328498912256
0.055939674377441406,0.1481145757795504
0.055943965911865234,0.14829586656997826
0.055943965911865234,0.1484771573604061
0.055944204330444336,0.14865844815083393
0.05594515800476074,0.1488397389412618
0.05594754219055176,0.14902102973168962
0.0559544563293457,0.1492023205221175
0.05595541000366211,0.14938361131254532
0.055956363677978516,0.14956490210297316
0.055956363677978516,0.14974619289340102
0.05595731735229492,0.14992748368382885
0.055965423583984375,0.15010877447425672
0.055968523025512695,0.15029006526468455
0.05597686767578125,0.1504713560551124
0.055982351303100586,0.15065264684554025
0.055986642837524414,0.15083393763596809
0.05598855018615723,0.15101522842639595
0.05599522590637207,0.15119651921682378
0.05599713325500488,0.15137781000725165
0.05599784851074219,0.15155910079767948
0.055999755859375,0.15174039158810732
0.056000471115112305,0.15192168237853518
0.056003570556640625,0.152102973168963
0.05600595474243164,0.15228426395939088
0.05600714683532715,0.1524655547498187
0.05600786209106445,0.15264684554024655
0.056008100509643555,0.1528281363306744
0.05601000785827637,0.15300942712110224
0.056014299392700195,0.1531907179115301
0.0560145378112793,0.15337200870195794
0.056017398834228516,0.15355329949238578
0.05602288246154785,0.15373459028281364
0.05602622032165527,0.15391588107324147
0.05602908134460449,0.15409717186366934
0.05603528022766113,0.15427846265409717
0.05604076385498047,0.154459753444525
0.056043148040771484,0.15464104423495287
0.05605030059814453,0.1548223350253807
0.05605196952819824,0.15500362581580857
0.05605483055114746,0.1551849166062364
0.05605578422546387,0.15536620739666426
0.05605769157409668,0.1555474981870921
0.056058406829833984,0.15572878897751993
0.05606555938720703,0.1559100797679478
0.056067705154418945,0.15609137055837563
0.056070566177368164,0.1562726613488035
0.05607938766479492,0.15645395213923133
0.05608057975769043,0.15663524292965916
0.056082725524902344,0.15681653372008703
0.05608630180358887,0.15699782451051486
0.05608654022216797,0.15717911530094272
0.056093692779541016,0.15736040609137056
0.05609846115112305,0.1575416968817984
0.056111812591552734,0.15772298767222626
0.056113243103027344,0.1579042784626541
0.056113481521606445,0.15808556925308195
0.05611467361450195,0.1582668600435098
0.056118011474609375,0.15844815083393762
0.05611824989318848,0.15862944162436549
0.0561213493347168,0.15881073241479332
0.056124210357666016,0.15899202320522118
0.05612587928771973,0.15917331399564902
0.05612754821777344,0.15935460478607688
0.05612778663635254,0.15953589557650472
0.056128501892089844,0.15971718636693255
0.056128501892089844,0.1598984771573604
0.05612921714782715,0.16007976794778825
0.05613422393798828,0.1602610587382161
0.056140899658203125,0.16044234952864395
0.056145668029785156,0.16062364031907178
0.056145668029785156,0.16080493110949964
0.05614972114562988,0.16098622189992748
0.056150197982788086,0.16116751269035534
0.05615663528442383,0.16134880348078318
0.05615735054016113,0.161530094271211
0.056157827377319336,0.16171138506163887
0.05615854263305664,0.1618926758520667
0.05616497993469238,0.16207396664249457
0.05616641044616699,0.1622552574329224
0.05617046356201172,0.16243654822335024
0.05617475509643555,0.1626178390137781
0.05617833137512207,0.16279912980420594
0.05618000030517578,0.1629804205946338
0.056181907653808594,0.16316171138506164
0.05618429183959961,0.1633430021754895
0.05619239807128906,0.16352429296591733
0.05619621276855469,0.16370558375634517
0.0561985969543457,0.16388687454677303
0.05619978904724121,0.16406816533720087
0.05620455741882324,0.16424945612762873
0.05621337890625,0.16443074691805656
0.0562136173248291,0.1646120377084844
0.056214332580566406,0.16479332849891226
0.05621457099914551,0.1649746192893401
0.05621767044067383,0.16515591007976796
0.05621910095214844,0.1653372008701958
0.05622267723083496,0.16551849166062363
0.05622458457946777,0.1656997824510515
0.05622720718383789,0.16588107324147933
0.056227922439575195,0.1660623640319072
0.056231021881103516,0.16624365482233502
0.056231021881103516,0.16642494561276286
0.056231021881103516,0.16660623640319072
0.05623197555541992,0.16678752719361856
0.05623269081115723,0.16696881798404642
0.0562434196472168,0.16715010877447425
0.056243896484375,0.1673313995649021
0.05624532699584961,0.16751269035532995
0.056246280670166016,0.1676939811457578
0.056249380111694336,0.16787527193618565
0.0562586784362793,0.16805656272661348
0.05626726150512695,0.16823785351704135
0.056267738342285156,0.16841914430746918
0.056275367736816406,0.16860043509789702
0.05627632141113281,0.16878172588832488
0.05627703666687012,0.16896301667875271
0.05627894401550293,0.16914430746918058
0.056279659271240234,0.1693255982596084
0.05628085136413574,0.16950688905003625
0.056281089782714844,0.1696881798404641
0.0562894344329834,0.16986947063089194
0.0562896728515625,0.1700507614213198
0.056293487548828125,0.17023205221174764
0.05629563331604004,0.17041334300217548
0.056298017501831055,0.17059463379260334
0.0563044548034668,0.17077592458303117
0.05630683898925781,0.17095721537345904
0.05630850791931152,0.17113850616388687
0.05630946159362793,0.1713197969543147
0.05631256103515625,0.17150108774474257
0.056314945220947266,0.1716823785351704
0.05631732940673828,0.17186366932559827
0.05631756782531738,0.1720449601160261
0.056319236755371094,0.17222625090645396
0.0563199520111084,0.1724075416968818
0.05632305145263672,0.17258883248730963
0.056325435638427734,0.1727701232777375
0.05632758140563965,0.17295141406816533
0.05632948875427246,0.1731327048585932
0.056331634521484375,0.17331399564902103
0.056339263916015625,0.17349528643944886
0.05634021759033203,0.17367657722987673
0.05634140968322754,0.17385786802030456
0.05634307861328125,0.17403915881073242
0.056354522705078125,0.17422044960116026
0.05635690689086914,0.1744017403915881
0.05636167526245117,0.17458303118201596
0.05637097358703613,0.1747643219724438
0.056372642517089844,0.17494561276287166
0.056372642517089844,0.1751269035532995
0.05637502670288086,0.17530819434372732
0.056377410888671875,0.1754894851341552
0.056378841400146484,0.17567077592458302
0.056378841400146484,0.17585206671501089
0.056387901306152344,0.17603335750543872
0.05638837814331055,0.17621464829586658
0.05638885498046875,0.17639593908629442
0.05639147758483887,0.17657722987672225
0.05640268325805664,0.17675852066715012
0.056405067443847656,0.17693981145757795
0.05640840530395508,0.1771211022480058
0.05640840530395508,0.17730239303843365
0.05640888214111328,0.17748368382886148
0.0564115047454834,0.17766497461928935
0.056424856185913086,0.17784626540971718
0.056427001953125,0.17802755620014504
0.05642819404602051,0.17820884699057288
0.05643320083618164,0.1783901377810007
0.056444406509399414,0.17857142857142858
0.05645275115966797,0.1787527193618564
0.05646204948425293,0.17893401015228427
0.05646347999572754,0.1791153009427121
0.05646371841430664,0.17929659173313994
0.056464433670043945,0.1794778825235678
0.05646681785583496,0.17965917331399564
0.056470632553100586,0.1798404641044235
0.05648922920227051,0.18002175489485134
0.056496381759643555,0.1802030456852792
0.05650186538696289,0.18038433647570704
0.0565028190612793,0.18056562726613487
0.056504249572753906,0.18074691805656273
0.05650520324707031,0.18092820884699057
0.05650591850280762,0.18110949963741843
0.056516170501708984,0.18129079042784627
0.056516170501708984,0.1814720812182741
0.05651712417602539,0.18165337200870196
0.05652475357055664,0.1818346627991298
0.05654788017272949,0.18201595358955766
0.05655407905578613,0.1821972443799855
0.05655932426452637,0.18237853517041333
0.05656933784484863,0.1825598259608412
0.056572914123535156,0.18274111675126903
0.05657553672790527,0.1829224075416969
0.05657672882080078,0.18310369833212473
0.05657815933227539,0.18328498912255256
0.05657815933227539,0.18346627991298042
0.0565793514251709,0.18364757070340826
0.056581735610961914,0.18382886149383612
0.05658602714538574,0.18401015228426396
0.05658888816833496,0.18419144307469182
0.05659174919128418,0.18437273386511965
0.056592464447021484,0.1845540246555475
0.05660533905029297,0.18473531544597535
0.05661439895629883,0.18491660623640319
0.05662035942077637,0.18509789702683105
0.05662035942077637,0.18527918781725888
0.0566256046295166,0.18546047860768672
0.05663347244262695,0.18564176939811458
0.05663776397705078,0.18582306018854242
0.05664205551147461,0.18600435097897028
0.05664420127868652,0.1861856417693981
0.05665183067321777,0.18636693255982595
0.05666184425354004,0.1865482233502538
0.05666494369506836,0.18672951414068165
0.05666780471801758,0.1869108049311095
0.05667734146118164,0.18709209572153734
0.056677818298339844,0.18727338651196518
0.0567018985748291,0.18745467730239304
0.056702613830566406,0.18763596809282088
0.056702613830566406,0.18781725888324874
0.05672264099121094,0.18799854967367657
0.056725502014160156,0.18817984046410444
0.0567324161529541,0.18836113125453227
0.05673646926879883,0.1885424220449601
0.056737661361694336,0.18872371283538797
0.0567471981048584,0.1889050036258158
0.05675148963928223,0.18908629441624367
0.056755781173706055,0.1892675852066715
0.056755781173706055,0.18944887599709934
0.05676126480102539,0.1896301667875272
0.056763648986816406,0.18981145757795503
0.05677175521850586,0.1899927483683829
0.05677390098571777,0.19017403915881073
0.05678224563598633,0.19035532994923857
0.056786298751831055,0.19053662073966643
0.05678820610046387,0.19071791153009426
0.05679774284362793,0.19089920232052213
0.05680370330810547,0.19108049311094996
0.056806325912475586,0.1912617839013778
0.05680966377258301,0.19144307469180566
0.05680990219116211,0.1916243654822335
0.05681729316711426,0.19180565627266136
0.05681872367858887,0.1919869470630892
0.05681967735290527,0.19216823785351705
0.05683612823486328,0.1923495286439449
0.05684518814086914,0.19253081943437272
0.05684804916381836,0.1927121102248006
0.05685544013977051,0.19289340101522842
0.05685758590698242,0.19307469180565628
0.05686044692993164,0.19325598259608412
0.05686450004577637,0.19343727338651195
0.056865692138671875,0.19361856417693982
0.05687403678894043,0.19379985496736765
0.05687522888183594,0.19398114575779551
0.05688047409057617,0.19416243654822335
0.05688977241516113,0.19434372733865118
0.05689263343811035,0.19452501812907905
0.056894540786743164,0.19470630891950688
0.056902408599853516,0.19488759970993474
0.056905508041381836,0.19506889050036258
0.05690741539001465,0.19525018129079041
0.05691337585449219,0.19543147208121828
0.0569148063659668,0.1956127628716461
0.0569150447845459,0.19579405366207397
0.05691671371459961,0.1959753444525018
0.05692172050476074,0.19615663524292967
0.056923627853393555,0.1963379260333575
0.05692720413208008,0.19651921682378534
0.05692791938781738,0.1967005076142132
0.056932687759399414,0.19688179840464104
0.056932687759399414,0.1970630891950689
0.056932926177978516,0.19724437998549674
0.05693316459655762,0.19742567077592457
0.05693554878234863,0.19760696156635243
0.05693650245666504,0.19778825235678027
0.056949615478515625,0.19796954314720813
0.056951284408569336,0.19815083393763597
0.056958913803100586,0.1983321247280638
0.056961774826049805,0.19851341551849166
0.056962013244628906,0.1986947063089195
0.056963205337524414,0.19887599709934736
0.05696606636047363,0.1990572878897752
0.056969642639160156,0.19923857868020303
0.05697178840637207,0.1994198694706309
0.0569913387298584,0.19960116026105873
0.05699300765991211,0.1997824510514866
0.05699777603149414,0.19996374184191443
0.05699872970581055,0.2001450326323423
0.05700087547302246,0.20032632342277013
0.05700802803039551,0.20050761421319796
0.05700850486755371,0.20068890500362582
0.05700874328613281,0.20087019579405366
0.057012081146240234,0.20105148658448152
0.05701589584350586,0.20123277737490936
0.057018280029296875,0.2014140681653372
0.05703139305114746,0.20159535895576505
0.05703306198120117,0.2017766497461929
0.057036638259887695,0.20195794053662075
0.0570368766784668,0.20213923132704859
0.0570371150970459,0.20232052211747642
0.05703854560852051,0.20250181290790428
0.057045698165893555,0.20268310369833212
0.05704951286315918,0.20286439448875998
0.05705428123474121,0.20304568527918782
0.057065486907958984,0.20322697606961565
0.05706620216369629,0.2034082668600435
0.0570683479309082,0.20358955765047135
0.05707573890686035,0.2037708484408992
0.05708003044128418,0.20395213923132705
0.05708003044128418,0.2041334300217549
0.05708026885986328,0.20431472081218274
0.05708456039428711,0.20449601160261058
0.05708718299865723,0.20467730239303844
0.057091712951660156,0.20485859318346628
0.057093143463134766,0.20503988397389414
0.05709385871887207,0.20522117476432197
0.057097434997558594,0.2054024655547498
0.05710268020629883,0.20558375634517767
0.05710434913635254,0.2057650471356055
0.05710935592651367,0.20594633792603337
0.05711174011230469,0.2061276287164612
0.0571136474609375,0.20630891950688904
0.0571136474609375,0.2064902102973169
0.05711627006530762,0.20667150108774474
0.05712080001831055,0.2068527918781726
0.057123422622680664,0.20703408266860043
0.05713152885437012,0.20721537345902827
0.05713629722595215,0.20739666424945613
0.05713796615600586,0.20757795503988397
0.057140350341796875,0.20775924583031183
0.05714535713195801,0.20794053662073966
0.05714583396911621,0.20812182741116753
0.05714678764343262,0.20830311820159536
0.05714917182922363,0.2084844089920232
0.05716228485107422,0.20866569978245106
0.05716872215270996,0.2088469905728789
0.05718398094177246,0.20902828136330676
0.057189226150512695,0.2092095721537346
0.05719113349914551,0.20939086294416243
0.05719184875488281,0.2095721537345903
0.05719709396362305,0.20975344452501812
0.05720949172973633,0.20993473531544599
0.05721426010131836,0.21011602610587382
0.05721688270568848,0.21029731689630166
0.05722403526306152,0.21047860768672952
0.05724143981933594,0.21065989847715735
0.05724477767944336,0.21084118926758522
0.05724477767944336,0.21102248005801305
0.057247161865234375,0.21120377084844089
0.0572512149810791,0.21138506163886875
0.05725383758544922,0.21156635242929658
0.05725455284118652,0.21174764321972445
0.05725717544555664,0.21192893401015228
0.05727100372314453,0.21211022480058014
0.057273149490356445,0.21229151559100798
0.057280540466308594,0.2124728063814358
0.057283639907836914,0.21265409717186368
0.057286977767944336,0.2128353879622915
0.05729341506958008,0.21301667875271937
0.05729365348815918,0.2131979695431472
0.057295799255371094,0.21337926033357504
0.0572969913482666,0.2135605511240029
0.05730438232421875,0.21374184191443074
0.057320356369018555,0.2139231327048586
0.05732083320617676,0.21410442349528644
0.05732226371765137,0.21428571428571427
0.05732583999633789,0.21446700507614214
0.057326316833496094,0.21464829586656997
0.057329416275024414,0.21482958665699783
0.05733203887939453,0.21501087744742567
0.057335615158081055,0.2151921682378535
0.05734133720397949,0.21537345902828137
0.05734562873840332,0.2155547498187092
0.05734610557556152,0.21573604060913706
0.05735301971435547,0.2159173313995649
0.057358741760253906,0.21609862218999276
0.057359933853149414,0.2162799129804206
0.05736136436462402,0.21646120377084843
0.057367563247680664,0.2166424945612763
0.0573732852935791,0.21682378535170413
0.05737900733947754,0.217005076142132
0.05738997459411621,0.21718636693255983
0.05739164352416992,0.21736765772298766
0.05739641189575195,0.21754894851341552
0.057398319244384766,0.21773023930384336
0.05740237236022949,0.21791153009427122
0.05740547180175781,0.21809282088469906
0.057408809661865234,0.2182741116751269
0.05740928649902344,0.21845540246555475
0.05742001533508301,0.2186366932559826
0.05742359161376953,0.21881798404641045
0.057424068450927734,0.2189992748368383
0.05743527412414551,0.21918056562726612
0.05744361877441406,0.21936185641769398
0.05745053291320801,0.21954314720812182
0.057456254959106445,0.21972443799854968
0.05745744705200195,0.21990572878897752
0.057460784912109375,0.22008701957940538
0.0574648380279541,0.22026831036983321
0.05747032165527344,0.22044960116026105
0.05747246742248535,0.2206308919506889
0.05747270584106445,0.22081218274111675
0.05748558044433594,0.2209934735315446
0.057486772537231445,0.22117476432197244
0.05749654769897461,0.22135605511240028
0.057505130767822266,0.22153734590282814
0.057509422302246094,0.22171863669325598
0.0575103759765625,0.22189992748368384
0.057515859603881836,0.22208121827411167
0.05751776695251465,0.2222625090645395
0.057524681091308594,0.22244379985496737
0.057524919509887695,0.2226250906453952
0.057525634765625,0.22280638143582307
0.05752682685852051,0.2229876722262509
0.05752682685852051,0.22316896301667874
0.057531118392944336,0.2233502538071066
0.05753135681152344,0.22353154459753444
0.057541608810424805,0.2237128353879623
0.057547807693481445,0.22389412617839013
0.05756235122680664,0.224075416968818
0.05756688117980957,0.22425670775924583
0.05756688117980957,0.22443799854967367
0.0575718879699707,0.22461928934010153
0.05758047103881836,0.22480058013052936
0.05758333206176758,0.22498187092095723
0.05758500099182129,0.22516316171138506
0.057589054107666016,0.2253444525018129
0.05759143829345703,0.22552574329224076
0.05759239196777344,0.2257070340826686
0.05759477615356445,0.22588832487309646
0.05759859085083008,0.2260696156635243
0.05760765075683594,0.22625090645395213
0.05761575698852539,0.22643219724438
0.057616472244262695,0.22661348803480783
0.0576176643371582,0.2267947788252357
0.05761981010437012,0.22697606961566352
0.057628631591796875,0.22715736040609136
0.057636260986328125,0.22733865119651922
0.05763745307922363,0.22751994198694706
0.05764126777648926,0.22770123277737492
0.05764365196228027,0.22788252356780275
0.05766129493713379,0.22806381435823062
0.05767679214477539,0.22824510514865845
0.0576777458190918,0.22842639593908629
0.05768322944641113,0.22860768672951415
0.057684898376464844,0.22878897751994198
0.05768775939941406,0.22897026831036985
0.05769038200378418,0.22915155910079768
0.057692766189575195,0.22933284989122552
0.05770158767700195,0.22951414068165338
0.05771493911743164,0.2296954314720812
0.05772280693054199,0.22987672226250908
0.05773305892944336,0.2300580130529369
0.057739973068237305,0.23023930384336475
0.05774569511413574,0.2304205946337926
0.057745933532714844,0.23060188542422044
0.057747840881347656,0.2307831762146483
0.05775713920593262,0.23096446700507614
0.05775880813598633,0.23114575779550398
0.057760000228881836,0.23132704858593184
0.05776357650756836,0.23150833937635967
0.05776715278625488,0.23168963016678754
0.05776834487915039,0.23187092095721537
0.05779552459716797,0.23205221174764323
0.05779576301574707,0.23223350253807107
0.057796478271484375,0.2324147933284989
0.05780291557312012,0.23259608411892677
0.0578157901763916,0.2327773749093546
0.057817697525024414,0.23295866569978246
0.05781841278076172,0.2331399564902103
0.05782651901245117,0.23332124728063813
0.05783581733703613,0.233502538071066
0.057843685150146484,0.23368382886149383
0.05784487724304199,0.2338651196519217
0.05785417556762695,0.23404641044234953
0.05785512924194336,0.23422770123277736
0.05785870552062988,0.23440899202320523
0.05786561965942383,0.23459028281363306
0.05786585807800293,0.23477157360406092
0.057866811752319336,0.23495286439448876
0.05786728858947754,0.2351341551849166
0.057877540588378906,0.23531544597534446
0.05788540840148926,0.2354967367657723
0.05788564682006836,0.23567802755620015
0.057888031005859375,0.235859318346628
0.05788922309875488,0.23604060913705585
0.057891845703125,0.2362218999274837
0.057907819747924805,0.23640319071791152
0.05791068077087402,0.23658448150833938
0.05791354179382324,0.23676577229876722
0.0579221248626709,0.23694706308919508
0.05793333053588867,0.23712835387962292
0.0579373836517334,0.23730964467005075
0.05794095993041992,0.2374909354604786
0.05795574188232422,0.23767222625090645
0.05796217918395996,0.2378535170413343
0.0579833984375,0.23803480783176215
0.058001041412353516,0.23821609862218998
0.05800271034240723,0.23839738941261784
0.058005571365356445,0.23857868020304568
0.05800652503967285,0.23875997099347354
0.05801033973693848,0.23894126178390138
0.05801129341125488,0.2391225525743292
0.0580143928527832,0.23930384336475707
0.05802440643310547,0.2394851341551849
0.05803203582763672,0.23966642494561277
0.05803823471069336,0.2398477157360406
0.058039188385009766,0.24002900652646847
0.05804038047790527,0.2402102973168963
0.0580449104309082,0.24039158810732414
0.05805349349975586,0.240572878897752
0.05805802345275879,0.24075416968817984
0.058060646057128906,0.2409354604786077
0.05806159973144531,0.24111675126903553
0.05806469917297363,0.24129804205946337
0.058066368103027344,0.24147933284989123
0.058072805404663086,0.24166062364031907
0.058075904846191406,0.24184191443074693
0.05808234214782715,0.24202320522117476
0.05808448791503906,0.2422044960116026
0.058099985122680664,0.24238578680203046
0.058112382888793945,0.2425670775924583
0.0581212043762207,0.24274836838288616
0.05812239646911621,0.242929659173314
0.05812430381774902,0.24311094996374183
0.05812716484069824,0.2432922407541697
0.058132171630859375,0.24347353154459753
0.05813336372375488,0.2436548223350254
0.05814075469970703,0.24383611312545322
0.05814933776855469,0.2440174039158811
0.05815768241882324,0.24419869470630892
0.05816030502319336,0.24437998549673676
0.05816030502319336,0.24456127628716462
0.05816173553466797,0.24474256707759245
0.05817079544067383,0.24492385786802032
0.05817079544067383,0.24510514865844815
0.058171749114990234,0.245286439448876
0.058177947998046875,0.24546773023930385
0.0581822395324707,0.24564902102973168
0.058190345764160156,0.24583031182015955
0.05819058418273926,0.24601160261058738
0.058196067810058594,0.24619289340101522
0.05820584297180176,0.24637418419144308
0.05820631980895996,0.24655547498187091
0.05821394920349121,0.24673676577229878
0.05821514129638672,0.2469180565627266
0.05821585655212402,0.24709934735315445
0.05821633338928223,0.2472806381435823
0.058217763900756836,0.24746192893401014
0.05822157859802246,0.247643219724438
0.05822920799255371,0.24782451051486584
0.05823540687561035,0.2480058013052937
0.05824089050292969,0.24818709209572154
0.058252811431884766,0.24836838288614937
0.05826568603515625,0.24854967367657724
0.058266401290893555,0.24873096446700507
0.05826902389526367,0.24891225525743294
0.0582737922668457,0.24909354604786077
0.05827665328979492,0.2492748368382886
0.05828070640563965,0.24945612762871647
0.05828118324279785,0.2496374184191443
0.058281660079956055,0.24981870920957217
0.058283329010009766,0.25
0.058298587799072266,0.25018129079042783
0.0583033561706543,0.25036258158085567
0.05830526351928711,0.25054387237128356
0.05830669403076172,0.2507251631617114
0.05831193923950195,0.25090645395213923
0.05831313133239746,0.25108774474256706
0.05831503868103027,0.2512690355329949
0.05831766128540039,0.2514503263234228
0.05832052230834961,0.2516316171138506
0.05833125114440918,0.25181290790427846
0.05834054946899414,0.2519941986947063
0.05834221839904785,0.25217548948513413
0.05835843086242676,0.252356780275562
0.05837607383728027,0.25253807106598986
0.05838465690612793,0.2527193618564177
0.05839133262634277,0.2529006526468455
0.058394432067871094,0.25308194343727336
0.0583953857421875,0.25326323422770125
0.05839872360229492,0.2534445250181291
0.058406829833984375,0.2536258158085569
0.058409690856933594,0.25380710659898476
0.05841398239135742,0.2539883973894126
0.05842137336730957,0.2541696881798405
0.0584259033203125,0.2543509789702683
0.05842733383178711,0.25453226976069615
0.05842852592468262,0.254713560551124
0.05843377113342285,0.2548948513415519
0.05843997001647949,0.2550761421319797
0.058449506759643555,0.25525743292240755
0.058450937271118164,0.2554387237128354
0.05845522880554199,0.2556200145032632
0.05845761299133301,0.2558013052936911
0.05846381187438965,0.25598259608411894
0.05848526954650879,0.2561638868745468
0.05848979949951172,0.2563451776649746
0.05849313735961914,0.25652646845540245
0.05849575996398926,0.25670775924583034
0.05849790573120117,0.25688905003625817
0.05849885940551758,0.257070340826686
0.05849957466125488,0.25725163161711384
0.05850553512573242,0.2574329224075417
0.05850791931152344,0.25761421319796957
0.05850982666015625,0.2577955039883974
0.05851554870605469,0.25797679477882524
0.05852317810058594,0.25815808556925307
0.0585479736328125,0.2583393763596809
0.05854940414428711,0.2585206671501088
0.05854964256286621,0.25870195794053663
0.05854988098144531,0.25888324873096447
0.058560848236083984,0.2590645395213923
0.058583974838256836,0.25924583031182014
0.058586835861206055,0.259427121102248
0.05858755111694336,0.25960841189267586
0.05858778953552246,0.2597897026831037
0.05859065055847168,0.25997099347353153
0.0585932731628418,0.26015228426395937
0.05859804153442383,0.26033357505438726
0.05860590934753418,0.2605148658448151
0.05861091613769531,0.2606961566352429
0.05861377716064453,0.26087744742567076
0.058615922927856445,0.2610587382160986
0.05861926078796387,0.2612400290065265
0.058634042739868164,0.2614213197969543
0.05863761901855469,0.26160261058738216
0.058640480041503906,0.26178390137781
0.05864691734313965,0.2619651921682378
0.058652639389038086,0.2621464829586657
0.05865883827209473,0.26232777374909355
0.058663129806518555,0.2625090645395214
0.05866360664367676,0.2626903553299492
0.05866432189941406,0.2628716461203771
0.058669328689575195,0.26305293691080495
0.0586705207824707,0.2632342277012328
0.058695077896118164,0.2634155184916606
0.058701276779174805,0.26359680928208845
0.05870676040649414,0.26377810007251634
0.05870676040649414,0.2639593908629442
0.05870699882507324,0.264140681653372
0.05870819091796875,0.26432197244379985
0.0587160587310791,0.2645032632342277
0.05872797966003418,0.26468455402465557
0.058730125427246094,0.2648658448150834
0.05873751640319824,0.26504713560551124
0.058739662170410156,0.2652284263959391
0.05874204635620117,0.2654097171863669
0.058745384216308594,0.2655910079767948
0.05874919891357422,0.26577229876722264
0.058750152587890625,0.26595358955765047
0.05875039100646973,0.2661348803480783
0.05875420570373535,0.26631617113850614
0.058754920959472656,0.26649746192893403
0.05876517295837402,0.26667875271936187
0.058768272399902344,0.2668600435097897
0.05876970291137695,0.26704133430021754
0.058769941329956055,0.26722262509064537
0.05877089500427246,0.26740391588107326
0.058773040771484375,0.2675852066715011
0.058786869049072266,0.26776649746192893
0.058791160583496094,0.26794778825235677
0.05879569053649902,0.2681290790427846
0.058795928955078125,0.2683103698332125
0.05880570411682129,0.2684916606236403
0.05880594253540039,0.26867295141406816
0.0588076114654541,0.268854242204496
0.058808088302612305,0.26903553299492383
0.05880856513977051,0.2692168237853517
0.05880928039550781,0.26939811457577956
0.05881023406982422,0.2695794053662074
0.05881619453430176,0.2697606961566352
0.05883049964904785,0.26994198694706306
0.05883073806762695,0.27012327773749095
0.058831214904785156,0.2703045685279188
0.05883193016052246,0.2704858593183466
0.058834075927734375,0.27066715010877446
0.05883431434631348,0.27084844089920235
0.05883669853210449,0.2710297316896302
0.05883669853210449,0.271211022480058
0.05884218215942383,0.27139231327048585
0.058850765228271484,0.2715736040609137
0.058852195739746094,0.2717548948513416
0.0588533878326416,0.2719361856417694
0.05885577201843262,0.27211747643219725
0.05886054039001465,0.2722987672226251
0.058863162994384766,0.2724800580130529
0.05886530876159668,0.2726613488034808
0.05887651443481445,0.27284263959390864
0.058876991271972656,0.2730239303843365
0.058884382247924805,0.2732052211747643
0.058886051177978516,0.27338651196519215
0.05888867378234863,0.27356780275562004
0.05888867378234863,0.2737490935460479
0.058892011642456055,0.2739303843364757
0.05889439582824707,0.27411167512690354
0.05890011787414551,0.2742929659173314
0.05890703201293945,0.27447425670775927
0.058916568756103516,0.2746555474981871
0.05891704559326172,0.27483683828861494
0.058920860290527344,0.2750181290790428
0.058921098709106445,0.2751994198694706
0.058922529220581055,0.2753807106598985
0.05892825126647949,0.27556200145032633
0.05893993377685547,0.27574329224075417
0.0589449405670166,0.275924583031182
0.058959007263183594,0.27610587382160984
0.058976173400878906,0.27628716461203773
0.058979034423828125,0.27646845540246556
0.058983802795410156,0.2766497461928934
0.05898714065551758,0.27683103698332123
0.0589900016784668,0.27701232777374907
0.05900001525878906,0.27719361856417696
0.05900120735168457,0.2773749093546048
0.05900430679321289,0.2775562001450326
0.05901479721069336,0.27773749093546046
0.05901956558227539,0.2779187817258883
0.05902576446533203,0.2781000725163162
0.05902862548828125,0.278281363306744
0.05902910232543945,0.27846265409717186
0.059029579162597656,0.2786439448875997
0.059037208557128906,0.2788252356780276
0.059046268463134766,0.2790065264684554
0.0590517520904541,0.27918781725888325
0.059060096740722656,0.2793691080493111
0.05906343460083008,0.2795503988397389
0.059067487716674805,0.2797316896301668
0.05907130241394043,0.27991298042059465
0.05907487869262695,0.2800942712110225
0.05908083915710449,0.2802755620014503
0.059081315994262695,0.28045685279187815
0.05908846855163574,0.28063814358230604
0.05908989906311035,0.2808194343727339
0.05909085273742676,0.2810007251631617
0.059091806411743164,0.28118201595358955
0.059098005294799805,0.2813633067440174
0.05910944938659668,0.2815445975344453
0.05912208557128906,0.2817258883248731
0.0591278076171875,0.28190717911530094
0.05913043022155762,0.2820884699057288
0.05913805961608887,0.2822697606961566
0.05914807319641113,0.2824510514865845
0.05915999412536621,0.28263234227701234
0.059174299240112305,0.2828136330674402
0.05917620658874512,0.282994923857868
0.05917763710021973,0.28317621464829584
0.0591888427734375,0.28335750543872373
0.0591888427734375,0.28353879622915157
0.05919218063354492,0.2837200870195794
0.05919671058654785,0.28390137781000724
0.05920290946960449,0.2840826686004351
0.059205055236816406,0.28426395939086296
0.05921792984008789,0.2844452501812908
0.059232473373413086,0.28462654097171863
0.05923771858215332,0.28480783176214647
0.05924344062805176,0.2849891225525743
0.0592498779296875,0.2851704133430022
0.05926012992858887,0.28535170413343003
0.05926108360290527,0.28553299492385786
0.05926203727722168,0.2857142857142857
0.05926322937011719,0.28589557650471353
0.05926775932312012,0.2860768672951414
0.05926799774169922,0.28625815808556926
0.05927467346191406,0.2864394488759971
0.05927467346191406,0.28662073966642493
0.05927562713623047,0.2868020304568528
0.05927705764770508,0.28698332124728065
0.059278011322021484,0.2871646120377085
0.0592803955078125,0.2873459028281363
0.0592806339263916,0.28752719361856416
0.05928301811218262,0.28770848440899205
0.05928516387939453,0.2878897751994199
0.05928659439086914,0.2880710659898477
0.05929136276245117,0.28825235678027555
0.05929732322692871,0.2884336475707034
0.059300899505615234,0.2886149383611313
0.05930280685424805,0.2887962291515591
0.05930685997009277,0.28897751994198695
0.0593111515045166,0.2891588107324148
0.059319496154785156,0.2893401015228426
0.059331655502319336,0.2895213923132705
0.059334516525268555,0.28970268310369834
0.05934453010559082,0.2898839738941262
0.05934596061706543,0.290065264684554
0.059355735778808594,0.29024655547498185
0.0593562126159668,0.29042784626540974
0.059359073638916016,0.2906091370558376
0.059365272521972656,0.2907904278462654
0.05936622619628906,0.29097171863669324
0.05936694145202637,0.2911530094271211
0.05936694145202637,0.29133430021754897
0.05936861038208008,0.2915155910079768
0.05937051773071289,0.29169688179840464
0.059389352798461914,0.2918781725888325
0.05939435958862305,0.2920594633792603
0.059395790100097656,0.2922407541696882
0.05939602851867676,0.29242204496011603
0.059398651123046875,0.29260333575054387
0.05939960479736328,0.2927846265409717
0.0594024658203125,0.29296591733139954
0.05940413475036621,0.29314720812182743
0.05940604209899902,0.29332849891225526
0.059406280517578125,0.2935097897026831
0.059407711029052734,0.29369108049311093
0.05941200256347656,0.29387237128353877
0.05942058563232422,0.29405366207396666
0.05942368507385254,0.2942349528643945
0.059426069259643555,0.29441624365482233
0.05942893028259277,0.29459753444525016
0.05942893028259277,0.29477882523567805
0.059432268142700195,0.2949601160261059
0.0594327449798584,0.2951414068165337
0.059433937072753906,0.29532269760696156
0.059435367584228516,0.2955039883973894
0.05943608283996582,0.2956852791878173
0.059436798095703125,0.2958665699782451
0.05943799018859863,0.29604786076867295
0.05944347381591797,0.2962291515591008
0.05944490432739258,0.2964104423495286
0.05944967269897461,0.2965917331399565
0.05945444107055664,0.29677302393038435
0.059456586837768555,0.2969543147208122
0.05946159362792969,0.29713560551124
0.059462785720825195,0.29731689630166785
0.0594637393951416,0.29749818709209574
0.059465885162353516,0.2976794778825236
0.059477806091308594,0.2978607686729514
0.059478044509887695,0.29804205946337925
0.05947995185852051,0.2982233502538071
0.059499263763427734,0.298404641044235
0.059510231018066406,0.2985859318346628
0.05951189994812012,0.29876722262509064
0.05951499938964844,0.2989485134155185
0.05951952934265137,0.2991298042059463
0.05952143669128418,0.2993110949963742
0.059522151947021484,0.29949238578680204
0.05952906608581543,0.2996736765772299
0.05952906608581543,0.2998549673676577
0.05953502655029297,0.30003625815808554
0.05953621864318848,0.30021754894851344
0.059537410736083984,0.30039883973894127
0.059537410736083984,0.3005801305293691
0.0595393180847168,0.30076142131979694
0.0595400333404541,0.3009427121102248
0.05954313278198242,0.30112400290065267
0.05954432487487793,0.3013052936910805
0.05954575538635254,0.30148658448150834
0.059548139572143555,0.30166787527193617
0.0595555305480957,0.301849166062364
0.05955624580383301,0.3020304568527919
0.05956077575683594,0.30221174764321973
0.05956125259399414,0.30239303843364757
0.05956149101257324,0.3025743292240754
0.059563636779785156,0.3027556200145033
0.059566497802734375,0.3029369108049311
0.05956697463989258,0.30311820159535896
0.0595698356628418,0.3032994923857868
0.05957341194152832,0.30348078317621463
0.059581756591796875,0.3036620739666425
0.05958867073059082,0.30384336475707036
0.05958914756774902,0.3040246555474982
0.05959010124206543,0.304205946337926
0.05959272384643555,0.30438723712835386
0.059597015380859375,0.30456852791878175
0.0596005916595459,0.3047498187092096
0.05960202217102051,0.3049311094996374
0.05960249900817871,0.30511240029006526
0.05960345268249512,0.3052936910804931
0.05960345268249512,0.305474981870921
0.05960893630981445,0.3056562726613488
0.059609174728393555,0.30583756345177665
0.05961155891418457,0.3060188542422045
0.059613943099975586,0.3062001450326323
0.05962181091308594,0.3063814358230602
0.05962204933166504,0.30656272661348805
0.05962228775024414,0.3067440174039159
0.05962824821472168,0.3069253081943437
0.0596318244934082,0.30710659898477155
0.059632062911987305,0.30728788977519944
0.05963397026062012,0.3074691805656273
0.059636831283569336,0.3076504713560551
0.059638023376464844,0.30783176214648295
0.059638023376464844,0.3080130529369108
0.059659719467163086,0.30819434372733867
0.05966305732727051,0.3083756345177665
0.059671878814697266,0.30855692530819434
0.05967283248901367,0.3087382160986222
0.05967402458190918,0.30891950688905
0.05967545509338379,0.3091007976794779
0.059685468673706055,0.30928208846990574
0.05969405174255371,0.30946337926033357
0.05969882011413574,0.3096446700507614
0.05969977378845215,0.30982596084118924
0.05970120429992676,0.31000725163161713
0.05970120429992676,0.31018854242204497
0.05970335006713867,0.3103698332124728
0.059705257415771484,0.31055112400290064
0.059706687927246094,0.3107324147933285
0.05970931053161621,0.31091370558375636
0.05971503257751465,0.3110949963741842
0.059715986251831055,0.31127628716461203
0.05971884727478027,0.31145757795503987
0.05972146987915039,0.31163886874546776
0.05972623825073242,0.3118201595358956
0.05972719192504883,0.3120014503263234
0.05972766876220703,0.31218274111675126
0.059732675552368164,0.3123640319071791
0.05973482131958008,0.312545322697607
0.059736013412475586,0.3127266134880348
0.0597383975982666,0.31290790427846266
0.0597386360168457,0.3130891950688905
0.05974078178405762,0.3132704858593183
0.05974555015563965,0.3134517766497462
0.05974912643432617,0.31363306744017405
0.05975008010864258,0.3138143582306019
0.059751272201538086,0.3139956490210297
0.05975222587585449,0.31417693981145756
0.059752702713012695,0.31435823060188545
0.05975604057312012,0.3145395213923133
0.05975747108459473,0.3147208121827411
0.05977201461791992,0.31490210297316895
0.059772491455078125,0.3150833937635968
0.059773921966552734,0.3152646845540247
0.05977439880371094,0.3154459753444525
0.05977439880371094,0.31562726613488035
0.05977678298950195,0.3158085569253082
0.05977678298950195,0.315989847715736
0.059777259826660156,0.3161711385061639
0.05977821350097656,0.31635242929659174
0.05978107452392578,0.3165337200870196
0.05978274345397949,0.3167150108774474
0.059783220291137695,0.31689630166787525
0.059783935546875,0.31707759245830314
0.059790849685668945,0.31725888324873097
0.05979299545288086,0.3174401740391588
0.059793949127197266,0.31762146482958664
0.0597994327545166,0.3178027556200145
0.059800148010253906,0.31798404641044237
0.05980038642883301,0.3181653372008702
0.05980181694030762,0.31834662799129804
0.05980324745178223,0.31852791878172587
0.05980420112609863,0.31870920957215376
0.05980634689331055,0.3188905003625816
0.05980706214904785,0.31907179115300943
0.05980801582336426,0.31925308194343727
0.05980968475341797,0.3194343727338651
0.05980968475341797,0.319615663524293
0.05981111526489258,0.3197969543147208
0.05981564521789551,0.31997824510514866
0.05981588363647461,0.3201595358955765
0.05981850624084473,0.32034082668600433
0.05981922149658203,0.3205221174764322
0.05981922149658203,0.32070340826686006
0.059819936752319336,0.3208846990572879
0.05982041358947754,0.3210659898477157
0.059821128845214844,0.32124728063814356
0.05982565879821777,0.32142857142857145
0.05982637405395508,0.3216098622189993
0.05982685089111328,0.3217911530094271
0.05982685089111328,0.32197244379985496
0.059830427169799805,0.3221537345902828
0.059830665588378906,0.3223350253807107
0.05983114242553711,0.3225163161711385
0.05983138084411621,0.32269760696156635
0.05983233451843262,0.3228788977519942
0.05983304977416992,0.323060188542422
0.05983781814575195,0.3232414793328499
0.05984020233154297,0.32342277012327775
0.05984044075012207,0.3236040609137056
0.05984067916870117,0.3237853517041334
0.05984067916870117,0.32396664249456125
0.059844017028808594,0.32414793328498914
0.059845924377441406,0.324329224075417
0.05984759330749512,0.3245105148658448
0.05984759330749512,0.32469180565627265
0.05984926223754883,0.3248730964467005
0.05985283851623535,0.3250543872371284
0.059853315353393555,0.3252356780275562
0.05985379219055176,0.32541696881798404
0.05985569953918457,0.3255982596084119
0.05985569953918457,0.3257795503988397
0.05985593795776367,0.3259608411892676
0.059857845306396484,0.32614213197969544
0.05985832214355469,0.3263234227701233
0.0598602294921875,0.3265047135605511
0.0598604679107666,0.326686004350979
0.05986189842224121,0.32686729514140683
0.05986213684082031,0.32704858593183467
0.05986475944519043,0.3272298767222625
0.05986595153808594,0.32741116751269034
0.05986738204956055,0.32759245830311823
0.059868574142456055,0.32777374909354606
0.05986905097961426,0.3279550398839739
0.05986952781677246,0.32813633067440173
0.05987071990966797,0.32831762146482957
0.05987191200256348,0.32849891225525746
0.0598757266998291,0.3286802030456853
0.05987739562988281,0.32886149383611313
0.059877634048461914,0.32904278462654096
0.05987811088562012,0.3292240754169688
0.05987834930419922,0.3294053662073967
0.05988144874572754,0.3295866569978245
0.05988144874572754,0.32976794778825236
0.05988264083862305,0.3299492385786802
0.059884071350097656,0.33013052936910803
0.05988430976867676,0.3303118201595359
0.05988574028015137,0.33049311094996375
0.05988717079162598,0.3306744017403916
0.05988788604736328,0.3308556925308194
0.0598902702331543,0.33103698332124726
0.0598902702331543,0.33121827411167515
0.059891700744628906,0.331399564902103
0.05989193916320801,0.3315808556925308
0.05989241600036621,0.33176214648295865
0.059892892837524414,0.3319434372733865
0.05989551544189453,0.3321247280638144
0.05990290641784668,0.3323060188542422
0.05990409851074219,0.33248730964467005
0.05990433692932129,0.3326686004350979
0.05990433692932129,0.3328498912255257
0.0599064826965332,0.3330311820159536
0.0599064826965332,0.33321247280638144
0.05990743637084961,0.3333937635968093
0.05991029739379883,0.3335750543872371
0.059912919998168945,0.33375634517766495
0.05991363525390625,0.33393763596809284
0.05991411209106445,0.3341189267585207
0.05991864204406738,0.3343002175489485
0.059918880462646484,0.33448150833937634
0.05991959571838379,0.3346627991298042
0.0599207878112793,0.33484408992023207
0.0599210262298584,0.3350253807106599
0.0599215030670166,0.33520667150108774
0.05992412567138672,0.3353879622915156
0.059925079345703125,0.33556925308194346
0.05992531776428223,0.3357505438723713
0.05992603302001953,0.33593183466279913
0.05992698669433594,0.33611312545322697
0.05992841720581055,0.3362944162436548
0.05992913246154785,0.3364757070340827
0.05993080139160156,0.33665699782451053
0.05993151664733887,0.33683828861493836
0.05993175506591797,0.3370195794053662
0.05993318557739258,0.33720087019579403
0.05993509292602539,0.3373821609862219
0.05993533134460449,0.33756345177664976
0.059935569763183594,0.3377447425670776
0.0599370002746582,0.33792603335750543
0.05993938446044922,0.33810732414793326
0.05994725227355957,0.33828861493836115
0.059947967529296875,0.338469905728789
0.059949636459350586,0.3386511965192168
0.05995297431945801,0.33883248730964466
0.05995583534240723,0.3390137781000725
0.05995631217956543,0.3391950688905004
0.05995798110961914,0.3393763596809282
0.059960126876831055,0.33955765047135605
0.05996203422546387,0.3397389412617839
0.05996251106262207,0.3399202320522117
0.05996251106262207,0.3401015228426396
0.05996274948120117,0.34028281363306745
0.05996298789978027,0.3404641044234953
0.059964895248413086,0.3406453952139231
0.05996537208557129,0.34082668600435095
0.05996584892272949,0.34100797679477884
0.05996847152709961,0.3411892675852067
0.05996847152709961,0.3413705583756345
0.059969425201416016,0.34155184916606235
0.05997300148010254,0.3417331399564902
0.05997419357299805,0.3419144307469181
0.05997490882873535,0.3420957215373459
0.059976816177368164,0.34227701232777374
0.059978485107421875,0.3424583031182016
0.05998039245605469,0.3426395939086294
0.059981346130371094,0.3428208846990573
0.05998396873474121,0.34300217548948514
0.05999159812927246,0.343183466279913
0.05999445915222168,0.3433647570703408
0.059995174407958984,0.3435460478607687
0.0599970817565918,0.34372733865119653
0.0599980354309082,0.34390862944162437
0.059999704360961914,0.3440899202320522
0.06000041961669922,0.34427121102248004
0.06000256538391113,0.34445250181290793
0.06000351905822754,0.34463379260333576
0.06000471115112305,0.3448150833937636
0.06000781059265137,0.34499637418419143
0.06001114845275879,0.34517766497461927
0.0600125789642334,0.34535895576504716
0.06001639366149902,0.345540246555475
0.06001782417297363,0.34572153734590283
0.06002163887023926,0.34590282813633066
0.06002449989318848,0.3460841189267585
0.06002616882324219,0.3462654097171864
0.06002664566040039,0.3464467005076142
0.060030460357666016,0.34662799129804206
0.06003713607788086,0.3468092820884699
0.06004214286804199,0.34699057287889773
0.06004643440246582,0.3471718636693256
0.06004786491394043,0.34735315445975345
0.06005525588989258,0.3475344452501813
0.06006002426147461,0.3477157360406091
0.06006121635437012,0.34789702683103696
0.06006121635437012,0.34807831762146485
0.06006145477294922,0.3482596084118927
0.06006193161010742,0.3484408992023205
0.06006288528442383,0.34862218999274835
0.06006360054016113,0.3488034807831762
0.06006431579589844,0.3489847715736041
0.06006646156311035,0.3491660623640319
0.06007027626037598,0.34934735315445975
0.06007027626037598,0.3495286439448876
0.06007695198059082,0.3497099347353154
0.06007790565490723,0.3498912255257433
0.06008410453796387,0.35007251631617115
0.06008553504943848,0.350253807106599
0.06008577346801758,0.3504350978970268
0.060088396072387695,0.35061638868745465
0.0600888729095459,0.35079767947788254
0.06009197235107422,0.3509789702683104
0.06009244918823242,0.3511602610587382
0.06009387969970703,0.35134155184916604
0.06009507179260254,0.35152284263959394
0.06010103225708008,0.35170413343002177
0.06010174751281738,0.3518854242204496
0.060105323791503906,0.35206671501087744
0.060105323791503906,0.3522480058013053
0.06010556221008301,0.35242929659173317
0.06010603904724121,0.352610587382161
0.060114383697509766,0.35279187817258884
0.06011557579040527,0.35297316896301667
0.06011605262756348,0.3531544597534445
0.06011700630187988,0.3533357505438724
0.0601193904876709,0.35351704133430023
0.0601193904876709,0.35369833212472807
0.06012129783630371,0.3538796229151559
0.060122013092041016,0.35406091370558374
0.06012248992919922,0.3542422044960116
0.06012392044067383,0.35442349528643946
0.06012535095214844,0.3546047860768673
0.06012916564941406,0.35478607686729513
0.06013059616088867,0.35496736765772297
0.06013083457946777,0.35514865844815086
0.060134172439575195,0.3553299492385787
0.0601344108581543,0.3555112400290065
0.0601346492767334,0.35569253081943436
0.0601348876953125,0.3558738216098622
0.06013607978820801,0.3560551124002901
0.06013655662536621,0.3562364031907179
0.06014084815979004,0.35641769398114576
0.06014394760131836,0.3565989847715736
0.06014537811279297,0.3567802755620014
0.06014585494995117,0.3569615663524293
0.0601499080657959,0.35714285714285715
0.060150146484375,0.357324147933285
0.06015157699584961,0.3575054387237128
0.060152530670166016,0.35768672951414066
0.06015372276306152,0.35786802030456855
0.060153961181640625,0.3580493110949964
0.06015467643737793,0.3582306018854242
0.06015491485595703,0.35841189267585205
0.06015515327453613,0.3585931834662799
0.06015658378601074,0.3587744742567078
0.060158491134643555,0.3589557650471356
0.06016087532043457,0.35913705583756345
0.06016206741333008,0.3593183466279913
0.060163021087646484,0.35949963741841917
0.06016397476196289,0.359680928208847
0.06016421318054199,0.35986221899927484
0.06016707420349121,0.3600435097897027
0.06016993522644043,0.3602248005801305
0.060170650482177734,0.3604060913705584
0.06017112731933594,0.36058738216098624
0.06017136573791504,0.36076867295141407
0.060172319412231445,0.3609499637418419
0.060173988342285156,0.36113125453226974
0.06017804145812988,0.36131254532269763
0.060178518295288086,0.36149383611312547
0.0601811408996582,0.3616751269035533
0.060183048248291016,0.36185641769398114
0.06018352508544922,0.36203770848440897
0.06018424034118652,0.36221899927483686
0.06018543243408203,0.3624002900652647
0.060187339782714844,0.36258158085569253
0.06018877029418945,0.36276287164612037
0.06019115447998047,0.3629441624365482
0.06019306182861328,0.3631254532269761
0.06019306182861328,0.3633067440174039
0.0601959228515625,0.36348803480783176
0.060196876525878906,0.3636693255982596
0.06019711494445801,0.36385061638868743
0.06019711494445801,0.3640319071791153
0.06019878387451172,0.36421319796954316
0.060202598571777344,0.364394488759971
0.06020402908325195,0.3645757795503988
0.06020665168762207,0.36475707034082666
0.06020665168762207,0.36493836113125455
0.06020689010620117,0.3651196519216824
0.06020712852478027,0.3653009427121102
0.060209035873413086,0.36548223350253806
0.06020927429199219,0.3656635242929659
0.06020975112915039,0.3658448150833938
0.06020975112915039,0.3660261058738216
0.06021404266357422,0.36620739666424945
0.060214996337890625,0.3663886874546773
0.06022071838378906,0.3665699782451051
0.06022071838378906,0.366751269035533
0.06022167205810547,0.36693255982596085
0.06022286415100098,0.3671138506163887
0.06022524833679199,0.3672951414068165
0.0602259635925293,0.3674764321972444
0.0602266788482666,0.36765772298767224
0.06022787094116211,0.3678390137781001
0.06022810935974121,0.3680203045685279
0.06023049354553223,0.36820159535895575
0.06023097038269043,0.36838288614938364
0.06023120880126953,0.36856417693981147
0.06023144721984863,0.3687454677302393
0.060233116149902344,0.36892675852066714
0.06023836135864258,0.369108049311095
0.06023859977722168,0.36928934010152287
0.06023907661437988,0.3694706308919507
0.06023979187011719,0.36965192168237854
0.06024050712585449,0.36983321247280637
0.06024336814880371,0.3700145032632342
0.06024432182312012,0.3701957940536621
0.06024575233459473,0.37037708484408993
0.06024789810180664,0.37055837563451777
0.06024789810180664,0.3707396664249456
0.06024789810180664,0.37092095721537344
0.060248613357543945,0.3711022480058013
0.06024885177612305,0.37128353879622916
0.06025099754333496,0.371464829586657
0.06025099754333496,0.37164612037708483
0.060251712799072266,0.37182741116751267
0.06025409698486328,0.37200870195794056
0.06025552749633789,0.3721899927483684
0.06025862693786621,0.3723712835387962
0.06025862693786621,0.37255257432922406
0.060262441635131836,0.3727338651196519
0.06026434898376465,0.3729151559100798
0.06026482582092285,0.3730964467005076
0.060265541076660156,0.37327773749093546
0.06026649475097656,0.3734590282813633
0.060266971588134766,0.3736403190717911
0.06026744842529297,0.373821609862219
0.0602719783782959,0.37400290065264685
0.060272216796875,0.3741841914430747
0.0602726936340332,0.3743654822335025
0.06027412414550781,0.37454677302393036
0.06027722358703613,0.37472806381435825
0.060277462005615234,0.3749093546047861
0.060280561447143555,0.3750906453952139
0.06028103828430176,0.37527193618564175
0.06028127670288086,0.37545322697606964
0.060286760330200195,0.3756345177664975
0.060289621353149414,0.3758158085569253
0.060291290283203125,0.37599709934735315
0.060292720794677734,0.376178390137781
0.06029462814331055,0.3763596809282089
0.06029534339904785,0.3765409717186367
0.06029629707336426,0.37672226250906454
0.06029772758483887,0.3769035532994924
0.06029796600341797,0.3770848440899202
0.06029796600341797,0.3772661348803481
0.0603024959564209,0.37744742567077594
0.0603029727935791,0.3776287164612038
0.060306549072265625,0.3778100072516316
0.06030702590942383,0.37799129804205944
0.06031036376953125,0.37817258883248733
0.060311079025268555,0.37835387962291517
0.06031298637390137,0.378535170413343
0.06031918525695801,0.37871646120377084
0.060320138931274414,0.3788977519941987
0.06032586097717285,0.37907904278462656
0.060330867767333984,0.3792603335750544
0.06033921241760254,0.37944162436548223
0.06034064292907715,0.37962291515591007
0.06034111976623535,0.3798042059463379
0.06034421920776367,0.3799854967367658
0.06034445762634277,0.38016678752719363
0.06034994125366211,0.38034807831762146
0.060350894927978516,0.3805293691080493
0.060350894927978516,0.38071065989847713
0.06035113334655762,0.380891950688905
0.06035566329956055,0.38107324147933286
0.06035900115966797,0.3812545322697607
0.060365915298461914,0.38143582306018853
0.06036639213562012,0.38161711385061636
0.060378074645996094,0.38179840464104425
0.0603785514831543,0.3819796954314721
0.060382843017578125,0.3821609862218999
0.06038379669189453,0.38234227701232776
0.06038665771484375,0.3825235678027556
0.06038784980773926,0.3827048585931835
0.060392141342163086,0.3828861493836113
0.060395240783691406,0.38306744017403915
0.060396432876586914,0.383248730964467
0.06039857864379883,0.3834300217548949
0.06039881706237793,0.3836113125453227
0.06040143966674805,0.38379260333575055
0.06040334701538086,0.3839738941261784
0.060404062271118164,0.3841551849166062
0.06040501594543457,0.3843364757070341
0.06040620803833008,0.38451776649746194
0.06040787696838379,0.3846990572878898
0.06040811538696289,0.3848803480783176
0.060408592224121094,0.38506163886874545
0.060415029525756836,0.38524292965917334
0.060416460037231445,0.3854242204496012
0.06041860580444336,0.385605511240029
0.06042075157165527,0.38578680203045684
0.060431480407714844,0.3859680928208847
0.06043505668640137,0.38614938361131257
0.06043696403503418,0.3863306744017404
0.06044268608093262,0.38651196519216824
0.06044626235961914,0.3866932559825961
0.06044721603393555,0.3868745467730239
0.06045413017272949,0.3870558375634518
0.0604555606842041,0.38723712835387963
0.060461997985839844,0.38741841914430747
0.0604701042175293,0.3875997099347353
0.060471296310424805,0.38778100072516314
0.060472965240478516,0.38796229151559103
0.06047630310058594,0.38814358230601886
0.06048393249511719,0.3883248730964467
0.06048893928527832,0.38850616388687453
0.06049036979675293,0.38868745467730237
0.060491085052490234,0.38886874546773026
0.06049227714538574,0.3890500362581581
0.060497283935546875,0.38923132704858593
0.0605010986328125,0.38941261783901376
0.060501813888549805,0.3895939086294416
0.06050539016723633,0.3897751994198695
0.06050825119018555,0.3899564902102973
0.06050825119018555,0.39013778100072516
0.0605161190032959,0.390319071791153
0.06051802635192871,0.39050036258158083
0.06051826477050781,0.3906816533720087
0.06052064895629883,0.39086294416243655
0.06052422523498535,0.3910442349528644
0.06052875518798828,0.3912255257432922
0.0605316162109375,0.3914068165337201
0.06054282188415527,0.39158810732414795
0.06054329872131348,0.3917693981145758
0.06054353713989258,0.3919506889050036
0.06054425239562988,0.39213197969543145
0.06054568290710449,0.39231327048585934
0.06054949760437012,0.3924945612762872
0.06055331230163574,0.392675852066715
0.06055808067321777,0.39285714285714285
0.060559988021850586,0.3930384336475707
0.060576438903808594,0.3932197244379986
0.06057929992675781,0.3934010152284264
0.06058311462402344,0.39358230601885424
0.060599327087402344,0.3937635968092821
0.06060528755187988,0.3939448875997099
0.06060934066772461,0.3941261783901378
0.06061100959777832,0.39430746918056564
0.06061220169067383,0.3944887599709935
0.06061244010925293,0.3946700507614213
0.06061577796936035,0.39485134155184914
0.060622453689575195,0.39503263234227703
0.060636281967163086,0.39521392313270487
0.06064200401306152,0.3953952139231327
0.06064248085021973,0.39557650471356054
0.06064343452453613,0.3957577955039884
0.06065011024475098,0.39593908629441626
0.06065249443054199,0.3961203770848441
0.060654640197753906,0.39630166787527193
0.060663700103759766,0.39648295866569977
0.06066536903381348,0.3966642494561276
0.0606687068939209,0.3968455402465555
0.06067490577697754,0.39702683103698333
0.06068062782287598,0.39720812182741116
0.06068158149719238,0.397389412617839
0.06068229675292969,0.39757070340826683
0.0606837272644043,0.3977519941986947
0.06068849563598633,0.39793328498912256
0.06069374084472656,0.3981145757795504
0.060694217681884766,0.39829586656997823
0.0606989860534668,0.39847715736040606
0.06070303916931152,0.39865844815083396
0.06070590019226074,0.3988397389412618
0.06070876121520996,0.3990210297316896
0.06070876121520996,0.39920232052211746
0.0607295036315918,0.39938361131254535
0.0607302188873291,0.3995649021029732
0.06073141098022461,0.399746192893401
0.06073188781738281,0.39992748368382885
0.06073331832885742,0.4001087744742567
0.060733795166015625,0.4002900652646846
0.06073427200317383,0.4004713560551124
0.06073427200317383,0.40065264684554025
0.060735225677490234,0.4008339376359681
0.06073617935180664,0.4010152284263959
0.060736656188964844,0.4011965192168238
0.06073784828186035,0.40137781000725165
0.06074404716491699,0.4015591007976795
0.060750484466552734,0.4017403915881073
0.06075310707092285,0.40192168237853515
0.06076335906982422,0.40210297316896304
0.06076407432556152,0.4022842639593909
0.060765981674194336,0.4024655547498187
0.06077432632446289,0.40264684554024655
0.0607762336730957,0.4028281363306744
0.06077861785888672,0.40300942712110227
0.06078052520751953,0.4031907179115301
0.06078648567199707,0.40337200870195794
0.06078982353210449,0.4035532994923858
0.0607907772064209,0.4037345902828136
0.06079220771789551,0.4039158810732415
0.06079530715942383,0.40409717186366934
0.06080007553100586,0.40427846265409717
0.06081819534301758,0.404459753444525
0.06081962585449219,0.40464104423495284
0.06082439422607422,0.40482233502538073
0.06082773208618164,0.40500362581580857
0.060832977294921875,0.4051849166062364
0.06083321571350098,0.40536620739666424
0.0608372688293457,0.40554749818709207
0.06084036827087402,0.40572878897751996
0.060843467712402344,0.4059100797679478
0.06084752082824707,0.40609137055837563
0.06084775924682617,0.40627266134880347
0.06085324287414551,0.4064539521392313
0.06086587905883789,0.4066352429296592
0.06086897850036621,0.406816533720087
0.06087374687194824,0.40699782451051486
0.06087517738342285,0.4071791153009427
0.06087851524353027,0.4073604060913706
0.06087923049926758,0.4075416968817984
0.06088542938232422,0.40772298767222626
0.06088614463806152,0.4079042784626541
0.06089282035827637,0.4080855692530819
0.060894012451171875,0.4082668600435098
0.06089520454406738,0.40844815083393765
0.0608973503112793,0.4086294416243655
0.06089949607849121,0.4088107324147933
0.06090402603149414,0.40899202320522116
0.06090855598449707,0.40917331399564905
0.060912370681762695,0.4093546047860769
0.0609135627746582,0.4095358955765047
0.0609135627746582,0.40971718636693255
0.06091451644897461,0.4098984771573604
0.06091618537902832,0.4100797679477883
0.06091880798339844,0.4102610587382161
0.06092047691345215,0.41044234952864395
0.060921430587768555,0.4106236403190718
0.06093096733093262,0.4108049311094996
0.06093287467956543,0.4109862218999275
0.06093454360961914,0.41116751269035534
0.06094050407409668,0.4113488034807832
0.06094193458557129,0.411530094271211
0.0609431266784668,0.41171138506163885
0.06094694137573242,0.41189267585206674
0.06094717979431152,0.41207396664249457
0.06094765663146973,0.4122552574329224
0.060958147048950195,0.41243654822335024
0.0609588623046875,0.4126178390137781
0.06097006797790527,0.41279912980420597
0.06098198890686035,0.4129804205946338
0.060982704162597656,0.41316171138506164
0.06098318099975586,0.41334300217548947
0.060984134674072266,0.4135242929659173
0.06098532676696777,0.4137055837563452
0.06098747253417969,0.41388687454677303
0.06099104881286621,0.41406816533720087
0.06099224090576172,0.4142494561276287
0.060994863510131836,0.41443074691805654
0.06099820137023926,0.4146120377084844
0.06099891662597656,0.41479332849891226
0.06099963188171387,0.4149746192893401
0.06100130081176758,0.41515591007976793
0.061003923416137695,0.4153372008701958
0.061005353927612305,0.41551849166062366
0.061005592346191406,0.4156997824510515
0.06100726127624512,0.4158810732414793
0.06100893020629883,0.41606236403190716
0.06100940704345703,0.41624365482233505
0.06100964546203613,0.4164249456127629
0.06100964546203613,0.4166062364031907
0.06101369857788086,0.41678752719361856
0.061014413833618164,0.4169688179840464
0.06101703643798828,0.4171501087744743
0.061017513275146484,0.4173313995649021
0.06101799011230469,0.41751269035532995
0.06101846694946289,0.4176939811457578
0.061025381088256836,0.4178752719361856
0.06102561950683594,0.4180565627266135
0.06103181838989258,0.41823785351704135
0.06103229522705078,0.4184191443074692
0.061035871505737305,0.418600435097897
0.06103658676147461,0.41878172588832485
0.06103682518005371,0.41896301667875274
0.061040639877319336,0.4191443074691806
0.061055660247802734,0.4193255982596084
0.06106281280517578,0.41950688905003625
0.061063289642333984,0.4196881798404641
0.061063528060913086,0.41986947063089197
0.06106448173522949,0.4200507614213198
0.0610654354095459,0.42023205221174764
0.0610659122467041,0.4204133430021755
0.06106829643249512,0.4205946337926033
0.061078548431396484,0.4207759245830312
0.0610806941986084,0.42095721537345904
0.0610814094543457,0.42113850616388687
0.06108450889587402,0.4213197969543147
0.06108570098876953,0.42150108774474254
0.061086177825927734,0.42168237853517043
0.06108808517456055,0.42186366932559827
0.06108880043029785,0.4220449601160261
0.061089515686035156,0.42222625090645394
0.06109476089477539,0.42240754169688177
0.06109881401062012,0.42258883248730966
0.06110525131225586,0.4227701232777375
0.06110572814941406,0.42295141406816533
0.06110692024230957,0.42313270485859317
0.061107635498046875,0.423313995649021
0.0611119270324707,0.4234952864394489
0.06111550331115723,0.4236765772298767
0.06112217903137207,0.42385786802030456
0.06113004684448242,0.4240391588107324
0.061130523681640625,0.4242204496011603
0.06113696098327637,0.4244017403915881
0.061147451400756836,0.42458303118201596
0.06115245819091797,0.4247643219724438
0.061156511306762695,0.4249456127628716
0.06115841865539551,0.4251269035532995
0.06116843223571777,0.42530819434372735
0.06117129325866699,0.4254894851341552
0.061171531677246094,0.425670775924583
0.061174869537353516,0.42585206671501086
0.06117701530456543,0.42603335750543875
0.06117892265319824,0.4262146482958666
0.06118273735046387,0.4263959390862944
0.06118631362915039,0.42657722987672225
0.06119251251220703,0.4267585206671501
0.061199188232421875,0.426939811457578
0.06120562553405762,0.4271211022480058
0.06120657920837402,0.42730239303843365
0.06121540069580078,0.4274836838288615
0.06121635437011719,0.4276649746192893
0.0612177848815918,0.4278462654097172
0.06121969223022461,0.42802755620014504
0.06122326850891113,0.4282088469905729
0.06122589111328125,0.4283901377810007
0.06123852729797363,0.42857142857142855
0.06124281883239746,0.42875271936185644
0.061248064041137695,0.4289340101522843
0.061249494552612305,0.4291153009427121
0.06125164031982422,0.42929659173313994
0.06125211715698242,0.4294778825235678
0.06125450134277344,0.42965917331399567
0.061255455017089844,0.4298404641044235
0.061258792877197266,0.43002175489485134
0.06125974655151367,0.4302030456852792
0.06126713752746582,0.430384336475707
0.06127047538757324,0.4305656272661349
0.06127142906188965,0.43074691805656273
0.06127190589904785,0.43092820884699057
0.06127357482910156,0.4311094996374184
0.06127619743347168,0.43129079042784624
0.06127762794494629,0.43147208121827413
0.06127810478210449,0.43165337200870196
0.06128048896789551,0.4318346627991298
0.06128072738647461,0.43201595358955763
0.06128573417663574,0.4321972443799855
0.06128740310668945,0.43237853517041336
0.06128883361816406,0.4325598259608412
0.061289072036743164,0.43274111675126903
0.06129336357116699,0.43292240754169686
0.061295509338378906,0.43310369833212475
0.06129813194274902,0.4332849891225526
0.06129860877990723,0.4334662799129804
0.06130170822143555,0.43364757070340826
0.06130337715148926,0.4338288614938361
0.0613095760345459,0.434010152284264
0.06131482124328613,0.4341914430746918
0.061318397521972656,0.43437273386511965
0.06132030487060547,0.4345540246555475
0.06132221221923828,0.4347353154459753
0.0613248348236084,0.4349166062364032
0.06133008003234863,0.43509789702683105
0.06133699417114258,0.4352791878172589
0.06133723258972168,0.4354604786076867
0.06135845184326172,0.43564176939811455
0.06136131286621094,0.43582306018854244
0.06136322021484375,0.4360043509789703
0.06136322021484375,0.4361856417693981
0.06137442588806152,0.43636693255982595
0.061376094818115234,0.4365482233502538
0.06138467788696289,0.4367295141406817
0.061391353607177734,0.4369108049311095
0.06139826774597168,0.43709209572153734
0.061399221420288086,0.4372733865119652
0.06140708923339844,0.437454677302393
0.061408042907714844,0.4376359680928209
0.061414480209350586,0.43781725888324874
0.061415910720825195,0.4379985496736766
0.0614161491394043,0.4381798404641044
0.06141829490661621,0.43836113125453224
0.06142091751098633,0.43854242204496013
0.06142759323120117,0.43872371283538797
0.06143665313720703,0.4389050036258158
0.06143808364868164,0.43908629441624364
0.0614471435546875,0.4392675852066715
0.061457157135009766,0.43944887599709936
0.06145739555358887,0.4396301667875272
0.06147122383117676,0.43981145757795503
0.06147646903991699,0.43999274836838287
0.061480045318603516,0.44017403915881076
0.06148672103881836,0.4403553299492386
0.061491966247558594,0.44053662073966643
0.061493635177612305,0.44071791153009426
0.06149601936340332,0.4408992023205221
0.06149864196777344,0.44108049311095
0.06150388717651367,0.4412617839013778
0.06151294708251953,0.44144307469180566
0.061514854431152344,0.4416243654822335
0.06152486801147461,0.44180565627266133
0.061525583267211914,0.4419869470630892
0.06152796745300293,0.44216823785351705
0.06153082847595215,0.4423495286439449
0.06153130531311035,0.4425308194343727
0.06153512001037598,0.44271211022480056
0.06154656410217285,0.44289340101522845
0.06154799461364746,0.4430746918056563
0.06155133247375488,0.4432559825960841
0.06155228614807129,0.44343727338651195
0.06156325340270996,0.4436185641769398
0.061565399169921875,0.4437998549673677
0.0615692138671875,0.4439811457577955
0.06157183647155762,0.44416243654822335
0.061577796936035156,0.4443437273386512
0.06157875061035156,0.444525018129079
0.06158280372619629,0.4447063089195069
0.06158304214477539,0.44488759970993474
0.061583757400512695,0.4450688905003626
0.061586856842041016,0.4452501812907904
0.06158947944641113,0.44543147208121825
0.061589717864990234,0.44561276287164614
0.06160306930541992,0.445794053662074
0.061606407165527344,0.4459753444525018
0.06161618232727051,0.44615663524292964
0.06162238121032715,0.4463379260333575
0.061624765396118164,0.44651921682378537
0.061626434326171875,0.4467005076142132
0.06164193153381348,0.44688179840464104
0.0616455078125,0.4470630891950689
0.0616459846496582,0.4472443799854967
0.061646223068237305,0.4474256707759246
0.06165933609008789,0.44760696156635243
0.061669111251831055,0.44778825235678027
0.061682701110839844,0.4479695431472081
0.061684370040893555,0.448150833937636
0.06168556213378906,0.44833212472806383
0.06169724464416504,0.44851341551849166
0.06170368194580078,0.4486947063089195
0.061708688735961914,0.44887599709934733
0.061715126037597656,0.4490572878897752
0.061725616455078125,0.44923857868020306
0.06172800064086914,0.4494198694706309
0.06173372268676758,0.44960116026105873
0.06175112724304199,0.44978245105148656
0.061751604080200195,0.44996374184191446
0.061754703521728516,0.4501450326323423
0.061756134033203125,0.4503263234227701
0.06175971031188965,0.45050761421319796
0.06176257133483887,0.4506889050036258
0.06176352500915527,0.4508701957940537
0.0617673397064209,0.4510514865844815
0.061783552169799805,0.45123277737490936
0.0617976188659668,0.4514140681653372
0.06180167198181152,0.451595358955765
0.06180286407470703,0.4517766497461929
0.06180453300476074,0.45195794053662075
0.06180453300476074,0.4521392313270486
0.06180572509765625,0.4523205221174764
0.061806678771972656,0.45250181290790426
0.06180906295776367,0.45268310369833215
0.06180930137634277,0.45286439448876
0.061811208724975586,0.4530456852791878
0.06181669235229492,0.45322697606961565
0.06182456016540527,0.4534082668600435
0.061827898025512695,0.4535895576504714
0.0618281364440918,0.4537708484408992
0.06184673309326172,0.45395213923132705
0.06184673309326172,0.4541334300217549
0.06185436248779297,0.4543147208121827
0.061861276626586914,0.4544960116026106
0.06186318397521973,0.45467730239303844
0.061867475509643555,0.4548585931834663
0.06187009811401367,0.4550398839738941
0.061887264251708984,0.45522117476432195
0.06189894676208496,0.45540246555474984
0.06190371513366699,0.45558375634517767
0.061908721923828125,0.4557650471356055
0.06190967559814453,0.45594633792603334
0.06192755699157715,0.45612762871646123
0.06193208694458008,0.45630891950688907
0.06193733215332031,0.4564902102973169
0.06194329261779785,0.45667150108774474
0.06195235252380371,0.45685279187817257
0.06195569038391113,0.45703408266860046
0.06195855140686035,0.4572153734590283
0.06196308135986328,0.45739666424945613
0.06197094917297363,0.45757795503988397
0.06197381019592285,0.4577592458303118
0.061980247497558594,0.4579405366207397
0.0619816780090332,0.4581218274111675
0.06198692321777344,0.45830311820159536
0.062007904052734375,0.4584844089920232
0.0620121955871582,0.45866569978245103
0.06201815605163574,0.4588469905728789
0.062018632888793945,0.45902828136330676
0.0620267391204834,0.4592095721537346
0.06202960014343262,0.4593908629441624
0.06203198432922363,0.45957215373459026
0.06203317642211914,0.45975344452501815
0.062050819396972656,0.459934735315446
0.06205105781555176,0.4601160261058738
0.06205153465270996,0.46029731689630166
0.06205177307128906,0.4604786076867295
0.062052011489868164,0.4606598984771574
0.06205892562866211,0.4608411892675852
0.06206226348876953,0.46102248005801305
0.062067270278930664,0.4612037708484409
0.06206917762756348,0.4613850616388687
0.06206965446472168,0.4615663524292966
0.06206989288330078,0.46174764321972445
0.06207084655761719,0.4619289340101523
0.06207728385925293,0.4621102248005801
0.06207752227783203,0.46229151559100795
0.062079429626464844,0.46247280638143584
0.062085628509521484,0.4626540971718637
0.06209111213684082,0.4628353879622915
0.06209278106689453,0.46301667875271935
0.06209874153137207,0.4631979695431472
0.06210064888000488,0.46337926033357507
0.06210136413574219,0.4635605511240029
0.06210947036743164,0.46374184191443074
0.06211090087890625,0.4639231327048586
0.06211137771606445,0.46410442349528647
0.06211733818054199,0.4642857142857143
0.06212139129638672,0.46446700507614214
0.06212353706359863,0.46464829586656997
0.06212639808654785,0.4648295866569978
0.062129974365234375,0.4650108774474257
0.0621340274810791,0.46519216823785353
0.062139272689819336,0.46537345902828137
0.06215262413024902,0.4655547498187092
0.062152862548828125,0.46573604060913704
0.06215667724609375,0.4659173313995649
0.062158823013305664,0.46609862218999276
0.06216287612915039,0.4662799129804206
0.0621640682220459,0.46646120377084843
0.06216573715209961,0.46664249456127627
0.06216621398925781,0.46682378535170416
0.06217074394226074,0.467005076142132
0.06217217445373535,0.4671863669325598
0.06219124794006348,0.46736765772298766
0.06219816207885742,0.4675489485134155
0.06220078468322754,0.4677302393038434
0.06220221519470215,0.4679115300942712
0.062203168869018555,0.46809282088469906
0.062206268310546875,0.4682741116751269
0.0622098445892334,0.4684554024655547
0.062212467193603516,0.4686366932559826
0.06221628189086914,0.46881798404641045
0.06221914291381836,0.4689992748368383
0.062220096588134766,0.4691805656272661
0.06222844123840332,0.46936185641769396
0.062232255935668945,0.46954314720812185
0.062235355377197266,0.4697244379985497
0.06223940849304199,0.4699057287889775
0.0622401237487793,0.47008701957940535
0.06224203109741211,0.4702683103698332
0.06224989891052246,0.4704496011602611
0.062252044677734375,0.4706308919506889
0.062255144119262695,0.47081218274111675
0.0622560977935791,0.4709934735315446
0.06226992607116699,0.4711747643219724
0.06227874755859375,0.4713560551124003
0.06228208541870117,0.47153734590282814
0.06228446960449219,0.471718636693256
0.062287092208862305,0.4718999274836838
0.062294721603393555,0.4720812182741117
0.0623021125793457,0.47226250906453954
0.06232166290283203,0.4724437998549674
0.062325477600097656,0.4726250906453952
0.06232881546020508,0.47280638143582304
0.06233477592468262,0.47298767222625093
0.06233501434326172,0.47316896301667877
0.06233525276184082,0.4733502538071066
0.06233549118041992,0.47353154459753444
0.06235671043395996,0.47371283538796227
0.062361955642700195,0.47389412617839016
0.06236982345581055,0.474075416968818
0.0623784065246582,0.47425670775924583
0.06238150596618652,0.47443799854967367
0.062384843826293945,0.4746192893401015
0.06239128112792969,0.4748005801305294
0.06240582466125488,0.4749818709209572
0.06241559982299805,0.47516316171138506
0.06242489814758301,0.4753444525018129
0.06243419647216797,0.47552574329224073
0.06244492530822754,0.4757070340826686
0.06244945526123047,0.47588832487309646
0.06245160102844238,0.4760696156635243
0.06246471405029297,0.4762509064539521
0.0624699592590332,0.47643219724437996
0.06247210502624512,0.47661348803480785
0.06247234344482422,0.4767947788252357
0.06247305870056152,0.4769760696156635
0.06247353553771973,0.47715736040609136
0.062482595443725586,0.4773386511965192
0.06248307228088379,0.4775199419869471
0.062484025955200195,0.4777012327773749
0.062484025955200195,0.47788252356780275
0.062487125396728516,0.4780638143582306
0.06248974800109863,0.4782451051486584
0.06249833106994629,0.4784263959390863
0.06252145767211914,0.47860768672951415
0.06252884864807129,0.478788977519942
0.06253647804260254,0.4789702683103698
0.06254720687866211,0.47915155910079765
0.06254744529724121,0.47933284989122554
0.06255245208740234,0.4795141406816534
0.06255555152893066,0.4796954314720812
0.06255841255187988,0.47987672226250905
0.06256294250488281,0.48005801305293694
0.06256461143493652,0.4802393038433648
0.06257939338684082,0.4804205946337926
0.0625925064086914,0.48060188542422044
0.06259608268737793,0.4807831762146483
0.06259799003601074,0.48096446700507617
0.06260061264038086,0.481145757795504
0.06260323524475098,0.48132704858593184
0.06260371208190918,0.4815083393763597
0.06260490417480469,0.4816896301667875
0.06261682510375977,0.4818709209572154
0.0626211166381836,0.48205221174764323
0.06262969970703125,0.48223350253807107
0.06264185905456543,0.4824147933284989
0.06265068054199219,0.48259608411892674
0.06265377998352051,0.48277737490935463
0.06265640258789062,0.48295866569978246
0.06265735626220703,0.4831399564902103
0.06266021728515625,0.48332124728063813
0.06266140937805176,0.48350253807106597
0.06266140937805176,0.48368382886149386
0.06266617774963379,0.4838651196519217
0.06267094612121582,0.48404641044234953
0.06267380714416504,0.48422770123277736
0.06267523765563965,0.4844089920232052
0.06267523765563965,0.4845902828136331
0.06267642974853516,0.4847715736040609
0.06268095970153809,0.48495286439448876
0.06268167495727539,0.4851341551849166
0.06268477439880371,0.48531544597534443
0.06268787384033203,0.4854967367657723
0.06269359588623047,0.48567802755620015
0.06269502639770508,0.485859318346628
0.06270098686218262,0.4860406091370558
0.06270384788513184,0.48622189992748366
0.06270909309387207,0.48640319071791155
0.06271719932556152,0.4865844815083394
0.06272101402282715,0.4867657722987672
0.06272101402282715,0.48694706308919505
0.06272530555725098,0.4871283538796229
0.0627281665802002,0.4873096446700508
0.06273221969604492,0.4874909354604786
0.06273317337036133,0.48767222625090645
0.0627446174621582,0.4878535170413343
0.06274700164794922,0.4880348078317622
0.06274938583374023,0.48821609862219
0.06275343894958496,0.48839738941261784
0.0627593994140625,0.4885786802030457
0.06276249885559082,0.4887599709934735
0.06276321411132812,0.4889412617839014
0.06276559829711914,0.48912255257432924
0.06276869773864746,0.4893038433647571
0.06277179718017578,0.4894851341551849
0.06277990341186523,0.48966642494561274
0.06278753280639648,0.48984771573604063
0.06279301643371582,0.49002900652646847
0.06280159950256348,0.4902102973168963
0.0628042221069336,0.49039158810732414
0.0628046989440918,0.490572878897752
0.0628058910369873,0.49075416968817986
0.06283450126647949,0.4909354604786077
0.06283688545227051,0.49111675126903553
0.06285429000854492,0.49129804205946337
0.06285572052001953,0.4914793328498912
0.06286287307739258,0.4916606236403191
0.06286334991455078,0.49184191443074693
0.0628657341003418,0.49202320522117476
0.06287169456481934,0.4922044960116026
0.06287598609924316,0.49238578680203043
0.06287765502929688,0.4925670775924583
0.06287980079650879,0.49274836838288616
0.0628805160522461,0.492929659173314
0.0628817081451416,0.49311094996374183
0.06288528442382812,0.49329224075416966
0.06288576126098633,0.49347353154459755
0.06288576126098633,0.4936548223350254
0.06288599967956543,0.4938361131254532
0.06289005279541016,0.49401740391588106
0.06289029121398926,0.4941986947063089
0.06289458274841309,0.4943799854967368
0.0628964900970459,0.4945612762871646
0.06290817260742188,0.49474256707759245
0.06290817260742188,0.4949238578680203
0.06290984153747559,0.4951051486584481
0.06290984153747559,0.495286439448876
0.06292009353637695,0.49546773023930385
0.06292414665222168,0.4956490210297317
0.0629270076751709,0.4958303118201595
0.06293487548828125,0.4960116026105874
0.06294131278991699,0.49619289340101524
0.06294655799865723,0.4963741841914431
0.06294846534729004,0.4965554749818709
0.06297516822814941,0.49673676577229875
0.06298494338989258,0.49691805656272664
0.06299042701721191,0.4970993473531545
0.06299376487731934,0.4972806381435823
0.06299471855163574,0.49746192893401014
0.06300735473632812,0.497643219724438
0.06301021575927734,0.49782451051486587
0.06301045417785645,0.4980058013052937
0.06302571296691895,0.49818709209572154
0.06302690505981445,0.4983683828861494
0.06303834915161133,0.4985496736765772
0.06304049491882324,0.4987309644670051
0.06304264068603516,0.49891225525743294
0.06304287910461426,0.49909354604786077
0.06304454803466797,0.4992748368382886
0.06304597854614258,0.49945612762871644
0.06305265426635742,0.49963741841914433
0.0630795955657959,0.49981870920957217
0.06308507919311523,0.5
0.06308555603027344,0.5001812907904278
0.06308817863464355,0.5003625815808557
0.06309127807617188,0.5005438723712835
0.06309628486633301,0.5007251631617113
0.06310582160949707,0.5009064539521393
0.06310701370239258,0.5010877447425671
0.06311154365539551,0.501269035532995
0.06312727928161621,0.5014503263234228
0.06312966346740723,0.5016316171138506
0.06314754486083984,0.5018129079042785
0.06314969062805176,0.5019941986947063
0.0631563663482666,0.5021754894851341
0.06316328048706055,0.502356780275562
0.06316971778869629,0.5025380710659898
0.0631704330444336,0.5027193618564177
0.06317257881164551,0.5029006526468456
0.06317520141601562,0.5030819434372734
0.06318211555480957,0.5032632342277013
0.06319308280944824,0.5034445250181291
0.06319427490234375,0.5036258158085569
0.06319689750671387,0.5038071065989848
0.06320428848266602,0.5039883973894126
0.06320929527282715,0.5041696881798404
0.06322741508483887,0.5043509789702683
0.06322789192199707,0.5045322697606962
0.06322908401489258,0.504713560551124
0.06322979927062988,0.5048948513415519
0.06323528289794922,0.5050761421319797
0.06323552131652832,0.5052574329224075
0.06324338912963867,0.5054387237128354
0.06325244903564453,0.5056200145032632
0.06325483322143555,0.505801305293691
0.06328558921813965,0.5059825960841189
0.06330108642578125,0.5061638868745467
0.06330537796020508,0.5063451776649747
0.0633077621459961,0.5065264684554025
0.06331372261047363,0.5067077592458303
0.06332206726074219,0.5068890500362582
0.0633249282836914,0.507070340826686
0.06332540512084961,0.5072516316171138
0.06333041191101074,0.5074329224075417
0.06333184242248535,0.5076142131979695
0.06333804130554199,0.5077955039883973
0.06334543228149414,0.5079767947788252
0.06334686279296875,0.5081580855692531
0.06336402893066406,0.508339376359681
0.06336498260498047,0.5085206671501088
0.06336736679077148,0.5087019579405366
0.06336808204650879,0.5088832487309645
0.0633687973022461,0.5090645395213923
0.06337237358093262,0.5092458303118201
0.06337261199951172,0.509427121102248
0.06337308883666992,0.5096084118926758
0.06337475776672363,0.5097897026831038
0.06337571144104004,0.5099709934735316
0.06337666511535645,0.5101522842639594
0.06337976455688477,0.5103335750543873
0.06338357925415039,0.5105148658448151
0.06338381767272949,0.5106961566352429
0.06339025497436523,0.5108774474256708
0.0634005069732666,0.5110587382160986
0.0634012222290039,0.5112400290065264
0.06341147422790527,0.5114213197969543
0.06342792510986328,0.5116026105873822
0.0634298324584961,0.51178390137781
0.06344079971313477,0.5119651921682379
0.06344294548034668,0.5121464829586657
0.0634467601776123,0.5123277737490936
0.06345176696777344,0.5125090645395214
0.06345820426940918,0.5126903553299492
0.06347513198852539,0.5128716461203771
0.06347870826721191,0.5130529369108049
0.06348705291748047,0.5132342277012327
0.06348800659179688,0.5134155184916607
0.0634918212890625,0.5135968092820885
0.06349349021911621,0.5137781000725163
0.06349849700927734,0.5139593908629442
0.06349873542785645,0.514140681653372
0.0635075569152832,0.5143219724437998
0.06350851058959961,0.5145032632342277
0.06351089477539062,0.5146845540246555
0.06351733207702637,0.5148658448150834
0.06351995468139648,0.5150471356055112
0.06352090835571289,0.5152284263959391
0.06352663040161133,0.515409717186367
0.06353092193603516,0.5155910079767948
0.06353354454040527,0.5157722987672226
0.06353402137756348,0.5159535895576505
0.0635373592376709,0.5161348803480783
0.06353878974914551,0.5163161711385061
0.06353878974914551,0.516497461928934
0.06354451179504395,0.5166787527193618
0.06354641914367676,0.5168600435097898
0.06355905532836914,0.5170413343002176
0.06356215476989746,0.5172226250906454
0.0635685920715332,0.5174039158810733
0.06357073783874512,0.5175852066715011
0.06357359886169434,0.5177664974619289
0.06357812881469727,0.5179477882523568
0.06357955932617188,0.5181290790427846
0.06358170509338379,0.5183103698332124
0.06358194351196289,0.5184916606236403
0.06358504295349121,0.5186729514140682
0.06359481811523438,0.518854242204496
0.06359481811523438,0.5190355329949239
0.06359672546386719,0.5192168237853517
0.06361079216003418,0.5193981145757796
0.06361627578735352,0.5195794053662074
0.06361746788024902,0.5197606961566352
0.06361937522888184,0.5199419869470631
0.0636286735534668,0.5201232777374909
0.0636301040649414,0.5203045685279187
0.06363105773925781,0.5204858593183467
0.06363272666931152,0.5206671501087745
0.06363320350646973,0.5208484408992023
0.06363606452941895,0.5210297316896302
0.06364297866821289,0.521211022480058
0.0636439323425293,0.5213923132704859
0.06365108489990234,0.5215736040609137
0.06365489959716797,0.5217548948513415
0.06365513801574707,0.5219361856417694
0.06365561485290527,0.5221174764321972
0.06365561485290527,0.5222987672226251
0.06365847587585449,0.522480058013053
0.0636591911315918,0.5226613488034808
0.06366086006164551,0.5228426395939086
0.06366133689880371,0.5230239303843365
0.06366276741027832,0.5232052211747643
0.06366539001464844,0.5233865119651921
0.06366825103759766,0.52356780275562
0.06366872787475586,0.5237490935460478
0.06367063522338867,0.5239303843364757
0.06368160247802734,0.5241116751269036
0.06369209289550781,0.5242929659173314
0.06370258331298828,0.5244742567077593
0.06370282173156738,0.5246555474981871
0.0637063980102539,0.5248368382886149
0.06371307373046875,0.5250181290790428
0.06371879577636719,0.5251994198694706
0.06372904777526855,0.5253807106598984
0.06372928619384766,0.5255620014503263
0.06373119354248047,0.5257432922407542
0.06373167037963867,0.5259245830311821
0.06373405456542969,0.5261058738216099
0.06374120712280273,0.5262871646120377
0.06374287605285645,0.5264684554024656
0.06374478340148926,0.5266497461928934
0.06374621391296387,0.5268310369833212
0.06374645233154297,0.5270123277737491
0.0637509822845459,0.5271936185641769
0.0637514591217041,0.5273749093546047
0.0637514591217041,0.5275562001450327
0.06375288963317871,0.5277374909354605
0.06375312805175781,0.5279187817258884
0.06375432014465332,0.5281000725163162
0.06375527381896973,0.528281363306744
0.06375908851623535,0.5284626540971719
0.06376051902770996,0.5286439448875997
0.06376123428344727,0.5288252356780275
0.06376290321350098,0.5290065264684554
0.06376457214355469,0.5291878172588832
0.06377077102661133,0.5293691080493111
0.06377196311950684,0.529550398839739
0.06377243995666504,0.5297316896301668
0.06377267837524414,0.5299129804205946
0.06377506256103516,0.5300942712110225
0.06377530097961426,0.5302755620014503
0.06377863883972168,0.5304568527918782
0.06377887725830078,0.530638143582306
0.0637822151184082,0.5308194343727338
0.0637826919555664,0.5310007251631617
0.06378412246704102,0.5311820159535896
0.06378889083862305,0.5313633067440174
0.06378912925720215,0.5315445975344453
0.06379246711730957,0.5317258883248731
0.06379461288452148,0.5319071791153009
0.0637965202331543,0.5320884699057288
0.0637965202331543,0.5322697606961566
0.0637977123260498,0.5324510514865844
0.06379985809326172,0.5326323422770123
0.06380009651184082,0.5328136330674402
0.06380653381347656,0.5329949238578681
0.06380915641784668,0.5331762146482959
0.0638120174407959,0.5333575054387237
0.06381535530090332,0.5335387962291516
0.06381869316101074,0.5337200870195794
0.06382250785827637,0.5339013778100072
0.06382513046264648,0.5340826686004351
0.06382608413696289,0.5342639593908629
0.06382966041564941,0.5344452501812907
0.06383013725280762,0.5346265409717187
0.06383061408996582,0.5348078317621465
0.06383323669433594,0.5349891225525744
0.06383442878723145,0.5351704133430022
0.06383514404296875,0.53535170413343
0.06383538246154785,0.5355329949238579
0.06383633613586426,0.5357142857142857
0.06383919715881348,0.5358955765047135
0.06383919715881348,0.5360768672951414
0.06383943557739258,0.5362581580855692
0.06383967399597168,0.5364394488759971
0.06384038925170898,0.536620739666425
0.06384396553039551,0.5368020304568528
0.06384682655334473,0.5369833212472807
0.06385040283203125,0.5371646120377085
0.06385111808776855,0.5373459028281363
0.06385111808776855,0.5375271936185642
0.06385445594787598,0.537708484408992
0.0638587474822998,0.5378897751994198
0.0638587474822998,0.5380710659898477
0.0638589859008789,0.5382523567802756
0.06386280059814453,0.5384336475707034
0.06386590003967285,0.5386149383611313
0.06386613845825195,0.5387962291515591
0.06386637687683105,0.538977519941987
0.06386947631835938,0.5391588107324148
0.06387090682983398,0.5393401015228426
0.06387209892272949,0.5395213923132705
0.0638725757598877,0.5397026831036983
0.06387495994567871,0.5398839738941261
0.06387543678283691,0.5400652646845541
0.06387615203857422,0.5402465554749819
0.06387686729431152,0.5404278462654097
0.06387805938720703,0.5406091370558376
0.06387829780578613,0.5407904278462654
0.06388092041015625,0.5409717186366932
0.06388187408447266,0.5411530094271211
0.06388330459594727,0.5413343002175489
0.06388378143310547,0.5415155910079767
0.06388568878173828,0.5416968817984047
0.0638887882232666,0.5418781725888325
0.0638890266418457,0.5420594633792604
0.06389069557189941,0.5422407541696882
0.06389331817626953,0.542422044960116
0.06389379501342773,0.5426033357505439
0.06389379501342773,0.5427846265409717
0.06389403343200684,0.5429659173313995
0.06389546394348145,0.5431472081218274
0.06389713287353516,0.5433284989122552
0.06389784812927246,0.5435097897026832
0.06389832496643066,0.543691080493111
0.06389951705932617,0.5438723712835388
0.06389975547790527,0.5440536620739667
0.06390070915222168,0.5442349528643945
0.0639028549194336,0.5444162436548223
0.06390500068664551,0.5445975344452502
0.06390714645385742,0.544778825235678
0.06390905380249023,0.5449601160261058
0.06390976905822754,0.5451414068165337
0.06391024589538574,0.5453226976069616
0.06391143798828125,0.5455039883973894
0.06391191482543945,0.5456852791878173
0.06391215324401855,0.5458665699782451
0.06391787528991699,0.546047860768673
0.0639181137084961,0.5462291515591008
0.0639188289642334,0.5464104423495286
0.06392097473144531,0.5465917331399565
0.06392121315002441,0.5467730239303843
0.06392288208007812,0.5469543147208121
0.06392717361450195,0.5471356055112401
0.06392741203308105,0.5473168963016679
0.06392836570739746,0.5474981870920957
0.06392931938171387,0.5476794778825236
0.063934326171875,0.5478607686729514
0.0639348030090332,0.5480420594633792
0.0639348030090332,0.5482233502538071
0.06393742561340332,0.5484046410442349
0.06393766403198242,0.5485859318346628
0.06393837928771973,0.5487672226250907
0.06394195556640625,0.5489485134155185
0.06394505500793457,0.5491298042059464
0.06394839286804199,0.5493110949963742
0.0639503002166748,0.549492385786802
0.06395077705383301,0.5496736765772299
0.06395220756530762,0.5498549673676577
0.06395220756530762,0.5500362581580855
0.06395316123962402,0.5502175489485134
0.06395721435546875,0.5503988397389412
0.06395769119262695,0.5505801305293692
0.06395816802978516,0.550761421319797
0.06395888328552246,0.5509427121102248
0.06396245956420898,0.5511240029006527
0.0639646053314209,0.5513052936910805
0.06396675109863281,0.5514865844815083
0.06396794319152832,0.5516678752719362
0.06397557258605957,0.551849166062364
0.06397604942321777,0.5520304568527918
0.06397652626037598,0.5522117476432197
0.06398272514343262,0.5523930384336476
0.06398344039916992,0.5525743292240755
0.06398415565490723,0.5527556200145033
0.06399130821228027,0.5529369108049311
0.0639944076538086,0.553118201595359
0.0639948844909668,0.5532994923857868
0.0639963150024414,0.5534807831762146
0.06399774551391602,0.5536620739666425
0.06399774551391602,0.5538433647570703
0.06399846076965332,0.5540246555474981
0.06400108337402344,0.5542059463379261
0.06400418281555176,0.5543872371283539
0.0640099048614502,0.5545685279187818
0.06401777267456055,0.5547498187092096
0.06402301788330078,0.5549311094996374
0.06402420997619629,0.5551124002900653
0.0640256404876709,0.5552936910804931
0.0640263557434082,0.5554749818709209
0.06403732299804688,0.5556562726613488
0.06403970718383789,0.5558375634517766
0.06403994560241699,0.5560188542422045
0.06404590606689453,0.5562001450326324
0.06405067443847656,0.5563814358230602
0.06405401229858398,0.556562726613488
0.064056396484375,0.5567440174039159
0.06405973434448242,0.5569253081943437
0.06406307220458984,0.5571065989847716
0.06406402587890625,0.5572878897751994
0.06406855583190918,0.5574691805656272
0.06406879425048828,0.5576504713560552
0.06407284736633301,0.557831762146483
0.06407356262207031,0.5580130529369108
0.06408023834228516,0.5581943437273387
0.06408190727233887,0.5583756345177665
0.06408429145812988,0.5585569253081943
0.06408524513244629,0.5587382160986222
0.06409382820129395,0.55891950688905
0.0641021728515625,0.5591007976794778
0.06410717964172363,0.5592820884699057
0.06411170959472656,0.5594633792603336
0.06411480903625488,0.5596446700507615
0.06411886215209961,0.5598259608411893
0.06411933898925781,0.5600072516316171
0.06412553787231445,0.560188542422045
0.06412863731384277,0.5603698332124728
0.06413149833679199,0.5605511240029006
0.0641334056854248,0.5607324147933285
0.0641334056854248,0.5609137055837563
0.06413459777832031,0.5610949963741841
0.06414937973022461,0.5612762871646121
0.06415700912475586,0.5614575779550399
0.06416058540344238,0.5616388687454678
0.0641624927520752,0.5618201595358956
0.0641632080078125,0.5620014503263234
0.06416773796081543,0.5621827411167513
0.06416845321655273,0.5623640319071791
0.06416869163513184,0.5625453226976069
0.06417489051818848,0.5627266134880348
0.06418037414550781,0.5629079042784626
0.06418156623840332,0.5630891950688905
0.0641939640045166,0.5632704858593184
0.06419968605041504,0.5634517766497462
0.06419968605041504,0.563633067440174
0.06421327590942383,0.5638143582306019
0.06423425674438477,0.5639956490210297
0.06423735618591309,0.5641769398114576
0.06423759460449219,0.5643582306018854
0.06424689292907715,0.5645395213923132
0.06425690650939941,0.5647208121827412
0.06425714492797852,0.564902102973169
0.0642702579498291,0.5650833937635968
0.0642707347869873,0.5652646845540247
0.06428170204162598,0.5654459753444525
0.06428742408752441,0.5656272661348803
0.06428885459899902,0.5658085569253082
0.06428885459899902,0.565989847715736
0.06428909301757812,0.5661711385061639
0.06428909301757812,0.5663524292965917
0.06429672241210938,0.5665337200870196
0.06430864334106445,0.5667150108774475
0.06432080268859863,0.5668963016678753
0.06432223320007324,0.5670775924583031
0.06432747840881348,0.567258883248731
0.06432819366455078,0.5674401740391588
0.06433224678039551,0.5676214648295866
0.06433892250061035,0.5678027556200145
0.06434297561645508,0.5679840464104423
0.0643453598022461,0.5681653372008701
0.06435942649841309,0.5683466279912981
0.06436562538146973,0.5685279187817259
0.06436562538146973,0.5687092095721538
0.06436729431152344,0.5688905003625816
0.06436944007873535,0.5690717911530094
0.06438040733337402,0.5692530819434373
0.0643913745880127,0.5694343727338651
0.06439781188964844,0.5696156635242929
0.06440877914428711,0.5697969543147208
0.06440949440002441,0.5699782451051486
0.06441116333007812,0.5701595358955766
0.06441307067871094,0.5703408266860044
0.0644381046295166,0.5705221174764322
0.06443977355957031,0.5707034082668601
0.06444764137268066,0.5708846990572879
0.06445598602294922,0.5710659898477157
0.06445860862731934,0.5712472806381436
0.06446146965026855,0.5714285714285714
0.06446385383605957,0.5716098622189992
0.06446552276611328,0.5717911530094271
0.0644693374633789,0.571972443799855
0.06447672843933105,0.5721537345902828
0.0644838809967041,0.5723350253807107
0.06448841094970703,0.5725163161711385
0.06449317932128906,0.5726976069615664
0.06449437141418457,0.5728788977519942
0.06450676918029785,0.573060188542422
0.06451535224914551,0.5732414793328499
0.06452536582946777,0.5734227701232777
0.0645284652709961,0.5736040609137056
0.06454181671142578,0.5737853517041335
0.06454229354858398,0.5739666424945613
0.06454682350158691,0.5741479332849891
0.06456804275512695,0.574329224075417
0.0645754337310791,0.5745105148658448
0.06458306312561035,0.5746918056562726
0.06458520889282227,0.5748730964467005
0.06458783149719238,0.5750543872371283
0.0646052360534668,0.5752356780275562
0.06460905075073242,0.5754169688179841
0.06461071968078613,0.5755982596084119
0.06461787223815918,0.5757795503988398
0.06464147567749023,0.5759608411892676
0.0646524429321289,0.5761421319796954
0.06465506553649902,0.5763234227701233
0.06466555595397949,0.5765047135605511
0.06467247009277344,0.5766860043509789
0.06467461585998535,0.5768672951414068
0.06468582153320312,0.5770485859318346
0.06468915939331055,0.5772298767222626
0.06470322608947754,0.5774111675126904
0.06470799446105957,0.5775924583031182
0.06475377082824707,0.5777737490935461
0.0647580623626709,0.5779550398839739
0.06476068496704102,0.5781363306744017
0.06476783752441406,0.5783176214648296
0.06477117538452148,0.5784989122552574
0.06477642059326172,0.5786802030456852
0.06477808952331543,0.5788614938361131
0.06478428840637207,0.579042784626541
0.06478524208068848,0.5792240754169689
0.0647897720336914,0.5794053662073967
0.06479048728942871,0.5795866569978245
0.06479144096374512,0.5797679477882524
0.06481504440307617,0.5799492385786802
0.0648190975189209,0.580130529369108
0.06482553482055664,0.5803118201595359
0.06483030319213867,0.5804931109499637
0.06483054161071777,0.5806744017403916
0.0648348331451416,0.5808556925308195
0.06483650207519531,0.5810369833212473
0.06483697891235352,0.5812182741116751
0.06483817100524902,0.581399564902103
0.06483888626098633,0.5815808556925308
0.06484150886535645,0.5817621464829587
0.06485772132873535,0.5819434372733865
0.0648658275604248,0.5821247280638143
0.06487584114074707,0.5823060188542422
0.0648808479309082,0.5824873096446701
0.06488394737243652,0.5826686004350979
0.06488823890686035,0.5828498912255258
0.06488919258117676,0.5830311820159536
0.06489992141723633,0.5832124728063814
0.06490182876586914,0.5833937635968093
0.06490755081176758,0.5835750543872371
0.06491279602050781,0.583756345177665
0.06491422653198242,0.5839376359680928
0.06492304801940918,0.5841189267585206
0.06493139266967773,0.5843002175489486
0.0649421215057373,0.5844815083393764
0.06494259834289551,0.5846627991298042
0.06495022773742676,0.5848440899202321
0.06495022773742676,0.5850253807106599
0.06495380401611328,0.5852066715010877
0.06495475769042969,0.5853879622915156
0.0649569034576416,0.5855692530819434
0.0649573802947998,0.5857505438723712
0.06496143341064453,0.5859318346627991
0.06496167182922363,0.586113125453227
0.06496334075927734,0.5862944162436549
0.06496405601501465,0.5864757070340827
0.06496644020080566,0.5866569978245105
0.06496930122375488,0.5868382886149384
0.06497335433959961,0.5870195794053662
0.06497383117675781,0.587200870195794
0.06497740745544434,0.5873821609862219
0.06497979164123535,0.5875634517766497
0.06498360633850098,0.5877447425670775
0.0649867057800293,0.5879260333575055
0.06498956680297852,0.5881073241479333
0.06499099731445312,0.5882886149383612
0.06499266624450684,0.588469905728789
0.06499695777893066,0.5886511965192168
0.06500363349914551,0.5888324873096447
0.06500864028930664,0.5890137781000725
0.06502366065979004,0.5891950688905003
0.0650322437286377,0.5893763596809282
0.06504273414611816,0.5895576504713561
0.0650479793548584,0.5897389412617839
0.06505155563354492,0.5899202320522118
0.06505393981933594,0.5901015228426396
0.06505489349365234,0.5902828136330674
0.06505823135375977,0.5904641044234953
0.06507015228271484,0.5906453952139231
0.06507277488708496,0.590826686004351
0.06509804725646973,0.5910079767947788
0.06510686874389648,0.5911892675852066
0.0651090145111084,0.5913705583756346
0.06511211395263672,0.5915518491660624
0.06511449813842773,0.5917331399564902
0.06511592864990234,0.5919144307469181
0.06512761116027832,0.5920957215373459
0.06513452529907227,0.5922770123277737
0.06515955924987793,0.5924583031182016
0.06516218185424805,0.5926395939086294
0.06516718864440918,0.5928208846990572
0.06516790390014648,0.5930021754894851
0.0651705265045166,0.593183466279913
0.06517267227172852,0.5933647570703409
0.06517648696899414,0.5935460478607687
0.0651853084564209,0.5937273386511965
0.06519603729248047,0.5939086294416244
0.06520223617553711,0.5940899202320522
0.06520557403564453,0.59427121102248
0.06523251533508301,0.5944525018129079
0.06524968147277832,0.5946337926033357
0.06526541709899902,0.5948150833937635
0.06527543067932129,0.5949963741841915
0.06528806686401367,0.5951776649746193
0.06530261039733887,0.5953589557650472
0.06531119346618652,0.595540246555475
0.0653219223022461,0.5957215373459028
0.06532669067382812,0.5959028281363307
0.06532669067382812,0.5960841189267585
0.06534123420715332,0.5962654097171863
0.06534409523010254,0.5964467005076142
0.06534481048583984,0.596627991298042
0.06535482406616211,0.59680928208847
0.06536173820495605,0.5969905728788978
0.06536531448364258,0.5971718636693256
0.06539392471313477,0.5973531544597535
0.06539440155029297,0.5975344452501813
0.06539773941040039,0.5977157360406091
0.06540441513061523,0.597897026831037
0.06540870666503906,0.5980783176214648
0.06540989875793457,0.5982596084118926
0.06541156768798828,0.5984408992023206
0.06544327735900879,0.5986221899927484
0.06545042991638184,0.5988034807831762
0.06545400619506836,0.5989847715736041
0.06545734405517578,0.5991660623640319
0.06547737121582031,0.5993473531544597
0.06548118591308594,0.5995286439448876
0.06548500061035156,0.5997099347353154
0.06549787521362305,0.5998912255257433
0.06551480293273926,0.6000725163161711
0.0655219554901123,0.600253807106599
0.06554007530212402,0.6004350978970269
0.06554102897644043,0.6006163886874547
0.06554865837097168,0.6007976794778825
0.06554985046386719,0.6009789702683104
0.06556367874145508,0.6011602610587382
0.0655663013458252,0.601341551849166
0.06557369232177734,0.6015228426395939
0.06558012962341309,0.6017041334300217
0.06560158729553223,0.6018854242204495
0.06560420989990234,0.6020667150108775
0.0656125545501709,0.6022480058013053
0.0656137466430664,0.6024292965917332
0.06561493873596191,0.602610587382161
0.06563448905944824,0.6027918781725888
0.06564188003540039,0.6029731689630167
0.06564998626708984,0.6031544597534445
0.0656578540802002,0.6033357505438723
0.06565976142883301,0.6035170413343002
0.06566333770751953,0.603698332124728
0.06566572189331055,0.603879622915156
0.06566786766052246,0.6040609137055838
0.06569766998291016,0.6042422044960116
0.06570243835449219,0.6044234952864395
0.0657038688659668,0.6046047860768673
0.0657050609588623,0.6047860768672951
0.06573104858398438,0.604967367657723
0.06573343276977539,0.6051486584481508
0.0657494068145752,0.6053299492385786
0.06576371192932129,0.6055112400290066
0.06577515602111816,0.6056925308194344
0.0658106803894043,0.6058738216098623
0.06581878662109375,0.6060551124002901
0.065826416015625,0.6062364031907179
0.06583666801452637,0.6064176939811458
0.06584334373474121,0.6065989847715736
0.06585335731506348,0.6067802755620014
0.06585502624511719,0.6069615663524293
0.0658576488494873,0.6071428571428571
0.06586098670959473,0.607324147933285
0.06586861610412598,0.6075054387237129
0.06591343879699707,0.6076867295141407
0.06591653823852539,0.6078680203045685
0.06591916084289551,0.6080493110949964
0.06592059135437012,0.6082306018854242
0.06592273712158203,0.608411892675852
0.06594443321228027,0.6085931834662799
0.0659494400024414,0.6087744742567077
0.06596827507019043,0.6089557650471356
0.06597542762756348,0.6091370558375635
0.06599712371826172,0.6093183466279913
0.06599926948547363,0.6094996374184192
0.06600022315979004,0.609680928208847
0.06600546836853027,0.6098622189992748
0.06600642204284668,0.6100435097897027
0.0660102367401123,0.6102248005801305
0.06603860855102539,0.6104060913705583
0.06605124473571777,0.6105873821609862
0.06605386734008789,0.610768672951414
0.06605696678161621,0.610949963741842
0.06606125831604004,0.6111312545322698
0.06606841087341309,0.6113125453226976
0.0660707950592041,0.6114938361131255
0.06608128547668457,0.6116751269035533
0.06608390808105469,0.6118564176939811
0.06609773635864258,0.612037708484409
0.06609869003295898,0.6122189992748368
0.06611084938049316,0.6124002900652646
0.06614422798156738,0.6125815808556925
0.06615138053894043,0.6127628716461204
0.06615257263183594,0.6129441624365483
0.06615352630615234,0.6131254532269761
0.06615877151489258,0.6133067440174039
0.06617021560668945,0.6134880348078318
0.06618237495422363,0.6136693255982596
0.0662083625793457,0.6138506163886874
0.06621217727661133,0.6140319071791153
0.06621766090393066,0.6142131979695431
0.06622529029846191,0.614394488759971
0.0662384033203125,0.6145757795503989
0.06624054908752441,0.6147570703408267
0.06626653671264648,0.6149383611312546
0.0662684440612793,0.6151196519216824
0.06628990173339844,0.6153009427121102
0.0663001537322998,0.6154822335025381
0.06630253791809082,0.6156635242929659
0.0663292407989502,0.6158448150833937
0.06633901596069336,0.6160261058738216
0.06636452674865723,0.6162073966642495
0.06637072563171387,0.6163886874546773
0.06637692451477051,0.6165699782451052
0.06639242172241211,0.616751269035533
0.06639575958251953,0.6169325598259608
0.06639838218688965,0.6171138506163887
0.06639981269836426,0.6172951414068165
0.06641769409179688,0.6174764321972444
0.06642818450927734,0.6176577229876722
0.06642937660217285,0.6178390137781
0.06643509864807129,0.618020304568528
0.06644296646118164,0.6182015953589558
0.06644845008850098,0.6183828861493836
0.06644916534423828,0.6185641769398115
0.06646370887756348,0.6187454677302393
0.06647038459777832,0.6189267585206671
0.06647348403930664,0.619108049311095
0.06647729873657227,0.6192893401015228
0.06648850440979004,0.6194706308919506
0.06649398803710938,0.6196519216823785
0.06652474403381348,0.6198332124728064
0.06652498245239258,0.6200145032632343
0.06652593612670898,0.6201957940536621
0.06653475761413574,0.6203770848440899
0.06653523445129395,0.6205583756345178
0.06654548645019531,0.6207396664249456
0.06658196449279785,0.6209209572153734
0.06658720970153809,0.6211022480058013
0.06660032272338867,0.6212835387962291
0.06660223007202148,0.621464829586657
0.06662654876708984,0.6216461203770849
0.06665277481079102,0.6218274111675127
0.0666646957397461,0.6220087019579406
0.0666663646697998,0.6221899927483684
0.0666663646697998,0.6223712835387962
0.06667327880859375,0.6225525743292241
0.06667590141296387,0.6227338651196519
0.06668353080749512,0.6229151559100797
0.06668353080749512,0.6230964467005076
0.06668806076049805,0.6232777374909355
0.06669116020202637,0.6234590282813633
0.06669187545776367,0.6236403190717912
0.0666968822479248,0.623821609862219
0.06669950485229492,0.6240029006526469
0.06670212745666504,0.6241841914430747
0.06670618057250977,0.6243654822335025
0.06671977043151855,0.6245467730239304
0.06672501564025879,0.6247280638143582
0.06673645973205566,0.624909354604786
0.06673765182495117,0.625090645395214
0.0667417049407959,0.6252719361856418
0.06674623489379883,0.6254532269760696
0.06675076484680176,0.6256345177664975
0.06676077842712402,0.6258158085569253
0.06676435470581055,0.6259970993473531
0.06676483154296875,0.626178390137781
0.06677484512329102,0.6263596809282088
0.06678152084350586,0.6265409717186367
0.06678199768066406,0.6267222625090645
0.0667867660522461,0.6269035532994924
0.0667877197265625,0.6270848440899203
0.06679558753967285,0.6272661348803481
0.06679725646972656,0.6274474256707759
0.06679821014404297,0.6276287164612038
0.06680560111999512,0.6278100072516316
0.06681418418884277,0.6279912980420594
0.06681513786315918,0.6281725888324873
0.06682133674621582,0.6283538796229151
0.06683230400085449,0.628535170413343
0.06683826446533203,0.6287164612037709
0.06684088706970215,0.6288977519941987
0.06684517860412598,0.6290790427846266
0.06686210632324219,0.6292603335750544
0.06686258316040039,0.6294416243654822
0.06686544418334961,0.6296229151559101
0.06689000129699707,0.6298042059463379
0.06689190864562988,0.6299854967367657
0.0668947696685791,0.6301667875271936
0.06691813468933105,0.6303480783176215
0.0669245719909668,0.6305293691080494
0.06693077087402344,0.6307106598984772
0.06693291664123535,0.630891950688905
0.06694221496582031,0.6310732414793329
0.06696200370788574,0.6312545322697607
0.06696200370788574,0.6314358230601885
0.0669703483581543,0.6316171138506164
0.06697869300842285,0.6317984046410442
0.06697893142700195,0.631979695431472
0.06698775291442871,0.6321609862219
0.06699299812316895,0.6323422770123278
0.06699824333190918,0.6325235678027556
0.06700277328491211,0.6327048585931835
0.06702041625976562,0.6328861493836113
0.06702256202697754,0.6330674401740392
0.06702566146850586,0.633248730964467
0.06703567504882812,0.6334300217548948
0.06703615188598633,0.6336113125453227
0.06704568862915039,0.6337926033357505
0.06704854965209961,0.6339738941261784
0.06705069541931152,0.6341551849166063
0.06705379486083984,0.6343364757070341
0.06706404685974121,0.6345177664974619
0.06706452369689941,0.6346990572878898
0.06706666946411133,0.6348803480783176
0.06707048416137695,0.6350616388687454
0.06707382202148438,0.6352429296591733
0.0670769214630127,0.6354242204496011
0.06707954406738281,0.635605511240029
0.06708645820617676,0.6357868020304569
0.06709456443786621,0.6359680928208847
0.0671083927154541,0.6361493836113126
0.06710982322692871,0.6363306744017404
0.06712055206298828,0.6365119651921682
0.0671241283416748,0.6366932559825961
0.06712746620178223,0.6368745467730239
0.06713652610778809,0.6370558375634517
0.06714582443237305,0.6372371283538796
0.06715917587280273,0.6374184191443075
0.06715965270996094,0.6375997099347354
0.06719660758972168,0.6377810007251632
0.0671989917755127,0.637962291515591
0.06721043586730957,0.6381435823060189
0.06722402572631836,0.6383248730964467
0.06724357604980469,0.6385061638868745
0.06724429130554199,0.6386874546773024
0.06725549697875977,0.6388687454677302
0.06725931167602539,0.639050036258158
0.06726956367492676,0.639231327048586
0.067291259765625,0.6394126178390138
0.06730031967163086,0.6395939086294417
0.06730031967163086,0.6397751994198695
0.06730055809020996,0.6399564902102973
0.06730508804321289,0.6401377810007252
0.0673060417175293,0.640319071791153
0.0673074722290039,0.6405003625815808
0.06730818748474121,0.6406816533720087
0.06731033325195312,0.6408629441624365
0.06731295585632324,0.6410442349528644
0.06731748580932617,0.6412255257432923
0.06731748580932617,0.6414068165337201
0.06733512878417969,0.641588107324148
0.06733870506286621,0.6417693981145758
0.067352294921875,0.6419506889050036
0.06735610961914062,0.6421319796954315
0.06735682487487793,0.6423132704858593
0.06735920906066895,0.6424945612762871
0.06738519668579102,0.642675852066715
0.06738591194152832,0.6428571428571429
0.06739354133605957,0.6430384336475707
0.06740045547485352,0.6432197244379986
0.06741499900817871,0.6434010152284264
0.06742358207702637,0.6435823060188542
0.06742405891418457,0.6437635968092821
0.06743335723876953,0.6439448875997099
0.06744074821472168,0.6441261783901377
0.06744933128356934,0.6443074691805656
0.06746029853820801,0.6444887599709934
0.06746339797973633,0.6446700507614214
0.06747007369995117,0.6448513415518492
0.06747245788574219,0.645032632342277
0.0674753189086914,0.6452139231327049
0.06748676300048828,0.6453952139231327
0.06749510765075684,0.6455765047135605
0.06750249862670898,0.6457577955039884
0.06750941276550293,0.6459390862944162
0.06751775741577148,0.646120377084844
0.06752181053161621,0.646301667875272
0.06752586364746094,0.6464829586656998
0.06752872467041016,0.6466642494561277
0.06753683090209961,0.6468455402465555
0.06753826141357422,0.6470268310369833
0.06754636764526367,0.6472081218274112
0.06755185127258301,0.647389412617839
0.06756067276000977,0.6475707034082668
0.06756186485290527,0.6477519941986947
0.0675668716430664,0.6479332849891225
0.06756854057312012,0.6481145757795505
0.06757402420043945,0.6482958665699783
0.06757736206054688,0.6484771573604061
0.06758666038513184,0.648658448150834
0.06759977340698242,0.6488397389412618
0.06761598587036133,0.6490210297316896
0.06762146949768066,0.6492023205221175
0.06765413284301758,0.6493836113125453
0.0676565170288086,0.6495649021029731
0.06766462326049805,0.649746192893401
0.06766819953918457,0.6499274836838289
0.06768107414245605,0.6501087744742567
0.06768226623535156,0.6502900652646846
0.0676875114440918,0.6504713560551124
0.06769609451293945,0.6506526468455403
0.0677032470703125,0.6508339376359681
0.0677037239074707,0.6510152284263959
0.06770539283752441,0.6511965192168238
0.06770753860473633,0.6513778100072516
0.06771087646484375,0.6515591007976794
0.06771445274353027,0.6517403915881074
0.06772947311401367,0.6519216823785352
0.06772994995117188,0.652102973168963
0.06773686408996582,0.6522842639593909
0.06774163246154785,0.6524655547498187
0.06774425506591797,0.6526468455402465
0.06774592399597168,0.6528281363306744
0.06775355339050293,0.6530094271211022
0.06775736808776855,0.65319071791153
0.0677642822265625,0.653372008701958
0.0677649974822998,0.6535532994923858
0.06776690483093262,0.6537345902828137
0.06776714324951172,0.6539158810732415
0.06776881217956543,0.6540971718636693
0.06777215003967285,0.6542784626540972
0.06777477264404297,0.654459753444525
0.06778979301452637,0.6546410442349528
0.06779241561889648,0.6548223350253807
0.0677945613861084,0.6550036258158085
0.06779646873474121,0.6551849166062365
0.06779670715332031,0.6553662073966643
0.06779837608337402,0.6555474981870921
0.06779956817626953,0.65572878897752
0.06781339645385742,0.6559100797679478
0.06781816482543945,0.6560913705583756
0.06781816482543945,0.6562726613488035
0.06782412528991699,0.6564539521392313
0.0678250789642334,0.6566352429296591
0.06782674789428711,0.656816533720087
0.06783080101013184,0.6569978245105149
0.06783437728881836,0.6571791153009428
0.06783556938171387,0.6573604060913706
0.06783652305603027,0.6575416968817984
0.06783938407897949,0.6577229876722263
0.0678551197052002,0.6579042784626541
0.0678565502166748,0.6580855692530819
0.06786012649536133,0.6582668600435098
0.06786513328552246,0.6584481508339376
0.06786608695983887,0.6586294416243654
0.06786727905273438,0.6588107324147934
0.06786823272705078,0.6589920232052212
0.0678718090057373,0.659173313995649
0.06787323951721191,0.6593546047860769
0.06787443161010742,0.6595358955765047
0.06788039207458496,0.6597171863669326
0.06788158416748047,0.6598984771573604
0.06788897514343262,0.6600797679477882
0.06788945198059082,0.6602610587382161
0.06789517402648926,0.6604423495286439
0.06789684295654297,0.6606236403190718
0.0679025650024414,0.6608049311094997
0.06790447235107422,0.6609862218999275
0.06790614128112793,0.6611675126903553
0.06790614128112793,0.6613488034807832
0.06790685653686523,0.661530094271211
0.06790757179260254,0.6617113850616388
0.06790804862976074,0.6618926758520667
0.06791353225708008,0.6620739666424945
0.06791496276855469,0.6622552574329225
0.06791520118713379,0.6624365482233503
0.06791996955871582,0.6626178390137781
0.06792807579040527,0.662799129804206
0.0679330825805664,0.6629804205946338
0.06793737411499023,0.6631617113850616
0.06794357299804688,0.6633430021754895
0.06794428825378418,0.6635242929659173
0.06794619560241699,0.6637055837563451
0.06794619560241699,0.663886874546773
0.06794619560241699,0.6640681653372009
0.06795382499694824,0.6642494561276288
0.06795406341552734,0.6644307469180566
0.06795668601989746,0.6646120377084844
0.06796073913574219,0.6647933284989123
0.0679619312286377,0.6649746192893401
0.06796765327453613,0.6651559100797679
0.06796884536743164,0.6653372008701958
0.06797218322753906,0.6655184916606236
0.06797242164611816,0.6656997824510514
0.0679769515991211,0.6658810732414794
0.06798076629638672,0.6660623640319072
0.06798195838928223,0.666243654822335
0.06798243522644043,0.6664249456127629
0.06798291206359863,0.6666062364031907
0.06798434257507324,0.6667875271936186
0.06798529624938965,0.6669688179840464
0.06798577308654785,0.6671501087744742
0.06798577308654785,0.6673313995649021
0.06798768043518066,0.6675126903553299
0.06798839569091797,0.6676939811457578
0.06799173355102539,0.6678752719361857
0.06799554824829102,0.6680565627266135
0.06799554824829102,0.6682378535170413
0.06799721717834473,0.6684191443074692
0.06799936294555664,0.668600435097897
0.06800150871276855,0.6687817258883249
0.06800675392150879,0.6689630166787527
0.06801414489746094,0.6691443074691805
0.06802225112915039,0.6693255982596084
0.0680241584777832,0.6695068890500363
0.06802678108215332,0.6696881798404641
0.06802988052368164,0.669869470630892
0.06803083419799805,0.6700507614213198
0.06803154945373535,0.6702320522117476
0.0680387020111084,0.6704133430021755
0.06804180145263672,0.6705946337926033
0.06804394721984863,0.6707759245830311
0.06804418563842773,0.670957215373459
0.06804490089416504,0.6711385061638869
0.06805896759033203,0.6713197969543148
0.06806445121765137,0.6715010877447426
0.06806468963623047,0.6716823785351704
0.06806588172912598,0.6718636693255983
0.06806683540344238,0.6720449601160261
0.06808686256408691,0.6722262509064539
0.06808686256408691,0.6724075416968818
0.06809067726135254,0.6725888324873096
0.06809306144714355,0.6727701232777374
0.06810498237609863,0.6729514140681654
0.06811308860778809,0.6731327048585932
0.068115234375,0.6733139956490211
0.06812500953674316,0.6734952864394489
0.0681302547454834,0.6736765772298767
0.06813168525695801,0.6738578680203046
0.06813240051269531,0.6740391588107324
0.06813740730285645,0.6742204496011602
0.06814122200012207,0.6744017403915881
0.0681464672088623,0.6745830311820159
0.06814861297607422,0.6747643219724438
0.06815361976623535,0.6749456127628717
0.06815505027770996,0.6751269035532995
0.06815791130065918,0.6753081943437274
0.0681610107421875,0.6754894851341552
0.06816530227661133,0.675670775924583
0.06816816329956055,0.6758520667150109
0.06816864013671875,0.6760333575054387
0.06816959381103516,0.6762146482958665
0.06818509101867676,0.6763959390862944
0.06819272041320801,0.6765772298767223
0.06820034980773926,0.6767585206671501
0.06820392608642578,0.676939811457578
0.06820487976074219,0.6771211022480058
0.06821393966674805,0.6773023930384336
0.06821465492248535,0.6774836838288615
0.06821799278259277,0.6776649746192893
0.06822490692138672,0.6778462654097172
0.06822729110717773,0.678027556200145
0.06822800636291504,0.6782088469905729
0.06823062896728516,0.6783901377810008
0.0682375431060791,0.6785714285714286
0.06825685501098633,0.6787527193618564
0.06825876235961914,0.6789340101522843
0.06827163696289062,0.6791153009427121
0.06827306747436523,0.6792965917331399
0.06827497482299805,0.6794778825235678
0.06827569007873535,0.6796591733139956
0.06827855110168457,0.6798404641044234
0.06827926635742188,0.6800217548948514
0.06827998161315918,0.6802030456852792
0.06828069686889648,0.6803843364757071
0.06829142570495605,0.6805656272661349
0.06829237937927246,0.6807469180565627
0.06829237937927246,0.6809282088469906
0.06829380989074707,0.6811094996374184
0.06829452514648438,0.6812907904278462
0.06830286979675293,0.6814720812182741
0.06830286979675293,0.6816533720087019
0.06831097602844238,0.6818346627991299
0.06831765174865723,0.6820159535895577
0.06832671165466309,0.6821972443799855
0.06833076477050781,0.6823785351704134
0.06833100318908691,0.6825598259608412
0.06833291053771973,0.682741116751269
0.06834173202514648,0.6829224075416969
0.06834769248962402,0.6831036983321247
0.06835103034973145,0.6832849891225525
0.06835746765136719,0.6834662799129804
0.06836676597595215,0.6836475707034083
0.0683748722076416,0.6838288614938361
0.06837892532348633,0.684010152284264
0.06838345527648926,0.6841914430746918
0.06838750839233398,0.6843727338651197
0.06839609146118164,0.6845540246555475
0.06840014457702637,0.6847353154459753
0.0684058666229248,0.6849166062364032
0.06840729713439941,0.685097897026831
0.06841421127319336,0.6852791878172588
0.06842041015625,0.6854604786076868
0.06843137741088867,0.6856417693981146
0.0684361457824707,0.6858230601885424
0.06844091415405273,0.6860043509789703
0.06844282150268555,0.6861856417693981
0.06844902038574219,0.686366932559826
0.06846141815185547,0.6865482233502538
0.06847286224365234,0.6867295141406816
0.06848573684692383,0.6869108049311095
0.06848597526550293,0.6870920957215374
0.0685129165649414,0.6872733865119652
0.06853675842285156,0.6874546773023931
0.06854510307312012,0.6876359680928209
0.06855177879333496,0.6878172588832487
0.0685577392578125,0.6879985496736766
0.06857514381408691,0.6881798404641044
0.06857776641845703,0.6883611312545322
0.06858420372009277,0.6885424220449601
0.06858515739440918,0.6887237128353879
0.06858563423156738,0.6889050036258159
0.06859374046325684,0.6890862944162437
0.06859803199768066,0.6892675852066715
0.06859946250915527,0.6894488759970994
0.06862330436706543,0.6896301667875272
0.06862640380859375,0.689811457577955
0.06862998008728027,0.6899927483683829
0.06863713264465332,0.6901740391588107
0.06863760948181152,0.6903553299492385
0.06866765022277832,0.6905366207396664
0.06866908073425293,0.6907179115300943
0.06867337226867676,0.6908992023205222
0.06867527961730957,0.69108049311095
0.06868481636047363,0.6912617839013778
0.06868553161621094,0.6914430746918057
0.06868886947631836,0.6916243654822335
0.06869721412658691,0.6918056562726613
0.06870388984680176,0.6919869470630892
0.06870746612548828,0.692168237853517
0.0687096118927002,0.6923495286439448
0.06871628761291504,0.6925308194343728
0.0687260627746582,0.6927121102248006
0.06872844696044922,0.6928934010152284
0.0687408447265625,0.6930746918056563
0.06874442100524902,0.6932559825960841
0.06874561309814453,0.693437273386512
0.06876659393310547,0.6936185641769398
0.06877350807189941,0.6937998549673676
0.06879258155822754,0.6939811457577955
0.06879329681396484,0.6941624365482234
0.06880569458007812,0.6943437273386512
0.06883525848388672,0.6945250181290791
0.06884121894836426,0.6947063089195069
0.06884956359863281,0.6948875997099347
0.06884980201721191,0.6950688905003626
0.06886029243469238,0.6952501812907904
0.06886100769042969,0.6954314720812182
0.06888318061828613,0.6956127628716461
0.0688924789428711,0.6957940536620739
0.06891083717346191,0.6959753444525019
0.06891942024230957,0.6961566352429297
0.06894588470458984,0.6963379260333575
0.06894731521606445,0.6965192168237854
0.06895184516906738,0.6967005076142132
0.0689544677734375,0.696881798404641
0.06895780563354492,0.6970630891950689
0.06896090507507324,0.6972443799854967
0.06896662712097168,0.6974256707759245
0.0689694881439209,0.6976069615663524
0.06897354125976562,0.6977882523567803
0.06897401809692383,0.6979695431472082
0.06898689270019531,0.698150833937636
0.06898713111877441,0.6983321247280638
0.06899142265319824,0.6985134155184917
0.06899166107177734,0.6986947063089195
0.06899309158325195,0.6988759970993473
0.0690000057220459,0.6990572878897752
0.06900978088378906,0.699238578680203
0.06901049613952637,0.6994198694706308
0.06903195381164551,0.6996011602610588
0.06903433799743652,0.6997824510514866
0.06903648376464844,0.6999637418419145
0.06903791427612305,0.7001450326323423
0.06904482841491699,0.7003263234227701
0.06905055046081543,0.700507614213198
0.06905698776245117,0.7006889050036258
0.06907820701599121,0.7008701957940536
0.0690920352935791,0.7010514865844815
0.06909799575805664,0.7012327773749093
0.06910109519958496,0.7014140681653372
0.06910276412963867,0.7015953589557651
0.06911778450012207,0.7017766497461929
0.0691370964050293,0.7019579405366208
0.06913948059082031,0.7021392313270486
0.06914043426513672,0.7023205221174764
0.06915068626403809,0.7025018129079043
0.06915402412414551,0.7026831036983321
0.06920742988586426,0.7028643944887599
0.06921195983886719,0.7030456852791879
0.06922340393066406,0.7032269760696157
0.06922459602355957,0.7034082668600435
0.06922721862792969,0.7035895576504714
0.06923270225524902,0.7037708484408992
0.06923341751098633,0.703952139231327
0.06923508644104004,0.7041334300217549
0.06924128532409668,0.7043147208121827
0.0692453384399414,0.7044960116026106
0.06925058364868164,0.7046773023930384
0.06926369667053223,0.7048585931834663
0.06926560401916504,0.7050398839738942
0.06927227973937988,0.705221174764322
0.06928634643554688,0.7054024655547498
0.0692906379699707,0.7055837563451777
0.06932210922241211,0.7057650471356055
0.06933879852294922,0.7059463379260333
0.06934118270874023,0.7061276287164612
0.06934714317321777,0.706308919506889
0.0693507194519043,0.7064902102973168
0.06936311721801758,0.7066715010877448
0.06938028335571289,0.7068527918781726
0.0693817138671875,0.7070340826686005
0.0693967342376709,0.7072153734590283
0.06942129135131836,0.7073966642494561
0.06942319869995117,0.707577955039884
0.06943607330322266,0.7077592458303118
0.06946015357971191,0.7079405366207396
0.06946206092834473,0.7081218274111675
0.06946444511413574,0.7083031182015953
0.0694742202758789,0.7084844089920233
0.0695335865020752,0.7086656997824511
0.06956267356872559,0.7088469905728789
0.06957817077636719,0.7090282813633068
0.06958317756652832,0.7092095721537346
0.06958723068237305,0.7093908629441624
0.06958937644958496,0.7095721537345903
0.06960797309875488,0.7097534445250181
0.06961178779602051,0.7099347353154459
0.06961631774902344,0.7101160261058739
0.06962108612060547,0.7102973168963017
0.06962466239929199,0.7104786076867295
0.06963205337524414,0.7106598984771574
0.06963777542114258,0.7108411892675852
0.06965255737304688,0.711022480058013
0.06968355178833008,0.7112037708484409
0.06968355178833008,0.7113850616388687
0.0697019100189209,0.7115663524292966
0.06971263885498047,0.7117476432197244
0.06972098350524902,0.7119289340101523
0.06972336769104004,0.7121102248005802
0.06974148750305176,0.712291515591008
0.06975769996643066,0.7124728063814358
0.06976842880249023,0.7126540971718637
0.06977701187133789,0.7128353879622915
0.0697786808013916,0.7130166787527193
0.06978178024291992,0.7131979695431472
0.06978607177734375,0.713379260333575
0.06981182098388672,0.7135605511240029
0.06981325149536133,0.7137418419144308
0.06981658935546875,0.7139231327048586
0.06981658935546875,0.7141044234952865
0.06983256340026855,0.7142857142857143
0.06983280181884766,0.7144670050761421
0.0698401927947998,0.71464829586657
0.06985116004943848,0.7148295866569978
0.06987380981445312,0.7150108774474256
0.06987786293029785,0.7151921682378535
0.0698854923248291,0.7153734590282813
0.06992697715759277,0.7155547498187093
0.06993961334228516,0.7157360406091371
0.06994795799255371,0.7159173313995649
0.06995344161987305,0.7160986221899928
0.06995820999145508,0.7162799129804206
0.06996297836303711,0.7164612037708484
0.06997871398925781,0.7166424945612763
0.06998085975646973,0.7168237853517041
0.06998610496520996,0.7170050761421319
0.06998705863952637,0.7171863669325598
0.06998944282531738,0.7173676577229877
0.07003927230834961,0.7175489485134156
0.07004094123840332,0.7177302393038434
0.07006335258483887,0.7179115300942712
0.07007241249084473,0.7180928208846991
0.07010006904602051,0.7182741116751269
0.07010436058044434,0.7184554024655547
0.07013416290283203,0.7186366932559826
0.07013511657714844,0.7188179840464104
0.07014608383178711,0.7189992748368383
0.07015371322631836,0.7191805656272662
0.07018494606018066,0.719361856417694
0.07020735740661621,0.7195431472081218
0.07021570205688477,0.7197244379985497
0.07021856307983398,0.7199057287889775
0.07021880149841309,0.7200870195794054
0.07023072242736816,0.7202683103698332
0.07024621963500977,0.720449601160261
0.07028555870056152,0.7206308919506889
0.07028555870056152,0.7208121827411168
0.0702962875366211,0.7209934735315446
0.07030057907104492,0.7211747643219725
0.07030248641967773,0.7213560551124003
0.07030272483825684,0.7215373459028281
0.07030773162841797,0.721718636693256
0.07031393051147461,0.7218999274836838
0.07031655311584473,0.7220812182741116
0.07031655311584473,0.7222625090645395
0.07031822204589844,0.7224437998549673
0.07033228874206543,0.7226250906453953
0.07038998603820801,0.7228063814358231
0.07039284706115723,0.7229876722262509
0.07039475440979004,0.7231689630166788
0.0704030990600586,0.7233502538071066
0.0704038143157959,0.7235315445975344
0.0704047679901123,0.7237128353879623
0.07041811943054199,0.7238941261783901
0.07042646408081055,0.7240754169688179
0.07044839859008789,0.7242567077592458
0.07045531272888184,0.7244379985496737
0.07046389579772949,0.7246192893401016
0.07047438621520996,0.7248005801305294
0.07049107551574707,0.7249818709209572
0.0705268383026123,0.7251631617113851
0.07053327560424805,0.7253444525018129
0.07055234909057617,0.7255257432922407
0.07055330276489258,0.7257070340826686
0.07055902481079102,0.7258883248730964
0.07056021690368652,0.7260696156635243
0.07056307792663574,0.7262509064539522
0.0705718994140625,0.72643219724438
0.07058501243591309,0.7266134880348079
0.07058882713317871,0.7267947788252357
0.0706028938293457,0.7269760696156635
0.07060670852661133,0.7271573604060914
0.0706171989440918,0.7273386511965192
0.07062077522277832,0.727519941986947
0.07062101364135742,0.7277012327773749
0.07062458992004395,0.7278825235678028
0.07062911987304688,0.7280638143582306
0.07063174247741699,0.7282451051486585
0.07063603401184082,0.7284263959390863
0.07064461708068848,0.7286076867295141
0.070648193359375,0.728788977519942
0.07065606117248535,0.7289702683103698
0.07065916061401367,0.7291515591007977
0.07065939903259277,0.7293328498912255
0.07066512107849121,0.7295141406816533
0.07067728042602539,0.7296954314720813
0.07068395614624023,0.7298767222625091
0.07069730758666992,0.7300580130529369
0.07070279121398926,0.7302393038433648
0.07070302963256836,0.7304205946337926
0.0707399845123291,0.7306018854242204
0.07074093818664551,0.7307831762146483
0.07074475288391113,0.7309644670050761
0.07074499130249023,0.731145757795504
0.0707547664642334,0.7313270485859318
0.07077789306640625,0.7315083393763597
0.07077908515930176,0.7316896301667876
0.07078242301940918,0.7318709209572154
0.07078719139099121,0.7320522117476432
0.07079720497131348,0.7322335025380711
0.0708005428314209,0.7324147933284989
0.07080793380737305,0.7325960841189267
0.07081246376037598,0.7327773749093546
0.07081484794616699,0.7329586656997824
0.0708155632019043,0.7331399564902102
0.07082223892211914,0.7333212472806382
0.07083868980407715,0.733502538071066
0.07084226608276367,0.7336838288614939
0.07084488868713379,0.7338651196519217
0.0708768367767334,0.7340464104423495
0.07088541984558105,0.7342277012327774
0.07088994979858398,0.7344089920232052
0.07089018821716309,0.734590282813633
0.07089710235595703,0.7347715736040609
0.07091116905212402,0.7349528643944888
0.07091689109802246,0.7351341551849166
0.07092022895812988,0.7353154459753445
0.07092547416687012,0.7354967367657723
0.07094097137451172,0.7356780275562002
0.07096242904663086,0.735859318346628
0.0709681510925293,0.7360406091370558
0.0709688663482666,0.7362218999274837
0.07097053527832031,0.7364031907179115
0.07097673416137695,0.7365844815083393
0.0709836483001709,0.7367657722987673
0.0709841251373291,0.7369470630891951
0.07098507881164551,0.7371283538796229
0.07098650932312012,0.7373096446700508
0.07098913192749023,0.7374909354604786
0.07100152969360352,0.7376722262509064
0.07100296020507812,0.7378535170413343
0.07101273536682129,0.7380348078317621
0.07102680206298828,0.73821609862219
0.07104611396789551,0.7383973894126178
0.07104849815368652,0.7385786802030457
0.07105708122253418,0.7387599709934736
0.07105875015258789,0.7389412617839014
0.07108736038208008,0.7391225525743292
0.07108759880065918,0.7393038433647571
0.07108807563781738,0.7394851341551849
0.07109689712524414,0.7396664249456127
0.07110428810119629,0.7398477157360406
0.07110905647277832,0.7400290065264684
0.07111096382141113,0.7402102973168962
0.07112431526184082,0.7403915881073242
0.07113933563232422,0.740572878897752
0.07114791870117188,0.7407541696881799
0.07115912437438965,0.7409354604786077
0.0711662769317627,0.7411167512690355
0.07117748260498047,0.7412980420594634
0.07119131088256836,0.7414793328498912
0.07119584083557129,0.741660623640319
0.0712137222290039,0.7418419144307469
0.07121706008911133,0.7420232052211748
0.07122182846069336,0.7422044960116027
0.07122611999511719,0.7423857868020305
0.07123470306396484,0.7425670775924583
0.07124114036560059,0.7427483683828862
0.07124590873718262,0.742929659173314
0.07124805450439453,0.7431109499637418
0.07125186920166016,0.7432922407541697
0.071258544921875,0.7434735315445975
0.07125973701477051,0.7436548223350253
0.07126569747924805,0.7438361131254533
0.07126784324645996,0.7440174039158811
0.07127666473388672,0.744198694706309
0.07129192352294922,0.7443799854967368
0.07129621505737305,0.7445612762871646
0.07130169868469238,0.7447425670775925
0.07130289077758789,0.7449238578680203
0.0713040828704834,0.7451051486584481
0.07133936882019043,0.745286439448876
0.07134008407592773,0.7454677302393038
0.07135248184204102,0.7456490210297317
0.07135772705078125,0.7458303118201596
0.07138347625732422,0.7460116026105874
0.07140827178955078,0.7461928934010152
0.0714104175567627,0.7463741841914431
0.07141780853271484,0.7465554749818709
0.07142925262451172,0.7467367657722987
0.07142925262451172,0.7469180565627266
0.07143425941467285,0.7470993473531544
0.07143712043762207,0.7472806381435823
0.07143878936767578,0.7474619289340102
0.07144856452941895,0.747643219724438
0.07146644592285156,0.7478245105148659
0.07147550582885742,0.7480058013052937
0.07147789001464844,0.7481870920957215
0.07148098945617676,0.7483683828861494
0.07148504257202148,0.7485496736765772
0.07150626182556152,0.748730964467005
0.07150912284851074,0.7489122552574329
0.07150983810424805,0.7490935460478607
0.07152295112609863,0.7492748368382887
0.07152366638183594,0.7494561276287165
0.07152986526489258,0.7496374184191443
0.07153201103210449,0.7498187092095722
0.07153844833374023,0.75
0.07154393196105957,0.7501812907904278
0.07154417037963867,0.7503625815808557
0.0715491771697998,0.7505438723712835
0.07155036926269531,0.7507251631617113
0.07155776023864746,0.7509064539521393
0.0715627670288086,0.7510877447425671
0.0715644359588623,0.751269035532995
0.07156610488891602,0.7514503263234228
0.07156658172607422,0.7516316171138506
0.07158493995666504,0.7518129079042785
0.07159042358398438,0.7519941986947063
0.07159185409545898,0.7521754894851341
0.07159638404846191,0.752356780275562
0.07159805297851562,0.7525380710659898
0.07159948348999023,0.7527193618564177
0.07160234451293945,0.7529006526468456
0.07160305976867676,0.7530819434372734
0.0716242790222168,0.7532632342277013
0.07163071632385254,0.7534445250181291
0.07165122032165527,0.7536258158085569
0.07165193557739258,0.7538071065989848
0.07165837287902832,0.7539883973894126
0.07165932655334473,0.7541696881798404
0.07166194915771484,0.7543509789702683
0.07167553901672363,0.7545322697606962
0.07167983055114746,0.754713560551124
0.0716848373413086,0.7548948513415519
0.0716865062713623,0.7550761421319797
0.07169389724731445,0.7552574329224075
0.07169938087463379,0.7554387237128354
0.07171201705932617,0.7556200145032632
0.07171750068664551,0.755801305293691
0.07172179222106934,0.7559825960841189
0.07172894477844238,0.7561638868745467
0.07173442840576172,0.7563451776649747
0.07176446914672852,0.7565264684554025
0.07176828384399414,0.7567077592458303
0.07177066802978516,0.7568890500362582
0.07177591323852539,0.757070340826686
0.07178688049316406,0.7572516316171138
0.0717916488647461,0.7574329224075417
0.07180547714233398,0.7576142131979695
0.07181000709533691,0.7577955039883973
0.07181406021118164,0.7579767947788252
0.07181501388549805,0.7581580855692531
0.07181572914123535,0.758339376359681
0.07181859016418457,0.7585206671501088
0.07181859016418457,0.7587019579405366
0.0718231201171875,0.7588832487309645
0.07182765007019043,0.7590645395213923
0.07183146476745605,0.7592458303118201
0.07183670997619629,0.759427121102248
0.07184219360351562,0.7596084118926758
0.07184648513793945,0.7597897026831038
0.07185220718383789,0.7599709934735316
0.07185983657836914,0.7601522842639594
0.07186150550842285,0.7603335750543873
0.0718686580657959,0.7605148658448151
0.07187223434448242,0.7606961566352429
0.07187390327453613,0.7608774474256708
0.07187533378601074,0.7610587382160986
0.07187914848327637,0.7612400290065264
0.0718843936920166,0.7614213197969543
0.0718996524810791,0.7616026105873822
0.07190084457397461,0.76178390137781
0.07190561294555664,0.7619651921682379
0.07190895080566406,0.7621464829586657
0.07191014289855957,0.7623277737490936
0.07191276550292969,0.7625090645395214
0.07191777229309082,0.7626903553299492
0.07191967964172363,0.7628716461203771
0.07192397117614746,0.7630529369108049
0.07193636894226074,0.7632342277012327
0.07194352149963379,0.7634155184916607
0.0719461441040039,0.7635968092820885
0.07195615768432617,0.7637781000725163
0.0719599723815918,0.7639593908629442
0.0719606876373291,0.764140681653372
0.0719614028930664,0.7643219724437998
0.07196593284606934,0.7645032632342277
0.07196640968322754,0.7646845540246555
0.07196736335754395,0.7648658448150834
0.07196879386901855,0.7650471356055112
0.07197189331054688,0.7652284263959391
0.0719904899597168,0.765409717186367
0.07200050354003906,0.7655910079767948
0.07201790809631348,0.7657722987672226
0.07201862335205078,0.7659535895576505
0.07201981544494629,0.7661348803480783
0.07202339172363281,0.7663161711385061
0.07202339172363281,0.766497461928934
0.07202529907226562,0.7666787527193618
0.07203197479248047,0.7668600435097898
0.07203269004821777,0.7670413343002176
0.0720365047454834,0.7672226250906454
0.07204008102416992,0.7674039158810733
0.07204222679138184,0.7675852066715011
0.07204294204711914,0.7677664974619289
0.07204818725585938,0.7679477882523568
0.0720517635345459,0.7681290790427846
0.07205462455749512,0.7683103698332124
0.07205486297607422,0.7684916606236403
0.07205581665039062,0.7686729514140682
0.07206392288208008,0.768854242204496
0.07207179069519043,0.7690355329949239
0.07207298278808594,0.7692168237853517
0.07207441329956055,0.7693981145757796
0.07207489013671875,0.7695794053662074
0.07207822799682617,0.7697606961566352
0.07209348678588867,0.7699419869470631
0.0720975399017334,0.7701232777374909
0.0720984935760498,0.7703045685279187
0.07210874557495117,0.7704858593183467
0.07210898399353027,0.7706671501087745
0.07211709022521973,0.7708484408992023
0.07212066650390625,0.7710297316896302
0.07212209701538086,0.771211022480058
0.07212567329406738,0.7713923132704859
0.07212662696838379,0.7715736040609137
0.07213258743286133,0.7717548948513415
0.07213330268859863,0.7719361856417694
0.07213664054870605,0.7721174764321972
0.0721442699432373,0.7722987672226251
0.07214927673339844,0.772480058013053
0.07215166091918945,0.7726613488034808
0.07216453552246094,0.7728426395939086
0.07216501235961914,0.7730239303843365
0.07216715812683105,0.7732052211747643
0.0721750259399414,0.7733865119651921
0.07217550277709961,0.77356780275562
0.07219386100769043,0.7737490935460478
0.07220125198364258,0.7739303843364757
0.07220268249511719,0.7741116751269036
0.07220458984375,0.7742929659173314
0.07220792770385742,0.7744742567077593
0.07221555709838867,0.7746555474981871
0.07221627235412598,0.7748368382886149
0.07222414016723633,0.7750181290790428
0.07223129272460938,0.7751994198694706
0.07223296165466309,0.7753807106598984
0.07223796844482422,0.7755620014503263
0.07224035263061523,0.7757432922407542
0.07224130630493164,0.7759245830311821
0.0722818374633789,0.7761058738216099
0.07228422164916992,0.7762871646120377
0.07228517532348633,0.7764684554024656
0.0722963809967041,0.7766497461928934
0.0722966194152832,0.7768310369833212
0.07229828834533691,0.7770123277737491
0.07230067253112793,0.7771936185641769
0.07230567932128906,0.7773749093546047
0.07230615615844727,0.7775562001450327
0.07230782508850098,0.7777374909354605
0.07231855392456055,0.7779187817258884
0.07231879234313965,0.7781000725163162
0.07232117652893066,0.778281363306744
0.07232666015625,0.7784626540971719
0.07234978675842285,0.7786439448875997
0.07235407829284668,0.7788252356780275
0.0723562240600586,0.7790065264684554
0.0723569393157959,0.7791878172588832
0.07236027717590332,0.7793691080493111
0.07236075401306152,0.779550398839739
0.07236814498901367,0.7797316896301668
0.07237815856933594,0.7799129804205946
0.07238006591796875,0.7800942712110225
0.0723869800567627,0.7802755620014503
0.07240533828735352,0.7804568527918782
0.07240700721740723,0.780638143582306
0.07240915298461914,0.7808194343727338
0.07241034507751465,0.7810007251631617
0.07241368293762207,0.7811820159535896
0.07241392135620117,0.7813633067440174
0.07242274284362793,0.7815445975344453
0.07242321968078613,0.7817258883248731
0.0724484920501709,0.7819071791153009
0.07246208190917969,0.7820884699057288
0.07246708869934082,0.7822697606961566
0.0724802017211914,0.7824510514865844
0.07249808311462402,0.7826323422770123
0.07252192497253418,0.7828136330674402
0.07252717018127441,0.7829949238578681
0.07254147529602051,0.7831762146482959
0.0725545883178711,0.7833575054387237
0.07255911827087402,0.7835387962291516
0.07256627082824707,0.7837200870195794
0.07256770133972168,0.7839013778100072
0.07257771492004395,0.7840826686004351
0.0725865364074707,0.7842639593908629
0.07259821891784668,0.7844452501812907
0.07261943817138672,0.7846265409717187
0.0726325511932373,0.7848078317621465
0.07263302803039551,0.7849891225525744
0.07263493537902832,0.7851704133430022
0.07265758514404297,0.78535170413343
0.07265973091125488,0.7855329949238579
0.07266354560852051,0.7857142857142857
0.07268548011779785,0.7858955765047135
0.07268857955932617,0.7860768672951414
0.07269930839538574,0.7862581580855692
0.07269954681396484,0.7864394488759971
0.07270550727844238,0.786620739666425
0.07274675369262695,0.7868020304568528
0.07274746894836426,0.7869833212472807
0.07276558876037598,0.7871646120377085
0.07279253005981445,0.7873459028281363
0.07280349731445312,0.7875271936185642
0.07280373573303223,0.787708484408992
0.07280445098876953,0.7878897751994198
0.07280707359313965,0.7880710659898477
0.07280778884887695,0.7882523567802756
0.07281708717346191,0.7884336475707034
0.07281947135925293,0.7886149383611313
0.07281994819641113,0.7887962291515591
0.0728302001953125,0.788977519941987
0.07284426689147949,0.7891588107324148
0.0728456974029541,0.7893401015228426
0.07290101051330566,0.7895213923132705
0.07292461395263672,0.7897026831036983
0.07292962074279785,0.7898839738941261
0.07292985916137695,0.7900652646845541
0.07293915748596191,0.7902465554749819
0.07294988632202148,0.7904278462654097
0.07295560836791992,0.7906091370558376
0.07295942306518555,0.7907904278462654
0.07297325134277344,0.7909717186366932
0.0729837417602539,0.7911530094271211
0.07299017906188965,0.7913343002175489
0.07300400733947754,0.7915155910079767
0.07302141189575195,0.7916968817984047
0.07303476333618164,0.7918781725888325
0.0730428695678711,0.7920594633792604
0.07305288314819336,0.7922407541696882
0.07305359840393066,0.792422044960116
0.0730595588684082,0.7926033357505439
0.07307648658752441,0.7927846265409717
0.0730905532836914,0.7929659173313995
0.07309865951538086,0.7931472081218274
0.07310342788696289,0.7933284989122552
0.07310700416564941,0.7935097897026832
0.07310867309570312,0.793691080493111
0.07311892509460449,0.7938723712835388
0.07312846183776855,0.7940536620739667
0.07312917709350586,0.7942349528643945
0.07314538955688477,0.7944162436548223
0.07315421104431152,0.7945975344452502
0.07317614555358887,0.794778825235678
0.07321691513061523,0.7949601160261058
0.07322978973388672,0.7951414068165337
0.07323002815246582,0.7953226976069616
0.07323789596557617,0.7955039883973894
0.0732574462890625,0.7956852791878173
0.07328438758850098,0.7958665699782451
0.0732872486114502,0.796047860768673
0.07329034805297852,0.7962291515591008
0.07329535484313965,0.7964104423495286
0.0733036994934082,0.7965917331399565
0.07332205772399902,0.7967730239303843
0.07333540916442871,0.7969543147208121
0.07334208488464355,0.7971356055112401
0.07337331771850586,0.7973168963016679
0.07338500022888184,0.7974981870920957
0.07338595390319824,0.7976794778825236
0.07338809967041016,0.7978607686729514
0.07339215278625488,0.7980420594633792
0.07339882850646973,0.7982233502538071
0.07342004776000977,0.7984046410442349
0.07343268394470215,0.7985859318346628
0.07347249984741211,0.7987672226250907
0.07348227500915527,0.7989485134155185
0.07349872589111328,0.7991298042059464
0.07353591918945312,0.7993110949963742
0.07355403900146484,0.799492385786802
0.0735626220703125,0.7996736765772299
0.07356381416320801,0.7998549673676577
0.07356524467468262,0.8000362581580855
0.07356595993041992,0.8002175489485134
0.07356786727905273,0.8003988397389412
0.07357549667358398,0.8005801305293692
0.07358264923095703,0.800761421319797
0.0735936164855957,0.8009427121102248
0.07359671592712402,0.8011240029006527
0.07360959053039551,0.8013052936910805
0.07362818717956543,0.8014865844815083
0.07366466522216797,0.8016678752719362
0.0736689567565918,0.801849166062364
0.07367467880249023,0.8020304568527918
0.07367801666259766,0.8022117476432197
0.07368826866149902,0.8023930384336476
0.07373237609863281,0.8025743292240755
0.07373809814453125,0.8027556200145033
0.07375669479370117,0.8029369108049311
0.07378101348876953,0.803118201595359
0.07378292083740234,0.8032994923857868
0.07381176948547363,0.8034807831762146
0.07381701469421387,0.8036620739666425
0.07383513450622559,0.8038433647570703
0.0738363265991211,0.8040246555474981
0.07384181022644043,0.8042059463379261
0.07384777069091797,0.8043872371283539
0.07386970520019531,0.8045685279187818
0.07388830184936523,0.8047498187092096
0.07389307022094727,0.8049311094996374
0.07389640808105469,0.8051124002900653
0.07391524314880371,0.8052936910804931
0.07391643524169922,0.8054749818709209
0.07393193244934082,0.8056562726613488
0.07393550872802734,0.8058375634517766
0.07394218444824219,0.8060188542422045
0.07397937774658203,0.8062001450326324
0.0739908218383789,0.8063814358230602
0.07399940490722656,0.806562726613488
0.0740048885345459,0.8067440174039159
0.07402777671813965,0.8069253081943437
0.0740346908569336,0.8071065989847716
0.07403564453125,0.8072878897751994
0.07406783103942871,0.8074691805656272
0.07407784461975098,0.8076504713560552
0.07408785820007324,0.807831762146483
0.07412886619567871,0.8080130529369108
0.07413077354431152,0.8081943437273387
0.07413601875305176,0.8083756345177665
0.0741434097290039,0.8085569253081943
0.07414650917053223,0.8087382160986222
0.07414793968200684,0.80891950688905
0.07418680191040039,0.8091007976794778
0.0741879940032959,0.8092820884699057
0.0741884708404541,0.8094633792603336
0.07419705390930176,0.8096446700507615
0.07422447204589844,0.8098259608411893
0.0742349624633789,0.8100072516316171
0.07424211502075195,0.810188542422045
0.07425451278686523,0.8103698332124728
0.07425832748413086,0.8105511240029006
0.07426118850708008,0.8107324147933285
0.07426238059997559,0.8109137055837563
0.07426977157592773,0.8110949963741841
0.07427144050598145,0.8112762871646121
0.07427978515625,0.8114575779550399
0.07428574562072754,0.8116388687454678
0.07429003715515137,0.8118201595358956
0.07429051399230957,0.8120014503263234
0.0742957592010498,0.8121827411167513
0.07435131072998047,0.8123640319071791
0.07436060905456543,0.8125453226976069
0.07436990737915039,0.8127266134880348
0.07437658309936523,0.8129079042784626
0.07442426681518555,0.8130891950688905
0.07442498207092285,0.8132704858593184
0.07442736625671387,0.8134517766497462
0.07444953918457031,0.813633067440174
0.07445096969604492,0.8138143582306019
0.0744771957397461,0.8139956490210297
0.07449007034301758,0.8141769398114576
0.07449078559875488,0.8143582306018854
0.07449698448181152,0.8145395213923132
0.07449936866760254,0.8147208121827412
0.07452559471130371,0.814902102973169
0.07454085350036621,0.8150833937635968
0.07455325126647949,0.8152646845540247
0.07455825805664062,0.8154459753444525
0.07456350326538086,0.8156272661348803
0.07456374168395996,0.8158085569253082
0.07456469535827637,0.815989847715736
0.07457113265991211,0.8161711385061639
0.07458353042602539,0.8163524292965917
0.07460165023803711,0.8165337200870196
0.07460355758666992,0.8167150108774475
0.07460594177246094,0.8168963016678753
0.074615478515625,0.8170775924583031
0.07461857795715332,0.817258883248731
0.07461953163146973,0.8174401740391588
0.0746464729309082,0.8176214648295866
0.07464838027954102,0.8178027556200145
0.07465791702270508,0.8179840464104423
0.07466673851013184,0.8181653372008701
0.07467794418334961,0.8183466279912981
0.07468032836914062,0.8185279187817259
0.07468175888061523,0.8187092095721538
0.0746920108795166,0.8188905003625816
0.0746924877166748,0.8190717911530094
0.07470917701721191,0.8192530819434373
0.07471251487731934,0.8194343727338651
0.07471680641174316,0.8196156635242929
0.0747370719909668,0.8197969543147208
0.0747380256652832,0.8199782451051486
0.07474660873413086,0.8201595358955766
0.07474827766418457,0.8203408266860044
0.0747520923614502,0.8205221174764322
0.07476401329040527,0.8207034082668601
0.07476496696472168,0.8208846990572879
0.07476520538330078,0.8210659898477157
0.0747830867767334,0.8212472806381436
0.07480573654174805,0.8214285714285714
0.07480597496032715,0.8216098622189992
0.0748147964477539,0.8217911530094271
0.07481932640075684,0.821972443799855
0.07482743263244629,0.8221537345902828
0.07483601570129395,0.8223350253807107
0.07483768463134766,0.8225163161711385
0.07483816146850586,0.8226976069615664
0.0748445987701416,0.8228788977519942
0.07485079765319824,0.823060188542422
0.07485604286193848,0.8232414793328499
0.07486534118652344,0.8234227701232777
0.07487225532531738,0.8236040609137056
0.07489299774169922,0.8237853517041335
0.07490682601928711,0.8239666424945613
0.0749199390411377,0.8241479332849891
0.07493090629577637,0.824329224075417
0.07494568824768066,0.8245105148658448
0.07496333122253418,0.8246918056562726
0.07496786117553711,0.8248730964467005
0.07496833801269531,0.8250543872371283
0.0749959945678711,0.8252356780275562
0.0749969482421875,0.8254169688179841
0.07500696182250977,0.8255982596084119
0.07502341270446777,0.8257795503988398
0.0750265121459961,0.8259608411892676
0.07503008842468262,0.8261421319796954
0.07506108283996582,0.8263234227701233
0.07506251335144043,0.8265047135605511
0.07506513595581055,0.8266860043509789
0.07506990432739258,0.8268672951414068
0.07507514953613281,0.8270485859318346
0.07508468627929688,0.8272298767222626
0.07511711120605469,0.8274111675126904
0.07512903213500977,0.8275924583031182
0.07513236999511719,0.8277737490935461
0.07518863677978516,0.8279550398839739
0.07519364356994629,0.8281363306744017
0.07520174980163574,0.8283176214648296
0.07520413398742676,0.8284989122552574
0.07520532608032227,0.8286802030456852
0.07523179054260254,0.8288614938361131
0.07523679733276367,0.829042784626541
0.07524371147155762,0.8292240754169689
0.07524466514587402,0.8294053662073967
0.07525134086608887,0.8295866569978245
0.0752713680267334,0.8297679477882524
0.07527327537536621,0.8299492385786802
0.07528162002563477,0.830130529369108
0.07528305053710938,0.8303118201595359
0.07528424263000488,0.8304931109499637
0.07530689239501953,0.8306744017403916
0.07532191276550293,0.8308556925308195
0.07532954216003418,0.8310369833212473
0.07533407211303711,0.8312182741116751
0.0753469467163086,0.831399564902103
0.07535719871520996,0.8315808556925308
0.07537102699279785,0.8317621464829587
0.0753786563873291,0.8319434372733865
0.07540011405944824,0.8321247280638143
0.07540035247802734,0.8323060188542422
0.07540392875671387,0.8324873096446701
0.07543659210205078,0.8326686004350979
0.07545351982116699,0.8328498912255258
0.07545828819274902,0.8330311820159536
0.07545924186706543,0.8332124728063814
0.07546281814575195,0.8333937635968093
0.07546734809875488,0.8335750543872371
0.0754709243774414,0.833756345177665
0.07547140121459961,0.8339376359680928
0.07547616958618164,0.8341189267585206
0.07547736167907715,0.8343002175489486
0.07549929618835449,0.8344815083393764
0.0755007266998291,0.8346627991298042
0.07551360130310059,0.8348440899202321
0.07551932334899902,0.8350253807106599
0.07552289962768555,0.8352066715010877
0.07553362846374512,0.8353879622915156
0.07555913925170898,0.8355692530819434
0.07557177543640137,0.8357505438723712
0.07557463645935059,0.8359318346627991
0.07562136650085449,0.836113125453227
0.07564568519592285,0.8362944162436549
0.07564830780029297,0.8364757070340827
0.07565474510192871,0.8366569978245105
0.07566356658935547,0.8368382886149384
0.07569146156311035,0.8370195794053662
0.07569479942321777,0.837200870195794
0.07569622993469238,0.8373821609862219
0.07570028305053711,0.8375634517766497
0.07570123672485352,0.8377447425670775
0.07570815086364746,0.8379260333575055
0.07572436332702637,0.8381073241479333
0.07573246955871582,0.8382886149383612
0.07573461532592773,0.838469905728789
0.07573962211608887,0.8386511965192168
0.07574868202209473,0.8388324873096447
0.07576251029968262,0.8390137781000725
0.07578635215759277,0.8391950688905003
0.0757908821105957,0.8393763596809282
0.07579255104064941,0.8395576504713561
0.07579994201660156,0.8397389412617839
0.07580208778381348,0.8399202320522118
0.0758049488067627,0.8401015228426396
0.07582592964172363,0.8402828136330674
0.07582998275756836,0.8404641044234953
0.07583761215209961,0.8406453952139231
0.07583928108215332,0.840826686004351
0.07584714889526367,0.8410079767947788
0.07585287094116211,0.8411892675852066
0.07585310935974121,0.8413705583756346
0.07585501670837402,0.8415518491660624
0.07586956024169922,0.8417331399564902
0.07587194442749023,0.8419144307469181
0.0758824348449707,0.8420957215373459
0.0758824348449707,0.8422770123277737
0.0758826732635498,0.8424583031182016
0.07589149475097656,0.8426395939086294
0.07589411735534668,0.8428208846990572
0.0758974552154541,0.8430021754894851
0.07590031623840332,0.843183466279913
0.07590126991271973,0.8433647570703409
0.07590293884277344,0.8435460478607687
0.07590556144714355,0.8437273386511965
0.07590842247009277,0.8439086294416244
0.07590961456298828,0.8440899202320522
0.07592010498046875,0.84427121102248
0.07592129707336426,0.8444525018129079
0.07593178749084473,0.8446337926033357
0.07595515251159668,0.8448150833937635
0.07595968246459961,0.8449963741841915
0.07596111297607422,0.8451776649746193
0.07596135139465332,0.8453589557650472
0.07596945762634277,0.845540246555475
0.07597088813781738,0.8457215373459028
0.07597231864929199,0.8459028281363307
0.07597613334655762,0.8460841189267585
0.07597684860229492,0.8462654097171863
0.07598257064819336,0.8464467005076142
0.07598352432250977,0.846627991298042
0.07598543167114258,0.84680928208847
0.07598686218261719,0.8469905728788978
0.07599377632141113,0.8471718636693256
0.07599449157714844,0.8473531544597535
0.07599592208862305,0.8475344452501813
0.0760045051574707,0.8477157360406091
0.07600688934326172,0.847897026831037
0.07601428031921387,0.8480783176214648
0.0760183334350586,0.8482596084118926
0.07602095603942871,0.8484408992023206
0.07602214813232422,0.8486221899927484
0.07602334022521973,0.8488034807831762
0.07603669166564941,0.8489847715736041
0.07603859901428223,0.8491660623640319
0.07604360580444336,0.8493473531544597
0.07604575157165527,0.8495286439448876
0.0760498046875,0.8497099347353154
0.0760505199432373,0.8498912255257433
0.07605552673339844,0.8500725163161711
0.07605743408203125,0.850253807106599
0.07607364654541016,0.8504350978970269
0.07607746124267578,0.8506163886874547
0.07607769966125488,0.8507976794778825
0.07608461380004883,0.8509789702683104
0.07608819007873535,0.8511602610587382
0.07609033584594727,0.851341551849166
0.0760951042175293,0.8515228426395939
0.07609677314758301,0.8517041334300217
0.07609796524047852,0.8518854242204495
0.07610130310058594,0.8520667150108775
0.0761098861694336,0.8522480058013053
0.07612037658691406,0.8524292965917332
0.07612037658691406,0.852610587382161
0.07612371444702148,0.8527918781725888
0.07612776756286621,0.8529731689630167
0.07613182067871094,0.8531544597534445
0.07613420486450195,0.8533357505438723
0.07613730430603027,0.8535170413343002
0.07613992691040039,0.853698332124728
0.07614493370056152,0.853879622915156
0.07614493370056152,0.8540609137055838
0.07614517211914062,0.8542422044960116
0.07614517211914062,0.8544234952864395
0.07614541053771973,0.8546047860768673
0.07615184783935547,0.8547860768672951
0.0761575698852539,0.854967367657723
0.07616233825683594,0.8551486584481508
0.07617402076721191,0.8553299492385786
0.07617950439453125,0.8555112400290066
0.07617974281311035,0.8556925308194344
0.0761864185333252,0.8558738216098623
0.07619214057922363,0.8560551124002901
0.07619285583496094,0.8562364031907179
0.07619404792785645,0.8564176939811458
0.07621073722839355,0.8565989847715736
0.07622122764587402,0.8567802755620014
0.07622694969177246,0.8569615663524293
0.07622694969177246,0.8571428571428571
0.07623457908630371,0.857324147933285
0.07623887062072754,0.8575054387237129
0.07624626159667969,0.8576867295141407
0.0762476921081543,0.8578680203045685
0.07627296447753906,0.8580493110949964
0.07627487182617188,0.8582306018854242
0.07628297805786133,0.858411892675852
0.07628297805786133,0.8585931834662799
0.07628464698791504,0.8587744742567077
0.07630562782287598,0.8589557650471356
0.0763092041015625,0.8591370558375635
0.07631111145019531,0.8593183466279913
0.07633376121520996,0.8594996374184192
0.07633638381958008,0.859680928208847
0.07634592056274414,0.8598622189992748
0.07634758949279785,0.8600435097897027
0.07638192176818848,0.8602248005801305
0.07639026641845703,0.8604060913705583
0.07639074325561523,0.8605873821609862
0.07639837265014648,0.860768672951414
0.0764014720916748,0.860949963741842
0.07640433311462402,0.8611312545322698
0.07640528678894043,0.8613125453226976
0.07640886306762695,0.8614938361131255
0.07640910148620605,0.8616751269035533
0.07641482353210449,0.8618564176939811
0.07642626762390137,0.862037708484409
0.07643866539001465,0.8622189992748368
0.0764472484588623,0.8624002900652646
0.07644796371459961,0.8625815808556925
0.07644963264465332,0.8627628716461204
0.07645082473754883,0.8629441624365483
0.07645177841186523,0.8631254532269761
0.0764930248260498,0.8633067440174039
0.07649755477905273,0.8634880348078318
0.07650399208068848,0.8636693255982596
0.0765073299407959,0.8638506163886874
0.07650971412658691,0.8640319071791153
0.07651472091674805,0.8642131979695431
0.07651829719543457,0.864394488759971
0.0765230655670166,0.8645757795503989
0.07653594017028809,0.8647570703408267
0.07654356956481934,0.8649383611312546
0.07654595375061035,0.8651196519216824
0.07655549049377441,0.8653009427121102
0.07658648490905762,0.8654822335025381
0.07659101486206055,0.8656635242929659
0.07660412788391113,0.8658448150833937
0.07660531997680664,0.8660261058738216
0.07660627365112305,0.8662073966642495
0.07660722732543945,0.8663886874546773
0.07663655281066895,0.8665699782451052
0.0766441822052002,0.866751269035533
0.07665610313415527,0.8669325598259608
0.0766744613647461,0.8671138506163887
0.07668042182922363,0.8672951414068165
0.07668423652648926,0.8674764321972444
0.07668733596801758,0.8676577229876722
0.0767052173614502,0.8678390137781
0.07671308517456055,0.868020304568528
0.07673931121826172,0.8682015953589558
0.07674002647399902,0.8683828861493836
0.07677865028381348,0.8685641769398115
0.07677865028381348,0.8687454677302393
0.07681012153625488,0.8689267585206671
0.07682180404663086,0.869108049311095
0.07685399055480957,0.8692893401015228
0.07685995101928711,0.8694706308919506
0.07690620422363281,0.8696519216823785
0.07692575454711914,0.8698332124728064
0.07694220542907715,0.8700145032632343
0.07694745063781738,0.8701957940536621
0.0769510269165039,0.8703770848440899
0.07695245742797852,0.8705583756345178
0.07696175575256348,0.8707396664249456
0.07698750495910645,0.8709209572153734
0.07699751853942871,0.8711022480058013
0.07700014114379883,0.8712835387962291
0.07700705528259277,0.871464829586657
0.0770101547241211,0.8716461203770849
0.07701420783996582,0.8718274111675127
0.07703328132629395,0.8720087019579406
0.0770409107208252,0.8721899927483684
0.0770564079284668,0.8723712835387962
0.07705831527709961,0.8725525743292241
0.07705974578857422,0.8727338651196519
0.07706785202026367,0.8729151559100797
0.0770728588104248,0.8730964467005076
0.07707738876342773,0.8732777374909355
0.07712149620056152,0.8734590282813633
0.07712173461914062,0.8736403190717912
0.07712650299072266,0.873821609862219
0.07712841033935547,0.8740029006526469
0.07715988159179688,0.8741841914430747
0.07716178894042969,0.8743654822335025
0.07716536521911621,0.8745467730239304
0.07716798782348633,0.8747280638143582
0.0771934986114502,0.874909354604786
0.07720136642456055,0.875090645395214
0.0772104263305664,0.8752719361856418
0.07721328735351562,0.8754532269760696
0.07724380493164062,0.8756345177664975
0.07727193832397461,0.8758158085569253
0.07728123664855957,0.8759970993473531
0.07728147506713867,0.876178390137781
0.07729005813598633,0.8763596809282088
0.07729363441467285,0.8765409717186367
0.07729554176330566,0.8767222625090645
0.0773012638092041,0.8769035532994924
0.07730817794799805,0.8770848440899203
0.07733631134033203,0.8772661348803481
0.07735013961791992,0.8774474256707759
0.07736563682556152,0.8776287164612038
0.07738018035888672,0.8778100072516316
0.07738137245178223,0.8779912980420594
0.07742452621459961,0.8781725888324873
0.07744169235229492,0.8783538796229151
0.07744288444519043,0.878535170413343
0.07747459411621094,0.8787164612037709
0.07751846313476562,0.8788977519941987
0.07752180099487305,0.8790790427846266
0.0775301456451416,0.8792603335750544
0.07755923271179199,0.8794416243654822
0.0775599479675293,0.8796229151559101
0.07756710052490234,0.8798042059463379
0.07758116722106934,0.8799854967367657
0.07758116722106934,0.8801667875271936
0.07758784294128418,0.8803480783176215
0.07760047912597656,0.8805293691080494
0.07760882377624512,0.8807106598984772
0.07763195037841797,0.880891950688905
0.07765555381774902,0.8810732414793329
0.07775425910949707,0.8812545322697607
0.07776284217834473,0.8814358230601885
0.07779312133789062,0.8816171138506164
0.07779455184936523,0.8817984046410442
0.07780003547668457,0.881979695431472
0.07780718803405762,0.8821609862219
0.07783985137939453,0.8823422770123278
0.07787251472473145,0.8825235678027556
0.0778965950012207,0.8827048585931835
0.07790946960449219,0.8828861493836113
0.07793021202087402,0.8830674401740392
0.07793736457824707,0.883248730964467
0.07794594764709473,0.8834300217548948
0.07794761657714844,0.8836113125453227
0.07794809341430664,0.8837926033357505
0.07795572280883789,0.8839738941261784
0.07798433303833008,0.8841551849166063
0.07799077033996582,0.8843364757070341
0.07799482345581055,0.8845177664974619
0.07799530029296875,0.8846990572878898
0.07800030708312988,0.8848803480783176
0.0780024528503418,0.8850616388687454
0.07801985740661621,0.8852429296591733
0.07802152633666992,0.8854242204496011
0.0780799388885498,0.885605511240029
0.07810306549072266,0.8857868020304569
0.0781097412109375,0.8859680928208847
0.07811713218688965,0.8861493836113126
0.0781407356262207,0.8863306744017404
0.07814168930053711,0.8865119651921682
0.07816433906555176,0.8866932559825961
0.0781857967376709,0.8868745467730239
0.07820510864257812,0.8870558375634517
0.07820940017700195,0.8872371283538796
0.07821273803710938,0.8874184191443075
0.07822108268737793,0.8875997099347354
0.07824063301086426,0.8877810007251632
0.07825422286987305,0.887962291515591
0.07831215858459473,0.8881435823060189
0.07831287384033203,0.8883248730964467
0.07831454277038574,0.8885061638868745
0.07832050323486328,0.8886874546773024
0.07832765579223633,0.8888687454677302
0.07833003997802734,0.889050036258158
0.07834267616271973,0.889231327048586
0.07835078239440918,0.8894126178390138
0.07835149765014648,0.8895939086294417
0.07836699485778809,0.8897751994198695
0.07837486267089844,0.8899564902102973
0.07838082313537598,0.8901377810007252
0.07838201522827148,0.890319071791153
0.07838797569274902,0.8905003625815808
0.07839035987854004,0.8906816533720087
0.07840371131896973,0.8908629441624365
0.07842588424682617,0.8910442349528644
0.07842612266540527,0.8912255257432923
0.07846426963806152,0.8914068165337201
0.07846975326538086,0.891588107324148
0.07848405838012695,0.8917693981145758
0.07850813865661621,0.8919506889050036
0.07852792739868164,0.8921319796954315
0.07853460311889648,0.8923132704858593
0.07856321334838867,0.8924945612762871
0.07856535911560059,0.892675852066715
0.0785818099975586,0.8928571428571429
0.07861018180847168,0.8930384336475707
0.0786280632019043,0.8932197244379986
0.07863378524780273,0.8934010152284264
0.07864141464233398,0.8935823060188542
0.07866191864013672,0.8937635968092821
0.07866787910461426,0.8939448875997099
0.07867074012756348,0.8941261783901377
0.07868170738220215,0.8943074691805656
0.07868337631225586,0.8944887599709934
0.07869076728820801,0.8946700507614214
0.07870793342590332,0.8948513415518492
0.07871007919311523,0.895032632342277
0.07871198654174805,0.8952139231327049
0.07871651649475098,0.8953952139231327
0.0787360668182373,0.8955765047135605
0.07877349853515625,0.8957577955039884
0.07877945899963379,0.8959390862944162
0.0787818431854248,0.896120377084844
0.07878494262695312,0.896301667875272
0.07878541946411133,0.8964829586656998
0.07879042625427246,0.8966642494561277
0.07880353927612305,0.8968455402465555
0.07880616188049316,0.8970268310369833
0.07880687713623047,0.8972081218274112
0.07881712913513184,0.897389412617839
0.07882809638977051,0.8975707034082668
0.07883429527282715,0.8977519941986947
0.07883644104003906,0.8979332849891225
0.07883858680725098,0.8981145757795505
0.07885265350341797,0.8982958665699783
0.07885956764221191,0.8984771573604061
0.07891035079956055,0.898658448150834
0.07891583442687988,0.8988397389412618
0.07894015312194824,0.8990210297316896
0.07895040512084961,0.8992023205221175
0.07895350456237793,0.8993836113125453
0.07896161079406738,0.8995649021029731
0.07898378372192383,0.899746192893401
0.0789942741394043,0.8999274836838289
0.07900118827819824,0.9001087744742567
0.07900524139404297,0.9002900652646846
0.07903814315795898,0.9004713560551124
0.0790555477142334,0.9006526468455403
0.07906937599182129,0.9008339376359681
0.07907676696777344,0.9010152284263959
0.07908391952514648,0.9011965192168238
0.07909536361694336,0.9013778100072516
0.07910418510437012,0.9015591007976794
0.07910919189453125,0.9017403915881074
0.07910919189453125,0.9019216823785352
0.07911276817321777,0.902102973168963
0.0791161060333252,0.9022842639593909
0.07911872863769531,0.9024655547498187
0.07915782928466797,0.9026468455402465
0.07915902137756348,0.9028281363306744
0.07918190956115723,0.9030094271211022
0.07919430732727051,0.90319071791153
0.07921123504638672,0.903372008701958
0.07921338081359863,0.9035532994923858
0.07923340797424316,0.9037345902828137
0.07925581932067871,0.9039158810732415
0.0792689323425293,0.9040971718636693
0.0792694091796875,0.9042784626540972
0.07928156852722168,0.904459753444525
0.07930159568786621,0.9046410442349528
0.07930636405944824,0.9048223350253807
0.07933831214904785,0.9050036258158085
0.07934069633483887,0.9051849166062365
0.07934141159057617,0.9053662073966643
0.0793461799621582,0.9055474981870921
0.07940340042114258,0.90572878897752
0.07940411567687988,0.9059100797679478
0.0794060230255127,0.9060913705583756
0.07941126823425293,0.9062726613488035
0.07942342758178711,0.9064539521392313
0.07943272590637207,0.9066352429296591
0.07943344116210938,0.906816533720087
0.0794382095336914,0.9069978245105149
0.07944083213806152,0.9071791153009428
0.07948637008666992,0.9073604060913706
0.07949209213256836,0.9075416968817984
0.07951807975769043,0.9077229876722263
0.07954001426696777,0.9079042784626541
0.07955074310302734,0.9080855692530819
0.0795598030090332,0.9082668600435098
0.07957863807678223,0.9084481508339376
0.07961130142211914,0.9086294416243654
0.07961869239807129,0.9088107324147934
0.07965898513793945,0.9089920232052212
0.07966089248657227,0.909173313995649
0.07970523834228516,0.9093546047860769
0.07972264289855957,0.9095358955765047
0.07972836494445801,0.9097171863669326
0.07974386215209961,0.9098984771573604
0.07974481582641602,0.9100797679477882
0.07974791526794434,0.9102610587382161
0.07977700233459473,0.9104423495286439
0.07980656623840332,0.9106236403190718
0.07982563972473145,0.9108049311094997
0.07984232902526855,0.9109862218999275
0.0799095630645752,0.9111675126903553
0.07993578910827637,0.9113488034807832
0.07994318008422852,0.911530094271211
0.07994604110717773,0.9117113850616388
0.07994651794433594,0.9118926758520667
0.07995152473449707,0.9120739666424945
0.07998514175415039,0.9122552574329225
0.07999372482299805,0.9124365482233503
0.08000063896179199,0.9126178390137781
0.08002495765686035,0.912799129804206
0.08002543449401855,0.9129804205946338
0.08003592491149902,0.9131617113850616
0.08004188537597656,0.9133430021754895
0.08005642890930176,0.9135242929659173
0.08006119728088379,0.9137055837563451
0.08007287979125977,0.913886874546773
0.08008265495300293,0.9140681653372009
0.08009767532348633,0.9142494561276288
0.0801076889038086,0.9144307469180566
0.0801093578338623,0.9146120377084844
0.08011698722839355,0.9147933284989123
0.08012175559997559,0.9149746192893401
0.08012270927429199,0.9151559100797679
0.08013272285461426,0.9153372008701958
0.0801386833190918,0.9155184916606236
0.08015179634094238,0.9156997824510514
0.0801534652709961,0.9158810732414794
0.08015799522399902,0.9160623640319072
0.08017086982727051,0.916243654822335
0.08017563819885254,0.9164249456127629
0.0801854133605957,0.9166062364031907
0.08018946647644043,0.9167875271936186
0.08019161224365234,0.9169688179840464
0.08019900321960449,0.9171501087744742
0.08021044731140137,0.9173313995649021
0.08022260665893555,0.9175126903553299
0.08023190498352051,0.9176939811457578
0.08024382591247559,0.9178752719361857
0.08032751083374023,0.9180565627266135
0.08034896850585938,0.9182378535170413
0.08035993576049805,0.9184191443074692
0.08037686347961426,0.918600435097897
0.08037710189819336,0.9187817258883249
0.08038115501403809,0.9189630166787527
0.08040094375610352,0.9191443074691805
0.08040213584899902,0.9193255982596084
0.08041834831237793,0.9195068890500363
0.08042335510253906,0.9196881798404641
0.08042502403259277,0.919869470630892
0.0804448127746582,0.9200507614213198
0.08045649528503418,0.9202320522117476
0.0804598331451416,0.9204133430021755
0.0804605484008789,0.9205946337926033
0.08046936988830566,0.9207759245830311
0.08048439025878906,0.920957215373459
0.0804891586303711,0.9211385061638869
0.08049392700195312,0.9213197969543148
0.08053445816040039,0.9215010877447426
0.0805368423461914,0.9216823785351704
0.08054161071777344,0.9218636693255983
0.08054637908935547,0.9220449601160261
0.08055543899536133,0.9222262509064539
0.08057570457458496,0.9224075416968818
0.08057761192321777,0.9225888324873096
0.08060288429260254,0.9227701232777374
0.08066248893737793,0.9229514140681654
0.08066630363464355,0.9231327048585932
0.08066987991333008,0.9233139956490211
0.08067536354064941,0.9234952864394489
0.08068370819091797,0.9236765772298767
0.0806894302368164,0.9238578680203046
0.0807335376739502,0.9240391588107324
0.08073639869689941,0.9242204496011602
0.08076596260070801,0.9244017403915881
0.08076786994934082,0.9245830311820159
0.08082747459411621,0.9247643219724438
0.08084249496459961,0.9249456127628717
0.0808568000793457,0.9251269035532995
0.08085751533508301,0.9253081943437274
0.08086013793945312,0.9254894851341552
0.08086371421813965,0.925670775924583
0.08090019226074219,0.9258520667150109
0.0809018611907959,0.9260333575054387
0.08092999458312988,0.9262146482958665
0.08094310760498047,0.9263959390862944
0.08098387718200684,0.9265772298767223
0.08101177215576172,0.9267585206671501
0.08102917671203613,0.926939811457578
0.08104872703552246,0.9271211022480058
0.0810549259185791,0.9273023930384336
0.08105683326721191,0.9274836838288615
0.08105850219726562,0.9276649746192893
0.08107805252075195,0.9278462654097172
0.08110284805297852,0.928027556200145
0.08111786842346191,0.9282088469905729
0.08115243911743164,0.9283901377810008
0.08121871948242188,0.9285714285714286
0.08124446868896484,0.9287527193618564
0.08125448226928711,0.9289340101522843
0.08128094673156738,0.9291153009427121
0.0812830924987793,0.9292965917331399
0.08139395713806152,0.9294778825235678
0.08143496513366699,0.9296591733139956
0.08143758773803711,0.9298404641044234
0.0814516544342041,0.9300217548948514
0.08145833015441895,0.9302030456852792
0.08146119117736816,0.9303843364757071
0.08151984214782715,0.9305656272661349
0.08153820037841797,0.9307469180565627
0.08157539367675781,0.9309282088469906
0.08157730102539062,0.9311094996374184
0.08159375190734863,0.9312907904278462
0.08160400390625,0.9314720812182741
0.08165645599365234,0.9316533720087019
0.08166217803955078,0.9318346627991299
0.08171200752258301,0.9320159535895577
0.08178329467773438,0.9321972443799855
0.08182168006896973,0.9323785351704134
0.08182525634765625,0.9325598259608412
0.08182954788208008,0.932741116751269
0.08186745643615723,0.9329224075416969
0.08191919326782227,0.9331036983321247
0.08192586898803711,0.9332849891225525
0.081939697265625,0.9334662799129804
0.0819401741027832,0.9336475707034083
0.08201742172241211,0.9338288614938361
0.0820627212524414,0.934010152284264
0.08206629753112793,0.9341914430746918
0.08208370208740234,0.9343727338651197
0.08208465576171875,0.9345540246555475
0.0821230411529541,0.9347353154459753
0.08212876319885254,0.9349166062364032
0.0821387767791748,0.935097897026831
0.08214068412780762,0.9352791878172588
0.08217358589172363,0.9354604786076868
0.08218073844909668,0.9356417693981146
0.0821828842163086,0.9358230601885424
0.08218765258789062,0.9360043509789703
0.08219099044799805,0.9361856417693981
0.08219385147094727,0.936366932559826
0.08220124244689941,0.9365482233502538
0.08229207992553711,0.9367295141406816
0.08231019973754883,0.9369108049311095
0.08231592178344727,0.9370920957215374
0.08232736587524414,0.9372733865119652
0.0823826789855957,0.9374546773023931
0.08238816261291504,0.9376359680928209
0.08243227005004883,0.9378172588832487
0.08243536949157715,0.9379985496736766
0.08243656158447266,0.9381798404641044
0.0824437141418457,0.9383611312545322
0.0824737548828125,0.9385424220449601
0.08248424530029297,0.9387237128353879
0.0825510025024414,0.9389050036258159
0.08256840705871582,0.9390862944162437
0.08257460594177246,0.9392675852066715
0.08263850212097168,0.9394488759970994
0.08264636993408203,0.9396301667875272
0.08264708518981934,0.939811457577955
0.08266711235046387,0.9399927483683829
0.0826725959777832,0.9401740391588107
0.08267784118652344,0.9403553299492385
0.08270621299743652,0.9405366207396664
0.08272171020507812,0.9407179115300943
0.08275651931762695,0.9408992023205222
0.08276796340942383,0.94108049311095
0.08277034759521484,0.9412617839013778
0.08281302452087402,0.9414430746918057
0.08281350135803223,0.9416243654822335
0.08281445503234863,0.9418056562726613
0.08282160758972168,0.9419869470630892
0.08283805847167969,0.942168237853517
0.08284783363342285,0.9423495286439448
0.08285975456237793,0.9425308194343728
0.08287715911865234,0.9427121102248006
0.08288025856018066,0.9428934010152284
0.0828862190246582,0.9430746918056563
0.08291888236999512,0.9432559825960841
0.08292126655578613,0.943437273386512
0.08292722702026367,0.9436185641769398
0.0829458236694336,0.9437998549673676
0.0829472541809082,0.9439811457577955
0.08295488357543945,0.9441624365482234
0.08296990394592285,0.9443437273386512
0.0829763412475586,0.9445250181290791
0.0829777717590332,0.9447063089195069
0.0829780101776123,0.9448875997099347
0.08298826217651367,0.9450688905003626
0.08300042152404785,0.9452501812907904
0.08301115036010742,0.9454314720812182
0.08301806449890137,0.9456127628716461
0.08302903175354004,0.9457940536620739
0.08304333686828613,0.9459753444525019
0.08306455612182617,0.9461566352429297
0.0830695629119873,0.9463379260333575
0.0830838680267334,0.9465192168237854
0.0831613540649414,0.9467005076142132
0.08325409889221191,0.946881798404641
0.08327984809875488,0.9470630891950689
0.08328104019165039,0.9472443799854967
0.08328604698181152,0.9474256707759245
0.08328890800476074,0.9476069615663524
0.08337688446044922,0.9477882523567803
0.08338546752929688,0.9479695431472082
0.08340835571289062,0.948150833937636
0.0834188461303711,0.9483321247280638
0.08342170715332031,0.9485134155184917
0.08343625068664551,0.9486947063089195
0.08343839645385742,0.9488759970993473
0.08345365524291992,0.9490572878897752
0.08346199989318848,0.949238578680203
0.08346939086914062,0.9494198694706308
0.08353114128112793,0.9496011602610588
0.08356881141662598,0.9497824510514866
0.08359813690185547,0.9499637418419145
0.08359861373901367,0.9501450326323423
0.08360600471496582,0.9503263234227701
0.08360695838928223,0.950507614213198
0.08366847038269043,0.9506889050036258
0.08367490768432617,0.9508701957940536
0.08367633819580078,0.9510514865844815
0.08370161056518555,0.9512327773749093
0.08371639251708984,0.9514140681653372
0.08371877670288086,0.9515953589557651
0.08374357223510742,0.9517766497461929
0.08376216888427734,0.9519579405366208
0.08378219604492188,0.9521392313270486
0.0838315486907959,0.9523205221174764
0.08388233184814453,0.9525018129079043
0.083892822265625,0.9526831036983321
0.08390069007873535,0.9528643944887599
0.08390188217163086,0.9530456852791879
0.0839090347290039,0.9532269760696157
0.0839388370513916,0.9534082668600435
0.08394360542297363,0.9535895576504714
0.08396124839782715,0.9537708484408992
0.08397054672241211,0.953952139231327
0.08399748802185059,0.9541334300217549
0.0840299129486084,0.9543147208121827
0.08405089378356934,0.9544960116026106
0.08406448364257812,0.9546773023930384
0.08407235145568848,0.9548585931834663
0.08407425880432129,0.9550398839738942
0.0840907096862793,0.955221174764322
0.08409857749938965,0.9554024655547498
0.08410286903381348,0.9555837563451777
0.08411264419555664,0.9557650471356055
0.08413529396057129,0.9559463379260333
0.08421516418457031,0.9561276287164612
0.08423948287963867,0.956308919506889
0.08430624008178711,0.9564902102973168
0.0843362808227539,0.9566715010877448
0.08433866500854492,0.9568527918781726
0.08433985710144043,0.9570340826686005
0.08435845375061035,0.9572153734590283
0.08439040184020996,0.9573966642494561
0.08442378044128418,0.957577955039884
0.0844278335571289,0.9577592458303118
0.0844430923461914,0.9579405366207396
0.08449459075927734,0.9581218274111675
0.08450651168823242,0.9583031182015953
0.08451175689697266,0.9584844089920233
0.08458542823791504,0.9586656997824511
0.0846090316772461,0.9588469905728789
0.08463191986083984,0.9590282813633068
0.0846409797668457,0.9592095721537346
0.08465576171875,0.9593908629441624
0.08466529846191406,0.9595721537345903
0.08470821380615234,0.9597534445250181
0.08478212356567383,0.9599347353154459
0.08480620384216309,0.9601160261058739
0.08482217788696289,0.9602973168963017
0.0848989486694336,0.9604786076867295
0.08490157127380371,0.9606598984771574
0.0849294662475586,0.9608411892675852
0.08495473861694336,0.961022480058013
0.08506917953491211,0.9612037708484409
0.08523702621459961,0.9613850616388687
0.08527851104736328,0.9615663524292966
0.08530521392822266,0.9617476432197244
0.08530855178833008,0.9619289340101523
0.08537626266479492,0.9621102248005802
0.08545589447021484,0.962291515591008
0.08551883697509766,0.9624728063814358
0.08554911613464355,0.9626540971718637
0.08558773994445801,0.9628353879622915
0.08559846878051758,0.9630166787527193
0.08577156066894531,0.9631979695431472
0.08577442169189453,0.963379260333575
0.08579134941101074,0.9635605511240029
0.08582687377929688,0.9637418419144308
0.08585429191589355,0.9639231327048586
0.08589673042297363,0.9641044234952865
0.08591675758361816,0.9642857142857143
0.08592462539672852,0.9644670050761421
0.08597636222839355,0.96464829586657
0.08601713180541992,0.9648295866569978
0.08606505393981934,0.9650108774474256
0.08610081672668457,0.9651921682378535
0.08617234230041504,0.9653734590282813
0.08620190620422363,0.9655547498187093
0.08622384071350098,0.9657360406091371
0.08624148368835449,0.9659173313995649
0.08628296852111816,0.9660986221899928
0.08646130561828613,0.9662799129804206
0.08655166625976562,0.9664612037708484
0.08667802810668945,0.9666424945612763
0.08671331405639648,0.9668237853517041
0.08680462837219238,0.9670050761421319
0.08681654930114746,0.9671863669325598
0.08685088157653809,0.9673676577229877
0.08687305450439453,0.9675489485134156
0.08687353134155273,0.9677302393038434
0.08689403533935547,0.9679115300942712
0.08690309524536133,0.9680928208846991
0.08692288398742676,0.9682741116751269
0.08695197105407715,0.9684554024655547
0.08695530891418457,0.9686366932559826
0.08697652816772461,0.9688179840464104
0.08704686164855957,0.9689992748368383
0.08704900741577148,0.9691805656272662
0.08705663681030273,0.969361856417694
0.08714723587036133,0.9695431472081218
0.08718323707580566,0.9697244379985497
0.08725690841674805,0.9699057287889775
0.08729195594787598,0.9700870195794054
0.08731627464294434,0.9702683103698332
0.08731818199157715,0.970449601160261
0.08741569519042969,0.9706308919506889
0.08742618560791016,0.9708121827411168
0.08742880821228027,0.9709934735315446
0.08757662773132324,0.9711747643219725
0.0876169204711914,0.9713560551124003
0.08764362335205078,0.9715373459028281
0.08765864372253418,0.971718636693256
0.08767080307006836,0.9718999274836838
0.08774471282958984,0.9720812182741116
0.08783221244812012,0.9722625090645395
0.08784079551696777,0.9724437998549673
0.08790755271911621,0.9726250906453953
0.08795547485351562,0.9728063814358231
0.08795595169067383,0.9729876722262509
0.08804583549499512,0.9731689630166788
0.08806777000427246,0.9733502538071066
0.08812689781188965,0.9735315445975344
0.08815717697143555,0.9737128353879623
0.08817291259765625,0.9738941261783901
0.08817744255065918,0.9740754169688179
0.0881948471069336,0.9742567077592458
0.08820247650146484,0.9744379985496737
0.08826184272766113,0.9746192893401016
0.08832025527954102,0.9748005801305294
0.08834433555603027,0.9749818709209572
0.08840012550354004,0.9751631617113851
0.08842921257019043,0.9753444525018129
0.08843350410461426,0.9755257432922407
0.08845949172973633,0.9757070340826686
0.08851766586303711,0.9758883248730964
0.08852887153625488,0.9760696156635243
0.0885467529296875,0.9762509064539522
0.0886697769165039,0.97643219724438
0.08867955207824707,0.9766134880348079
0.08870053291320801,0.9767947788252357
0.08877730369567871,0.9769760696156635
0.08890891075134277,0.9771573604060914
0.08894586563110352,0.9773386511965192
0.08907938003540039,0.977519941986947
0.0891716480255127,0.9777012327773749
0.08919286727905273,0.9778825235678028
0.08926105499267578,0.9780638143582306
0.08928561210632324,0.9782451051486585
0.08931398391723633,0.9784263959390863
0.08932614326477051,0.9786076867295141
0.08939719200134277,0.978788977519942
0.0896306037902832,0.9789702683103698
0.0896604061126709,0.9791515591007977
0.08974313735961914,0.9793328498912255
0.08988261222839355,0.9795141406816533
0.09000205993652344,0.9796954314720813
0.09014678001403809,0.9798767222625091
0.09025454521179199,0.9800580130529369
0.0903472900390625,0.9802393038433648
0.09036993980407715,0.9804205946337926
0.09039831161499023,0.9806018854242204
0.09052181243896484,0.9807831762146483
0.09083223342895508,0.9809644670050761
0.09085202217102051,0.981145757795504
0.09089493751525879,0.9813270485859318
0.09090709686279297,0.9815083393763597
0.09095621109008789,0.9816896301667876
0.09098196029663086,0.9818709209572154
0.09098458290100098,0.9820522117476432
0.0912008285522461,0.9822335025380711
0.09127521514892578,0.9824147933284989
0.09127974510192871,0.9825960841189267
0.09172677993774414,0.9827773749093546
0.09173703193664551,0.9829586656997824
0.09194374084472656,0.9831399564902102
0.09199213981628418,0.9833212472806382
0.09208941459655762,0.983502538071066
0.09218621253967285,0.9836838288614939
0.0922553539276123,0.9838651196519217
0.09230613708496094,0.9840464104423495
0.09231948852539062,0.9842277012327774
0.09250831604003906,0.9844089920232052
0.09257125854492188,0.984590282813633
0.09266304969787598,0.9847715736040609
0.09273695945739746,0.9849528643944888
0.09276151657104492,0.9851341551849166
0.09315347671508789,0.9853154459753445
0.09327816963195801,0.9854967367657723
0.0933680534362793,0.9856780275562002
0.09342002868652344,0.985859318346628
0.09354400634765625,0.9860406091370558
0.09366226196289062,0.9862218999274837
0.09398984909057617,0.9864031907179115
0.09420442581176758,0.9865844815083393
0.09421753883361816,0.9867657722987673
0.09435486793518066,0.9869470630891951
0.09460115432739258,0.9871283538796229
0.09467458724975586,0.9873096446700508
0.0948476791381836,0.9874909354604786
0.09485793113708496,0.9876722262509064
0.09487009048461914,0.9878535170413343
0.09489130973815918,0.9880348078317621
0.09494256973266602,0.98821609862219
0.09498119354248047,0.9883973894126178
0.09522175788879395,0.9885786802030457
0.09540915489196777,0.9887599709934736
0.09549403190612793,0.9889412617839014
0.09552788734436035,0.9891225525743292
0.09562540054321289,0.9893038433647571
0.09570670127868652,0.9894851341551849
0.09577679634094238,0.9896664249456127
0.09586954116821289,0.9898477157360406
0.0959465503692627,0.9900290065264684
0.0959470272064209,0.9902102973168962
0.09596991539001465,0.9903915881073242
0.09615039825439453,0.990572878897752
0.0961768627166748,0.9907541696881799
0.09684491157531738,0.9909354604786077
0.09714126586914062,0.9911167512690355
0.09724926948547363,0.9912980420594634
0.09791445732116699,0.9914793328498912
0.09796953201293945,0.991660623640319
0.09828829765319824,0.9918419144307469
0.09874892234802246,0.9920232052211748
0.09878301620483398,0.9922044960116027
0.09891915321350098,0.9923857868020305
0.09895706176757812,0.9925670775924583
0.09900712966918945,0.9927483683828862
0.09919476509094238,0.992929659173314
0.09923148155212402,0.9931109499637418
0.09937238693237305,0.9932922407541697
0.09994053840637207,0.9934735315445975
0.10010361671447754,0.9936548223350253
0.1002964973449707,0.9938361131254533
0.10050654411315918,0.9940174039158811
0.10056304931640625,0.994198694706309
0.10065269470214844,0.9943799854967368
0.1012263298034668,0.9945612762871646
0.10161042213439941,0.9947425670775925
0.10171961784362793,0.9949238578680203
0.10179638862609863,0.9951051486584481
0.10272455215454102,0.995286439448876
0.10284256935119629,0.9954677302393038
0.10369753837585449,0.9956490210297317
0.10404849052429199,0.9958303118201596
0.10528421401977539,0.9960116026105874
0.10557055473327637,0.9961928934010152
0.10571527481079102,0.9963741841914431
0.10669469833374023,0.9965554749818709
0.10808515548706055,0.9967367657722987
0.10820984840393066,0.9969180565627266
0.10919690132141113,0.9970993473531544
0.10922741889953613,0.9972806381435823
0.11991500854492188,0.9974619289340102
0.1536409854888916,0.997643219724438
0.1593177318572998,0.9978245105148659
0.1757490634918213,0.9980058013052937
0.1883373260498047,0.9981870920957215
0.1973259449005127,0.9983683828861494
0.20372915267944336,0.9985496736765772
0.21146130561828613,0.998730964467005
0.25744032859802246,0.9989122552574329
0.32407641410827637,0.9990935460478607
0.39067745208740234,0.9992748368382887
0.483593225479126,0.9994561276287165
0.5031461715698242,0.9996374184191443
0.6805720329284668,0.9998187092095722
0.7006213665008545,1.0
