SECONDS,prefix_cache_block_misses
1746756082.6179576,448.0
1746756082.6556182,896.0
1746756082.6930988,1344.0
1746756082.7309334,1792.0
1746756082.769087,2240.0
1746756082.807711,2688.0
1746756082.8469641,3136.0
1746756082.8863847,3584.0
1746756082.926227,4032.0
1746756082.9663153,4480.0
1746756083.00671,4928.0
1746756083.047412,5376.0
1746756083.0884724,5824.0
1746756083.1298623,6272.0
1746756083.1652942,6720.0
1746756083.181068,7168.0
1746756083.1962078,7616.0
1746756083.2113647,8064.0
1746756083.226475,8512.0
1746756083.241809,8960.0
1746756083.2569683,9408.0
1746756083.2721334,9856.0
1746756083.2875302,10304.0
1746756083.3030128,10752.0
1746756083.3184924,11200.0
1746756083.3340275,11648.0
1746756083.3495204,12096.0
1746756083.3649473,12544.0
1746756083.3803668,12992.0
1746756083.395727,13440.0
1746756083.4110804,13888.0
1746756083.4264653,14336.0
1746756083.4419696,14784.0
1746756083.4575934,15232.0
1746756083.4729342,15680.0
1746756083.488637,16128.0
1746756083.50425,16576.0
1746756083.5197415,17024.0
1746756083.5352442,17472.0
1746756083.5508454,17920.0
1746756083.5663102,18368.0
1746756083.5818217,18816.0
1746756083.5973084,19264.0
1746756083.6127353,19712.0
1746756083.6281173,20160.0
1746756083.6435637,20608.0
1746756083.6590123,21056.0
1746756083.6744425,21504.0
1746756083.6899693,21952.0
1746756083.7056158,22400.0
1746756083.721246,22848.0
1746756083.7371392,23296.0
1746756083.752755,23744.0
1746756083.7684016,24192.0
1746756083.7839334,24640.0
1746756083.7996292,25088.0
1746756083.8151453,25536.0
1746756083.830729,25984.0
1746756083.846373,26432.0
1746756083.8623438,26880.0
1746756083.8780496,27328.0
1746756083.8937624,27776.0
1746756083.9094853,28224.0
1746756083.925239,28672.0
1746756083.9409263,29120.0
1746756083.9566896,29568.0
1746756083.9723454,30016.0
1746756083.9883418,30464.0
1746756084.0040858,30912.0
1746756084.0197124,31360.0
1746756084.0351357,31808.0
1746756084.050559,32256.0
1746756084.0660405,32704.0
1746756084.0815334,33152.0
1746756084.0970132,33600.0
1746756084.1124566,34048.0
1746756084.127885,34496.0
1746756084.172658,34976.0
1746756084.1896825,35456.0
1746756084.2056108,35936.0
1746756084.2214897,36416.0
1746756084.2372274,36896.0
1746756084.2554243,37376.0
1746756084.2715256,37856.0
1746756084.2873702,38336.0
1746756084.3034034,38816.0
1746756084.319368,39296.0
1746756084.3356013,39776.0
1746756084.3516045,40256.0
1746756084.3674784,40736.0
1746756084.3833606,41216.0
1746756084.3992543,41696.0
1746756084.4150977,42176.0
1746756084.4309115,42656.0
1746756084.446666,43136.0
1746756084.4623916,43616.0
1746756084.4783468,44096.0
1746756084.494447,44576.0
1746756084.5105317,45056.0
1746756084.5266542,45536.0
1746756084.5427086,46016.0
1746756084.558735,46496.0
1746756084.574622,46976.0
1746756084.590562,47456.0
1746756084.606304,47936.0
1746756084.6220536,48416.0
1746756084.6378264,48896.0
1746756084.6535106,49376.0
1746756084.6692529,49856.0
1746756084.6850536,50336.0
1746756084.7009044,50816.0
1746756084.7169116,51296.0
1746756084.7330055,51776.0
1746756084.7491853,52256.0
1746756084.7666183,52736.0
1746756084.7831037,53216.0
1746756084.7991133,53696.0
1746756084.8150942,54176.0
1746756084.8312097,54656.0
1746756084.8474205,55136.0
1746756084.8633556,55616.0
1746756084.8791795,56096.0
1746756084.8950849,56576.0
1746756084.9109244,57056.0
1746756084.9267988,57536.0
1746756084.9426067,58016.0
1746756084.958567,58496.0
1746756084.9747763,58976.0
1746756084.9907804,59456.0
1746756085.0065758,59936.0
1746756085.0224087,60416.0
1746756085.0383997,60896.0
1746756085.054143,61376.0
1746756085.069913,61856.0
1746756085.085724,62336.0
1746756085.1016197,62816.0
1746756085.117441,63296.0
1746756085.133245,63776.0
1746756085.1785872,64320.0
1746756085.2188315,64864.0
1746756085.236861,65408.0
1746756085.257041,65952.0
1746756085.2732368,66496.0
1746756085.2894514,67040.0
1746756085.3056521,67584.0
1746756085.3220286,68128.0
1746756085.3383012,68672.0
1746756085.3546267,69216.0
1746756085.3708138,69760.0
1746756085.3871,70304.0
1746756085.4033391,70848.0
1746756085.4197676,71392.0
1746756085.436057,71936.0
1746756085.4523444,72480.0
1746756085.4686892,73024.0
1746756085.4849238,73568.0
1746756085.5012035,74112.0
1746756085.5175095,74656.0
1746756085.5337222,75200.0
1746756085.5499794,75744.0
1746756085.566175,76288.0
1746756085.582529,76832.0
1746756085.5987859,77376.0
1746756085.6150815,77920.0
1746756085.6312244,78464.0
1746756085.6475058,79008.0
1746756085.6637895,79552.0
1746756085.6796792,80096.0
1746756085.695388,80640.0
1746756085.711111,81184.0
1746756085.7269797,81728.0
1746756085.742777,82272.0
1746756085.758655,82816.0
1746756085.774503,83360.0
1746756085.790415,83904.0
1746756085.806366,84448.0
1746756085.8222396,84992.0
1746756085.8381877,85536.0
1746756085.8540125,86080.0
1746756085.8701866,86624.0
1746756085.8860135,87168.0
1746756085.9019122,87712.0
1746756085.9179287,88256.0
1746756085.9340253,88800.0
1746756085.9498854,89344.0
1746756085.9657805,89888.0
1746756085.981626,90432.0
1746756085.99752,90976.0
1746756086.0134077,91520.0
1746756086.0292695,92064.0
1746756086.0452256,92608.0
1746756086.0611057,93152.0
1746756086.0769305,93696.0
1746756086.092895,94240.0
1746756086.108842,94784.0
1746756086.1250226,95328.0
1746756086.1410723,95872.0
1746756086.1572895,96416.0
1746756086.173508,96960.0
1746756086.1897848,97504.0
1746756086.2058356,98048.0
1746756086.222028,98592.0
1746756086.238157,99136.0
1746756086.2542317,99680.0
1746756086.2703223,100224.0
1746756086.2862763,100768.0
1746756086.3024373,101312.0
1746756086.3185146,101856.0
1746756086.3346481,102400.0
1746756086.3507853,102944.0
1746756086.3668685,103488.0
1746756086.3832316,104032.0
1746756086.3993592,104576.0
1746756086.4155138,105120.0
1746756086.4317222,105664.0
1746756086.4479833,106208.0
1746756086.4642024,106752.0
1746756086.4803965,107296.0
1746756086.4965599,107840.0
1746756086.5127294,108384.0
1746756086.5289438,108928.0
1746756086.5451546,109472.0
1746756086.561308,110016.0
1746756086.5774395,110560.0
1746756086.593533,111104.0
1746756086.6095972,111648.0
1746756086.625728,112192.0
1746756086.6420815,112736.0
1746756086.6582627,113280.0
1746756086.6743832,113824.0
1746756086.6905706,114368.0
1746756086.7067764,114912.0
1746756086.722873,115456.0
1746756086.738979,116000.0
1746756086.755163,116544.0
1746756086.7712562,117088.0
1746756086.7873557,117632.0
1746756086.8034887,118176.0
1746756086.819662,118720.0
1746756086.8357167,119264.0
1746756086.8520007,119808.0
1746756086.8681226,120352.0
1746756086.8842256,120896.0
1746756086.900669,121440.0
1746756086.9169006,121984.0
1746756086.933063,122528.0
1746756086.949277,123072.0
1746756086.9655745,123616.0
1746756086.981728,124160.0
1746756086.9978468,124704.0
1746756087.0140946,125248.0
1746756087.0301406,125792.0
1746756087.0461576,126336.0
1746756087.062831,126880.0
1746756087.0790977,127424.0
1746756087.095233,127968.0
1746756087.1114173,128512.0
1746756087.127552,129056.0
1746756087.1436517,129600.0
1746756087.160202,130144.0
1746756087.1764967,130688.0
1746756087.19277,131232.0
1746756087.2090433,131776.0
1746756087.225462,132320.0
1746756087.2417672,132864.0
1746756087.2578433,133408.0
1746756087.2739177,133952.0
1746756087.2900293,134496.0
1746756087.3062792,135040.0
1746756087.3224566,135584.0
1746756087.3386996,136128.0
1746756087.3548226,136672.0
1746756087.3709402,137216.0
1746756087.3871205,137760.0
1746756087.4033043,138304.0
1746756087.4196217,138848.0
1746756087.4357734,139392.0
1746756087.4519558,139936.0
1746756087.468295,140480.0
1746756087.4846406,141024.0
1746756087.5008554,141568.0
1746756087.5171497,142112.0
1746756087.533439,142656.0
1746756087.5498023,143200.0
1746756087.5660563,143744.0
1746756087.5820901,144288.0
1746756087.5981627,144832.0
1746756087.6142087,145376.0
1746756087.6304762,145920.0
1746756087.64666,146464.0
1746756087.6628613,147008.0
1746756087.6793032,147552.0
1746756087.695403,148096.0
1746756087.7115824,148640.0
1746756087.7278345,149184.0
1746756087.744166,149728.0
1746756087.7603855,150272.0
1746756087.7765503,150816.0
1746756087.7926993,151360.0
1746756087.8088906,151904.0
1746756087.8267415,152448.0
1746756087.843441,152992.0
1746756087.859596,153536.0
1746756087.8756316,154080.0
1746756087.8917089,154624.0
1746756087.9079332,155168.0
1746756087.924144,155712.0
1746756087.940694,156256.0
1746756087.9568365,156800.0
1746756087.9730012,157344.0
1746756087.9892738,157888.0
1746756088.0056732,158432.0
1746756088.021722,158976.0
1746756088.0375307,159520.0
1746756088.053377,160064.0
1746756088.0692878,160608.0
1746756088.0851288,161152.0
1746756088.1012056,161696.0
1746756088.1175795,162240.0
1746756088.1340027,162784.0
1746756088.1501179,163328.0
1746756088.1663182,163872.0
1746756088.2124867,164480.0
1746756088.2529902,165088.0
1746756088.3058531,166080.0
1746756088.346479,167072.0
1746756088.3873265,168064.0
1746756088.4288428,169056.0
1746756088.470453,170048.0
1746756088.5124793,171040.0
1746756088.5547976,172032.0
1746756088.5972977,173024.0
1746756088.6400077,174016.0
1746756088.683088,175008.0
1746756088.7265651,176000.0
1746756088.7704499,176992.0
1746756088.821224,177984.0
1746756088.8389604,178976.0
1746756088.8564367,179968.0
1746756088.8740718,180960.0
1746756088.891438,181952.0
1746756088.9092476,182944.0
1746756088.9266982,183936.0
1746756088.944265,184928.0
1746756088.9616892,185920.0
1746756088.9792736,186912.0
1746756088.9967115,187904.0
1746756089.01416,188896.0
1746756089.0314648,189888.0
1746756089.0486548,190880.0
1746756089.0658145,191872.0
1746756089.083164,192864.0
1746756089.1005557,193856.0
1746756089.1179981,194848.0
1746756089.1353672,195840.0
1746756089.1540668,196832.0
1746756089.17068,197824.0
1746756089.1874921,198816.0
1746756089.2040498,199808.0
1746756089.220808,200800.0
1746756089.2373667,201792.0
1746756089.2540684,202784.0
1746756089.2707167,203776.0
1746756089.2873082,204768.0
1746756089.3037915,205760.0
1746756089.320459,206752.0
1746756089.3371007,207744.0
1746756089.3537552,208736.0
1746756089.3703718,209728.0
1746756089.3870115,210720.0
1746756089.40363,211712.0
1746756089.4206066,212704.0
1746756089.4371839,213696.0
1746756089.4539883,214688.0
1746756089.470622,215680.0
1746756089.4873815,216672.0
1746756089.5039434,217664.0
1746756089.520753,218656.0
1746756089.5373747,219648.0
1746756089.553898,220640.0
1746756089.5704753,221632.0
1746756089.587083,222624.0
1746756089.6036334,223616.0
1746756089.6200926,224608.0
1746756089.6364012,225600.0
1746756089.6528406,226592.0
1746756089.6692505,227584.0
1746756089.6859343,228576.0
1746756089.702459,229568.0
1746756089.719259,230560.0
1746756089.7358146,231552.0
1746756089.75249,232544.0
1746756089.769137,233536.0
1746756089.7860215,234528.0
1746756089.8026202,235520.0
1746756089.819323,236512.0
1746756089.835839,237504.0
1746756089.8523898,238496.0
1746756089.8691218,239488.0
1746756089.8858552,240480.0
1746756089.9024913,241472.0
1746756089.9193008,242464.0
1746756089.9359381,243456.0
1746756089.9528794,244448.0
1746756089.9695337,245440.0
1746756089.986279,246432.0
1746756090.0028515,247424.0
1746756090.019573,248416.0
1746756090.0360916,249408.0
1746756090.0525444,250400.0
1746756090.0689785,251392.0
1746756090.0857143,252384.0
1746756090.1022494,253376.0
1746756090.118824,254368.0
1746756090.1354291,255360.0
1746756090.1519966,256352.0
1746756090.1686323,257344.0
1746756090.1853113,258336.0
1746756090.2020352,259328.0
1746756090.2191098,260320.0
1746756090.2357588,261312.0
1746756090.2526162,262304.0
1746756090.2692091,263296.0
1746756090.2860122,264288.0
1746756090.3026755,265280.0
1746756090.3194234,266272.0
1746756090.3361597,267264.0
1746756090.3526974,268256.0
1746756090.369324,269248.0
1746756090.3861496,270240.0
1746756090.4028783,271232.0
1746756090.419403,272224.0
1746756090.4362583,273216.0
1746756090.4527233,274208.0
1746756090.4691906,275200.0
1746756090.4862235,276192.0
1746756090.5029628,277184.0
1746756090.5191793,278176.0
1746756090.535347,279168.0
1746756090.551607,280160.0
1746756090.568186,281152.0
1746756090.5846777,282144.0
1746756090.60095,283136.0
1746756090.6171227,284128.0
1746756090.6333973,285120.0
1746756090.6496687,286112.0
1746756090.6659713,287104.0
1746756090.682218,288096.0
1746756090.6985533,289088.0
1746756090.714842,290080.0
1746756090.731038,291072.0
1746756090.747429,292064.0
1746756090.7636309,293056.0
1746756090.7800136,294048.0
1746756090.7961347,295040.0
1746756090.8124187,296032.0
1746756090.8286905,297024.0
1746756090.8449955,298016.0
1746756090.861269,299008.0
1746756090.8775253,300000.0
1746756090.8938177,300992.0
1746756090.9100146,301984.0
1746756090.9262319,302976.0
1746756090.9423823,303968.0
1746756090.9586673,304960.0
1746756090.974911,305952.0
1746756090.99118,306944.0
1746756091.0076547,307936.0
1746756091.0239377,308928.0
1746756091.0401492,309920.0
1746756091.0561173,310912.0
1746756091.0721622,311904.0
1746756091.0882404,312896.0
1746756091.104704,313888.0
1746756091.1209626,314880.0
1746756091.1372519,315872.0
1746756091.1535218,316864.0
1746756091.1998658,317920.0
1746756091.2403452,318976.0
1746756091.258947,320032.0
1746756091.275527,321088.0
1746756091.296192,322144.0
1746756091.3128774,323200.0
1746756091.3297555,324256.0
1746756091.3465846,325312.0
1746756091.3634439,326368.0
1746756091.3802505,327424.0
1746756091.3969243,328480.0
1746756091.4135358,329536.0
1746756091.4303734,330592.0
1746756091.4471245,331648.0
1746756091.4639378,332704.0
1746756091.480614,333760.0
1746756091.497213,334816.0
1746756091.513925,335872.0
1746756091.5305908,336928.0
1746756091.547246,337984.0
1746756091.5638895,339040.0
1746756091.5805914,340096.0
1746756091.5976152,341152.0
1746756091.614359,342208.0
1746756091.63121,343264.0
1746756091.6481001,344320.0
1746756091.664799,345376.0
1746756091.6814828,346432.0
1746756091.6983337,347488.0
1746756091.7150085,348544.0
1746756091.7316554,349600.0
1746756091.7483501,350656.0
1746756091.765036,351712.0
1746756091.7817452,352768.0
1746756091.798413,353824.0
1746756091.8150811,354880.0
1746756091.832873,355936.0
1746756091.8487382,356992.0
1746756091.8644285,358048.0
1746756091.880195,359104.0
1746756091.896007,360160.0
1746756091.9117591,361216.0
1746756091.9275663,362272.0
1746756091.9432857,363328.0
1746756091.9593089,364384.0
1746756091.975277,365440.0
1746756091.9909213,366496.0
1746756092.0065877,367552.0
1746756092.0223362,368608.0
1746756092.0376234,369664.0
1746756092.052671,370720.0
1746756092.0677595,371776.0
1746756092.0828292,372832.0
1746756092.0977829,373888.0
1746756092.1130085,374944.0
1746756092.128941,376000.0
1746756092.1453145,377056.0
1746756092.1613145,378112.0
1746756092.17714,379168.0
1746756092.1927838,380224.0
1746756092.2086976,381280.0
1746756092.2244282,382336.0
1746756092.240274,383392.0
1746756092.256016,384448.0
1746756092.2717438,385504.0
1746756092.2873034,386560.0
1746756092.302923,387616.0
1746756092.318545,388672.0
1746756092.3343668,389728.0
1746756092.3501215,390784.0
1746756092.3658593,391840.0
1746756092.3817964,392896.0
1746756092.3976378,393952.0
1746756092.4134057,395008.0
1746756092.429211,396064.0
1746756092.4449334,397120.0
1746756092.4608057,398176.0
1746756092.4765732,399232.0
1746756092.492395,400288.0
1746756092.5082662,401344.0
1746756092.523987,402400.0
1746756092.5396066,403456.0
1746756092.5551329,404512.0
1746756092.570693,405568.0
1746756092.5863936,406624.0
1746756092.6020796,407680.0
1746756092.6178417,408736.0
1746756092.6337662,409792.0
1746756092.6496642,410848.0
1746756092.6654913,411904.0
1746756092.6812668,412960.0
1746756092.697026,414016.0
1746756092.7128143,415072.0
1746756092.728523,416128.0
1746756092.7443035,417184.0
1746756092.7601106,418240.0
1746756092.7757835,419296.0
1746756092.7913654,420352.0
1746756092.8069818,421408.0
1746756092.822699,422464.0
1746756092.8385348,423520.0
1746756092.8542957,424576.0
1746756092.870045,425632.0
1746756092.8860085,426688.0
1746756092.9019058,427744.0
1746756092.9177473,428800.0
1746756092.9334373,429856.0
1746756092.9492698,430912.0
1746756092.9652095,431968.0
1746756092.9810367,433024.0
1746756092.9967375,434080.0
1746756093.0124657,435136.0
1746756093.028149,436192.0
1746756093.0436578,437248.0
1746756093.0591125,438304.0
1746756093.0745788,439360.0
1746756093.0900536,440416.0
1746756093.1055675,441472.0
1746756093.1212268,442528.0
1746756093.1371608,443584.0
1746756093.1528988,444640.0
1746756093.1687264,445696.0
1746756093.1845837,446752.0
1746756093.20043,447808.0
1746756093.2164028,448864.0
1746756093.2321963,449920.0
1746756093.2480633,450976.0
1746756093.263815,452032.0
1746756093.2794425,453088.0
1746756093.295028,454144.0
1746756093.3107219,455200.0
1746756093.3264465,456256.0
1746756093.3421452,457312.0
1746756093.357746,458368.0
1746756093.3735704,459424.0
1746756093.3895836,460480.0
1746756093.405408,461536.0
1746756093.4212358,462592.0
1746756093.4370356,463648.0
1746756093.4527614,464704.0
1746756093.4686372,465760.0
1746756093.484424,466816.0
1746756093.5002186,467872.0
1746756093.5160055,468928.0
1746756093.5317345,469984.0
1746756093.5472476,471040.0
1746756093.562823,472096.0
1746756093.5784426,473152.0
1746756093.594092,474208.0
1746756093.609763,475264.0
1746756093.625519,476320.0
1746756093.6414454,477376.0
1746756093.6573002,478432.0
1746756093.673156,479488.0
1746756093.6889482,480544.0
1746756093.7047055,481600.0
1746756093.7205753,482656.0
1746756093.736405,483712.0
1746756093.752119,484768.0
1746756093.7677302,485824.0
1746756093.783474,486880.0
1746756093.7990859,487936.0
1746756093.814698,488992.0
1746756093.8304892,490048.0
1746756093.8461897,491104.0
1746756093.861852,492160.0
1746756093.877652,493216.0
1746756093.8935819,494272.0
1746756093.909399,495328.0
1746756093.9251773,496384.0
1746756093.9409058,497440.0
1746756093.9565485,498496.0
1746756093.9724886,499552.0
1746756093.9882789,500608.0
1746756094.0039709,501664.0
1746756094.0195663,502720.0
1746756094.0352056,503776.0
1746756094.0506382,504832.0
1746756094.066118,505888.0
1746756094.0815296,506944.0
1746756094.0969014,508000.0
1746756094.1123075,509056.0
1746756094.1276433,510112.0
1746756094.143213,511168.0
1746756094.1588228,512224.0
1746756094.1746407,513280.0
1746756094.2194607,514368.0
1746756094.2661126,515520.0
1746756094.3064935,516672.0
1746756094.3301258,517824.0
1746756094.346469,518976.0
1746756094.361818,520128.0
1746756094.3777623,521280.0
1746756094.3941112,522432.0
1746756094.4104116,523584.0
1746756094.4265544,524736.0
1746756094.4427934,525888.0
1746756094.4590673,527040.0
1746756094.4751253,528192.0
1746756094.4914203,529344.0
1746756094.5076146,530496.0
1746756094.5239637,531648.0
1746756094.5402834,532800.0
1746756094.5564067,533952.0
1746756094.5726464,535104.0
1746756094.5888643,536256.0
1746756094.6053424,537408.0
1746756094.621874,538560.0
1746756094.6385758,539712.0
1746756094.6549542,540864.0
1746756094.6715467,542016.0
1746756094.688248,543168.0
1746756094.7047348,544320.0
1746756094.721162,545472.0
1746756094.737614,546624.0
1746756094.7542167,547776.0
1746756094.770817,548928.0
1746756094.7872741,550080.0
1746756094.80376,551232.0
1746756094.8204331,552384.0
1746756094.8370807,553536.0
1746756094.853601,554688.0
1746756094.8701396,555840.0
1746756094.8866205,556992.0
1746756094.9033628,558144.0
1746756094.9198644,559296.0
1746756094.9366376,560448.0
1746756094.953216,561600.0
1746756094.969753,562752.0
1746756094.9863596,563904.0
1746756095.00286,565056.0
1746756095.0195405,566208.0
1746756095.0358863,567360.0
1746756095.0521557,568512.0
1746756095.0683272,569664.0
1746756095.0846648,570816.0
1746756095.101274,571968.0
1746756095.1178076,573120.0
1746756095.1343598,574272.0
1746756095.1508472,575424.0
1746756095.1673484,576576.0
1746756095.184144,577728.0
1746756095.2007468,578880.0
1746756095.2172208,580032.0
1746756095.2332873,581184.0
1746756095.2493932,582336.0
1746756095.2654915,583488.0
1746756095.2815201,584640.0
1746756095.2977784,585792.0
1746756095.3137486,586944.0
1746756095.3299105,588096.0
1746756095.3459973,589248.0
1746756095.3621712,590400.0
1746756095.3782203,591552.0
1746756095.3943055,592704.0
1746756095.4104695,593856.0
1746756095.4266694,595008.0
1746756095.4427047,596160.0
1746756095.458959,597312.0
1746756095.4750087,598464.0
1746756095.4910755,599616.0
1746756095.5070403,600768.0
1746756095.5230882,601920.0
1746756095.539037,603072.0
1746756095.5551696,604224.0
1746756095.571095,605376.0
1746756095.5871568,606528.0
1746756095.6031365,607680.0
1746756095.6192658,608832.0
1746756095.6351407,609984.0
1746756095.6512156,611136.0
1746756095.6672435,612288.0
1746756095.6834517,613440.0
1746756095.6994977,614592.0
1746756095.7158206,615744.0
1746756095.7319324,616896.0
1746756095.7479262,618048.0
1746756095.7639718,619200.0
1746756095.7800512,620352.0
1746756095.796024,621504.0
1746756095.8121822,622656.0
1746756095.8282719,623808.0
1746756095.8443735,624960.0
1746756095.8602552,626112.0
1746756095.8762004,627264.0
1746756095.8920593,628416.0
1746756095.9079726,629568.0
1746756095.9238095,630720.0
1746756095.9398444,631872.0
1746756095.9557455,633024.0
1746756095.9719741,634176.0
1746756095.988166,635328.0
1746756096.004304,636480.0
1746756096.0205417,637632.0
1746756096.0364685,638784.0
1746756096.0517132,639936.0
1746756096.06705,641088.0
1746756096.0824032,642240.0
1746756096.0977602,643392.0
1746756096.1134195,644544.0
1746756096.1295512,645696.0
1746756096.145602,646848.0
1746756096.1616871,648000.0
1746756096.1777756,649152.0
1746756096.193913,650304.0
1746756096.2100477,651456.0
1746756096.2263763,652608.0
1746756096.2425807,653760.0
1746756096.2586532,654912.0
1746756096.2747715,656064.0
1746756096.2909074,657216.0
1746756096.3070211,658368.0
1746756096.3232617,659520.0
1746756096.3394368,660672.0
1746756096.3554935,661824.0
1746756096.3716393,662976.0
1746756096.3878825,664128.0
1746756096.4041805,665280.0
1746756096.4203837,666432.0
1746756096.436596,667584.0
1746756096.4528284,668736.0
1746756096.4689379,669888.0
1746756096.4852872,671040.0
1746756096.5012996,672192.0
1746756096.517431,673344.0
1746756096.5335672,674496.0
1746756096.549651,675648.0
1746756096.5657346,676800.0
1746756096.5819924,677952.0
1746756096.5980334,679104.0
1746756096.6140244,680256.0
1746756096.63019,681408.0
1746756096.6464195,682560.0
1746756096.6625266,683712.0
1746756096.6787658,684864.0
1746756096.6948931,686016.0
1746756096.711179,687168.0
1746756096.7271407,688320.0
1746756096.7435477,689472.0
1746756096.7596009,690624.0
1746756096.7757235,691776.0
1746756096.791839,692928.0
1746756096.8078473,694080.0
1746756096.8239725,695232.0
1746756096.8407993,696384.0
1746756096.8569205,697536.0
1746756096.8729682,698688.0
1746756096.8890476,699840.0
1746756096.905402,700992.0
1746756096.9215379,702144.0
1746756096.937677,703296.0
1746756096.9537406,704448.0
1746756096.9700632,705600.0
1746756096.9861782,706752.0
1746756097.0024536,707904.0
1746756097.0185745,709056.0
1746756097.034684,710208.0
1746756097.0506783,711360.0
1746756097.0667331,712512.0
1746756097.082821,713664.0
1746756097.0989113,714816.0
1746756097.1148627,715968.0
1746756097.130978,717120.0
1746756097.1470065,718272.0
1746756097.1632178,719424.0
1746756097.2084508,720608.0
1746756097.2267573,721792.0
1746756097.24304,722976.0
1746756097.2595077,724160.0
1746756097.2758522,725344.0
1746756097.2925193,726528.0
1746756097.3125806,727712.0
1746756097.329185,728896.0
1746756097.3457642,730080.0
1746756097.3622887,731264.0
1746756097.3787205,732448.0
1746756097.3954573,733632.0
1746756097.4117477,734816.0
1746756097.4279373,736000.0
1746756097.444039,737184.0
1746756097.460331,738368.0
1746756097.4765632,739552.0
1746756097.4928238,740736.0
1746756097.509041,741920.0
1746756097.5253437,743104.0
1746756097.5416403,744288.0
1746756097.5580275,745472.0
1746756097.5742872,746656.0
1746756097.590513,747840.0
1746756097.606624,749024.0
1746756097.6228611,750208.0
1746756097.6391487,751392.0
1746756097.6556091,752576.0
1746756097.671821,753760.0
1746756097.6880596,754944.0
1746756097.7043426,756128.0
1746756097.7206647,757312.0
1746756097.7367861,758496.0
1746756097.7531297,759680.0
1746756097.7693772,760864.0
1746756097.7857394,762048.0
1746756097.8020098,763232.0
1746756097.8184,764416.0
1746756097.8348103,765600.0
1746756097.851114,766784.0
1746756097.8672771,767968.0
1746756097.8835566,769152.0
1746756097.8997998,770336.0
1746756097.916287,771520.0
1746756097.9325585,772704.0
1746756097.9488456,773888.0
1746756097.9649456,775072.0
1746756097.9813232,776256.0
1746756097.9974985,777440.0
1746756098.01369,778624.0
1746756098.0298252,779808.0
1746756098.0460963,780992.0
1746756098.0622778,782176.0
1746756098.078561,783360.0
1746756098.0948665,784544.0
1746756098.11094,785728.0
1746756098.127062,786912.0
1746756098.143274,788096.0
1746756098.1594536,789280.0
1746756098.175884,790464.0
1746756098.1920085,791648.0
1746756098.2082572,792832.0
1746756098.2245028,794016.0
1746756098.240897,795200.0
1746756098.2571054,796384.0
1746756098.2733588,797568.0
1746756098.2894716,798752.0
1746756098.305885,799936.0
1746756098.3220413,801120.0
1746756098.3385508,802304.0
1746756098.3549278,803488.0
1746756098.3711123,804672.0
1746756098.3872986,805856.0
1746756098.4035203,807040.0
1746756098.4197433,808224.0
1746756098.4362547,809408.0
1746756098.452426,810592.0
1746756098.468641,811776.0
1746756098.484939,812960.0
1746756098.5012898,814144.0
1746756098.5175662,815328.0
1746756098.533756,816512.0
1746756098.5498252,817696.0
1746756098.566276,818880.0
1746756098.582471,820064.0
1746756098.5988185,821248.0
1746756098.6150548,822432.0
1746756098.6312091,823616.0
1746756098.6474388,824800.0
1746756098.6637623,825984.0
1746756098.6800518,827168.0
1746756098.696507,828352.0
1746756098.7127512,829536.0
1746756098.7290268,830720.0
1746756098.7451859,831904.0
1746756098.7613757,833088.0
1746756098.777831,834272.0
1746756098.7939107,835456.0
1746756098.8099306,836640.0
1746756098.8268068,837824.0
1746756098.842892,839008.0
1746756098.8589845,840192.0
1746756098.8751202,841376.0
1746756098.890999,842560.0
1746756098.906966,843744.0
1746756098.9229803,844928.0
1746756098.938942,846112.0
1746756098.955001,847296.0
1746756098.9713094,848480.0
1746756098.9871054,849664.0
1746756099.0028226,850848.0
1746756099.0185876,852032.0
1746756099.0343122,853216.0
1746756099.0500982,854400.0
1746756099.0658035,855584.0
1746756099.0816226,856768.0
1746756099.0972977,857952.0
1746756099.1131916,859136.0
1746756099.1291184,860320.0
1746756099.144797,861504.0
1746756099.1605942,862688.0
1746756099.205412,863904.0
1746756099.2234411,865120.0
1746756099.2395246,866336.0
1746756099.255497,867552.0
1746756099.2713716,868768.0
1746756099.2873037,869984.0
1746756099.3066862,871200.0
1746756099.3227239,872416.0
1746756099.3387675,873632.0
1746756099.3548834,874848.0
1746756099.3710563,876064.0
1746756099.3872137,877280.0
1746756099.4034336,878496.0
1746756099.4197335,879712.0
1746756099.4358494,880928.0
1746756099.4519858,882144.0
1746756099.4681277,883360.0
1746756099.484169,884576.0
1746756099.500463,885792.0
1746756099.51657,887008.0
1746756099.5325882,888224.0
1746756099.5486624,889440.0
1746756099.5649083,890656.0
1746756099.5810013,891872.0
1746756099.5971022,893088.0
1746756099.6131914,894304.0
1746756099.6296914,895520.0
1746756099.6455846,896736.0
1746756099.6613958,897952.0
1746756099.677161,899168.0
1746756099.6928072,900384.0
1746756099.708482,901600.0
1746756099.7241206,902816.0
1746756099.7398398,904032.0
1746756099.7556686,905248.0
1746756099.7714999,906464.0
1746756099.7872624,907680.0
1746756099.803044,908896.0
1746756099.8187466,910112.0
1746756099.834485,911328.0
1746756099.850129,912544.0
1746756099.865834,913760.0
1746756099.8817103,914976.0
1746756099.8975804,916192.0
1746756099.9137876,917408.0
1746756099.9297762,918624.0
1746756099.9455018,919840.0
1746756099.9612339,921056.0
1746756099.9769914,922272.0
1746756099.9926984,923488.0
1746756100.0085711,924704.0
1746756100.02432,925920.0
1746756100.0400305,927136.0
1746756100.0557127,928352.0
1746756100.0715768,929568.0
1746756100.087205,930784.0
1746756100.1029532,932000.0
1746756100.1186996,933216.0
1746756100.1343524,934432.0
1746756100.150106,935648.0
1746756100.1659198,936864.0
1746756100.1816518,938080.0
1746756100.1973357,939296.0
1746756100.2127,940512.0
1746756100.2280426,941728.0
1746756100.243365,942944.0
1746756100.2588203,944160.0
1746756100.274133,945376.0
1746756100.2894967,946592.0
1746756100.3048005,947808.0
1746756100.320048,949024.0
1746756100.3354154,950240.0
1746756100.350803,951456.0
1746756100.3661497,952672.0
1746756100.3816078,953888.0
1746756100.3969584,955104.0
1746756100.4125376,956320.0
1746756100.4280334,957536.0
1746756100.4433448,958752.0
1746756100.4586234,959968.0
1746756100.4738934,961184.0
1746756100.4893396,962400.0
1746756100.504969,963616.0
1746756100.5204308,964832.0
1746756100.5357175,966048.0
1746756100.55104,967264.0
1746756100.5663733,968480.0
1746756100.5817564,969696.0
1746756100.5971248,970912.0
1746756100.6125484,972128.0
1746756100.627999,973344.0
1746756100.6433854,974560.0
1746756100.6588483,975776.0
1746756100.6742897,976992.0
1746756100.6896303,978208.0
1746756100.7049382,979424.0
1746756100.7201777,980640.0
1746756100.7354705,981856.0
1746756100.7508717,983072.0
1746756100.7662518,984288.0
1746756100.7816029,985504.0
1746756100.7969713,986720.0
1746756100.8122857,987936.0
1746756100.827701,989152.0
1746756100.8429742,990368.0
1746756100.8582969,991584.0
1746756100.8737617,992800.0
1746756100.8892164,994016.0
1746756100.9047165,995232.0
1746756100.920536,996448.0
1746756100.936359,997664.0
1746756100.9519458,998880.0
1746756100.9674356,1000096.0
1746756100.9829898,1001312.0
1746756100.9985943,1002528.0
1746756101.0141299,1003744.0
1746756101.02961,1004960.0
1746756101.0451145,1006176.0
1746756101.0605571,1007392.0
1746756101.0760617,1008608.0
1746756101.091437,1009824.0
1746756101.1070707,1011040.0
1746756101.1222274,1012256.0
1746756101.1377082,1013472.0
1746756101.1527689,1014688.0
1746756101.1679413,1015904.0
1746756101.1829262,1017120.0
1746756101.197907,1018336.0
1746756101.2128358,1019552.0
1746756101.2278247,1020768.0
1746756101.2430801,1021984.0
1746756101.25815,1023200.0
1746756101.2731943,1024416.0
1746756101.2882624,1025632.0
1746756101.303228,1026848.0
1746756101.318227,1028064.0
1746756101.3333259,1029280.0
1746756101.348432,1030496.0
1746756101.3635345,1031712.0
1746756101.378602,1032928.0
1746756101.3936145,1034144.0
1746756101.408849,1035360.0
1746756101.423945,1036576.0
1746756101.4389665,1037792.0
1746756101.4540908,1039008.0
1746756101.4690788,1040224.0
1746756101.484247,1041440.0
1746756101.499254,1042656.0
1746756101.5143058,1043872.0
1746756101.5293946,1045088.0
1746756101.5443728,1046304.0
1746756101.5593278,1047520.0
1746756101.5743127,1048736.0
1746756101.589314,1049952.0
1746756101.6043622,1051168.0
1746756101.619472,1052384.0
1746756101.6345115,1053600.0
1746756101.6498063,1054816.0
1746756101.6648366,1056032.0
1746756101.6798403,1057248.0
1746756101.694829,1058464.0
1746756101.7098806,1059680.0
1746756101.724994,1060896.0
1746756101.7400563,1062112.0
1746756101.7550573,1063328.0
1746756101.7700713,1064544.0
1746756101.7851005,1065760.0
1746756101.80009,1066976.0
1746756101.8150754,1068192.0
1746756101.830114,1069408.0
1746756101.8450894,1070624.0
1746756101.860172,1071840.0
1746756101.875176,1073056.0
1746756101.8903613,1074272.0
1746756101.9053895,1075488.0
1746756101.9204566,1076704.0
1746756101.9355505,1077920.0
1746756101.9506564,1079136.0
1746756101.9657915,1080352.0
1746756101.9808173,1081568.0
1746756101.995843,1082784.0
1746756102.0108533,1084000.0
1746756102.0259645,1085216.0
1746756102.0411494,1086432.0
1746756102.056131,1087648.0
1746756102.071064,1088864.0
1746756102.08602,1090080.0
1746756102.10103,1091296.0
1746756102.1160095,1092512.0
1746756102.1310925,1093728.0
1746756102.1460817,1094944.0
1746756102.1610475,1096160.0
1746756102.1760461,1097376.0
1746756102.1910138,1098592.0
1746756102.2061207,1099808.0
1746756102.221108,1101024.0
1746756102.2360473,1102240.0
1746756102.250981,1103456.0
1746756102.2659285,1104672.0
1746756102.2809377,1105888.0
1746756102.295973,1107104.0
1746756102.3111541,1108320.0
1746756102.3264596,1109536.0
1746756102.3417013,1110752.0
1746756102.356651,1111968.0
1746756102.3716238,1113184.0
1746756102.3864064,1114400.0
1746756102.4012017,1115616.0
1746756102.4163742,1116832.0
1746756106.275725,1118080.0
1746756106.290672,1119328.0
1746756106.3050065,1120576.0
1746756106.3192263,1121824.0
1746756106.3335102,1123072.0
1746756106.39341,1125760.0
1746756106.432253,1128448.0
1746756106.4714744,1131136.0
1746756106.5110738,1133824.0
1746756106.551103,1136512.0
1746756106.591625,1139200.0
1746756106.6323628,1141888.0
1746756106.6735208,1144576.0
1746756106.7152874,1147264.0
1746756106.7572536,1149952.0
1746756106.7993112,1152640.0
1746756106.8416514,1155328.0
1746756106.8843207,1158016.0
1746756106.9273248,1160704.0
1746756106.970612,1163392.0
1746756107.0142703,1166080.0
1746756107.0581875,1168768.0
1746756107.102337,1171456.0
1746756107.146702,1174144.0
1746756107.1914318,1176832.0
1746756107.2363951,1179520.0
1746756107.2819364,1182208.0
1746756107.3276587,1184896.0
1746756107.373809,1187584.0
1746756107.4203763,1190272.0
1746756107.4672003,1192960.0
1746756107.5143204,1195648.0
1746756107.5617268,1198336.0
1746756107.6094213,1201024.0
1746756107.6574738,1203712.0
1746756107.7059057,1206400.0
1746756107.7546558,1209088.0
1746756107.8037274,1211776.0
1746756107.853219,1214464.0
1746756107.902909,1217152.0
1746756107.9529922,1219840.0
1746756108.0034127,1222528.0
1746756108.0544457,1225216.0
1746756108.1053634,1227904.0
1746756108.1566663,1230592.0
1746756108.2083247,1233280.0
1746756108.260358,1235968.0
1746756108.3127553,1238656.0
1746756108.3655455,1241344.0
1746756108.418236,1244032.0
1746756108.4776316,1246720.0
1746756108.4952018,1249408.0
1746756108.5126975,1252096.0
1746756108.5298562,1254784.0
1746756108.5469196,1257472.0
1746756108.5642493,1260160.0
1746756108.581434,1262848.0
1746756108.5985832,1265536.0
1746756108.615615,1268224.0
1746756108.6326826,1270912.0
1746756108.6498532,1273600.0
1746756108.6669397,1276288.0
1746756108.685011,1278976.0
1746756108.7022603,1281664.0
1746756108.7194493,1284352.0
1746756108.7366953,1287040.0
1746756108.7539048,1289728.0
1746756108.7709706,1292416.0
1746756108.788022,1295104.0
1746756108.8051128,1297792.0
1746756108.8222494,1300480.0
1746756108.8395452,1303168.0
1746756108.856687,1305856.0
1746756108.8737392,1308544.0
1746756108.890832,1311232.0
1746756108.9079418,1313920.0
1746756108.9251974,1316608.0
1746756108.942468,1319296.0
1746756108.9594631,1321984.0
1746756108.9764857,1324672.0
1746756108.9935994,1327360.0
1746756109.0106592,1330048.0
1746756109.027688,1332736.0
1746756109.044664,1335424.0
1746756109.061687,1338112.0
1746756109.0786169,1340800.0
1746756109.0955176,1343488.0
1746756109.1125927,1346176.0
1746756109.1295764,1348864.0
1746756109.1466334,1351552.0
1746756109.1636453,1354240.0
1746756109.1807504,1356928.0
1746756109.197835,1359616.0
1746756109.2149105,1362304.0
1746756109.231937,1364992.0
1746756109.248917,1367680.0
1746756109.2975109,1370432.0
1746756109.339303,1373184.0
1746756109.3575327,1375936.0
1746756109.378028,1378688.0
1746756109.3954263,1381440.0
1746756109.4129276,1384192.0
1746756109.430496,1386944.0
1746756109.4481943,1389696.0
1746756109.4656286,1392448.0
1746756109.4831111,1395200.0
1746756109.501911,1397952.0
1746756109.519543,1400704.0
1746756109.537094,1403456.0
1746756109.5547125,1406208.0
1746756109.572212,1408960.0
1746756109.589848,1411712.0
1746756109.6073506,1414464.0
1746756109.6250136,1417216.0
1746756109.6426084,1419968.0
1746756109.6618562,1422720.0
1746756109.6793187,1425472.0
1746756109.696847,1428224.0
1746756109.7144976,1430976.0
1746756109.732308,1433728.0
1746756109.7500217,1436480.0
1746756109.7675223,1439232.0
1746756109.7850206,1441984.0
1746756109.8025112,1444736.0
1746756109.8200521,1447488.0
1746756109.837559,1450240.0
1746756109.855007,1452992.0
1746756109.8724613,1455744.0
1746756109.8899896,1458496.0
1746756109.9074383,1461248.0
1746756109.924973,1464000.0
1746756109.9425387,1466752.0
1746756109.9601016,1469504.0
1746756109.977606,1472256.0
1746756109.9951532,1475008.0
1746756110.0130057,1477760.0
1746756110.0306995,1480512.0
1746756110.0482898,1483264.0
1746756110.065731,1486016.0
1746756110.0832021,1488768.0
1746756110.1005576,1491520.0
1746756110.1179616,1494272.0
1746756110.1353858,1497024.0
1746756110.1528971,1499776.0
1746756110.1704516,1502528.0
1746756110.1879964,1505280.0
1746756110.2054567,1508032.0
1746756110.2229617,1510784.0
1746756110.2404487,1513536.0
1746756110.2580965,1516288.0
1746756110.2755985,1519040.0
1746756110.2966113,1521792.0
1746756110.3118658,1524544.0
1746756110.3269813,1527296.0
1746756110.3420165,1530048.0
1746756110.3570838,1532800.0
1746756110.3721426,1535552.0
1746756110.3871183,1538304.0
1746756110.4021373,1541056.0
1746756110.4172041,1543808.0
1746756110.4322455,1546560.0
1746756110.4473073,1549312.0
1746756110.4623153,1552064.0
1746756110.4773722,1554816.0
1746756110.492424,1557568.0
1746756110.5073922,1560320.0
1746756110.5225012,1563072.0
1746756110.537698,1565824.0
1746756110.5527654,1568576.0
1746756110.5677485,1571328.0
1746756110.5828831,1574080.0
1746756110.5979123,1576832.0
1746756110.612792,1579584.0
1746756110.6278136,1582336.0
1746756110.6429284,1585088.0
1746756110.6579666,1587840.0
1746756110.6730685,1590592.0
1746756110.6882367,1593344.0
1746756110.703425,1596096.0
1746756110.7185342,1598848.0
1746756110.7336845,1601600.0
1746756110.7488873,1604352.0
1746756110.7641938,1607104.0
1746756110.7795973,1609856.0
1746756110.7948902,1612608.0
1746756110.8100388,1615360.0
1746756110.825159,1618112.0
1746756110.8403518,1620864.0
1746756110.855422,1623616.0
1746756110.8704906,1626368.0
1746756110.8855364,1629120.0
1746756110.90065,1631872.0
1746756110.9156694,1634624.0
1746756110.930859,1637376.0
1746756110.9459949,1640128.0
1746756110.9611328,1642880.0
1746756110.9762187,1645632.0
1746756110.99158,1648384.0
1746756111.0068445,1651136.0
1746756111.022224,1653888.0
1746756111.037531,1656640.0
1746756111.0527918,1659392.0
1746756111.0678687,1662144.0
1746756111.0829952,1664896.0
1746756111.0979836,1667648.0
1746756111.1130052,1670400.0
1746756111.1279948,1673152.0
1746756111.1429899,1675904.0
1746756111.1580706,1678656.0
1746756111.173124,1681408.0
1746756111.188137,1684160.0
1746756111.203115,1686912.0
1746756111.2182379,1689664.0
1746756111.233376,1692416.0
1746756111.2486122,1695168.0
1746756111.2639928,1697920.0
1746756111.279353,1700672.0
1746756111.2945118,1703424.0
1746756111.3097086,1706176.0
1746756111.3248188,1708928.0
1746756111.3399427,1711680.0
1746756111.3550365,1714432.0
1746756111.3700705,1717184.0
1746756111.38522,1719936.0
1746756111.400334,1722688.0
1746756111.4154904,1725440.0
1746756111.4306548,1728192.0
1746756111.4458148,1730944.0
1746756111.4608293,1733696.0
1746756111.4759383,1736448.0
1746756111.491064,1739200.0
1746756111.5065582,1741952.0
1746756111.521825,1744704.0
1746756111.5369465,1747456.0
1746756111.552105,1750208.0
1746756111.5671299,1752960.0
1746756111.5821707,1755712.0
1746756111.5972774,1758464.0
1746756111.612271,1761216.0
1746756111.6273322,1763968.0
1746756111.642367,1766720.0
1746756111.65753,1769472.0
1746756111.6727521,1772224.0
1746756111.6880078,1774976.0
1746756111.7030146,1777728.0
1746756111.7180936,1780480.0
1746756111.7332888,1783232.0
1746756111.7486172,1785984.0
1746756111.7639427,1788736.0
1746756111.779086,1791488.0
1746756111.7941554,1794240.0
1746756111.8099573,1796992.0
1746756111.825029,1799744.0
1746756111.8401542,1802496.0
1746756111.8551931,1805248.0
1746756111.8701627,1808000.0
1746756111.8851268,1810752.0
1746756111.9002886,1813504.0
1746756111.9152396,1816256.0
1746756111.9303017,1819008.0
1746756111.9454594,1821760.0
1746756111.960617,1824512.0
1746756111.9756517,1827264.0
1746756111.9908946,1830016.0
1746756112.0060282,1832768.0
1746756112.0211327,1835520.0
1746756112.0361311,1838272.0
1746756112.0512524,1841024.0
1746756112.066266,1843776.0
1746756112.0812309,1846528.0
1746756112.0961883,1849280.0
1746756112.1111445,1852032.0
1746756112.1261742,1854784.0
1746756112.1412864,1857536.0
1746756112.156339,1860288.0
1746756112.171306,1863040.0
1746756112.186358,1865792.0
1746756112.201428,1868544.0
1746756112.216536,1871296.0
1746756112.2317748,1874048.0
1746756112.246912,1876800.0
1746756112.2619,1879552.0
1746756112.2769604,1882304.0
1746756112.2919948,1885056.0
1746756112.3069158,1887808.0
1746756112.3218794,1890560.0
1746756112.3369474,1893312.0
1746756112.351879,1896064.0
1746756112.3667393,1898816.0
1746756112.4109094,1901600.0
1746756112.4270792,1904384.0
1746756112.4424448,1907168.0
1746756112.4576828,1909952.0
1746756112.472921,1912736.0
1746756112.490579,1915520.0
1746756112.5061839,1918304.0
1746756112.521668,1921088.0
1746756112.536997,1923872.0
1746756112.552417,1926656.0
1746756112.5678406,1929440.0
1746756112.583219,1932224.0
1746756112.5986142,1935008.0
1746756112.6139224,1937792.0
1746756112.7492194,1945888.0
1746756112.7887683,1953984.0
1746756112.8284733,1962080.0
1746756112.868731,1970176.0
1746756112.9092195,1978272.0
1746756112.9500036,1986368.0
1746756112.991233,1994464.0
1746756113.032746,2002560.0
1746756113.0747776,2010656.0
1746756113.1168673,2018752.0
1746756113.1591268,2026848.0
1746756113.201834,2034944.0
1746756113.2450535,2043040.0
1746756113.2885199,2051136.0
1746756113.3321507,2059232.0
1746756113.3761456,2067328.0
1746756113.420502,2075424.0
1746756113.465387,2083520.0
1746756113.5104678,2091616.0
1746756113.555744,2099712.0
1746756113.6012506,2107808.0
1746756113.6470792,2115904.0
1746756113.69331,2124000.0
1746756113.739898,2132096.0
1746756113.787062,2140192.0
1746756113.8344102,2148288.0
1746756113.882071,2156384.0
1746756113.9300454,2164480.0
1746756113.9784195,2172576.0
1746756114.0270042,2180672.0
1746756114.075928,2188768.0
1746756114.1251614,2196864.0
1746756114.1746073,2204960.0
1746756114.2244651,2213056.0
1746756114.2745762,2221152.0
1746756114.3251338,2229248.0
1746756114.375898,2237344.0
1746756114.4274724,2245440.0
1746756114.479182,2253536.0
1746756114.5310848,2261632.0
1746756114.583371,2269728.0
1746756114.6359944,2277824.0
1746756114.6888592,2285920.0
1746756114.741914,2294016.0
1746756114.7954273,2302112.0
1746756114.8492248,2310208.0
1746756114.9031615,2318304.0
1746756114.9574084,2326400.0
1746756115.0118906,2334496.0
1746756115.0667481,2342592.0
1746756115.1220376,2350688.0
1746756115.1782153,2358784.0
1746756115.2346683,2366880.0
1746756115.2915006,2374976.0
1746756115.348906,2383072.0
1746756115.4061754,2391168.0
1746756115.4651427,2399264.0
1746756115.5233939,2407360.0
1746756115.5823874,2415456.0
1746756115.641136,2423552.0
1746756115.7002058,2431648.0
1746756115.7595785,2439744.0
1746756115.8189518,2447840.0
1746756115.878783,2455936.0
1746756115.9387267,2464032.0
1746756115.9989734,2472128.0
1746756116.0597584,2480224.0
1746756116.120874,2488320.0
1746756116.1822367,2496416.0
1746756116.2438555,2504512.0
1746756116.3061402,2512608.0
1746756116.368519,2520704.0
1746756116.4313078,2528800.0
1746756116.494374,2536896.0
1746756116.5579898,2544992.0
1746756116.6217506,2553088.0
1746756116.6859243,2561184.0
1746756116.7501948,2569280.0
1746756116.814619,2577376.0
1746756116.8798246,2585472.0
1746756116.9451284,2593568.0
1746756117.0105026,2601664.0
1746756117.076262,2609760.0
1746756117.1427155,2617856.0
1746756117.2096303,2625952.0
1746756117.2765865,2634048.0
1746756117.3434937,2642144.0
1746756117.4106557,2650240.0
1746756117.4782841,2658336.0
1746756117.5461566,2666432.0
1746756117.6143677,2674528.0
1746756117.6831574,2682624.0
1746756117.7522137,2690720.0
1746756117.8216074,2698816.0
1746756117.891266,2706912.0
1746756117.9613845,2715008.0
1746756118.0315542,2723104.0
1746756118.1023965,2731200.0
1746756118.1732934,2739296.0
1746756118.244642,2747392.0
1746756118.3161945,2755488.0
1746756118.3880105,2763584.0
1746756118.4602902,2771680.0
1746756118.532894,2779776.0
1746756118.6060991,2787872.0
1746756118.679586,2795968.0
1746756118.7534902,2804064.0
1746756118.8275347,2812160.0
1746756118.901738,2820256.0
1746756118.9764807,2828352.0
1746756119.0515158,2836448.0
1746756119.127021,2844544.0
1746756119.2024446,2852640.0
1746756119.2786958,2860736.0
1746756119.3550508,2868832.0
1746756119.4318588,2876928.0
1746756119.5091777,2885024.0
1746756119.5864704,2893120.0
1746756119.6640036,2901216.0
1746756119.7425184,2909312.0
1746756119.8210857,2917408.0
1746756119.9000952,2925504.0
1746756119.97933,2933600.0
1746756120.0594783,2941696.0
1746756120.139696,2949792.0
1746756120.2203135,2957888.0
1746756120.301264,2965984.0
1746756120.3824,2974080.0
1746756120.4648743,2982176.0
1746756120.5473597,2990272.0
1746756120.6298916,2998368.0
1746756120.712904,3006464.0
1746756120.796168,3014560.0
1746756120.879313,3022656.0
1746756120.9632034,3030752.0
1746756121.0473468,3038848.0
1746756121.1312783,3046944.0
1746756121.2157676,3055040.0
1746756121.3005133,3063136.0
1746756121.3854482,3071232.0
1746756121.4709523,3079328.0
1746756121.5567057,3087424.0
1746756121.6430402,3095520.0
1746756121.7293577,3103616.0
1746756121.816062,3111712.0
1746756121.9031801,3119808.0
1746756121.9903514,3127904.0
1746756122.07824,3136000.0
1746756122.166438,3144096.0
1746756122.254623,3152192.0
1746756122.3432515,3160288.0
1746756122.4320939,3168384.0
1746756122.5216687,3176480.0
1746756122.6112025,3184576.0
1746756122.7013721,3192672.0
1746756122.7918382,3200768.0
1746756122.882898,3208864.0
1746756122.9738822,3216960.0
1746756123.0653033,3225056.0
1746756123.1569622,3233152.0
1746756123.2491987,3241248.0
1746756123.3416348,3249344.0
1746756123.4343727,3257440.0
1746756123.527506,3265536.0
1746756123.6208725,3273632.0
1746756123.7146442,3281728.0
1746756123.8089077,3289824.0
1746756123.8651412,3297984.0
1746756123.9139888,3306144.0
1746756124.0618272,3314368.0
1746756124.1106665,3322592.0
1746756124.1651015,3330848.0
1746756124.2208812,3339168.0
1746756124.2704182,3347488.0
1746756124.307583,3355808.0
1746756124.3325737,3364128.0
1746756124.357589,3372448.0
1746756124.3825624,3380768.0
1746756124.4074268,3389088.0
1746756124.4326096,3397408.0
1746756124.4885027,3405760.0
1746756124.544487,3414144.0
1746756124.6254492,3423680.0
1746756124.6767025,3433216.0
1746756124.7283046,3442752.0
1746756124.7800593,3452288.0
1746756124.8322933,3461824.0
1746756124.8849878,3471360.0
1746756124.9378805,3480896.0
1746756124.9908473,3490432.0
1746756125.044395,3499968.0
1746756125.097901,3509504.0
1746756125.1518116,3519040.0
1746756125.2060974,3528576.0
1746756125.260672,3538112.0
1746756125.3156369,3547648.0
1746756125.370635,3557184.0
1746756125.4282362,3566720.0
1746756125.4837968,3576256.0
1746756125.5480106,3585792.0
1746756125.595302,3595328.0
1746756125.6425695,3604864.0
1746756125.690286,3614400.0
1746756125.738668,3623936.0
1746756125.7870321,3633472.0
1746756125.8356516,3643008.0
1746756125.884784,3652544.0
1746756125.934182,3662080.0
1746756125.9838774,3671616.0
1746756126.0338736,3681152.0
1746756126.0841045,3690688.0
1746756126.134994,3700224.0
1746756126.1858723,3709760.0
1746756126.2369645,3719296.0
1746756126.28858,3728832.0
1746756126.3403971,3738368.0
1746756126.3927667,3747904.0
1746756126.445199,3757440.0
1746756126.498183,3766976.0
1746756126.546324,3776512.0
1746756126.5661254,3786048.0
1746756126.5856304,3795584.0
1746756126.605396,3805120.0
1746756126.62498,3814656.0
1746756126.6448312,3824192.0
1746756126.6645973,3833728.0
1746756126.684321,3843264.0
1746756126.7042682,3852800.0
1746756126.7238493,3862336.0
1746756126.7434554,3871872.0
1746756126.7632148,3881408.0
1746756126.938156,3890976.0
1746756127.0169797,3900544.0
1746756127.0452375,3910112.0
1746756127.0730202,3919680.0
1746756127.100835,3929248.0
1746756127.1286917,3938816.0
1746756127.1569707,3948384.0
1746756127.1853392,3957952.0
1746756127.2135117,3967520.0
1746756127.241883,3977088.0
1746756127.2705626,3986656.0
1746756127.2986562,3996224.0
1746756127.3269694,4005792.0
1746756127.3550317,4015360.0
1746756127.3829095,4024928.0
1746756127.410955,4034496.0
1746756127.439003,4044064.0
1746756127.4671834,4053632.0
1746756127.4949267,4063200.0
1746756127.5528436,4072800.0
1746756127.5825,4082400.0
1746756127.6698399,4093408.0
1746756127.7226112,4104416.0
1746756127.776099,4115424.0
1746756127.829912,4126432.0
1746756127.8835356,4137440.0
1746756127.9374616,4148448.0
1746756127.9915154,4159456.0
1746756128.0461729,4170464.0
1746756128.1006675,4181472.0
1746756128.1552994,4192480.0
1746756128.2103229,4203488.0
1746756128.265794,4214496.0
1746756128.3217428,4225504.0
1746756128.3779037,4236512.0
1746756128.434474,4247520.0
1746756128.4913695,4258528.0
1746756128.5483696,4269536.0
1746756128.6058054,4280544.0
1746756128.663604,4291552.0
1746756128.7215219,4302560.0
1746756128.7800431,4313568.0
1746756128.838806,4324576.0
1746756128.897592,4335584.0
1746756128.9570763,4346592.0
1746756129.016576,4357600.0
1746756129.0763423,4368608.0
1746756129.1364253,4379616.0
1746756129.196513,4390624.0
1746756129.2572734,4401632.0
1746756129.3183432,4412640.0
1746756129.3904197,4423648.0
1746756129.4523757,4434656.0
1746756129.5142798,4445664.0
1746756129.587354,4456672.0
1746756129.6427383,4467680.0
1746756129.6977625,4478688.0
1746756129.7535222,4489696.0
1746756129.8095884,4500704.0
1746756129.865804,4511712.0
1746756129.9225855,4522720.0
1746756129.979375,4533728.0
1746756130.0364332,4544736.0
1746756130.093798,4555744.0
1746756130.1515954,4566752.0
1746756130.2095525,4577760.0
1746756130.30459,4588768.0
1746756130.3288445,4599776.0
1746756130.3526144,4610784.0
1746756130.3760636,4621792.0
1746756130.3996503,4632800.0
1746756130.4234717,4643808.0
1746756130.4471302,4654816.0
1746756130.470852,4665824.0
1746756130.4945183,4676832.0
1746756130.5478323,4687872.0
1746756130.603952,4698976.0
1746756130.651969,4710080.0
1746756130.7093422,4721280.0
1746756130.7571423,4732480.0
1746756130.8051128,4743680.0
1746756130.8617842,4754912.0
1746756130.9191337,4766272.0
1746756130.9677343,4777632.0
1746756131.0167017,4788992.0
1746756131.06569,4800352.0
1746756131.1342232,4811776.0
1746756131.1830049,4823200.0
1746756131.2251415,4834624.0
1746756131.2484636,4846048.0
1746756131.2711265,4857472.0
1746756131.2938993,4868896.0
1746756131.316827,4880320.0
1746756131.3397965,4891744.0
1746756131.362719,4903168.0
1746756131.3856845,4914592.0
1746756131.4087725,4926016.0
1746756131.4320586,4937440.0
1746756131.4552202,4948864.0
1746756131.4784696,4960288.0
1746756131.5018046,4971712.0
1746756131.5249374,4983136.0
1746756131.548273,4994560.0
1746756131.5716195,5005984.0
1746756131.5948153,5017408.0
1746756131.6182506,5028832.0
1746756131.6416469,5040256.0
1746756131.6654356,5051680.0
1746756131.6890147,5063104.0
1746756131.7126722,5074528.0
1746756131.7359405,5085952.0
1746756131.7588918,5097376.0
1746756131.7820227,5108800.0
1746756131.805342,5120224.0
1746756131.828419,5131648.0
1746756131.8516862,5143072.0
1746756131.874999,5154496.0
1746756131.8980691,5165920.0
1746756131.9213884,5177344.0
1746756131.944711,5188768.0
1746756131.9677556,5200192.0
1746756131.9912302,5211616.0
1746756132.0145502,5223040.0
1746756132.0378945,5234464.0
1746756132.0613775,5245888.0
1746756132.08478,5257312.0
1746756132.1077347,5268736.0
1746756132.1307569,5280160.0
1746756132.153978,5291584.0
1746756132.1773245,5303008.0
1746756132.2005086,5314432.0
1746756132.2237606,5325856.0
1746756132.247181,5337280.0
1746756132.2702916,5348704.0
1746756132.2936523,5360128.0
1746756132.3168998,5371552.0
1746756132.3400416,5382976.0
1746756132.3634448,5394400.0
1746756132.3866293,5405824.0
1746756132.4100356,5417248.0
1746756132.4334118,5428672.0
1746756132.456816,5440096.0
1746756132.4798658,5451520.0
1746756132.502957,5462944.0
1746756132.5260808,5474368.0
1746756132.549373,5485792.0
1746756132.5725584,5497216.0
1746756132.5958984,5508640.0
1746756132.6193466,5520064.0
1746756132.642633,5531488.0
1746756132.6660519,5542912.0
1746756132.6893954,5554336.0
1746756132.7128053,5565760.0
1746756132.736181,5577184.0
1746756132.7594953,5588608.0
1746756132.7827187,5600032.0
1746756132.8059962,5611456.0
1746756132.8292673,5622880.0
1746756132.8522546,5634304.0
1746756132.8752506,5645728.0
1746756132.8984401,5657152.0
1746756132.9215286,5668576.0
1746756132.9446113,5680000.0
1746756132.9673505,5691424.0
1746756132.9902418,5702848.0
1746756133.0131385,5714272.0
1746756133.0354202,5725696.0
1746756133.0577073,5737120.0
1746756133.079927,5748544.0
1746756133.1024227,5759968.0
1746756133.1252072,5771392.0
1746756133.1478055,5782816.0
1746756133.1702943,5794240.0
1746756133.1952925,5805664.0
1746756133.215673,5817088.0
1746756133.235873,5828512.0
1746756133.256129,5839936.0
1746756133.276549,5851360.0
1746756133.2967758,5862784.0
1746756133.317246,5874208.0
1746756133.337837,5885632.0
1746756133.3580437,5897056.0
1746756133.378457,5908480.0
1746756133.39883,5919904.0
1746756133.419163,5931328.0
1746756133.4395678,5942752.0
1746756133.4601076,5954176.0
1746756133.48048,5965600.0
1746756133.5009234,5977024.0
1746756133.5212429,5988448.0
1746756133.5414479,5999872.0
1746756133.5615022,6011296.0
1746756133.620291,6022752.0
1746756133.642737,6034208.0
1746756133.663797,6045664.0
1746756133.6943204,6057120.0
1746756133.7156324,6068576.0
1746756133.7367494,6080032.0
1746756133.7579217,6091488.0
1746756133.7791412,6102944.0
1746756133.8003454,6114400.0
1746756133.8217561,6125856.0
1746756133.8431304,6137312.0
1746756133.8644328,6148768.0
1746756133.8857448,6160224.0
1746756133.9070075,6171680.0
1746756133.9281693,6183136.0
1746756133.9493003,6194592.0
1746756133.9704907,6206048.0
1746756133.991829,6217504.0
1746756134.0129917,6228960.0
1746756134.034307,6240416.0
1746756134.0555706,6251872.0
1746756134.0767202,6263328.0
1746756134.098325,6274784.0
1746756134.1195014,6286240.0
1746756134.141192,6297696.0
1746756134.1615973,6309152.0
1746756134.1819928,6320608.0
1746756134.2023952,6332064.0
1746756134.2228518,6343520.0
1746756134.2434733,6354976.0
1746756134.2638872,6366432.0
1746756134.2842653,6377888.0
1746756134.3046381,6389344.0
1746756134.3251579,6400800.0
1746756134.3455634,6412256.0
1746756134.3661022,6423712.0
1746756134.3867514,6435168.0
1746756134.4071355,6446624.0
1746756134.427676,6458080.0
1746756134.4482117,6469536.0
1746756134.4686272,6480992.0
1746756134.4892645,6492448.0
1746756134.5099,6503904.0
1746756134.5305583,6515360.0
1746756134.551198,6526816.0
1746756134.5716815,6538272.0
1746756134.592039,6549728.0
1746756134.6123934,6561184.0
1746756134.6327693,6572640.0
1746756134.6532857,6584096.0
1746756134.6738706,6595552.0
1746756134.6944337,6607008.0
1746756134.71512,6618464.0
1746756134.735244,6629920.0
1746756134.7557726,6641376.0
1746756134.7763336,6652832.0
1746756134.796754,6664288.0
1746756134.8173907,6675744.0
1746756134.83805,6687200.0
1746756134.858683,6698656.0
1746756134.87934,6710112.0
1746756134.8999145,6721568.0
1746756134.9203172,6733024.0
1746756134.94067,6744480.0
1746756134.9610956,6755936.0
1746756134.981623,6767392.0
1746756135.0020545,6778848.0
1746756135.0226471,6790304.0
1746756135.0432472,6801760.0
1746756135.0636725,6813216.0
1746756135.0842118,6824672.0
1746756135.1047556,6836128.0
1746756135.1255555,6847584.0
1746756135.1457915,6859040.0
1746756135.1661742,6870496.0
1746756135.1868746,6881952.0
1746756135.2075675,6893408.0
1746756135.228171,6904864.0
1746756135.2486854,6916320.0
1746756135.2693443,6927776.0
1746756135.289891,6939232.0
1746756135.3106759,6950688.0
1746756135.3311927,6962144.0
1746756135.3519578,6973600.0
1746756135.3727152,6985056.0
1746756135.3933926,6996512.0
1746756135.41424,7007968.0
1746756135.434991,7019424.0
1746756135.4555366,7030880.0
1746756135.4762938,7042336.0
1746756135.497105,7053792.0
1746756135.5180721,7065248.0
1746756135.5388856,7076704.0
1746756135.559569,7088160.0
1746756135.5801122,7099616.0
1746756135.6005635,7111072.0
1746756135.6210368,7122528.0
1746756135.641704,7133984.0
1746756135.6623192,7145440.0
1746756135.68305,7156896.0
1746756135.7038472,7168352.0
1746756135.7243671,7179808.0
1746756135.744907,7191264.0
1746756135.7654963,7202720.0
1746756135.78593,7214176.0
1746756135.8066552,7225632.0
1746756135.827245,7237088.0
1746756135.8477445,7248544.0
1746756135.8682058,7260000.0
1746756135.8885446,7271456.0
1746756135.908786,7282912.0
1746756135.929164,7294368.0
1746756135.949446,7305824.0
1746756135.9698803,7317280.0
1746756135.9902947,7328736.0
1746756136.0108876,7340192.0
1746756136.031668,7351648.0
1746756136.0522175,7363104.0
1746756136.0728467,7374560.0
1746756136.0935493,7386016.0
1746756136.113849,7397472.0
1746756136.1341453,7408928.0
1746756136.154293,7420384.0
1746756136.1746087,7431840.0
1746756136.195032,7443296.0
1746756136.2157574,7454752.0
1746756136.2363794,7466208.0
1746756136.256958,7477664.0
1746756136.2776985,7489120.0
1746756136.2984705,7500576.0
1746756136.319102,7512032.0
1746756136.3398573,7523488.0
1746756136.360671,7534944.0
1746756136.3812816,7546400.0
1746756136.4020243,7557856.0
1746756136.422713,7569312.0
1746756136.4434156,7580768.0
1746756136.4642856,7592224.0
1746756136.484996,7603680.0
1746756136.5058584,7615136.0
1746756136.5553823,7626624.0
1746756136.6071458,7638176.0
1746756136.651109,7649728.0
1746756136.6811883,7661280.0
1746756136.702757,7672832.0
1746756136.7244306,7684384.0
1746756136.7460217,7695936.0
1746756136.7676709,7707488.0
1746756136.789511,7719040.0
1746756136.8110085,7730592.0
1746756136.8326173,7742144.0
1746756136.8542874,7753696.0
1746756136.8757672,7765248.0
1746756136.8975997,7776800.0
1746756136.919335,7788352.0
1746756136.9405391,7799904.0
1746756136.9615834,7811456.0
1746756136.9826133,7823008.0
1746756137.003406,7834560.0
1746756137.0242352,7846112.0
1746756137.0450807,7857664.0
1746756137.065983,7869216.0
1746756137.0869753,7880768.0
1746756137.1078222,7892320.0
1746756137.1284387,7903872.0
1746756137.1480293,7915424.0
1746756137.1675382,7926976.0
1746756137.1871173,7938528.0
1746756137.2065132,7950080.0
1746756137.2269583,7961632.0
1746756137.2480216,7973184.0
1746756137.2691953,7984736.0
1746756137.2904077,7996288.0
1746756137.3114278,8007840.0
1746756137.332846,8019392.0
1746756137.3540711,8030944.0
1746756137.3748567,8042496.0
1746756137.3962667,8054048.0
1746756137.4164598,8065600.0
1746756137.4362695,8077152.0
1746756137.4562829,8088704.0
1746756137.476489,8100256.0
1746756137.4971223,8111808.0
1746756137.517801,8123360.0
1746756137.538275,8134912.0
1746756137.5589468,8146464.0
1746756137.579656,8158016.0
1746756137.6004808,8169568.0
1746756137.6213663,8181120.0
1746756137.6421063,8192672.0
1746756137.662743,8204224.0
1746756137.68334,8215776.0
1746756137.703882,8227328.0
1746756137.7245252,8238880.0
1746756137.7452831,8250432.0
1746756137.7658916,8261984.0
1746756137.7867184,8273536.0
1746756137.807756,8285088.0
1746756137.8286066,8296640.0
1746756137.8495073,8308192.0
1746756137.8703063,8319744.0
1746756137.8912282,8331296.0
1746756137.9121134,8342848.0
1746756137.9332633,8354400.0
1746756137.9544377,8365952.0
1746756137.975434,8377504.0
1746756137.9961808,8389056.0
1746756138.0168605,8400608.0
1746756138.037596,8412160.0
1746756138.058503,8423712.0
1746756138.0794652,8435264.0
1746756138.1002557,8446816.0
1746756138.1211877,8458368.0
1746756138.1421142,8469920.0
1746756138.1633608,8481472.0
1746756138.184372,8493024.0
1746756138.2047563,8504576.0
1746756138.2252195,8516128.0
1746756138.2456365,8527680.0
1746756138.266238,8539232.0
1746756138.2867024,8550784.0
1746756138.3071308,8562336.0
1746756138.3273637,8573888.0
1746756138.347714,8585440.0
1746756138.3681054,8596992.0
1746756138.3885057,8608544.0
1746756138.4089618,8620096.0
1746756138.4292722,8631648.0
1746756138.4498637,8643200.0
1746756138.470173,8654752.0
1746756138.4905949,8666304.0
1746756138.5110419,8677856.0
1746756138.5314584,8689408.0
1746756138.5518212,8700960.0
1746756138.5725913,8712512.0
1746756138.5930095,8724064.0
1746756138.613507,8735616.0
1746756138.6338873,8747168.0
1746756138.6540914,8758720.0
1746756138.6743295,8770272.0
1746756138.69456,8781824.0
1746756138.715021,8793376.0
1746756138.7354102,8804928.0
1746756138.7556348,8816480.0
1746756138.7761364,8828032.0
1746756138.796338,8839584.0
1746756138.816642,8851136.0
1746756138.8372004,8862688.0
1746756138.85746,8874240.0
1746756138.8778296,8885792.0
1746756138.898176,8897344.0
1746756138.9186063,8908896.0
1746756138.9391077,8920448.0
1746756138.959567,8932000.0
1746756138.979684,8943552.0
1746756139.0003252,8955104.0
1746756139.0190284,8966656.0
1746756139.0378118,8978208.0
1746756139.0565505,8989760.0
1746756139.0752025,9001312.0
1746756139.0940483,9012864.0
1746756139.1129854,9024416.0
1746756139.1316237,9035968.0
1746756139.1502001,9047520.0
1746756139.1689577,9059072.0
1746756139.1870651,9070624.0
1746756139.2053292,9082176.0
1746756139.223723,9093728.0
1746756139.2420528,9105280.0
1746756139.260436,9116832.0
1746756139.278581,9128384.0
1746756139.2966177,9139936.0
1746756139.3147364,9151488.0
1746756139.3330145,9163040.0
1746756139.351337,9174592.0
1746756139.3694928,9186144.0
1746756139.387723,9197696.0
1746756139.4058414,9209248.0
1746756139.4241502,9220800.0
1746756139.4423947,9232352.0
1746756139.460528,9243904.0
1746756139.4786596,9255456.0
1746756139.4969323,9267008.0
1746756139.5151937,9278560.0
1746756139.5631013,9290144.0
1746756139.583651,9301728.0
1746756139.6019032,9313312.0
1746756139.620274,9324896.0
1746756139.6425595,9336480.0
1746756139.661403,9348064.0
1746756139.6803339,9359648.0
1746756139.6991057,9371232.0
1746756139.7180595,9382816.0
1746756139.7372622,9394400.0
1746756139.7561812,9405984.0
1746756139.7749496,9417568.0
1746756139.7935767,9429152.0
1746756139.8123276,9440736.0
1746756139.8311005,9452320.0
1746756139.8500602,9463904.0
1746756139.86901,9475488.0
1746756139.8878365,9487072.0
1746756139.9064982,9498656.0
1746756139.9252014,9510240.0
1746756139.9440525,9521824.0
1746756139.9630427,9533408.0
1746756139.9816666,9544992.0
1746756140.0001793,9556576.0
1746756140.0191104,9568160.0
1746756140.0374463,9579744.0
1746756140.0560143,9591328.0
1746756140.0744598,9602912.0
1746756140.0928345,9614496.0
1746756140.1111784,9626080.0
1746756140.1294382,9637664.0
1746756140.147634,9649248.0
1746756140.1657066,9660832.0
1746756140.1839294,9672416.0
1746756140.2022905,9684000.0
1746756140.2206557,9695584.0
1746756140.2389908,9707168.0
1746756140.2576087,9718752.0
1746756140.276344,9730336.0
1746756140.294504,9741920.0
1746756140.3131542,9753504.0
1746756140.3310215,9765088.0
1746756140.3490644,9776672.0
1746756140.3670435,9788256.0
1746756140.3849726,9799840.0
1746756140.4029167,9811424.0
1746756140.420806,9823008.0
1746756140.4388971,9834592.0
1746756140.456834,9846176.0
1746756140.4748385,9857760.0
1746756140.492638,9869344.0
1746756140.5104744,9880928.0
1746756140.5283134,9892512.0
1746756140.5462306,9904096.0
1746756140.5642197,9915680.0
1746756140.5822127,9927264.0
1746756140.6003518,9938848.0
1746756140.6183999,9950432.0
1746756140.6363847,9962016.0
1746756140.654374,9973600.0
1746756140.6723425,9985184.0
1746756140.6903434,9996768.0
1746756140.7082326,10008352.0
1746756140.7264254,10019936.0
1746756140.744339,10031520.0
1746756140.7623508,10043104.0
1746756140.780258,10054688.0
1746756140.798088,10066272.0
1746756140.8160863,10077856.0
1746756140.8341687,10089440.0
1746756140.8523111,10101024.0
1746756140.8703084,10112608.0
1746756140.8885174,10124192.0
1746756140.906432,10135776.0
1746756140.9245508,10147360.0
1746756140.9427042,10158944.0
1746756140.9606059,10170528.0
1746756140.9784307,10182112.0
1746756140.9963634,10193696.0
1746756141.0146265,10205280.0
1746756141.0325606,10216864.0
1746756141.0507991,10228448.0
1746756141.0687788,10240032.0
1746756141.086806,10251616.0
1746756141.1047022,10263200.0
1746756141.1227086,10274784.0
1746756141.1403868,10286368.0
1746756141.1580467,10297952.0
1746756141.175975,10309536.0
1746756141.1936305,10321120.0
1746756141.2114835,10332704.0
1746756141.2292395,10344288.0
1746756141.2473447,10355872.0
1746756141.264897,10367456.0
1746756141.2821307,10379040.0
1746756141.2998407,10390624.0
1746756141.3167195,10402208.0
1746756141.333591,10413792.0
1746756141.3503833,10425376.0
1746756141.3672116,10436960.0
1746756141.3840175,10448544.0
1746756141.4010165,10460128.0
1746756141.4177172,10471712.0
1746756141.4345424,10483296.0
1746756141.4514894,10494880.0
1746756141.4682517,10506464.0
1746756141.4851158,10518048.0
1746756141.5020926,10529632.0
1746756141.5188923,10541216.0
1746756141.5358737,10552800.0
1746756141.5527902,10564384.0
1746756141.5698483,10575968.0
1746756141.5870533,10587552.0
1746756141.6038542,10599136.0
1746756141.6206162,10610720.0
1746756141.6374326,10622304.0
1746756141.6543114,10633888.0
1746756141.6714025,10645472.0
1746756141.6883397,10657056.0
1746756141.705284,10668640.0
1746756141.7222683,10680224.0
1746756141.7390594,10691808.0
1746756141.7560248,10703392.0
1746756141.7729187,10714976.0
1746756141.7896922,10726560.0
1746756141.8065233,10738144.0
1746756141.8232353,10749728.0
1746756141.84038,10761312.0
1746756141.8571782,10772896.0
1746756141.8739412,10784480.0
1746756141.890728,10796064.0
1746756141.907461,10807648.0
1746756141.9241648,10819232.0
1746756141.9410617,10830816.0
1746756141.9580164,10842400.0
1746756141.975041,10853984.0
1746756141.991893,10865568.0
1746756142.0085325,10877152.0
1746756142.0252404,10888736.0
1746756142.0420742,10900320.0
1746756142.0586855,10911904.0
1746756142.0752583,10923488.0
1746756142.0919528,10935072.0
1746756142.1092129,10946656.0
1746756142.126063,10958240.0
1746756142.1428614,10969824.0
1746756142.1592436,10981408.0
1746756142.1756952,10992992.0
1746756142.1918645,11004576.0
1746756142.2081873,11016160.0
1746756142.2246623,11027744.0
1746756142.2411876,11039328.0
1746756142.257808,11050912.0
1746756142.2743585,11062496.0
1746756142.2909386,11074080.0
1746756142.3075519,11085664.0
1746756142.323881,11097248.0
1746756142.3403845,11108832.0
1746756142.356856,11120416.0
1746756142.373516,11132000.0
1746756142.3900175,11143584.0
1746756142.4063237,11155168.0
1746756142.4226334,11166752.0
1746756142.4389997,11178336.0
1746756142.4554033,11189920.0
1746756142.4719234,11201504.0
1746756142.4883573,11213088.0
1746756142.504773,11224672.0
1746756142.5214348,11236256.0
1746756142.5674803,11247872.0
1746756142.5863962,11259488.0
1746756142.6031802,11271104.0
1746756142.6197999,11282720.0
1746756142.6400118,11294336.0
1746756142.6569374,11305952.0
1746756142.6740518,11317568.0
1746756142.6908855,11329184.0
1746756142.7076764,11340800.0
1746756142.7246363,11352416.0
1746756142.7411797,11364032.0
1746756142.7577267,11375648.0
1746756142.7743056,11387264.0
1746756142.790984,11398880.0
1746756142.808081,11410496.0
1746756142.825705,11422112.0
1746756142.842472,11433728.0
1746756142.8593817,11445344.0
1746756142.876248,11456960.0
1746756142.8930178,11468576.0
1746756142.9098024,11480192.0
1746756142.9263587,11491808.0
1746756142.9429147,11503424.0
1746756142.9594097,11515040.0
1746756142.9758012,11526656.0
1746756142.9923577,11538272.0
1746756143.00863,11549888.0
1746756143.0251381,11561504.0
1746756143.0417228,11573120.0
1746756143.0584157,11584736.0
1746756143.0750713,11596352.0
1746756143.091892,11607968.0
1746756143.1085696,11619584.0
1746756143.1254408,11631200.0
1746756143.1421707,11642816.0
1746756143.1587837,11654432.0
1746756143.175489,11666048.0
1746756143.1921444,11677664.0
1746756143.2091475,11689280.0
1746756143.2260082,11700896.0
1746756143.242732,11712512.0
1746756143.2596169,11724128.0
1746756143.2764134,11735744.0
1746756143.2931302,11747360.0
1746756143.309887,11758976.0
1746756143.3266354,11770592.0
1746756143.3434265,11782208.0
1746756143.360333,11793824.0
1746756143.3773417,11805440.0
1746756143.3943279,11817056.0
1746756143.4111805,11828672.0
1746756143.4279568,11840288.0
1746756143.4447637,11851904.0
1746756143.461601,11863520.0
1746756143.4787023,11875136.0
1746756143.4954867,11886752.0
1746756143.512236,11898368.0
1746756143.5292068,11909984.0
1746756143.545959,11921600.0
1746756143.5628312,11933216.0
1746756143.579482,11944832.0
1746756143.5963485,11956448.0
1746756143.6131816,11968064.0
1746756143.6302626,11979680.0
1746756143.647263,11991296.0
1746756143.664313,12002912.0
1746756143.6813438,12014528.0
1746756143.6981363,12026144.0
1746756143.7149987,12037760.0
1746756143.731718,12049376.0
1746756143.7484908,12060992.0
1746756143.7650557,12072608.0
1746756143.7815456,12084224.0
1746756143.798193,12095840.0
1746756143.8146772,12107456.0
1746756143.8314316,12119072.0
1746756143.848293,12130688.0
1746756143.8650815,12142304.0
1746756143.8817818,12153920.0
1746756143.8989823,12165536.0
1746756143.915711,12177152.0
1746756143.932632,12188768.0
1746756143.949528,12200384.0
1746756143.96637,12212000.0
1746756143.983313,12223616.0
1746756144.0002472,12235232.0
1746756144.017225,12246848.0
1746756144.0340087,12258464.0
1746756144.0507367,12270080.0
1746756144.0677054,12281696.0
1746756144.0847862,12293312.0
1746756144.1016126,12304928.0
1746756144.1183033,12316544.0
1746756144.1349435,12328160.0
1746756144.151473,12339776.0
1746756144.1686232,12351392.0
1746756144.1849356,12363008.0
1746756144.2011445,12374624.0
1746756144.2174947,12386240.0
1746756144.2337434,12397856.0
1746756144.250032,12409472.0
1746756144.266395,12421088.0
1746756144.282929,12432704.0
1746756144.299215,12444320.0
1746756144.3155136,12455936.0
1746756144.331934,12467552.0
1746756144.3481987,12479168.0
1746756144.3645468,12490784.0
1746756144.3808708,12502400.0
1746756144.397186,12514016.0
1746756144.4135218,12525632.0
1746756144.4299946,12537248.0
1746756144.4462903,12548864.0
1746756144.462642,12560480.0
1746756144.479103,12572096.0
1746756144.4954195,12583712.0
1746756144.5116081,12595328.0
1746756144.5278893,12606944.0
1746756144.573989,12618592.0
1746756144.6212542,12630304.0
1746756144.6621077,12642016.0
1746756144.7106354,12653792.0
1746756144.7519445,12665568.0
1746756144.7796237,12677344.0
1746756144.7974236,12689120.0
1746756144.815008,12700896.0
1746756144.8328106,12712672.0
1746756144.8505702,12724448.0
1746756144.8684227,12736224.0
1746756144.8859763,12748000.0
1746756144.9037757,12759776.0
1746756144.921378,12771552.0
1746756144.9390638,12783328.0
1746756144.9566464,12795104.0
1746756144.9744287,12806880.0
1746756144.9921863,12818656.0
1746756145.0097654,12830432.0
1746756145.0275462,12842208.0
1746756145.045113,12853984.0
1746756145.0626414,12865760.0
1746756145.0803795,12877536.0
1746756145.097994,12889312.0
1746756145.1157205,12901088.0
1746756145.1334999,12912864.0
1746756145.1512008,12924640.0
1746756145.1687684,12936416.0
1746756145.1865478,12948192.0
1746756145.2040799,12959968.0
1746756145.22173,12971744.0
1746756145.2394512,12983520.0
1746756145.2572718,12995296.0
1746756145.2748766,13007072.0
1746756145.292553,13018848.0
1746756145.3103156,13030624.0
1746756145.327989,13042400.0
1746756145.345703,13054176.0
1746756145.3635757,13065952.0
1746756145.3812077,13077728.0
1746756145.3989806,13089504.0
1746756145.4167771,13101280.0
1746756145.4346402,13113056.0
1746756145.4523172,13124832.0
1746756145.4701135,13136608.0
1746756145.4877417,13148384.0
1746756145.5053787,13160160.0
1746756145.5228875,13171936.0
1746756145.5407116,13183712.0
1746756145.5583694,13195488.0
1746756145.5759606,13207264.0
1746756145.593708,13219040.0
1746756145.6112778,13230816.0
1746756145.6288073,13242592.0
1746756145.6466153,13254368.0
1746756145.66436,13266144.0
1746756145.6820755,13277920.0
1746756145.6998503,13289696.0
1746756145.717688,13301472.0
1746756145.7353091,13313248.0
1746756145.7530093,13325024.0
1746756145.7705824,13336800.0
1746756145.7881114,13348576.0
1746756145.8057494,13360352.0
1746756145.8234956,13372128.0
1746756145.8411205,13383904.0
1746756145.8587348,13395680.0
1746756145.876301,13407456.0
1746756145.893829,13419232.0
1746756145.9111726,13431008.0
1746756145.928762,13442784.0
1746756145.946106,13454560.0
1746756145.9636252,13466336.0
1746756145.981097,13478112.0
1746756145.998703,13489888.0
1746756146.016058,13501664.0
1746756146.0335863,13513440.0
1746756146.050984,13525216.0
1746756146.0685716,13536992.0
1746756146.0860808,13548768.0
1746756146.1037543,13560544.0
1746756146.1210952,13572320.0
1746756146.1383793,13584096.0
1746756146.1559215,13595872.0
1746756146.1733127,13607648.0
1746756146.1906748,13619424.0
1746756146.2083108,13631200.0
1746756146.225766,13642976.0
1746756146.243355,13654752.0
1746756146.2609851,13666528.0
1746756146.2787542,13678304.0
1746756146.296331,13690080.0
1746756146.3138998,13701856.0
1746756146.3313034,13713632.0
1746756146.3487868,13725408.0
1746756146.3663526,13737184.0
1746756146.384043,13748960.0
1746756146.4015822,13760736.0
1746756146.4191456,13772512.0
1746756146.4365923,13784288.0
1746756146.453944,13796064.0
1746756146.4714115,13807840.0
1746756146.4890065,13819616.0
1746756146.5064254,13831392.0
1746756146.5239792,13843168.0
1746756146.5415936,13854944.0
1746756146.5593185,13866720.0
1746756146.5767946,13878496.0
1746756146.59428,13890272.0
1746756146.6117067,13902048.0
1746756146.6290674,13913824.0
1746756146.6464984,13925600.0
1746756146.6641512,13937376.0
1746756146.681638,13949152.0
1746756146.6991062,13960928.0
1746756146.716796,13972704.0
1746756146.7342367,13984480.0
1746756146.7518275,13996256.0
1746756146.7694814,14008032.0
1746756146.7870727,14019808.0
1746756146.8048222,14031584.0
1746756146.8224823,14043360.0
1746756146.840182,14055136.0
1746756146.857675,14066912.0
1746756146.875241,14078688.0
1746756146.8927062,14090464.0
1746756146.9101214,14102240.0
1746756146.927935,14114016.0
1746756146.9455178,14125792.0
1746756146.9629545,14137568.0
1746756146.9803965,14149344.0
1746756146.9979312,14161120.0
1746756147.0152934,14172896.0
1746756147.033001,14184672.0
1746756147.050429,14196448.0
1746756147.067768,14208224.0
1746756147.0852208,14220000.0
1746756147.1029665,14231776.0
1746756147.120289,14243552.0
1746756147.1374404,14255328.0
1746756147.1547768,14267104.0
1746756147.1719358,14278880.0
1746756147.1891513,14290656.0
1746756147.2063189,14302432.0
1746756147.2237206,14314208.0
1746756147.2410078,14325984.0
1746756147.258155,14337760.0
1746756147.275482,14349536.0
1746756147.2927942,14361312.0
1746756147.3099508,14373088.0
1746756147.3272088,14384864.0
1746756147.3444583,14396640.0
1746756147.3618848,14408416.0
1746756147.379297,14420192.0
1746756147.3967166,14431968.0
1746756147.4140553,14443744.0
1746756147.4313993,14455520.0
1746756147.4486527,14467296.0
1746756147.4658806,14479072.0
1746756147.4830976,14490848.0
1746756147.5006297,14502624.0
1746756147.5178208,14514400.0
1746756147.5349908,14526176.0
1746756147.5523095,14537952.0
1746756147.5694978,14549728.0
1746756147.5867362,14561504.0
1746756147.6039937,14573280.0
1746756147.6212137,14585056.0
1746756147.6386275,14596832.0
1746756147.6560779,14608608.0
1746756147.6735816,14620384.0
1746756147.6907856,14632160.0
1746756147.7080102,14643936.0
1746756147.725169,14655712.0
1746756147.742264,14667488.0
1746756147.759452,14679264.0
1746756147.77681,14691040.0
1746756147.7940729,14702816.0
1746756147.8113399,14714592.0
1746756147.828714,14726368.0
1746756147.8458939,14738144.0
1746756147.8630073,14749920.0
1746756147.8802185,14761696.0
1746756147.8974233,14773472.0
1746756147.9148107,14785248.0
1746756147.9321344,14797024.0
1746756147.9494781,14808800.0
1746756147.9667492,14820576.0
1746756147.9840946,14832352.0
1746756148.0013216,14844128.0
1746756148.01858,14855904.0
1746756148.035768,14867680.0
1746756148.0531378,14879456.0
1746756148.0703819,14891232.0
1746756148.087608,14903008.0
1746756148.1049385,14914784.0
1746756148.122058,14926560.0
1746756148.13914,14938336.0
1746756148.1564815,14950112.0
1746756148.1738243,14961888.0
1746756148.1913033,14973664.0
1746756148.2087338,14985440.0
1746756148.2262695,14997216.0
1746756148.2434623,15008992.0
1746756148.2608836,15020768.0
1746756148.2781038,15032544.0
1746756148.2953315,15044320.0
1746756148.312515,15056096.0
1746756148.3299248,15067872.0
1746756148.3471274,15079648.0
1746756148.3643038,15091424.0
1746756148.381693,15103200.0
1746756148.3989618,15114976.0
1746756148.4162033,15126752.0
1746756148.4334557,15138528.0
1746756148.4507048,15150304.0
1746756148.4681773,15162080.0
1746756148.4855707,15173856.0
1746756148.502867,15185632.0
1746756148.5192165,15197408.0
1746756148.5647082,15209216.0
1746756148.610904,15221088.0
1746756148.652664,15232960.0
1746756148.7044857,15244896.0
1746756148.747239,15256832.0
1746756148.79627,15268800.0
1746756148.8227882,15280768.0
1746756148.8432238,15292736.0
1746756148.8634174,15304704.0
1746756148.8817787,15316672.0
1746756148.9002316,15328640.0
1746756148.9186826,15340608.0
1746756148.9371314,15352576.0
1746756148.9556215,15364544.0
1746756148.9740834,15376512.0
1746756148.9923553,15388480.0
1746756149.0105493,15400448.0
1746756149.0287566,15412416.0
1746756149.0470462,15424384.0
1746756149.0653431,15436352.0
1746756149.0838163,15448320.0
1746756149.1021948,15460288.0
1746756149.1206253,15472256.0
1746756149.1390526,15484224.0
1746756149.1575181,15496192.0
1746756149.175848,15508160.0
1746756149.1943605,15520128.0
1746756149.2129545,15532096.0
1746756149.231391,15544064.0
1746756149.2498999,15556032.0
1746756149.2683988,15568000.0
1746756149.2867007,15579968.0
1746756149.3049853,15591936.0
1746756149.323213,15603904.0
1746756149.341551,15615872.0
1746756149.3598154,15627840.0
1746756149.3782597,15639808.0
1746756149.3966422,15651776.0
1746756149.4150925,15663744.0
1746756149.4336088,15675712.0
1746756149.4520423,15687680.0
1746756149.4704316,15699648.0
1746756149.4889305,15711616.0
1746756149.5074875,15723584.0
1746756149.5259445,15735552.0
1746756149.5444224,15747520.0
1746756149.5628395,15759488.0
1746756149.612946,15771552.0
1746756149.655757,15783616.0
1746756149.6987753,15795680.0
1746756149.7263405,15807744.0
1746756149.746367,15819808.0
1746756149.7665043,15831872.0
1746756149.786449,15843936.0
1746756149.8065786,15856000.0
1746756149.8267233,15868064.0
1746756149.8468976,15880128.0
1746756149.8668482,15892192.0
1746756149.8869166,15904256.0
1746756149.9070985,15916320.0
1746756149.9272263,15928384.0
1746756149.9473977,15940448.0
1746756149.9675758,15952512.0
1746756149.987526,15964576.0
1746756150.0074337,15976640.0
1746756150.027355,15988704.0
1746756150.0473633,16000768.0
1746756150.0672524,16012832.0
1746756150.0873523,16024896.0
1746756150.107348,16036960.0
1746756150.127624,16049024.0
1746756150.147813,16061088.0
1746756150.1679585,16073152.0
1746756150.1884706,16085216.0
1746756150.2068682,16097280.0
1746756150.2254288,16109344.0
1746756150.2438924,16121408.0
1746756150.2622144,16133472.0
1746756150.281977,16145536.0
1746756150.3003476,16157600.0
1746756150.3186355,16169664.0
1746756150.3369617,16181728.0
1746756150.3552585,16193792.0
1746756150.3735738,16205856.0
1746756150.3920875,16217920.0
1746756150.410476,16229984.0
1746756150.4289138,16242048.0
1746756150.4473934,16254112.0
1746756150.4658551,16266176.0
1746756150.484185,16278240.0
1746756150.502596,16290304.0
1746756150.5211496,16302368.0
1746756150.5395298,16314432.0
1746756150.5578582,16326496.0
1746756150.576368,16338560.0
1746756150.5946982,16350624.0
1746756150.6130145,16362688.0
1746756150.6681397,16375136.0
1746756150.7108295,16387584.0
1746756150.7537158,16400032.0
1746756150.797201,16412480.0
1746756150.8410618,16424928.0
1746756150.8853922,16437376.0
1746756150.9300916,16449824.0
1746756150.9751012,16462272.0
1746756151.0202255,16474720.0
1746756151.0657833,16487168.0
1746756151.1116855,16499616.0
1746756151.1578376,16512064.0
1746756151.2059171,16524512.0
1746756151.226759,16536960.0
1746756151.2473168,16549408.0
1746756151.2674952,16561856.0
1746756151.287687,16574304.0
1746756151.308196,16586752.0
1746756151.3270195,16599200.0
1746756151.3457205,16611648.0
1746756151.364626,16624096.0
1746756151.383648,16636544.0
1746756151.4026055,16648992.0
1746756151.4216015,16661440.0
1746756151.4405243,16673888.0
1746756151.4597337,16686336.0
1746756151.4784524,16698784.0
1746756151.4969747,16711232.0
1746756151.5153964,16723680.0
1746756151.534027,16736128.0
1746756151.5524125,16748576.0
1746756151.5707915,16761024.0
1746756151.5891922,16773472.0
1746756151.6077924,16785920.0
1746756151.6262224,16798368.0
1746756151.6447117,16810816.0
1746756151.6631598,16823264.0
1746756151.727545,16836608.0
1746756151.770009,16849952.0
1746756151.8125875,16863296.0
1746756151.8555121,16876640.0
1746756151.8987875,16889984.0
1746756151.9427338,16903328.0
1746756151.9868793,16916672.0
1746756152.031328,16930016.0
1746756152.076176,16943360.0
1746756152.1212113,16956704.0
1746756152.1666276,16970048.0
1746756152.2123318,16983392.0
1746756152.2585452,16996736.0
1746756152.3048992,17010080.0
1746756152.3515484,17023424.0
1746756152.398621,17036768.0
1746756152.4460962,17050112.0
1746756152.49383,17063456.0
1746756152.542036,17076800.0
1746756152.591072,17090144.0
1746756152.6397347,17103488.0
1746756152.688974,17116832.0
1746756152.7382736,17130176.0
1746756152.7878237,17143520.0
1746756152.838005,17156864.0
1746756152.888396,17170208.0
1746756152.9388804,17183552.0
1746756152.9899156,17196896.0
1746756153.0768926,17210240.0
1746756153.0972748,17223584.0
1746756153.1168883,17236928.0
1746756153.1365602,17250272.0
1746756153.1563864,17263616.0
1746756153.1763363,17276960.0
1746756153.1960325,17290304.0
1746756153.2157204,17303648.0
1746756153.235374,17316992.0
1746756153.25523,17330336.0
1746756153.2750363,17343680.0
1746756153.2948449,17357024.0
1746756153.3147094,17370368.0
1746756153.3343806,17383712.0
1746756153.3541043,17397056.0
1746756153.373908,17410400.0
1746756153.3938026,17423744.0
1746756153.4135098,17437088.0
1746756153.4331746,17450432.0
1746756153.4530296,17463776.0
1746756153.4729147,17477120.0
1746756153.4928272,17490464.0
1746756153.5124948,17503808.0
1746756153.532178,17517152.0
1746756153.5517175,17530496.0
1746756153.5715497,17543840.0
1746756153.6218145,17557216.0
1746756153.6730912,17570624.0
1746756153.7253458,17584096.0
1746756153.770446,17597568.0
1746756153.8011487,17611040.0
1746756153.8232865,17624512.0
1746756153.8455477,17637984.0
1746756153.8676994,17651456.0
1746756153.889705,17664928.0
1746756153.9119456,17678400.0
1746756153.934152,17691872.0
1746756153.9563413,17705344.0
1746756153.9782772,17718816.0
1746756154.0003078,17732288.0
1746756154.0223167,17745760.0
1746756154.0446742,17759232.0
1746756154.0669131,17772704.0
1746756154.0889502,17786176.0
1746756154.1111314,17799648.0
1746756154.1330922,17813120.0
1746756154.155085,17826592.0
1746756154.1772096,17840064.0
1746756154.1994977,17853536.0
1746756154.2216134,17867008.0
1746756154.2436073,17880480.0
1746756154.2659674,17893952.0
1746756154.28824,17907424.0
1746756154.3105159,17920896.0
1746756154.332554,17934368.0
1746756154.354602,17947840.0
1746756154.3768353,17961312.0
1746756154.3991876,17974784.0
1746756154.4212923,17988256.0
1746756154.44345,18001728.0
1746756154.4657736,18015200.0
1746756154.4878614,18028672.0
1746756154.5098073,18042144.0
1746756154.531898,18055616.0
1746756154.5541139,18069088.0
1746756154.576299,18082560.0
1746756154.598381,18096032.0
1746756154.620723,18109504.0
1746756154.6429794,18122976.0
1746756154.6652007,18136448.0
1746756154.687355,18149920.0
1746756154.7093787,18163392.0
1746756154.7315333,18176864.0
1746756154.7538872,18190336.0
1746756154.7760875,18203808.0
1746756154.79816,18217280.0
1746756154.8205247,18230752.0
1746756154.8426466,18244224.0
1746756154.8647206,18257696.0
1746756154.886911,18271168.0
1746756154.9092393,18284640.0
1746756154.9314365,18298112.0
1746756154.9534554,18311584.0
1746756154.9757676,18325056.0
1746756154.9979687,18338528.0
1746756155.0202749,18352000.0
1746756155.0424025,18365472.0
1746756155.0645266,18378944.0
1746756155.0866754,18392416.0
1746756155.1089926,18405888.0
1746756155.1312943,18419360.0
1746756155.1534631,18432832.0
1746756155.1757853,18446304.0
1746756155.1978989,18459776.0
1746756155.2201092,18473248.0
1746756155.242315,18486720.0
1746756155.2646565,18500192.0
1746756155.2868943,18513664.0
1746756155.3091369,18527136.0
1746756155.331594,18540608.0
1746756155.3538334,18554080.0
1746756155.3764722,18567552.0
1746756155.398413,18581024.0
1746756155.4206426,18594496.0
1746756155.4422374,18607968.0
1746756155.464099,18621440.0
1746756155.48569,18634912.0
1746756155.50733,18648384.0
1746756155.5290937,18661856.0
1746756155.5507905,18675328.0
1746756155.5724113,18688800.0
1746756155.6230865,18702304.0
1746756155.6462843,18715808.0
1746756155.668305,18729312.0
1746756155.6901295,18742816.0
1746756155.7148292,18756320.0
1746756155.7370527,18769824.0
1746756155.7593994,18783328.0
1746756155.7813406,18796832.0
1746756155.8034558,18810336.0
1746756155.8256502,18823840.0
1746756155.8478508,18837344.0
1746756155.8699865,18850848.0
1746756155.892139,18864352.0
1746756155.914419,18877856.0
1746756155.936425,18891360.0
1746756155.9583647,18904864.0
1746756155.980506,18918368.0
1746756156.0028262,18931872.0
1746756156.0249286,18945376.0
1746756156.046985,18958880.0
1746756156.0692983,18972384.0
1746756156.0913806,18985888.0
1746756156.1135225,18999392.0
1746756156.135512,19012896.0
1746756156.1580606,19026400.0
1746756156.1797519,19039904.0
1746756156.2014518,19053408.0
1746756156.223097,19066912.0
1746756156.2445574,19080416.0
1746756156.2661104,19093920.0
1746756156.2876127,19107424.0
1746756156.3091552,19120928.0
1746756156.3307269,19134432.0
1746756156.352523,19147936.0
1746756156.3740866,19161440.0
1746756156.3955576,19174944.0
1746756156.4172635,19188448.0
1746756156.4389002,19201952.0
1746756156.460579,19215456.0
1746756156.4820614,19228960.0
1746756156.503601,19242464.0
1746756156.5253093,19255968.0
1746756156.5469923,19269472.0
1746756156.5684373,19282976.0
1746756156.589894,19296480.0
1746756156.6114447,19309984.0
1746756156.6329272,19323488.0
1746756156.6548193,19336992.0
1746756156.6764052,19350496.0
1746756156.698237,19364000.0
1746756156.720027,19377504.0
1746756156.7416546,19391008.0
1746756156.763484,19404512.0
1746756156.7852345,19418016.0
1746756156.8071659,19431520.0
1746756156.8287446,19445024.0
1746756156.8503222,19458528.0
1746756156.8720615,19472032.0
1746756156.8938332,19485536.0
1746756156.9154086,19499040.0
1746756156.936928,19512544.0
1746756156.9585848,19526048.0
1746756156.9803271,19539552.0
1746756157.0018494,19553056.0
1746756157.0235298,19566560.0
1746756157.0454297,19580064.0
1746756157.067497,19593568.0
1746756157.087629,19607072.0
1746756157.1079612,19620576.0
1746756157.1280758,19634080.0
1746756157.1483572,19647584.0
1746756157.168449,19661088.0
1746756157.1885128,19674592.0
1746756157.2087944,19688096.0
1746756157.229074,19701600.0
1746756157.2491665,19715104.0
1746756157.2692182,19728608.0
1746756157.2892756,19742112.0
1746756157.3093762,19755616.0
1746756157.329439,19769120.0
1746756157.3494725,19782624.0
1746756157.3698332,19796128.0
1746756157.3900955,19809632.0
1746756157.41025,19823136.0
1746756157.4306343,19836640.0
1746756157.451285,19850144.0
1746756157.471727,19863648.0
1746756157.491844,19877152.0
1746756157.5119379,19890656.0
1746756157.53222,19904160.0
1746756157.5524204,19917664.0
1746756157.572446,19931168.0
1746756157.5924785,19944672.0
1746756157.6125817,19958176.0
1746756157.6326444,19971680.0
1746756157.6527934,19985184.0
1746756157.672824,19998688.0
1746756157.6931922,20012192.0
1746756157.7134023,20025696.0
1746756157.7887263,20040512.0
1746756157.8339536,20055328.0
1746756157.8794506,20070144.0
1746756157.9254758,20084960.0
1746756157.9715338,20099776.0
1746756158.0179024,20114592.0
1746756158.064793,20129408.0
1746756158.1119943,20144224.0
1746756158.1592731,20159040.0
1746756158.2068994,20173856.0
1746756158.2548516,20188672.0
1746756158.3031454,20203488.0
1746756158.3516948,20218304.0
1746756158.4006886,20233120.0
1746756158.4502773,20247936.0
1746756158.5000386,20262752.0
1746756158.5499165,20277568.0
1746756158.600356,20292384.0
1746756158.6509397,20307200.0
1746756158.7020836,20322016.0
1746756158.753206,20336832.0
1746756158.8048103,20351648.0
1746756158.8568983,20366464.0
1746756158.9092355,20381280.0
1746756158.961711,20396096.0
1746756159.0143924,20410912.0
1746756159.0674825,20425728.0
1746756159.120801,20440544.0
1746756159.1745155,20455360.0
1746756159.228621,20470176.0
1746756159.2833326,20484992.0
1746756159.3380706,20499808.0
1746756159.393154,20514624.0
1746756159.448952,20529440.0
1746756159.504795,20544256.0
1746756159.5610921,20559072.0
1746756159.6174889,20573888.0
1746756159.6741016,20588704.0
1746756159.731265,20603520.0
1746756159.7886863,20618336.0
1746756159.8465428,20633152.0
1746756159.9044065,20647968.0
1746756159.9722402,20662784.0
1746756159.9961662,20677600.0
1746756160.019049,20692416.0
1746756160.0410514,20707232.0
1746756160.063347,20722048.0
1746756160.0858374,20736864.0
1746756160.1091821,20751680.0
1746756160.1330454,20766496.0
1746756160.156677,20781312.0
1746756160.1805937,20796128.0
1746756160.204081,20810944.0
1746756160.2275896,20825760.0
1746756160.2513332,20840576.0
1746756160.2751858,20855392.0
1746756160.2984676,20870208.0
1746756160.321741,20885024.0
1746756160.3451788,20899840.0
1746756160.3684409,20914656.0
1746756160.392052,20929472.0
1746756160.4140654,20944288.0
1746756160.4364333,20959104.0
1746756160.4586785,20973920.0
1746756160.4806535,20988736.0
1746756160.5029535,21003552.0
1746756160.5250013,21018368.0
1746756160.5473483,21033184.0
1746756160.5693064,21048000.0
1746756160.591335,21062816.0
1746756160.6132739,21077632.0
1746756160.6665797,21092480.0
1746756160.731602,21107392.0
1746756160.783222,21122304.0
1746756160.8220158,21137216.0
1746756160.8466554,21152128.0
1746756160.871264,21167040.0
1746756160.8960433,21181952.0
1746756160.9208214,21196864.0
1746756160.94566,21211776.0
1746756160.9702096,21226688.0
1746756160.9949334,21241600.0
1746756161.0195162,21256512.0
1746756161.0443401,21271424.0
1746756161.0687854,21286336.0
1746756161.0932379,21301248.0
1746756161.117904,21316160.0
1746756161.1423724,21331072.0
1746756161.1678786,21345984.0
1746756161.1914608,21360896.0
1746756161.2150884,21375808.0
1746756161.2386353,21390720.0
1746756161.2621598,21405632.0
1746756161.2858963,21420544.0
1746756161.3095953,21435456.0
1746756161.333418,21450368.0
1746756161.3570316,21465280.0
1746756161.3808312,21480192.0
1746756161.4044263,21495104.0
1746756161.4284062,21510016.0
1746756161.451699,21524928.0
1746756161.475191,21539840.0
1746756161.4975402,21554752.0
1746756161.5194254,21569664.0
1746756161.5412514,21584576.0
1746756161.563318,21599488.0
1746756161.5849426,21614400.0
1746756161.6065872,21629312.0
1746756161.6598973,21644288.0
1746756161.707043,21659264.0
1746756161.7315476,21674240.0
1746756161.7578306,21689216.0
1746756161.7800832,21704192.0
1746756161.8023694,21719168.0
1746756161.824573,21734144.0
1746756161.8471293,21749120.0
1746756161.8693953,21764096.0
1746756161.891591,21779072.0
1746756161.9139197,21794048.0
1746756161.9361255,21809024.0
1746756161.9582195,21824000.0
1746756161.9803321,21838976.0
1746756162.0025096,21853952.0
1746756162.0246608,21868928.0
1746756162.04681,21883904.0
1746756162.0693684,21898880.0
1746756162.0918884,21913856.0
1746756162.114255,21928832.0
1746756162.1362848,21943808.0
1746756162.158596,21958784.0
1746756162.1812398,21973760.0
1746756162.2037327,21988736.0
1746756162.2260232,22003712.0
1746756162.248179,22018688.0
1746756162.2704594,22033664.0
1746756162.2926164,22048640.0
1746756162.314698,22063616.0
1746756162.336782,22078592.0
1746756162.3595052,22093568.0
1746756162.381648,22108544.0
1746756162.403819,22123520.0
1746756162.4260983,22138496.0
1746756162.4485116,22153472.0
1746756162.470987,22168448.0
1746756162.493221,22183424.0
1746756162.5157235,22198400.0
1746756162.5379863,22213376.0
1746756162.5604472,22228352.0
1746756162.5827682,22243328.0
1746756162.6049833,22258304.0
1746756162.6273124,22273280.0
1746756162.6493692,22288256.0
1746756162.6715517,22303232.0
1746756162.693715,22318208.0
1746756162.7159772,22333184.0
1746756162.7382703,22348160.0
1746756162.7607346,22363136.0
1746756162.7830918,22378112.0
1746756162.8056028,22393088.0
1746756162.8282614,22408064.0
1746756162.850667,22423040.0
1746756162.8732648,22438016.0
1746756162.8955002,22452992.0
1746756162.9180596,22467968.0
1746756162.9403932,22482944.0
1746756162.9626272,22497920.0
1746756162.9849849,22512896.0
1746756163.0072005,22527872.0
1746756163.0296273,22542848.0
1746756163.051981,22557824.0
1746756163.0744407,22572800.0
1746756163.0969052,22587776.0
1746756163.1214507,22602752.0
1746756163.1422908,22617728.0
1746756163.163146,22632704.0
1746756163.1845324,22647680.0
1746756163.2048435,22662656.0
1746756163.2251394,22677632.0
1746756163.2453973,22692608.0
1746756163.2659507,22707584.0
1746756163.2863271,22722560.0
1746756163.306525,22737536.0
1746756163.3268209,22752512.0
1746756163.347007,22767488.0
1746756163.3671532,22782464.0
1746756163.3879268,22797440.0
1746756163.4076288,22812416.0
1746756163.427238,22827392.0
1746756163.4470148,22842368.0
1746756163.4666893,22857344.0
1746756163.48666,22872320.0
1746756163.5065296,22887296.0
1746756163.5261946,22902272.0
1746756163.5460272,22917248.0
1746756163.5656776,22932224.0
1746756163.5855553,22947200.0
1746756163.6053588,22962176.0
1746756163.6250162,22977152.0
1746756163.6448085,22992128.0
1746756163.664438,23007104.0
1746756163.6841137,23022080.0
1746756163.7037811,23037056.0
1746756163.723466,23052032.0
1746756163.7431417,23067008.0
1746756163.762816,23081984.0
1746756163.8505952,23098688.0
1746756163.8955784,23115392.0
1746756163.9409587,23132096.0
1746756163.9862916,23148800.0
1746756164.0323467,23165504.0
1746756164.0783172,23182208.0
1746756164.1250677,23198912.0
1746756164.1721425,23215616.0
1746756164.219438,23232320.0
1746756164.2678354,23249024.0
1746756164.3153884,23265728.0
1746756164.3631542,23282432.0
1746756164.4113522,23299136.0
1746756164.4597511,23315840.0
1746756164.5084517,23332544.0
1746756164.5575483,23349248.0
1746756164.606979,23365952.0
1746756164.6572762,23382656.0
1746756164.7078502,23399360.0
1746756164.7583437,23416064.0
1746756164.8095665,23432768.0
1746756164.860671,23449472.0
1746756164.9125261,23466176.0
1746756164.9646177,23482880.0
1746756165.0166876,23499584.0
1746756165.069394,23516288.0
1746756165.121976,23532992.0
1746756165.1749122,23549696.0
1746756165.2281725,23566400.0
1746756165.2818296,23583104.0
1746756165.3356636,23599808.0
1746756165.3899102,23616512.0
1746756165.444628,23633216.0
1746756165.5000658,23649920.0
1746756165.5556712,23666624.0
1746756165.6108165,23683328.0
1746756165.6659899,23700032.0
1746756165.7219708,23716736.0
1746756165.778844,23733440.0
1746756165.8361735,23750144.0
1746756165.8942208,23766848.0
1746756165.9524057,23783552.0
1746756166.0103064,23800256.0
1746756166.0688202,23816960.0
1746756166.1284401,23833664.0
1746756166.1874328,23850368.0
1746756166.2467525,23867072.0
1746756166.3060014,23883776.0
1746756166.3691468,23900480.0
1746756166.427538,23917184.0
1746756166.4869602,23933888.0
1746756166.5455432,23950592.0
1746756166.6054492,23967296.0
1746756166.664831,23984000.0
1746756166.7248228,24000704.0
1746756166.7798367,24017504.0
1746756166.8252456,24034304.0
1746756166.871247,24051104.0
1746756166.9244246,24067936.0
1746756167.010347,24084832.0
1746756167.0570104,24101728.0
1746756167.1158419,24118656.0
1746756167.171191,24135648.0
1746756167.2188191,24152640.0
1746756167.2526817,24169632.0
1746756167.276432,24186624.0
1746756167.3003664,24203616.0
1746756167.3234315,24220608.0
1746756167.346425,24237600.0
1746756167.3698487,24254592.0
1746756167.3931127,24271584.0
1746756167.4162784,24288576.0
1746756167.4391494,24305568.0
1746756167.462364,24322560.0
1746756167.4852045,24339552.0
1746756167.5079916,24356544.0
1746756167.5312295,24373536.0
1746756167.554165,24390528.0
1746756167.5770051,24407520.0
1746756167.6002598,24424512.0
1746756167.6235368,24441504.0
1746756167.6468349,24458496.0
1746756167.6701035,24475488.0
1746756167.6933644,24492480.0
1746756167.7163966,24509472.0
1746756167.7397795,24526464.0
1746756167.76301,24543456.0
1746756167.7861786,24560448.0
1746756167.8090427,24577440.0
1746756167.8323176,24594432.0
1746756167.85499,24611424.0
1746756167.877843,24628416.0
1746756167.8994389,24645408.0
1746756167.9208074,24662400.0
1746756167.9422204,24679392.0
1746756167.9638152,24696384.0
1746756167.9857633,24713376.0
1746756168.0076594,24730368.0
1746756168.0295715,24747360.0
1746756168.0511687,24764352.0
1746756168.072624,24781344.0
1746756168.0945532,24798336.0
1746756168.1162684,24815328.0
1746756168.1380572,24832320.0
1746756168.159499,24849312.0
1746756168.1813638,24866304.0
1746756168.202914,24883296.0
1746756168.2243738,24900288.0
1746756168.2462862,24917280.0
1746756168.2677176,24934272.0
1746756168.2891946,24951264.0
1746756168.311096,24968256.0
1746756168.3329823,24985248.0
1746756168.354917,25002240.0
1746756168.3768284,25019232.0
1746756168.3983662,25036224.0
1746756168.4197917,25053216.0
1746756168.4417174,25070208.0
1746756168.4636364,25087200.0
1746756168.4854498,25104192.0
1746756168.5069017,25121184.0
1746756168.5287545,25138176.0
1746756168.550261,25155168.0
1746756168.572737,25172160.0
1746756168.5933833,25189152.0
1746756168.61386,25206144.0
1746756168.6342394,25223136.0
1746756168.6548522,25240128.0
1746756168.6757767,25257120.0
1746756168.6963744,25274112.0
1746756168.7173655,25291104.0
1746756168.7378883,25308096.0
1746756168.7583306,25325088.0
1746756168.779237,25342080.0
1746756168.8000965,25359072.0
1746756168.8209238,25376064.0
1746756168.8414693,25393056.0
1746756168.8619192,25410048.0
1746756168.8824525,25427040.0
1746756168.9026916,25444032.0
1746756168.922912,25461024.0
1746756168.9429665,25478016.0
1746756168.9630084,25495008.0
1746756168.9834397,25512000.0
1746756169.0044608,25528992.0
1746756169.0246317,25545984.0
1746756169.0452223,25562976.0
1746756169.065502,25579968.0
1746756169.08566,25596960.0
1746756169.1063344,25613952.0
1746756169.1268501,25630944.0
1746756169.1474104,25647936.0
1746756169.1675413,25664928.0
1746756169.1880484,25681920.0
1746756169.2082233,25698912.0
1746756169.2291243,25715904.0
1746756169.2492537,25732896.0
1746756169.2692523,25749888.0
1746756169.2892673,25766880.0
1746756169.3127067,25783872.0
1746756169.3301663,25800864.0
1746756169.3474944,25817856.0
1746756169.3652074,25834848.0
1746756169.3825254,25851840.0
1746756169.399857,25868832.0
1746756169.417635,25885824.0
1746756169.435342,25902816.0
1746756169.4530692,25919808.0
1746756169.4704118,25936800.0
1746756169.4881268,25953792.0
1746756169.5054722,25970784.0
1746756169.5228176,25987776.0
1746756169.5401118,26004768.0
1746756169.5574832,26021760.0
1746756169.5748293,26038752.0
1746756169.5925493,26055744.0
1746756169.6097872,26072736.0
1746756169.6270216,26089728.0
1746756169.6447423,26106720.0
1746756169.6932013,26123776.0
1746756169.7348335,26140832.0
1746756169.755041,26157888.0
1746756169.776221,26174944.0
1746756169.7929604,26192000.0
1746756169.8095188,26209056.0
1746756169.8262813,26226112.0
1746756169.84295,26243168.0
1746756169.859612,26260224.0
1746756169.8763509,26277280.0
1746756169.8938,26294336.0
1746756169.911211,26311392.0
1746756169.9289794,26328448.0
1746756169.946404,26345504.0
1746756169.9638152,26362560.0
1746756169.98161,26379616.0
1746756169.9990745,26396672.0
1746756170.0164936,26413728.0
1746756170.034406,26430784.0
1746756170.0523558,26447840.0
1746756170.0701373,26464896.0
1746756170.0875034,26481952.0
1746756170.1053863,26499008.0
1746756170.1232212,26516064.0
1746756170.1411016,26533120.0
1746756170.1585786,26550176.0
1746756170.176081,26567232.0
1746756170.1935537,26584288.0
1746756170.211422,26601344.0
1746756170.2290156,26618400.0
1746756170.2465491,26635456.0
1746756170.2644994,26652512.0
1746756170.2819874,26669568.0
1746756170.299548,26686624.0
1746756170.3175468,26703680.0
1746756170.3354795,26720736.0
1746756170.3532922,26737792.0
1746756170.3707428,26754848.0
1746756170.388569,26771904.0
1746756170.406385,26788960.0
1746756170.424194,26806016.0
1746756170.4416566,26823072.0
1746756170.4590883,26840128.0
1746756170.476535,26857184.0
1746756170.4943454,26874240.0
1746756170.5118248,26891296.0
1746756170.5293796,26908352.0
1746756170.5473351,26925408.0
1746756170.5648856,26942464.0
1746756170.58228,26959520.0
1746756170.6001766,26976576.0
1746756170.6180384,26993632.0
1746756170.6359181,27010688.0
1746756170.653343,27027744.0
1746756170.6711524,27044800.0
1746756170.688926,27061856.0
1746756170.7067485,27078912.0
1746756170.724232,27095968.0
1746756170.7416456,27113024.0
1746756170.7593088,27130080.0
1746756170.7773685,27147136.0
1746756170.7951245,27164192.0
1746756170.8128352,27181248.0
1746756170.830945,27198304.0
1746756170.8490033,27215360.0
1746756170.8663204,27232416.0
1746756170.884088,27249472.0
1746756170.9017777,27266528.0
1746756170.9194505,27283584.0
1746756170.9367611,27300640.0
1746756170.9544609,27317696.0
1746756170.9721158,27334752.0
1746756170.989829,27351808.0
1746756171.0071557,27368864.0
1746756171.0245323,27385920.0
1746756171.0418034,27402976.0
1746756171.0595624,27420032.0
1746756171.0768661,27437088.0
1746756171.094124,27454144.0
1746756171.1113718,27471200.0
1746756171.1286776,27488256.0
1746756171.1460521,27505312.0
1746756171.1638951,27522368.0
1746756171.181554,27539424.0
1746756171.199144,27556480.0
1746756171.2164192,27573536.0
1746756171.2340598,27590592.0
1746756171.2517416,27607648.0
1746756171.2694368,27624704.0
1746756171.2867134,27641760.0
1746756171.3039792,27658816.0
1746756171.3213196,27675872.0
1746756171.3389559,27692928.0
1746756171.356183,27709984.0
1746756171.3733425,27727040.0
1746756171.3905942,27744096.0
1746756171.407922,27761152.0
1746756171.42522,27778208.0
1746756171.4430792,27795264.0
1746756171.460874,27812320.0
1746756171.4785988,27829376.0
1746756171.4959838,27846432.0
1746756171.5137174,27863488.0
1746756171.5313864,27880544.0
1746756171.549076,27897600.0
1746756171.5664668,27914656.0
1746756171.583843,27931712.0
1746756171.6011462,27948768.0
1746756171.6188715,27965824.0
1746756171.6361701,27982880.0
1746756171.6534379,27999936.0
1746756171.7082236,28017312.0
1746756171.750046,28034688.0
1746756171.7920196,28052064.0
1746756171.8344936,28069440.0
1746756171.8772094,28086816.0
1746756171.9202733,28104192.0
1746756171.9633605,28121568.0
1746756172.0070915,28138944.0
1746756172.0507975,28156320.0
1746756172.094781,28173696.0
1746756172.1299956,28191072.0
1746756172.1479714,28208448.0
1746756172.1657321,28225824.0
1746756172.1838782,28243200.0
1746756172.2016373,28260576.0
1746756172.219796,28277952.0
1746756172.2375839,28295328.0
1746756172.25541,28312704.0
1746756172.2732,28330080.0
1746756172.291438,28347456.0
1746756172.3096108,28364832.0
1746756172.327835,28382208.0
1746756172.3455544,28399584.0
1746756172.3636334,28416960.0
1746756172.381364,28434336.0
1746756172.3991232,28451712.0
1746756172.416907,28469088.0
1746756172.4346714,28486464.0
1746756172.4524176,28503840.0
1746756172.470574,28521216.0
1746756172.4883733,28538592.0
1746756172.5065567,28555968.0
1746756172.5243058,28573344.0
1746756172.542041,28590720.0
1746756172.559853,28608096.0
1746756172.5781453,28625472.0
1746756172.5962899,28642848.0
1746756172.6143806,28660224.0
1746756172.632083,28677600.0
1746756172.6502564,28694976.0
1746756172.6681185,28712352.0
1746756172.685904,28729728.0
1746756172.7037075,28747104.0
1746756172.7217834,28764480.0
1746756172.7394032,28781856.0
1746756172.8035724,28799936.0
1746756172.845879,28818016.0
1746756172.888305,28836096.0
1746756172.9308228,28854176.0
1746756172.9736168,28872256.0
1746756173.0168374,28890336.0
1746756173.060812,28908416.0
1746756173.105112,28926496.0
1746756173.1495957,28944576.0
1746756173.1941237,28962656.0
1746756173.2629843,28980736.0
1746756173.30847,28998816.0
1746756173.3539114,29016896.0
1746756173.3997955,29034976.0
1746756173.445982,29053056.0
1746756173.492509,29071136.0
1746756173.5395746,29089216.0
1746756173.5866704,29107296.0
1746756173.6346288,29125376.0
1746756173.6825674,29143456.0
1746756173.7308187,29161536.0
1746756173.7793086,29179616.0
1746756173.8342216,29197696.0
1746756173.8537242,29215776.0
1746756173.8728707,29233856.0
1746756173.8917575,29251936.0
1746756173.9105878,29270016.0
1746756173.9298244,29288096.0
1746756173.9486458,29306176.0
1746756173.967374,29324256.0
1746756173.9861941,29342336.0
1746756174.0051253,29360416.0
1746756174.0243554,29378496.0
1746756174.0430882,29396576.0
1746756174.0623555,29414656.0
1746756174.0812001,29432736.0
1746756174.100118,29450816.0
1746756174.118908,29468896.0
1746756174.1381662,29486976.0
1746756174.1573381,29505056.0
1746756174.176496,29523136.0
1746756174.195298,29541216.0
1746756174.2140038,29559296.0
1746756174.2330422,29577376.0
1746756174.2517772,29595456.0
1746756174.2706175,29613536.0
1746756174.2894487,29631616.0
1746756174.3081276,29649696.0
1746756174.3273785,29667776.0
1746756174.3464727,29685856.0
1746756174.3656926,29703936.0
1746756174.3837812,29722016.0
1746756174.4018834,29740096.0
1746756174.4200022,29758176.0
1746756174.4385839,29776256.0
1746756174.456717,29794336.0
1746756174.474868,29812416.0
1746756174.4929297,29830496.0
1746756174.5110154,29848576.0
1746756174.5296354,29866656.0
1746756174.5478055,29884736.0
1746756174.5658584,29902816.0
1746756174.5839415,29920896.0
1746756174.6021748,29938976.0
1746756174.6206486,29957056.0
1746756174.6387982,29975136.0
1746756174.6572266,29993216.0
1746756174.705799,30011328.0
1746756174.7263563,30029440.0
1746756174.7448506,30047552.0
1746756174.763863,30065664.0
1746756174.7859735,30083776.0
1746756174.8047307,30101888.0
1746756174.8238065,30120000.0
1746756174.8425424,30138112.0
1746756174.8616314,30156224.0
1746756174.880645,30174336.0
1746756174.8993452,30192448.0
1746756174.918042,30210560.0
1746756174.9367402,30228672.0
1746756174.9558024,30246784.0
1746756174.9744918,30264896.0
1746756174.9936607,30283008.0
1746756175.012422,30301120.0
1746756175.0311012,30319232.0
1746756175.0497808,30337344.0
1746756175.0690134,30355456.0
1746756175.0877717,30373568.0
1746756175.106573,30391680.0
1746756175.1256573,30409792.0
1746756175.1444855,30427904.0
1746756175.1636093,30446016.0
1746756175.182666,30464128.0
1746756175.201341,30482240.0
1746756175.219838,30500352.0
1746756175.238402,30518464.0
1746756175.2572665,30536576.0
1746756175.2758615,30554688.0
1746756175.2949328,30572800.0
1746756175.3136039,30590912.0
1746756175.3322847,30609024.0
1746756175.351014,30627136.0
1746756175.3701947,30645248.0
1746756175.38886,30663360.0
1746756175.407459,30681472.0
1746756175.4264548,30699584.0
1746756175.4450889,30717696.0
1746756175.4641635,30735808.0
1746756175.4831367,30753920.0
1746756175.50179,30772032.0
1746756175.520451,30790144.0
1746756175.5389647,30808256.0
1746756175.5580661,30826368.0
1746756175.576691,30844480.0
1746756175.595693,30862592.0
1746756175.6143174,30880704.0
1746756175.6329048,30898816.0
1746756175.651532,30916928.0
1746756175.6706367,30935040.0
1746756175.720088,30953184.0
1746756175.740868,30971328.0
1746756175.7601225,30989472.0
1746756175.7825184,31007616.0
1746756175.8019447,31025760.0
1746756175.8213696,31043904.0
1746756175.840605,31062048.0
1746756175.8595684,31080192.0
1746756175.8788571,31098336.0
1746756175.8981898,31116480.0
1746756175.9171708,31134624.0
1746756175.9367335,31152768.0
1746756175.9558046,31170912.0
1746756175.9749427,31189056.0
1746756175.9939895,31207200.0
1746756176.013578,31225344.0
1746756176.0326462,31243488.0
1746756176.051706,31261632.0
1746756176.0711298,31279776.0
1746756176.0902262,31297920.0
1746756176.109898,31316064.0
1746756176.1289065,31334208.0
1746756176.148077,31352352.0
1746756176.16694,31370496.0
1746756176.1861503,31388640.0
1746756176.2049623,31406784.0
1746756176.2240038,31424928.0
1746756176.242923,31443072.0
1746756176.2614224,31461216.0
1746756176.2798967,31479360.0
1746756176.2983568,31497504.0
1746756176.3173492,31515648.0
1746756176.3358223,31533792.0
1746756176.3544552,31551936.0
1746756176.3733506,31570080.0
1746756176.391874,31588224.0
1746756176.4111345,31606368.0
1746756176.4290686,31624512.0
1746756176.447055,31642656.0
1746756176.4647937,31660800.0
1746756176.4837213,31678944.0
1746756176.5006933,31697088.0
1746756176.5176525,31715232.0
1746756176.5345886,31733376.0
1746756176.5515466,31751520.0
1746756176.5685208,31769664.0
1746756176.5854092,31787808.0
1746756176.6023858,31805952.0
1746756176.6192489,31824096.0
1746756176.636056,31842240.0
1746756176.6530623,31860384.0
1746756176.66997,31878528.0
1746756176.6872623,31896672.0
1746756176.7044432,31914816.0
1746756176.72169,31932960.0
1746756176.7385519,31951104.0
1746756176.7557738,31969248.0
1746756176.7727392,31987392.0
1746756176.7896135,32005536.0
1746756176.806514,32023680.0
1746756176.8233957,32041824.0
1746756176.8403125,32059968.0
1746756176.8572433,32078112.0
1746756176.8741632,32096256.0
1746756176.891134,32114400.0
1746756176.9081018,32132544.0
1746756176.9253857,32150688.0
1746756176.9422956,32168832.0
1746756176.9599688,32186976.0
1746756176.9773772,32205120.0
1746756176.9947155,32223264.0
1746756177.0117233,32241408.0
1746756177.0290394,32259552.0
1746756177.0460086,32277696.0
1746756177.062973,32295840.0
1746756177.0798364,32313984.0
1746756177.096805,32332128.0
1746756177.1137943,32350272.0
1746756177.131042,32368416.0
1746756177.1481042,32386560.0
1746756177.1651099,32404704.0
1746756177.1820977,32422848.0
1746756177.1995232,32440992.0
1746756177.2165556,32459136.0
1746756177.2339456,32477280.0
1746756177.2512515,32495424.0
1746756177.268579,32513568.0
1746756177.2856371,32531712.0
1746756177.3030686,32549856.0
1746756177.3201215,32568000.0
1746756177.3371062,32586144.0
1746756177.3541613,32604288.0
1746756177.371202,32622432.0
1746756177.388167,32640576.0
1746756177.4053428,32658720.0
1746756177.4222586,32676864.0
1746756177.4393966,32695008.0
1746756177.4561603,32713152.0
1746756177.4730372,32731296.0
1746756177.4898322,32749440.0
1746756177.5070238,32767584.0
1746756177.5240922,32785728.0
1746756177.540827,32803872.0
1746756177.557552,32822016.0
1746756177.5741403,32840160.0
1746756177.5907114,32858304.0
1746756177.6074166,32876448.0
1746756177.6241477,32894592.0
1746756177.6407638,32912736.0
1746756177.6573906,32930880.0
1746756177.6740592,32949024.0
1746756177.6906745,32967168.0
1746756177.7073677,32985312.0
1746756177.723998,33003456.0
1746756177.7410097,33021600.0
1746756177.7577178,33039744.0
1746756177.7748559,33057888.0
1746756177.7919557,33076032.0
1746756177.8086023,33094176.0
1746756177.825394,33112320.0
1746756177.8419065,33130464.0
1746756177.858362,33148608.0
1746756177.875028,33166752.0
1746756177.8912692,33184896.0
1746756177.907539,33203040.0
1746756177.923797,33221184.0
1746756177.9401045,33239328.0
1746756177.9564424,33257472.0
1746756177.9727669,33275616.0
1746756177.9890788,33293760.0
1746756178.0054579,33311904.0
1746756178.0218253,33330048.0
1746756178.0383847,33348192.0
1746756178.0547316,33366336.0
1746756178.0710502,33384480.0
1746756178.0873241,33402624.0
1746756178.1037283,33420768.0
1746756178.1201663,33438912.0
1746756178.1364155,33457056.0
1746756178.1527052,33475200.0
1746756178.1690512,33493344.0
1746756178.1854265,33511488.0
1746756178.2017596,33529632.0
1746756178.2180502,33547776.0
1746756178.234342,33565920.0
1746756178.2506914,33584064.0
1746756178.2670746,33602208.0
1746756178.2835245,33620352.0
1746756178.3003178,33638496.0
1746756178.3166966,33656640.0
1746756178.332992,33674784.0
1746756178.3493464,33692928.0
1746756178.3657882,33711072.0
1746756178.382127,33729216.0
1746756178.398587,33747360.0
1746756178.414912,33765504.0
1746756178.4312277,33783648.0
1746756178.4477375,33801792.0
1746756178.4642208,33819936.0
1746756178.4806738,33838080.0
1746756178.497094,33856224.0
1746756178.5134425,33874368.0
1746756178.5298855,33892512.0
1746756178.546333,33910656.0
1746756178.5631375,33928800.0
1746756178.579541,33946944.0
1746756178.5958962,33965088.0
1746756178.612278,33983232.0
1746756178.6286318,34001376.0
1746756178.6449857,34019520.0
1746756178.6614025,34037664.0
1746756178.6778333,34055808.0
1746756178.6941473,34073952.0
1746756178.7105484,34092096.0
1746756178.7269354,34110240.0
1746756178.7432487,34128384.0
1746756178.7899454,34146560.0
1746756178.8078551,34164736.0
1746756178.8244824,34182912.0
1746756178.8409874,34201088.0
1746756178.8579595,34219264.0
1746756178.877152,34237440.0
1746756178.8941178,34255616.0
1746756178.9107258,34273792.0
1746756178.9273672,34291968.0
1746756178.9440448,34310144.0
1746756178.961058,34328320.0
1746756178.977708,34346496.0
1746756178.9943123,34364672.0
1746756179.011009,34382848.0
1746756179.027736,34401024.0
1746756179.044583,34419200.0
1746756179.23071,34437408.0
1746756179.3153822,34455616.0
1746756179.3402061,34473824.0
1746756179.3647697,34492032.0
1746756179.3899026,34510240.0
1746756179.4148147,34528448.0
1746756179.4402366,34546656.0
1746756179.4651933,34564864.0
1746756179.4901729,34583072.0
1746756179.5150814,34601280.0
1746756179.5403626,34619488.0
1746756179.5669932,34637696.0
1746756179.5905857,34655904.0
1746756179.614065,34674112.0
1746756179.6374252,34692320.0
1746756179.6607392,34710528.0
1746756179.684171,34728736.0
1746756179.7076597,34746944.0
1746756179.7311673,34765152.0
1746756179.7545817,34783360.0
1746756179.7780273,34801568.0
1746756179.8014944,34819776.0
1746756179.825397,34837984.0
1746756179.8488195,34856192.0
1746756179.8722844,34874400.0
1746756179.8956237,34892608.0
1746756179.9193842,34910816.0
1746756179.942783,34929024.0
1746756179.966186,34947232.0
1746756179.9896793,34965440.0
1746756180.013149,34983648.0
1746756180.0366404,35001856.0
1746756180.0601132,35020064.0
1746756180.0835493,35038272.0
1746756180.1069815,35056480.0
1746756180.1303883,35074688.0
1746756180.153879,35092896.0
1746756180.1772804,35111104.0
1746756180.2012434,35129312.0
1746756180.2247057,35147520.0
1746756180.248099,35165728.0
1746756180.2713995,35183936.0
1746756180.2951376,35202144.0
1746756180.3185658,35220352.0
1746756180.341978,35238560.0
1746756180.376623,35256768.0
1746756180.3924742,35274976.0
1746756180.4082427,35293184.0
1746756180.4236898,35311392.0
1746756180.4390876,35329600.0
1746756180.4544127,35347808.0
1746756180.4697978,35366016.0
1746756180.485118,35384224.0
1746756180.5005288,35402432.0
1746756180.516048,35420640.0
1746756180.5314353,35438848.0
1746756180.5467877,35457056.0
1746756180.5620747,35475264.0
1746756180.5779586,35493472.0
1746756180.5932941,35511680.0
1746756180.6086164,35529888.0
1746756180.6240418,35548096.0
1746756180.6394038,35566304.0
1746756180.654778,35584512.0
1746756180.670061,35602720.0
1746756180.6853745,35620928.0
1746756180.700682,35639136.0
1746756180.7160766,35657344.0
1746756180.731403,35675552.0
1746756180.7467058,35693760.0
1746756180.7624087,35711968.0
1746756180.7777696,35730176.0
1746756180.7931318,35748384.0
1746756180.8085084,35766592.0
1746756180.8242793,35784800.0
1746756180.839568,35803008.0
1746756180.8549993,35821216.0
1746756180.8702607,35839424.0
1746756180.885496,35857632.0
1746756180.901064,35875840.0
1746756180.9165366,35894048.0
1746756180.9318538,35912256.0
1746756180.9471526,35930464.0
1746756180.9626439,35948672.0
1746756180.9779823,35966880.0
1746756180.9931962,35985088.0
1746756181.0089593,36003296.0
1746756181.0243945,36021504.0
1746756181.0397313,36039712.0
1746756181.0550613,36057920.0
1746756181.0707831,36076128.0
1746756181.0861008,36094336.0
1746756181.1013591,36112544.0
1746756181.1167316,36130752.0
1746756181.132365,36148960.0
1746756181.1477704,36167168.0
1746756181.163181,36185376.0
1746756181.1785471,36203584.0
1746756181.1939752,36221792.0
1746756181.2092075,36240000.0
1746756181.2240074,36258208.0
1746756181.2387507,36276416.0
1746756181.2536592,36294624.0
1746756181.2685642,36312832.0
1746756181.2834423,36331040.0
1746756181.2989442,36349248.0
1746756181.3147314,36367456.0
1746756181.330068,36385664.0
1746756181.3454032,36403872.0
1746756181.360683,36422080.0
1746756181.3759806,36440288.0
1746756181.3913112,36458496.0
1746756181.406507,36476704.0
1746756181.421982,36494912.0
1746756181.4374547,36513120.0
1746756181.4527564,36531328.0
1746756181.4680998,36549536.0
1746756181.4834557,36567744.0
1746756181.4991853,36585952.0
1746756181.5144582,36604160.0
1746756181.5296898,36622368.0
1746756181.5451117,36640576.0
1746756181.5609674,36658784.0
1746756181.576278,36676992.0
1746756181.591508,36695200.0
1746756181.6067834,36713408.0
1746756181.6220176,36731616.0
1746756181.6373816,36749824.0
1746756181.652816,36768032.0
1746756181.6681807,36786240.0
1746756181.6835647,36804448.0
1746756181.6988416,36822656.0
1746756181.714195,36840864.0
1746756181.7295206,36859072.0
1746756181.7450476,36877280.0
1746756181.7907162,36895520.0
1746756181.8381915,36913824.0
1746756181.8785477,36932128.0
1746756181.901995,36950432.0
1746756181.9183118,36968736.0
1746756181.9348354,36987040.0
1746756181.9508357,37005344.0
1746756181.9666917,37023648.0
1746756181.982714,37041952.0
1746756181.998456,37060256.0
1746756182.014343,37078560.0
1746756182.030179,37096864.0
1746756182.0459871,37115168.0
1746756182.0618112,37133472.0
1746756182.0776033,37151776.0
1746756182.0938747,37170080.0
1746756182.1096048,37188384.0
1746756182.1253426,37206688.0
1746756182.141153,37224992.0
1746756182.157421,37243296.0
1746756182.1731188,37261600.0
1746756182.1888433,37279904.0
1746756182.204923,37298208.0
1746756182.2206495,37316512.0
1746756182.2365935,37334816.0
1746756182.252103,37353120.0
1746756182.2677574,37371424.0
1746756182.2835078,37389728.0
1746756182.299266,37408032.0
1746756182.3150907,37426336.0
1746756182.3308525,37444640.0
1746756182.3470402,37462944.0
1746756182.362793,37481248.0
1746756182.3785598,37499552.0
1746756182.3944542,37517856.0
1746756182.410742,37536160.0
1746756182.426627,37554464.0
1746756182.4424877,37572768.0
1746756182.4587643,37591072.0
1746756182.474611,37609376.0
1746756182.4908676,37627680.0
1746756182.506694,37645984.0
1746756182.5224822,37664288.0
1746756182.538247,37682592.0
1746756182.5540917,37700896.0
1746756182.5698462,37719200.0
1746756182.5856166,37737504.0
1746756182.6018636,37755808.0
1746756182.6176805,37774112.0
1746756182.633416,37792416.0
1746756182.6491704,37810720.0
1746756182.6654036,37829024.0
1746756182.6813364,37847328.0
1746756182.697098,37865632.0
1746756182.7133756,37883936.0
1746756182.7292986,37902240.0
1746756182.7455392,37920544.0
1746756182.7613592,37938848.0
1746756182.777178,37957152.0
1746756182.7930045,37975456.0
1746756182.8089118,37993760.0
1746756182.824812,38012064.0
1746756182.840663,38030368.0
1746756182.8568778,38048672.0
1746756182.8727355,38066976.0
1746756182.8884077,38085280.0
1746756182.9040895,38103584.0
1746756182.9200745,38121888.0
1746756182.9358013,38140192.0
1746756182.951505,38158496.0
1746756182.967624,38176800.0
1746756182.983297,38195104.0
1746756182.9993765,38213408.0
1746756183.0150921,38231712.0
1746756183.0308638,38250016.0
1746756183.0467453,38268320.0
1746756183.0625534,38286624.0
1746756183.078485,38304928.0
1746756183.094325,38323232.0
1746756183.1105502,38341536.0
1746756183.1263838,38359840.0
1746756183.142208,38378144.0
1746756183.1579797,38396448.0
1746756183.1741037,38414752.0
1746756183.1899824,38433056.0
1746756183.20578,38451360.0
1746756183.2220745,38469664.0
1746756183.2378886,38487968.0
1746756183.2541044,38506272.0
1746756183.269962,38524576.0
1746756183.285838,38542880.0
1746756183.301728,38561184.0
1746756183.3175607,38579488.0
1746756183.333325,38597792.0
1746756183.3489463,38616096.0
1746756183.3649135,38634400.0
1746756183.3804727,38652704.0
1746756183.3962784,38671008.0
1746756183.4120204,38689312.0
1746756183.4280484,38707616.0
1746756183.443718,38725920.0
1746756183.4593644,38744224.0
1746756183.4754372,38762528.0
1746756183.491142,38780832.0
1746756183.5071669,38799136.0
1746756183.5227733,38817440.0
1746756183.5383415,38835744.0
1746756183.5539734,38854048.0
1746756183.5695457,38872352.0
1746756183.5851402,38890656.0
1746756183.6007767,38908960.0
1746756183.6167147,38927264.0
1746756183.632352,38945568.0
1746756183.6482487,38963872.0
1746756183.663885,38982176.0
1746756183.679883,39000480.0
1746756183.695637,39018784.0
1746756183.71123,39037088.0
1746756183.727293,39055392.0
1746756183.7429576,39073696.0
1746756183.7588887,39092000.0
1746756183.7745018,39110304.0
1746756183.790115,39128608.0
1746756183.8057792,39146912.0
1746756183.821457,39165216.0
1746756183.8367608,39183520.0
1746756183.8520958,39201824.0
1746756183.867481,39220128.0
1746756183.8830118,39238432.0
1746756183.8982031,39256736.0
1746756183.9135168,39275040.0
1746756183.9287753,39293344.0
1746756183.9441326,39311648.0
1746756183.9594154,39329952.0
1746756183.974866,39348256.0
1746756183.990194,39366560.0
1746756184.0055468,39384864.0
1746756184.0207205,39403168.0
1746756184.0358987,39421472.0
1746756184.0510764,39439776.0
1746756184.0663168,39458080.0
1746756184.0815706,39476384.0
1746756184.096846,39494688.0
1746756184.112083,39512992.0
1746756184.1272957,39531296.0
1746756184.1424537,39549600.0
1746756184.1575916,39567904.0
1746756184.1727395,39586208.0
1746756184.188057,39604512.0
1746756184.2033968,39622816.0
1746756184.2191095,39641120.0
1746756184.2344081,39659424.0
1746756184.2500205,39677728.0
1746756184.2652247,39696032.0
1746756184.2804916,39714336.0
1746756184.2957745,39732640.0
1746756184.3110552,39750944.0
1746756184.3263166,39769248.0
1746756184.3415248,39787552.0
1746756184.356785,39805856.0
1746756184.3720284,39824160.0
1746756184.3873105,39842464.0
1746756184.4025683,39860768.0
1746756184.417897,39879072.0
1746756184.4331295,39897376.0
1746756184.4484057,39915680.0
1746756184.4640255,39933984.0
1746756184.4793577,39952288.0
1746756184.4949682,39970592.0
1746756184.5102055,39988896.0
1746756184.525521,40007200.0
1746756184.5408232,40025504.0
1746756184.5560431,40043808.0
1746756184.5713902,40062112.0
1746756184.5866077,40080416.0
1746756184.6018257,40098720.0
1746756184.6170514,40117024.0
1746756184.632148,40135328.0
1746756184.64737,40153632.0
1746756184.6626105,40171936.0
1746756184.677811,40190240.0
1746756184.6930404,40208544.0
1746756184.708763,40226848.0
1746756184.724008,40245152.0
1746756184.7396476,40263456.0
1746756184.754925,40281760.0
1746756184.7701683,40300064.0
1746756184.7853875,40318368.0
1746756184.800736,40336672.0
1746756184.8160393,40354976.0
1746756184.831303,40373280.0
1746756184.8466337,40391584.0
1746756184.8618674,40409888.0
1746756184.8770692,40428192.0
1746756184.8922758,40446496.0
1746756184.9075153,40464800.0
1746756184.922629,40483104.0
1746756184.937894,40501408.0
1746756184.953626,40519712.0
1746756184.9688883,40538016.0
1746756184.9844916,40556320.0
1746756184.999732,40574624.0
1746756185.015031,40592928.0
1746756185.0302265,40611232.0
1746756185.0454059,40629536.0
1746756185.0606768,40647840.0
1746756185.0759318,40666144.0
1746756185.0912251,40684448.0
1746756185.1065683,40702752.0
1746756185.1218188,40721056.0
1746756185.137025,40739360.0
1746756185.15235,40757664.0
1746756185.1676257,40775968.0
1746756185.1829753,40794272.0
1746756185.1987083,40812576.0
1746756185.2140248,40830880.0
1746756185.2296584,40849184.0
1746756185.2450404,40867488.0
1746756185.2602034,40885792.0
1746756185.275493,40904096.0
1746756185.2907157,40922400.0
1746756185.3059704,40940704.0
1746756185.3213573,40959008.0
1746756185.3366165,40977312.0
1746756185.3517814,40995616.0
1746756185.3669379,41013920.0
1746756185.3820612,41032224.0
1746756185.3972082,41050528.0
1746756185.4125044,41068832.0
1746756185.427839,41087136.0
1746756185.443505,41105440.0
1746756185.4587443,41123744.0
1746756185.4743042,41142048.0
1746756185.4895947,41160352.0
1746756185.5049562,41178656.0
1746756185.5202646,41196960.0
1746756185.5355527,41215264.0
1746756185.5508225,41233568.0
1746756185.5660605,41251872.0
1746756185.5813897,41270176.0
1746756185.5966337,41288480.0
1746756185.611987,41306784.0
1746756185.6271737,41325088.0
1746756185.6423745,41343392.0
1746756185.6575851,41361696.0
1746756185.672924,41380000.0
1746756185.688472,41398304.0
1746756185.7037382,41416608.0
1746756185.7193098,41434912.0
1746756185.734539,41453216.0
1746756185.7497163,41471520.0
1746756185.7650473,41489824.0
1746756185.7802877,41508128.0
1746756185.795464,41526432.0
1746756185.8106995,41544736.0
1746756185.8259604,41563040.0
1746756185.8412306,41581344.0
1746756185.8564823,41599648.0
1746756185.8717117,41617952.0
1746756185.8869553,41636256.0
1746756185.9021668,41654560.0
1746756185.9174716,41672864.0
1746756185.9331167,41691168.0
1746756185.9484274,41709472.0
1746756185.9640543,41727776.0
1746756185.97938,41746080.0
1746756185.9947033,41764384.0
1746756186.010033,41782688.0
1746756186.025308,41800992.0
1746756186.0406728,41819296.0
1746756186.0560114,41837600.0
1746756186.0712867,41855904.0
1746756186.086574,41874208.0
1746756186.10183,41892512.0
1746756186.117117,41910816.0
1746756186.1323643,41929120.0
1746756186.1475353,41947424.0
1746756186.1627958,41965728.0
1746756186.178549,41984032.0
1746756186.1937573,42002336.0
1746756186.2093697,42020640.0
1746756186.2246323,42038944.0
1746756186.2398372,42057248.0
1746756186.2551436,42075552.0
1746756186.2703786,42093856.0
1746756186.2856853,42112160.0
1746756186.3009012,42130464.0
1746756186.3161552,42148768.0
1746756186.3313646,42167072.0
1746756186.3466182,42185376.0
1746756186.3618166,42203680.0
1746756186.377141,42221984.0
1746756186.3923292,42240288.0
1746756186.4075007,42258592.0
1746756186.4232352,42276896.0
1746756186.4384289,42295200.0
1746756186.4546607,42313504.0
1746756186.4699411,42331808.0
1746756186.4851358,42350112.0
1746756186.500363,42368416.0
1746756186.515531,42386720.0
1746756186.5307937,42405024.0
1746756186.5459766,42423328.0
1746756186.561142,42441632.0
1746756186.5762637,42459936.0
1746756186.5915358,42478240.0
1746756186.6068015,42496544.0
1746756186.6219592,42514848.0
1746756186.63711,42533152.0
1746756186.6523435,42551456.0
1746756186.6680207,42569760.0
1746756186.6832979,42588064.0
1746756186.6988606,42606368.0
1746756186.7141533,42624672.0
1746756186.7293432,42642976.0
1746756186.7446344,42661280.0
1746756186.7598724,42679584.0
1746756186.7750149,42697888.0
1746756186.7901824,42716192.0
1746756186.8054526,42734496.0
1746756186.8206701,42752800.0
1746756186.8359973,42771104.0
1746756186.8512561,42789408.0
1746756186.86656,42807712.0
1746756186.881804,42826016.0
1746756186.8971689,42844320.0
1746756186.9129212,42862624.0
1746756186.9282541,42880928.0
1746756186.9438894,42899232.0
1746756186.9591422,42917536.0
1746756186.9743562,42935840.0
1746756186.989567,42954144.0
1746756187.0049298,42972448.0
1746756187.0206616,42990752.0
1746756187.0358298,43009056.0
1746756187.051054,43027360.0
1746756187.0662217,43045664.0
1746756187.0815148,43063968.0
1746756187.0967562,43082272.0
1746756187.112496,43100576.0
1746756187.1277366,43118880.0
1746756187.1430004,43137184.0
1746756187.1585636,43155488.0
1746756187.1737716,43173792.0
1746756187.1894848,43192096.0
1746756187.2048545,43210400.0
1746756187.2201128,43228704.0
1746756187.2353764,43247008.0
1746756187.2506843,43265312.0
1746756187.2659774,43283616.0
1746756187.2812662,43301920.0
1746756187.2965865,43320224.0
1746756187.3118815,43338528.0
1746756187.327105,43356832.0
1746756187.3424416,43375136.0
1746756187.35772,43393440.0
1746756187.3729923,43411744.0
1746756187.3882937,43430048.0
1746756187.4038684,43448352.0
1746756187.4191215,43466656.0
1746756187.4347742,43484960.0
1746756187.4500237,43503264.0
1746756187.4652774,43521568.0
1746756187.4806204,43539872.0
1746756187.4958966,43558176.0
1746756187.5111873,43576480.0
1746756187.5264962,43594784.0
1746756187.5418186,43613088.0
1746756187.5570025,43631392.0
1746756187.5722942,43649696.0
1746756187.5876083,43668000.0
1746756187.6027997,43686304.0
1746756187.618028,43704608.0
1746756187.6330993,43722912.0
1746756187.648619,43741216.0
1746756187.663791,43759520.0
1746756187.6793542,43777824.0
1746756187.694486,43796128.0
1746756187.7097003,43814432.0
1746756187.7247882,43832736.0
1746756187.7398744,43851040.0
1746756187.7550821,43869344.0
1746756187.800654,43887680.0
1746756187.8173053,43906016.0
1746756187.8326876,43924352.0
1746756187.8480966,43942688.0
1746756187.8635185,43961024.0
1746756187.8816478,43979360.0
1746756187.897595,43997696.0
1746756187.9131308,44016032.0
1746756187.9291217,44034368.0
1746756187.944803,44052704.0
1746756187.9608448,44071040.0
1746756187.9765182,44089376.0
1746756187.9921634,44107712.0
1746756188.0078077,44126048.0
1746756188.0234864,44144384.0
1746756188.0391512,44162720.0
1746756188.0547934,44181056.0
1746756188.070372,44199392.0
1746756188.0860782,44217728.0
1746756188.101717,44236064.0
1746756188.1173441,44254400.0
1746756188.1332948,44272736.0
1746756188.1493182,44291072.0
1746756188.164966,44309408.0
1746756188.181088,44327744.0
1746756188.1967862,44346080.0
1746756188.2128632,44364416.0
1746756188.2286038,44382752.0
1746756188.2442656,44401088.0
1746756188.259972,44419424.0
1746756188.275705,44437760.0
1746756188.291438,44456096.0
1746756188.307084,44474432.0
1746756188.3228085,44492768.0
1746756188.3385441,44511104.0
1746756188.3542678,44529440.0
1746756188.370088,44547776.0
1746756188.3856103,44566112.0
1746756188.401445,44584448.0
1746756188.416582,44602784.0
1746756188.4317336,44621120.0
1746756188.4469259,44639456.0
1746756188.4621358,44657792.0
1746756188.477293,44676128.0
1746756188.4924312,44694464.0
1746756188.507603,44712800.0
1746756188.5227358,44731136.0
1746756188.5377703,44749472.0
1746756188.5529463,44767808.0
1746756188.5680957,44786144.0
1746756188.583275,44804480.0
1746756188.5985413,44822816.0
1746756188.6138027,44841152.0
1746756188.6289456,44859488.0
1746756188.6444802,44877824.0
1746756188.6595423,44896160.0
1746756188.6747591,44914496.0
1746756188.6898355,44932832.0
1746756188.7053785,44951168.0
1746756188.7204866,44969504.0
1746756188.7356873,44987840.0
1746756188.7508059,45006176.0
1746756188.7659316,45024512.0
1746756188.8131008,45042912.0
1746756188.8532462,45061312.0
1746756188.869796,45079712.0
1746756188.8890972,45098112.0
1746756188.9045165,45116512.0
1746756188.9200397,45134912.0
1746756188.9356067,45153312.0
1746756188.951665,45171712.0
1746756188.9677067,45190112.0
1746756188.9834101,45208512.0
1746756188.9991386,45226912.0
1746756189.0152805,45245312.0
1746756189.0309978,45263712.0
1746756189.046633,45282112.0
1746756189.0623384,45300512.0
1746756189.0784264,45318912.0
1746756189.0941775,45337312.0
1746756189.1098611,45355712.0
1746756189.1254737,45374112.0
1746756189.1411552,45392512.0
1746756189.1569068,45410912.0
1746756189.1725364,45429312.0
1746756189.1882987,45447712.0
1746756189.2044294,45466112.0
1746756189.220511,45484512.0
1746756189.2362385,45502912.0
1746756189.251938,45521312.0
1746756189.2680771,45539712.0
1746756189.283799,45558112.0
1746756189.2994158,45576512.0
1746756189.3150432,45594912.0
1746756189.3306322,45613312.0
1746756189.3463647,45631712.0
1746756189.362019,45650112.0
1746756189.3777094,45668512.0
1746756189.3934753,45686912.0
1746756189.4091809,45705312.0
1746756189.4247766,45723712.0
1746756189.4405782,45742112.0
1746756189.4568372,45760512.0
1746756189.4728496,45778912.0
1746756189.4891167,45797312.0
1746756189.5048165,45815712.0
1746756189.5208719,45834112.0
1746756189.5365255,45852512.0
1746756189.5522091,45870912.0
1746756189.567831,45889312.0
1746756189.5835419,45907712.0
1746756189.5991616,45926112.0
1746756189.6157575,45944512.0
1746756189.6314576,45962912.0
1746756189.6472833,45981312.0
1746756189.6630578,45999712.0
1746756189.678903,46018112.0
1746756189.6946917,46036512.0
1746756189.711,46054912.0
1746756189.7273095,46073312.0
1746756189.7431037,46091712.0
1746756189.759016,46110112.0
1746756189.7752738,46128512.0
1746756189.7910068,46146912.0
1746756189.8067765,46165312.0
1746756189.8225865,46183712.0
1746756189.838328,46202112.0
1746756189.8541007,46220512.0
1746756189.869832,46238912.0
1746756189.8854702,46257312.0
1746756189.9613369,46276512.0
1746756190.006314,46295712.0
1746756190.0512059,46314912.0
1746756190.0965545,46334112.0
1746756190.1425838,46353312.0
1746756190.1888816,46372512.0
1746756190.235161,46391712.0
1746756190.2816632,46410912.0
1746756190.3290565,46430112.0
1746756190.376448,46449312.0
1746756190.424321,46468512.0
1746756190.4722438,46487712.0
1746756190.5208194,46506912.0
1746756190.5697348,46526112.0
1746756190.6189823,46545312.0
1746756190.6680868,46564512.0
1746756190.7175016,46583712.0
1746756190.767255,46602912.0
1746756190.8173437,46622112.0
1746756190.8678944,46641312.0
1746756190.9190094,46660512.0
1746756190.970508,46679712.0
1746756191.0221188,46698912.0
1746756191.0739582,46718112.0
1746756191.1259875,46737312.0
1746756191.1789947,46756576.0
1746756191.2218106,46775840.0
1746756191.2717195,46795168.0
1746756191.3146465,46814496.0
1746756191.3745654,46834208.0
1746756191.4178934,46853920.0
1746756191.4609277,46873632.0
1746756191.5048904,46893344.0
1746756191.5487173,46913056.0
1746756191.5931633,46932768.0
1746756191.6374345,46952480.0
1746756191.6821396,46972192.0
1746756191.7271724,46991904.0
1746756191.7725458,47011616.0
1746756191.8182983,47031328.0
1746756191.8643208,47051040.0
1746756191.9236996,47070752.0
1746756191.942595,47090464.0
1746756191.9612336,47110176.0
1746756191.9797308,47129888.0
1746756191.998348,47149600.0
1746756192.0175905,47169312.0
1746756192.03623,47189024.0
1746756192.0552502,47208736.0
1746756192.0739596,47228448.0
1746756192.092934,47248160.0
1746756192.1115618,47267872.0
1746756192.130287,47287584.0
1746756192.1489997,47307296.0
1746756192.167621,47327008.0
1746756192.1862428,47346720.0
1746756192.2049384,47366432.0
1746756192.223641,47386144.0
1746756192.242388,47405856.0
1746756192.2610517,47425568.0
1746756192.2797956,47445280.0
1746756192.2985563,47464992.0
1746756192.3179648,47484704.0
1746756192.3367016,47504416.0
1746756192.355755,47524128.0
1746756192.374551,47543840.0
1746756192.3936548,47563552.0
1746756192.4125144,47583264.0
1746756192.4310818,47602976.0
1746756192.4498749,47622688.0
1746756192.4682417,47642400.0
1746756192.486508,47662112.0
1746756192.5048325,47681824.0
1746756192.5231636,47701536.0
1746756192.5415192,47721248.0
1746756192.5598776,47740960.0
1746756192.5781715,47760672.0
1746756192.5965118,47780384.0
1746756192.6154675,47800096.0
1746756192.6338868,47819808.0
1746756192.6523588,47839520.0
1746756192.6708026,47859232.0
1746756192.6895137,47878944.0
1746756192.7078183,47898656.0
1746756192.726226,47918368.0
1746756192.74441,47938080.0
1746756192.7627466,47957792.0
1746756192.7810574,47977504.0
1746756192.799475,47997216.0
1746756192.817664,48016928.0
1746756192.8358378,48036640.0
1746756192.891026,48056640.0
1746756192.9344854,48076640.0
1746756192.978319,48096640.0
1746756193.0230894,48116640.0
1746756193.067489,48136640.0
1746756193.1122959,48156640.0
1746756193.1574523,48176640.0
1746756193.2028995,48196640.0
1746756193.2486165,48216640.0
1746756193.2810304,48236640.0
1746756193.29984,48256640.0
1746756193.3184812,48276640.0
1746756193.3371253,48296640.0
1746756193.355797,48316640.0
1746756193.3748715,48336640.0
1746756193.3934321,48356640.0
1746756193.4120567,48376640.0
1746756193.4307,48396640.0
1746756193.449287,48416640.0
1746756193.46844,48436640.0
1746756193.4870672,48456640.0
1746756193.5056503,48476640.0
1746756193.5242093,48496640.0
1746756193.5428505,48516640.0
1746756193.561508,48536640.0
1746756193.5800998,48556640.0
1746756193.5986476,48576640.0
1746756193.6172278,48596640.0
1746756193.6358535,48616640.0
1746756193.6544437,48636640.0
1746756193.6735628,48656640.0
1746756193.6921003,48676640.0
1746756193.710643,48696640.0
1746756193.7292674,48716640.0
1746756193.7478428,48736640.0
1746756193.7670183,48756640.0
1746756193.7855709,48776640.0
1746756193.804141,48796640.0
1746756193.8226318,48816640.0
1746756193.841184,48836640.0
1746756193.8597014,48856640.0
1746756193.8782778,48876640.0
1746756193.8967912,48896640.0
1746756193.915201,48916640.0
1746756193.9336836,48936640.0
1746756193.9521568,48956640.0
1746756193.9710126,48976640.0
1746756194.0656767,48998592.0
1746756194.1096122,49020544.0
1746756194.1537352,49042496.0
1746756194.1983602,49064448.0
1746756194.2438455,49086400.0
1746756194.2889779,49108352.0
1746756194.3344302,49130304.0
1746756194.380198,49152256.0
1746756194.4262435,49174208.0
1746756194.4726248,49196160.0
1746756194.5200357,49218112.0
1746756194.5671797,49240064.0
1746756194.6145763,49262016.0
1746756194.662275,49283968.0
1746756194.7105129,49305920.0
1746756194.7594151,49327872.0
1746756194.8081431,49349824.0
1746756194.8571613,49371776.0
1746756194.9063582,49393728.0
1746756194.9560916,49415680.0
1746756195.006623,49437632.0
1746756195.0570781,49459584.0
1746756195.107925,49481536.0
1746756195.15911,49503488.0
1746756195.2105892,49525440.0
1746756195.2622032,49547392.0
1746756195.3165033,49569344.0
1746756195.366576,49591296.0
1746756195.417064,49613248.0
1746756195.468058,49635200.0
1746756195.5192628,49657152.0
1746756195.571446,49679104.0
1746756195.623359,49701056.0
1746756195.6755948,49723008.0
1746756195.7282982,49744960.0
1746756195.7812588,49766912.0
1746756195.8350444,49788864.0
1746756195.8887975,49810816.0
1746756195.9429286,49832768.0
1746756195.9971387,49854720.0
1746756196.0523317,49876672.0
1746756196.107653,49898624.0
1746756196.1632252,49920576.0
1746756196.2191079,49942528.0
1746756196.2753928,49964480.0
1746756196.3315868,49986432.0
1746756196.3884299,50008384.0
1746756196.446777,50030336.0
1746756196.5049226,50052288.0
1746756196.563201,50074240.0
1746756196.6215994,50096192.0
1746756196.6799736,50118144.0
1746756196.7383971,50140096.0
1746756196.797617,50162048.0
1746756196.8568122,50184000.0
1746756196.9162984,50205952.0
1746756196.9759574,50227904.0
1746756197.0363095,50249856.0
1746756197.0965798,50271808.0
1746756197.1572886,50293760.0
1746756197.218584,50315712.0
1746756197.2950954,50337728.0
1746756197.3408828,50359744.0
1746756197.3937805,50381792.0
1746756197.568713,50403904.0
1746756197.6625378,50426016.0
1746756197.729189,50448160.0
1746756197.8712623,50470336.0
1746756197.9675686,50493024.0
1746756198.0227404,50515712.0
1746756198.0777507,50538400.0
1746756198.1335711,50561088.0
1746756198.1896574,50583776.0
1746756198.2462082,50606464.0
1746756198.3025997,50629152.0
1746756198.35929,50651840.0
1746756198.416439,50674528.0
1746756198.4743214,50697216.0
1746756198.532548,50719904.0
1746756198.5908895,50742592.0
1746756198.6490524,50765280.0
1746756198.707548,50787968.0
1746756198.7668185,50810656.0
1746756198.8260345,50833344.0
1746756198.8996823,50856032.0
1746756198.9319723,50878720.0
1746756198.963423,50901408.0
1746756199.0355463,50924480.0
1746756199.0924804,50947552.0
1746756199.1498294,50970624.0
1746756199.2068753,50993696.0
1746756199.2643495,51016768.0
1746756199.322285,51039840.0
1746756199.3807714,51062912.0
1746756199.438026,51085984.0
1746756199.4957829,51109056.0
1746756199.5536554,51132128.0
1746756199.6117432,51155200.0
1746756199.6705556,51178272.0
1746756199.7326465,51201344.0
1746756199.7647073,51224416.0
1746756199.7963085,51247488.0
1746756199.8276305,51270560.0
1746756199.8592758,51293632.0
1746756199.8911028,51316704.0
1746756199.9229903,51339776.0
1746756199.9565456,51362848.0
1746756200.0258722,51385952.0
1746756200.0824487,51409088.0
1746756200.1627357,51433152.0
1746756200.212433,51457216.0
1746756200.2627196,51481280.0
1746756200.312878,51505344.0
1746756200.3636594,51529408.0
1746756200.4150043,51553472.0
1746756200.4661396,51577536.0
1746756200.517949,51601600.0
1746756200.5699723,51625664.0
1746756200.6218944,51649728.0
1746756200.6742697,51673792.0
1746756200.7273555,51697856.0
1746756200.780758,51721920.0
1746756200.8339531,51745984.0
1746756200.8873904,51770048.0
1746756200.9411645,51794112.0
1746756200.9952078,51818176.0
1746756201.0497272,51842240.0
1746756201.1049597,51866304.0
1746756201.1601613,51890368.0
1746756201.2159991,51914432.0
1746756201.272135,51938496.0
1746756201.3281503,51962560.0
1746756201.3849204,51986624.0
1746756201.44179,52010688.0
1746756201.498761,52034752.0
1746756201.5560277,52058816.0
1746756201.6139843,52082880.0
1746756201.672321,52106944.0
1746756201.73046,52131008.0
1746756201.783637,52155072.0
1746756201.809913,52179136.0
1746756201.8360276,52203200.0
1746756201.8622231,52227264.0
1746756201.8887181,52251328.0
1746756201.9152796,52275392.0
1746756201.941664,52299456.0
1746756201.9681942,52323520.0
1746756201.9951642,52347584.0
1746756202.0216544,52371648.0
1746756202.0480244,52395712.0
1746756202.0740466,52419776.0
1746756202.1001382,52443840.0
1746756202.1265898,52467904.0
1746756202.1533499,52491968.0
1746756202.1829784,52516032.0
1746756202.2063503,52540096.0
1746756202.2295904,52564160.0
1746756202.2529292,52588224.0
1746756202.276261,52612288.0
1746756202.2998142,52636352.0
1746756202.3235586,52660416.0
1746756202.3471053,52684480.0
1746756202.370848,52708544.0
1746756202.3941414,52732608.0
1746756202.4179196,52756672.0
1746756202.4412148,52780736.0
1746756202.46469,52804800.0
1746756202.4881194,52828864.0
1746756202.5119658,52852928.0
1746756202.535895,52876992.0
1746756202.5592315,52901056.0
1746756202.5825267,52925120.0
1746756202.605791,52949184.0
1746756202.6294425,52973248.0
1746756202.6523883,52997312.0
1746756202.675758,53021376.0
1746756202.6994772,53045440.0
1746756202.722979,53069504.0
1746756202.746481,53093568.0
1746756202.769659,53117632.0
1746756202.793254,53141696.0
1746756202.8164039,53165760.0
1746756202.8394244,53189824.0
1746756202.862537,53213888.0
1746756202.8862262,53237952.0
1746756202.9099627,53262016.0
1746756202.9329824,53286080.0
1746756202.9860764,53310176.0
1746756203.0463233,53334528.0
1746756203.0943923,53358880.0
1746756203.1425078,53383232.0
1746756203.1915436,53407584.0
1746756203.2409406,53431936.0
1746756203.2905753,53456288.0
1746756203.3405364,53480640.0
1746756203.3903458,53504992.0
1746756203.4547458,53529408.0
1746756203.5029905,53553824.0
1746756203.5651233,53578304.0
1746756203.6131988,53602784.0
1746756203.6496582,53627264.0
1746756203.675207,53651744.0
1746756203.6988869,53676224.0
1746756203.7229526,53700704.0
1746756203.7465055,53725184.0
1746756203.770573,53749664.0
1746756203.7942328,53774144.0
1746756203.8183858,53798624.0
1746756203.842604,53823104.0
1746756203.8667076,53847584.0
1746756203.8908324,53872064.0
1746756203.914607,53896544.0
1746756203.9387326,53921024.0
1746756203.962403,53945504.0
1746756203.9860075,53969984.0
1746756204.0096896,53994464.0
1746756204.033804,54018944.0
1746756204.0581048,54043424.0
1746756204.0818832,54067904.0
1746756204.1060426,54092384.0
1746756204.1297,54116864.0
1746756204.1536906,54141344.0
1746756204.1779099,54165824.0
1746756204.2020123,54190304.0
1746756204.2260964,54214784.0
1746756204.2500956,54239264.0
1746756204.2740955,54263744.0
1746756204.298819,54288224.0
1746756204.3228633,54312704.0
1746756204.3463886,54337184.0
1746756204.3700106,54361664.0
1746756204.3937078,54386144.0
1746756204.4177904,54410624.0
1746756204.4419174,54435104.0
1746756204.4655287,54459584.0
1746756204.4895124,54484064.0
1746756204.5131807,54508544.0
1746756204.537239,54533024.0
1746756204.5610504,54557504.0
1746756204.5852537,54581984.0
1746756204.6093984,54606464.0
1746756204.6334562,54630944.0
1746756204.6574953,54655424.0
1746756204.681307,54679904.0
1746756204.705532,54704384.0
1746756204.729366,54728864.0
1746756204.7531273,54753344.0
1746756204.7769558,54777824.0
1746756204.8012085,54802304.0
1746756204.8255973,54826784.0
1746756204.8494148,54851264.0
1746756204.8736353,54875744.0
1746756204.8974864,54900224.0
1746756204.921745,54924704.0
1746756204.9456086,54949184.0
1746756204.9698687,54973664.0
1746756205.028675,54998368.0
1746756205.0774205,55023072.0
1746756205.1263266,55047776.0
1746756205.1752138,55072480.0
1746756205.2248101,55097184.0
1746756205.2744222,55121888.0
1746756205.3242474,55146592.0
1746756205.3701055,55171296.0
1746756205.3953748,55196000.0
1746756205.4205813,55220704.0
1746756205.4452264,55245408.0
1746756205.470432,55270112.0
1746756205.4952707,55294816.0
1746756205.5200558,55319520.0
1746756205.5444887,55344224.0
1746756205.5693526,55368928.0
1746756205.5944185,55393632.0
1746756205.619374,55418336.0
1746756205.644291,55443040.0
1746756205.6687858,55467744.0
1746756205.6938455,55492448.0
1746756205.7183928,55517152.0
1746756205.7428606,55541856.0
1746756205.767432,55566560.0
1746756205.7924142,55591264.0
1746756205.8174903,55615968.0
1746756205.8420587,55640672.0
1746756205.8672926,55665376.0
1746756205.8918254,55690080.0
1746756205.916244,55714784.0
1746756205.9402857,55739488.0
1746756205.9647715,55764192.0
1746756205.9893906,55788896.0
1746756206.0137713,55813600.0
1746756206.0380538,55838304.0
1746756206.062049,55863008.0
1746756206.0864549,55887712.0
1746756206.1103976,55912416.0
1746756206.1342833,55937120.0
1746756206.1582625,55961824.0
1746756206.1826472,55986528.0
1746756206.2071173,56011232.0
1746756206.2311735,56035936.0
1746756206.2557487,56060640.0
1746756206.2802212,56085344.0
1746756206.3046732,56110048.0
1746756206.3289256,56134752.0
1746756206.353446,56159456.0
1746756206.3780413,56184160.0
1746756206.4025426,56208864.0
1746756206.4270692,56233568.0
1746756206.451139,56258272.0
1746756206.4756505,56282976.0
1746756206.4997382,56307680.0
1746756206.5237942,56332384.0
1746756206.5489814,56357088.0
1746756206.572496,56381792.0
1746756206.5961359,56406496.0
1746756206.6193645,56431200.0
1746756206.643198,56455904.0
1746756206.66699,56480608.0
1746756206.6906128,56505312.0
1746756206.7138813,56530016.0
1746756206.738551,56554720.0
1746756206.7625883,56579424.0
1746756206.7860825,56604128.0
1746756206.8095038,56628832.0
1746756206.8325133,56653536.0
1746756206.8558645,56678240.0
1746756206.878849,56702944.0
1746756206.901868,56727648.0
1746756206.924973,56752352.0
1746756206.9484618,56777056.0
1746756206.9719868,56801760.0
1746756206.995087,56826464.0
1746756207.018601,56851168.0
1746756207.0420587,56875872.0
1746756207.0653765,56900576.0
1746756207.088387,56925280.0
1746756207.11127,56949984.0
1746756207.1347816,56974688.0
1746756207.1581883,56999392.0
1746756207.1815286,57024096.0
1746756207.2045915,57048800.0
1746756207.2280102,57073504.0
1746756207.2509542,57098208.0
1746756207.2739708,57122912.0
1746756207.2969577,57147616.0
1746756207.3205106,57172320.0
1746756207.3439953,57197024.0
1746756207.3670506,57221728.0
1746756207.3905346,57246432.0
1746756207.4139793,57271136.0
1746756207.437404,57295840.0
1746756207.4604359,57320544.0
1746756207.4835074,57345248.0
1746756207.5069494,57369952.0
1746756207.5303936,57394656.0
1746756207.553844,57419360.0
1746756207.5776472,57444064.0
1746756207.6009889,57468768.0
1746756207.62426,57493472.0
1746756207.647297,57518176.0
1746756207.6703732,57542880.0
1746756207.6938224,57567584.0
1746756207.7173493,57592288.0
1746756207.7404954,57616992.0
1746756207.7641213,57641696.0
1746756207.7876222,57666400.0
1746756207.8110733,57691104.0
1746756207.8341095,57715808.0
1746756207.8571467,57740512.0
1746756207.8807611,57765216.0
1746756207.9042723,57789920.0
1746756207.9277904,57814624.0
1746756207.9508927,57839328.0
1746756207.9743798,57864032.0
1746756207.9975116,57888736.0
1746756208.0206232,57913440.0
1746756208.0437808,57938144.0
1746756208.0674462,57962848.0
1746756208.0910656,57987552.0
1746756208.1141918,58012256.0
1746756208.137839,58036960.0
1746756208.161425,58061664.0
1746756208.1848707,58086368.0
1746756208.2080865,58111072.0
1746756208.2311993,58135776.0
1746756208.2549016,58160480.0
1746756208.2784824,58185184.0
1746756208.3019907,58209888.0
1746756208.32507,58234592.0
1746756208.3486435,58259296.0
1746756208.37172,58284000.0
1746756208.3948488,58308704.0
1746756208.4180362,58333408.0
1746756208.4416575,58358112.0
1746756208.4653444,58382816.0
1746756208.4885612,58407520.0
1746756208.512179,58432224.0
1746756208.5364132,58456928.0
1746756208.5603313,58481632.0
1746756208.5836806,58506336.0
1746756208.607118,58531040.0
1746756208.6311986,58555744.0
1746756208.654907,58580448.0
1746756208.6800523,58605152.0
1746756208.7021406,58629856.0
1746756208.725488,58654560.0
1746756208.747527,58679264.0
1746756208.7695365,58703968.0
1746756208.7915657,58728672.0
1746756208.8140907,58753376.0
1746756208.8364375,58778080.0
1746756208.8584874,58802784.0
1746756208.8809447,58827488.0
1746756208.9034195,58852192.0
1746756208.9258223,58876896.0
1746756208.9479249,58901600.0
1746756208.9700153,58926304.0
1746756208.9926205,58951008.0
1746756209.0151415,58975712.0
1746756209.037626,59000416.0
1746756209.059662,59025120.0
1746756209.082091,59049824.0
1746756209.1041224,59074528.0
1746756209.1261497,59099232.0
1746756209.1482549,59123936.0
1746756209.170815,59148640.0
1746756209.1932106,59173344.0
1746756209.2153475,59198048.0
1746756209.237897,59222752.0
1746756209.2604246,59247456.0
1746756209.2827568,59272160.0
1746756209.3049018,59296864.0
1746756209.3271942,59321568.0
1746756209.349899,59346272.0
1746756209.3724623,59370976.0
1746756209.3950706,59395680.0
1746756209.4172602,59420384.0
1746756209.4398282,59445088.0
1746756209.462044,59469792.0
1746756209.4842658,59494496.0
1746756209.5063787,59519200.0
1746756209.5289981,59543904.0
1746756209.5515702,59568608.0
1746756209.5736835,59593312.0
1746756209.596231,59618016.0
1746756209.6186736,59642720.0
1746756209.641139,59667424.0
1746756209.663442,59692128.0
1746756209.6853406,59716832.0
1746756209.7077436,59741536.0
1746756209.7298694,59766240.0
1746756209.7522314,59790944.0
1746756209.774295,59815648.0
1746756209.7948308,59840352.0
1746756209.8152146,59865056.0
1746756209.8358152,59889760.0
1746756209.8563123,59914464.0
1746756209.8773005,59939168.0
1746756209.8980708,59963872.0
1746756209.9184077,59988576.0
1746756209.9391909,60013280.0
1746756209.9599626,60037984.0
1746756209.9807487,60062688.0
1746756210.0011356,60087392.0
1746756210.0210593,60112096.0
1746756210.0413978,60136800.0
1746756210.0616891,60161504.0
1746756210.0816305,60186208.0
1746756210.101518,60210912.0
1746756210.1213346,60235616.0
1746756210.1413186,60260320.0
1746756210.1613085,60285024.0
1746756210.181252,60309728.0
1746756210.2015963,60334432.0
1746756210.2215402,60359136.0
1746756210.241552,60383840.0
1746756210.262006,60408544.0
1746756210.2823646,60433248.0
1746756210.302794,60457952.0
1746756210.3227634,60482656.0
1746756210.3427536,60507360.0
1746756210.3631892,60532064.0
1746756210.383594,60556768.0
1746756210.4056594,60581472.0
1746756210.42398,60606176.0
1746756210.4421864,60630880.0
1746756210.4603856,60655584.0
1746756210.4786565,60680288.0
1746756210.497092,60704992.0
1746756210.5153656,60729696.0
1746756210.5333421,60754400.0
1746756210.5512776,60779104.0
1746756210.56964,60803808.0
1746756210.5878668,60828512.0
1746756210.6060817,60853216.0
1746756210.623895,60877920.0
1746756210.641823,60902624.0
1746756210.6596122,60927328.0
1746756210.677364,60952032.0
1746756210.6953566,60976736.0
1746756210.7127383,61001440.0
1746756210.730103,61026144.0
1746756210.7474298,61050848.0
1746756210.7646644,61075552.0
1746756210.7819514,61100256.0
1746756210.7996204,61124960.0
1746756210.8169737,61149664.0
1746756210.8343222,61174368.0
1746756210.852023,61199072.0
1746756210.8697665,61223776.0
1746756210.8875663,61248480.0
1746756210.905065,61273184.0
1746756210.9223945,61297888.0
1746756210.939626,61322592.0
1746756210.9568331,61347296.0
1746756211.0046673,61372032.0
1746756211.0530496,61396800.0
1746756211.101774,61421600.0
1746756211.1292276,61446400.0
1746756211.147991,61471200.0
1746756211.1668065,61496000.0
1746756211.1860647,61520800.0
1746756211.205158,61545600.0
1746756211.2243912,61570400.0
1746756211.2435553,61595200.0
1746756211.262723,61620000.0
1746756211.2818468,61644800.0
1746756211.300496,61669600.0
1746756211.3191574,61694400.0
1746756211.3378232,61719200.0
1746756211.356491,61744000.0
1746756211.3751879,61768800.0
1746756211.3939583,61793600.0
1746756211.4126213,61818400.0
1746756211.4313765,61843200.0
1746756211.4501266,61868000.0
1746756211.4687521,61892800.0
1746756211.4880085,61917600.0
1746756211.507164,61942400.0
1746756211.5264208,61967200.0
1746756211.5455873,61992000.0
1746756211.5646985,62016800.0
1746756211.5837338,62041600.0
1746756211.6023724,62066400.0
1746756211.6210096,62091200.0
1746756211.6397061,62116000.0
1746756211.658464,62140800.0
1746756211.6771624,62165600.0
1746756211.6957977,62190400.0
1746756211.714474,62215200.0
1746756211.7330768,62240000.0
1746756211.7516866,62264800.0
1746756211.7704594,62289600.0
1746756211.7896972,62314400.0
1746756211.8088176,62339200.0
1746756211.8281186,62364000.0
1746756211.8472946,62388800.0
1746756211.8660526,62413600.0
1746756211.884793,62438400.0
1746756211.9031036,62463200.0
1746756211.921561,62488000.0
1746756211.9398594,62512800.0
1746756211.9581556,62537600.0
1746756211.9764006,62562400.0
1746756211.9946232,62587200.0
1746756212.0129972,62612000.0
1746756212.0313416,62636800.0
1746756212.0497255,62661600.0
1746756212.068158,62686400.0
1746756212.0873594,62711200.0
1746756212.1053526,62736000.0
1746756212.1237047,62760800.0
1746756212.1423352,62785600.0
1746756212.160633,62810400.0
1746756212.1785,62835200.0
1746756212.1963794,62860000.0
1746756212.2143834,62884800.0
1746756212.232383,62909600.0
1746756212.2503653,62934400.0
1746756212.2683244,62959200.0
1746756212.286317,62984000.0
1746756212.3043103,63008800.0
1746756212.3223586,63033600.0
1746756212.3403482,63058400.0
1746756212.3584268,63083200.0
1746756212.3769143,63108000.0
1746756212.3948987,63132800.0
1746756212.4133615,63157600.0
1746756212.4318602,63182400.0
1746756212.4501522,63207200.0
1746756212.4680402,63232000.0
1746756212.4858642,63256800.0
1746756212.5037847,63281600.0
1746756212.5218008,63306400.0
1746756212.5397604,63331200.0
1746756212.557828,63356000.0
1746756212.575635,63380800.0
1746756212.5936337,63405600.0
1746756212.6115913,63430400.0
1746756212.629892,63455200.0
1746756212.6472218,63480000.0
1746756212.664976,63504800.0
1746756212.6822588,63529600.0
1746756212.699977,63554400.0
1746756212.7172136,63579200.0
1746756212.734976,63604000.0
1746756212.7521436,63628800.0
1746756212.7694647,63653600.0
1746756212.7865238,63678400.0
1746756212.8037534,63703200.0
1746756212.821014,63728000.0
1746756212.8382804,63752800.0
1746756212.855484,63777600.0
1746756212.8727403,63802400.0
1746756212.8898675,63827200.0
1746756212.9071681,63852000.0
1746756212.9244063,63876800.0
1746756212.9421568,63901600.0
1746756212.9593284,63926400.0
1746756212.977066,63951200.0
1746756212.9943287,63976000.0
1746756213.0120895,64000800.0
1746756213.0292795,64025600.0
1746756213.0464344,64050400.0
1746756213.063645,64075200.0
1746756213.080841,64100000.0
1746756213.0981007,64124800.0
1746756213.1153228,64149600.0
1746756213.132596,64174400.0
1746756213.1498642,64199200.0
1746756213.1670384,64224000.0
1746756213.1843216,64248800.0
1746756213.2016137,64273600.0
1746756213.2194388,64298400.0
1746756213.236793,64323200.0
1746756213.254539,64348000.0
1746756213.271806,64372800.0
1746756213.289456,64397600.0
1746756213.306609,64422400.0
1746756213.3236947,64447200.0
1746756213.3409162,64472000.0
1746756213.35809,64496800.0
1746756213.37532,64521600.0
1746756213.3921304,64546400.0
1746756213.4089777,64571200.0
1746756213.425803,64596000.0
1746756213.4426699,64620800.0
1746756213.4595728,64645600.0
1746756213.47651,64670400.0
1746756213.4938784,64695200.0
1746756213.5107856,64720000.0
1746756213.5280836,64744800.0
1746756213.5449796,64769600.0
1746756213.5624373,64794400.0
1746756213.5805454,64819200.0
1746756213.5975332,64844000.0
1746756213.614405,64868800.0
1746756213.6312177,64893600.0
1746756213.648018,64918400.0
1746756213.664938,64943200.0
1746756213.681931,64968000.0
1746756213.6988952,64992800.0
1746756213.7158115,65017600.0
1746756213.7339664,65042400.0
1746756213.749965,65067200.0
1746756213.766167,65092000.0
1746756213.7821143,65116800.0
1746756213.7981796,65141600.0
1746756213.8141105,65166400.0
1746756213.8305478,65191200.0
1746756213.8466587,65216000.0
1746756213.8628447,65240800.0
1746756213.8788667,65265600.0
1746756213.894839,65290400.0
1746756213.9107785,65315200.0
1746756213.9267113,65340000.0
1746756213.9426568,65364800.0
1746756213.9585433,65389600.0
1746756213.9744806,65414400.0
1746756213.9904335,65439200.0
1746756214.0064278,65464000.0
1746756214.0228798,65488800.0
1746756214.0388484,65513600.0
1746756214.0552986,65538400.0
1746756214.0713089,65563200.0
1746756214.0878074,65588000.0
1746756214.103832,65612800.0
1746756214.1197805,65637600.0
1746756214.135856,65662400.0
1746756214.1518536,65687200.0
1746756214.1677818,65712000.0
1746756214.1838343,65736800.0
1746756214.199887,65761600.0
1746756214.2159665,65786400.0
1746756214.2319627,65811200.0
1746756214.2479904,65836000.0
1746756214.2640736,65860800.0
1746756214.2805884,65885600.0
1746756214.2965631,65910400.0
1746756214.3129203,65935200.0
1746756214.328951,65960000.0
1746756214.3455095,65984800.0
1746756214.3615515,66009600.0
1746756214.3775804,66034400.0
1746756214.3936,66059200.0
1746756214.4096553,66084000.0
1746756214.425663,66108800.0
1746756214.4418306,66133600.0
1746756214.457889,66158400.0
1746756214.4740868,66183200.0
1746756214.4901483,66208000.0
1746756214.5062068,66232800.0
1746756214.5222316,66257600.0
1746756214.5386202,66282400.0
1746756214.5546455,66307200.0
1746756214.5710454,66332000.0
1746756214.5869305,66356800.0
1746756214.6033864,66381600.0
1746756214.6193461,66406400.0
1746756214.635305,66431200.0
1746756214.6513236,66456000.0
1746756214.667347,66480800.0
1746756214.6832747,66505600.0
1746756214.699324,66530400.0
1746756214.7152646,66555200.0
1746756214.731285,66580000.0
1746756214.7472968,66604800.0
1746756214.7633202,66629600.0
1746756214.779338,66654400.0
1746756214.795809,66679200.0
1746756214.811854,66704000.0
1746756214.8283007,66728800.0
1746756214.844309,66753600.0
1746756214.8607414,66778400.0
1746756214.8767636,66803200.0
1746756214.8928509,66828000.0
1746756214.9089224,66852800.0
1746756214.9249854,66877600.0
1746756214.9410868,66902400.0
1746756214.9572017,66927200.0
1746756214.9732194,66952000.0
1746756214.9893203,66976800.0
1746756215.0053937,67001600.0
1746756215.0215828,67026400.0
1746756215.0376067,67051200.0
1746756215.0541496,67076000.0
1746756215.0702765,67100800.0
1746756215.086822,67125600.0
1746756215.1028633,67150400.0
1746756215.1195126,67175200.0
1746756215.135523,67200000.0
1746756215.1516354,67224800.0
1746756215.1675868,67249600.0
1746756215.1837282,67274400.0
1746756215.1998353,67299200.0
1746756215.2159226,67324000.0
1746756215.232009,67348800.0
1746756215.2479894,67373600.0
1746756215.2640395,67398400.0
1746756215.280085,67423200.0
1746756215.2963321,67448000.0
1746756215.313645,67472800.0
1746756215.3298316,67497600.0
1746756215.346436,67522400.0
1746756215.362653,67547200.0
1746756215.3794112,67572000.0
1746756215.395573,67596800.0
1746756215.4118543,67621600.0
1746756215.4282293,67646400.0
1746756215.4445765,67671200.0
1746756215.4607549,67696000.0
1746756215.4770665,67720800.0
1746756215.4932916,67745600.0
1746756215.5094807,67770400.0
1746756215.5257392,67795200.0
1746756215.5420249,67820000.0
1746756215.5582917,67844800.0
1746756215.5749986,67869600.0
1746756215.5911915,67894400.0
1746756215.607881,67919200.0
1746756215.6241577,67944000.0
1746756215.640852,67968800.0
1746756215.6571026,67993600.0
1746756215.673392,68018400.0
1746756215.689622,68043200.0
1746756215.7058923,68068000.0
1746756215.722116,68092800.0
1746756215.7383683,68117600.0
1746756215.7545674,68142400.0
1746756215.7708473,68167200.0
1746756215.7870858,68192000.0
1746756215.8033328,68216800.0
1746756215.819545,68241600.0
1746756215.8362873,68266400.0
1746756215.8523636,68291200.0
1746756215.8689053,68316000.0
1746756215.8849764,68340800.0
1746756215.9015186,68365600.0
1746756215.9176302,68390400.0
1746756215.9338253,68415200.0
1746756215.9500427,68440000.0
1746756215.9662945,68464800.0
1746756215.9825168,68489600.0
1746756215.99874,68514400.0
1746756216.014942,68539200.0
1746756216.0312686,68564000.0
1746756216.0474775,68588800.0
1746756216.0637395,68613600.0
1746756216.0799885,68638400.0
1746756216.096717,68663200.0
1746756216.1129653,68688000.0
1746756216.1295998,68712800.0
1746756216.1457176,68737600.0
1746756216.1624897,68762400.0
1746756216.178703,68787200.0
1746756216.1949952,68812000.0
1746756216.21124,68836800.0
1746756216.2273626,68861600.0
1746756216.2435732,68886400.0
1746756216.259811,68911200.0
1746756216.2759793,68936000.0
1746756216.292093,68960800.0
1746756216.3082342,68985600.0
1746756216.3245125,69010400.0
1746756216.3407447,69035200.0
1746756216.3574615,69060000.0
1746756216.3736358,69084800.0
1746756216.3903284,69109600.0
1746756216.4065728,69134400.0
1746756216.423364,69159200.0
1746756216.439504,69184000.0
1746756216.4557815,69208800.0
1746756216.471984,69233600.0
1746756216.488239,69258400.0
1746756216.5044131,69283200.0
1746756216.5207415,69308000.0
1746756216.5369,69332800.0
1746756216.5531204,69357600.0
1746756216.5692976,69382400.0
1746756216.5855103,69407200.0
1746756216.6016276,69432000.0
1746756216.6183147,69456800.0
1746756216.6344573,69481600.0
1746756216.6511233,69506400.0
1746756216.667356,69531200.0
1746756216.6840503,69556000.0
1746756216.7002785,69580800.0
1746756216.7165875,69605600.0
1746756216.73278,69630400.0
1746756216.7489982,69655200.0
1746756216.765155,69680000.0
1746756216.7813487,69704800.0
1746756216.7975695,69729600.0
1746756216.8137956,69754400.0
1746756216.8299353,69779200.0
1746756216.846112,69804000.0
1746756216.8622923,69828800.0
1746756216.879051,69853600.0
1746756216.895275,69878400.0
1746756216.912031,69903200.0
1746756216.928242,69928000.0
1746756216.945065,69952800.0
1746756216.9613755,69977600.0
1746756216.9776094,70002400.0
1746756216.9937928,70027200.0
1746756217.010017,70052000.0
1746756217.026296,70076800.0
1746756217.0426116,70101600.0
1746756217.058836,70126400.0
1746756217.0750844,70151200.0
1746756217.0913723,70176000.0
1746756217.1076407,70200800.0
1746756217.1239429,70225600.0
1746756217.1411338,70250400.0
1746756217.1573484,70275200.0
1746756217.1741023,70300000.0
1746756217.190301,70324800.0
1746756217.207125,70349600.0
1746756217.2233217,70374400.0
1746756217.2396388,70399200.0
1746756217.2558367,70424000.0
1746756217.2719893,70448800.0
1746756217.288177,70473600.0
1746756217.3043702,70498400.0
1746756217.3205922,70523200.0
1746756217.3367715,70548000.0
1746756217.3529322,70572800.0
1746756217.3692014,70597600.0
1746756217.385456,70622400.0
1746756217.4021752,70647200.0
1746756217.4184601,70672000.0
1746756217.435241,70696800.0
1746756217.4514778,70721600.0
1746756217.468244,70746400.0
1746756217.4843974,70771200.0
1746756217.50063,70796000.0
1746756217.5168357,70820800.0
1746756217.5330765,70845600.0
1746756217.549276,70870400.0
1746756217.5655384,70895200.0
1746756217.5817053,70920000.0
1746756217.5978854,70944800.0
1746756217.6140537,70969600.0
1746756217.6301885,70994400.0
1746756217.6462855,71019200.0
1746756217.6629686,71044000.0
1746756217.6792388,71068800.0
1746756217.6959343,71093600.0
1746756217.7121916,71118400.0
1746756217.7288544,71143200.0
1746756217.7449758,71168000.0
1746756217.7610815,71192800.0
1746756217.777251,71217600.0
1746756217.7934058,71242400.0
1746756217.8095324,71267200.0
1746756217.8256607,71292000.0
1746756217.841775,71316800.0
1746756217.8579698,71341600.0
1746756217.8741386,71366400.0
1746756217.890295,71391200.0
1746756217.906439,71416000.0
1746756217.9231274,71440800.0
1746756217.9393153,71465600.0
1746756217.9559634,71490400.0
1746756217.972121,71515200.0
1746756218.0196888,71540064.0
1746756218.0608392,71564928.0
1746756218.1092231,71589856.0
1746756218.1506855,71614784.0
1746756218.1758711,71639712.0
1746756218.193115,71664640.0
1746756218.2103198,71689568.0
1746756218.2279875,71714496.0
1746756218.2450712,71739424.0
1746756218.262753,71764352.0
1746756218.279851,71789280.0
1746756218.2968931,71814208.0
1746756218.3143408,71839136.0
1746756218.3314652,71864064.0
1746756218.3489819,71888992.0
1746756218.366218,71913920.0
1746756218.3837645,71938848.0
1746756218.4008698,71963776.0
1746756218.4179292,71988704.0
1746756218.4350238,72013632.0
1746756218.4522057,72038560.0
1746756218.4693704,72063488.0
1746756218.4864404,72088416.0
1746756218.5040886,72113344.0
1746756218.5212252,72138272.0
1746756218.5389278,72163200.0
1746756218.5561,72188128.0
1746756218.5731766,72213056.0
1746756218.5909808,72237984.0
1746756218.6077175,72262912.0
1746756218.6247344,72287840.0
1746756218.6415312,72312768.0
1746756218.6587756,72337696.0
1746756218.675593,72362624.0
1746756218.6923869,72387552.0
1746756218.7093227,72412480.0
1746756218.72621,72437408.0
1746756218.7430954,72462336.0
1746756218.7598784,72487264.0
1746756218.7772892,72512192.0
1746756218.7942157,72537120.0
1746756218.8115177,72562048.0
1746756218.8283658,72586976.0
1746756218.8451934,72611904.0
1746756218.8624742,72636832.0
1746756218.8793778,72661760.0
1746756218.8966537,72686688.0
1746756218.9134166,72711616.0
1746756218.9307263,72736544.0
1746756218.947539,72761472.0
1746756218.9643364,72786400.0
1746756218.9812,72811328.0
1746756218.9979994,72836256.0
1746756219.01481,72861184.0
1746756219.0316515,72886112.0
1746756219.0490844,72911040.0
1746756219.0659692,72935968.0
1746756219.0832171,72960896.0
1746756219.1000288,72985824.0
1746756219.116939,73010752.0
1746756219.1359663,73035680.0
1746756219.1529849,73060608.0
1746756219.1703155,73085536.0
1746756219.1871927,73110464.0
1746756219.2046254,73135392.0
1746756219.221616,73160320.0
1746756219.2384727,73185248.0
1746756219.255321,73210176.0
1746756219.2722242,73235104.0
1746756219.2891057,73260032.0
1746756219.305909,73284960.0
1746756219.323191,73309888.0
1746756219.340023,73334816.0
1746756219.3572433,73359744.0
1746756219.3740177,73384672.0
1746756219.3907611,73409600.0
1746756219.4080846,73434528.0
1746756219.4249833,73459456.0
1746756219.442258,73484384.0
1746756219.4592516,73509312.0
1746756219.4766557,73534240.0
1746756219.4934883,73559168.0
1746756219.5102923,73584096.0
1746756219.5271711,73609024.0
1746756219.5440552,73633952.0
1746756219.5609474,73658880.0
1746756219.57778,73683808.0
1746756219.5950692,73708736.0
1746756219.6118925,73733664.0
1746756219.6292956,73758592.0
1746756219.6461992,73783520.0
1746756219.6630917,73808448.0
1746756219.6804173,73833376.0
1746756219.6972938,73858304.0
1746756219.714582,73883232.0
1746756219.7315233,73908160.0
1746756219.7490892,73933088.0
1746756219.765808,73958016.0
1746756219.7826385,73982944.0
1746756219.7990525,74007872.0
1746756219.8155563,74032800.0
1746756219.83201,74057728.0
1746756219.8484766,74082656.0
1746756219.8650272,74107584.0
1746756219.8813925,74132512.0
1746756219.897893,74157440.0
1746756219.9141543,74182368.0
1746756219.9304194,74207296.0
1746756219.946757,74232224.0
1746756219.963101,74257152.0
1746756220.0098226,74282112.0
1746756220.0277097,74307072.0
1746756220.0448992,74332032.0
1746756220.0654874,74356992.0
1746756220.0822747,74381952.0
1746756220.0990348,74406912.0
1746756220.1162822,74431872.0
1746756220.1330447,74456832.0
1746756220.150221,74481792.0
1746756220.167379,74506752.0
1746756220.184184,74531712.0
1746756220.2013555,74556672.0
1746756220.2181098,74581632.0
1746756220.2349184,74606592.0
1746756220.2516148,74631552.0
1746756220.2684624,74656512.0
1746756220.2853043,74681472.0
1746756220.3019986,74706432.0
1746756220.319188,74731392.0
1746756220.3359191,74756352.0
1746756220.352586,74781312.0
1746756220.3692749,74806272.0
1746756220.3864746,74831232.0
1746756220.4032745,74856192.0
1746756220.4205737,74881152.0
1746756220.4378188,74906112.0
1746756220.4546182,74931072.0
1746756220.4718711,74956032.0
1746756220.4887629,74980992.0
1746756220.5054908,75005952.0
1746756220.522308,75030912.0
1746756220.5391076,75055872.0
1746756220.5558045,75080832.0
1746756220.572666,75105792.0
1746756220.5898788,75130752.0
1746756220.6067371,75155712.0
1746756220.623507,75180672.0
1746756220.6401577,75205632.0
1746756220.6573772,75230592.0
1746756220.6741917,75255552.0
1746756220.691446,75280512.0
1746756220.7087197,75305472.0
1746756220.7256129,75330432.0
1746756220.7428222,75355392.0
1746756220.7595472,75380352.0
1746756220.7763047,75405312.0
1746756220.7930593,75430272.0
1746756220.8099523,75455232.0
1746756220.8267944,75480192.0
1746756220.843615,75505152.0
1746756220.8609254,75530112.0
1746756220.8776603,75555072.0
1746756220.8944309,75580032.0
1746756220.911202,75604992.0
1746756220.9283824,75629952.0
1746756220.9450767,75654912.0
1746756220.9621449,75679872.0
1746756220.9792924,75704832.0
1746756221.0292099,75729920.0
1746756221.0712368,75755008.0
1746756221.113139,75780096.0
1746756221.1554825,75805184.0
1746756221.2097883,75830304.0
1746756221.2319674,75855424.0
1746756221.2499902,75880544.0
1746756221.2680295,75905664.0
1746756221.2864547,75930784.0
1746756221.304772,75955904.0
1746756221.3231478,75981024.0
1746756221.34097,76006144.0
1746756221.3592138,76031264.0
1746756221.3770316,76056384.0
1746756221.3953283,76081504.0
1746756221.4138021,76106624.0
1746756221.4317398,76131744.0
1746756221.4501173,76156864.0
1746756221.4681,76181984.0
1746756221.4860458,76207104.0
1746756221.5040133,76232224.0
1746756221.5219777,76257344.0
1746756221.5399985,76282464.0
1746756221.5579288,76307584.0
1746756221.5763109,76332704.0
1746756221.5945969,76357824.0
1746756221.612893,76382944.0
1746756221.630668,76408064.0
1746756221.6490257,76433184.0
1746756221.666871,76458304.0
1746756221.6850986,76483424.0
1746756221.7032585,76508544.0
1746756221.7211046,76533664.0
1746756221.739403,76558784.0
1746756221.7572184,76583904.0
1746756221.7749677,76609024.0
1746756221.7928169,76634144.0
1746756221.8106332,76659264.0
1746756221.8284647,76684384.0
1746756221.8463278,76709504.0
1746756221.864723,76734624.0
1746756221.8830574,76759744.0
1746756221.901466,76784864.0
1746756221.9193819,76809984.0
1746756221.937658,76835104.0
1746756221.9554522,76860224.0
1746756221.9737568,76885344.0
1746756221.992035,76910464.0
1746756222.0098603,76935584.0
1746756222.0281408,76960704.0
1746756222.045919,76985824.0
1746756222.063725,77010944.0
1746756222.0816388,77036064.0
1746756222.0994558,77061184.0
1746756222.1173599,77086304.0
1746756222.1352122,77111424.0
1746756222.1536734,77136544.0
1746756222.1720657,77161664.0
1746756222.1903713,77186784.0
1746756222.2082586,77211904.0
1746756222.2265437,77237024.0
1746756222.2444937,77262144.0
1746756222.2628074,77287264.0
1746756222.2810788,77312384.0
1746756222.298894,77337504.0
1746756222.3172317,77362624.0
1746756222.3349104,77387744.0
1746756222.352393,77412864.0
1746756222.3700252,77437984.0
1746756222.3879218,77463104.0
1746756222.4058514,77488224.0
1746756222.424158,77513344.0
1746756222.4437337,77538464.0
1746756222.4620907,77563584.0
1746756222.480421,77588704.0
1746756222.4983046,77613824.0
1746756222.5165606,77638944.0
1746756222.5342891,77664064.0
1746756222.5524018,77689184.0
1746756222.570476,77714304.0
1746756222.58817,77739424.0
1746756222.606194,77764544.0
1746756222.6239214,77789664.0
1746756222.6417377,77814784.0
1746756222.6595893,77839904.0
1746756222.6774597,77865024.0
1746756222.6953087,77890144.0
1746756222.7132647,77915264.0
1746756222.7317417,77940384.0
1746756222.7501705,77965504.0
1746756222.7685435,77990624.0
1746756222.786418,78015744.0
1746756222.8047693,78040864.0
1746756222.8226023,78065984.0
1746756222.8409004,78091104.0
1746756222.8591557,78116224.0
1746756222.8770673,78141344.0
1746756222.89531,78166464.0
1746756222.9132562,78191584.0
1746756222.931069,78216704.0
1746756222.948944,78241824.0
1746756222.9667704,78266944.0
1746756222.9846056,78292064.0
1746756223.0024743,78317184.0
1746756223.0208914,78342304.0
1746756223.0392568,78367424.0
1746756223.0576038,78392544.0
1746756223.0755265,78417664.0
1746756223.0938659,78442784.0
1746756223.1719558,78468992.0
1746756223.2148647,78495200.0
1746756223.258049,78521408.0
1746756223.3011603,78547616.0
1746756223.3450332,78573824.0
1746756223.3888092,78600032.0
1746756223.4329681,78626240.0
1746756223.4776177,78652448.0
1746756223.5224118,78678656.0
1746756223.5676057,78704864.0
1746756223.613262,78731072.0
1746756223.6599495,78757280.0
1746756223.7068868,78783488.0
1746756223.7540565,78809696.0
1746756223.8011196,78835904.0
1746756223.8488019,78862112.0
1746756223.8965216,78888320.0
1746756223.9450011,78914528.0
1746756223.9937432,78940736.0
1746756224.0423317,78966944.0
1746756224.091892,78993152.0
1746756224.1413176,79019360.0
1746756224.1910067,79045568.0
1746756224.2412493,79071776.0
1746756224.2916687,79097984.0
1746756224.3425145,79124192.0
1746756224.39371,79150400.0
1746756224.4461617,79176608.0
1746756224.4984593,79202816.0
1746756224.551119,79229024.0
1746756224.6036146,79255232.0
1746756224.6568239,79281440.0
1746756224.7100239,79307648.0
1746756224.7640328,79333856.0
1746756224.8567889,79360064.0
1746756224.9429793,79387680.0
1746756224.9885132,79415296.0
1746756225.0339239,79442912.0
1746756225.0798502,79470528.0
1746756225.126081,79498144.0
1746756225.1723938,79525760.0
1746756225.2184145,79553376.0
1746756225.264764,79580992.0
1746756225.3119526,79608608.0
1746756225.3593192,79636224.0
1746756225.407108,79663840.0
1746756225.4548323,79691456.0
1746756225.5030901,79719072.0
1746756225.5513678,79746688.0
1746756225.6001852,79774304.0
1746756225.649186,79801920.0
1746756225.698532,79829536.0
1746756225.748328,79857152.0
1746756225.798411,79884768.0
1746756225.848831,79912384.0
1746756225.900158,79940000.0
1746756225.9510217,79967616.0
1746756226.0022922,79995232.0
1746756226.0540466,80022848.0
1746756226.1067739,80050464.0
1746756226.1595979,80078080.0
1746756226.21283,80105696.0
1746756226.266014,80133312.0
1746756226.319884,80160928.0
1746756226.3735843,80188544.0
1746756226.4281044,80216160.0
1746756226.4827166,80243776.0
1746756226.5373657,80271392.0
1746756226.5924938,80299008.0
1746756226.6476486,80326624.0
1746756226.7031777,80354240.0
1746756226.75944,80381856.0
1746756226.8156571,80409472.0
1746756226.872198,80437088.0
1746756226.9292488,80464704.0
1746756226.986897,80492320.0
1746756227.0445852,80519936.0
1746756227.1027656,80547552.0
1746756227.1606052,80575168.0
1746756227.2595067,80602880.0
1746756227.3090312,80630592.0
1746756227.358677,80658304.0
1746756227.4226844,80686400.0
1746756227.470473,80714496.0
1746756227.5188134,80742592.0
1746756227.5670326,80770688.0
1746756227.61557,80798784.0
1746756227.6649313,80826880.0
1746756227.7141597,80854976.0
1746756227.763615,80883072.0
1746756227.8134556,80911168.0
1746756227.8640025,80939264.0
1746756227.914841,80967360.0
1746756227.9658096,80995456.0
1746756228.0322092,81023616.0
1746756228.0813992,81051776.0
1746756228.1672876,81080000.0
1746756228.22041,81108224.0
1746756228.2784638,81136480.0
1746756228.3685763,81164960.0
1746756228.4196389,81193440.0
1746756228.471302,81221920.0
1746756228.5227246,81250400.0
1746756228.574998,81278880.0
1746756228.6274965,81307360.0
1746756228.6799536,81335840.0
1746756228.746781,81364384.0
1746756228.7979932,81392928.0
1746756228.8570967,81421504.0
1746756228.9172199,81450080.0
1746756228.9445138,81478656.0
1746756228.9720793,81507232.0
1746756228.9991572,81535808.0
1746756229.0267313,81564384.0
1746756229.0545537,81592960.0
1746756229.0820096,81621536.0
1746756229.1433437,81650176.0
1746756229.1930897,81678816.0
1746756229.2525573,81707584.0
1746756229.3026137,81736352.0
1746756229.3527665,81765120.0
1746756229.4029007,81793888.0
1746756229.463303,81822688.0
1746756229.527744,81851808.0
1746756229.5789208,81880928.0
1746756229.6297667,81910048.0
1746756229.6803615,81939168.0
1746756229.731759,81968288.0
1746756229.7832887,81997408.0
1746756229.8351903,82026528.0
1746756229.8875706,82055648.0
1746756229.9401002,82084768.0
1746756229.9924748,82113888.0
1746756230.0619726,82143008.0
1746756230.0958862,82172128.0
1746756230.1558442,82201344.0
1746756230.2068427,82230560.0
1746756230.2578278,82259776.0
1746756230.2960367,82288992.0
1746756230.32357,82318208.0
1746756230.3508084,82347424.0
1746756230.37798,82376640.0
1746756230.4048731,82405856.0
1746756230.4322786,82435072.0
1746756230.4595177,82464288.0
1746756230.4867394,82493504.0
1746756230.514096,82522720.0
1746756230.5413291,82551936.0
1746756230.5684586,82581152.0
1746756230.595064,82610368.0
1746756230.6215324,82639584.0
1746756230.6484852,82668800.0
1746756230.675268,82698016.0
1746756230.7017016,82727232.0
1746756230.728618,82756448.0
1746756230.755531,82785664.0
1746756230.7823346,82814880.0
1746756230.8091629,82844096.0
1746756230.835623,82873312.0
1746756230.8626957,82902528.0
1746756230.8895798,82931744.0
1746756230.9165394,82960960.0
1746756230.9432645,82990176.0
1746756230.9699686,83019392.0
1746756230.9963388,83048608.0
1746756231.0230646,83077824.0
1746756231.0493205,83107040.0
1746756231.0760982,83136256.0
1746756231.1026964,83165472.0
1746756231.166289,83194720.0
1746756231.1950035,83223968.0
1746756231.2223005,83253216.0
1746756231.2560487,83282464.0
1746756231.2838042,83311712.0
1746756231.3107831,83340960.0
1746756231.3384464,83370208.0
1746756231.3649395,83399456.0
1746756231.390962,83428704.0
1746756231.417261,83457952.0
1746756231.4434822,83487200.0
1746756231.4701214,83516448.0
1746756231.4955306,83545696.0
1746756231.5209363,83574944.0
1746756231.5465662,83604192.0
1746756231.572435,83633440.0
1746756231.5972915,83662688.0
1746756231.6222517,83691936.0
1746756231.6476846,83721184.0
1746756231.6733747,83750432.0
1746756231.698069,83779680.0
1746756231.7224011,83808928.0
1746756231.7472281,83838176.0
1746756231.771896,83867424.0
1746756231.7961612,83896672.0
1746756231.8209662,83925920.0
1746756231.8457189,83955168.0
1746756231.8701587,83984416.0
1746756231.8949056,84013664.0
1746756231.9201899,84042912.0
1746756231.9443183,84072160.0
1746756231.9683828,84101408.0
1746756231.9920232,84130656.0
1746756232.015918,84159904.0
1746756232.0400512,84189152.0
1746756232.0641923,84218400.0
1746756232.0882964,84247648.0
1746756232.1120427,84276896.0
1746756232.136287,84306144.0
1746756232.160342,84335392.0
1746756232.239233,84365728.0
1746756232.287899,84396064.0
1746756232.3367028,84426400.0
1746756232.3854773,84456736.0
1746756232.4349387,84487072.0
1746756232.4843385,84517408.0
1746756232.534579,84547744.0
1746756232.585023,84578080.0
1746756232.6355317,84608416.0
1746756232.6867235,84638752.0
1746756232.738352,84669088.0
1746756232.7902222,84699424.0
1746756232.8422713,84729760.0
1746756232.8942869,84760096.0
1746756232.9470613,84790432.0
1746756232.9998596,84820768.0
1746756233.0527515,84851104.0
1746756233.1064184,84881440.0
1746756233.160323,84911776.0
1746756233.2142575,84942112.0
1746756233.268873,84972448.0
1746756233.3234372,85002784.0
1746756233.3786376,85033120.0
1746756233.434245,85063456.0
1746756233.4897013,85093792.0
1746756233.5459216,85124128.0
1746756233.6050506,85154464.0
1746756233.659584,85184800.0
1746756233.7148898,85215136.0
1746756233.7696462,85245472.0
1746756233.825226,85275808.0
1746756233.8810225,85306144.0
1746756233.9365695,85336480.0
1746756233.992943,85366816.0
1746756234.0495265,85397152.0
1746756234.1629481,85427616.0
1746756234.2118948,85458080.0
1746756234.26034,85488544.0
1746756234.3095517,85519008.0
1746756234.3463817,85549472.0
1746756234.3710718,85579936.0
1746756234.395553,85610400.0
1746756234.4202259,85640864.0
1746756234.4447746,85671328.0
1746756234.4693973,85701792.0
1746756234.4936182,85732256.0
1746756234.518247,85762720.0
1746756234.542733,85793184.0
1746756234.566874,85823648.0
1746756234.5915282,85854112.0
1746756234.6160748,85884576.0
1746756234.640272,85915040.0
1746756234.6648822,85945504.0
1746756234.6890657,85975968.0
1746756234.7136083,86006432.0
1746756234.7382088,86036896.0
1746756234.7628133,86067360.0
1746756234.7873344,86097824.0
1746756234.8119638,86128288.0
1746756234.8364952,86158752.0
1746756234.861116,86189216.0
1746756234.8852243,86219680.0
1746756234.9101067,86250144.0
1746756234.934683,86280608.0
1746756234.9589238,86311072.0
1746756234.9835458,86341536.0
1746756235.0080955,86372000.0
1746756235.032317,86402464.0
1746756235.0569105,86432928.0
1746756235.0811946,86463392.0
1746756235.1058133,86493856.0
1746756235.1303213,86524320.0
1746756235.1549053,86554784.0
1746756235.1795247,86585248.0
1746756235.2041852,86615712.0
1746756235.2288377,86646176.0
1746756235.25398,86676640.0
1746756235.2777195,86707104.0
1746756235.3019707,86737568.0
1746756235.3260396,86768032.0
1746756235.350243,86798496.0
1746756235.3743043,86828960.0
1746756235.3985221,86859424.0
1746756235.4224741,86889888.0
1746756235.446739,86920352.0
1746756235.4706862,86950816.0
1746756235.49496,86981280.0
1746756235.5193048,87011744.0
1746756235.5435975,87042208.0
1746756235.5678449,87072672.0
1746756235.592206,87103136.0
1746756235.6165311,87133600.0
1746756235.6405566,87164064.0
1746756235.6646457,87194528.0
1746756235.6889117,87224992.0
1746756235.7129536,87255456.0
1746756235.7367773,87285920.0
1746756235.76102,87316384.0
1746756235.7851534,87346848.0
1746756235.8089888,87377312.0
1746756235.833723,87407776.0
1746756235.8569114,87438240.0
1746756235.880196,87468704.0
1746756235.9037397,87499168.0
1746756235.9273055,87529632.0
1746756235.9508173,87560096.0
1746756235.9743946,87590560.0
1746756235.9975622,87621024.0
1746756236.0208042,87651488.0
1746756236.0444303,87681952.0
1746756236.0670047,87712416.0
1746756236.0893168,87742880.0
1746756236.1436224,87773408.0
1746756236.1916425,87803936.0
1746756236.2482383,87834528.0
1746756236.2962716,87865120.0
1746756236.3290012,87895712.0
1746756236.352919,87926304.0
1746756236.3769805,87956896.0
1746756236.4012108,87987488.0
1746756236.4254284,88018080.0
1746756236.4496388,88048672.0
1746756236.473762,88079264.0
1746756236.4974775,88109856.0
1746756236.521296,88140448.0
1746756236.54513,88171040.0
1746756236.5694275,88201632.0
1746756236.593548,88232224.0
1746756236.6173987,88262816.0
1746756236.6415982,88293408.0
1746756236.6657147,88324000.0
1746756236.6895375,88354592.0
1746756236.7137024,88385184.0
1746756236.7375348,88415776.0
1746756236.761777,88446368.0
1746756236.7860076,88476960.0
1746756236.81024,88507552.0
1746756236.8345342,88538144.0
1746756236.8591106,88568736.0
1746756236.8827114,88599328.0
1746756236.9064176,88629920.0
1746756236.929925,88660512.0
1746756236.9540918,88691104.0
1746756236.9774115,88721696.0
1746756237.0005758,88752288.0
1746756237.0242324,88782880.0
1746756237.047762,88813472.0
1746756237.0710325,88844064.0
1746756237.0946584,88874656.0
1746756237.1192327,88905248.0
1746756237.1401527,88935840.0
1746756237.1614945,88966432.0
1746756237.1828434,88997024.0
1746756237.204209,89027616.0
1746756237.2255082,89058208.0
1746756237.2464113,89088800.0
1746756237.2673182,89119392.0
1746756237.288073,89149984.0
1746756237.3094685,89180576.0
1746756237.3306074,89211168.0
1746756237.351388,89241760.0
1746756237.3725162,89272352.0
1746756237.3936367,89302944.0
1746756237.4144287,89333536.0
1746756237.4356825,89364128.0
1746756237.456533,89394720.0
1746756237.477371,89425312.0
1746756237.4987204,89455904.0
1746756237.520081,89486496.0
1746756237.5414147,89517088.0
1746756237.5627346,89547680.0
1746756237.5835714,89578272.0
1746756237.6044915,89608864.0
1746756237.6253405,89639456.0
1746756237.6467502,89670048.0
1746756237.6680238,89700640.0
1746756237.688866,89731232.0
1746756237.7100472,89761824.0
1746756237.731245,89792416.0
1746756237.752162,89823008.0
1746756237.7733555,89853600.0
1746756237.794147,89884192.0
1746756237.8149054,89914784.0
1746756237.8362179,89945376.0
1746756237.8575,89975968.0
1746756237.878739,90006560.0
1746756237.8999608,90037152.0
1746756237.9208758,90067744.0
1746756237.941775,90098336.0
1746756237.9627666,90128928.0
1746756237.9840794,90159520.0
1746756238.0047486,90190112.0
1746756238.025489,90220704.0
1746756238.0465658,90251296.0
1746756238.0676663,90281888.0
1746756238.0883887,90312480.0
1746756238.109445,90343072.0
1746756238.1300654,90373664.0
1746756238.1507158,90404256.0
1746756238.1720674,90434848.0
1746756238.192998,90465440.0
1746756238.2138093,90496032.0
1746756238.2346437,90526624.0
1746756238.2550478,90557216.0
1746756238.2755437,90587808.0
1746756238.2960021,90618400.0
1746756238.3170497,90648992.0
1746756238.3374531,90679584.0
1746756238.3579648,90710176.0
1746756238.3787081,90740768.0
1746756238.3996236,90771360.0
1746756238.4200504,90801952.0
1746756238.4408488,90832544.0
1746756238.4612734,90863136.0
1746756238.48183,90893728.0
1746756238.5027797,90924320.0
1746756238.5238318,90954912.0
1746756238.5447984,90985504.0
1746756238.5657218,91016096.0
1746756238.5862134,91046688.0
1746756238.6068926,91077280.0
1746756238.6273954,91107872.0
1746756238.6484616,91138464.0
1746756238.6690302,91169056.0
1746756238.6896055,91199648.0
1746756238.7105465,91230240.0
1746756238.7314045,91260832.0
1746756238.7518926,91291424.0
1746756238.7728536,91322016.0
1746756238.7933266,91352608.0
1746756238.8138778,91383200.0
1746756238.8348043,91413792.0
1746756238.8558323,91444384.0
1746756238.8766963,91474976.0
1746756238.8974938,91505568.0
1746756238.9179692,91536160.0
1746756238.9395852,91566752.0
1746756238.9601464,91597344.0
1746756238.981149,91627936.0
1746756239.0016024,91658528.0
1746756239.0221062,91689120.0
1746756239.0429788,91719712.0
1746756239.0638492,91750304.0
1746756239.084431,91780896.0
1746756239.1054008,91811488.0
1746756239.1259139,91842080.0
1746756239.146563,91872672.0
1746756239.2056239,91903584.0
1746756239.2520185,91934496.0
1746756239.2985678,91965408.0
1746756239.3455658,91996320.0
1746756239.3925884,92027232.0
1746756239.4400046,92058144.0
1746756239.4877458,92089056.0
1746756239.5364223,92119968.0
1746756239.585754,92150880.0
1746756239.635176,92181792.0
1746756239.6795478,92212704.0
1746756239.7016945,92243616.0
1746756239.7231333,92274528.0
1746756239.745022,92305440.0
1746756239.7664814,92336352.0
1746756239.788409,92367264.0
1746756239.810207,92398176.0
1746756239.8321228,92429088.0
1746756239.8540096,92460000.0
1746756239.8759296,92490912.0
1746756239.8974354,92521824.0
1746756239.9188776,92552736.0
1746756239.940364,92583648.0
1746756239.962389,92614560.0
1746756239.9837613,92645472.0
1746756240.005186,92676384.0
1746756240.0271916,92707296.0
1746756240.0491014,92738208.0
1746756240.0705583,92769120.0
1746756240.0924015,92800032.0
1746756240.1138375,92830944.0
1746756240.135747,92861856.0
1746756240.1579754,92892768.0
1746756240.1796238,92923680.0
1746756240.2020497,92954592.0
1746756240.2226477,92985504.0
1746756240.24316,93016416.0
1746756240.263622,93047328.0
1746756240.2840996,93078240.0
1746756240.3050532,93109152.0
1746756240.3254867,93140064.0
1746756240.345965,93170976.0
1746756240.3668444,93201888.0
1746756240.3872366,93232800.0
1746756240.41011,93263712.0
1746756240.4286914,93294624.0
1746756240.4472282,93325536.0
1746756240.4658875,93356448.0
1746756240.4848232,93387360.0
1746756240.5033042,93418272.0
1746756240.5223012,93449184.0
1746756240.541169,93480096.0
1746756240.5596335,93511008.0
1746756240.5780654,93541920.0
1746756240.5964313,93572832.0
1746756240.615512,93603744.0
1746756240.6339583,93634656.0
1746756240.6523614,93665568.0
1746756240.6712134,93696480.0
1746756240.6897218,93727392.0
1746756240.7081509,93758304.0
1746756240.7265992,93789216.0
1746756240.7450848,93820128.0
1746756240.764335,93851040.0
1746756240.7830472,93881952.0
1746756240.8014042,93912864.0
1746756240.8207505,93943776.0
1746756240.8386354,93974688.0
1746756240.8563569,94005600.0
1746756240.8741577,94036512.0
1746756240.8918793,94067424.0
1746756240.9101899,94098336.0
1746756240.927882,94129248.0
1746756240.9456735,94160160.0
1746756240.9633694,94191072.0
1746756240.981152,94221984.0
1746756240.998873,94252896.0
1746756241.0166805,94283808.0
1746756241.0344217,94314720.0
1746756241.0526803,94345632.0
1746756241.0708141,94376544.0
1746756241.0886118,94407456.0
1746756241.1068501,94438368.0
1746756241.1574345,94469376.0
1746756241.2002969,94500384.0
1746756241.2433822,94531392.0
1746756241.2951083,94562432.0
1746756241.3219132,94593472.0
1746756241.3408358,94624512.0
1746756241.3596413,94655552.0
1746756241.3785455,94686592.0
1746756241.3978214,94717632.0
1746756241.4171975,94748672.0
1746756241.4360695,94779712.0
1746756241.4549203,94810752.0
1746756241.4742472,94841792.0
1746756241.4936392,94872832.0
1746756241.5125275,94903872.0
1746756241.5319417,94934912.0
1746756241.551177,94965952.0
1746756241.5700343,94996992.0
1746756241.5892603,95028032.0
1746756241.6078608,95059072.0
1746756241.626982,95090112.0
1746756241.6454475,95121152.0
1746756241.6639616,95152192.0
1746756241.6825316,95183232.0
1746756241.7015722,95214272.0
1746756241.7207222,95245312.0
1746756241.739285,95276352.0
1746756241.757927,95307392.0
1746756241.7771287,95338432.0
1746756241.7958581,95369472.0
1746756241.8144684,95400512.0
1746756241.833616,95431552.0
1746756241.8526661,95462592.0
1746756241.8713267,95493632.0
1746756241.8899872,95524672.0
1746756241.9084804,95555712.0
1746756241.9276657,95586752.0
1746756241.9462318,95617792.0
1746756241.964766,95648832.0
1746756241.983256,95679872.0
1746756242.0024436,95710912.0
1746756242.0216916,95741952.0
1746756242.04041,95772992.0
1746756242.0590909,95804032.0
1746756242.0784228,95835072.0
1746756242.097136,95866112.0
1746756242.1158557,95897216.0
1746756242.1661484,95928320.0
1746756242.209951,95959424.0
1746756242.2349064,95990528.0
1746756242.254134,96021632.0
1746756242.2732792,96052736.0
1746756242.293145,96083840.0
1746756242.31237,96114944.0
1746756242.3319516,96146048.0
1746756242.3509545,96177152.0
1746756242.3705611,96208256.0
1746756242.3902264,96239360.0
1746756242.4093814,96270464.0
1746756242.4286203,96301568.0
1746756242.4483194,96332672.0
1746756242.4678104,96363776.0
1746756242.4867532,96394880.0
1746756242.506496,96425984.0
1746756242.5251818,96457088.0
1746756242.5437248,96488192.0
1746756242.5623047,96519296.0
1746756242.5807953,96550400.0
1746756242.5998368,96581504.0
1746756242.6183176,96612608.0
1746756242.637286,96643712.0
1746756242.655617,96674816.0
1746756242.6744702,96705920.0
1746756242.693565,96737024.0
1746756242.711586,96768128.0
1746756242.7295094,96799232.0
1746756242.7480345,96830336.0
1746756242.7660472,96861440.0
1746756242.784033,96892544.0
1746756242.8025434,96923648.0
1746756242.8205495,96954752.0
1746756242.83854,96985856.0
1746756242.8565557,97016960.0
1746756242.8745306,97048064.0
1746756242.8928971,97079168.0
1746756242.910727,97110272.0
1746756242.929014,97141376.0
1746756242.946797,97172480.0
1746756242.96503,97203584.0
1746756242.983205,97234688.0
1746756243.0010734,97265792.0
1746756243.0189166,97296896.0
1746756243.0376089,97328000.0
1746756243.0554345,97359104.0
1746756243.0732293,97390208.0
1746756243.091587,97421312.0
1746756243.1094584,97452416.0
1746756243.127297,97483520.0
1746756243.1451027,97514624.0
1746756243.1628833,97545728.0
1746756243.1812024,97576832.0
1746756243.1991432,97607936.0
1746756243.2175558,97639040.0
1746756243.2353282,97670144.0
1746756243.253507,97701248.0
1746756243.271737,97732352.0
1746756243.2896533,97763456.0
1746756243.3075173,97794560.0
1746756243.3257327,97825664.0
1746756243.343608,97856768.0
1746756243.3614898,97887872.0
1746756243.3798857,97918976.0
1746756243.3977563,97950080.0
1746756243.4156072,97981184.0
1746756243.4334354,98012288.0
1746756243.4512885,98043392.0
1746756243.4696589,98074496.0
1746756243.4875166,98105600.0
1746756243.505828,98136704.0
1746756243.5237496,98167808.0
1746756243.5420487,98198912.0
1746756243.5604424,98230016.0
1746756243.5785487,98261120.0
1746756243.5966032,98292224.0
1746756243.6151943,98323328.0
1746756243.6332083,98354432.0
1746756243.651139,98385536.0
1746756243.669686,98416640.0
1746756243.6877124,98447744.0
1746756243.705721,98478848.0
1746756243.7237844,98509952.0
1746756243.7418292,98541056.0
1746756243.7605379,98572160.0
1746756243.7787983,98603264.0
1746756243.797552,98634368.0
1746756243.8157415,98665472.0
1746756243.8343275,98696576.0
1746756243.8529086,98727680.0
1746756243.8710966,98758784.0
1746756243.889341,98789888.0
1746756243.9080195,98820992.0
1746756243.9262416,98852096.0
1746756243.944336,98883200.0
1746756243.9630895,98914304.0
1746756243.9810843,98945408.0
1746756243.9991395,98976512.0
1746756244.017323,99007616.0
1746756244.0354545,99038720.0
1746756244.0543091,99069824.0
1746756244.0724957,99100928.0
1746756244.0911815,99132032.0
1746756244.1093447,99163136.0
1746756244.1279976,99194240.0
1746756244.1464136,99225344.0
1746756244.1644695,99256448.0
1746756244.1826222,99287552.0
1746756244.2013175,99318656.0
1746756244.2195258,99349760.0
1746756244.2375484,99380864.0
1746756244.2561266,99411968.0
1746756244.2742825,99443072.0
1746756244.2923753,99474176.0
1746756244.3105102,99505280.0
1746756244.328573,99536384.0
1746756244.3473396,99567488.0
1746756244.3655117,99598592.0
1746756244.384674,99629696.0
1746756244.4021714,99660800.0
1746756244.4197307,99691904.0
1746756244.437317,99723008.0
1746756244.4547477,99754112.0
1746756244.472308,99785216.0
1746756244.4903004,99816320.0
1746756244.5077112,99847424.0
1746756244.5252273,99878528.0
1746756244.5426579,99909632.0
1746756244.5602329,99940736.0
1746756244.5776749,99971840.0
1746756244.5951948,100002944.0
1746756244.6126983,100034048.0
1746756244.6307874,100065152.0
1746756244.6482565,100096256.0
1746756244.666142,100127360.0
1746756244.6837263,100158464.0
1746756244.7015808,100189568.0
1746756244.7194796,100220672.0
1746756244.7369635,100251776.0
1746756244.7544613,100282880.0
1746756244.772934,100313984.0
1746756244.7901871,100345088.0
1746756244.8073273,100376192.0
1746756244.8243628,100407296.0
1746756244.841402,100438400.0
1746756244.8583896,100469504.0
1746756244.8753393,100500608.0
1746756244.8923616,100531712.0
1746756244.9093204,100562816.0
1746756244.926371,100593920.0
1746756244.9435666,100625024.0
1746756244.960554,100656128.0
1746756244.978018,100687232.0
1746756244.995514,100718336.0
1746756245.0124636,100749440.0
1746756245.029403,100780544.0
1746756245.0469434,100811648.0
1746756245.063958,100842752.0
1746756245.0809028,100873856.0
1746756245.0978522,100904960.0
1746756245.1147676,100936064.0
1746756245.1319377,100967168.0
1746756245.1492646,100998272.0
1746756245.1660082,101029376.0
1746756245.1827054,101060480.0
1746756245.1994188,101091584.0
1746756245.2167525,101122688.0
1746756245.233558,101153792.0
1746756245.25068,101184896.0
1746756245.2677717,101216000.0
1746756245.2844584,101247104.0
1746756245.3012214,101278208.0
1746756245.3183546,101309312.0
1746756245.335074,101340416.0
1746756245.3517694,101371520.0
1746756245.3684423,101402624.0
1746756245.3850808,101433728.0
1746756245.4018667,101464832.0
1746756245.4184725,101495936.0
1746756245.4352145,101527040.0
1746756245.451841,101558144.0
1746756245.4685905,101589248.0
1746756245.4858234,101620352.0
1746756245.5025516,101651456.0
1746756245.5197375,101682560.0
1746756245.5369282,101713664.0
1746756245.5536816,101744768.0
1746756245.5705078,101775872.0
1746756245.5876665,101806976.0
1746756245.6043274,101838080.0
1746756245.6219673,101869184.0
1746756245.6387267,101900288.0
1746756245.6554625,101931392.0
1746756245.6721966,101962496.0
1746756245.688856,101993600.0
1746756245.7055538,102024704.0
1746756245.7223296,102055808.0
1746756245.739159,102086912.0
1746756245.7564018,102118016.0
1746756245.7731607,102149120.0
1746756245.790271,102180224.0
1746756245.8074071,102211328.0
1746756245.824172,102242432.0
1746756245.8409421,102273536.0
1746756245.8582187,102304640.0
1746756245.8749466,102335744.0
1746756245.8917239,102366848.0
1746756245.9084487,102397952.0
1746756245.9253833,102429056.0
1746756245.942123,102460160.0
1746756245.958905,102491264.0
1746756245.9755676,102522368.0
1746756245.9923658,102553472.0
1746756246.0091107,102584576.0
1746756246.0262818,102615680.0
1746756246.043058,102646784.0
1746756246.060232,102677888.0
1746756246.0773354,102708992.0
1746756246.0941176,102740096.0
1746756246.1108046,102771200.0
1746756246.128017,102802304.0
1746756246.144804,102833408.0
1746756246.1624377,102864512.0
1746756246.2180574,102896032.0
1746756246.2586584,102927552.0
1746756246.2995026,102959072.0
1746756246.3407369,102990592.0
1746756246.3822665,103022112.0
1746756246.4241602,103053632.0
1746756246.4663894,103085152.0
1746756246.5094678,103116672.0
1746756246.5523512,103148192.0
1746756246.5958714,103179712.0
1746756246.6397963,103211232.0
1746756246.6837196,103242752.0
1746756246.7280097,103274272.0
1746756246.761092,103305792.0
1746756246.7780166,103337312.0
1746756246.7947862,103368832.0
1746756246.8116174,103400352.0
1746756246.8288224,103431872.0
1746756246.8461692,103463392.0
1746756246.8629794,103494912.0
1746756246.8797855,103526432.0
1746756246.8966444,103557952.0
1746756246.913498,103589472.0
1746756246.9307885,103620992.0
1746756246.947514,103652512.0
1746756246.964757,103684032.0
1746756246.9818926,103715552.0
1746756246.9986775,103747072.0
1746756247.015329,103778592.0
1746756247.032052,103810112.0
1746756247.04873,103841632.0
1746756247.0654967,103873152.0
1746756247.0822887,103904672.0
1746756247.0990229,103936192.0
1746756247.1162882,103967712.0
1746756247.1328428,103999232.0
1746756247.1495576,104030752.0
1746756247.1662505,104062272.0
1746756247.182871,104093792.0
1746756247.200098,104125312.0
1746756247.2167406,104156832.0
1746756247.2821116,104189152.0
1746756247.3240495,104221472.0
1746756247.3659303,104253792.0
1746756247.4080474,104286112.0
1746756247.4505463,104318432.0
1746756247.493366,104350752.0
1746756247.536514,104383072.0
1746756247.5800827,104415392.0
1746756247.623949,104447712.0
1746756247.6685123,104480032.0
1746756247.7131367,104512352.0
1746756247.758148,104544672.0
1746756247.804099,104576992.0
1746756247.8501327,104609312.0
1746756247.8968554,104641632.0
1746756247.943484,104673952.0
1746756247.99053,104706272.0
1746756248.0379791,104738592.0
1746756248.0852766,104770912.0
1746756248.1328633,104803232.0
1746756248.180746,104835552.0
1746756248.229207,104867872.0
1746756248.2779696,104900192.0
1746756248.327058,104932512.0
1746756248.3765295,104964832.0
1746756248.4384153,104997280.0
1746756248.4822838,105029728.0
1746756248.5259902,105062176.0
1746756248.5700765,105094624.0
1746756248.621373,105127104.0
1746756248.696022,105160544.0
1746756248.7401562,105193984.0
1746756248.784805,105227424.0
1746756248.8297458,105260864.0
1746756248.875102,105294304.0
1746756248.920709,105327744.0
1746756248.966365,105361184.0
1746756249.0123198,105394624.0
1746756249.058592,105428064.0
1746756249.1052868,105461504.0
1746756249.1522462,105494944.0
1746756249.2000608,105528384.0
1746756249.2476377,105561824.0
1746756249.2954762,105595264.0
1746756249.3436286,105628704.0
1746756249.392302,105662144.0
1746756249.441848,105695584.0
1746756249.491141,105729024.0
1746756249.5411234,105762464.0
1746756249.5913866,105795904.0
1746756249.6419692,105829344.0
1746756249.6929836,105862784.0
1746756249.7438388,105896224.0
1746756249.7951424,105929664.0
1746756249.8466775,105963104.0
1746756249.8985662,105996544.0
1746756249.950652,106029984.0
1746756250.0035682,106063424.0
1746756250.0563915,106096864.0
1746756250.1093764,106130304.0
1746756250.1899188,106164096.0
1746756250.236501,106197888.0
1746756250.2834566,106231680.0
1746756250.330277,106265472.0
1746756250.377782,106299264.0
1746756250.4257238,106333056.0
1746756250.473942,106366848.0
1746756250.5224102,106400640.0
1746756250.570762,106434432.0
1746756250.6194253,106468224.0
1746756250.6685612,106502016.0
1746756250.7485828,106535808.0
1746756250.770985,106569600.0
1746756250.7933452,106603392.0
1746756250.8152692,106637184.0
1746756250.8371818,106670976.0
1746756250.8596935,106704768.0
1746756250.881703,106738560.0
1746756250.9044595,106772352.0
1746756250.9260488,106806144.0
1746756250.9476883,106839936.0
1746756250.9695613,106873728.0
1746756250.9913685,106907520.0
1746756251.0132678,106941312.0
1746756251.034728,106975104.0
1746756251.0562286,107008896.0
1746756251.0776896,107042688.0
1746756251.0991905,107076480.0
1746756251.1206372,107110272.0
1746756251.1426299,107144064.0
1746756251.1640503,107177856.0
1746756251.1854799,107211648.0
1746756251.2395399,107245504.0
1746756251.2867286,107279360.0
1746756251.341656,107313248.0
1746756251.3975534,107347168.0
1746756251.4681296,107381664.0
1746756251.5159726,107416160.0
1746756251.5639722,107450656.0
1746756251.6121607,107485152.0
1746756251.6598554,107519648.0
1746756251.7084308,107554144.0
1746756251.7568448,107588640.0
1746756251.8054926,107623136.0
1746756251.8544402,107657632.0
1746756251.9037025,107692128.0
1746756251.9531991,107726624.0
1746756252.0031686,107761120.0
1746756252.0540206,107795616.0
1746756252.1046586,107830112.0
1746756252.1559584,107864608.0
1746756252.2071037,107899104.0
1746756252.2590413,107933600.0
1746756252.3112931,107968096.0
1746756252.385343,108002592.0
1746756252.410204,108037088.0
1746756252.43377,108071584.0
1746756252.4578457,108106080.0
1746756252.4813828,108140576.0
1746756252.5054007,108175072.0
1746756252.5289636,108209568.0
1746756252.5524747,108244064.0
1746756252.5760283,108278560.0
1746756252.5995615,108313056.0
1746756252.6236627,108347552.0
1746756252.64717,108382048.0
1746756252.6710978,108416544.0
1746756252.6946855,108451040.0
1746756252.7184908,108485536.0
1746756252.7424688,108520032.0
1746756252.7663727,108554528.0
1746756252.7903833,108589024.0
1746756252.8139584,108623520.0
1746756252.8379304,108658016.0
1746756252.8614943,108692512.0
1746756252.8855078,108727008.0
1746756252.9092348,108761504.0
1746756252.9341838,108796000.0
1746756252.9581766,108830496.0
1746756252.9818945,108864992.0
1746756253.006125,108899488.0
1746756253.0298705,108933984.0
1746756253.0538094,108968480.0
1746756253.077536,109002976.0
1746756253.1015584,109037472.0
1746756253.125724,109071968.0
1746756253.1496875,109106464.0
1746756253.1738162,109140960.0
1746756253.1973877,109175456.0
1746756253.2214768,109209952.0
1746756253.24516,109244448.0
1746756253.3075285,109279008.0
1746756253.3586385,109313568.0
1746756253.430285,109348192.0
1746756253.481282,109382816.0
1746756253.5164213,109417440.0
1746756253.5418007,109452064.0
1746756253.5665739,109486688.0
1746756253.5920134,109521312.0
1746756253.6164947,109555936.0
1746756253.6414487,109590560.0
1746756253.6664293,109625184.0
1746756253.691357,109659808.0
1746756253.7163649,109694432.0
1746756253.7408497,109729056.0
1746756253.765844,109763680.0
1746756253.7903972,109798304.0
1746756253.815375,109832928.0
1746756253.8397906,109867552.0
1746756253.864278,109902176.0
1746756253.8887959,109936800.0
1746756253.9133682,109971424.0
1746756253.9384754,110006048.0
1746756253.9631388,110040672.0
1746756253.9882572,110075296.0
1746756254.0129898,110109920.0
1746756254.0381446,110144544.0
1746756254.06318,110179168.0
1746756254.0882134,110213792.0
1746756254.1133237,110248416.0
1746756254.1378744,110283040.0
1746756254.1629333,110317664.0
1746756254.187568,110352288.0
1746756254.2126472,110386912.0
1746756254.2372766,110421536.0
1746756254.261926,110456160.0
1746756254.2865818,110490784.0
1746756254.3112843,110525408.0
1746756254.3366716,110560032.0
1746756254.3613815,110594656.0
1746756254.3865697,110629280.0
1746756254.4113116,110663904.0
1746756254.436447,110698528.0
1746756254.4617386,110733152.0
1746756254.4868577,110767776.0
1746756254.5120778,110802400.0
1746756254.5366943,110837024.0
1746756254.5617394,110871648.0
1746756254.58638,110906272.0
1746756254.6116006,110940896.0
1746756254.636389,110975520.0
1746756254.6609733,111010144.0
1746756254.6856394,111044768.0
1746756254.7103348,111079392.0
1746756254.736537,111114016.0
1746756254.760434,111148640.0
1746756254.7847743,111183264.0
1746756254.8086302,111217888.0
1746756254.8328881,111252512.0
1746756254.8571658,111287136.0
1746756254.8814087,111321760.0
1746756254.9056427,111356384.0
1746756254.929575,111391008.0
1746756254.9538624,111425632.0
1746756254.9777243,111460256.0
1746756255.002044,111494880.0
1746756255.0258338,111529504.0
1746756255.049709,111564128.0
1746756255.0735247,111598752.0
1746756255.0974076,111633376.0
1746756255.121721,111668000.0
1746756255.1455362,111702624.0
1746756255.1696947,111737248.0
1746756255.1934423,111771872.0
1746756255.2177186,111806496.0
1746756255.27283,111841184.0
1746756255.3229387,111875872.0
1746756255.3542185,111910560.0
1746756255.3787897,111945248.0
1746756255.4036598,111979936.0
1746756255.4279947,112014624.0
1746756255.4530008,112049312.0
1746756255.4781263,112084000.0
1746756255.5024788,112118688.0
1746756255.5268872,112153376.0
1746756255.551328,112188064.0
1746756255.576234,112222752.0
1746756255.6006362,112257440.0
1746756255.6254916,112292128.0
1746756255.6498759,112326816.0
1746756255.6746452,112361504.0
1746756255.6994703,112396192.0
1746756255.7241788,112430880.0
1746756255.749023,112465568.0
1746756255.7734547,112500256.0
1746756255.7983458,112534944.0
1746756255.8227575,112569632.0
1746756255.847647,112604320.0
1746756255.8724408,112639008.0
1746756255.8967729,112673696.0
1746756255.9212174,112708384.0
1746756255.945615,112743072.0
1746756255.9705913,112777760.0
1746756255.9949,112812448.0
1746756256.019835,112847136.0
1746756256.04472,112881824.0
1746756256.0694044,112916512.0
1746756256.0935845,112951200.0
1746756256.1182423,112985888.0
1746756256.1429532,113020576.0
1746756256.1671453,113055264.0
1746756256.1917236,113089952.0
1746756256.2158132,113124640.0
1746756256.2704937,113159360.0
1746756256.3265138,113194112.0
1746756256.384519,113228896.0
1746756256.4491034,113263904.0
1746756256.4968388,113298912.0
1746756256.5449336,113333920.0
1746756256.5935419,113368928.0
1746756256.6419847,113403936.0
1746756256.6906347,113438944.0
1746756256.7394888,113473952.0
1746756256.7855983,113508960.0
1746756256.809236,113543968.0
1746756256.832641,113578976.0
1746756256.8558605,113613984.0
1746756256.8795948,113648992.0
1746756256.9033163,113684000.0
1746756256.9271004,113719008.0
1746756256.950814,113754016.0
1746756256.974067,113789024.0
1746756256.9977257,113824032.0
1746756257.0208812,113859040.0
1746756257.0445135,113894048.0
1746756257.0680752,113929056.0
1746756257.0917072,113964064.0
1746756257.11538,113999072.0
1746756257.1388628,114034080.0
1746756257.161915,114069088.0
1746756257.1853979,114104096.0
1746756257.2088635,114139104.0
1746756257.232044,114174112.0
1746756257.2556093,114209120.0
1746756257.279885,114244128.0
1746756257.303036,114279136.0
1746756257.326054,114314144.0
1746756257.3486748,114349152.0
1746756257.3713162,114384160.0
1746756257.394057,114419168.0
1746756257.4172595,114454176.0
1746756257.4403377,114489184.0
1746756257.4635084,114524192.0
1746756257.4864666,114559200.0
1746756257.509015,114594208.0
1746756257.531629,114629216.0
1746756257.5545936,114664224.0
1746756257.5775228,114699232.0
1746756257.6002142,114734240.0
1746756257.6233306,114769248.0
1746756257.6464345,114804256.0
1746756257.6694834,114839264.0
1746756257.6924927,114874272.0
1746756257.7151394,114909280.0
1746756257.7378619,114944288.0
1746756257.7623544,114979296.0
1746756257.7845097,115014304.0
1746756257.806955,115049312.0
1746756257.829406,115084320.0
1746756257.8516948,115119328.0
1746756257.8735962,115154336.0
1746756257.8955128,115189344.0
1746756257.917947,115224352.0
1746756257.940289,115259360.0
1746756257.9622111,115294368.0
1746756257.9846542,115329376.0
1746756258.0071414,115364384.0
1746756258.0294356,115399392.0
1746756258.053373,115434400.0
1746756258.073959,115469408.0
1746756258.0945275,115504416.0
1746756258.1150794,115539424.0
1746756258.1357183,115574432.0
1746756258.1567278,115609440.0
1746756258.1777956,115644448.0
1746756258.198806,115679456.0
1746756258.2193327,115714464.0
1746756258.2397907,115749472.0
1746756258.260681,115784480.0
1746756258.281575,115819488.0
1746756258.3020654,115854496.0
1746756258.3231452,115889504.0
1746756258.3442976,115924512.0
1746756258.3652484,115959520.0
1746756258.3863423,115994528.0
1746756258.4069135,116029536.0
1746756258.4274712,116064544.0
1746756258.4480662,116099552.0
1746756258.4691033,116134560.0
1746756258.4901443,116169568.0
1746756258.5113757,116204576.0
1746756258.532475,116239584.0
1746756258.5529776,116274592.0
1746756258.573528,116309600.0
1746756258.594481,116344608.0
1746756258.615638,116379616.0
1746756258.6363204,116414624.0
1746756258.6573567,116449632.0
1746756258.6784112,116484640.0
1746756258.699531,116519648.0
1746756258.720611,116554656.0
1746756258.7412548,116589664.0
1746756258.7618778,116624672.0
1746756258.782586,116659680.0
1746756258.8037002,116694688.0
1746756258.8247938,116729696.0
1746756258.845986,116764704.0
1746756258.8670697,116799712.0
1746756258.8874164,116834720.0
1746756258.9079487,116869728.0
1746756258.9289293,116904736.0
1746756258.9501238,116939744.0
1746756258.9707868,116974752.0
1746756258.9901237,117009760.0
1746756259.0097518,117044768.0
1746756259.0292637,117079776.0
1746756259.0496578,117114784.0
1746756259.0692205,117149792.0
1746756259.0896063,117184800.0
1746756259.1083949,117219808.0
1746756259.1271262,117254816.0
1746756259.1457007,117289824.0
1746756259.1648324,117324832.0
1746756259.1838598,117359840.0
1746756259.2025144,117394848.0
1746756259.2210686,117429856.0
1746756259.2702827,117464896.0
1746756259.321934,117500000.0
1746756259.3655818,117535104.0
1746756259.4434066,117570272.0
1746756259.4982822,117605440.0
1746756259.5471077,117640608.0
1746756259.5701256,117675776.0
1746756259.592369,117710944.0
1746756259.615029,117746112.0
1746756259.6372397,117781280.0
1746756259.660148,117816448.0
1746756259.6830199,117851616.0
1746756259.7052429,117886784.0
1746756259.7279475,117921952.0
1746756259.749835,117957120.0
1746756259.7716167,117992288.0
1746756259.7935998,118027456.0
1746756259.815878,118062624.0
1746756259.837707,118097792.0
1746756259.8599842,118132960.0
1746756259.882356,118168128.0
1746756259.9047964,118203296.0
1746756259.9270167,118238464.0
1746756259.9486635,118273632.0
1746756259.9703624,118308800.0
1746756259.9922898,118343968.0
1746756260.0132113,118379136.0
1746756260.0339925,118414304.0
1746756260.0547643,118449472.0
1746756260.0756059,118484640.0
1746756260.0960019,118519808.0
1746756260.1163611,118554976.0
1746756260.137584,118590144.0
1746756260.1584833,118625312.0
1746756260.1789246,118660480.0
1746756260.199826,118695648.0
1746756260.2207325,118730816.0
1746756260.2415318,118765984.0
1746756260.262382,118801152.0
1746756260.2826896,118836320.0
1746756260.3031073,118871488.0
1746756260.3235977,118906656.0
1746756260.3444903,118941824.0
1746756260.3652906,118976992.0
1746756260.385895,119012160.0
1746756260.4065602,119047328.0
1746756260.426944,119082496.0
1746756260.447248,119117664.0
1746756260.4679732,119152832.0
1746756260.4886465,119188000.0
1746756260.5090196,119223168.0
1746756260.5298312,119258336.0
1746756260.5507247,119293504.0
1746756260.571534,119328672.0
1746756260.5923133,119363840.0
1746756260.6124964,119399008.0
1746756260.6328154,119434176.0
1746756260.6537304,119469344.0
1746756260.6739888,119504512.0
1746756260.6940258,119539680.0
1746756260.7140453,119574848.0
1746756260.7340364,119610016.0
1746756260.753701,119645184.0
1746756260.7732983,119680352.0
1746756260.7934678,119715520.0
1746756260.8135269,119750688.0
1746756260.8334985,119785856.0
1746756260.852803,119821024.0
1746756260.8726153,119856192.0
1746756260.8924804,119891360.0
1746756260.9119372,119926528.0
1746756260.9315372,119961696.0
1746756260.9508066,119996864.0
1746756260.9699426,120032032.0
1746756260.98956,120067200.0
1746756261.0089736,120102368.0
1746756261.0283084,120137536.0
1746756261.047752,120172704.0
1746756261.0669947,120207872.0
1746756261.0861137,120243040.0
1746756261.1056623,120278208.0
1746756261.1248982,120313376.0
1746756261.1440675,120348544.0
1746756261.163227,120383712.0
1746756261.182878,120418880.0
1746756261.2024775,120454048.0
1746756261.2221444,120489216.0
1746756261.2413166,120524384.0
1746756261.2605064,120559552.0
1746756261.2798462,120594720.0
1746756261.2992902,120629888.0
1746756261.3185365,120665056.0
1746756261.3378024,120700224.0
1746756261.3569179,120735392.0
1746756261.3757565,120770560.0
1746756261.3945205,120805728.0
1746756261.4137108,120840896.0
1746756261.4325523,120876064.0
1746756261.4512134,120911232.0
1746756261.470121,120946400.0
1746756261.4893806,120981568.0
1746756261.508311,121016736.0
1746756261.5277157,121051904.0
1746756261.5466928,121087072.0
1746756261.5655923,121122240.0
1746756261.5845785,121157408.0
1746756261.6040993,121192576.0
1746756261.623406,121227744.0
1746756261.6426578,121262912.0
1746756261.66199,121298080.0
1746756261.6809773,121333248.0
1746756261.6998403,121368416.0
1746756261.7191448,121403584.0
1746756261.7380323,121438752.0
1746756261.7569275,121473920.0
1746756261.7757883,121509088.0
1746756261.7952023,121544256.0
1746756261.8141506,121579424.0
1746756261.8335555,121614592.0
1746756261.8525233,121649760.0
1746756261.8714483,121684928.0
1746756261.890342,121720096.0
1746756261.909737,121755264.0
1746756261.9291177,121790432.0
1746756261.9483163,121825600.0
1746756261.967476,121860768.0
1746756261.9863899,121895936.0
1746756262.0051508,121931104.0
1746756262.0242956,121966272.0
1746756262.0430362,122001440.0
1746756262.0618284,122036608.0
1746756262.0806222,122071776.0
1746756262.099949,122106944.0
1746756262.118868,122142112.0
1746756262.1382565,122177280.0
1746756262.157131,122212448.0
1746756262.176069,122247616.0
1746756262.1948872,122282784.0
1746756262.2143447,122317952.0
1746756262.2335727,122353120.0
1746756262.2528708,122388288.0
1746756262.2722213,122423456.0
1746756262.3240483,122458656.0
1746756262.3454373,122493856.0
1746756262.3694406,122529056.0
1746756262.388635,122564256.0
1746756262.407864,122599456.0
1746756262.4272258,122634656.0
1746756262.4469714,122669856.0
1746756262.4666061,122705056.0
1746756262.48663,122740256.0
1746756262.505879,122775456.0
1746756262.5251074,122810656.0
1746756262.5442731,122845856.0
1746756262.5640702,122881056.0
1746756262.5836906,122916256.0
1746756262.603226,122951456.0
1746756262.6227942,122986656.0
1746756262.6419997,123021856.0
1746756262.6611543,123057056.0
1746756262.6802926,123092256.0
1746756262.6994164,123127456.0
1746756262.7184925,123162656.0
1746756262.7376435,123197856.0
1746756262.7573686,123233056.0
1746756262.7771497,123268256.0
1746756262.796551,123303456.0
1746756262.8156013,123338656.0
1746756262.8346038,123373856.0
1746756262.8536885,123409056.0
1746756262.8732545,123444256.0
1746756262.892791,123479456.0
1746756262.912385,123514656.0
1746756262.9312375,123549856.0
1746756262.950074,123585056.0
1746756262.9690053,123620256.0
1746756262.9878125,123655456.0
1746756263.0065799,123690656.0
1746756263.025384,123725856.0
1746756263.0442126,123761056.0
1746756263.0631998,123796256.0
1746756263.0824146,123831456.0
1746756263.1016982,123866656.0
1746756263.1204472,123901856.0
1746756263.1392407,123937056.0
1746756263.158099,123972256.0
1746756263.1775367,124007456.0
1746756263.1968102,124042656.0
1746756263.216045,124077856.0
1746756263.234832,124113056.0
1746756263.2535422,124148256.0
1746756263.272425,124183456.0
1746756263.322307,124218688.0
1746756263.3828652,124253984.0
1746756263.430198,124289280.0
1746756263.4642508,124324576.0
1746756263.4844146,124359872.0
1746756263.504371,124395168.0
1746756263.5245981,124430464.0
1746756263.544145,124465760.0
1746756263.5642931,124501056.0
1746756263.584039,124536352.0
1746756263.604273,124571648.0
1746756263.624395,124606944.0
1746756263.6444912,124642240.0
1746756263.6642563,124677536.0
1746756263.6839497,124712832.0
1746756263.7035902,124748128.0
1746756263.7234492,124783424.0
1746756263.7431803,124818720.0
1746756263.762561,124854016.0
1746756263.781859,124889312.0
1746756263.8013453,124924608.0
1746756263.820768,124959904.0
1746756263.840593,124995200.0
1746756263.860012,125030496.0
1746756263.879828,125065792.0
1746756263.8992147,125101088.0
1746756263.9188952,125136384.0
1746756263.9381912,125171680.0
1746756263.9573581,125206976.0
1746756263.976777,125242272.0
1746756263.9960005,125277568.0
1746756264.015237,125312864.0
1746756264.0342634,125348160.0
1746756264.0534194,125383456.0
1746756264.072118,125418752.0
1746756264.0908704,125454048.0
1746756264.1096265,125489344.0
1746756264.1285148,125524640.0
1746756264.1475883,125559936.0
1746756264.1662962,125595232.0
1746756264.1854343,125630528.0
1746756264.2042265,125665824.0
1746756264.2233493,125701120.0
1746756264.2422676,125736416.0
1746756264.2611296,125771712.0
1746756264.2794728,125807008.0
1746756264.297721,125842304.0
1746756264.3159637,125877600.0
1746756264.3341784,125912896.0
1746756264.352488,125948192.0
1746756264.3707604,125983488.0
1746756264.3888876,126018784.0
1746756264.4070692,126054080.0
1746756264.4253383,126089376.0
1746756264.4436908,126124672.0
1746756264.4618351,126159968.0
1746756264.4804928,126195264.0
1746756264.498699,126230560.0
1746756264.5174203,126265856.0
1746756264.5356083,126301152.0
1746756264.5538316,126336448.0
1746756264.5721025,126371744.0
1746756264.590392,126407040.0
1746756264.6086366,126442336.0
1746756264.6266956,126477632.0
1746756264.6446354,126512928.0
1746756264.6625724,126548224.0
1746756264.6806183,126583520.0
1746756264.6985781,126618816.0
1746756264.7165809,126654112.0
1746756264.735094,126689408.0
1746756264.753094,126724704.0
1746756264.771595,126760000.0
1746756264.7896883,126795296.0
1746756264.8085797,126830592.0
1746756264.8262916,126865888.0
1746756264.8438041,126901184.0
1746756264.861372,126936480.0
1746756264.8788733,126971776.0
1746756264.8965378,127007072.0
1746756264.9142103,127042368.0
1746756264.9318113,127077664.0
1746756264.949426,127112960.0
1746756264.9669638,127148256.0
1746756264.9845355,127183552.0
1746756265.002163,127218848.0
1746756265.0198038,127254144.0
1746756265.0374684,127289440.0
1746756265.0552447,127324736.0
1746756265.072887,127360032.0
1746756265.0908885,127395328.0
1746756265.1084867,127430624.0
1746756265.1260817,127465920.0
1746756265.1437044,127501216.0
1746756265.1612914,127536512.0
1746756265.1788526,127571808.0
1746756265.1964133,127607104.0
1746756265.2139738,127642400.0
1746756265.2315693,127677696.0
1746756265.2491047,127712992.0
1746756265.2666054,127748288.0
1746756265.3148568,127783616.0
1746756265.3670213,127818976.0
1746756265.393351,127854336.0
1746756265.4123123,127889696.0
1746756265.4307964,127925056.0
1746756265.4498048,127960416.0
1746756265.4685502,127995776.0
1746756265.4895756,128031136.0
1746756265.5063536,128066496.0
1746756265.523099,128101856.0
1746756265.5397866,128137216.0
1746756265.5565283,128172576.0
1746756265.5733216,128207936.0
1746756265.5900807,128243296.0
1746756265.6067338,128278656.0
1746756265.6234524,128314016.0
1746756265.6401322,128349376.0
1746756265.6567516,128384736.0
1746756265.6733787,128420096.0
1746756265.690272,128455456.0
1746756265.7069688,128490816.0
1746756265.723599,128526176.0
1746756265.7407308,128561536.0
1746756265.7579277,128596896.0
1746756265.7746904,128632256.0
1746756265.7913883,128667616.0
1746756265.8079774,128702976.0
1746756265.824672,128738336.0
1746756265.8412995,128773696.0
1746756265.8579884,128809056.0
1746756265.8746076,128844416.0
1746756265.8912961,128879776.0
1746756265.9078507,128915136.0
1746756265.9244807,128950496.0
1746756265.9410918,128985856.0
1746756265.9581633,129021216.0
1746756265.9748147,129056576.0
1746756265.99145,129091936.0
1746756266.0084455,129127296.0
1746756266.0256069,129162656.0
1746756266.0422232,129198016.0
1746756266.058823,129233376.0
1746756266.0754135,129268736.0
1746756266.0920146,129304096.0
1746756266.109042,129339456.0
1746756266.1252198,129374816.0
1746756266.141295,129410176.0
1746756266.157307,129445536.0
1746756266.1734128,129480896.0
1746756266.189501,129516256.0
1746756266.2056797,129551616.0
1746756266.2220626,129586976.0
1746756266.2383108,129622336.0
1746756266.2544076,129657696.0
1746756266.2711282,129693056.0
1746756266.2877474,129728416.0
1746756266.3039987,129763776.0
1746756266.3202143,129799136.0
1746756266.33656,129834496.0
1746756266.3527803,129869856.0
1746756266.369028,129905216.0
1746756266.385255,129940576.0
1746756266.4014945,129975936.0
1746756266.4177282,130011296.0
1746756266.4339778,130046656.0
1746756266.4503179,130082016.0
1746756266.4665835,130117376.0
1746756266.483401,130152736.0
1746756266.499682,130188096.0
1746756266.5160558,130223456.0
1746756266.532752,130258816.0
1746756266.5494907,130294176.0
1746756266.5658112,130329536.0
1746756266.582062,130364896.0
1746756266.598376,130400256.0
1746756266.614707,130435616.0
1746756266.6309555,130470976.0
1746756266.6472297,130506336.0
1746756266.6634376,130541696.0
1746756266.6795483,130577056.0
1746756266.695868,130612416.0
1746756266.7122874,130647776.0
1746756266.7286127,130683136.0
1746756266.7452967,130718496.0
1746756266.761583,130753856.0
1746756266.777921,130789216.0
1746756266.7946076,130824576.0
1746756266.8113017,130859936.0
1746756266.827662,130895296.0
1746756266.8439898,130930656.0
1746756266.8602288,130966016.0
1746756266.876588,131001376.0
1746756266.8929234,131036736.0
1746756266.9093106,131072096.0
1746756266.9256597,131107456.0
1746756266.9419925,131142816.0
1746756266.9582613,131178176.0
1746756266.9746213,131213536.0
1746756266.9908698,131248896.0
1746756267.0076034,131284256.0
1746756267.0238924,131319616.0
1746756267.0402114,131354976.0
1746756267.0570264,131390336.0
1746756267.0737157,131425696.0
1746756267.0900517,131461056.0
1746756267.1063838,131496416.0
1746756267.122677,131531776.0
1746756267.1388571,131567136.0
1746756267.1550438,131602496.0
1746756267.171333,131637856.0
1746756267.1875782,131673216.0
1746756267.2038734,131708576.0
1746756267.2202587,131743936.0
1746756267.236547,131779296.0
1746756267.2528331,131814656.0
1746756267.2697086,131850016.0
1746756267.286051,131885376.0
1746756267.3024023,131920736.0
1746756267.319165,131956096.0
1746756267.3358324,131991456.0
1746756267.352097,132026816.0
1746756267.3684144,132062176.0
1746756267.3846772,132097536.0
1746756267.4009593,132132896.0
1746756267.4171429,132168256.0
1746756267.4332807,132203616.0
1746756267.4496481,132238976.0
1746756267.4659107,132274336.0
1746756267.4821646,132309696.0
1746756267.4984999,132345056.0
1746756267.514729,132380416.0
1746756267.5314863,132415776.0
1746756267.5477443,132451136.0
1746756267.563972,132486496.0
1746756267.5807464,132521856.0
1746756267.597437,132557216.0
1746756267.613616,132592576.0
1746756267.629956,132627936.0
1746756267.6462133,132663296.0
1746756267.6625426,132698656.0
1746756267.6787121,132734016.0
1746756267.6950018,132769376.0
1746756267.7113674,132804736.0
1746756267.7275767,132840096.0
1746756267.7437224,132875456.0
1746756267.7600057,132910816.0
1746756267.7764018,132946176.0
1746756267.79323,132981536.0
1746756267.8095775,133016896.0
1746756267.8258188,133052256.0
1746756267.842528,133087616.0
1746756267.85924,133122976.0
1746756267.875491,133158336.0
1746756267.891796,133193696.0
1746756267.9080768,133229056.0
1746756267.924393,133264416.0
1746756267.9407902,133299776.0
1746756267.9571354,133335136.0
1746756267.9734514,133370496.0
1746756267.9897568,133405856.0
1746756268.0064046,133441216.0
1746756268.0226376,133476576.0
1746756268.0389385,133511936.0
1746756268.0557916,133547296.0
1746756268.0721436,133582656.0
1746756268.0884674,133618016.0
1746756268.1051395,133653376.0
1746756268.1219034,133688736.0
1746756268.1380777,133724096.0
1746756268.1542656,133759456.0
1746756268.1705632,133794816.0
1746756268.1868258,133830176.0
1746756268.2030423,133865536.0
1746756268.2193294,133900896.0
1746756268.2354734,133936256.0
1746756268.2517664,133971616.0
1746756268.2680333,134006976.0
1746756268.2843428,134042336.0
1746756268.3006613,134077696.0
1746756268.3174481,134113056.0
1746756268.3337982,134148416.0
1746756268.3501194,134183776.0
1746756268.3667567,134219136.0
1746756268.3834383,134254496.0
1746756268.399686,134289856.0
1746756268.4160063,134325216.0
1746756268.4322672,134360576.0
1746756268.449492,134395936.0
1746756268.4664593,134431296.0
1746756268.482982,134466656.0
1746756268.4992683,134502016.0
1746756268.5156312,134537376.0
1746756268.5319772,134572736.0
1746756268.5483217,134608096.0
1746756268.5646276,134643456.0
1746756268.5815704,134678816.0
1746756268.5977936,134714176.0
1746756268.614468,134749536.0
1746756268.6312745,134784896.0
1746756268.6479802,134820256.0
1746756268.664345,134855616.0
1746756268.6805906,134890976.0
1746756268.6970172,134926336.0
1746756268.7134173,134961696.0
1746756268.7297213,134997056.0
1746756268.7460768,135032416.0
1746756268.7624164,135067776.0
1746756268.7787802,135103136.0
1746756268.7951694,135138496.0
1746756268.8115423,135173856.0
1746756268.827898,135209216.0
1746756268.8447516,135244576.0
1746756268.8610992,135279936.0
1746756268.8775847,135315296.0
1746756268.8943088,135350656.0
1746756268.9109724,135386016.0
1746756268.9273622,135421376.0
1746756268.943719,135456736.0
1746756268.9601035,135492096.0
1746756268.976491,135527456.0
1746756268.992779,135562816.0
1746756269.0092366,135598176.0
1746756269.0256352,135633536.0
1746756269.0419528,135668896.0
1746756269.0583022,135704256.0
1746756269.074631,135739616.0
1746756269.0908856,135774976.0
1746756269.107695,135810336.0
1746756269.1241589,135845696.0
1746756269.140579,135881056.0
1746756269.1572683,135916416.0
1746756269.1740656,135951776.0
1746756269.1904774,135987136.0
1746756269.2068532,136022496.0
1746756269.2233515,136057856.0
1746756269.2397044,136093216.0
1746756269.2562299,136128576.0
1746756269.2726889,136163936.0
1746756269.2891712,136199296.0
1746756269.3055747,136234656.0
1746756269.3219528,136270016.0
1746756269.3383563,136305376.0
1746756269.3548431,136340736.0
1746756269.3719165,136376096.0
1746756269.3884063,136411456.0
1746756269.4047797,136446816.0
1746756269.421584,136482176.0
1746756269.4385073,136517536.0
1746756269.4548905,136552896.0
1746756269.4713688,136588256.0
1746756269.4878018,136623616.0
1746756269.504261,136658976.0
1746756269.520685,136694336.0
1746756269.5370915,136729696.0
1746756269.553501,136765056.0
1746756269.5698993,136800416.0
1746756269.5863547,136835776.0
1746756269.6027453,136871136.0
1746756269.6192367,136906496.0
1746756269.6363196,136941856.0
1746756269.6529088,136977216.0
1746756269.6695282,137012576.0
1746756269.6865487,137047936.0
1746756269.7034945,137083296.0
1746756269.7200875,137118656.0
1746756269.7365987,137154016.0
1746756269.7530563,137189376.0
1746756269.769577,137224736.0
1746756269.7861,137260096.0
1746756269.8026423,137295456.0
1746756269.819115,137330816.0
1746756269.8355632,137366176.0
1746756269.8522384,137401536.0
1746756269.868821,137436896.0
1746756269.8854764,137472256.0
1746756269.9024727,137507616.0
1746756269.918896,137542976.0
1746756269.9353206,137578336.0
1746756269.9523473,137613696.0
1746756269.9693701,137649056.0
1746756269.9859595,137684416.0
1746756270.0024137,137719776.0
1746756270.0187707,137755136.0
1746756270.0351706,137790496.0
1746756270.051557,137825856.0
1746756270.0680182,137861216.0
1746756270.0845392,137896576.0
1746756270.1010652,137931936.0
1746756270.1176424,137967296.0
1746756270.1342397,138002656.0
1746756270.1506813,138038016.0
1746756270.167631,138073376.0
1746756270.1841044,138108736.0
1746756270.2006152,138144096.0
1746756270.2175598,138179456.0
1746756270.234457,138214816.0
1746756270.2508872,138250176.0
1746756270.2673032,138285536.0
1746756270.2837255,138320896.0
1746756270.3001995,138356256.0
1746756270.3166509,138391616.0
1746756270.3330257,138426976.0
1746756270.3494272,138462336.0
1746756270.3658187,138497696.0
1746756270.3822062,138533056.0
1746756270.3986464,138568416.0
1746756270.415195,138603776.0
1746756270.4321477,138639136.0
1746756270.4486089,138674496.0
1746756270.465149,138709856.0
1746756270.4822178,138745216.0
1746756270.4991307,138780576.0
1746756270.5156598,138815936.0
1746756270.532176,138851296.0
1746756270.5487034,138886656.0
1746756270.565237,138922016.0
1746756270.5817127,138957376.0
1746756270.5982327,138992736.0
1746756270.6147833,139028096.0
1746756270.6313236,139063456.0
1746756270.6489596,139098816.0
1746756270.6645622,139134176.0
1746756270.6800334,139169536.0
1746756270.695526,139204896.0
1746756270.7111034,139240256.0
1746756270.7265966,139275616.0
1746756270.7422004,139310976.0
1746756270.7578204,139346336.0
1746756270.7733006,139381696.0
1746756270.7887373,139417056.0
1746756270.8042748,139452416.0
1746756270.8197808,139487776.0
1746756270.835172,139523136.0
1746756270.8505974,139558496.0
1746756270.866003,139593856.0
1746756270.8814526,139629216.0
1746756270.896859,139664576.0
1746756270.9122686,139699936.0
1746756270.927633,139735296.0
1746756270.9430726,139770656.0
1746756270.958544,139806016.0
1746756270.9740567,139841376.0
1746756270.9899192,139876736.0
1746756271.005673,139912096.0
1746756271.0209808,139947456.0
1746756271.0363128,139982816.0
1746756271.0516348,140018176.0
1746756271.0669386,140053536.0
1746756271.0822556,140088896.0
1746756271.0975993,140124256.0
1746756271.1129618,140159616.0
1746756271.1283913,140194976.0
1746756271.1437337,140230336.0
1746756271.1591225,140265696.0
1746756271.1745303,140301056.0
1746756271.189941,140336416.0
1746756271.2052917,140371776.0
1746756271.2206843,140407136.0
1746756271.2366536,140442496.0
1746756271.252581,140477856.0
1746756271.268069,140513216.0
1746756271.283642,140548576.0
1746756271.299134,140583936.0
1746756271.3479254,140619360.0
1746756271.388414,140654784.0
1746756271.459969,140690272.0
1746756271.5084503,140725760.0
1746756271.5450702,140761248.0
1746756271.5628731,140796736.0
1746756271.5805237,140832224.0
1746756271.5986342,140867712.0
1746756271.6162915,140903200.0
1746756271.6344807,140938688.0
1746756271.6520433,140974176.0
1746756271.6700194,141009664.0
1746756271.6880512,141045152.0
1746756271.7056844,141080640.0
1746756271.7233193,141116128.0
1746756271.7410705,141151616.0
1746756271.7586346,141187104.0
1746756271.7762265,141222592.0
1746756271.7938437,141258080.0
1746756271.8114362,141293568.0
1746756271.8290446,141329056.0
1746756271.846675,141364544.0
1746756271.8642654,141400032.0
1746756271.8823562,141435520.0
1746756271.899923,141471008.0
1746756271.9180338,141506496.0
1746756271.9356303,141541984.0
1746756271.953718,141577472.0
1746756271.9717214,141612960.0
1746756271.9893472,141648448.0
1746756272.0067668,141683936.0
1746756272.0241275,141719424.0
1746756272.0415132,141754912.0
1746756272.0588186,141790400.0
1746756272.076428,141825888.0
1746756272.0939689,141861376.0
1746756272.1115026,141896864.0
1746756272.1290996,141932352.0
1746756272.1467738,141967840.0
1746756272.1649575,142003328.0
1746756272.1825109,142038816.0
1746756272.2006938,142074304.0
1746756272.2183256,142109792.0
1746756272.2364402,142145280.0
1746756272.2545195,142180768.0
1746756272.2721095,142216256.0
1746756272.2897263,142251744.0
1746756272.3073058,142287232.0
1746756272.3248723,142322720.0
1746756272.3423564,142358208.0
1746756272.3597498,142393696.0
1746756272.3772476,142429184.0
1746756272.3946538,142464672.0
1746756272.4120789,142500160.0
1746756272.4293997,142535648.0
1746756272.4473896,142571136.0
1746756272.4648962,142606624.0
1746756272.4828653,142642112.0
1746756272.50053,142677600.0
1746756272.5182486,142713088.0
1746756272.5360138,142748576.0
1746756272.553308,142784064.0
1746756272.5708873,142819552.0
1746756272.5883222,142855040.0
1746756272.6058898,142890528.0
1746756272.62336,142926016.0
1746756272.640805,142961504.0
1746756272.65833,142996992.0
1746756272.6758392,143032480.0
1746756272.6932795,143067968.0
1746756272.7108123,143103456.0
1746756272.7287893,143138944.0
1746756272.7463512,143174432.0
1746756272.7643,143209920.0
1746756272.781818,143245408.0
1746756272.799684,143280896.0
1746756272.8175454,143316384.0
1746756272.8350496,143351872.0
1746756272.8524644,143387360.0
1746756272.8698697,143422848.0
1746756272.8873546,143458336.0
1746756272.9047956,143493824.0
1746756272.9222605,143529312.0
1746756272.9396524,143564800.0
1746756272.9571142,143600288.0
1746756272.9745915,143635776.0
1746756272.9921649,143671264.0
1746756273.0098572,143706752.0
1746756273.0270119,143742240.0
1746756273.044522,143777728.0
1746756273.0617166,143813216.0
1746756273.0793552,143848704.0
1746756273.0970767,143884192.0
1746756273.114335,143919680.0
1746756273.1316307,143955168.0
1746756273.1489537,143990656.0
1746756273.1662807,144026144.0
1746756273.183494,144061632.0
1746756273.200818,144097120.0
1746756273.2181528,144132608.0
1746756273.235551,144168096.0
1746756273.2528927,144203584.0
1746756273.2703063,144239072.0
1746756273.2881973,144274560.0
1746756273.3055933,144310048.0
1746756273.323519,144345536.0
1746756273.3409698,144381024.0
1746756273.3587632,144416512.0
1746756273.37664,144452000.0
1746756273.3940132,144487488.0
1746756273.4113297,144522976.0
1746756273.4286675,144558464.0
1746756273.445917,144593952.0
1746756273.4632802,144629440.0
1746756273.480595,144664928.0
1746756273.4978948,144700416.0
1746756273.515173,144735904.0
1746756273.5324535,144771392.0
1746756273.549811,144806880.0
1746756273.567656,144842368.0
1746756273.585102,144877856.0
1746756273.6029327,144913344.0
1746756273.62148,144948832.0
1746756273.6393502,144984320.0
1746756273.657306,145019808.0
1746756273.6748462,145055296.0
1746756273.6923382,145090784.0
1746756273.709791,145126272.0
1746756273.7273316,145161760.0
1746756273.744801,145197248.0
1746756273.7625685,145232736.0
1746756273.7815797,145268224.0
1746756273.7990057,145303712.0
1746756273.8163867,145339200.0
1746756273.833885,145374688.0
1746756273.8519104,145410176.0
1746756273.8695257,145445664.0
1746756273.8875716,145481152.0
1746756273.9050639,145516640.0
1746756273.9229,145552128.0
1746756273.9407148,145587616.0
1746756273.9580798,145623104.0
1746756273.9754908,145658592.0
1746756273.992825,145694080.0
1746756274.0100203,145729568.0
1746756274.0271347,145765056.0
1746756274.0442603,145800544.0
1746756274.0612848,145836032.0
1746756274.0786645,145871520.0
1746756274.096004,145907008.0
1746756274.1133168,145942496.0
1746756274.1312277,145977984.0
1746756274.1485271,146013472.0
1746756274.166304,146048960.0
1746756274.1836693,146084448.0
1746756274.2013192,146119936.0
1746756274.2190964,146155424.0
1746756274.236342,146190912.0
1746756274.253768,146226400.0
1746756274.2709308,146261888.0
1746756274.2882483,146297376.0
1746756274.3363082,146332896.0
1746756274.3862221,146368480.0
1746756274.4289582,146404064.0
1746756274.4792595,146439680.0
1746756274.541074,146475680.0
1746756274.5845103,146511680.0
1746756274.6286297,146547680.0
1746756274.6725376,146583680.0
1746756274.7172718,146619680.0
1746756274.762793,146655680.0
1746756274.8080866,146691680.0
1746756274.853768,146727680.0
1746756274.899355,146763680.0
1746756274.9452317,146799680.0
1746756274.9914079,146835680.0
1746756275.0379753,146871680.0
1746756275.1143837,146907712.0
1746756275.1390193,146943744.0
1746756275.159057,146979776.0
1746756275.1791341,147015808.0
1746756275.1992173,147051840.0
1746756275.2200046,147087872.0
1746756275.2416477,147123904.0
1746756275.2608874,147159936.0
1746756275.2810402,147195968.0
1746756275.300582,147232000.0
1746756275.3200967,147268032.0
1746756275.3395877,147304064.0
1746756275.3586543,147340096.0
1746756275.37765,147376128.0
1746756275.396768,147412160.0
1746756275.4159598,147448192.0
1746756275.4351654,147484224.0
1746756275.4542518,147520256.0
1746756275.4733675,147556288.0
1746756275.492543,147592320.0
1746756275.5117414,147628352.0
1746756275.5314097,147664384.0
1746756275.5512326,147700416.0
1746756275.5704198,147736448.0
1746756275.5901473,147772480.0
1746756275.6097505,147808512.0
1746756275.6291795,147844544.0
1746756275.648785,147880576.0
1746756275.6678534,147916608.0
1746756275.6870275,147952640.0
1746756275.7062085,147988672.0
1746756275.7252977,148024704.0
1746756275.744475,148060736.0
1746756275.7636383,148096768.0
1746756275.7827601,148132800.0
1746756275.801951,148168832.0
1746756275.8211148,148204864.0
1746756275.8408122,148240896.0
1746756275.8604922,148276928.0
1746756275.8796248,148312960.0
1746756275.8992746,148348992.0
1746756275.91877,148385024.0
1746756275.9382644,148421056.0
1746756275.957656,148457088.0
1746756275.9766715,148493120.0
1746756275.9956965,148529152.0
1746756276.0147521,148565184.0
1746756276.0337179,148601216.0
1746756276.0527153,148637248.0
1746756276.0716722,148673280.0
1746756276.0906773,148709312.0
1746756276.1096973,148745344.0
1746756276.1288528,148781376.0
1746756276.1485758,148817408.0
1746756276.1684127,148853440.0
1746756276.1875966,148889472.0
1746756276.2072444,148925504.0
1746756276.2268114,148961536.0
1746756276.2464359,148997568.0
1746756276.2661097,149033600.0
1746756276.285275,149069632.0
1746756276.304458,149105664.0
1746756276.323543,149141696.0
1746756276.3736694,149177760.0
1746756276.395349,149213824.0
1746756276.4185667,149249888.0
1746756276.4380713,149285952.0
1746756276.457583,149322016.0
1746756276.550656,149359840.0
1746756276.5955122,149397664.0
1746756276.6410716,149435488.0
1746756276.6862805,149473312.0
1746756276.7324882,149511136.0
1746756276.7788754,149548960.0
1746756276.82555,149586784.0
1746756276.8725858,149624608.0
1746756276.9193718,149662432.0
1746756276.966504,149700256.0
1746756277.014174,149738080.0
1746756277.0620077,149775904.0
1746756277.110097,149813728.0
1746756277.1586165,149851552.0
1746756277.2075176,149889376.0
1746756277.2568793,149927200.0
1746756277.3065746,149965024.0
1746756277.3574195,150002848.0
1746756277.4082956,150040672.0
1746756277.4580605,150078496.0
1746756277.5089383,150116320.0
1746756277.5597844,150154144.0
1746756277.6106262,150191968.0
1746756277.6619787,150229792.0
1746756277.713622,150267616.0
1746756277.765664,150305440.0
1746756277.8180578,150343264.0
1746756277.8707764,150381088.0
1746756277.9237454,150418912.0
1746756277.977013,150456736.0
1746756278.0306451,150494560.0
1746756278.0846035,150532384.0
1746756278.1389158,150570208.0
1746756278.1940992,150608032.0
1746756278.2499635,150645856.0
1746756278.305167,150683680.0
1746756278.3613114,150721504.0
1746756278.4176004,150759328.0
1746756278.4738135,150797152.0
1746756278.530207,150834976.0
1746756278.5871768,150872800.0
1746756278.644449,150910624.0
1746756278.7019894,150948448.0
1746756278.7597785,150986272.0
1746756278.817728,151024096.0
1746756278.8761837,151061920.0
1746756278.9358628,151099744.0
1746756278.9962063,151137568.0
1746756279.055765,151175392.0
1746756279.1157312,151213216.0
1746756279.1766999,151251040.0
1746756279.2378166,151288864.0
1746756279.2993274,151326688.0
1746756279.3606257,151364512.0
1746756279.4215007,151402336.0
1746756279.482962,151440160.0
1746756279.5913892,151477984.0
1746756279.6794643,151517152.0
1746756279.7277882,151556320.0
1746756279.7761526,151595488.0
1746756279.8249369,151634656.0
1746756279.8745866,151673824.0
1746756279.924058,151712992.0
1746756279.9737453,151752160.0
1746756280.0237386,151791328.0
1746756280.0744753,151830496.0
1746756280.1256928,151869664.0
1746756280.176671,151908832.0
1746756280.228481,151948000.0
1746756280.280537,151987168.0
1746756280.3323922,152026336.0
1746756280.3841496,152065504.0
1746756280.4363933,152104672.0
1746756280.4891484,152143840.0
1746756280.5422094,152183008.0
1746756280.5956433,152222176.0
1746756280.6493208,152261344.0
1746756280.7038033,152300512.0
1746756280.7581992,152339680.0
1746756280.8149354,152378848.0
1746756280.8681734,152418016.0
1746756280.9223182,152457184.0
1746756280.9767764,152496352.0
1746756281.0308044,152535520.0
1746756281.0856645,152574688.0
1746756281.140724,152613856.0
1746756281.1957712,152653024.0
1746756281.250946,152692192.0
1746756281.3067358,152731360.0
1746756281.3626914,152770528.0
1746756281.4192328,152809696.0
1746756281.4756424,152848864.0
1746756281.533125,152888032.0
1746756281.5903802,152927200.0
1746756281.647482,152966368.0
1746756281.704844,153005536.0
1746756281.7629511,153044704.0
1746756281.821506,153083872.0
1746756281.881214,153123040.0
1746756281.9404805,153162208.0
1746756282.0042813,153201408.0
1746756282.0960479,153240640.0
1746756282.1529276,153279904.0
1746756282.19259,153319168.0
1746756282.2182627,153358432.0
1746756282.2442062,153397696.0
1746756282.270106,153436960.0
1746756282.2961113,153476224.0
1746756282.3221314,153515488.0
1746756282.348274,153554752.0
1746756282.373725,153594016.0
1746756282.4000897,153633280.0
1746756282.4294665,153672544.0
1746756282.452725,153711808.0
1746756282.4758627,153751072.0
1746756282.4985087,153790336.0
1746756282.5215542,153829600.0
1746756282.5446851,153868864.0
1746756282.567286,153908128.0
1746756282.5897884,153947392.0
1746756282.612511,153986656.0
1746756282.6357384,154025920.0
1746756282.6588895,154065184.0
1746756282.6820462,154104448.0
1746756282.7052672,154143712.0
1746756282.7279687,154182976.0
1746756282.7506895,154222240.0
1746756282.7734356,154261504.0
1746756282.796294,154300768.0
1746756282.819623,154340032.0
1746756282.8429189,154379296.0
1746756282.8661177,154418560.0
1746756282.8892736,154457824.0
1746756282.912099,154497088.0
1746756282.934371,154536352.0
1746756282.956861,154575616.0
1746756282.9795961,154614880.0
1746756283.002877,154654144.0
1746756283.0260966,154693408.0
1746756283.0493546,154732672.0
1746756283.072784,154771936.0
1746756283.0954468,154811200.0
1746756283.1180797,154850464.0
1746756283.1409068,154889728.0
1746756283.163599,154928992.0
1746756283.1869662,154968256.0
1746756283.2102785,155007520.0
1746756283.233439,155046784.0
1746756283.2570326,155086048.0
1746756283.2784033,155125312.0
1746756283.2989807,155164576.0
1746756283.3195527,155203840.0
1746756283.3400626,155243104.0
1746756283.3612025,155282368.0
1746756283.3825474,155321632.0
1746756283.4032218,155360896.0
1746756283.424535,155400160.0
1746756283.4453745,155439424.0
1746756283.4659617,155478688.0
1746756283.4865103,155517952.0
1746756283.50711,155557216.0
1746756283.528364,155596480.0
1746756283.549664,155635744.0
1746756283.5704222,155675008.0
1746756283.591558,155714272.0
1746756283.6128376,155753536.0
1746756283.6336527,155792800.0
1746756283.654435,155832064.0
1746756283.6750395,155871328.0
1746756283.696089,155910592.0
1746756283.7172513,155949856.0
1746756283.7379265,155989120.0
1746756283.7591388,156028384.0
1746756283.7797747,156067648.0
1746756283.8004143,156106912.0
1746756283.8211246,156146176.0
1746756283.8418443,156185440.0
1746756283.8632255,156224704.0
1746756283.884664,156263968.0
1746756283.9054592,156303232.0
1746756283.926619,156342496.0
1746756283.9483314,156381760.0
1746756283.969031,156421024.0
1746756283.9896698,156460288.0
1746756284.0104818,156499552.0
1746756284.0316591,156538816.0
1746756284.0529933,156578080.0
1746756284.0736852,156617344.0
1746756284.0949252,156656608.0
1746756284.115628,156695872.0
1746756284.1363542,156735136.0
1746756284.1570547,156774400.0
1746756284.1777246,156813664.0
1746756284.1990933,156852928.0
1746756284.220472,156892192.0
1746756284.2412312,156931456.0
1746756284.2623918,156970720.0
1746756284.2837143,157009984.0
1746756284.304486,157049248.0
1746756284.3252087,157088512.0
1746756284.3459694,157127776.0
1746756284.3981314,157167072.0
1746756284.45171,157206400.0
1746756284.5057247,157245760.0
1746756284.5363648,157285120.0
1746756284.5589466,157324480.0
1746756284.5813365,157363840.0
1746756284.6042557,157403200.0
1746756284.6272333,157442560.0
1746756284.6504645,157481920.0
1746756284.6735127,157521280.0
1746756284.696006,157560640.0
1746756284.7185154,157600000.0
1746756284.741458,157639360.0
1746756284.763926,157678720.0
1746756284.7864003,157718080.0
1746756284.8089402,157757440.0
1746756284.8323102,157796800.0
1746756284.8552222,157836160.0
1746756284.8777966,157875520.0
1746756284.900952,157914880.0
1746756284.9233882,157954240.0
1746756284.9458153,157993600.0
1746756284.9688525,158032960.0
1746756284.9918718,158072320.0
1746756285.0150456,158111680.0
1746756285.037915,158151040.0
1746756285.060115,158190400.0
1746756285.0831213,158229760.0
1746756285.106059,158269120.0
1746756285.1285243,158308480.0
1746756285.1509936,158347840.0
1746756285.173483,158387200.0
1746756285.196476,158426560.0
1746756285.2195206,158465920.0
1746756285.242368,158505280.0
1746756285.265043,158544640.0
1746756285.2871568,158584000.0
1746756285.3092759,158623360.0
1746756285.3319805,158662720.0
1746756285.3546107,158702080.0
1746756285.377605,158741440.0
1746756285.4003887,158780800.0
1746756285.4212475,158820160.0
1746756285.4419,158859520.0
1746756285.462895,158898880.0
1746756285.4833298,158938240.0
1746756285.5037177,158977600.0
1746756285.5241592,159016960.0
1746756285.5450501,159056320.0
1746756285.5660968,159095680.0
1746756285.586608,159135040.0
1746756285.6076229,159174400.0
1746756285.6280625,159213760.0
1746756285.648515,159253120.0
1746756285.6694806,159292480.0
1746756285.689982,159331840.0
1746756285.7110956,159371200.0
1746756285.7322958,159410560.0
1746756285.7525957,159449920.0
1746756285.7730455,159489280.0
1746756285.7937467,159528640.0
1746756285.813887,159568000.0
1746756285.8341308,159607360.0
1746756285.854406,159646720.0
1746756285.8751702,159686080.0
1746756285.8958645,159725440.0
1746756285.9380825,159764800.0
1746756285.9592175,159804160.0
1746756285.979476,159843520.0
1746756285.999795,159882880.0
1746756286.020633,159922240.0
1746756286.0409286,159961600.0
1746756286.0617132,160000960.0
1746756286.0825655,160040320.0
1746756286.1028464,160079680.0
1746756286.123626,160119040.0
1746756286.1445122,160158400.0
1746756286.1648436,160197760.0
1746756286.1852503,160237120.0
1746756286.205698,160276480.0
1746756286.226596,160315840.0
1746756286.2476537,160355200.0
1746756286.2679908,160394560.0
1746756286.2889304,160433920.0
1746756286.309308,160473280.0
1746756286.3297198,160512640.0
1746756286.3506577,160552000.0
1746756286.4024317,160591392.0
1746756286.4556336,160630816.0
1746756286.48331,160670240.0
1746756286.5057244,160709664.0
1746756286.5285668,160749088.0
1746756286.5515084,160788512.0
1746756286.5743542,160827936.0
1746756286.5975795,160867360.0
1746756286.6183677,160906784.0
1746756286.6393764,160946208.0
1746756286.6608186,160985632.0
1746756286.6817777,161025056.0
1746756286.7032752,161064480.0
1746756286.7241914,161103904.0
1746756286.7450757,161143328.0
1746756286.7665343,161182752.0
1746756286.7873912,161222176.0
1746756286.8087802,161261600.0
1746756286.830151,161301024.0
1746756286.8510692,161340448.0
1746756286.872524,161379872.0
1746756286.8939211,161419296.0
1746756286.9153154,161458720.0
1746756286.936666,161498144.0
1746756286.9574633,161537568.0
1746756286.9787698,161576992.0
1746756287.0002623,161616416.0
1746756287.0210423,161655840.0
1746756287.0423846,161695264.0
1746756287.063047,161734688.0
1746756287.0837731,161774112.0
1746756287.105067,161813536.0
1746756287.125948,161852960.0
1746756287.1473975,161892384.0
1746756287.168782,161931808.0
1746756287.1896348,161971232.0
1746756287.2109566,162010656.0
1746756287.2325115,162050080.0
1746756287.253797,162089504.0
1746756287.2750487,162128928.0
1746756287.2958462,162168352.0
1746756287.3173113,162207776.0
1746756287.3390357,162247200.0
1746756287.359919,162286624.0
1746756287.3813314,162326048.0
1746756287.433434,162365504.0
1746756287.4590526,162404960.0
1746756287.4816225,162444416.0
1746756287.5034788,162483872.0
1746756287.525992,162523328.0
1746756287.5485847,162562784.0
1746756287.5711904,162602240.0
1746756287.5938187,162641696.0
1746756287.6163988,162681152.0
1746756287.639007,162720608.0
1746756287.661472,162760064.0
1746756287.6848478,162799520.0
1746756287.7074037,162838976.0
1746756287.7300155,162878432.0
1746756287.752079,162917888.0
1746756287.7746274,162957344.0
1746756287.7967637,162996800.0
1746756287.818829,163036256.0
1746756287.8424187,163075712.0
1746756287.8668408,163115168.0
1746756287.8857265,163154624.0
1746756287.904717,163194080.0
1746756287.9237084,163233536.0
1746756287.9428294,163272992.0
1746756287.9617536,163312448.0
1746756287.980796,163351904.0
1746756287.9991498,163391360.0
1746756288.0172856,163430816.0
1746756288.0352676,163470272.0
1746756288.0533452,163509728.0
1746756288.0713432,163549184.0
1746756288.0899396,163588640.0
1746756288.107941,163628096.0
1746756288.1259718,163667552.0
1746756288.1445065,163707008.0
1746756288.163362,163746464.0
1746756288.1820796,163785920.0
1746756288.200667,163825376.0
1746756288.219315,163864832.0
1746756288.2379358,163904288.0
1746756288.2566378,163943744.0
1746756288.275195,163983200.0
1746756288.2937353,164022656.0
1746756288.312002,164062112.0
1746756288.3300586,164101568.0
1746756288.3482924,164141024.0
1746756288.3664172,164180480.0
1746756288.3850837,164219936.0
1746756288.403244,164259392.0
1746756288.4213204,164298848.0
1746756288.43986,164338304.0
1746756288.4578946,164377760.0
1746756288.476489,164417216.0
1746756288.495098,164456672.0
1746756288.5138934,164496128.0
1746756288.5325007,164535584.0
1746756288.5512261,164575040.0
1746756288.5699039,164614496.0
1746756288.5885077,164653952.0
1746756288.6066751,164693408.0
1746756288.6248207,164732864.0
1746756288.643002,164772320.0
1746756288.661183,164811776.0
1746756288.6799917,164851232.0
1746756288.6981518,164890688.0
1746756288.716333,164930144.0
1746756288.7353215,164969600.0
1746756288.7531264,165009056.0
1746756288.7711236,165048512.0
1746756288.7889762,165087968.0
1746756288.8072782,165127424.0
1746756288.825466,165166880.0
1746756288.8437436,165206336.0
1746756288.8619356,165245792.0
1746756288.8803577,165285248.0
1746756288.8983002,165324704.0
1746756288.9161983,165364160.0
1746756288.9341736,165403616.0
1746756288.9521215,165443072.0
1746756288.9706495,165482528.0
1746756288.9885764,165521984.0
1746756289.0065277,165561440.0
1746756289.0250883,165600896.0
1746756289.043141,165640352.0
1746756289.0614552,165679808.0
1746756289.0791752,165719264.0
1746756289.0976698,165758720.0
1746756289.1159925,165798176.0
1746756289.134353,165837632.0
1746756289.1527574,165877088.0
1746756289.1711378,165916544.0
1746756289.1890752,165956000.0
1746756289.206999,165995456.0
1746756289.2248774,166034912.0
1746756289.2426724,166074368.0
1746756289.2614706,166113824.0
1746756289.2789016,166153280.0
1746756289.2964177,166192736.0
1746756289.3140676,166232192.0
1746756289.3315995,166271648.0
1746756289.349841,166311104.0
1746756289.3673708,166350560.0
1746756289.3854795,166390016.0
1746756289.4035814,166429472.0
1746756289.421743,166468928.0
1746756289.439885,166508384.0
1746756289.4578907,166547840.0
1746756289.4754412,166587296.0
1746756289.4929538,166626752.0
1746756289.5105672,166666208.0
1746756289.528138,166705664.0
1746756289.5461502,166745120.0
1746756289.5636108,166784576.0
1746756289.5810518,166824032.0
1746756289.599108,166863488.0
1746756289.6166332,166902944.0
1746756289.6347253,166942400.0
1746756289.6523197,166981856.0
1746756289.6704981,167021312.0
1746756289.68869,167060768.0
1746756289.707187,167100224.0
1746756289.7242033,167139680.0
1746756289.7413092,167179136.0
1746756289.7582853,167218592.0
1746756289.7751367,167258048.0
1746756289.7921321,167297504.0
1746756289.8090312,167336960.0
1746756289.8258476,167376416.0
1746756289.84274,167415872.0
1746756289.8597558,167455328.0
1746756289.877189,167494784.0
1746756289.8940141,167534240.0
1746756289.9114795,167573696.0
1746756289.9283278,167613152.0
1746756289.9458113,167652608.0
1746756289.9632058,167692064.0
1746756289.9807596,167731520.0
1746756289.9981196,167770976.0
1746756290.0156336,167810432.0
1746756290.0325508,167849888.0
1746756290.0495062,167889344.0
1746756290.0663936,167928800.0
1746756290.0832436,167968256.0
1746756290.1001472,168007712.0
1746756290.1170683,168047168.0
1746756290.1339114,168086624.0
1746756290.1512828,168126080.0
1746756290.1681561,168165536.0
1746756290.185594,168204992.0
1746756290.2025595,168244448.0
1746756290.220066,168283904.0
1746756290.2373588,168323360.0
1746756290.2547755,168362816.0
1746756290.2723598,168402272.0
1746756290.2897434,168441728.0
1746756290.3065677,168481184.0
1746756290.3233364,168520640.0
1746756290.3401957,168560096.0
1746756290.3570976,168599552.0
1746756290.3739119,168639008.0
1746756290.390698,168678464.0
1746756290.4075449,168717920.0
1746756290.42499,168757376.0
1746756290.4419572,168796832.0
1746756290.4594288,168836288.0
1746756290.4763358,168875744.0
1746756290.4938045,168915200.0
1746756290.5112803,168954656.0
1746756290.528762,168994112.0
1746756290.5461628,169033568.0
1746756290.563551,169073024.0
1746756290.5804477,169112480.0
1746756290.5973852,169151936.0
1746756290.6143212,169191392.0
1746756290.6317046,169230848.0
1746756290.6486254,169270304.0
1746756290.6655395,169309760.0
1746756290.6825206,169349216.0
1746756290.7001271,169388672.0
1746756290.7169995,169428128.0
1746756290.734549,169467584.0
1746756290.751515,169507040.0
1746756290.7691286,169546496.0
1746756290.7866533,169585952.0
1746756290.804082,169625408.0
1746756290.8214443,169664864.0
1746756290.8388693,169704320.0
1746756290.855807,169743776.0
1746756290.8727624,169783232.0
1746756290.8895268,169822688.0
1746756290.9064214,169862144.0
1746756290.9232428,169901600.0
1746756290.9402642,169941056.0
1746756290.9572515,169980512.0
1746756290.974772,170019968.0
1746756290.9915538,170059424.0
1746756291.0089486,170098880.0
1746756291.0259068,170138336.0
1746756291.0433266,170177792.0
1746756291.0608406,170217248.0
1746756291.0783172,170256704.0
1746756291.095813,170296160.0
1746756291.1133602,170335616.0
1746756291.1302803,170375072.0
1746756291.1472945,170414528.0
1746756291.1642327,170453984.0
1746756291.1811883,170493440.0
1746756291.1980867,170532896.0
1746756291.2151194,170572352.0
1746756291.2320592,170611808.0
1746756291.2496293,170651264.0
1746756291.2666464,170690720.0
1746756291.2843277,170730176.0
1746756291.3013601,170769632.0
1746756291.3189542,170809088.0
1746756291.3365004,170848544.0
1746756291.3540096,170888000.0
1746756291.3715162,170927456.0
1746756291.3890164,170966912.0
1746756291.4059134,171006368.0
1746756291.422879,171045824.0
1746756291.4398615,171085280.0
1746756291.4569461,171124736.0
1746756291.4739308,171164192.0
1746756291.5526292,171203712.0
1746756291.6058207,171243232.0
1746756291.6523044,171282752.0
1746756291.6692858,171322272.0
1746756291.6858873,171361792.0
1746756291.7026014,171401312.0
1746756291.719365,171440832.0
1746756291.7361665,171480352.0
1746756291.7533643,171519872.0
1746756291.770882,171559392.0
1746756291.7873347,171598912.0
1746756291.803456,171638432.0
1746756291.819589,171677952.0
1746756291.8359206,171717472.0
1746756291.8521316,171756992.0
1746756291.868431,171796512.0
1746756291.8846083,171836032.0
1746756291.9008722,171875552.0
1746756291.9171302,171915072.0
1746756291.9332736,171954592.0
1746756291.9495661,171994112.0
1746756291.9658148,172033632.0
1746756291.982101,172073152.0
1746756291.9985423,172112672.0
1746756292.0153575,172152192.0
1746756292.0322046,172191712.0
1746756292.0489864,172231232.0
1746756292.0652936,172270752.0
1746756292.081496,172310272.0
1746756292.0977402,172349792.0
1746756292.1140258,172389312.0
1746756292.1302598,172428832.0
1746756292.1463773,172468352.0
1746756292.16257,172507872.0
1746756292.1787922,172547392.0
1746756292.194983,172586912.0
1746756292.2113066,172626432.0
1746756292.2274983,172665952.0
1746756292.2437346,172705472.0
1746756292.2605639,172744992.0
1746756292.2773793,172784512.0
1746756292.2942226,172824032.0
1746756292.3109767,172863552.0
1746756292.3272085,172903072.0
1746756292.3433557,172942592.0
1746756292.359561,172982112.0
1746756292.375845,173021632.0
1746756292.3920476,173061152.0
1746756292.4084036,173100672.0
1746756292.4247036,173140192.0
1746756292.440607,173179712.0
1746756292.4565468,173219232.0
1746756292.4724016,173258752.0
1746756292.4883714,173298272.0
1746756292.5042832,173337792.0
1746756292.5202637,173377312.0
1746756292.5362897,173416832.0
1746756292.5521593,173456352.0
1746756292.5678205,173495872.0
1746756292.5836027,173535392.0
1746756292.5994174,173574912.0
1746756292.615245,173614432.0
1746756292.6310825,173653952.0
1746756292.6468346,173693472.0
1746756292.6626322,173732992.0
1746756292.6783862,173772512.0
1746756292.6942115,173812032.0
1746756292.7100976,173851552.0
1746756292.7259765,173891072.0
1746756292.7419107,173930592.0
1746756292.757885,173970112.0
1746756292.774341,174009632.0
1746756292.7907705,174049152.0
1746756292.8066342,174088672.0
1746756292.822529,174128192.0
1746756292.8383152,174167712.0
1746756292.854132,174207232.0
1746756292.870066,174246752.0
1746756292.8859403,174286272.0
1746756292.9018123,174325792.0
1746756292.9176447,174365312.0
1746756292.9333408,174404832.0
1746756292.9492283,174444352.0
1746756292.9650762,174483872.0
1746756292.9808939,174523392.0
1746756292.996762,174562912.0
1746756293.0126512,174602432.0
1746756293.0291238,174641952.0
1746756293.0455034,174681472.0
1746756293.0613437,174720992.0
1746756293.0771105,174760512.0
1746756293.0930176,174800032.0
1746756293.1088862,174839552.0
1746756293.1248245,174879072.0
1746756293.1406713,174918592.0
1746756293.1565886,174958112.0
1746756293.1723855,174997632.0
1746756293.1881578,175037152.0
1746756293.2039528,175076672.0
1746756293.2196379,175116192.0
1746756293.2353663,175155712.0
1746756293.2513168,175195232.0
1746756293.2671442,175234752.0
1746756293.2835498,175274272.0
1746756293.2999446,175313792.0
1746756293.315737,175353312.0
1746756293.3317199,175392832.0
1746756293.3475704,175432352.0
1746756293.363405,175471872.0
1746756293.3792062,175511392.0
1746756293.4269848,175551008.0
1746756293.467699,175590624.0
1746756293.508709,175630240.0
1746756293.5567284,175669920.0
1746756293.5978577,175709600.0
1746756293.6489441,175749312.0
1746756293.712162,175789440.0
1746756293.7542741,175829568.0
1746756293.797034,175869696.0
1746756293.840133,175909824.0
1746756293.8836806,175949952.0
1746756293.9274082,175990080.0
1746756293.970863,176030208.0
1746756294.0147104,176070336.0
1746756294.0588834,176110464.0
1746756294.1034524,176150592.0
1746756294.1482801,176190720.0
1746756294.1937287,176230848.0
1746756294.2388282,176270976.0
1746756294.2932825,176311168.0
1746756294.3360767,176351360.0
1746756294.3693476,176391552.0
1746756294.3877983,176431744.0
1746756294.4059381,176471936.0
1746756294.4247005,176512128.0
1746756294.4433594,176552320.0
1746756294.4623425,176592512.0
1746756294.4811378,176632704.0
1746756294.4993765,176672896.0
1746756294.517626,176713088.0
1746756294.5358775,176753280.0
1746756294.5541973,176793472.0
1746756294.573442,176833664.0
1746756294.5916367,176873856.0
1746756294.609821,176914048.0
1746756294.6280248,176954240.0
1746756294.6462846,176994432.0
1746756294.6644602,177034624.0
1746756294.6827667,177074816.0
1746756294.7009218,177115008.0
1746756294.719763,177155200.0
1746756294.7385108,177195392.0
1746756294.757461,177235584.0
1746756294.7761996,177275776.0
1746756294.7944095,177315968.0
1746756294.8127446,177356160.0
1746756294.8310378,177396352.0
1746756294.8493624,177436544.0
1746756294.8675358,177476736.0
1746756294.8857825,177516928.0
1746756294.9039407,177557120.0
1746756294.9221594,177597312.0
1746756294.9404325,177637504.0
1746756294.9587042,177677696.0
1746756294.9770348,177717888.0
1746756294.9952796,177758080.0
1746756295.0143316,177798272.0
1746756295.0331078,177838464.0
1746756295.0522144,177878656.0
1746756295.0709243,177918848.0
1746756295.089131,177959040.0
1746756295.1073668,177999232.0
1746756295.1255717,178039424.0
1746756295.1438239,178079616.0
1746756295.1620302,178119808.0
1746756295.1802104,178160000.0
1746756295.1983962,178200192.0
1746756295.216753,178240384.0
1746756295.2350907,178280576.0
1746756295.2533212,178320768.0
1746756295.2716873,178360960.0
1746756295.2900338,178401152.0
1746756295.309069,178441344.0
1746756295.3278978,178481536.0
1746756295.3469567,178521728.0
1746756295.3657067,178561920.0
1746756295.3840055,178602112.0
1746756295.4022453,178642304.0
1746756295.420584,178682496.0
1746756295.4387276,178722688.0
1746756295.456723,178762880.0
1746756295.4747722,178803072.0
1746756295.5400558,178843552.0
1746756295.586563,178884032.0
1746756295.6334152,178924512.0
1746756295.6808455,178964992.0
1746756295.7285976,179005472.0
1746756295.776663,179045952.0
1746756295.8255696,179086432.0
1746756295.8748174,179126912.0
1746756295.9243815,179167392.0
1746756295.9685442,179207872.0
1746756295.988381,179248352.0
1746756296.0078666,179288832.0
1746756296.0273645,179329312.0
1746756296.0469193,179369792.0
1746756296.0671365,179410272.0
1746756296.0866299,179450752.0
1746756296.106095,179491232.0
1746756296.125536,179531712.0
1746756296.145145,179572192.0
1746756296.1646385,179612672.0
1746756296.1842778,179653152.0
1746756296.203655,179693632.0
1746756296.2238982,179734112.0
1746756296.2440083,179774592.0
1746756296.2643092,179815072.0
1746756296.2843316,179855552.0
1746756296.3038423,179896032.0
1746756296.3234632,179936512.0
1746756296.3430328,179976992.0
1746756296.362533,180017472.0
1746756296.3826327,180057952.0
1746756296.4021087,180098432.0
1746756296.4216297,180138912.0
1746756296.472353,180179424.0
1746756296.5264955,180220000.0
1746756296.5723495,180260576.0
1746756296.6032653,180301152.0
1746756296.6238627,180341728.0
1746756296.6449172,180382304.0
1746756296.6659956,180422880.0
1746756296.6872637,180463456.0
1746756296.7083313,180504032.0
1746756296.7288065,180544608.0
1746756296.7492874,180585184.0
1746756296.7697628,180625760.0
1746756296.7901871,180666336.0
1746756296.811286,180706912.0
1746756296.831783,180747488.0
1746756296.8522432,180788064.0
1746756296.8727155,180828640.0
1746756296.8931594,180869216.0
1746756296.9136033,180909792.0
1746756296.934121,180950368.0
1746756296.9547384,180990944.0
1746756296.975685,181031520.0
1746756296.9968195,181072096.0
1746756297.0176413,181112672.0
1746756297.038347,181153248.0
1746756297.058504,181193824.0
1746756297.0786378,181234400.0
1746756297.0987875,181274976.0
1746756297.1190853,181315552.0
1746756297.1399724,181356128.0
1746756297.159777,181396704.0
1746756297.180793,181437280.0
1746756297.1995625,181477856.0
1746756297.2182398,181518432.0
1746756297.237073,181559008.0
1746756297.2558365,181599584.0
1746756297.2746713,181640160.0
1746756297.2934752,181680736.0
1746756297.3124027,181721312.0
1746756297.3319175,181761888.0
1746756297.3511398,181802464.0
1746756297.369805,181843040.0
1746756297.3885114,181883616.0
1746756297.4073894,181924192.0
1746756297.4262497,181964768.0
1746756297.4456656,182005344.0
1746756297.4645307,182045920.0
1746756297.483315,182086496.0
1746756297.502166,182127072.0
1746756297.520992,182167648.0
1746756297.539773,182208224.0
1746756297.5586286,182248800.0
1746756297.5775957,182289376.0
1746756297.5963306,182329952.0
1746756297.615645,182370528.0
1746756297.6351824,182411104.0
1746756297.6545758,182451680.0
1746756297.673397,182492256.0
1746756297.6920846,182532832.0
1746756297.7109015,182573408.0
1746756297.7297263,182613984.0
1746756297.7490754,182654560.0
1746756297.7677367,182695136.0
1746756297.786461,182735712.0
1746756297.8052347,182776288.0
1746756297.824044,182816864.0
1746756297.842695,182857440.0
1746756297.8614655,182898016.0
1746756297.880178,182938592.0
1746756297.8989716,182979168.0
1746756297.9183452,183019744.0
1746756297.9376678,183060320.0
1746756297.95706,183100896.0
1746756297.975769,183141472.0
1746756297.9945576,183182048.0
1746756298.0133204,183222624.0
1746756298.03211,183263200.0
1746756298.0513604,183303776.0
1746756298.0701582,183344352.0
1746756298.0888448,183384928.0
1746756298.1075263,183425504.0
1746756298.1262324,183466080.0
1746756298.144913,183506656.0
1746756298.163533,183547232.0
1746756298.1823406,183587808.0
1746756298.2010107,183628384.0
1746756298.2202775,183668960.0
1746756298.239769,183709536.0
1746756298.259058,183750112.0
1746756298.2777867,183790688.0
1746756298.2964919,183831264.0
1746756298.3152027,183871840.0
1746756298.3340461,183912416.0
1746756298.3532934,183952992.0
1746756298.372089,183993568.0
1746756298.3906178,184034144.0
1746756298.4090445,184074720.0
1746756298.4274907,184115296.0
1746756298.4460304,184155872.0
1746756298.4973447,184196512.0
1746756298.5412555,184237152.0
1746756298.6037476,184277856.0
1746756298.6539032,184318560.0
1746756298.7096179,184359520.0
1746756298.7534409,184400480.0
1746756298.7969916,184441440.0
1746756298.8414567,184482400.0
1746756298.8857632,184523360.0
1746756298.9306738,184564320.0
1746756298.9755533,184605280.0
1746756299.0207942,184646240.0
1746756299.0875769,184687264.0
1746756299.132255,184728288.0
1746756299.170489,184769312.0
1746756299.1905053,184810336.0
1746756299.2103093,184851360.0
1746756299.2306476,184892384.0
1746756299.2505758,184933408.0
1746756299.271049,184974432.0
1746756299.2914577,185015456.0
1746756299.3117843,185056480.0
1746756299.331665,185097504.0
1746756299.3519588,185138528.0
1746756299.3718007,185179552.0
1746756299.3921335,185220576.0
1746756299.4118838,185261600.0
1746756299.4317336,185302624.0
1746756299.4515443,185343648.0
1746756299.4714327,185384672.0
1746756299.4913638,185425696.0
1746756299.51133,185466720.0
1746756299.5311232,185507744.0
1746756299.551496,185548768.0
1746756299.5714722,185589792.0
1746756299.592396,185630816.0
1746756299.6126988,185671840.0
1746756299.632748,185712864.0
1746756299.6524212,185753888.0
1746756299.6725223,185794912.0
1746756299.6922624,185835936.0
1746756299.71193,185876960.0
1746756299.731541,185917984.0
1746756299.7512856,185959008.0
1746756299.7710116,186000032.0
1746756299.7916365,186041056.0
1746756299.8105326,186082080.0
1746756299.8294363,186123104.0
1746756299.8483377,186164128.0
1746756299.8676627,186205152.0
1746756299.8865204,186246176.0
1746756299.9059548,186287200.0
1746756299.9255457,186328224.0
1746756299.9448793,186369248.0
1746756299.9637697,186410272.0
1746756299.9831464,186451296.0
1746756300.002028,186492320.0
1746756300.020849,186533344.0
1746756300.0396945,186574368.0
1746756300.0585718,186615392.0
1746756300.0774124,186656416.0
1746756300.0963836,186697440.0
1746756300.1153102,186738464.0
1746756300.1341882,186779488.0
1746756300.1530395,186820512.0
1746756300.1724737,186861536.0
1746756300.1913106,186902560.0
1746756300.2108552,186943584.0
1746756300.2303362,186984608.0
1746756300.2497432,187025632.0
1746756300.2686262,187066656.0
1746756300.2879684,187107680.0
1746756300.3068674,187148704.0
1746756300.3257432,187189728.0
1746756300.3446746,187230752.0
1746756300.3635824,187271776.0
1746756300.3825624,187312800.0
1746756300.4014826,187353824.0
1746756300.4204197,187394848.0
1746756300.4392927,187435872.0
1746756300.4896176,187476928.0
1746756300.5117106,187517984.0
1746756300.533746,187559040.0
1746756300.5528998,187600096.0
1746756300.5721447,187641152.0
1746756300.59138,187682208.0
1746756300.6104274,187723264.0
1746756300.629367,187764320.0
1746756300.6478522,187805376.0
1746756300.6665323,187846432.0
1746756300.6851115,187887488.0
1746756300.7040484,187928544.0
1746756300.7225862,187969600.0
1746756300.7411554,188010656.0
1746756300.7598178,188051712.0
1746756300.7783856,188092768.0
1746756300.7970014,188133824.0
1746756300.8161182,188174880.0
1746756300.8346798,188215936.0
1746756300.8538141,188256992.0
1746756300.8729486,188298048.0
1746756300.891996,188339104.0
1746756300.9109957,188380160.0
1746756300.930068,188421216.0
1746756300.948654,188462272.0
1746756300.967183,188503328.0
1746756300.9857042,188544384.0
1746756301.0041702,188585440.0
1746756301.0227537,188626496.0
1746756301.0412931,188667552.0
1746756301.059791,188708608.0
1746756301.078453,188749664.0
1746756301.0971055,188790720.0
1746756301.116231,188831776.0
1746756301.1347806,188872832.0
1746756301.1538484,188913888.0
1746756301.1730385,188954944.0
1746756301.1920784,188996000.0
1746756301.211089,189037056.0
1746756301.2301745,189078112.0
1746756301.2487738,189119168.0
1746756301.2674017,189160224.0
1746756301.28617,189201280.0
1746756301.3048892,189242336.0
1746756301.32348,189283392.0
1746756301.3422031,189324448.0
1746756301.3608282,189365504.0
1746756301.3793354,189406560.0
1746756301.397915,189447616.0
1746756301.4174635,189488672.0
1746756301.4361234,189529728.0
1746756301.455345,189570784.0
1746756301.4745836,189611840.0
1746756301.493741,189652896.0
1746756301.5128262,189693952.0
1746756301.5721245,189735040.0
1746756301.6518383,189776284.0
1746756301.696602,189817528.0
1746756301.7927155,189858772.0
1746756301.8392315,189900016.0
1746756301.8853345,189941260.0
1746756301.931762,189982504.0
1746756301.9779186,190023748.0
1746756302.0047176,190064992.0
1746756302.0266168,190106236.0
1746756302.0489235,190147480.0
1746756302.071079,190188724.0
1746756302.0933948,190229968.0
1746756302.1159935,190271212.0
1746756302.138311,190312456.0
1746756302.1605499,190353700.0
1746756302.1828446,190394944.0
1746756302.2047625,190436188.0
1746756302.2264512,190477432.0
1746756302.2481859,190518676.0
1746756302.290886,190559920.0
1746756302.312971,190601164.0
1746756302.335301,190642408.0
1746756302.357101,190683652.0
1746756302.378755,190724896.0
1746756302.4004853,190766140.0
1746756302.422944,190807384.0
1746756302.445302,190848628.0
1746756302.467636,190889872.0
1746756302.4900746,190931116.0
1746756302.5124202,190972360.0
1746756302.5347593,191013604.0
1746756302.5571,191054848.0
1746756302.5788398,191096092.0
1746756302.6003659,191137336.0
1746756302.651815,191178612.0
1746756302.7060745,191219920.0
1746756302.7590208,191261260.0
1746756302.8119292,191302632.0
1746756302.8661132,191344068.0
1746756302.912203,191385504.0
1746756303.0622637,191432060.0
1746756303.1078212,191478616.0
1746756303.1531796,191525172.0
1746756303.200403,191571728.0
1746756303.2480268,191618284.0
1746756303.2958517,191664840.0
1746756303.3438978,191711396.0
1746756303.3921657,191757952.0
1746756303.4407473,191804508.0
1746756303.4887068,191851064.0
1746756303.5367384,191897620.0
1746756303.5851576,191944176.0
1746756303.634095,191990732.0
1746756303.683708,192037288.0
1746756303.733511,192083844.0
1746756303.783604,192130400.0
1746756303.8344145,192176956.0
1746756303.8857026,192223512.0
1746756303.9372356,192270068.0
1746756303.989131,192316624.0
1746756304.0413067,192363180.0
1746756304.093886,192409736.0
1746756304.1466901,192456292.0
1746756304.1997936,192502848.0
1746756304.252775,192549404.0
1746756304.3059785,192595960.0
1746756304.3596292,192642516.0
1746756304.4137356,192689072.0
1746756304.4678094,192735628.0
1746756304.52243,192782184.0
1746756304.5766752,192828740.0
1746756304.630635,192875296.0
1746756304.6859589,192921852.0
1746756304.7417982,192968408.0
1746756304.797917,193014964.0
1746756304.8546073,193061520.0
1746756304.9117107,193108076.0
1746756304.9689715,193154632.0
1746756305.0263536,193201188.0
1746756305.0842454,193247744.0
1746756305.1420915,193294300.0
1746756305.2000012,193340856.0
1746756305.2585995,193387412.0
1746756305.3181272,193433968.0
1746756305.3784013,193480524.0
1746756305.4392452,193527080.0
1746756305.4995077,193573636.0
1746756305.5601685,193620192.0
1746756305.6212053,193666748.0
1746756305.6829631,193713304.0
1746756305.7448401,193759860.0
1746756305.8073072,193806416.0
1746756305.8699267,193852972.0
1746756305.9326785,193899528.0
1746756305.9955807,193946084.0
1746756306.0590203,193992640.0
1746756306.1221793,194039196.0
1746756306.1856372,194085752.0
1746756306.249632,194132308.0
1746756306.3141506,194178864.0
1746756306.378627,194225420.0
1746756306.4438627,194271976.0
1746756306.5092766,194318532.0
1746756306.574137,194365088.0
1746756306.6390047,194411644.0
1746756306.705225,194458200.0
1746756306.772133,194504756.0
1746756306.8392906,194551312.0
1746756306.9067154,194597868.0
1746756306.9745915,194644424.0
1746756307.0427375,194690980.0
1746756307.1118925,194737536.0
1746756307.1803412,194784092.0
1746756307.2489233,194830648.0
1746756307.318122,194877204.0
1746756307.387345,194923760.0
1746756307.45737,194970316.0
1746756307.527681,195016872.0
1746756307.5982504,195063428.0
1746756307.668925,195109984.0
1746756307.7404351,195156540.0
1746756307.8123977,195203096.0
1746756307.8845465,195249652.0
1746756307.9572172,195296208.0
1746756308.030081,195342764.0
1746756308.1032262,195389320.0
1746756308.1764996,195435876.0
1746756308.2503202,195482432.0
1746756308.323947,195528988.0
1746756308.3982046,195575544.0
1746756308.472633,195622100.0
1746756308.547417,195668656.0
1746756308.6224895,195715212.0
1746756308.6985,195761768.0
1746756308.7739923,195808324.0
1746756308.8497584,195854880.0
1746756308.9261947,195901436.0
1746756309.0031004,195947992.0
1746756309.080258,195994548.0
1746756309.157575,196041104.0
1746756309.2353003,196087660.0
1746756309.3131542,196134216.0
1746756309.3904765,196180772.0
1746756309.4688728,196227328.0
1746756309.5469167,196273884.0
1746756309.6257024,196320440.0
1746756309.7051387,196366996.0
1746756309.785079,196413552.0
1746756309.8649893,196460108.0
1746756309.9456654,196506664.0
1746756310.0267415,196553220.0
1746756310.1073337,196599776.0
1746756310.1887968,196646332.0
1746756310.270668,196692888.0
1746756310.3529873,196739444.0
1746756310.4361773,196786000.0
1746756310.5192602,196832556.0
1746756310.6031437,196879112.0
1746756310.6869595,196925668.0
1746756310.7709537,196972224.0
1746756310.8550797,197018780.0
1746756310.9394152,197065336.0
1746756311.024345,197111892.0
1746756311.1092267,197158448.0
1746756311.1939995,197205004.0
1746756311.2969227,197251560.0
1746756311.3840559,197298116.0
1746756311.471361,197344672.0
1746756311.5597658,197391228.0
1746756311.648737,197437784.0
1746756311.736784,197484340.0
1746756311.8259108,197530896.0
1746756311.9144914,197577452.0
1746756312.0040047,197624008.0
1746756312.0933847,197670564.0
1746756312.1833093,197717120.0
1746756312.2734761,197763676.0
1746756312.3634448,197810232.0
1746756312.454006,197856788.0
1746756312.544736,197903344.0
1746756312.6356733,197949900.0
1746756312.7278256,197996456.0
1746756312.819344,198043012.0
1746756312.9123201,198089568.0
1746756313.0041146,198136124.0
1746756313.096377,198182680.0
1746756313.1888463,198229236.0
1746756313.2816353,198275792.0
1746756313.374822,198322348.0
1746756313.468311,198368904.0
1746756313.5619533,198415460.0
1746756313.6563034,198462016.0
1746756313.7500412,198508572.0
1746756313.844417,198555128.0
1746756313.939144,198601684.0
1746756314.034058,198648240.0
1746756314.129453,198694796.0
1746756314.2253947,198741352.0
1746756314.3215842,198787908.0
1746756314.4183002,198834464.0
1746756314.5152915,198881020.0
1746756314.612706,198927576.0
1746756314.7108767,198974132.0
1746756314.8100162,199020688.0
1746756314.9074407,199067244.0
1746756315.0053484,199113800.0
1746756315.0908117,199160420.0
1746756315.1456833,199207040.0
1746756315.2084422,199253724.0
1746756315.2625425,199300408.0
1746756315.3246827,199347124.0
1746756315.3873878,199393904.0
1746756315.4417946,199440684.0
1746756315.5066378,199487592.0
1746756315.5603883,199534500.0
1746756315.615026,199581408.0
1746756315.670308,199628316.0
1746756315.7463198,199675576.0
1746756315.8010461,199722836.0
1746756315.8556924,199770096.0
1746756315.9102182,199817356.0
1746756315.9651167,199864616.0
1746756316.0206938,199911876.0
1746756316.0766573,199959136.0
1746756316.1326218,200006396.0
1746756316.1884196,200053656.0
1746756316.2445292,200100916.0
1746756316.3012257,200148176.0
1746756316.4661767,200195468.0
1746756316.52698,200242824.0
1746756316.5807073,200290180.0
1746756316.7087955,200337536.0
1746756316.7393975,200384892.0
1746756316.7704222,200432248.0
1746756316.8335905,200479668.0
1746756316.8908327,200527088.0
1746756316.9573324,200574572.0
1746756317.0155447,200622056.0
1746756317.0905943,200669572.0
1746756317.1262305,200717088.0
1746756317.1576347,200764604.0
1746756317.1894445,200812120.0
1746756317.2208657,200859636.0
1746756317.2528389,200907152.0
1746756317.284746,200954668.0
1746756317.3165421,201002184.0
1746756317.3483548,201049700.0
1746756317.3795426,201097216.0
1746756317.4105978,201144732.0
1746756317.4421253,201192248.0
1746756317.4737644,201239764.0
1746756317.5053542,201287280.0
1746756317.5372016,201334796.0
1746756317.5687504,201382312.0
1746756317.6003492,201429828.0
1746756317.6319404,201477344.0
1746756317.6631434,201524860.0
1746756317.6935983,201572376.0
1746756317.724009,201619892.0
1746756317.7548323,201667408.0
1746756317.785599,201714924.0
1746756317.8162801,201762440.0
1746756317.8466384,201809956.0
1746756317.8774114,201857472.0
1746756317.9081006,201904988.0
1746756317.9388745,201952504.0
1746756317.9697657,202000020.0
1746756318.0005307,202047536.0
1746756318.0315838,202095052.0
1746756318.0623643,202142568.0
1746756318.0931714,202190084.0
1746756318.1239297,202237600.0
1746756318.1566205,202285116.0
1746756318.1870074,202332632.0
1746756318.217223,202380148.0
1746756318.2478871,202427664.0
1746756318.2785087,202475180.0
1746756318.3090324,202522696.0
1746756318.3391814,202570212.0
1746756318.3697243,202617728.0
1746756318.4002788,202665244.0
1746756318.430905,202712760.0
1746756318.4616573,202760276.0
1746756318.4923253,202807792.0
1746756318.5231593,202855308.0
1746756318.5539987,202902824.0
1746756318.5845253,202950340.0
1746756318.6149688,202997856.0
1746756318.6450853,203045372.0
1746756318.675478,203092888.0
1746756318.7056267,203140404.0
1746756318.7362254,203187920.0
1746756318.7667632,203235436.0
1746756318.797366,203282952.0
1746756318.835881,203330468.0
1746756318.858944,203377984.0
1746756318.8820083,203425500.0
1746756318.9053524,203473016.0
1746756318.92815,203520532.0
1746756318.9508483,203568048.0
1746756318.9738889,203615564.0
1746756318.9966173,203663080.0
1746756319.0193422,203710596.0
1746756319.0420125,203758112.0
1746756319.0642679,203805628.0
1746756319.0869873,203853144.0
1746756319.1091902,203900660.0
1746756319.1318653,203948176.0
1746756319.154479,203995692.0
1746756319.1770115,204043208.0
1746756319.1991868,204090724.0
1746756319.2219005,204138240.0
1746756319.2445993,204185756.0
1746756319.2674215,204233272.0
1746756319.2903178,204280788.0
1746756319.3130934,204328304.0
1746756319.3360758,204375820.0
1746756319.3587184,204423336.0
1746756319.3814952,204470852.0
1746756319.4041731,204518368.0
1746756319.4264607,204565884.0
1746756319.4492044,204613400.0
1746756319.4716957,204660916.0
1746756319.4944599,204708432.0
1746756319.5170848,204755948.0
1746756319.5396354,204803464.0
1746756319.5618904,204850980.0
1746756319.5845263,204898496.0
1746756319.6071322,204946012.0
1746756319.62978,204993528.0
1746756319.6528807,205041044.0
1746756319.675533,205088560.0
1746756319.6984603,205136076.0
1746756319.721095,205183592.0
1746756319.7437265,205231108.0
1746756319.7664027,205278624.0
1746756319.7886584,205326140.0
1746756319.8113613,205373656.0
1746756319.833656,205421172.0
1746756319.8564906,205468688.0
1746756319.8791993,205516204.0
1746756319.9018645,205563720.0
1746756319.924161,205611236.0
1746756319.947013,205658752.0
1746756319.9693677,205706268.0
1746756319.9919908,205753784.0
1746756320.0147517,205801300.0
1746756320.0373967,205848816.0
1746756320.0604153,205896332.0
1746756320.083004,205943848.0
1746756320.105673,205991364.0
1746756320.1283648,206038880.0
1746756320.1505437,206086396.0
1746756320.1731884,206133912.0
1746756320.1957207,206181428.0
1746756320.2181401,206228944.0
1746756320.2404191,206276460.0
1746756320.2626612,206323976.0
1746756320.284487,206371492.0
1746756320.306859,206419008.0
1746756320.3290749,206466524.0
1746756320.3514235,206514040.0
1746756320.3738859,206561556.0
1746756320.3962464,206609072.0
1746756320.4188683,206656588.0
1746756320.4412575,206704104.0
1746756320.4637005,206751620.0
1746756320.4860203,206799136.0
1746756320.507756,206846652.0
1746756320.5300148,206894168.0
1746756320.551819,206941684.0
1746756320.5742304,206989200.0
1746756320.5966227,207036716.0
1746756320.6190693,207084232.0
1746756320.6411085,207131748.0
1746756320.6634874,207179264.0
1746756320.6857665,207226780.0
1746756320.7081401,207274296.0
1746756320.7306015,207321812.0
1746756320.7528791,207369328.0
1746756320.7754593,207416844.0
1746756320.7976813,207464360.0
1746756320.8199346,207511876.0
1746756320.8421016,207559392.0
1746756320.8638594,207606908.0
1746756320.886185,207654424.0
1746756320.9080713,207701940.0
1746756320.9304805,207749456.0
1746756320.9528687,207796972.0
1746756320.9751344,207844488.0
1746756320.997012,207892004.0
1746756321.0193164,207939520.0
1746756321.0415661,207987036.0
1746756321.0638921,208034552.0
1746756321.0862615,208082068.0
1746756321.1085114,208129584.0
1746756321.1310773,208177100.0
1746756321.1534915,208224616.0
1746756321.1758435,208272132.0
1746756321.1981285,208319648.0
1746756321.2199454,208367164.0
1746756321.242419,208414680.0
1746756321.2641163,208462196.0
1746756321.2863674,208509712.0
1746756321.3086054,208557228.0
1746756321.3306994,208604744.0
1746756321.352419,208652260.0
1746756321.3745522,208699776.0
1746756321.3968022,208747292.0
1746756321.4190524,208794808.0
1746756321.4414394,208842324.0
1746756321.4632647,208889840.0
1746756321.4858627,208937356.0
1746756321.508046,208984872.0
1746756321.5302622,209032388.0
1746756321.5524964,209079904.0
1746756321.5743167,209127420.0
1746756321.596595,209174936.0
1746756321.6184535,209222452.0
1746756321.6410692,209269968.0
1746756321.663184,209317484.0
1746756321.6851897,209365000.0
1746756321.7370214,209412548.0
1746756321.7625065,209460096.0
1746756321.7848966,209507644.0
1746756321.8071492,209555192.0
1746756321.8296497,209602740.0
1746756321.8516195,209650288.0
1746756321.8745081,209697836.0
1746756321.8969667,209745384.0
1746756321.9194047,209792932.0
1746756321.9417715,209840480.0
1746756321.9638388,209888028.0
1746756321.986213,209935576.0
1746756322.0081048,209983124.0
1746756322.0304766,210030672.0
1746756322.0528743,210078220.0
1746756322.075155,210125768.0
1746756322.0970056,210173316.0
1746756322.1193616,210220864.0
1746756322.141691,210268412.0
1746756322.1641092,210315960.0
1746756322.1864898,210363508.0
1746756322.2084298,210411056.0
1746756322.2312136,210458604.0
1746756322.2535627,210506152.0
1746756322.276357,210553700.0
1746756322.2987278,210601248.0
1746756322.3206582,210648796.0
1746756322.3430598,210696344.0
1746756322.3650787,210743892.0
1746756322.3876843,210791440.0
1746756322.4103055,210838988.0
1746756322.432691,210886536.0
1746756322.4547362,210934084.0
1746756322.4772475,210981632.0
1746756322.4996958,211029180.0
1746756322.522153,211076728.0
1746756322.5447066,211124276.0
1746756322.566843,211171824.0
1746756322.5896149,211219372.0
1746756322.6119676,211266920.0
1746756322.6343436,211314468.0
1746756322.6567852,211362016.0
1746756322.6787682,211409564.0
1746756322.701192,211457112.0
1746756322.7231677,211504660.0
1746756322.7456393,211552208.0
1746756322.7681403,211599756.0
1746756322.7907236,211647304.0
1746756322.8126595,211694852.0
1746756322.8346176,211742400.0
1746756322.8569841,211789948.0
1746756322.8794892,211837496.0
1746756322.9019625,211885044.0
1746756322.923135,211932592.0
1746756322.9452026,211980140.0
1746756322.9668505,212027688.0
1746756322.9885278,212075236.0
1746756323.0097039,212122784.0
1746756323.0309837,212170332.0
1746756323.1724086,212222968.0
1746756323.2168577,212275604.0
1746756323.2630122,212328240.0
1746756323.3087626,212380876.0
1746756323.3549585,212433512.0
1746756323.4012785,212486148.0
1746756323.4484708,212538784.0
1746756323.4951048,212591420.0
1746756323.5422673,212644056.0
1746756323.5899246,212696692.0
1746756323.637488,212749328.0
1746756323.6860964,212801964.0
1746756323.734676,212854600.0
1746756323.7836092,212907236.0
1746756323.8325648,212959872.0
1746756323.8817546,213012508.0
1746756323.9317384,213065144.0
1746756323.9816952,213117780.0
1746756324.032322,213170416.0
1746756324.083511,213223052.0
1746756324.1345212,213275688.0
1746756324.1852648,213328324.0
1746756324.2365582,213380960.0
1746756324.2881403,213433596.0
1746756324.3402915,213486232.0
1746756324.3927712,213538868.0
1746756324.4451134,213591504.0
1746756324.4983594,213644140.0
1746756324.5513575,213696776.0
1746756324.6050053,213749412.0
1746756324.6585836,213802048.0
1746756324.7126584,213854684.0
1746756324.767317,213907320.0
1746756324.8220885,213959956.0
1746756324.87776,214012592.0
1746756324.9336176,214065228.0
1746756324.989565,214117864.0
1746756325.0456471,214170500.0
1746756325.1025417,214223136.0
1746756325.1599317,214275772.0
1746756325.2173817,214328408.0
1746756325.275179,214381044.0
1746756325.3325968,214433680.0
1746756325.3910367,214486316.0
1746756325.4492877,214538952.0
1746756325.5088258,214591588.0
1746756325.567919,214644224.0
1746756325.627166,214696860.0
1746756325.687292,214749496.0
1746756325.7469733,214802132.0
1746756325.807445,214854768.0
1746756325.868203,214907404.0
1746756325.930221,214960040.0
1746756325.9914203,215012676.0
1746756326.0532708,215065312.0
1746756326.1150324,215117948.0
1746756326.1771746,215170584.0
1746756326.2400184,215223220.0
1746756326.3027487,215275856.0
1746756326.366136,215328492.0
1746756326.4292967,215381128.0
1746756326.4938366,215433764.0
1746756326.5579848,215486400.0
1746756326.6224387,215539036.0
1746756326.6873395,215591672.0
1746756326.752416,215644308.0
1746756326.8182156,215696944.0
1746756326.8843708,215749580.0
1746756326.950732,215802216.0
1746756327.0172315,215854852.0
1746756327.0843935,215907488.0
1746756327.1516206,215960124.0
1746756327.2192101,216012760.0
1746756327.2872322,216065396.0
1746756327.35531,216118032.0
1746756327.4241066,216170668.0
1746756327.4926343,216223304.0
1746756327.5617707,216275940.0
1746756327.6312308,216328576.0
1746756327.7004693,216381212.0
1746756327.770398,216433848.0
1746756327.841397,216486484.0
1746756327.9114919,216539120.0
1746756327.9817822,216591756.0
1746756328.0527303,216644392.0
1746756328.1236815,216697028.0
1746756328.1950912,216749664.0
1746756328.2665453,216802300.0
1746756328.3386116,216854936.0
1746756328.4111862,216907572.0
1746756328.4835045,216960208.0
1746756328.5568156,217012844.0
1746756328.6302116,217065480.0
1746756328.7041252,217118116.0
1746756328.7778287,217170752.0
1746756328.8521144,217223388.0
1746756328.9268935,217276024.0
1746756329.0016456,217328660.0
1746756329.077118,217381296.0
1746756329.1530156,217433932.0
1746756329.2291188,217486568.0
1746756329.3054402,217539204.0
1746756329.3826177,217591840.0
1746756329.45958,217644476.0
1746756329.5367963,217697112.0
1746756329.6148753,217749748.0
1746756329.6929529,217802384.0
1746756329.7719157,217855020.0
1746756329.8504763,217907656.0
1746756329.9299588,217960292.0
1746756330.0094585,218012928.0
1746756330.0896196,218065564.0
1746756330.1691632,218118200.0
1746756330.2492027,218170836.0
1746756330.329717,218223472.0
1746756330.4107473,218276108.0
1746756330.492114,218328744.0
1746756330.5735967,218381380.0
1746756330.6557631,218434016.0
1746756330.7380316,218486652.0
1746756330.82026,218539288.0
1746756330.9036524,218591924.0
1746756330.9863868,218644560.0
1746756331.0708032,218697196.0
1746756331.154564,218749832.0
1746756331.2384171,218802468.0
1746756331.323966,218855104.0
1746756331.4096947,218907740.0
1746756331.4965687,218960376.0
1746756331.583379,219013012.0
1746756331.6696398,219065648.0
1746756331.7571485,219118284.0
1746756331.8440855,219170920.0
1746756331.9312713,219223556.0
1746756332.0188398,219276192.0
1746756332.1066358,219328828.0
1746756332.1943688,219381464.0
1746756332.282964,219434100.0
1746756332.3712733,219486736.0
1746756332.4602706,219539372.0
1746756332.5493972,219592008.0
1746756332.6386898,219644644.0
1746756332.7284472,219697280.0
1746756332.818372,219749916.0
1746756332.9090843,219802552.0
1746756332.999853,219855188.0
1746756333.0913754,219907824.0
1746756333.182843,219960460.0
1746756333.2745154,220013096.0
1746756333.3663764,220065732.0
1746756333.459096,220118368.0
1746756333.5519862,220171004.0
1746756333.6448247,220223640.0
1746756333.7384746,220276276.0
1746756333.8321745,220328912.0
1746756333.9265459,220381548.0
1746756334.020788,220434184.0
1746756334.1156101,220486820.0
1746756334.2105458,220539456.0
1746756334.3056526,220592092.0
1746756334.4016597,220644728.0
1746756334.4973624,220697364.0
1746756334.5942562,220750000.0
1746756334.6915777,220802636.0
1746756334.9399636,220856008.0
1746756335.0381854,220909380.0
1746756335.1376667,220962752.0
1746756335.2380219,221016124.0
1746756335.337591,221069496.0
1746756335.4379313,221122868.0
1746756335.5384526,221176240.0
1746756335.6396408,221229612.0
1746756335.7402062,221282984.0
1746756335.841759,221336356.0
1746756335.9434927,221389728.0
1746756336.045415,221443100.0
1746756336.1479557,221496472.0
1746756336.2504091,221549844.0
1746756336.3537567,221603216.0
1746756336.4577117,221656588.0
1746756336.5620236,221709960.0
1746756336.6656313,221763332.0
1746756336.7702541,221816704.0
1746756336.8748887,221870076.0
1746756336.9802709,221923448.0
1746756337.0859737,221976820.0
1746756337.1915476,222030192.0
1746756337.3090894,222083724.0
1746756337.3629072,222137256.0
1746756337.4166472,222190788.0
1746756337.4704595,222244320.0
1746756337.524502,222297852.0
1746756337.5895622,222351480.0
1746756337.642863,222405108.0
1746756337.696739,222458736.0
1746756337.7636347,222512428.0
1746756337.817714,222566120.0
1746756337.8880703,222620058.0
1746756337.9422302,222673996.0
1746756337.9993896,222727934.0
1746756338.052638,222781872.0
1746756338.1059952,222835810.0
1746756338.159565,222889748.0
1746756338.3329828,222943814.0
1746756338.3859415,222997880.0
1746756338.439937,223051946.0
1746756338.4940102,223106012.0
1746756338.5495996,223160078.0
1746756338.6152987,223214208.0
1746756338.6697552,223268338.0
1746756338.7551243,223322916.0
1746756338.8101187,223377494.0
1746756338.86514,223432072.0
1746756338.9206367,223486650.0
1746756338.976379,223541228.0
1746756339.032449,223595806.0
1746756339.0887794,223650384.0
1746756339.145094,223704962.0
1746756339.201731,223759540.0
1746756339.2593598,223814118.0
1746756339.3384836,223868696.0
1746756339.396846,223923274.0
1746756339.4548821,223977852.0
1746756339.513251,224032430.0
1746756339.5924728,224087040.0
1746756339.6556077,224141682.0
1746756339.7186701,224196356.0
1746756339.7818563,224251062.0
1746756339.888327,224307656.0
1746756339.9442983,224364250.0
1746756340.0005426,224420844.0
1746756340.0573304,224477438.0
1746756340.1144032,224534032.0
1746756340.171639,224590626.0
1746756340.2288713,224647220.0
1746756340.2902956,224703814.0
1746756340.3470836,224760408.0
1746756340.404552,224817002.0
1746756340.4703414,224873596.0
1746756340.5202491,224930190.0
1746756340.56995,224986784.0
1746756340.6198215,225043378.0
1746756340.6702554,225099972.0
1746756340.721275,225156566.0
1746756340.7726192,225213160.0
1746756340.8242886,225269754.0
1746756340.8761244,225326348.0
1746756340.9284136,225382942.0
1746756340.9809475,225439536.0
1746756341.0335932,225496130.0
1746756341.0864596,225552724.0
1746756341.1401067,225609318.0
1746756341.1934571,225665912.0
1746756341.2476,225722506.0
1746756341.3016207,225779100.0
1746756341.3559337,225835694.0
1746756341.4110997,225892288.0
1746756341.4663262,225948882.0
1746756341.5219014,226005476.0
1746756341.5778415,226062070.0
1746756341.6342518,226118664.0
1746756341.6910849,226175258.0
1746756341.748199,226231852.0
1746756341.8054614,226288446.0
1746756341.862954,226345040.0
1746756341.9209282,226401634.0
1746756341.9785893,226458228.0
1746756342.037327,226514822.0
1746756342.0953538,226571416.0
1746756342.1548343,226628010.0
1746756342.2124093,226684604.0
1746756342.270686,226741198.0
1746756342.3299048,226797792.0
1746756342.3897982,226854386.0
1746756342.4508731,226910980.0
1746756342.5119956,226967574.0
1746756342.5728483,227024168.0
1746756342.6336238,227080762.0
1746756342.6944954,227137356.0
1746756342.7554152,227193950.0
1746756342.8171642,227250544.0
1746756342.8790252,227307138.0
1746756342.9406562,227363732.0
1746756343.003282,227420326.0
1746756343.0659058,227476920.0
1746756343.1290627,227533514.0
1746756343.191992,227590108.0
1746756343.255508,227646702.0
1746756343.3197277,227703296.0
1746756343.3884597,227759922.0
1746756343.464015,227817348.0
1746756343.513059,227874774.0
1746756343.5622134,227932200.0
1746756343.6117332,227989626.0
1746756343.6616247,228047052.0
1746756343.7117996,228104478.0
1746756343.7622855,228161904.0
1746756343.812987,228219330.0
1746756343.863597,228276756.0
1746756343.9149463,228334182.0
1746756343.9662,228391608.0
1746756344.0181692,228449034.0
1746756344.069984,228506460.0
1746756344.122195,228563886.0
1746756344.1751792,228621312.0
1746756344.2281644,228678738.0
1746756344.2812254,228736164.0
1746756344.3349924,228793590.0
1746756344.3888042,228851016.0
1746756344.443126,228908442.0
1746756344.4976404,228965868.0
1746756344.5524287,229023294.0
1746756344.607543,229080720.0
1746756344.66301,229138146.0
1746756344.7183707,229195572.0
1746756344.8429232,229254534.0
1746756344.8928492,229313496.0
1746756344.9429011,229372458.0
1746756344.993346,229431420.0
1746756345.0437047,229490382.0
1746756345.0948324,229549344.0
1746756345.145827,229608306.0
1746756345.1975622,229667268.0
1746756345.2494464,229726230.0
1746756345.3016577,229785192.0
1746756345.3542972,229844154.0
1746756345.407376,229903116.0
1746756345.4607801,229962078.0
1746756345.5146265,230021040.0
1746756345.568556,230080002.0
1746756345.622376,230138964.0
1746756345.6764474,230197926.0
1746756345.7309074,230256888.0
1746756345.7860386,230315850.0
1746756345.8411648,230374812.0
1746756345.8965561,230433774.0
1746756345.9528148,230492736.0
1746756346.008952,230551698.0
1746756346.0657248,230610660.0
1746756346.1227849,230669622.0
1746756346.1801572,230728584.0
1746756346.2378192,230787546.0
1746756346.2957385,230846508.0
1746756346.3539093,230905470.0
1746756346.4124565,230964432.0
1746756346.471406,231023394.0
1746756346.5303273,231082356.0
1746756346.589883,231141318.0
1746756346.6500034,231200280.0
1746756346.710083,231259242.0
1746756346.770123,231318204.0
1746756346.8303566,231377166.0
1746756346.8917112,231436128.0
1746756346.9526572,231495090.0
1746756347.014296,231554052.0
1746756347.0761564,231613014.0
1746756347.138473,231671976.0
1746756347.2010229,231730938.0
1746756347.2638946,231789900.0
1746756347.3270946,231848862.0
1746756347.390636,231907824.0
1746756347.4543772,231966786.0
1746756347.5183764,232025748.0
1746756347.581997,232084710.0
1746756347.6906307,232143672.0
1746756347.755113,232202794.0
1746756347.8076262,232261916.0
1746756347.8597293,232321038.0
1746756347.9117048,232380160.0
1746756347.9642472,232439282.0
1746756348.036537,232498820.0
1746756348.0885172,232558358.0
1746756348.1411183,232617896.0
1746756348.1939275,232677434.0
1746756348.2470713,232736972.0
1746756348.3006072,232796510.0
1746756348.3544686,232856048.0
1746756348.4084897,232915586.0
1746756348.4625323,232975124.0
1746756348.5167994,233034662.0
1746756348.571459,233094200.0
1746756348.6266382,233153738.0
1746756348.685325,233213276.0
1746756348.7550113,233272878.0
1746756348.8052046,233332480.0
1746756348.8717222,233392146.0
1746756348.9222543,233451812.0
1746756348.980689,233511510.0
1746756349.046144,233571240.0
1746756349.1889198,233634714.0
1746756349.2400322,233698188.0
1746756349.291276,233761662.0
1746756349.3423495,233825136.0
1746756349.394267,233888610.0
1746756349.446321,233952084.0
1746756349.498317,234015558.0
1746756349.5506222,234079032.0
1746756349.6038492,234142506.0
1746756349.6568418,234205980.0
1746756349.7101362,234269454.0
1746756349.7636094,234332928.0
1746756349.8177612,234396402.0
1746756349.8721983,234459876.0
1746756349.9265654,234523350.0
1746756349.9817238,234586824.0
1746756350.0371523,234650298.0
1746756350.0931258,234713772.0
1746756350.1486912,234777246.0
1746756350.2046056,234840720.0
1746756350.2608378,234904194.0
1746756350.3171833,234967668.0
1746756350.3736591,235031142.0
1746756350.4304705,235094616.0
1746756350.4872868,235158090.0
1746756350.544324,235221564.0
1746756350.6017146,235285038.0
1746756350.6598186,235348512.0
1746756350.7183194,235411986.0
1746756350.7769322,235475460.0
1746756350.8355937,235538934.0
1746756350.895125,235602408.0
1746756350.9547246,235665882.0
1746756351.0152342,235729356.0
1746756351.0757165,235792830.0
1746756351.1363833,235856304.0
1746756351.1976552,235919778.0
1746756351.2587044,235983252.0
1746756351.3198032,236046726.0
1746756351.381245,236110200.0
1746756351.44309,236173674.0
1746756351.5052176,236237148.0
1746756351.5676823,236300622.0
1746756351.6306868,236364096.0
1746756351.6942854,236427570.0
1746756351.757523,236491044.0
1746756351.8212018,236554518.0
1746756351.8848922,236617992.0
1746756351.948972,236681466.0
1746756352.0133471,236744940.0
1746756352.0778975,236808414.0
1746756352.1428614,236871888.0
1746756352.2081642,236935362.0
1746756352.2737036,236998836.0
1746756352.3408527,237062310.0
1746756352.4055128,237125784.0
1746756352.4703298,237189258.0
1746756352.535599,237252732.0
1746756352.6010942,237316206.0
1746756352.6669319,237379680.0
1746756352.7333694,237443154.0
1746756352.8000214,237506628.0
1746756352.8669138,237570102.0
1746756352.9344876,237633576.0
1746756353.0024002,237697050.0
1746756353.0706325,237760524.0
1746756353.1392374,237823998.0
1746756353.208023,237887472.0
1746756353.2773726,237950946.0
1746756353.34673,238014420.0
1746756353.4160707,238077894.0
1746756353.4858105,238141368.0
1746756353.5558088,238204842.0
1746756353.6260836,238268316.0
1746756353.696639,238331790.0
1746756353.7673104,238395264.0
1746756353.8387303,238458738.0
1746756353.9101057,238522212.0
1746756353.981906,238585686.0
1746756354.0544193,238649160.0
1746756354.1272655,238712634.0
1746756354.2004752,238776108.0
1746756354.2738187,238839582.0
1746756354.3476248,238903056.0
1746756354.4218445,238966530.0
1746756354.496156,239030004.0
1746756354.570509,239093478.0
1746756354.6453242,239156952.0
1746756354.7204444,239220426.0
1746756354.7960606,239283900.0
1746756354.8720343,239347374.0
1746756354.9482608,239410848.0
1746756355.0250697,239474322.0
1746756355.1017842,239537796.0
1746756355.178875,239601270.0
1746756355.2567985,239664744.0
1746756355.3349705,239728218.0
1746756355.4135509,239791692.0
1746756355.4924204,239855166.0
1746756355.5713575,239918640.0
1746756355.6510665,239982114.0
1746756355.7309384,240045588.0
1746756355.8109028,240109062.0
1746756355.8911932,240172536.0
1746756355.9718342,240236010.0
1746756356.0527267,240299484.0
1746756356.1338046,240362958.0
1746756356.2150095,240426432.0
1746756356.2970378,240489906.0
1746756356.3789039,240553380.0
1746756356.4608665,240616854.0
1746756356.5428538,240680328.0
1746756356.6265464,240743802.0
1746756356.7109299,240807276.0
1746756356.7948587,240870750.0
1746756356.8792284,240934224.0
1746756356.9644856,240997698.0
1746756357.0506377,241061172.0
1746756357.135958,241124646.0
1746756357.221248,241188120.0
1746756357.3067853,241251594.0
1746756357.4054737,241316220.0
1746756357.459636,241380846.0
1746756357.513983,241445472.0
1746756357.5687623,241510098.0
1746756357.623474,241574724.0
1746756357.6789556,241639350.0
1746756357.734876,241703976.0
1746756357.790321,241768602.0
1746756357.8462696,241833228.0
1746756357.902286,241897854.0
1746756357.9586606,241962480.0
1746756358.0154335,242027106.0
1746756358.0723903,242091732.0
1746756358.1294434,242156358.0
1746756358.1867642,242220984.0
1746756358.2441933,242285610.0
1746756358.3020787,242350236.0
1746756358.3602068,242414862.0
1746756358.4186056,242479488.0
1746756358.4777794,242544114.0
1746756358.53689,242608740.0
1746756358.596762,242673366.0
1746756358.657032,242737992.0
1746756358.7174044,242802618.0
1746756358.778162,242867244.0
1746756358.8392136,242931870.0
1746756358.9004357,242996496.0
1746756358.9621506,243061122.0
1746756359.0239544,243125748.0
1746756359.089383,243190374.0
1746756359.1490378,243255000.0
1746756359.2091894,243319626.0
1746756359.2693892,243384252.0
1746756359.3300216,243448878.0
1746756359.391033,243513504.0
1746756359.4522235,243578130.0
1746756359.513758,243642756.0
1746756359.7405913,243707606.0
1746756359.8385406,243772456.0
1746756359.9371207,243837306.0
1746756360.036789,243902156.0
1746756360.1369152,243967006.0
1746756360.2372568,244031856.0
1746756360.337958,244096706.0
1746756360.4098613,244161588.0
1746756360.4878123,244227014.0
1746756360.5462983,244292440.0
1746756360.6052577,244357866.0
1746756360.6645515,244423292.0
1746756360.7245803,244488718.0
1746756360.7866385,244554144.0
1746756360.8465674,244619570.0
1746756360.906823,244684996.0
1746756360.967433,244750422.0
1746756361.0286381,244815848.0
1746756361.0900762,244881274.0
1746756361.151873,244946700.0
1746756361.213877,245012126.0
1746756361.2761493,245077552.0
1746756361.3387976,245142978.0
1746756361.4016628,245208404.0
1746756361.4646394,245273830.0
1746756361.5477538,245339288.0
1746756361.615408,245404810.0
1746756361.6747198,245470332.0
1746756361.744673,245535982.0
1746756361.8047354,245601632.0
1746756361.864974,245667282.0
1746756361.9256585,245732932.0
1746756362.0105422,245798838.0
1746756362.0710144,245864744.0
1746756362.1315467,245930650.0
1746756362.1925046,245996556.0
1746756362.253621,246062462.0
1746756362.3151448,246128368.0
1746756362.3770287,246194274.0
1746756362.4388888,246260180.0
1746756362.5580313,246326118.0
1746756362.6302114,246392120.0
1746756362.6929429,246458122.0
1746756362.7635963,246524156.0
1746756362.8358285,246590254.0
1746756362.8984911,246656352.0
1746756362.9702096,246722546.0
1746756363.0328407,246788740.0
1746756363.095696,246854934.0
1746756363.1792595,246921160.0
1746756363.2700443,246987578.0
1746756363.331853,247053996.0
1746756363.393883,247120414.0
1746756363.4561555,247186832.0
1746756363.5269542,247253250.0
1746756363.5822852,247319668.0
1746756363.6962938,247386118.0
1746756363.7565532,247452600.0
1746756363.8238487,247519114.0
1746756363.905173,247586492.0
1746756363.9592464,247653870.0
1746756364.0143232,247721248.0
1746756364.0693123,247788626.0
1746756364.124595,247856004.0
1746756364.1800835,247923382.0
1746756364.2362087,247990760.0
1746756364.2920988,248058138.0
1746756364.3484843,248125516.0
1746756364.4050915,248192894.0
1746756364.4620495,248260272.0
1746756364.5194087,248327650.0
1746756364.5767667,248395028.0
1746756364.6342087,248462406.0
1746756364.6919932,248529784.0
1746756364.750326,248597162.0
1746756364.8088777,248664540.0
1746756364.867796,248731918.0
1746756364.9276588,248799296.0
1746756364.9876614,248866674.0
1746756365.0481052,248934052.0
1746756365.1086607,249001430.0
1746756365.1693945,249068808.0
1746756365.2300894,249136186.0
1746756365.2914455,249203564.0
1746756365.3529844,249270942.0
1746756365.414894,249338320.0
1746756365.4772842,249405698.0
1746756365.6095166,249474836.0
1746756365.665656,249543974.0
1746756365.7232814,249613112.0
1746756365.7773056,249682250.0
1746756365.8315678,249751388.0
1746756365.8862746,249820526.0
1746756365.9418967,249889664.0
1746756365.9977312,249958802.0
1746756366.0538833,250027940.0
1746756366.1101627,250097078.0
1746756366.1667461,250166216.0
1746756366.2231686,250235354.0
1746756366.2801526,250304492.0
1746756366.3374553,250373630.0
1746756366.3952105,250442768.0
1746756366.4533691,250511906.0
1746756366.5115614,250581044.0
1746756366.5697312,250650182.0
1746756366.6283092,250719320.0
1746756366.6867788,250788458.0
1746756366.745491,250857596.0
1746756366.8047712,250926734.0
1746756366.8652148,250995872.0
1746756366.9258723,251065010.0
1746756366.9863813,251134148.0
1746756367.0462654,251203286.0
1746756367.1069508,251272424.0
1746756367.167572,251341562.0
1746756367.2292833,251410700.0
1746756367.2910001,251479838.0
1746756367.3531747,251548976.0
1746756367.4156077,251618114.0
1746756367.4781623,251687252.0
1746756367.5405486,251756390.0
1746756367.6030736,251825528.0
1746756367.6661322,251894666.0
1746756367.7296016,251963804.0
1746756367.7936974,252032942.0
1746756367.858242,252102080.0
1746756367.9229171,252171218.0
1746756367.9879162,252240356.0
1746756368.0527885,252309494.0
1746756368.118486,252378632.0
1746756368.1838198,252447770.0
1746756368.2501707,252516908.0
1746756368.3170128,252586046.0
1746756368.3834722,252655184.0
1746756368.45029,252724322.0
1746756368.5172749,252793460.0
1746756368.5840638,252862598.0
1746756368.6511927,252931736.0
1746756368.7185884,253000874.0
1746756368.7865815,253070012.0
1746756368.854816,253139150.0
1746756368.923822,253208288.0
1746756368.9931417,253277426.0
1746756369.062612,253346564.0
1746756369.1320739,253415702.0
1746756369.2088072,253484904.0
1746756369.2643008,253554106.0
1746756369.3338242,253623404.0
1746756369.3899224,253692702.0
1746756369.4463015,253762000.0
1746756369.513012,253831330.0
1746756369.5785606,253900756.0
1746756369.6350965,253970182.0
1746756369.6914072,254039608.0
1746756369.7605531,254109162.0
1746756369.8172865,254178716.0
1746756369.8743315,254248270.0
1746756369.9317937,254317824.0
1746756370.0389767,254388882.0
1746756370.0962749,254459940.0
1746756370.1531126,254530998.0
1746756370.2112222,254602056.0
1746756370.2683105,254673114.0
1746756370.3261719,254744172.0
1746756370.3841617,254815230.0
1746756370.442612,254886288.0
1746756370.5013788,254957346.0
1746756370.5608246,255028404.0
1746756370.619801,255099462.0
1746756370.678936,255170520.0
1746756370.738187,255241578.0
1746756370.798151,255312636.0
1746756370.8584397,255383694.0
1746756370.9203045,255454752.0
1746756370.9804306,255525810.0
1746756371.0408971,255596868.0
1746756371.1016574,255667926.0
1746756371.1627324,255738984.0
1746756371.2234414,255810042.0
1746756371.285329,255881100.0
1746756371.3465862,255952158.0
1746756371.4086182,256023216.0
1746756371.4708383,256094274.0
1746756371.5328386,256165332.0
1746756371.5954888,256236390.0
1746756371.658175,256307448.0
1746756371.7210498,256378506.0
1746756371.784601,256449564.0
1746756371.8485415,256520622.0
1746756371.9128318,256591680.0
1746756371.977445,256662738.0
1746756372.0423162,256733796.0
1746756372.1070175,256804854.0
1746756372.1725426,256875912.0
1746756372.2407358,256946970.0
1746756372.304359,257018028.0
1746756372.3679304,257089086.0
1746756372.432314,257160144.0
1746756372.4970016,257231202.0
1746756372.561503,257302260.0
1746756372.6265888,257373318.0
1746756372.6917515,257444376.0
1746756372.7571747,257515434.0
1746756372.8233402,257586492.0
1746756372.890014,257657550.0
1746756372.9569588,257728608.0
1746756373.023994,257799666.0
1746756373.1280978,257870820.0
1746756373.1833718,257941974.0
1746756373.239124,258013128.0
1746756373.329485,258084314.0
1746756373.4155679,258156492.0
1746756373.4716296,258228670.0
1746756373.5279484,258300848.0
1746756373.5845847,258373026.0
1746756373.641391,258445204.0
1746756373.6984725,258517382.0
1746756373.7554681,258589560.0
1746756373.8130026,258661738.0
1746756373.8709457,258733916.0
1746756373.9292278,258806094.0
1746756373.9882402,258878272.0
1746756374.0474257,258950450.0
1746756374.106981,259022628.0
1746756374.1662254,259094806.0
1746756374.2262938,259166984.0
1746756374.2864091,259239162.0
1746756374.3471627,259311340.0
1746756374.4082854,259383518.0
1746756374.4696796,259455696.0
1746756374.5315425,259527874.0
1746756374.593671,259600052.0
1746756374.6559894,259672230.0
1746756374.7182558,259744408.0
1746756374.7807033,259816586.0
1746756374.843816,259888764.0
1746756374.9072354,259960942.0
1746756374.971102,260033120.0
1746756375.0350645,260105298.0
1746756375.0995169,260177476.0
1746756375.1640968,260249654.0
1746756375.2287283,260321832.0
1746756375.2932458,260394010.0
1746756375.3584986,260466188.0
1746756375.43762,260538686.0
1746756375.495766,260611184.0
1746756375.5540605,260683682.0
1746756375.6125386,260756180.0
1746756375.6710317,260828678.0
1746756375.7298512,260901176.0
1746756375.7885745,260973674.0
1746756375.8480258,261046172.0
1746756375.907679,261118670.0
1746756375.9678178,261191168.0
1746756376.0553293,261263826.0
1746756376.1128814,261336484.0
1746756376.1699347,261409142.0
1746756376.227869,261481800.0
1746756376.2855542,261554458.0
1746756376.3815966,261628108.0
1746756376.4395835,261701758.0
1746756376.4979727,261775408.0
1746756376.5563583,261849058.0
1746756376.61521,261922708.0
1746756376.674637,261996358.0
1746756376.7343163,262070008.0
1746756376.793742,262143658.0
1746756376.8538253,262217308.0
1746756376.914143,262290958.0
1746756376.9749434,262364608.0
1746756377.0356786,262438258.0
1746756377.0988767,262511908.0
1746756377.160081,262585558.0
1746756377.222027,262659208.0
1746756377.28374,262732858.0
1746756377.3464231,262806508.0
1746756377.4090662,262880158.0
1746756377.4721646,262953808.0
1746756377.5353515,263027458.0
1746756377.5989432,263101108.0
1746756377.6627045,263174758.0
1746756377.7265854,263248408.0
1746756377.7904303,263322058.0
1746756377.8550084,263395708.0
1746756377.9199526,263469358.0
1746756377.9852018,263543008.0
1746756378.0506108,263616658.0
1746756378.1163976,263690308.0
1746756378.1819937,263763958.0
1746756378.2481556,263837608.0
1746756378.314243,263911258.0
1746756378.384405,263984908.0
1746756378.4834728,264059454.0
1746756378.5405128,264134000.0
1746756378.5976539,264208546.0
1746756378.6551142,264283092.0
1746756378.713003,264357638.0
1746756378.7711577,264432184.0
1746756378.8291774,264506730.0
1746756378.887778,264581276.0
1746756378.9467883,264655822.0
1746756379.0061378,264730368.0
1746756379.0656898,264804914.0
1746756379.1254404,264879460.0
1746756379.185312,264954006.0
1746756379.245829,265028552.0
1746756379.3062663,265103098.0
1746756379.3675284,265177644.0
1746756379.42896,265252190.0
1746756379.4907513,265326736.0
1746756379.5528169,265401282.0
1746756379.6151965,265475828.0
1746756379.67787,265550374.0
1746756379.7409587,265624920.0
1746756379.803827,265699466.0
1746756379.8672025,265774012.0
1746756379.9308386,265848558.0
1746756379.994781,265923104.0
1746756380.059064,265997650.0
1746756380.123522,266072196.0
1746756380.187755,266146742.0
1746756380.2527194,266221288.0
1746756380.4384694,266297927.0
1746756380.496402,266374566.0
1746756380.5543664,266451205.0
1746756380.6136825,266527844.0
1746756380.6731482,266604483.0
1746756380.7342894,266681122.0
1746756380.7950912,266757761.0
1746756380.8562212,266834400.0
1746756380.9172258,266911039.0
1746756380.9787815,266987678.0
1746756381.0407019,267064317.0
1746756381.1031914,267140956.0
1746756381.1664827,267217595.0
1746756381.2282162,267294234.0
1746756381.2899737,267370873.0
1746756381.3523092,267447512.0
1746756381.414543,267524151.0
1746756381.4775405,267600790.0
1746756381.5407333,267677429.0
1746756381.604241,267754068.0
1746756381.6677928,267830707.0
1746756381.731936,267907346.0
1746756381.796385,267983985.0
1746756381.8609128,268060624.0
1746756381.9254515,268137263.0
1746756381.9904978,268213902.0
1746756382.0557773,268290541.0
1746756382.1214917,268367180.0
1746756382.187561,268443819.0
1746756382.2537966,268520458.0
1746756382.3198652,268597097.0
1746756382.386587,268673736.0
1746756382.4531546,268750375.0
1746756382.5202878,268827014.0
1746756382.5879207,268903653.0
1746756382.655536,268980292.0
1746756382.7227194,269056931.0
1746756382.7905495,269133570.0
1746756382.8584063,269210209.0
1746756382.9265876,269286848.0
1746756382.994679,269363487.0
1746756383.063437,269440126.0
1746756383.1324131,269516765.0
1746756383.201826,269593404.0
1746756383.2714527,269670043.0
1746756383.3707602,269746746.0
1746756383.4413629,269823449.0
1746756383.5116248,269900152.0
1746756383.5817297,269976855.0
1746756383.6524768,270053558.0
1746756383.7234347,270130261.0
1746756383.7952366,270206964.0
1746756383.8667667,270283667.0
1746756383.9389884,270360370.0
1746756384.0112062,270437073.0
1746756384.083934,270513776.0
1746756384.157067,270590479.0
1746756384.2299058,270667182.0
1746756384.3031557,270743885.0
1746756384.376864,270820588.0
1746756384.450387,270897291.0
1746756384.5246837,270973994.0
1746756384.5989873,271050697.0
1746756384.673948,271127400.0
1746756384.748788,271204103.0
1746756384.824513,271280806.0
1746756384.9003646,271357509.0
1746756384.977474,271434212.0
1746756385.0538926,271510915.0
1746756385.1305418,271587618.0
1746756385.1982942,271664321.0
1746756385.2829413,271741056.0
1746756385.3604417,271818143.0
1746756385.4207537,271895230.0
1746756385.481103,271972317.0
1746756385.54249,272049404.0
1746756385.602975,272126491.0
1746756385.664105,272203578.0
1746756385.7251446,272280665.0
1746756385.786928,272357752.0
1746756385.848828,272434839.0
1746756385.9109359,272511926.0
1746756385.9736366,272589013.0
1746756386.0594134,272666132.0
1746756386.129212,272743283.0
1746756386.2003958,272820594.0
1746756386.2611573,272897905.0
1746756386.3223097,272975216.0
1746756386.38358,273052527.0
1746756386.4453874,273129838.0
1746756386.5505657,273207534.0
1746756386.6116755,273285230.0
1746756386.672811,273362926.0
1746756386.7343116,273440622.0
1746756386.7956643,273518318.0
1746756386.857691,273596014.0
1746756386.9196439,273673710.0
1746756386.9822893,273751406.0
1746756387.0450099,273829102.0
1746756387.1079948,273906798.0
1746756387.1714497,273984494.0
1746756387.2354305,274062190.0
1746756387.329658,274139950.0
1746756387.3907647,274217710.0
1746756387.6208005,274295694.0
1746756387.7276669,274373678.0
1746756387.8357048,274451662.0
1746756387.9446929,274529646.0
1746756388.0544949,274607630.0
1746756388.1647425,274685614.0
1746756388.2746983,274763598.0
1746756388.4242032,274843150.0
1746756388.4918394,274922702.0
1746756388.5596948,275002254.0
1746756388.6278775,275081806.0
1746756388.6968908,275161358.0
1746756388.7652042,275240910.0
1746756388.833951,275320462.0
1746756388.9057922,275400014.0
1746756388.9745624,275479566.0
1746756389.0436037,275559118.0
1746756389.1128483,275638670.0
1746756389.1820264,275718222.0
1746756389.2517781,275797774.0
1746756389.321841,275877326.0
1746756389.3925128,275956878.0
1746756389.462875,276036430.0
1746756389.5338342,276115982.0
1746756389.6047764,276195534.0
1746756389.6762934,276275086.0
1746756389.7480602,276354638.0
1746756389.819812,276434190.0
1746756389.89217,276513742.0
1746756389.9650283,276593294.0
1746756390.0397203,276672846.0
1746756390.1114933,276752398.0
1746756390.1831157,276831950.0
1746756390.255384,276911502.0
1746756390.3277442,276991054.0
1746756390.4007263,277070606.0
1746756390.4738443,277150158.0
1746756390.5478566,277229710.0
1746756390.621596,277309262.0
1746756390.6958737,277388814.0
1746756390.769877,277468366.0
1746756390.8445635,277547918.0
1746756390.9195156,277627470.0
1746756390.9943948,277707022.0
1746756391.0699484,277786574.0
1746756391.146653,277866126.0
1746756391.2221985,277945678.0
1746756391.2980268,278025230.0
1746756391.3737488,278104782.0
1746756391.4502184,278184334.0
1746756391.5266156,278263886.0
1746756391.6035597,278343438.0
1746756391.680814,278422990.0
1746756391.758623,278502542.0
1746756391.8441565,278582094.0
1746756391.9153056,278661646.0
1746756391.9863255,278741198.0
1746756392.0581222,278820750.0
1746756392.1301563,278900302.0
1746756392.2207153,278979918.0
1746756392.2811084,279059534.0
1746756392.354197,279139342.0
1746756392.4146976,279219150.0
1746756392.475233,279298958.0
1746756392.5361724,279378766.0
1746756392.5973806,279458574.0
1746756392.6588316,279538382.0
1746756392.7620947,279618510.0
1746756392.82317,279698638.0
1746756392.884601,279778766.0
1746756392.945792,279858894.0
1746756393.0076106,279939022.0
1746756393.0695121,280019150.0
1746756393.1499386,280099278.0
1746756393.2127826,280179406.0
1746756393.27552,280259534.0
1746756393.3389368,280339662.0
1746756393.4316924,280420046.0
1746756393.493202,280500430.0
1746756393.5546317,280580814.0
1746756393.6165879,280661198.0
1746756393.6788888,280741582.0
1746756393.7413664,280821966.0
1746756393.8042061,280902350.0
1746756393.8673728,280983426.0
1746756393.979158,281064930.0
1746756394.0437863,281146434.0
1746756394.1035576,281227938.0
1746756394.1639166,281309442.0
1746756394.2243233,281390946.0
1746756394.2853477,281472450.0
1746756394.3458722,281553954.0
1746756394.4068244,281635458.0
1746756394.4684618,281716962.0
1746756394.5302088,281798466.0
1746756394.5922346,281879970.0
1746756394.654452,281961474.0
1746756394.7171786,282042978.0
1746756394.780035,282124482.0
1746756394.843245,282205986.0
1746756394.9066548,282287490.0
1746756394.9707367,282368994.0
1746756395.0347202,282450498.0
1746756395.0990741,282532002.0
1746756395.1637259,282613506.0
1746756395.2289057,282695010.0
1746756395.294109,282776514.0
1746756395.3592403,282858018.0
1746756395.4250314,282939522.0
1746756395.4917555,283021026.0
1746756395.5583923,283102530.0
1746756395.6242602,283184034.0
1746756395.6904922,283265538.0
1746756395.7571325,283347042.0
1746756395.8242009,283428546.0
1746756395.8906038,283510050.0
1746756395.9578354,283591554.0
1746756396.0257566,283673058.0
1746756396.093113,283754562.0
1746756396.1611457,283836066.0
1746756396.2300272,283917570.0
1746756396.2999237,283999074.0
1746756396.400997,284080578.0
1746756396.499512,284162146.0
1746756396.5599608,284243714.0
1746756396.6291473,284325314.0
1746756396.6983352,284406978.0
1746756396.7590744,284488642.0
1746756396.8317964,284570402.0
1746756396.8931005,284652162.0
1746756396.9543118,284733922.0
1746756397.0517845,284816546.0
1746756397.1137953,284899170.0
1746756397.1759274,284981794.0
1746756397.237886,285064418.0
1746756397.3003366,285147042.0
1746756397.3632438,285229666.0
1746756397.4261477,285312290.0
1746756397.489391,285394914.0
1746756397.5544653,285477538.0
1746756397.6203046,285560162.0
1746756397.6804352,285642786.0
1746756397.7406845,285725410.0
1746756397.8014288,285808034.0
1746756397.862462,285890658.0
1746756397.9245389,285973282.0
1746756397.9861088,286055906.0
1746756398.047841,286138530.0
1746756398.1099272,286221154.0
1746756398.1725934,286303778.0
1746756398.2352345,286386402.0
1746756398.2978058,286469026.0
1746756398.3608928,286551650.0
1746756398.424006,286634274.0
1746756398.4876285,286716898.0
1746756398.5510933,286799522.0
1746756398.6147974,286882146.0
1746756398.6792376,286964770.0
1746756398.7445621,287047394.0
1746756398.8090055,287130018.0
1746756398.8927543,287213442.0
1746756398.9507797,287296866.0
1746756399.0088234,287380290.0
1746756399.0671124,287463714.0
1746756399.1257987,287547138.0
1746756399.1850336,287630562.0
1746756399.2457552,287713986.0
1746756399.3037038,287797410.0
1746756399.3622959,287880834.0
1746756399.4210722,287964258.0
1746756399.4802077,288047682.0
1746756399.5393116,288131106.0
1746756399.5986428,288214530.0
1746756399.6587698,288297954.0
1746756399.7189693,288381378.0
1746756399.7794814,288464802.0
1746756399.840352,288548226.0
1746756399.9015794,288631650.0
1746756399.9631636,288715074.0
1746756400.0251281,288798498.0
1746756400.0869193,288881922.0
1746756400.1497068,288965346.0
1746756400.2117617,289048770.0
1746756400.2748666,289132194.0
1746756400.3380961,289215618.0
1746756400.401472,289299042.0
1746756400.5003855,289382466.0
1746756400.586963,289466018.0
1746756400.6442194,289549570.0
1746756400.7019868,289633122.0
1746756400.7601955,289716674.0
1746756400.8355095,289800354.0
1746756400.8936896,289884034.0
1746756400.9518964,289967714.0
1746756401.010388,290051394.0
1746756401.0967798,290135650.0
1746756401.1553686,290219906.0
1746756401.2144022,290304162.0
1746756401.2728813,290388418.0
1746756401.332024,290472674.0
1746756401.3916163,290556930.0
1746756401.4513721,290641186.0
1746756401.5115001,290725442.0
1746756401.571514,290809698.0
1746756401.6318667,290893954.0
1746756401.692923,290978210.0
1746756401.7541604,291062466.0
1746756401.815893,291146722.0
1746756401.8778625,291230978.0
1746756401.940067,291315234.0
1746756402.0025225,291399490.0
1746756402.064965,291483746.0
1746756402.128102,291568002.0
1746756402.191674,291652258.0
1746756402.2725546,291736578.0
1746756402.332105,291820898.0
1746756402.4415982,291905250.0
1746756402.5227876,291989634.0
1746756402.612076,292074914.0
1746756402.6733186,292160194.0
1746756402.7337492,292245474.0
1746756402.7949314,292330754.0
1746756402.856127,292416034.0
1746756402.9177065,292501314.0
1746756402.9793177,292586594.0
1746756403.0412402,292671874.0
1746756403.1033766,292757154.0
1746756403.1655529,292842434.0
1746756403.2283523,292927714.0
1746756403.291743,293012994.0
1746756403.3547242,293098274.0
1746756403.4183123,293183554.0
1746756403.4821968,293268834.0
1746756403.5465825,293354114.0
1746756403.61106,293439394.0
1746756403.6757045,293524674.0
1746756403.7403123,293609954.0
1746756403.8056674,293695234.0
1746756403.8716564,293780514.0
1746756403.9374342,293865794.0
1746756404.0032663,293951074.0
1746756404.070397,294036354.0
1746756404.1359234,294121634.0
1746756404.2013648,294206914.0
1746756404.2675502,294292194.0
1746756404.335161,294377474.0
1746756404.401555,294462754.0
1746756404.4684281,294548034.0
1746756404.5621414,294633314.0
1746756404.6430104,294719170.0
1746756404.7065656,294805026.0
1746756404.7648902,294890882.0
1746756404.8232653,294976738.0
1746756404.882455,295062594.0
1746756404.9419324,295148450.0
1746756405.0017126,295234306.0
1746756405.061679,295320162.0
1746756405.121844,295406018.0
1746756405.1976612,295491874.0
1746756405.258386,295577730.0
1746756405.3197517,295663586.0
1746756405.381241,295749442.0
1746756405.4424913,295835298.0
1746756405.5045006,295921154.0
1746756405.566659,296007010.0
1746756405.6291072,296092866.0
1746756405.6915712,296178722.0
1746756405.754292,296264578.0
1746756405.8388848,296350466.0
1746756405.9085863,296436386.0
1746756405.9915924,296522914.0
1746756406.051431,296609442.0
1746756406.1111448,296695970.0
1746756406.1716561,296782498.0
1746756406.2317605,296869026.0
1746756406.2921562,296955554.0
1746756406.3527536,297042082.0
1746756406.413959,297128610.0
1746756406.4748993,297215138.0
1746756406.536301,297301666.0
1746756406.5982175,297388194.0
1746756406.6600833,297474722.0
1746756406.7222724,297561250.0
1746756406.7851467,297647778.0
1746756406.8471344,297734306.0
1746756406.910097,297820834.0
1746756406.9733794,297907362.0
1746756407.03676,297993890.0
1746756407.1002376,298080418.0
1746756407.164665,298166946.0
1746756407.2583656,298253506.0
1746756407.3749254,298340866.0
1746756407.4354117,298428226.0
1746756407.4957905,298515586.0
1746756407.555954,298602946.0
1746756407.6170614,298690306.0
1746756407.6784494,298777666.0
1746756407.7397668,298865026.0
1746756407.801597,298952386.0
1746756407.8631358,299039746.0
1746756407.9251714,299127106.0
1746756407.987964,299214466.0
1746756408.0504987,299301826.0
1746756408.1133568,299389186.0
1746756408.1763127,299476546.0
1746756408.2395382,299563906.0
1746756408.3032565,299651266.0
1746756408.3672535,299738626.0
1746756408.431359,299825986.0
1746756408.4960828,299913346.0
1746756408.5606525,300000706.0
1746756408.625657,300088066.0
1746756408.6911833,300175426.0
1746756408.757013,300262786.0
1746756408.822346,300350146.0
1746756408.8880756,300437506.0
1746756408.955553,300524866.0
1746756409.0208395,300612226.0
1746756409.1069086,300699938.0
1746756409.1671376,300787650.0
1746756409.2272615,300875362.0
1746756409.2865827,300963074.0
1746756409.3461967,301050786.0
1746756409.406105,301138498.0
1746756409.4665182,301226210.0
1746756409.527292,301313922.0
1746756409.588137,301401634.0
1746756409.649042,301489346.0
1746756409.7102287,301577058.0
1746756409.8055873,301664770.0
1746756409.8735192,301752546.0
1746756409.9325123,301840322.0
1746756410.0031838,301928226.0
1746756410.0632265,302016130.0
1746756410.1233623,302104034.0
1746756410.1837409,302191938.0
1746756410.2787428,302280674.0
1746756410.3386185,302369410.0
1746756410.3984983,302458146.0
1746756410.4586184,302546882.0
1746756410.5191476,302635618.0
1746756410.5806766,302724354.0
1746756410.6415033,302813090.0
1746756410.7023554,302901826.0
1746756410.7638428,302990562.0
1746756410.8257022,303079298.0
1746756410.8876467,303168034.0
1746756410.9496672,303256770.0
1746756411.0119977,303345506.0
1746756411.0766199,303434242.0
1746756411.1408262,303522978.0
1746756411.204496,303611714.0
1746756411.2682376,303700450.0
1746756411.3323667,303789186.0
1746756411.3966422,303877922.0
1746756411.461296,303966658.0
1746756411.5262344,304055394.0
1746756411.5917947,304144130.0
1746756411.6569746,304232866.0
1746756411.722698,304321602.0
1746756411.788851,304410338.0
1746756411.8552086,304499074.0
1746756411.9218695,304587810.0
1746756411.9885113,304676546.0
1746756412.0622652,304765378.0
1746756412.1235154,304854210.0
1746756412.1846764,304943042.0
1746756412.2612002,305031970.0
1746756412.3223839,305120898.0
1746756412.3837361,305209826.0
1746756412.463046,305298914.0
1746756412.5242636,305388002.0
1746756412.585845,305477090.0
1746756412.6478477,305566178.0
1746756412.7101705,305655266.0
1746756412.8077164,305744386.0
1746756412.9160674,305834658.0
1746756412.9772034,305924930.0
1746756413.0385053,306015202.0
1746756413.1000538,306105474.0
1746756413.1624758,306195746.0
1746756413.225317,306286018.0
1746756413.2881782,306376290.0
1746756413.3513918,306466562.0
1746756413.4147909,306556834.0
1746756413.4786906,306647106.0
1746756413.5427284,306737378.0
1746756413.6072023,306827650.0
1746756413.6718166,306917922.0
1746756413.7370808,307008194.0
1746756413.8018594,307098466.0
1746756413.8674474,307188738.0
1746756413.9332542,307279010.0
1746756413.9989908,307369282.0
1746756414.0651622,307459554.0
1746756414.1315289,307549826.0
1746756414.1983957,307640098.0
1746756414.266157,307730370.0
1746756414.3339398,307820642.0
1746756414.4016502,307910914.0
1746756414.4695003,308001186.0
1746756414.5380077,308091458.0
1746756414.6065533,308181730.0
1746756414.6754577,308272002.0
1746756414.7447507,308362274.0
1746756414.8140893,308452546.0
1746756414.8842733,308542818.0
1746756414.9539871,308633090.0
1746756415.0240169,308723362.0
1746756415.0938597,308813634.0
1746756415.163887,308903906.0
1746756415.2341692,308994178.0
1746756415.3049755,309084450.0
1746756415.3763745,309174722.0
1746756415.4477654,309264994.0
1746756415.530417,309355298.0
1746756415.6370604,309445954.0
1746756415.7101307,309536610.0
1746756415.7830522,309627266.0
1746756415.856359,309717922.0
1746756415.9299612,309808578.0
1746756416.004192,309899234.0
1746756416.0781736,309989890.0
1746756416.152833,310080546.0
1746756416.2278764,310171202.0
1746756416.302663,310261858.0
1746756416.3776815,310352514.0
1746756416.4935935,310443362.0
1746756416.5590787,310534210.0
1746756416.6249766,310625058.0
1746756416.6908755,310715906.0
1746756416.7586105,310806754.0
1746756416.8235943,310897602.0
1746756416.8973823,310988450.0
1746756416.970018,311079362.0
1746756417.034303,311170274.0
1746756417.1096487,311261250.0
1746756417.1744072,311352226.0
1746756417.251233,311443234.0
1746756417.392674,311536034.0
1746756417.455846,311628834.0
1746756417.5191274,311721634.0
1746756417.5832732,311814434.0
1746756417.6477914,311907234.0
1746756417.7128155,312000034.0
1746756417.7783284,312092834.0
1746756417.8454247,312185634.0
1746756417.9121373,312278434.0
1746756417.9750578,312371234.0
1746756418.0383837,312464034.0
1746756418.1019528,312556834.0
1746756418.1650417,312649634.0
1746756418.2287095,312742434.0
1746756418.2928457,312835234.0
1746756418.357012,312928034.0
1746756418.4219594,313020834.0
1746756418.4868724,313113634.0
1746756418.5511508,313206434.0
1746756418.6157014,313299234.0
1746756418.6808612,313392034.0
1746756418.7463114,313484834.0
1746756418.8124042,313577634.0
1746756418.8783805,313670434.0
1746756418.9446335,313763234.0
1746756419.0114098,313856034.0
1746756419.0782487,313948834.0
1746756419.1454148,314041634.0
1746756419.2125561,314134434.0
1746756419.2804232,314227234.0
1746756419.3481297,314320034.0
1746756419.416254,314412834.0
1746756419.4845877,314505634.0
1746756419.5533447,314598434.0
1746756419.6219864,314691234.0
1746756419.6907537,314784034.0
1746756419.7602901,314876834.0
1746756419.8299105,314969634.0
1746756419.9003396,315062434.0
1746756419.9704885,315155234.0
1746756420.0415041,315248034.0
1746756420.1122959,315340834.0
1746756420.183403,315433634.0
1746756420.254739,315526434.0
1746756420.3260913,315619234.0
1746756420.3979902,315712034.0
1746756420.4703345,315804834.0
1746756420.5456607,315897634.0
1746756420.6163204,315990434.0
1746756420.6874282,316083234.0
1746756420.7584178,316176034.0
1746756420.8297632,316268834.0
1746756420.9017544,316361634.0
1746756420.97416,316454434.0
1746756421.0475173,316547234.0
1746756421.1198828,316640034.0
1746756421.1921234,316732834.0
1746756421.2659574,316825634.0
1746756421.3387575,316918434.0
1746756421.4116921,317011234.0
1746756421.5175185,317104194.0
1746756421.5772195,317197154.0
1746756421.6368644,317290114.0
1746756421.6968734,317383074.0
1746756421.7570894,317476034.0
1746756421.8348048,317569026.0
1746756421.9409819,317662658.0
1746756422.0022187,317756290.0
1746756422.0638125,317849922.0
1746756422.1259255,317943554.0
1746756422.1888072,318037186.0
1746756422.2510977,318130818.0
1746756422.3132083,318224450.0
1746756422.3759224,318318082.0
1746756422.4397974,318411714.0
1746756422.502843,318505346.0
1746756422.5660985,318598978.0
1746756422.6299098,318692610.0
1746756422.6938357,318786242.0
1746756422.757637,318879874.0
1746756422.8221145,318973506.0
1746756422.887201,319067138.0
1746756422.9517152,319160770.0
1746756423.0165322,319254402.0
1746756423.0816226,319348034.0
1746756423.147577,319441666.0
1746756423.2165813,319535298.0
1746756423.3097286,319629250.0
1746756423.3694608,319723202.0
1746756423.4289052,319817154.0
1746756423.4889264,319911106.0
1746756423.54908,320005058.0
1746756423.6097527,320099010.0
1746756423.6703062,320192962.0
1746756423.7312822,320286914.0
1746756423.792188,320380866.0
1746756423.853733,320474818.0
1746756423.9381146,320568770.0
1746756424.0080123,320662754.0
1746756424.076738,320756802.0
1746756424.1364646,320850850.0
1746756424.2307246,320945826.0
1746756424.291736,321040802.0
1746756424.352586,321135778.0
1746756424.4140985,321230754.0
1746756424.4747977,321325730.0
1746756424.536269,321420706.0
1746756424.5978796,321515682.0
1746756424.6597302,321610658.0
1746756424.7223709,321705634.0
1746756424.784727,321800610.0
1746756424.8469968,321895586.0
1746756424.909964,321990562.0
1746756424.9734643,322085538.0
1746756425.0366561,322180514.0
1746756425.100052,322275490.0
1746756425.1638036,322370466.0
1746756425.2288277,322465442.0
1746756425.293546,322560418.0
1746756425.3583982,322655394.0
1746756425.423241,322750370.0
1746756425.4886453,322845346.0
1746756425.554379,322940322.0
1746756425.620292,323035298.0
1746756425.6864605,323130274.0
1746756425.7528598,323225250.0
1746756425.8194358,323320226.0
1746756425.885955,323415202.0
1746756425.9530637,323510178.0
1746756426.0209463,323605154.0
1746756426.0883534,323700130.0
1746756426.155958,323795106.0
1746756426.262446,323890114.0
1746756426.3325026,323985154.0
1746756426.4093978,324080290.0
1746756426.4696143,324175426.0
1746756426.5298707,324270562.0
1746756426.6081479,324365858.0
1746756426.6686416,324461154.0
1746756426.72911,324556450.0
1746756426.789799,324651746.0
1746756426.8507535,324747042.0
1746756426.9337227,324842530.0
1746756426.9940236,324938018.0
1746756427.0547009,325033506.0
1746756427.115931,325128994.0
1746756427.1768394,325224482.0
1746756427.2383184,325319970.0
1746756427.3233688,325415586.0
1746756427.3842077,325511202.0
1746756427.4453356,325606818.0
1746756427.5065777,325702434.0
1746756427.6082692,325798626.0
1746756427.6697276,325894818.0
1746756427.7310507,325991010.0
1746756427.792736,326087202.0
1746756427.854617,326183394.0
1746756427.9169903,326279586.0
1746756427.9794593,326375778.0
1746756428.0419962,326471970.0
1746756428.1052032,326568162.0
1746756428.1687894,326664354.0
1746756428.232544,326760546.0
1746756428.2973995,326856738.0
1746756428.3600414,326952930.0
1746756428.4234147,327049122.0
1746756428.4876878,327145314.0
1746756428.55199,327241506.0
1746756428.6166158,327337698.0
1746756428.6815338,327433890.0
1746756428.7467551,327530082.0
1746756428.8362532,327626338.0
1746756428.8976028,327722594.0
1746756428.971024,327818946.0
1746756429.032554,327915298.0
1746756429.0938075,328011650.0
1746756429.2177267,328108034.0
1746756429.309439,328205314.0
1746756429.3729453,328302594.0
1746756429.4365566,328399874.0
1746756429.5001972,328497154.0
1746756429.5650232,328594434.0
1746756429.6296353,328691714.0
1746756429.6940496,328788994.0
1746756429.7589755,328886274.0
1746756429.823701,328983554.0
1746756429.8886273,329080834.0
1746756429.9543066,329178114.0
1746756430.0191908,329275394.0
1746756430.084653,329372674.0
1746756430.1501255,329469954.0
1746756430.2158248,329567234.0
1746756430.2816975,329664514.0
1746756430.3480196,329761794.0
1746756430.414604,329859074.0
1746756430.4808826,329956354.0
1746756430.5474017,330053634.0
1746756430.614783,330150914.0
1746756430.682587,330248194.0
1746756430.7503128,330345474.0
1746756430.8178825,330442754.0
1746756430.8863351,330540034.0
1746756430.9549336,330637314.0
1746756431.023767,330734594.0
1746756431.0929172,330831874.0
1746756431.162351,330929154.0
1746756431.231957,331026434.0
1746756431.3245811,331123746.0
1746756431.4059126,331221410.0
1746756431.4693482,331319074.0
1746756431.533048,331416738.0
1746756431.596574,331514402.0
1746756431.6611621,331612066.0
1746756431.725541,331709730.0
1746756431.7904146,331807394.0
1746756431.8564284,331905058.0
1746756431.9206061,332002722.0
1746756431.9853742,332100386.0
1746756432.0505216,332198050.0
1746756432.1159503,332295714.0
1746756432.2011735,332393410.0
1746756432.2810209,332491138.0
1746756432.4264383,332588962.0
1746756432.491182,332686786.0
1746756432.556349,332784610.0
1746756432.682313,332884322.0
1746756432.7477472,332984034.0
1746756432.8139904,333083746.0
1746756432.8802612,333183458.0
1746756432.946988,333283170.0
1746756433.0141551,333382882.0
1746756433.0817144,333482594.0
1746756433.148464,333582306.0
1746756433.2159417,333682018.0
1746756433.2837405,333781730.0
1746756433.351633,333881442.0
1746756433.4201825,333981154.0
1746756433.4894803,334080866.0
1746756433.5579808,334180578.0
1746756433.6266103,334280290.0
1746756433.6957037,334380002.0
1746756433.765257,334479714.0
1746756433.8349113,334579426.0
1746756433.9051282,334679138.0
1746756433.9756157,334778850.0
1746756434.0465531,334878562.0
1746756434.117767,334978274.0
1746756434.18902,335077986.0
1746756434.2602348,335177698.0
1746756434.3324432,335277410.0
1746756434.4049578,335377122.0
1746756434.476279,335476834.0
1746756434.547749,335576546.0
1746756434.6197696,335676258.0
1746756434.6914175,335775970.0
1746756434.7635033,335875682.0
1746756434.835777,335975394.0
1746756434.9083796,336075106.0
1746756434.9812303,336174818.0
1746756435.0547187,336274530.0
1746756435.128247,336374242.0
1746756435.2020266,336473954.0
1746756435.2795415,336573666.0
1746756435.3510523,336673378.0
1746756435.4230993,336773090.0
1746756435.4948092,336872802.0
1746756435.5669675,336972514.0
1746756435.6392853,337072226.0
1746756435.7118046,337171938.0
1746756435.7849703,337271650.0
1746756435.8581295,337371362.0
1746756435.9322329,337471074.0
1746756436.005659,337570786.0
1746756436.0784762,337670498.0
1746756436.1515489,337770210.0
1746756436.2250245,337869922.0
1746756436.2987032,337969634.0
1746756436.3726566,338069346.0
1746756436.4469934,338169058.0
1746756436.521403,338268770.0
1746756436.595873,338368482.0
1746756436.6709805,338468194.0
1746756436.7486587,338567906.0
1746756436.8226001,338667618.0
1746756436.8968554,338767330.0
1746756436.9714878,338867042.0
1746756437.0462596,338966754.0
1746756437.1209247,339066466.0
1746756437.1964154,339166178.0
1746756437.2723484,339265890.0
1746756437.3807688,339367330.0
1746756437.4421115,339468770.0
1746756437.5036066,339570210.0
1746756437.5652754,339671650.0
1746756437.6274104,339773090.0
1746756437.6894567,339874530.0
1746756437.7515826,339975970.0
1746756437.8141634,340077410.0
1746756437.877231,340178850.0
1746756437.9406056,340280290.0
1746756438.0043206,340381730.0
1746756438.0682728,340483170.0
1746756438.1326725,340584610.0
1746756438.19686,340686050.0
1746756438.2618332,340787490.0
1746756438.3270087,340888930.0
1746756438.3925147,340990370.0
1746756438.4584596,341091810.0
1746756438.5245986,341193250.0
1746756438.5909593,341294690.0
1746756438.6577272,341396130.0
1746756438.724592,341497570.0
1746756438.7913182,341599010.0
1746756438.85865,341700450.0
1746756438.926489,341801890.0
1746756438.9943821,341903330.0
1746756439.0626652,342004770.0
1746756439.131194,342106210.0
1746756439.199969,342207650.0
1746756439.2686155,342309090.0
1746756439.3380914,342410530.0
1746756439.407637,342511970.0
1746756439.4775906,342613410.0
1746756439.5478904,342714850.0
1746756439.6186106,342816290.0
1746756439.6895444,342917730.0
1746756439.760915,343019170.0
1746756439.8321128,343120610.0
1746756439.9034367,343222050.0
1746756439.9753647,343323490.0
1746756440.0475516,343424930.0
1746756440.1200302,343526370.0
1746756440.1927693,343627810.0
1746756440.2657013,343729250.0
1746756440.339094,343830690.0
1746756440.4123175,343932130.0
1746756440.4861908,344033570.0
1746756440.5603228,344135010.0
1746756440.6348522,344236450.0
1746756440.7097144,344337890.0
1746756440.7842302,344439330.0
1746756440.8593738,344540770.0
1746756440.93518,344642210.0
1746756441.0111215,344743650.0
1746756441.0868804,344845090.0
1746756441.1638904,344946530.0
1746756441.2403588,345047970.0
1746756441.3171425,345149410.0
1746756441.4257636,345250882.0
1746756441.5365005,345353314.0
1746756441.604458,345455746.0
1746756441.6721642,345558178.0
1746756441.740477,345660610.0
1746756441.808901,345763042.0
1746756441.8778236,345865474.0
1746756441.9473326,345967906.0
1746756442.0167742,346070338.0
1746756442.0867817,346172770.0
1746756442.157179,346275202.0
1746756442.2276218,346377634.0
1746756442.2979403,346480066.0
1746756442.3691552,346582498.0
1746756442.4402015,346684930.0
1746756442.5119345,346787362.0
1746756442.583921,346889794.0
1746756442.6562488,346992226.0
1746756442.7286134,347094658.0
1746756442.8013773,347197090.0
1746756442.873958,347299522.0
1746756442.9470959,347401954.0
1746756443.0205672,347504386.0
1746756443.0948827,347606818.0
1746756443.1681898,347709250.0
1746756443.2419899,347811682.0
1746756443.3161616,347914114.0
1746756443.3903353,348016546.0
1746756443.4644086,348118978.0
1746756443.5393546,348221410.0
1746756443.6145039,348323842.0
1746756443.6900895,348426274.0
1746756443.7657382,348528706.0
1746756443.8573337,348631170.0
1746756443.9282458,348733698.0
1746756443.9925923,348836226.0
1746756444.0621164,348938786.0
1746756444.1404006,349041794.0
1746756444.2009768,349144802.0
1746756444.2616885,349247810.0
1746756444.3224854,349350818.0
1746756444.3832264,349453826.0
1746756444.445121,349556834.0
1746756444.5071106,349659842.0
1746756444.5693264,349762850.0
1746756444.6322043,349865858.0
1746756444.6947849,349968866.0
1746756444.7575479,350071874.0
1746756444.820515,350174882.0
1746756444.8837953,350277890.0
1746756444.9473028,350380898.0
1746756445.0107987,350483906.0
1746756445.1062324,350587842.0
1746756445.1671126,350691778.0
1746756445.2313275,350795714.0
1746756445.2907577,350899650.0
1746756445.3504965,351003586.0
1746756445.4105284,351107522.0
1746756445.4709473,351211458.0
1746756445.5314457,351315394.0
1746756445.5922966,351419330.0
1746756445.6538973,351523266.0
1746756445.7160475,351627202.0
1746756445.7765453,351731138.0
1746756445.8373218,351835074.0
1746756445.8983724,351939010.0
1746756445.959707,352042946.0
1746756446.0209029,352146882.0
1746756446.0830443,352250818.0
1746756446.1453395,352354754.0
1746756446.2080057,352458690.0
1746756446.2714498,352562626.0
1746756446.3344996,352666562.0
1746756446.3980346,352770498.0
1746756446.4618516,352874434.0
1746756446.525873,352978370.0
1746756446.5897431,353082306.0
1746756446.6543849,353186242.0
1746756446.719327,353290178.0
1746756446.7847464,353394114.0
1746756446.8497112,353498050.0
1746756446.9167705,353601986.0
1746756446.9819639,353705922.0
1746756447.0761108,353810754.0
1746756447.13411,353915586.0
1746756447.1917152,354020418.0
1746756447.249826,354125250.0
1746756447.3083053,354230082.0
1746756447.3670063,354334914.0
1746756447.4260986,354439746.0
1746756447.4855118,354544578.0
1746756447.5445497,354649410.0
1746756447.603985,354754242.0
1746756447.6641355,354859074.0
1746756447.7246485,354963906.0
1746756447.7852914,355068738.0
1746756447.8458116,355173570.0
1746756447.9071434,355278402.0
1746756447.9686577,355383234.0
1746756448.0301132,355488066.0
1746756448.0925498,355592898.0
1746756448.1543937,355697730.0
1746756448.2167394,355802562.0
1746756448.279313,355907394.0
1746756448.3423762,356012226.0
1746756448.4062371,356117058.0
1746756448.4700432,356221890.0
1746756448.5332482,356326722.0
1746756448.5967388,356431554.0
1746756448.6609356,356536386.0
1746756448.727599,356641218.0
1746756448.7904208,356746050.0
1746756448.9072268,356851778.0
1746756448.9661984,356957506.0
1746756449.0201657,357063234.0
1746756449.0745654,357168962.0
1746756449.1290936,357274690.0
1746756449.1839423,357380418.0
1746756449.2394912,357486146.0
1746756449.2953844,357591874.0
1746756449.3531935,357697602.0
1746756449.4082677,357803330.0
1746756449.463547,357909058.0
1746756449.51863,358014786.0
1746756449.5740976,358120514.0
1746756449.630277,358226242.0
1746756449.6869888,358331970.0
1746756449.7431831,358437698.0
1746756449.7995694,358543426.0
1746756449.8560705,358649154.0
1746756449.9135194,358754882.0
1746756449.9708087,358860610.0
1746756450.0288696,358966338.0
1746756450.0873125,359072066.0
1746756450.1462514,359177794.0
1746756450.2052767,359283522.0
1746756450.2646468,359389250.0
1746756450.3245122,359494978.0
1746756450.3846333,359600706.0
1746756450.4446056,359706434.0
1746756450.504874,359812162.0
1746756450.5756574,359917986.0
1746756450.6297739,360023810.0
1746756450.6841812,360129634.0
1746756450.7498543,360235490.0
1746756450.809067,360341410.0
1746756450.8609607,360447330.0
1746756451.0572648,360553282.0
1746756451.1408637,360660994.0
1746756451.1974733,360768706.0
1746756451.2544582,360876418.0
1746756451.3113728,360984130.0
1746756451.3691661,361091842.0
1746756451.4270914,361199554.0
1746756451.485179,361307266.0
1746756451.543745,361414978.0
1746756451.602005,361522690.0
1746756451.660652,361630402.0
1746756451.7198327,361738114.0
1746756451.7793074,361845826.0
1746756451.8387604,361953538.0
1746756451.8983648,362061250.0
1746756451.9587765,362168962.0
1746756452.0190775,362276674.0
1746756452.0799825,362384386.0
1746756452.141542,362492098.0
1746756452.2030628,362599810.0
1746756452.264883,362707522.0
1746756452.3272254,362815234.0
1746756452.3896005,362922946.0
1746756452.452031,363030658.0
1746756452.5144165,363138370.0
1746756452.576849,363246082.0
1746756452.6397226,363353794.0
1746756452.7030718,363461506.0
1746756452.7667937,363569218.0
1746756452.830417,363676930.0
1746756452.89431,363784642.0
1746756452.9589741,363892354.0
1746756453.0236928,364000066.0
1746756453.0888388,364107778.0
1746756453.1543708,364215490.0
1746756453.2204034,364323202.0
1746756453.2872105,364430914.0
1746756453.3542128,364538626.0
1746756453.4211156,364646338.0
1746756453.4881902,364754050.0
1746756453.5551083,364861762.0
1746756453.6223738,364969474.0
1746756453.689916,365077186.0
1746756453.7580862,365184898.0
1746756453.8265867,365292610.0
1746756453.8950288,365400322.0
1746756453.9637012,365508034.0
1746756454.0330088,365615746.0
1746756454.1022258,365723458.0
1746756454.1722202,365831170.0
1746756454.242468,365938882.0
1746756454.3128114,366046594.0
1746756454.3834357,366154306.0
1746756454.454952,366262018.0
1746756454.5264416,366369730.0
1746756454.598018,366477442.0
1746756454.6697052,366585154.0
1746756454.741141,366692866.0
1746756454.8136375,366800578.0
1746756454.9052093,366908482.0
1746756454.9639788,367016386.0
1746756455.0224295,367124290.0
1746756455.0811613,367232194.0
1746756455.1405947,367340098.0
1746756455.2002964,367448002.0
1746756455.300935,367556002.0
1746756455.3683162,367664002.0
1746756455.4358082,367772002.0
1746756455.5107188,367880098.0
1746756455.5725653,367988194.0
1746756455.634276,368096290.0
1746756455.7107604,368204450.0
1746756455.7713945,368312610.0
1746756455.8673384,368420834.0
1746756455.9364781,368529058.0
1746756456.0181456,368637730.0
1746756456.0792902,368746402.0
1746756456.1403463,368855074.0
1746756456.2019527,368963746.0
1746756456.26449,369072418.0
1746756456.3269448,369181090.0
1746756456.3896794,369289762.0
1746756456.4527855,369398434.0
1746756456.516165,369507106.0
1746756456.579962,369615778.0
1746756456.6443138,369724450.0
1746756456.708813,369833122.0
1746756456.7735085,369941794.0
1746756456.8380592,370050466.0
1746756456.9031756,370159138.0
1746756456.9878669,370268034.0
1746756457.0505679,370376930.0
1746756457.1134474,370485826.0
1746756457.1770508,370594722.0
1746756457.2403917,370703618.0
1746756457.3039808,370812514.0
1746756457.367443,370921410.0
1746756457.4710073,371031106.0
1746756457.5340772,371140802.0
1746756457.5974185,371250498.0
1746756457.660589,371360194.0
1746756457.724598,371469890.0
1746756457.7884135,371579586.0
1746756457.852364,371689282.0
1746756457.9163396,371798978.0
1746756457.9808106,371908674.0
1746756458.0452576,372018370.0
1746756458.1103413,372128066.0
1746756458.1757615,372237762.0
1746756458.241145,372347458.0
1746756458.306917,372457154.0
1746756458.3763885,372566850.0
1746756458.4404411,372676546.0
1746756458.5042481,372786242.0
1746756458.5685575,372895938.0
1746756458.6331449,373005634.0
1746756458.698003,373115330.0
1746756458.7635,373225026.0
1746756458.830671,373334722.0
1746756458.8954213,373444418.0
1746756458.9594107,373554114.0
1746756459.0237706,373663810.0
1746756459.0881917,373773506.0
1746756459.1875668,373883394.0
1746756459.2470047,373993282.0
1746756459.3061054,374103170.0
1746756459.365686,374213058.0
1746756459.4256968,374322946.0
1746756459.485902,374432834.0
1746756459.5726378,374542882.0
1746756459.6326492,374652930.0
1746756459.6926303,374762978.0
1746756459.7529426,374873026.0
1746756459.8138776,374983074.0
1746756459.9047225,375093282.0
1746756459.9651444,375203490.0
1746756460.0252132,375313698.0
1746756460.0858705,375423906.0
1746756460.1469646,375534114.0
1746756460.2240233,375644354.0
1746756460.2950983,375754722.0
1746756460.3555226,375865090.0
1746756460.4164124,375975458.0
1746756460.477704,376085826.0
1746756460.5538046,376196226.0
1746756460.6327016,376306818.0
1746756460.6943557,376417410.0
1746756460.756107,376528002.0
1746756460.8180065,376638594.0
1746756460.88049,376749186.0
1746756460.943296,376859778.0
1746756461.035756,376970754.0
1746756461.0974286,377081730.0
1746756461.159434,377192706.0
1746756461.2214105,377303682.0
1746756461.2844684,377414658.0
1746756461.3475564,377525634.0
1746756461.411513,377636610.0
1746756461.472484,377747586.0
1746756461.5341609,377858562.0
1746756461.5962467,377969538.0
1746756461.6586552,378080514.0
1746756461.7212048,378191490.0
1746756461.784196,378302466.0
1746756461.8648005,378414018.0
1746756461.9255009,378525570.0
1746756461.986403,378637122.0
1746756462.0472755,378748674.0
1746756462.1083045,378860226.0
1746756462.1696725,378971778.0
1746756462.2311249,379083330.0
1746756462.293154,379194882.0
1746756462.355477,379306434.0
1746756462.4178216,379417986.0
1746756462.4808466,379529538.0
1746756462.544559,379641090.0
1746756462.6091425,379752642.0
1746756462.6730626,379864194.0
1746756462.7372859,379975746.0
1746756462.801766,380087298.0
1746756462.8665152,380198850.0
1746756462.9318168,380310402.0
1746756462.997333,380421954.0
1746756463.1087484,380534658.0
1746756463.1702456,380647362.0
1746756463.2316656,380760066.0
1746756463.2932446,380872770.0
1746756463.3553054,380985474.0
1746756463.4180167,381098178.0
1746756463.4802177,381210882.0
1746756463.5430017,381323586.0
1746756463.6061487,381436290.0
1746756463.6699083,381548994.0
1746756463.73382,381661698.0
1746756463.7979386,381774402.0
1746756463.8627696,381887106.0
1746756463.926886,381999810.0
1746756463.9917986,382112514.0
1746756464.0569804,382225218.0
1746756464.1219985,382337922.0
1746756464.187305,382450626.0
1746756464.2530916,382563330.0
1746756464.3187704,382676034.0
1746756464.3847237,382788738.0
1746756464.4512951,382901442.0
1746756464.5209997,383014146.0
1746756464.5856452,383126850.0
1746756464.6502934,383239554.0
1746756464.7153492,383352258.0
1746756464.7804518,383464962.0
1746756464.8457758,383577666.0
1746756464.913251,383690370.0
1746756464.9776995,383803074.0
1746756465.0437899,383915778.0
1746756465.108097,384028482.0
1746756465.172178,384141186.0
1746756465.236895,384253890.0
1746756465.3017244,384366594.0
1746756465.366493,384479298.0
1746756465.4316258,384592002.0
1746756465.4973898,384704706.0
1746756465.607998,384818050.0
1746756465.6655114,384931394.0
1746756465.7229815,385044738.0
1746756465.7806356,385158082.0
1746756465.83877,385271426.0
1746756465.8971257,385384770.0
1746756465.955852,385498114.0
1746756466.0148828,385611458.0
1746756466.0743206,385724802.0
1746756466.134188,385838146.0
1746756466.1941135,385951490.0
1746756466.2542434,386064834.0
1746756466.3145516,386178178.0
1746756466.375036,386291522.0
1746756466.4355373,386404866.0
1746756466.496946,386518210.0
1746756466.5581353,386631554.0
1746756466.6200123,386744898.0
1746756466.6821187,386858242.0
1746756466.7445047,386971586.0
1746756466.80768,387084930.0
1746756466.8847208,387198306.0
1746756467.082557,387313474.0
1746756467.1406486,387428642.0
1746756467.1994507,387543810.0
1746756467.2598398,387658978.0
1746756467.321214,387774146.0
1746756467.382703,387889314.0
1746756467.4437773,388004482.0
1746756467.5052087,388119650.0
1746756467.566967,388234818.0
1746756467.6294413,388349986.0
1746756467.6919873,388465154.0
1746756467.755254,388580322.0
1746756467.8186536,388695490.0
1746756467.8823652,388810658.0
1746756467.946493,388925826.0
1746756468.0108716,389040994.0
1746756468.0755632,389156162.0
1746756468.1405628,389271330.0
1746756468.2060332,389386498.0
1746756468.2718208,389501666.0
1746756468.3375793,389616834.0
1746756468.4040954,389732002.0
1746756468.4700158,389847170.0
1746756468.5362158,389962338.0
1746756468.6026604,390077506.0
1746756468.6697767,390192674.0
1746756468.7366083,390307842.0
1746756468.8040552,390423010.0
1746756468.8737018,390538178.0
1746756468.9404163,390653346.0
1746756469.0088365,390768514.0
1746756469.075301,390883682.0
1746756469.1421165,390998850.0
1746756469.209316,391114018.0
1746756469.27711,391229186.0
1746756469.3450375,391344354.0
1746756469.4130566,391459522.0
1746756469.481547,391574690.0
1746756469.549724,391689858.0
1746756469.618067,391805026.0
1746756469.6868024,391920194.0
1746756469.7560902,392035362.0
1746756469.8254118,392150530.0
1746756469.895144,392265698.0
1746756469.9655228,392380866.0
1746756470.035843,392496034.0
1746756470.1067433,392611202.0
1746756470.1777062,392726370.0
1746756470.2490714,392841538.0
1746756470.3207257,392956706.0
1746756470.392793,393071874.0
1746756470.4652452,393187042.0
1746756470.5375826,393302210.0
1746756470.6107092,393417378.0
1746756470.6832864,393532546.0
1746756470.7561767,393647714.0
1746756470.829351,393762882.0
1746756470.9031997,393878050.0
1746756470.9767814,393993218.0
1746756471.0509894,394108386.0
1746756471.1255383,394223554.0
1746756471.2022266,394338754.0
1746756471.2964513,394454946.0
1746756471.3576913,394571138.0
1746756471.4189422,394687330.0
1746756471.4805918,394803522.0
1746756471.5427132,394919714.0
1746756471.6051824,395035906.0
1746756471.6675024,395152098.0
1746756471.7306976,395268290.0
1746756471.7934275,395384482.0
1746756471.8565125,395500674.0
1746756471.91971,395616866.0
1746756471.983823,395733058.0
1746756472.047682,395849250.0
1746756472.1124482,395965442.0
1746756472.176929,396081634.0
1746756472.2418506,396197826.0
1746756472.307076,396314018.0
1746756472.3725934,396430210.0
1746756472.4382534,396546402.0
1746756472.504747,396662594.0
1746756472.5709512,396778786.0
1746756472.6376624,396894978.0
1746756472.70383,397011170.0
1746756472.7707202,397127362.0
1746756472.837202,397243554.0
1746756472.9040174,397359746.0
1746756472.971162,397475938.0
1746756473.0390437,397592130.0
1746756473.1065652,397708322.0
1746756473.1745636,397824514.0
1746756473.2431586,397940706.0
1746756473.3120844,398056898.0
1746756473.3811486,398173090.0
1746756473.4997404,398290082.0
1746756473.5620434,398407074.0
1746756473.6243527,398524066.0
1746756473.6872246,398641058.0
1746756473.7501998,398758050.0
1746756473.8134613,398875042.0
1746756473.8770826,398992034.0
1746756473.9404535,399109026.0
1746756474.004147,399226018.0
1746756474.0680943,399343010.0
1746756474.132691,399460002.0
1746756474.197252,399576994.0
1746756474.262379,399693986.0
1746756474.3278046,399810978.0
1746756474.3935714,399927970.0
1746756474.4596293,400044962.0
1746756474.5258574,400161954.0
1746756474.5930932,400278946.0
1746756474.6594446,400395938.0
1746756474.726799,400512930.0
1746756474.7943368,400629922.0
1746756474.8619301,400746914.0
1746756474.9303102,400863906.0
1746756474.9975867,400980898.0
1746756475.0651138,401097890.0
1746756475.132799,401214882.0
1746756475.2010427,401331874.0
1746756475.298313,401449794.0
1746756475.3609424,401567714.0
1746756475.4238477,401685634.0
1746756475.4870515,401803554.0
1746756475.550494,401921474.0
1746756475.6143098,402039394.0
1746756475.6785247,402157314.0
1746756475.7428887,402275234.0
1746756475.8077855,402393154.0
1746756475.8730655,402511074.0
1746756475.9383852,402628994.0
1746756476.0043814,402746914.0
1746756476.0698452,402864834.0
1746756476.1355393,402982754.0
1746756476.2016206,403100674.0
1746756476.2683516,403218594.0
1746756476.3350914,403336514.0
1746756476.4022508,403454434.0
1746756476.4699938,403572354.0
1746756476.537554,403690274.0
1746756476.6054564,403808194.0
1746756476.6737866,403926114.0
1746756476.7422464,404044034.0
1746756476.8110862,404161954.0
1746756476.8803046,404279874.0
1746756476.9498622,404397794.0
1746756477.0195549,404515714.0
1746756477.0897253,404633634.0
1746756477.1779902,404751554.0
1746756477.2482183,404869474.0
1746756477.318734,404987394.0
1746756477.404302,405105346.0
1746756477.4825752,405223586.0
1746756477.5467849,405341826.0
1746756477.6111693,405460066.0
1746756477.6760395,405578306.0
1746756477.7413359,405696546.0
1746756477.806974,405814786.0
1746756477.8728263,405933026.0
1746756477.940828,406051266.0
1746756478.005933,406169506.0
1746756478.1424708,406288770.0
1746756478.2055557,406408034.0
1746756478.2693243,406527298.0
1746756478.3328736,406646562.0
1746756478.396706,406765826.0
1746756478.461238,406885090.0
1746756478.5258625,407004354.0
1746756478.5904253,407123618.0
1746756478.6556368,407242882.0
1746756478.721162,407362146.0
1746756478.7869642,407481410.0
1746756478.853121,407600674.0
1746756478.9201229,407719938.0
1746756478.9863257,407839202.0
1746756479.0528839,407958466.0
1746756479.1198413,408077730.0
1746756479.1890736,408196994.0
1746756479.2547753,408316258.0
1746756479.3211696,408435522.0
1746756479.3871968,408554786.0
1746756479.4535677,408674050.0
1746756479.5205474,408793314.0
1746756479.5877357,408912578.0
1746756479.6549175,409031842.0
1746756479.7225657,409151106.0
1746756479.790553,409270370.0
1746756479.859011,409389634.0
1746756479.9276338,409508898.0
1746756479.9967499,409628162.0
1746756480.0659673,409747426.0
1746756480.1354785,409866690.0
1746756480.2054653,409985954.0
1746756480.2758482,410105218.0
1746756480.3463445,410224482.0
1746756480.4473393,410343778.0
1746756480.5185096,410463106.0
1746756480.5903065,410582498.0
1746756480.6536853,410701890.0
1746756480.727293,410821314.0
1746756480.8236048,410940770.0
1746756480.897013,411060290.0
1746756480.9619918,411179810.0
1746756481.0378394,411299394.0
1746756481.1030579,411418978.0
1746756481.2666075,411538594.0
1746756481.3505032,411658274.0
1746756481.417195,411777954.0
1746756481.5055892,411898050.0
1746756481.573089,412018146.0
1746756481.6410232,412138242.0
1746756481.7092094,412258338.0
1746756481.7771351,412378434.0
1746756481.8466306,412498530.0
1746756481.9128406,412618626.0
1746756481.9793935,412738722.0
1746756482.0463696,412858818.0
1746756482.114195,412978914.0
1746756482.1815941,413099010.0
1746756482.2493443,413219106.0
1746756482.3172915,413339202.0
1746756482.3862684,413459298.0
1746756482.493861,413580258.0
1746756482.5598636,413701218.0
1746756482.6264267,413822178.0
1746756482.6926703,413943138.0
1746756482.7596006,414064098.0
1746756482.8274217,414185058.0
1746756482.893855,414306018.0
1746756482.9607635,414426978.0
1746756483.0285115,414547938.0
1746756483.0948248,414668898.0
1746756483.1633127,414789858.0
1746756483.2322373,414910818.0
1746756483.3014705,415031778.0
1746756483.3711348,415152738.0
1746756483.4401906,415273698.0
1746756483.5103602,415394658.0
1746756483.5794961,415515618.0
1746756483.6492097,415636578.0
1746756483.7196388,415757538.0
1746756483.7904131,415878498.0
1746756483.8610291,415999458.0
1746756483.9320161,416120418.0
1746756484.002716,416241378.0
1746756484.0730224,416362338.0
1746756484.144198,416483298.0
1746756484.2154095,416604258.0
1746756484.288125,416725218.0
1746756484.3594573,416846178.0
1746756484.4312365,416967138.0
1746756484.5328085,417088162.0
1746756484.598754,417209186.0
1746756484.682204,417330274.0
1746756484.7495954,417451362.0
1746756484.8438864,417573282.0
1746756484.909349,417695202.0
1746756484.9770103,417817122.0
1746756485.041107,417939042.0
1746756485.1060684,418060962.0
1746756485.1701002,418182882.0
1746756485.2374802,418304802.0
1746756485.2994933,418426722.0
1746756485.3612943,418548642.0
1746756485.4237502,418670562.0
1746756485.486468,418792482.0
1746756485.5495381,418914402.0
1746756485.612953,419036322.0
1746756485.675947,419158242.0
1746756485.7404277,419280162.0
1746756485.8036337,419402082.0
1746756485.8671024,419524002.0
1746756485.931311,419645922.0
1746756485.9955175,419767842.0
1746756486.0603235,419889762.0
1746756486.1254568,420011682.0
1746756486.19034,420133602.0
1746756486.2545626,420255522.0
1746756486.3195915,420377442.0
1746756486.3845747,420499362.0
1746756486.4501162,420621282.0
1746756486.5159187,420743202.0
1746756486.5821092,420865122.0
1746756486.6582065,420987074.0
1746756486.7298987,421109186.0
1746756486.790899,421231298.0
1746756486.8514729,421353410.0
1746756486.9127092,421475522.0
1746756486.97432,421597634.0
1746756487.070837,421719778.0
1746756487.145363,421842146.0
1746756487.2071564,421964514.0
1746756487.2685456,422086882.0
1746756487.3299277,422209250.0
1746756487.3928003,422331618.0
1746756487.4549463,422453986.0
1746756487.5174663,422576354.0
1746756487.606618,422698754.0
1746756487.6807203,422821186.0
1746756487.8104737,422943650.0
1746756487.8817124,423066146.0
1746756487.9610069,423188962.0
1746756488.024808,423311778.0
1746756488.0886908,423434594.0
1746756488.1533601,423557410.0
1746756488.2180653,423680226.0
1746756488.284836,423803042.0
1746756488.3513777,423925858.0
1746756488.416199,424048674.0
1746756488.4812262,424171490.0
1746756488.5469844,424294306.0
1746756488.6135936,424417122.0
1746756488.6886363,424539970.0
1746756488.780663,424663650.0
1746756488.8452926,424787330.0
1746756488.909677,424911010.0
1746756488.9741025,425034690.0
1746756489.0396261,425158370.0
1746756489.1061196,425282050.0
1746756489.1706908,425405730.0
1746756489.235543,425529410.0
1746756489.3001144,425653090.0
1746756489.3669162,425776770.0
1746756489.4309998,425900450.0
1746756489.4948406,426024130.0
1746756489.5596201,426147810.0
1746756489.623859,426271490.0
1746756489.6885834,426395170.0
1746756489.7533376,426518850.0
1746756489.8181891,426642530.0
1746756489.883141,426766210.0
1746756489.9481637,426889890.0
1746756490.0138502,427013570.0
1746756490.0801265,427137250.0
1746756490.1465247,427260930.0
1746756490.213302,427384610.0
1746756490.2804465,427508290.0
1746756490.3472867,427631970.0
1746756490.4150376,427755650.0
1746756490.4829662,427879330.0
1746756490.5506,428003010.0
1746756490.6502194,428126722.0
1746756490.7271128,428250626.0
1746756490.7894912,428374530.0
1746756490.8521738,428498434.0
1746756490.9152439,428622338.0
1746756490.978243,428746242.0
1746756491.0440502,428870146.0
1746756491.1398206,428994498.0
1746756491.2018664,429118850.0
1746756491.264013,429243202.0
1746756491.3260045,429367554.0
1746756491.389119,429491906.0
1746756491.4519584,429616258.0
1746756491.5151083,429740610.0
1746756491.5789433,429864962.0
1746756491.6417503,429989314.0
1746756491.704917,430113666.0
1746756491.768988,430238018.0
1746756491.8345609,430362370.0
1746756491.8968174,430486722.0
1746756491.959531,430611074.0
1746756492.0229125,430735426.0
1746756492.1082292,430860098.0
1746756492.1679733,430984770.0
1746756492.2288659,431109442.0
1746756492.2890973,431234114.0
1746756492.349027,431358786.0
1746756492.410211,431483458.0
1746756492.4713137,431608130.0
1746756492.532912,431732802.0
1746756492.5950444,431857474.0
1746756492.6563632,431982146.0
1746756492.7703948,432106914.0
1746756492.835977,432231682.0
1746756492.901506,432356450.0
1746756493.0011628,432482210.0
1746756493.0623064,432607970.0
1746756493.1236672,432733730.0
1746756493.1851957,432859490.0
1746756493.2467046,432985250.0
1746756493.3089688,433111010.0
1746756493.3716516,433236770.0
1746756493.4339159,433362530.0
1746756493.4980378,433488290.0
1746756493.5614152,433614050.0
1746756493.6245887,433739810.0
1746756493.6906981,433865570.0
1746756493.752921,433991330.0
1746756493.8152845,434117090.0
1746756493.8784332,434242850.0
1746756493.9418197,434368610.0
1746756494.0052178,434494370.0
1746756494.069194,434620130.0
1746756494.135802,434745890.0
1746756494.1987298,434871650.0
1746756494.2615166,434997410.0
1746756494.325142,435123170.0
1746756494.3891075,435248930.0
1746756494.4534423,435374690.0
1746756494.5177295,435500450.0
1746756494.5818145,435626210.0
1746756494.6467297,435751970.0
1746756494.711938,435877730.0
1746756494.77673,436003490.0
1746756494.841704,436129250.0
1746756494.907612,436255010.0
1746756494.9737926,436380770.0
1746756495.0397055,436506530.0
1746756495.1555023,436632290.0
1746756495.2229831,436758082.0
1746756495.300005,436884290.0
1746756495.3591888,437010498.0
1746756495.4186478,437136706.0
1746756495.478538,437262914.0
1746756495.539009,437389122.0
1746756495.5990982,437515330.0
1746756495.6590672,437641538.0
1746756495.719484,437767746.0
1746756495.7802093,437893954.0
1746756495.8404953,438020162.0
1746756495.899785,438146370.0
1746756495.9590888,438272578.0
1746756496.0207796,438398786.0
1746756496.0820293,438524994.0
1746756496.1532571,438651234.0
1746756496.2826602,438779042.0
1746756496.3403301,438906850.0
1746756496.3978896,439034658.0
1746756496.4564414,439162466.0
1746756496.515697,439290274.0
1746756496.5749304,439418082.0
1746756496.634894,439545890.0
1746756496.6948514,439673698.0
1746756496.7551954,439801506.0
1746756496.8159149,439929314.0
1746756496.8763525,440057122.0
1746756496.9369493,440184930.0
1746756496.998294,440312738.0
1746756497.0598738,440440546.0
1746756497.1214788,440568354.0
1746756497.1836941,440696162.0
1746756497.246432,440823970.0
1746756497.3093283,440951778.0
1746756497.371985,441079586.0
1746756497.4354143,441207394.0
1746756497.4993582,441335202.0
1746756497.5633273,441463010.0
1746756497.627729,441590818.0
1746756497.6928904,441718626.0
1746756497.757764,441846434.0
1746756497.8230493,441974242.0
1746756497.88803,442102050.0
1746756497.9529722,442229858.0
1746756498.0188527,442357666.0
1746756498.0851307,442485474.0
1746756498.1509225,442613282.0
1746756498.217212,442741090.0
1746756498.2842696,442868898.0
1746756498.3513348,442996706.0
1746756498.4183557,443124514.0
1746756498.486427,443252322.0
1746756498.5541754,443380130.0
1746756498.6222172,443507938.0
1746756498.6907346,443635746.0
1746756498.7592669,443763554.0
1746756498.830709,443891362.0
1746756498.898341,444019170.0
1746756498.9656353,444146978.0
1746756499.0332546,444274786.0
1746756499.1015725,444402594.0
1746756499.1701396,444530402.0
1746756499.2385561,444658210.0
1746756499.3077407,444786018.0
1746756499.3774424,444913826.0
1746756499.4472177,445041634.0
1746756499.5168972,445169442.0
1746756499.5872664,445297250.0
1746756499.6581116,445425058.0
1746756499.748998,445552930.0
1746756499.8087382,445680802.0
1746756499.8799546,445808738.0
1746756499.937579,445936674.0
1746756500.0295873,446065570.0
1746756500.0896258,446194466.0
1746756500.1490555,446323362.0
1746756500.209205,446452258.0
1746756500.2696295,446581154.0
1746756500.3303013,446710050.0
1746756500.391376,446838946.0
1746756500.4528859,446967842.0
1746756500.5144618,447096738.0
1746756500.5759995,447225634.0
1746756500.63813,447354530.0
1746756500.7008228,447483426.0
1746756500.7640283,447612322.0
1746756500.8277955,447741218.0
1746756500.89074,447870114.0
1746756500.9519963,447999010.0
1746756501.0136552,448127906.0
1746756501.0762823,448256802.0
1746756501.1407263,448385698.0
1746756501.205799,448514594.0
1746756501.2708323,448643490.0
1746756501.336184,448772386.0
1746756501.4017758,448901282.0
1746756501.4678097,449030178.0
1746756501.5339906,449159074.0
1746756501.600135,449287970.0
1746756501.6671562,449416866.0
1746756501.734491,449545762.0
1746756501.8014011,449674658.0
1746756501.868741,449803554.0
1746756501.9360378,449932450.0
1746756502.0035887,450061346.0
1746756502.100609,450190274.0
1746756502.2462702,450322978.0
1746756502.3050907,450455682.0
1746756502.3660583,450588386.0
1746756502.4270244,450721090.0
1746756502.4884582,450853794.0
1746756502.5503018,450986498.0
1746756502.6129823,451119202.0
1746756502.6749394,451251906.0
1746756502.7369397,451384610.0
1746756502.7995424,451517314.0
1746756502.862925,451650018.0
1746756502.9265542,451782722.0
1746756502.989821,451915426.0
1746756503.0532296,452048130.0
1746756503.1171765,452180834.0
1746756503.181447,452313538.0
1746756503.2458847,452446242.0
1746756503.3098485,452578946.0
1746756503.374877,452711650.0
1746756503.4400318,452844354.0
1746756503.5060112,452977058.0
1746756503.5713005,453109762.0
1746756503.6372206,453242466.0
1746756503.7033136,453375170.0
1746756503.769333,453507874.0
1746756503.835993,453640578.0
1746756503.9032898,453773282.0
1746756503.9702306,453905986.0
1746756504.0386164,454038690.0
1746756504.1055024,454171394.0
1746756504.1724427,454304098.0
1746756504.2395449,454436802.0
1746756504.307157,454569506.0
1746756504.3750336,454702210.0
1746756504.4436452,454834914.0
1746756504.5124528,454967618.0
1746756504.5816824,455100322.0
1746756504.6511552,455233026.0
1746756504.7209249,455365730.0
1746756504.7907352,455498434.0
1746756504.860532,455631138.0
1746756504.9308398,455763842.0
1746756505.0012712,455896546.0
1746756505.0721457,456029250.0
1746756505.1434371,456161954.0
1746756505.2147894,456294658.0
1746756505.286052,456427362.0
1746756505.3576567,456560066.0
1746756505.429542,456692770.0
1746756505.5012884,456825474.0
1746756505.573623,456958178.0
1746756505.6460085,457090882.0
1746756505.7187068,457223586.0
1746756505.7916641,457356290.0
1746756505.8650231,457488994.0
1746756505.9385996,457621698.0
1746756506.0133731,457754402.0
1746756506.0866532,457887106.0
1746756506.1601238,458019810.0
1746756506.2345433,458152514.0
1746756506.3098989,458285218.0
1746756506.3826034,458417922.0
1746756506.4577303,458550626.0
1746756506.5305824,458683330.0
1746756506.603745,458816034.0
1746756506.676966,458948738.0
1746756506.7505999,459081442.0
1746756506.8246667,459214146.0
1746756506.8991776,459346850.0
1746756506.9737043,459479554.0
1746756507.0487268,459612258.0
1746756507.1240046,459744962.0
1746756507.199227,459877666.0
1746756507.275367,460010370.0
1746756507.3510041,460143074.0
1746756507.4271631,460275778.0
1746756507.5036905,460408482.0
1746756507.5801616,460541186.0
1746756507.6570761,460673890.0
1746756507.73426,460806594.0
1746756507.8117151,460939298.0
1746756507.889184,461072002.0
1746756507.9673426,461204706.0
1746756508.0457637,461337410.0
1746756508.1246266,461470114.0
1746756508.2038226,461602818.0
1746756508.283469,461735522.0
1746756508.3632963,461868226.0
1746756508.4431872,462000930.0
1746756508.5238323,462133634.0
1746756508.6047294,462266338.0
1746756508.6858642,462399042.0
1746756508.7673461,462531746.0
1746756508.848737,462664450.0
1746756508.9309394,462797154.0
1746756509.0134556,462929858.0
1746756509.0960956,463062562.0
1746756509.178664,463195266.0
1746756509.2619016,463327970.0
1746756509.3457391,463460674.0
1746756509.429824,463593378.0
1746756509.5140676,463726082.0
1746756509.5985558,463858786.0
1746756509.6833582,463991490.0
1746756509.76838,464124194.0
1746756509.8539474,464256898.0
1746756509.940428,464389602.0
1746756510.0267172,464522306.0
1746756510.1135964,464655010.0
1746756510.1999428,464787714.0
1746756510.2877762,464920418.0
1746756510.375378,465053122.0
1746756510.4629579,465185826.0
1746756510.5504534,465318530.0
1746756510.6393635,465451234.0
1746756510.7280405,465583938.0
1746756510.8171504,465716642.0
1746756510.906492,465849346.0
1746756510.9962702,465982050.0
1746756511.0864642,466114754.0
1746756511.176626,466247458.0
1746756511.2673955,466380162.0
1746756511.358571,466512866.0
1746756511.4500983,466645570.0
1746756511.5415916,466778274.0
1746756511.6332438,466910978.0
1746756511.7791276,467045154.0
1746756511.839239,467179330.0
1746756511.8997827,467313506.0
1746756511.960267,467447682.0
1746756512.021403,467581858.0
1746756512.0825775,467716034.0
1746756512.1441028,467850210.0
1746756512.206006,467984386.0
1746756512.2681243,468118562.0
1746756512.3310325,468252738.0
1746756512.3931673,468386914.0
1746756512.4558482,468521090.0
1746756512.5187461,468655266.0
1746756512.5819993,468789442.0
1746756512.6456943,468923618.0
1746756512.7093084,469057794.0
1746756512.773602,469191970.0
1746756512.8381782,469326146.0
1746756512.903087,469460322.0
1746756512.9678056,469594498.0
1746756513.0332127,469728674.0
1746756513.0989678,469862850.0
1746756513.165067,469997026.0
1746756513.231288,470131202.0
1746756513.2978039,470265378.0
1746756513.3647947,470399554.0
1746756513.4317796,470533730.0
1746756513.499369,470667906.0
1746756513.567007,470802082.0
1746756513.635202,470936258.0
1746756513.7037053,471070434.0
1746756513.7721655,471204610.0
1746756513.8411725,471338786.0
1746756513.9105976,471472962.0
1746756513.9803436,471607138.0
1746756514.0499887,471741314.0
1746756514.1202936,471875490.0
1746756514.1908574,472009666.0
1746756514.2617106,472143842.0
1746756514.3328373,472278018.0
1746756514.404292,472412194.0
1746756514.476264,472546370.0
1746756514.5477242,472680546.0
1746756514.6200058,472814722.0
1746756514.6925378,472948898.0
1746756514.76563,473083074.0
1746756514.83921,473217250.0
1746756514.9126143,473351426.0
1746756515.0104108,473485666.0
1746756515.0731602,473619906.0
1746756515.2446785,473754530.0
1746756515.3065877,473889154.0
1746756515.3696005,474023778.0
1746756515.4329393,474158402.0
1746756515.496879,474293026.0
1746756515.5613067,474427650.0
1746756515.6261218,474562274.0
1746756515.6904728,474696898.0
1746756515.7549677,474831522.0
1746756515.8199322,474966146.0
1746756515.88529,475100770.0
1746756515.9507885,475235394.0
1746756516.0845115,475371650.0
1746756516.1477418,475507906.0
1746756516.2112584,475644162.0
1746756516.2752357,475780418.0
1746756516.339582,475916674.0
1746756516.4036582,476052930.0
1746756516.4677098,476189186.0
1746756516.532408,476325442.0
1746756516.5971973,476461698.0
1746756516.6624222,476597954.0
1746756516.7294955,476734210.0
1746756516.7951188,476870466.0
1746756516.8608043,477006722.0
1746756516.9270844,477142978.0
1746756516.9936595,477279234.0
1746756517.0635774,477415490.0
1746756517.1282127,477551746.0
1746756517.1927783,477688002.0
1746756517.2581418,477824258.0
1746756517.3237352,477960514.0
1746756517.3895512,478096770.0
1746756517.455618,478233026.0
1746756517.5221786,478369282.0
1746756517.5887709,478505538.0
1746756517.6556723,478641794.0
1746756517.723004,478778050.0
1746756517.7907526,478914306.0
1746756517.8590336,479050562.0
1746756517.9261603,479186818.0
1746756517.9938543,479323074.0
1746756518.0615904,479459330.0
1746756518.129951,479595586.0
1746756518.200224,479731842.0
1746756518.267545,479868098.0
1746756518.3352954,480004354.0
1746756518.403582,480140610.0
1746756518.4722147,480276866.0
1746756518.541024,480413122.0
1746756518.6100307,480549378.0
1746756518.6792998,480685634.0
1746756518.7490826,480821890.0
1746756518.8193119,480958146.0
1746756518.8896728,481094402.0
1746756518.9603708,481230658.0
1746756519.0310304,481366914.0
1746756519.1021795,481503170.0
1746756519.173423,481639426.0
1746756519.245394,481775682.0
1746756519.3176053,481911938.0
1746756519.389647,482048194.0
1746756519.4623404,482184450.0
1746756519.535643,482320706.0
1746756519.6083517,482456962.0
1746756519.7206123,482593346.0
1746756519.7813404,482729730.0
1746756519.8422687,482866114.0
1746756519.9033968,483002498.0
1746756519.983442,483138914.0
1746756520.091576,483275746.0
1746756520.1525126,483412578.0
1746756520.2195714,483549410.0
1746756520.275271,483686242.0
1746756520.331648,483823074.0
1746756520.3880925,483959906.0
1746756520.4456427,484096738.0
1746756520.5022337,484233570.0
1746756520.5593157,484370402.0
1746756520.6170242,484507234.0
1746756520.6749334,484644066.0
1746756520.7330372,484780898.0
1746756520.7914631,484917730.0
1746756520.8721173,485054594.0
1746756520.9670336,485192738.0
1746756521.0233624,485330882.0
1746756521.079919,485469026.0
1746756521.1365812,485607170.0
1746756521.1938498,485745314.0
1746756521.2518208,485883458.0
1746756521.3106542,486021602.0
1746756521.3680522,486159746.0
1746756521.426602,486297890.0
1746756521.4833176,486436034.0
1746756521.5404508,486574178.0
1746756521.5977435,486712322.0
1746756521.6551585,486850466.0
1746756521.7134821,486988610.0
1746756521.7720716,487126754.0
1746756521.8309965,487264898.0
1746756521.8901656,487403042.0
1746756521.94976,487541186.0
1746756522.0095148,487679330.0
1746756522.0697627,487817474.0
1746756522.1303985,487955618.0
1746756522.1911829,488093762.0
1746756522.2523048,488231906.0
1746756522.313837,488370050.0
1746756522.3760595,488508194.0
1746756522.4375226,488646338.0
1746756522.5002527,488784482.0
1746756522.5616312,488922626.0
1746756522.6230536,489060770.0
1746756522.6850135,489198914.0
1746756522.747655,489337058.0
1746756522.8107796,489475202.0
1746756522.8739264,489613346.0
1746756522.9373293,489751490.0
1746756523.0009227,489889634.0
1746756523.0649352,490027778.0
1746756523.1287813,490165922.0
1746756523.1935809,490304066.0
1746756523.2589624,490442210.0
1746756523.325182,490580354.0
1746756523.3899415,490718498.0
1746756523.492142,490856770.0
1746756523.547509,490995042.0
1746756523.6022892,491133314.0
1746756523.6574404,491271586.0
1746756523.7695978,491410850.0
1746756523.8260512,491550114.0
1746756523.8814766,491689378.0
1746756523.9402418,491828642.0
1746756523.9981985,491967906.0
1746756524.0526948,492107170.0
1746756524.107629,492246434.0
1746756524.162424,492385698.0
1746756524.2181485,492524962.0
1746756524.275271,492664226.0
1746756524.331117,492803490.0
1746756524.387227,492942754.0
1746756524.4430707,493082018.0
1746756524.4995832,493221282.0
1746756524.5559235,493360546.0
1746756524.6125374,493499810.0
1746756524.669409,493639074.0
1746756524.7271993,493778338.0
1746756524.785125,493917602.0
1746756524.843331,494056866.0
1746756524.9021022,494196130.0
1746756524.961146,494335394.0
1746756525.020489,494474658.0
1746756525.0794713,494613922.0
1746756525.1393456,494753186.0
1746756525.1993709,494892450.0
1746756525.2598243,495031714.0
1746756525.3208835,495170978.0
1746756525.3829782,495310242.0
1746756525.4457464,495449506.0
1746756525.506249,495588770.0
1746756525.567015,495728034.0
1746756525.6802247,495869090.0
1746756525.736733,496010146.0
1746756525.787767,496151202.0
1746756525.83947,496292258.0
1746756525.89171,496433314.0
1746756525.9444227,496574370.0
1746756525.9969413,496715426.0
1746756526.0492675,496856482.0
1746756526.1024384,496997538.0
1746756526.15588,497138594.0
1746756526.2095973,497279650.0
1746756526.2635784,497420706.0
1746756526.3174226,497561762.0
1746756526.371598,497702818.0
1746756526.4260764,497843874.0
1746756526.4817302,497984930.0
1746756526.536622,498125986.0
1746756526.5918853,498267042.0
1746756526.6478171,498408098.0
1746756526.7067254,498549154.0
1746756526.7612016,498690210.0
1746756526.8161008,498831266.0
1746756526.8711956,498972322.0
1746756526.9259882,499113378.0
1746756526.9816341,499254434.0
1746756527.037629,499395490.0
1746756527.0938752,499536546.0
1746756527.15051,499677602.0
1746756527.2069256,499818658.0
1746756527.2635708,499959714.0
1746756527.3204997,500100770.0
1746756527.3778331,500241826.0
1746756527.4356518,500382882.0
1746756527.4943757,500523938.0
1746756527.5533786,500664994.0
1746756527.6126592,500806050.0
1746756527.6725461,500947106.0
1746756527.7328353,501088162.0
1746756527.7939413,501229218.0
1746756527.8548656,501370274.0
1746756527.916424,501511330.0
1746756527.9782152,501652386.0
1746756528.0419097,501793442.0
1746756528.1012657,501934498.0
1746756528.1615736,502075554.0
1746756528.2224863,502216610.0
1746756528.283245,502357666.0
1746756528.344267,502498722.0
1746756528.405239,502639778.0
1746756528.4673584,502780834.0
1746756528.528814,502921890.0
1746756528.590611,503062946.0
1746756528.652968,503204002.0
1746756528.7155929,503345058.0
1746756528.7786644,503486114.0
1746756528.8416653,503627170.0
1746756528.9053452,503768226.0
1746756529.002873,503909506.0
1746756529.0530467,504050786.0
1746756529.1026654,504192066.0
1746756529.1522458,504333346.0
1746756529.2020035,504474626.0
1746756529.2525935,504615906.0
1746756529.3031168,504757186.0
1746756529.450286,504899042.0
1746756529.5013218,505040898.0
1746756529.5530345,505182754.0
1746756529.6058314,505324610.0
1746756529.658901,505466466.0
1746756529.7128184,505608322.0
1746756529.7665195,505750178.0
1746756529.820057,505892034.0
1746756529.8742485,506033890.0
1746756529.9288611,506175746.0
1746756529.9836566,506317602.0
1746756530.0388346,506459458.0
1746756530.0938668,506601314.0
1746756530.1491618,506743170.0
1746756530.2051275,506885026.0
1746756530.2610893,507026882.0
1746756530.3173254,507168738.0
1746756530.3743436,507310594.0
1746756530.4641452,507452546.0
1746756530.5178413,507594498.0
1746756530.571279,507736450.0
1746756530.6487126,507878690.0
1746756530.702151,508020930.0
1746756530.7557442,508163170.0
1746756530.8098483,508305410.0
1746756530.8641968,508447650.0
1746756530.9188285,508589890.0
1746756530.9736881,508732130.0
1746756531.0285192,508874370.0
1746756531.0834997,509016610.0
1746756531.1571436,509158882.0
1746756531.2218196,509301314.0
1746756531.2755044,509443746.0
1746756531.3300188,509586178.0
1746756531.3840272,509728610.0
1746756531.4389985,509871042.0
1746756531.514978,510013538.0
1746756531.5700278,510156034.0
1746756531.6332355,510298562.0
1746756531.695678,510441122.0
1746756531.7776659,510584482.0
1746756531.833008,510727842.0
1746756531.8884854,510871202.0
1746756531.9445636,511014562.0
1746756532.0005152,511157922.0
1746756532.0566204,511301282.0
1746756532.1131787,511444642.0
1746756532.1695068,511588002.0
1746756532.2260888,511731362.0
1746756532.2848015,511874722.0
1746756532.3410609,512018082.0
1746756532.3980453,512161442.0
1746756532.4555738,512304802.0
1746756532.5138888,512448162.0
1746756532.5716267,512591522.0
1746756532.629244,512734882.0
1746756532.6876855,512878242.0
1746756532.7464142,513021602.0
1746756532.805397,513164962.0
1746756532.8647962,513308322.0
1746756532.924452,513451682.0
1746756532.9843168,513595042.0
1746756533.0445304,513738402.0
1746756533.1046324,513881762.0
1746756533.164967,514025122.0
1746756533.2261574,514168482.0
1746756533.3215792,514312386.0
1746756533.3774676,514456290.0
1746756533.433267,514600194.0
1746756533.4896517,514744098.0
1746756533.5459747,514888002.0
1746756533.602453,515031906.0
1746756533.65927,515175810.0
1746756533.7167602,515319714.0
1746756533.774293,515463618.0
1746756533.8322654,515607522.0
1746756533.889899,515751426.0
1746756533.9480627,515895330.0
1746756534.0062149,516039234.0
1746756534.064102,516183138.0
1746756534.1223195,516327042.0
1746756534.1812696,516470946.0
1746756534.2401173,516614850.0
1746756534.2997699,516758754.0
1746756534.3638148,516902690.0
1746756534.4936109,517046818.0
1746756534.5519342,517190946.0
1746756534.6103625,517335074.0
1746756534.669044,517479202.0
1746756534.7285686,517623330.0
1746756534.7881098,517767458.0
1746756534.8670774,517911650.0
1746756534.9257326,518055842.0
1746756534.9937747,518200098.0
1746756535.0526185,518344354.0
1746756535.1209383,518488674.0
1746756535.1797392,518632994.0
1746756535.28329,518778722.0
1746756535.3426726,518924450.0
1746756535.402155,519070178.0
1746756535.4618332,519215906.0
1746756535.522215,519361634.0
1746756535.5825667,519507362.0
1746756535.6431015,519653090.0
1746756535.7038958,519798818.0
1746756535.7653022,519944546.0
1746756535.8270833,520090274.0
1746756535.8889604,520236002.0
1746756535.9509287,520381730.0
1746756536.0132837,520527458.0
1746756536.0757616,520673186.0
1746756536.1384764,520818914.0
1746756536.2026072,520964642.0
1746756536.2653365,521110370.0
1746756536.3285818,521256098.0
1746756536.392221,521401826.0
1746756536.457433,521547554.0
1746756536.5210028,521693282.0
1746756536.584535,521839010.0
1746756536.648417,521984738.0
1746756536.7118623,522130466.0
1746756536.7760696,522276194.0
1746756536.8406749,522421922.0
1746756536.905404,522567650.0
1746756536.9702532,522713378.0
1746756537.0356207,522859106.0
1746756537.1004822,523004834.0
1746756537.165701,523150562.0
1746756537.2310793,523296290.0
1746756537.2967865,523442018.0
1746756537.363202,523587746.0
1746756537.429295,523733474.0
1746756537.49598,523879202.0
1746756537.563277,524024930.0
1746756537.630528,524170658.0
1746756537.6978393,524316386.0
1746756537.765426,524462114.0
1746756537.8336413,524607842.0
1746756537.9023087,524753570.0
1746756537.9708598,524899298.0
1746756538.0396419,525045026.0
1746756538.1088421,525190754.0
1746756538.178299,525336482.0
1746756538.247677,525482210.0
1746756538.3743222,525629122.0
1746756538.433869,525776034.0
1746756538.4931371,525922946.0
1746756538.552976,526069858.0
1746756538.6131346,526216770.0
1746756538.6737862,526363682.0
1746756538.7346392,526510594.0
1746756538.7956386,526657506.0
1746756538.8567257,526804418.0
1746756538.918611,526951330.0
1746756538.9816146,527098242.0
1746756539.0431802,527245154.0
1746756539.1053433,527392066.0
1746756539.1679223,527538978.0
1746756539.2303364,527685890.0
1746756539.2930324,527832802.0
1746756539.3564754,527979714.0
1746756539.4235287,528126626.0
1746756539.4843025,528273538.0
1746756539.545772,528420450.0
1746756539.6075165,528567362.0
1746756539.6698287,528714274.0
1746756539.7323346,528861186.0
1746756539.7952375,529008098.0
1746756539.8582,529155010.0
1746756539.921744,529301922.0
1746756539.9855158,529448834.0
1746756540.0493271,529595746.0
1746756540.1133704,529742658.0
1746756540.177769,529889570.0
1746756540.2420976,530036482.0
1746756540.3066723,530183394.0
1746756540.3718739,530330306.0
1746756540.437542,530477218.0
1746756540.50303,530624130.0
1746756540.5691364,530771042.0
1746756540.6354554,530917954.0
1746756540.7024477,531064866.0
1746756540.7695105,531211778.0
1746756540.900757,531358754.0
1746756540.9610302,531505730.0
1746756541.0284884,531652738.0
1746756541.0984051,531799906.0
1746756541.1569421,531947074.0
1746756541.2157867,532094242.0
1746756541.2748117,532241410.0
1746756541.3341067,532388578.0
1746756541.411633,532535810.0
1746756541.4708211,532683042.0
1746756541.545487,532830466.0
1746756541.6044064,532977890.0
1746756541.663441,533125314.0
1746756541.723382,533272738.0
1746756541.7844555,533420162.0
1746756541.8451614,533567586.0
1746756541.9379587,533715490.0
1746756541.9980083,533863394.0
1746756542.0581203,534011298.0
1746756542.118598,534159202.0
1746756542.1790218,534307106.0
1746756542.2395327,534455010.0
1746756542.3002257,534602914.0
1746756542.3611648,534750818.0
1746756542.4224315,534898722.0
1746756542.4840374,535046626.0
1746756542.5454822,535194530.0
1746756542.607175,535342434.0
1746756542.6693726,535490338.0
1746756542.7321074,535638242.0
1746756542.7953634,535786146.0
1746756542.8589358,535934050.0
1746756542.9358659,536081986.0
1746756543.0745394,536233314.0
1746756543.133148,536384642.0
1746756543.1931677,536535970.0
1746756543.2534018,536687298.0
1746756543.3151824,536838626.0
1746756543.37639,536989954.0
1746756543.4369066,537141282.0
1746756543.500414,537292610.0
1746756543.5595105,537443938.0
1746756543.6187742,537595266.0
1746756543.678116,537746594.0
1746756543.7382352,537897922.0
1746756543.79881,538049250.0
1746756543.8598459,538200578.0
1746756543.9210143,538351906.0
1746756543.9822826,538503234.0
1746756544.0439734,538654562.0
1746756544.1061232,538805890.0
1746756544.1686008,538957218.0
1746756544.2309923,539108546.0
1746756544.2938793,539259874.0
1746756544.3571072,539411202.0
1746756544.4205413,539562530.0
1746756544.4841337,539713858.0
1746756544.5480194,539865186.0
1746756544.6118503,540016514.0
1746756544.6758626,540167842.0
1746756544.7405486,540319170.0
1746756544.8056324,540470498.0
1746756544.8711438,540621826.0
1746756544.9368048,540773154.0
1746756545.0027084,540924482.0
1746756545.0689015,541075810.0
1746756545.1355243,541227138.0
1746756545.202531,541378466.0
1746756545.2695892,541529794.0
1746756545.3371189,541681122.0
1746756545.4050274,541832450.0
1746756545.4723206,541983778.0
1746756545.5398264,542135106.0
1746756545.6077058,542286434.0
1746756545.6756456,542437762.0
1746756545.7434998,542589090.0
1746756545.81196,542740418.0
1746756545.8809597,542891746.0
1746756545.9503465,543043074.0
1746756546.019987,543194402.0
1746756546.0896811,543345730.0
1746756546.1594133,543497058.0
1746756546.2299998,543648386.0
1746756546.3008175,543799714.0
1746756546.3717005,543951042.0
1746756546.4431565,544102370.0
1746756546.5146272,544253698.0
1746756546.5863607,544405026.0
1746756546.6584163,544556354.0
1746756546.7306492,544707682.0
1746756546.8030448,544859010.0
1746756546.8756092,545010338.0
1746756546.9488544,545161666.0
1746756547.0224814,545312994.0
1746756547.0965443,545464322.0
1746756547.1707957,545615650.0
1746756547.2453265,545766978.0
1746756547.319734,545918306.0
1746756547.3949094,546069634.0
1746756547.4705238,546220962.0
1746756547.5462203,546372290.0
1746756547.6221833,546523618.0
1746756547.700293,546674946.0
1746756547.7749877,546826274.0
1746756547.8503067,546977602.0
1746756547.925975,547128930.0
1746756548.001523,547280258.0
1746756548.0773203,547431586.0
1746756548.1540732,547582914.0
1746756548.2311685,547734242.0
1746756548.3085787,547885570.0
1746756548.3863134,548036898.0
1746756548.4640658,548188226.0
1746756548.5418277,548339554.0
1746756548.620174,548490882.0
1746756548.699509,548642210.0
1746756548.7778952,548793538.0
1746756548.857501,548944866.0
1746756548.9363074,549096194.0
1746756549.0154407,549247522.0
1746756549.095285,549398850.0
1746756549.1754863,549550178.0
1746756549.2562077,549701506.0
1746756549.3362877,549852834.0
1746756549.417062,550004162.0
1746756549.4980688,550155490.0
1746756549.5802221,550306818.0
1746756549.66166,550458146.0
1746756549.743285,550609474.0
1746756549.8249643,550760802.0
1746756549.9070358,550912130.0
1746756549.9891741,551063458.0
1746756550.071917,551214786.0
1746756550.15527,551366114.0
1746756550.2385886,551517442.0
1746756550.322353,551668770.0
1746756550.4063947,551820098.0
1746756550.4904664,551971426.0
1746756550.57481,552122754.0
1746756550.6594193,552274082.0
1746756550.7450485,552425410.0
1746756550.8309808,552576738.0
1746756550.916962,552728066.0
1746756551.0032272,552879394.0
1746756551.089791,553030722.0
1746756551.1771576,553182050.0
1746756551.2777214,553333410.0
1746756551.3450277,553484834.0
1746756551.4036345,553636258.0
1746756551.5020077,553788674.0
1746756551.5616171,553941090.0
1746756551.6216748,554093506.0
1746756551.6820002,554245922.0
1746756551.7424061,554398338.0
1746756551.802867,554550754.0
1746756551.8645759,554703170.0
1746756551.9257743,554855586.0
1746756551.9871323,555008002.0
1746756552.0489554,555160418.0
1746756552.1109421,555312834.0
1746756552.173231,555465250.0
1746756552.2353678,555617666.0
1746756552.2986705,555770082.0
1746756552.3622246,555922498.0
1746756552.4260242,556074914.0
1746756552.4906223,556227330.0
1746756552.554629,556379746.0
1746756552.6191728,556532162.0
1746756552.683993,556684578.0
1746756552.7490406,556836994.0
1746756552.8149247,556989410.0
1746756552.879864,557141826.0
1746756552.9453118,557294242.0
1746756553.011185,557446658.0
1746756553.078602,557599074.0
1746756553.1444385,557751490.0
1746756553.2098567,557903906.0
1746756553.275731,558056322.0
1746756553.3423524,558208738.0
1746756553.4095314,558361154.0
1746756553.4768057,558513570.0
1746756553.5443187,558665986.0
1746756553.6347206,558818946.0
1746756553.6955357,558971906.0
1746756553.7581801,559124866.0
1746756553.8178344,559277826.0
1746756553.878023,559430786.0
1746756553.9382398,559583746.0
1746756553.9987438,559736706.0
1746756554.059604,559889666.0
1746756554.12087,560042626.0
1746756554.1823983,560195586.0
1746756554.2436762,560348546.0
1746756554.3052504,560501506.0
1746756554.3678417,560654466.0
1746756554.4303806,560807426.0
1746756554.4931154,560960386.0
1746756554.5561864,561113346.0
1746756554.6192105,561266306.0
1746756554.6828582,561419266.0
1746756554.8154695,561572290.0
1746756554.875303,561725314.0
1746756554.9441628,561878370.0
1746756555.0289593,562032098.0
1746756555.089724,562185826.0
1746756555.1509206,562339554.0
1746756555.2123282,562493282.0
1746756555.2739182,562647010.0
1746756555.3355885,562800738.0
1746756555.3988664,562954466.0
1746756555.461059,563108194.0
1746756555.5235288,563261922.0
1746756555.5861325,563415650.0
1746756555.6491644,563569378.0
1746756555.7120857,563723106.0
1746756555.7757435,563876834.0
1746756555.839595,564030562.0
1746756555.903802,564184290.0
1746756555.9682841,564338018.0
1746756556.033085,564491746.0
1746756556.0980558,564645474.0
1746756556.1635346,564799202.0
1746756556.2290611,564952930.0
1746756556.2954023,565106658.0
1746756556.3614278,565260386.0
1746756556.4436655,565414146.0
1746756556.5132558,565567938.0
1746756556.5849595,565721762.0
1746756556.6525228,565875618.0
1746756556.7218363,566029538.0
1746756556.78138,566183458.0
1746756556.8520212,566337474.0
1746756557.002399,566493058.0
1746756557.062899,566648642.0
1746756557.1246815,566804226.0
1746756557.1867995,566959810.0
1746756557.2505662,567115394.0
1746756557.3131654,567270978.0
1746756557.3758664,567426562.0
1746756557.4391444,567582146.0
1746756557.501796,567737730.0
1746756557.5645285,567893314.0
1746756557.6278803,568048898.0
1746756557.6915023,568204482.0
1746756557.7557907,568360066.0
1746756557.8200126,568515650.0
1746756557.884452,568671234.0
1746756557.9495974,568826818.0
1746756558.0149758,568982402.0
1746756558.0805655,569137986.0
1746756558.146544,569293570.0
1746756558.2128053,569449154.0
1746756558.2791944,569604738.0
1746756558.346351,569760322.0
1746756558.4134574,569915906.0
1746756558.480788,570071490.0
1746756558.5483549,570227074.0
1746756558.6158795,570382658.0
1746756558.6841514,570538242.0
1746756558.7538612,570693826.0
1746756558.8213868,570849410.0
1746756558.889254,571004994.0
1746756558.9575262,571160578.0
1746756559.0326498,571316162.0
1746756559.0970204,571471746.0
1746756559.161809,571627330.0
1746756559.2269123,571782914.0
1746756559.2922654,571938498.0
1746756559.3579977,572094082.0
1746756559.4241836,572249666.0
1746756559.4903347,572405250.0
1746756559.5570102,572560834.0
1746756559.6238325,572716418.0
1746756559.6903439,572872002.0
1746756559.7577398,573027586.0
1746756559.8254588,573183170.0
1746756559.8932831,573338754.0
1746756559.9608045,573494338.0
1746756560.0286922,573649922.0
1746756560.0967526,573805506.0
1746756560.1653702,573961090.0
1746756560.2342176,574116674.0
1746756560.303508,574272258.0
1746756560.3730612,574427842.0
1746756560.439966,574583426.0
1746756560.497885,574739010.0
1746756560.567733,574894594.0
1746756560.6591344,575051010.0
1746756560.716613,575207426.0
1746756560.7745645,575363842.0
1746756560.8336236,575520258.0
1746756560.8910146,575676674.0
1746756560.9487972,575833090.0
1746756561.006651,575989506.0
1746756561.0647314,576145922.0
1746756561.1231413,576302338.0
1746756561.1824002,576458754.0
1746756561.241799,576615170.0
1746756561.3010473,576771586.0
1746756561.360561,576928002.0
1746756561.4202452,577084418.0
1746756561.480602,577240834.0
1746756561.5408542,577397250.0
1746756561.6016157,577553666.0
1746756561.662463,577710082.0
1746756561.7236526,577866498.0
1746756561.78522,578022914.0
1746756561.8470602,578179330.0
1746756561.9093254,578335746.0
1746756561.971545,578492162.0
1746756562.0341437,578648578.0
1746756562.096973,578804994.0
1746756562.1602328,578961410.0
1746756562.223676,579117826.0
1746756562.301926,579274242.0
1746756562.3983314,579432002.0
1746756562.4566467,579589762.0
1746756562.5152216,579747522.0
1746756562.5738618,579905282.0
1746756562.6330435,580063042.0
1746756562.692238,580220802.0
1746756562.7517247,580378562.0
1746756562.8116355,580536322.0
1746756562.871865,580694082.0
1746756562.933564,580851842.0
1746756562.993346,581009602.0
1746756563.053639,581167362.0
1746756563.1142867,581325122.0
1746756563.1752195,581482882.0
1746756563.2365777,581640642.0
1746756563.298209,581798402.0
1746756563.359672,581956162.0
1746756563.4216974,582113922.0
1746756563.4842076,582271682.0
1746756563.5468483,582429442.0
1746756563.609828,582587202.0
1746756563.67297,582744962.0
1746756563.7385333,582902722.0
1746756563.800457,583060482.0
1746756563.8628726,583218242.0
1746756563.9257689,583376002.0
1746756563.988914,583533762.0
1746756564.0521805,583691522.0
1746756564.1157117,583849282.0
1746756564.1798637,584007042.0
1746756564.2445104,584164802.0
1746756564.3093495,584322562.0
1746756564.3740556,584480322.0
1746756564.4394996,584638082.0
1746756564.505522,584795842.0
1746756564.5718582,584953602.0
1746756564.6385493,585111362.0
1746756564.7051518,585269122.0
1746756564.771981,585426882.0
1746756564.839218,585584642.0
1746756564.9068098,585742402.0
1746756564.9747431,585900162.0
1746756565.0428789,586057922.0
1746756565.1111474,586215682.0
1746756565.1797767,586373442.0
1746756565.2634404,586531426.0
1746756565.3221655,586689410.0
1746756565.3805292,586847394.0
1746756565.4387202,587005378.0
1746756565.4979079,587163362.0
1746756565.5574741,587321346.0
1746756565.6169934,587479330.0
1746756565.7803586,587637410.0
1746756565.8527524,587795490.0
1746756565.925281,587953570.0
1746756566.00226,588111714.0
1746756566.0613272,588269858.0
1746756566.1600544,588429314.0
1746756566.2381618,588588770.0
1746756566.2978523,588748226.0
1746756566.357669,588907682.0
1746756566.4177465,589067138.0
1746756566.4785888,589226594.0
1746756566.5389607,589386050.0
1746756566.599319,589545506.0
1746756566.6600661,589704962.0
1746756566.7213671,589864418.0
1746756566.7826276,590023874.0
1746756566.8445165,590183330.0
1746756566.9077747,590342786.0
1746756566.9691749,590502242.0
1746756567.0308895,590661698.0
1746756567.093275,590821154.0
1746756567.15609,590980610.0
1746756567.2188852,591140066.0
1746756567.282026,591299522.0
1746756567.3455493,591458978.0
1746756567.40923,591618434.0
1746756567.473192,591777890.0
1746756567.537247,591937346.0
1746756567.6014104,592096802.0
1746756567.6662326,592256258.0
1746756567.7315032,592415714.0
1746756567.7973943,592575170.0
1746756567.8627093,592734626.0
1746756567.9280467,592894082.0
1746756567.9936223,593053538.0
1746756568.0591896,593212994.0
1746756568.1254506,593372450.0
1746756568.1922414,593531906.0
1746756568.258955,593691362.0
1746756568.3259795,593850818.0
1746756568.39332,594010274.0
1746756568.460958,594169730.0
1746756568.5290353,594329186.0
1746756568.5973346,594488642.0
1746756568.6654627,594648098.0
1746756568.7342021,594807554.0
1746756568.8037617,594967010.0
1746756568.8732848,595126466.0
1746756568.9433086,595285922.0
1746756569.0912194,595446562.0
1746756569.1515856,595607202.0
1746756569.211498,595767842.0
1746756569.272703,595928482.0
1746756569.334813,596089122.0
1746756569.3967342,596249762.0
1746756569.4588356,596410402.0
1746756569.5215356,596571042.0
1746756569.584547,596731682.0
1746756569.647868,596892322.0
1746756569.7113883,597052962.0
1746756569.7749054,597213602.0
1746756569.8391116,597374242.0
1746756569.9037526,597534882.0
1746756569.9698064,597695522.0
1746756570.0352879,597856162.0
1746756570.0997875,598016802.0
1746756570.1647067,598177442.0
1746756570.2296317,598338082.0
1746756570.2952814,598498722.0
1746756570.361465,598659362.0
1746756570.427733,598820002.0
1746756570.4947066,598980642.0
1746756570.561266,599141282.0
1746756570.6282754,599301922.0
1746756570.6954033,599462562.0
1746756570.7629383,599623202.0
1746756570.8302908,599783842.0
1746756570.8983843,599944482.0
1746756570.9670458,600105122.0
1746756571.035897,600265762.0
1746756571.1050766,600426402.0
1746756571.1741314,600587042.0
1746756571.2433944,600747682.0
1746756571.31273,600908322.0
1746756571.3836985,601068962.0
1746756571.4540846,601229602.0
1746756571.5247014,601390242.0
1746756571.595841,601550882.0
1746756571.666907,601711522.0
1746756571.7644491,601872194.0
1746756571.8351192,602032898.0
1746756571.9529812,602195458.0
1746756572.014982,602358018.0
1746756572.073895,602520578.0
1746756572.133624,602683138.0
1746756572.1932576,602845698.0
1746756572.253153,603008258.0
1746756572.3134174,603170818.0
1746756572.3738937,603333378.0
1746756572.4343505,603495938.0
1746756572.4956017,603658498.0
1746756572.5572152,603821058.0
1746756572.618937,603983618.0
1746756572.6830423,604146178.0
1746756572.742838,604308738.0
1746756572.8035853,604471298.0
1746756572.8649845,604633858.0
1746756572.9262352,604796418.0
1746756572.9874108,604958978.0
1746756573.0487075,605121538.0
1746756573.111171,605284098.0
1746756573.1730204,605446658.0
1746756573.2354617,605609218.0
1746756573.2979968,605771778.0
1746756573.3606222,605934338.0
1746756573.4230905,606096898.0
1746756573.486304,606259458.0
1746756573.5497756,606422018.0
1746756573.6133325,606584578.0
1746756573.677125,606747138.0
1746756573.7413237,606909698.0
1746756573.8057134,607072258.0
1746756573.8705325,607234818.0
1746756573.935557,607397378.0
1746756574.0005968,607559938.0
1746756574.0659955,607722498.0
1746756574.132164,607885058.0
1746756574.1984189,608047618.0
1746756574.2651787,608210178.0
1746756574.3318808,608372738.0
1746756574.398987,608535298.0
1746756574.4660068,608697858.0
1746756574.533645,608860418.0
1746756574.6016836,609022978.0
1746756574.6699402,609185538.0
1746756574.7387395,609348098.0
1746756574.8070009,609510658.0
1746756574.8755176,609673218.0
1746756574.9447505,609835778.0
1746756575.0140653,609998338.0
1746756575.0833926,610160898.0
1746756575.1531222,610323458.0
1746756575.2232592,610486018.0
1746756575.2945461,610648578.0
1746756575.3654501,610811138.0
1746756575.4363666,610973698.0
1746756575.5074837,611136258.0
1746756575.57859,611298818.0
1746756575.6504393,611461378.0
1746756575.7227376,611623938.0
1746756575.7954617,611786498.0
1746756575.86801,611949058.0
1746756575.9402988,612111618.0
1746756576.0289786,612274434.0
1746756576.0876422,612437250.0
1746756576.1464686,612600066.0
1746756576.2049298,612762882.0
1746756576.2664492,612925698.0
1746756576.3231864,613088514.0
1746756576.380166,613251330.0
1746756576.437675,613414146.0
1746756576.553113,613578594.0
1746756576.6090205,613743042.0
1746756576.6647766,613907490.0
1746756576.7212925,614071938.0
1746756576.778141,614236386.0
1746756576.835341,614400834.0
1746756576.8927605,614565282.0
1746756576.9504986,614729730.0
1746756577.0085468,614894178.0
1746756577.066931,615058626.0
1746756577.1254938,615223074.0
1746756577.1840556,615387522.0
1746756577.2429352,615551970.0
1746756577.303484,615716418.0
1746756577.363546,615880866.0
1746756577.4235911,616045314.0
1746756577.4837024,616209762.0
1746756577.5448835,616374210.0
1746756577.6044493,616538658.0
1746756577.6647558,616703106.0
1746756577.7253807,616867554.0
1746756577.7863739,617032002.0
1746756577.8471134,617196450.0
1746756577.908519,617360898.0
1746756577.9702888,617525346.0
1746756578.0323694,617689794.0
1746756578.0949385,617854242.0
1746756578.1568851,618018690.0
1746756578.2189043,618183138.0
1746756578.2818313,618347586.0
1746756578.3448172,618512034.0
1746756578.4082355,618676482.0
1746756578.471687,618840930.0
1746756578.5351682,619005378.0
1746756578.5989113,619169826.0
1746756578.663373,619334274.0
1746756578.7281675,619498722.0
1746756578.793326,619663170.0
1746756578.8582687,619827618.0
1746756578.923822,619992066.0
1746756578.9897075,620156514.0
1746756579.0558207,620320962.0
1746756579.1223202,620485410.0
1746756579.1887553,620649858.0
1746756579.2554498,620814306.0
1746756579.3230727,620978754.0
1746756579.3909912,621143202.0
1746756579.4592762,621307650.0
1746756579.5276997,621472098.0
1746756579.5960941,621636546.0
1746756579.664708,621800994.0
1746756579.734211,621965442.0
1746756579.804031,622129890.0
1746756579.912431,622294402.0
1746756579.9674768,622458914.0
1746756580.0311856,622623458.0
1746756580.1014836,622788354.0
1746756580.15697,622953250.0
1746756580.21289,623118146.0
1746756580.2686608,623283042.0
1746756580.3258235,623447938.0
1746756580.3837745,623612834.0
1746756580.4410045,623777730.0
1746756580.4985428,623942626.0
1746756580.556179,624107522.0
1746756580.613687,624272418.0
1746756580.67152,624437314.0
1746756580.7788956,624603266.0
1746756580.835605,624769218.0
1746756580.8922896,624935170.0
1746756580.9487603,625101122.0
1746756581.005902,625267074.0
1746756581.063387,625433026.0
1746756581.1211126,625598978.0
1746756581.1792188,625764930.0
1746756581.2386787,625930882.0
1746756581.2958262,626096834.0
1746756581.3538857,626262786.0
1746756581.4122076,626428738.0
1746756581.4709682,626594690.0
1746756581.5297666,626760642.0
1746756581.588464,626926594.0
1746756581.6475198,627092546.0
1746756581.707055,627258498.0
1746756581.7669425,627424450.0
1746756581.8270996,627590402.0
1746756581.8872595,627756354.0
1746756581.9475281,627922306.0
1746756582.0085535,628088258.0
1746756582.069737,628254210.0
1746756582.131234,628420162.0
1746756582.192695,628586114.0
1746756582.2550387,628752066.0
1746756582.3174717,628918018.0
1746756582.3799462,629083970.0
1746756582.443103,629249922.0
1746756582.5062635,629415874.0
1746756582.56903,629581826.0
1746756582.6322129,629747778.0
1746756582.6957273,629913730.0
1746756582.7606232,630079682.0
1746756582.8834395,630245698.0
1746756582.9486055,630411714.0
1746756583.016277,630577890.0
1746756583.0740511,630744066.0
1746756583.131831,630910242.0
1746756583.1901748,631076418.0
1746756583.2518325,631242594.0
1746756583.3819292,631409602.0
1746756583.4375181,631576610.0
1746756583.493003,631743618.0
1746756583.5493767,631910626.0
1746756583.6059346,632077634.0
1746756583.6628997,632244642.0
1746756583.7195349,632411650.0
1746756583.7765806,632578658.0
1746756583.8345172,632745666.0
1746756583.8926897,632912674.0
1746756583.9507434,633079682.0
1746756584.0090961,633246690.0
1746756584.068165,633413698.0
1746756584.127404,633580706.0
1746756584.187098,633747714.0
1746756584.246512,633914722.0
1746756584.3067212,634081730.0
1746756584.3673518,634248738.0
1746756584.4281068,634415746.0
1746756584.4892921,634582754.0
1746756584.5511546,634749762.0
1746756584.6127017,634916770.0
1746756584.6740277,635083778.0
1746756584.735359,635250786.0
1746756584.7975497,635417794.0
1746756584.8600721,635584802.0
1746756584.922328,635751810.0
1746756585.0281048,635919426.0
1746756585.0847538,636087042.0
1746756585.1415334,636254658.0
1746756585.198868,636422274.0
1746756585.255816,636589890.0
1746756585.3137245,636757506.0
1746756585.371678,636925122.0
1746756585.4300697,637092738.0
1746756585.4889944,637260354.0
1746756585.5479743,637427970.0
1746756585.607198,637595586.0
1746756585.6663253,637763202.0
1746756585.7255495,637930818.0
1746756585.7853594,638098434.0
1746756585.84592,638266050.0
1746756585.9061587,638433666.0
1746756585.9666693,638601282.0
1746756586.0280008,638768898.0
1746756586.091331,638936514.0
1746756586.1518712,639104130.0
1746756586.2233531,639271970.0
1746756586.2801523,639439810.0
1746756586.3366146,639607650.0
1746756586.3932838,639775490.0
1746756586.450307,639943330.0
1746756586.507456,640111170.0
1746756586.5648267,640279010.0
1746756586.7520404,640446882.0
1746756586.833825,640614946.0
1746756586.89502,640783010.0
1746756586.9564328,640951074.0
1746756587.0183914,641119138.0
1746756587.0813103,641287202.0
1746756587.144415,641455266.0
1746756587.2294805,641623394.0
1746756587.2925155,641791522.0
1746756587.369972,641960002.0
1746756587.4328759,642128482.0
1746756587.495538,642296962.0
1746756587.5587325,642465442.0
1746756587.6224043,642633922.0
1746756587.686601,642802402.0
1746756587.7530425,642970882.0
1746756587.815246,643139362.0
1746756587.8775098,643307842.0
1746756587.940286,643476322.0
1746756588.0036838,643644802.0
1746756588.1176744,643814050.0
1746756588.179307,643983298.0
1746756588.2406805,644152546.0
1746756588.3022726,644321794.0
1746756588.3643456,644491042.0
1746756588.4270842,644660290.0
1746756588.489982,644829538.0
1746756588.5530698,644998786.0
1746756588.616373,645168034.0
1746756588.6800523,645337282.0
1746756588.7440703,645506530.0
1746756588.8082376,645675778.0
1746756588.8723607,645845026.0
1746756588.9366915,646014274.0
1746756589.001698,646183522.0
1746756589.066983,646352770.0
1746756589.132544,646522018.0
1746756589.198601,646691266.0
1746756589.264774,646860514.0
1746756589.3311698,647029762.0
1746756589.3979294,647199010.0
1746756589.4649386,647368258.0
1746756589.532189,647537506.0
1746756589.5998652,647706754.0
1746756589.6676545,647876002.0
1746756589.7734478,648045314.0
1746756589.8372252,648214626.0
1746756589.9141889,648384098.0
1746756589.9768963,648553570.0
1746756590.0398278,648723042.0
1746756590.103348,648892514.0
1746756590.1674662,649061986.0
1746756590.2484367,649231522.0
1746756590.3114872,649401058.0
1746756590.416775,649571970.0
1746756590.4798331,649742882.0
1746756590.5436382,649913794.0
1746756590.6075568,650084706.0
1746756590.6725154,650255618.0
1746756590.736852,650426530.0
1746756590.801319,650597442.0
1746756590.866309,650768354.0
1746756590.931476,650939266.0
1746756590.9968798,651110178.0
1746756591.0621598,651281090.0
1746756591.1277666,651452002.0
1746756591.1949258,651622914.0
1746756591.26143,651793826.0
1746756591.3274684,651964738.0
1746756591.3944426,652135650.0
1746756591.461425,652306562.0
1746756591.5282598,652477474.0
1746756591.5958343,652648386.0
1746756591.6635783,652819298.0
1746756591.731804,652990210.0
1746756591.8001647,653161122.0
1746756591.8687959,653332034.0
1746756591.9379036,653502946.0
1746756592.0069945,653673858.0
1746756592.0764887,653844770.0
1746756592.1461506,654015682.0
1746756592.2157326,654186594.0
1746756592.2854965,654357506.0
1746756592.3554747,654528418.0
1746756592.4257357,654699330.0
1746756592.496622,654870242.0
1746756592.567495,655041154.0
1746756592.6383677,655212066.0
1746756592.7099645,655382978.0
1746756592.7816322,655553890.0
1746756592.8537822,655724802.0
1746756592.9266233,655895714.0
1746756592.9990182,656066626.0
1746756593.0716696,656237538.0
1746756593.1444557,656408450.0
1746756593.2170193,656579362.0
1746756593.289663,656750274.0
1746756593.362442,656921186.0
1746756593.4360433,657092098.0
1746756593.5098393,657263010.0
1746756593.5988731,657434146.0
1746756593.6629739,657605282.0
1746756593.726891,657776418.0
1746756593.7905905,657947554.0
1746756593.8552651,658118690.0
1746756593.9203076,658289826.0
1746756593.9881334,658460962.0
1746756594.0824597,658632450.0
1746756594.1455169,658803938.0
1746756594.2089026,658975426.0
1746756594.2727332,659146914.0
1746756594.3375623,659318402.0
1746756594.4014218,659489890.0
1746756594.4651873,659661378.0
1746756594.5298111,659832866.0
1746756594.5985992,660004354.0
1746756594.6605744,660175842.0
1746756594.7231812,660347330.0
1746756594.8476717,660520194.0
1746756594.9080431,660693058.0
1746756594.9688663,660865922.0
1746756595.03044,661038786.0
1746756595.0917163,661211650.0
1746756595.1533902,661384514.0
1746756595.2157588,661557378.0
1746756595.2785513,661730242.0
1746756595.3416097,661903106.0
1746756595.405901,662075970.0
1746756595.469259,662248834.0
1746756595.5325117,662421698.0
1746756595.5968423,662594562.0
1746756595.661032,662767426.0
1746756595.7252035,662940290.0
1746756595.7902257,663113154.0
1746756595.85521,663286018.0
1746756595.920236,663458882.0
1746756595.9859374,663631746.0
1746756596.052926,663804610.0
1746756596.1184955,663977474.0
1746756596.1843941,664150338.0
1746756596.2504246,664323202.0
1746756596.3169177,664496066.0
1746756596.383648,664668930.0
1746756596.4505975,664841794.0
1746756596.5179458,665014658.0
1746756596.585282,665187522.0
1746756596.6532595,665360386.0
1746756596.7212222,665533250.0
1746756596.7894824,665706114.0
1746756596.8577192,665878978.0
1746756596.9260974,666051842.0
1746756596.994329,666224706.0
1746756597.0633423,666397570.0
1746756597.1330607,666570434.0
1746756597.204506,666743298.0
1746756597.273442,666916162.0
1746756597.341611,667089026.0
1746756597.4116678,667261890.0
1746756597.479955,667434754.0
1746756597.5491495,667607618.0
1746756597.6184342,667780482.0
1746756597.6872547,667953346.0
1746756597.7566845,668126210.0
1746756597.858929,668299490.0
1746756597.9185297,668472770.0
1746756597.9758658,668646050.0
1746756598.0335462,668819330.0
1746756598.0911741,668992610.0
1746756598.149595,669165890.0
1746756598.2083259,669339170.0
1746756598.2673805,669512450.0
1746756598.3265052,669685730.0
1746756598.388316,669859010.0
1746756598.4465368,670032290.0
1746756598.5044296,670205570.0
1746756598.5632026,670378850.0
1746756598.6432168,670552194.0
1746756598.6993268,670725538.0
1746756598.7909017,670898914.0
1746756598.8816457,671072354.0
1746756598.9379325,671245794.0
1746756599.0017278,671419266.0
1746756599.1377175,671593762.0
1746756599.1948948,671768258.0
1746756599.2538598,671942754.0
1746756599.3131416,672117250.0
1746756599.3725486,672291746.0
1746756599.4325325,672466242.0
1746756599.4923542,672640738.0
1746756599.5521884,672815234.0
1746756599.6123064,672989730.0
1746756599.6731586,673164226.0
1746756599.7337587,673338722.0
1746756599.7947807,673513218.0
1746756599.8561497,673687714.0
1746756599.9183195,673862210.0
1746756599.9803643,674036706.0
1746756600.0432072,674211202.0
1746756600.1063106,674385698.0
1746756600.1696877,674560194.0
1746756600.2337992,674734690.0
1746756600.2972012,674909186.0
1746756600.360926,675083682.0
1746756600.4251072,675258178.0
1746756600.4893496,675432674.0
1746756600.553492,675607170.0
1746756600.617856,675781666.0
1746756600.682893,675956162.0
1746756600.7478154,676130658.0
1746756600.812969,676305154.0
1746756600.8785574,676479650.0
1746756600.9449189,676654146.0
1746756601.0111759,676828642.0
1746756601.0782142,677003138.0
1746756601.145388,677177634.0
1746756601.2128313,677352130.0
1746756601.286975,677526658.0
1746756601.3781712,677702146.0
1746756601.4382234,677877634.0
1746756601.4986382,678053122.0
1746756601.55865,678228610.0
1746756601.6189063,678404098.0
1746756601.6797085,678579586.0
1746756601.7407672,678755074.0
1746756601.801103,678930562.0
1746756601.861648,679106050.0
1746756601.9226034,679281538.0
1746756601.9840314,679457026.0
1746756602.045679,679632514.0
1746756602.1079974,679808002.0
1746756602.170469,679983490.0
1746756602.2339063,680158978.0
1746756602.2969046,680334466.0
1746756602.3601973,680509954.0
1746756602.4237983,680685442.0
1746756602.4878447,680860930.0
1746756602.551946,681036418.0
1746756602.6163118,681211906.0
1746756602.6805556,681387394.0
1746756602.745726,681562882.0
1746756602.8104599,681738370.0
1746756602.8753982,681913858.0
1746756602.940827,682089346.0
1746756603.0067286,682264834.0
1746756603.0727856,682440322.0
1746756603.1395752,682615810.0
1746756603.206637,682791298.0
1746756603.2742262,682966786.0
1746756603.3724663,683142338.0
1746756603.433624,683317890.0
1746756603.5152128,683493922.0
1746756603.5763912,683669954.0
1746756603.637456,683845986.0
1746756603.6987658,684022018.0
1746756603.760048,684198050.0
1746756603.8228416,684374082.0
1746756603.8844666,684550114.0
1746756603.9462945,684726146.0
1746756604.0086575,684902178.0
1746756604.071434,685078210.0
1746756604.134734,685254242.0
1746756604.198108,685430274.0
1746756604.261982,685606306.0
1746756604.326093,685782338.0
1746756604.3909657,685958370.0
1746756604.5104196,686134562.0
1746756604.572031,686310754.0
1746756604.633583,686486946.0
1746756604.6953664,686663138.0
1746756604.7572339,686839330.0
1746756604.8341467,687015554.0
1746756604.9293194,687192386.0
1746756604.9911227,687369218.0
1746756605.053282,687546050.0
1746756605.115125,687722882.0
1746756605.177423,687899714.0
1746756605.2402248,688076546.0
1746756605.3031385,688253378.0
1746756605.366465,688430210.0
1746756605.4302115,688607042.0
1746756605.4942868,688783874.0
1746756605.5585687,688960706.0
1746756605.6232464,689137538.0
1746756605.6883605,689314370.0
1746756605.7532868,689491202.0
1746756605.8184183,689668034.0
1746756605.884287,689844866.0
1746756605.9503436,690021698.0
1746756606.0163665,690198530.0
1746756606.0838697,690375362.0
1746756606.150338,690552194.0
1746756606.2323732,690729186.0
1746756606.2951915,690906178.0
1746756606.3580832,691083170.0
1746756606.4214542,691260162.0
1746756606.4847703,691437154.0
1746756606.5646365,691614210.0
1746756606.627455,691791266.0
1746756606.700109,691968386.0
1746756606.7628324,692145506.0
1746756606.8417513,692322722.0
1746756606.9035575,692499938.0
1746756606.9655354,692677154.0
1746756607.0582092,692855202.0
1746756607.1232393,693033250.0
1746756607.1835148,693211298.0
1746756607.244254,693389346.0
1746756607.3057237,693567394.0
1746756607.367656,693745442.0
1746756607.4297132,693923490.0
1746756607.4923632,694101538.0
1746756607.5549417,694279586.0
1746756607.6182585,694457634.0
1746756607.681359,694635682.0
1746756607.744432,694813730.0
1746756607.8077881,694991778.0
1746756607.87158,695169826.0
1746756607.9354603,695347874.0
1746756607.99983,695525922.0
1746756608.064446,695703970.0
1746756608.1289349,695882018.0
1746756608.194048,696060066.0
1746756608.2591,696238114.0
1746756608.324775,696416162.0
1746756608.3909478,696594210.0
1746756608.457248,696772258.0
1746756608.5238163,696950306.0
1746756608.590744,697128354.0
1746756608.65806,697306402.0
1746756608.7254157,697484450.0
1746756608.8516574,697662530.0
1746756608.9446783,697840706.0
1746756609.0080676,698018882.0
1746756609.0712829,698197058.0
1746756609.176763,698375298.0
1746756609.238372,698553538.0
1746756609.3097496,698731810.0
1746756609.3800178,698910146.0
1746756609.4413414,699088482.0
1746756609.5208411,699267042.0
1746756609.5833848,699445602.0
1746756609.6462407,699624162.0
1746756609.7082849,699802722.0
1746756609.770761,699981282.0
1746756609.8336418,700159842.0
1746756609.897395,700338402.0
1746756610.0002666,700517698.0
1746756610.0625727,700696994.0
1746756610.1248643,700876290.0
1746756610.1871293,701055586.0
1746756610.249947,701234882.0
1746756610.3136497,701414178.0
1746756610.3776467,701593474.0
1746756610.4417603,701772770.0
1746756610.5057812,701952066.0
1746756610.5705264,702131362.0
1746756610.6356785,702310658.0
1746756610.7009654,702489954.0
1746756610.766225,702669250.0
1746756610.8315787,702848546.0
1746756610.8978636,703027842.0
1746756610.964278,703207138.0
1746756611.031498,703386434.0
1746756611.0983222,703565730.0
1746756611.1651113,703745026.0
1746756611.2326257,703924322.0
1746756611.300394,704103618.0
1746756611.368864,704282914.0
1746756611.437266,704462210.0
1746756611.5058985,704641506.0
1746756611.5743449,704820802.0
1746756611.6875594,705001442.0
1746756611.752132,705182082.0
1746756611.815311,705362722.0
1746756611.8788607,705543362.0
1746756611.9419696,705724002.0
1746756612.00597,705904642.0
1746756612.0708642,706085282.0
1746756612.1343484,706265922.0
1746756612.198108,706446562.0
1746756612.2624645,706627202.0
1746756612.3271794,706807842.0
1746756612.3923447,706988482.0
1746756612.457805,707169122.0
1746756612.5235558,707349762.0
1746756612.5893173,707530402.0
1746756612.6544287,707711042.0
1746756612.7201571,707891682.0
1746756612.7863042,708072322.0
1746756612.8525789,708252962.0
1746756612.9191582,708433602.0
1746756612.9859364,708614242.0
1746756613.0538824,708794882.0
1746756613.1209168,708975522.0
1746756613.188139,709156162.0
1746756613.255821,709336802.0
1746756613.32372,709517442.0
1746756613.3918874,709698082.0
1746756613.4603124,709878722.0
1746756613.52955,710059362.0
1746756613.5992482,710240002.0
1746756613.6692805,710420642.0
1746756613.7389238,710601282.0
1746756613.8089726,710781922.0
1746756613.879369,710962562.0
1746756613.9505463,711143202.0
1746756614.0218928,711323842.0
1746756614.093447,711504482.0
1746756614.165626,711685122.0
1746756614.2378533,711865762.0
1746756614.3103437,712046402.0
1746756614.3834932,712227042.0
1746756614.4566083,712407682.0
1746756614.5300076,712588322.0
1746756614.6038222,712768962.0
1746756614.6780605,712949602.0
1746756614.8145006,713130658.0
1746756614.879509,713311714.0
1746756614.9438903,713492770.0
1746756615.0091784,713673826.0
1746756615.0748186,713854882.0
1746756615.1409397,714035938.0
1746756615.2067807,714216994.0
1746756615.2731586,714398050.0
1746756615.3399532,714579106.0
1746756615.406964,714760162.0
1746756615.4741397,714941218.0
1746756615.5419524,715122274.0
1746756615.6097512,715303330.0
1746756615.6780093,715484386.0
1746756615.7849116,715665474.0
1746756615.8577256,715846594.0
1746756615.9443061,716027778.0
1746756616.0095124,716208962.0
1746756616.0869088,716390210.0
1746756616.1529665,716571458.0
1746756616.2295675,716752738.0
1746756616.3464782,716935522.0
1746756616.4126441,717118306.0
1746756616.4794319,717301090.0
1746756616.5465925,717483874.0
1746756616.6139107,717666658.0
1746756616.6816604,717849442.0
1746756616.7497575,718032226.0
1746756616.8175304,718215010.0
1746756616.88642,718397794.0
1746756616.9550438,718580578.0
1746756617.025347,718763362.0
1746756617.0939543,718946146.0
1746756617.1627948,719128930.0
1746756617.2314582,719311714.0
1746756617.3012347,719494498.0
1746756617.371492,719677282.0
1746756617.441744,719860066.0
1746756617.5120149,720042850.0
1746756617.5826104,720225634.0
1746756617.653551,720408418.0
1746756617.724807,720591202.0
1746756617.796112,720773986.0
1746756617.8678472,720956770.0
1746756617.9394698,721139554.0
1746756618.0127985,721322338.0
1746756618.084953,721505122.0
1746756618.1575303,721687906.0
1746756618.229981,721870690.0
1746756618.3041248,722053474.0
1746756618.3761265,722236258.0
1746756618.4490507,722419042.0
1746756618.5222573,722601826.0
1746756618.5959268,722784610.0
1746756618.6705136,722967394.0
1746756618.7443678,723150178.0
1746756618.8184962,723332962.0
1746756618.8929007,723515746.0
1746756618.9677207,723698530.0
1746756619.0426495,723881314.0
1746756619.1177225,724064098.0
1746756619.193008,724246882.0
1746756619.2688227,724429666.0
1746756619.3452122,724612450.0
1746756619.4216573,724795234.0
1746756619.498291,724978018.0
1746756619.5749218,725160802.0
1746756619.652264,725343586.0
1746756619.7328324,725526370.0
1746756619.8086295,725709154.0
1746756619.8845432,725891938.0
1746756619.9608812,726074722.0
1746756620.037575,726257506.0
1746756620.1254733,726440418.0
1746756620.190655,726623330.0
1746756620.2561467,726806242.0
1746756620.322659,726989154.0
1746756620.4342282,727173218.0
1746756620.4996943,727357282.0
1746756620.565511,727541346.0
1746756620.6332297,727725410.0
1746756620.6979163,727909474.0
1746756620.7617924,728093538.0
1746756620.8256147,728277602.0
1746756620.8894138,728461666.0
1746756620.953962,728645730.0
1746756621.0183175,728829794.0
1746756621.083188,729013858.0
1746756621.1486387,729197922.0
1746756621.2141647,729381986.0
1746756621.2803802,729566050.0
1746756621.3462932,729750114.0
1746756621.4131422,729934178.0
1746756621.4794688,730118242.0
1746756621.5467725,730302306.0
1746756621.6142733,730486370.0
1746756621.6816916,730670434.0
1746756621.7496464,730854498.0
1746756621.8177931,731038562.0
1746756621.8855605,731222626.0
1746756621.957098,731406690.0
1746756622.0231533,731590754.0
1746756622.088856,731774818.0
1746756622.1553123,731958882.0
1746756622.2228823,732142946.0
1746756622.2905974,732327010.0
1746756622.3580368,732511074.0
1746756622.4257567,732695138.0
1746756622.4933145,732879202.0
1746756622.563918,733063266.0
1746756622.6309943,733247330.0
1746756622.6986604,733431394.0
1746756622.7664256,733615458.0
1746756622.8340223,733799522.0
1746756622.9019182,733983586.0
1746756622.970383,734167650.0
1746756623.1008384,734352642.0
1746756623.1604757,734537634.0
1746756623.2175245,734722626.0
1746756623.277531,734907618.0
1746756623.3383257,735092610.0
1746756623.398888,735277602.0
1746756623.4598134,735462594.0
1746756623.5207984,735647586.0
1746756623.581566,735832578.0
1746756623.6432922,736017570.0
1746756623.7052116,736202562.0
1746756623.7677164,736387554.0
1746756623.8310034,736572546.0
1746756623.893512,736757538.0
1746756623.9565253,736942530.0
1746756624.0199895,737127522.0
1746756624.0835671,737312514.0
1746756624.1476972,737497506.0
1746756624.21154,737682498.0
1746756624.2761831,737867490.0
1746756624.3410969,738052482.0
1746756624.4080718,738237474.0
1746756624.4726074,738422466.0
1746756624.5371637,738607458.0
1746756624.6026776,738792450.0
1746756624.6670067,738977442.0
1746756624.732042,739162434.0
1746756624.7973266,739347426.0
1746756624.8628364,739532418.0
1746756624.9291759,739717410.0
1746756624.9943357,739902402.0
1746756625.0752687,740087522.0
1746756625.1347244,740272642.0
1746756625.1941051,740457762.0
1746756625.2529862,740642882.0
1746756625.3273206,740828034.0
1746756625.4561882,741013410.0
1746756625.5164998,741198786.0
1746756625.5778313,741384162.0
1746756625.637151,741569538.0
1746756625.6969311,741754914.0
1746756625.757506,741940290.0
1746756625.8180883,742125666.0
1746756625.8947988,742311042.0
1746756625.9629242,742496450.0
1746756626.0301752,742681922.0
1746756626.0886295,742867394.0
1746756626.1586285,743052962.0
1746756626.217535,743238530.0
1746756626.2764244,743424098.0
1746756626.3803473,743610850.0
1746756626.4401824,743797602.0
1746756626.5009532,743984354.0
1746756626.5606833,744171106.0
1746756626.6207793,744357858.0
1746756626.681078,744544610.0
1746756626.7433767,744731362.0
1746756626.8024166,744918114.0
1746756626.8615744,745104866.0
1746756626.9209907,745291618.0
1746756626.9809587,745478370.0
1746756627.0412078,745665122.0
1746756627.1015441,745851874.0
1746756627.1621957,746038626.0
1746756627.223222,746225378.0
1746756627.2848809,746412130.0
1746756627.3467517,746598882.0
1746756627.4089305,746785634.0
1746756627.4714699,746972386.0
1746756627.534677,747159138.0
1746756627.5974913,747345890.0
1746756627.6601694,747532642.0
1746756627.7240455,747719394.0
1746756627.7875211,747906146.0
1746756627.8510692,748092898.0
1746756627.9150376,748279650.0
1746756627.9792132,748466402.0
1746756628.04377,748653154.0
1746756628.108617,748839906.0
1746756628.1737046,749026658.0
1746756628.2392268,749213410.0
1746756628.305064,749400162.0
1746756628.3708997,749586914.0
1746756628.4372025,749773666.0
1746756628.5039954,749960418.0
1746756628.5707896,750147170.0
1746756628.6379251,750333922.0
1746756628.70468,750520674.0
1746756628.7723572,750707426.0
1746756628.8405604,750894178.0
1746756628.938076,751081570.0
1746756628.9980605,751268962.0
1746756629.0577762,751456354.0
1746756629.1176496,751643746.0
1746756629.1777751,751831138.0
1746756629.2383065,752018530.0
1746756629.2992904,752205922.0
1746756629.3606887,752393314.0
1746756629.4222832,752580706.0
1746756629.4866161,752768098.0
1746756629.546646,752955490.0
1746756629.607017,753142882.0
1746756629.6676288,753330274.0
1746756629.72814,753517666.0
1746756629.7888315,753705058.0
1746756629.8498554,753892450.0
1746756629.9113102,754079842.0
1746756629.9732406,754267234.0
1746756630.0353568,754454626.0
1746756630.0978909,754642018.0
1746756630.1605663,754829410.0
1746756630.2546356,755016866.0
1746756630.313734,755204322.0
1746756630.3870082,755391874.0
1746756630.4458368,755579426.0
1746756630.5051556,755766978.0
1746756630.6161041,755954626.0
1746756630.6775086,756142274.0
1746756630.738156,756329922.0
1746756630.8304682,756517666.0
1746756630.8893602,756705410.0
1746756630.949081,756893154.0
1746756631.053519,757081730.0
1746756631.1135035,757270306.0
1746756631.1735058,757458882.0
1746756631.235998,757647458.0
1746756631.2943606,757836034.0
1746756631.3536086,758024610.0
1746756631.4132087,758213186.0
1746756631.4731479,758401762.0
1746756631.5331464,758590338.0
1746756631.5935688,758778914.0
1746756631.6547523,758967490.0
1746756631.7149498,759156066.0
1746756631.7759528,759344642.0
1746756631.8365376,759533218.0
1746756631.898213,759721794.0
1746756631.9603648,759910370.0
1746756632.0224957,760098946.0
1746756632.0847828,760287522.0
1746756632.14757,760476098.0
1746756632.2104325,760664674.0
1746756632.2736404,760853250.0
1746756632.3372047,761041826.0
1746756632.4012024,761230402.0
1746756632.465544,761418978.0
1746756632.5302444,761607554.0
1746756632.5946436,761796130.0
1746756632.659497,761984706.0
1746756632.7244966,762173282.0
1746756632.8299358,762362562.0
1746756632.88876,762551842.0
1746756632.9481165,762741122.0
1746756633.0082152,762930402.0
1746756633.0682454,763119682.0
1746756633.1287572,763308962.0
1746756633.1894834,763498242.0
1746756633.2515237,763687522.0
1746756633.3119545,763876802.0
1746756633.3731236,764066082.0
1746756633.4347436,764255362.0
1746756633.4970028,764444642.0
1746756633.55829,764633922.0
1746756633.620466,764823202.0
1746756633.6830256,765012482.0
1746756633.7456777,765201762.0
1746756633.8084977,765391042.0
1746756633.8709295,765580322.0
1746756633.9344125,765769602.0
1746756633.998505,765958882.0
1746756634.0625267,766148162.0
1746756634.1270688,766337442.0
1746756634.1918862,766526722.0
1746756634.2568707,766716002.0
1746756634.334447,766905442.0
1746756634.394685,767094882.0
1746756634.4550579,767284322.0
1746756634.5155125,767473762.0
1746756634.576149,767663202.0
1746756634.656849,767852674.0
1746756634.729406,768042338.0
1746756634.7899632,768232002.0
1746756634.8505418,768421666.0
1746756634.910663,768611330.0
1746756634.9721658,768800994.0
1746756635.0343544,768990658.0
1746756635.1343346,769180482.0
1746756635.2011163,769370306.0
1746756635.2665808,769560130.0
1746756635.332235,769749954.0
1746756635.3982139,769939778.0
1746756635.5039937,770129634.0
1746756635.5933864,770319554.0
1746756635.6555092,770509474.0
1746756635.7774875,770700738.0
1746756635.8387964,770892002.0
1746756635.9013455,771083266.0
1746756635.9641085,771274530.0
1746756636.027285,771465794.0
1746756636.0905418,771657058.0
1746756636.153844,771848322.0
1746756636.2173805,772039586.0
1746756636.281373,772230850.0
1746756636.346689,772422114.0
1746756636.4114494,772613378.0
1746756636.4763644,772804642.0
1746756636.5414186,772995906.0
1746756636.6069846,773187170.0
1746756636.6728308,773378434.0
1746756636.7389894,773569698.0
1746756636.8051786,773760962.0
1746756636.8716598,773952226.0
1746756636.9387546,774143490.0
1746756637.0064714,774334754.0
1746756637.0735414,774526018.0
1746756637.1409566,774717282.0
1746756637.2084613,774908546.0
1746756637.2764661,775099810.0
1746756637.3440146,775291074.0
1746756637.4118958,775482338.0
1746756637.480211,775673602.0
1746756637.548725,775864866.0
1746756637.6175013,776056130.0
1746756637.6865335,776247394.0
1746756637.7561233,776438658.0
1746756637.8257558,776629922.0
1746756637.895528,776821186.0
1746756637.9660656,777012450.0
1746756638.0369194,777203714.0
1746756638.1078305,777394978.0
1746756638.1788101,777586242.0
1746756638.2496874,777777506.0
1746756638.3214428,777968770.0
1746756638.3945227,778160034.0
1746756638.465961,778351298.0
1746756638.5380073,778542562.0
1746756638.6141553,778733826.0
1746756638.683978,778925090.0
1746756638.7546518,779116354.0
1746756638.825523,779307618.0
1746756638.895707,779498882.0
1746756639.0142853,779691074.0
1746756639.0742664,779883266.0
1746756639.135247,780075458.0
1746756639.1965296,780267650.0
1746756639.2576168,780459842.0
1746756639.319455,780652034.0
1746756639.3811831,780844226.0
1746756639.445069,781036418.0
1746756639.5064394,781228610.0
1746756639.567884,781420802.0
1746756639.6296523,781612994.0
1746756639.6915917,781805186.0
1746756639.7539227,781997378.0
1746756639.816301,782189570.0
1746756639.87877,782381762.0
1746756639.9423826,782573954.0
1746756640.0084558,782766146.0
1746756640.069302,782958338.0
1746756640.1307135,783150530.0
1746756640.1923568,783342722.0
1746756640.2539983,783534914.0
1746756640.3163297,783727106.0
1746756640.3787932,783919298.0
1746756640.441663,784111490.0
1746756640.5051358,784303682.0
1746756640.5684495,784495874.0
1746756640.6322973,784688066.0
1746756640.6964345,784880258.0
1746756640.7608554,785072450.0
1746756640.825756,785264642.0
1746756640.8900998,785456834.0
1746756640.995428,785649250.0
1746756641.0540571,785841666.0
1746756641.1124485,786034082.0
1746756641.1711311,786226498.0
1746756641.2300634,786418914.0
1746756641.2893243,786611330.0
1746756641.3488872,786803746.0
1746756641.458585,786997282.0
1746756641.5173917,787190818.0
1746756641.5763595,787384354.0
1746756641.6356206,787577890.0
1746756641.6950765,787771426.0
1746756641.7551272,787964962.0
1746756641.8149898,788158498.0
1746756641.874724,788352034.0
1746756641.9351466,788545570.0
1746756641.9962034,788739106.0
1746756642.058004,788932642.0
1746756642.1191049,789126178.0
1746756642.1807816,789319714.0
1746756642.2427187,789513250.0
1746756642.3050892,789706786.0
1746756642.3677788,789900322.0
1746756642.43071,790093858.0
1746756642.494521,790287394.0
1746756642.5579424,790480930.0
1746756642.6213424,790674466.0
1746756642.684475,790868002.0
1746756642.7470717,791061538.0
1746756642.8095121,791255074.0
1746756642.8724737,791448610.0
1746756642.9353712,791642146.0
1746756642.9977615,791835682.0
1746756643.0608838,792029218.0
1746756643.1242697,792222754.0
1746756643.1879988,792416290.0
1746756643.2521286,792609826.0
1746756643.3165934,792803362.0
1746756643.381261,792996898.0
1746756643.4460719,793190434.0
1746756643.511471,793383970.0
1746756643.5776455,793577506.0
1746756643.6430216,793771042.0
1746756643.7091684,793964578.0
1746756643.7757344,794158114.0
1746756643.8530388,794351778.0
1746756643.91041,794545442.0
1746756643.968173,794739106.0
1746756644.0257645,794932770.0
1746756644.0996597,795126466.0
1746756644.2126088,795321378.0
1746756644.2705905,795516290.0
1746756644.3302834,795711202.0
1746756644.3902552,795906114.0
1746756644.4498684,796101026.0
1746756644.5105112,796295938.0
1746756644.5717027,796490850.0
1746756644.632487,796685762.0
1746756644.6928973,796880674.0
1746756644.7542021,797075586.0
1746756644.8158178,797270498.0
1746756644.8776424,797465410.0
1746756644.939712,797660322.0
1746756645.0021384,797855234.0
1746756645.064364,798050146.0
1746756645.127367,798245058.0
1746756645.1897504,798439970.0
1746756645.2511053,798634882.0
1746756645.314949,798829794.0
1746756645.379112,799024706.0
1746756645.443209,799219618.0
1746756645.507572,799414530.0
1746756645.5825598,799609442.0
1746756645.647712,799804354.0
1746756645.7121778,799999266.0
1746756645.7773974,800194178.0
1746756645.8451443,800389090.0
1746756645.909898,800584002.0
1746756645.9751544,800778914.0
1746756646.0407262,800973826.0
1746756646.106047,801168738.0
1746756646.1721447,801363650.0
1746756646.2374058,801558562.0
1746756646.3015704,801753474.0
1746756646.3657906,801948386.0
1746756646.4304044,802143298.0
1746756646.4945636,802338210.0
1746756646.5594807,802533122.0
1746756646.6239052,802728034.0
1746756646.6893394,802922946.0
1746756646.756255,803117858.0
1746756646.870911,803314402.0
1746756646.928085,803510946.0
1746756646.985263,803707490.0
1746756647.0431437,803904034.0
1746756647.1014667,804100578.0
1746756647.1599324,804297122.0
1746756647.2188718,804493666.0
1746756647.2780995,804690210.0
1746756647.338016,804886754.0
1746756647.398363,805083298.0
1746756647.4589596,805279842.0
1746756647.5197735,805476386.0
1746756647.5810487,805672930.0
1746756647.642204,805869474.0
1746756647.7040238,806066018.0
1746756647.7653675,806262562.0
1746756647.8273869,806459106.0
1746756647.8897352,806655650.0
1746756647.9520493,806852194.0
1746756648.0149243,807048738.0
1746756648.0784054,807245282.0
1746756648.141716,807441826.0
1746756648.2052684,807638370.0
1746756648.2690563,807834914.0
1746756648.333159,808031458.0
1746756648.3977642,808228002.0
1746756648.4626534,808424546.0
1746756648.5277631,808621090.0
1746756648.5931633,808817634.0
1746756648.6585956,809014178.0
1746756648.7246432,809210722.0
1746756648.7901976,809407266.0
1746756648.8565488,809603810.0
1746756648.9232311,809800354.0
1746756648.9897904,809996898.0
1746756649.0570853,810193442.0
1746756649.124626,810389986.0
1746756649.1923327,810586530.0
1746756649.260246,810783074.0
1746756649.3285842,810979618.0
1746756649.3971977,811176162.0
1746756649.4663894,811372706.0
1746756649.5351892,811569250.0
1746756649.604171,811765794.0
1746756649.6734667,811962338.0
1746756649.7428455,812158882.0
1746756649.812847,812355426.0
1746756649.8825123,812551970.0
1746756649.9528048,812748514.0
1746756650.0233796,812945058.0
1746756650.093954,813141602.0
1746756650.1649833,813338146.0
1746756650.2359762,813534690.0
1746756650.3072734,813731234.0
1746756650.379002,813927778.0
1746756650.4656699,814124482.0
1746756650.5254083,814321186.0
1746756650.5854852,814517890.0
1746756650.6453233,814714594.0
1746756650.7053602,814911298.0
1746756650.925522,815113186.0
1746756650.9863536,815315074.0
1746756651.047001,815516962.0
1746756651.106623,815718850.0
1746756651.1679323,815920738.0
1746756651.2302754,816122626.0
1746756651.2924614,816324514.0
1746756651.3547904,816526402.0
1746756651.4178345,816728290.0
1746756651.4810379,816930178.0
1746756651.544539,817132066.0
1746756651.6083899,817333954.0
1746756651.672483,817535842.0
1746756651.7370963,817737730.0
1746756651.801853,817939618.0
1746756651.867883,818141506.0
1746756651.9333,818343394.0
1746756651.9987237,818545282.0
1746756652.064821,818747170.0
1746756652.1306858,818949058.0
1746756652.2006803,819150946.0
1746756652.2649357,819352834.0
1746756652.3293874,819554722.0
1746756652.3940072,819756610.0
1746756652.4597952,819958498.0
1746756652.525763,820160386.0
1746756652.5913312,820362274.0
1746756652.657103,820564162.0
1746756652.7231226,820766050.0
1746756652.7896826,820967938.0
1746756652.8564653,821169826.0
1746756652.9241822,821371714.0
1746756652.9916134,821573602.0
1746756653.0590897,821775490.0
1746756653.1271546,821977378.0
1746756653.1950498,822179266.0
1746756653.2632532,822381154.0
1746756653.331948,822583042.0
1746756653.4009318,822784930.0
1746756653.4690895,822986818.0
1746756653.5379193,823188706.0
1746756653.6069353,823390594.0
1746756653.6767213,823592482.0
1746756653.7466767,823794370.0
1746756653.8166835,823996258.0
1746756653.8870523,824198146.0
1746756653.9577627,824400034.0
1746756654.0287302,824601922.0
1746756654.100033,824803810.0
1746756654.1715488,825005698.0
1746756654.2434602,825207586.0
1746756654.3151643,825409474.0
1746756654.3875182,825611362.0
1746756654.4607017,825813250.0
1746756654.5335238,826015138.0
1746756654.6066487,826217026.0
1746756654.6806211,826418914.0
1746756654.7550414,826620802.0
1746756654.8294268,826822690.0
1746756654.9039147,827024578.0
1746756654.9787831,827226466.0
1746756655.0540662,827428354.0
1746756655.1297224,827630242.0
1746756655.2055373,827832130.0
1746756655.2818365,828034018.0
1746756655.3586848,828235906.0
1746756655.4355392,828437794.0
1746756655.5121276,828639682.0
1746756655.589424,828841570.0
1746756655.666952,829043458.0
1746756655.7443883,829245346.0
1746756655.8220267,829447234.0
1746756655.900869,829649122.0
1746756655.978826,829851010.0
1746756656.0576434,830052898.0
1746756656.1366112,830254786.0
1746756656.2181036,830456674.0
1746756656.2968209,830658562.0
1746756656.37561,830860450.0
1746756656.4546437,831062338.0
1746756656.534004,831264226.0
1746756656.6135404,831466114.0
1746756656.6931987,831668002.0
1746756656.7728522,831869890.0
1746756656.8539453,832071778.0
1746756656.9349322,832273666.0
1746756657.0153954,832475554.0
1746756657.096312,832677442.0
1746756657.1778085,832879330.0
1746756657.2596855,833081218.0
1746756657.3421204,833283106.0
1746756657.4247,833484994.0
1746756657.5074637,833686882.0
1746756657.5907662,833888770.0
1746756657.6748614,834090658.0
1746756657.7589157,834292546.0
1746756657.8432977,834494434.0
1746756657.9276526,834696322.0
1746756658.0125015,834898210.0
1746756658.097717,835100098.0
1746756658.183632,835301986.0
1746756658.268938,835503874.0
1746756658.3540113,835705762.0
1746756658.4396753,835907650.0
1746756658.5265343,836109538.0
1746756658.61391,836311426.0
1746756658.7014616,836513314.0
1746756658.788308,836715202.0
1746756658.8759778,836917090.0
1746756658.9642382,837118978.0
1746756659.052934,837320866.0
1746756659.1412601,837522754.0
1746756659.2298465,837724642.0
1746756659.3181045,837926530.0
1746756659.4075963,838128418.0
1746756659.496673,838330306.0
1746756659.5859487,838532194.0
1746756659.6763453,838734082.0
1746756659.7665653,838935970.0
1746756659.8573039,839137858.0
1746756659.9483023,839339746.0
1746756660.0390406,839541634.0
1746756660.1299314,839743522.0
1746756660.221322,839945410.0
1746756660.313326,840147298.0
1746756660.4076264,840349186.0
1746756660.499425,840551074.0
1746756660.5911412,840752962.0
1746756660.6828926,840954850.0
1746756660.7748995,841156738.0
1746756660.867422,841358626.0
1746756660.9599326,841560514.0
1746756661.052562,841762402.0
1746756661.145845,841964290.0
1746756661.2392082,842166178.0
1746756661.3327057,842368066.0
1746756661.4271379,842569954.0
1746756661.523804,842771842.0
1746756661.6170404,842973730.0
1746756661.710689,843175618.0
1746756661.8047948,843377506.0
1746756661.8997886,843579394.0
1746756661.9957252,843781282.0
1746756662.0911393,843983170.0
1746756662.1864362,844185058.0
1746756662.2823887,844386946.0
1746756662.3780787,844588834.0
1746756662.4738982,844790722.0
1746756662.570312,844992610.0
1746756662.6672237,845194498.0
1746756662.7637036,845396386.0
1746756662.8609586,845598274.0
1746756662.9581184,845800162.0
1746756663.0560272,846002050.0
1746756663.1538596,846203938.0
1746756663.2523928,846405826.0
1746756663.3514676,846607714.0
1746756663.4514751,846809602.0
1746756663.551436,847011490.0
1746756663.6517317,847213378.0
1746756663.7523928,847415266.0
1746756663.8530626,847617154.0
1746756663.9544308,847819042.0
1746756664.0557013,848020930.0
1746756664.1576626,848222818.0
1746756664.259493,848424706.0
1746756664.3608468,848626594.0
1746756664.4629295,848828482.0
1746756664.5649312,849030370.0
1746756664.6675646,849232258.0
1746756664.7703807,849434146.0
1746756664.8737175,849636034.0
1746756665.0221996,849838850.0
1746756665.0810258,850041666.0
1746756665.1488328,850244482.0
1746756665.2007096,850447298.0
1746756665.2521243,850650114.0
1746756665.3037481,850852930.0
1746756665.3557181,851055746.0
1746756665.4075496,851258562.0
1746756665.4593859,851461378.0
1746756665.5119946,851664194.0
1746756665.564588,851867010.0
1746756665.6174948,852069826.0
1746756665.6706812,852272642.0
1746756665.724799,852475458.0
1746756665.778373,852678274.0
1746756665.8322573,852881090.0
1746756665.8865912,853083906.0
1746756665.9415402,853286722.0
1746756665.9968345,853489538.0
1746756666.0528054,853692354.0
1746756666.1087253,853895170.0
1746756666.1646898,854097986.0
1746756666.2210374,854300802.0
1746756666.277241,854503618.0
1746756666.3339002,854706434.0
1746756666.3907287,854909250.0
1746756666.4477682,855112066.0
1746756666.50501,855314882.0
1746756666.5624864,855517698.0
1746756666.7278323,855723970.0
1746756666.7777643,855930242.0
1746756666.8281443,856136514.0
1746756666.879478,856342786.0
1746756666.9310222,856549058.0
1746756666.9830775,856755330.0
1746756667.0374134,856961602.0
1746756667.0886006,857167874.0
1746756667.140012,857374146.0
1746756667.1915343,857580418.0
1746756667.2429712,857786690.0
1746756667.294657,857992962.0
1746756667.346764,858199234.0
1746756667.3992193,858405506.0
1746756667.4520519,858611778.0
1746756667.5051043,858818050.0
1746756667.5588772,859024322.0
1746756667.6125658,859230594.0
1746756667.6664772,859436866.0
1746756667.7210999,859643138.0
1746756667.7759705,859849410.0
1746756667.8313572,860055682.0
1746756667.8870945,860261954.0
1746756667.9433503,860468226.0
1746756668.0011353,860674498.0
1746756668.0565553,860880770.0
1746756668.11211,861087042.0
1746756668.167951,861293314.0
1746756668.2241766,861499586.0
1746756668.2806356,861705858.0
1746756668.3375764,861912130.0
1746756668.3949108,862118402.0
1746756668.4527876,862324674.0
1746756668.5106597,862530946.0
1746756668.5689318,862737218.0
1746756668.6281714,862943490.0
1746756668.687774,863149762.0
1746756668.7474825,863356034.0
1746756668.8083024,863562306.0
1746756668.8684266,863768578.0
1746756668.9284992,863974850.0
1746756668.9891422,864181122.0
1746756669.0492914,864387394.0
1746756669.1100802,864593666.0
1746756669.17113,864799938.0
1746756669.2322943,865006210.0
1746756669.293764,865212482.0
1746756669.3556452,865418754.0
1746756669.418085,865625026.0
1746756669.4805217,865831298.0
1746756669.5432413,866037570.0
1746756669.6064918,866243842.0
1746756669.670285,866450114.0
1746756669.7344763,866656386.0
1746756669.7990716,866862658.0
1746756669.8639352,867068930.0
1746756669.9304075,867275202.0
1746756669.9942207,867481474.0
1746756670.0582342,867687746.0
1746756670.1226833,867894018.0
1746756670.1874244,868100290.0
1746756670.25248,868306562.0
1746756670.3180447,868512834.0
1746756670.383864,868719106.0
1746756670.4504533,868925378.0
1746756670.5169249,869131650.0
1746756670.5836287,869337922.0
1746756670.650802,869544194.0
1746756670.7187912,869750466.0
1746756670.7868223,869956738.0
1746756670.8551726,870163010.0
1746756670.9242074,870369282.0
1746756670.9936118,870575554.0
1746756671.0628295,870781826.0
1746756671.1322482,870988098.0
1746756671.202039,871194370.0
1746756671.2722602,871400642.0
1746756671.3427243,871606914.0
1746756671.4135787,871813186.0
1746756671.4848108,872019458.0
1746756671.5567188,872225730.0
1746756671.6285138,872432002.0
1746756671.700545,872638274.0
1746756671.7728944,872844546.0
1746756671.8462882,873050818.0
1746756671.918976,873257090.0
1746756671.993108,873463362.0
1746756672.0668685,873669634.0
1746756672.1403618,873875906.0
1746756672.214636,874082178.0
1746756672.28869,874288450.0
1746756672.3632967,874494722.0
1746756672.438178,874700994.0
1746756672.5133958,874907266.0
1746756672.5892894,875113538.0
1746756672.6670341,875319810.0
1746756672.7425613,875526082.0
1746756672.8174055,875732354.0
1746756672.8928711,875938626.0
1746756672.9687736,876144898.0
1746756673.0451677,876351170.0
1746756673.1215003,876557442.0
1746756673.1986425,876763714.0
1746756673.2763207,876969986.0
1746756673.353834,877176258.0
1746756673.4324527,877382530.0
1746756673.510773,877588802.0
1746756673.5897775,877795074.0
1746756673.6685975,878001346.0
1746756673.748041,878207618.0
1746756673.8289986,878413922.0
1746756673.8891888,878620386.0
1746756673.9392984,878826850.0
1746756673.9892082,879033314.0
1746756674.0422328,879239778.0
1746756674.0911794,879446242.0
1746756674.15743,879653154.0
1746756674.205531,879860066.0
1746756674.2544217,880066978.0
1746756674.303812,880273890.0
1746756674.3526382,880480802.0
1746756674.4018636,880687714.0
1746756674.4512932,880894626.0
1746756674.50101,881101538.0
1746756674.5511374,881308450.0
1746756674.6015627,881515362.0
1746756674.6522512,881722274.0
1746756674.7032971,881929186.0
1746756674.7545226,882136098.0
1746756674.8063176,882343010.0
1746756674.8656495,882549986.0
1746756674.914853,882756962.0
1746756674.9704766,882963970.0
1746756675.1326115,883171010.0
1746756675.1986513,883378274.0
1746756675.2631705,883585538.0
1746756675.3137398,883792802.0
1746756675.365394,884000066.0
1746756675.4171925,884207330.0
1746756675.4706845,884414594.0
1746756675.5215402,884621858.0
1746756675.5901232,884829570.0
1746756675.6395645,885037282.0
1746756675.6891272,885244994.0
1746756675.7389333,885452706.0
1746756675.789203,885660418.0
1746756675.8402069,885868130.0
1746756675.8915598,886075842.0
1746756675.9427361,886283554.0
1746756675.9942153,886491266.0
1746756676.0465565,886698978.0
1746756676.0992622,886906690.0
1746756676.1516547,887114402.0
1746756676.2048323,887322114.0
1746756676.2581856,887529826.0
1746756676.3480492,887738594.0
1746756676.3982518,887947362.0
1746756676.448378,888156130.0
1746756676.4989467,888364898.0
1746756676.5499146,888573666.0
1746756676.6015978,888782434.0
1746756676.6531823,888991202.0
1746756676.7055814,889199970.0
1746756676.7581968,889408738.0
1746756676.8108146,889617506.0
1746756676.863613,889826274.0
1746756676.9174533,890035042.0
1746756676.9712274,890243810.0
1746756677.0248485,890452578.0
1746756677.0791354,890661346.0
1746756677.1335979,890870114.0
1746756677.194593,891078882.0
1746756677.2434335,891287650.0
1746756677.292571,891496418.0
1746756677.3420846,891705186.0
1746756677.3918836,891913954.0
1746756677.4422822,892122722.0
1746756677.4930077,892331490.0
1746756677.5444508,892540258.0
1746756677.5956926,892749026.0
1746756677.6471264,892957794.0
1746756677.69888,893166562.0
1746756677.751501,893375330.0
1746756677.8046725,893584098.0
1746756677.8574376,893792866.0
1746756677.9110847,894001634.0
1746756677.9651177,894210402.0
1746756678.0188637,894419170.0
1746756678.116596,894628610.0
1746756678.163112,894838050.0
1746756678.2093668,895047490.0
1746756678.2560346,895256930.0
1746756678.3034627,895466370.0
1746756678.351265,895675810.0
1746756678.399423,895885250.0
1746756678.4472556,896094690.0
1746756678.4955015,896304130.0
1746756678.5440922,896513570.0
1746756678.5934365,896723010.0
1746756678.6431181,896932450.0
1746756678.692635,897141890.0
1746756678.7433689,897351330.0
1746756678.7937937,897560770.0
1746756678.8441648,897770210.0
1746756678.8948348,897979650.0
1746756678.9458268,898189090.0
1746756678.9971738,898398530.0
1746756679.0487504,898607970.0
1746756679.1012273,898817410.0
1746756679.174402,899026946.0
1746756679.2229028,899236482.0
1746756679.2708354,899446018.0
1746756679.3437076,899655746.0
1746756679.3925073,899865474.0
1746756679.4423492,900075202.0
1746756679.4922795,900284930.0
1746756679.5421867,900494658.0
1746756679.5929558,900704386.0
1746756679.7052991,900915554.0
1746756679.7549562,901126722.0
1746756679.8048275,901337890.0
1746756679.8546326,901549058.0
1746756679.9047158,901760226.0
1746756679.9554894,901971394.0
1746756680.006639,902182562.0
1746756680.0580437,902393730.0
1746756680.1096723,902604898.0
1746756680.1611435,902816066.0
1746756680.2128973,903027234.0
1746756680.2650886,903238402.0
1746756680.318195,903449570.0
1746756680.3714478,903660738.0
1746756680.424626,903871906.0
1746756680.478484,904083074.0
1746756680.5324407,904294242.0
1746756680.5863612,904505410.0
1746756680.6406076,904716578.0
1746756680.6952066,904927746.0
1746756680.7500775,905138914.0
1746756680.8063073,905350082.0
1746756680.8624525,905561250.0
1746756680.9188788,905772418.0
1746756680.9755993,905983586.0
1746756681.0321546,906194754.0
1746756681.0889452,906405922.0
1746756681.146229,906617090.0
1746756681.2042747,906828258.0
1746756681.2625945,907039426.0
1746756681.3207433,907250594.0
1746756681.3798728,907461762.0
1746756681.439206,907672930.0
1746756681.498668,907884098.0
1746756681.5580919,908095266.0
1746756681.618159,908306434.0
1746756681.678527,908517602.0
1746756681.7394712,908728770.0
1746756681.8003879,908939938.0
1746756681.8617852,909151106.0
1746756681.9234238,909362274.0
1746756681.9849474,909573442.0
1746756682.0468261,909784610.0
1746756682.1092064,909995778.0
1746756682.1722884,910206946.0
1746756682.2354453,910418114.0
1746756682.3400881,910630210.0
1746756682.3926275,910842306.0
1746756682.4448917,911054402.0
1746756682.4970298,911266498.0
1746756682.5494697,911478594.0
1746756682.6027389,911690690.0
1746756682.6559477,911902786.0
1746756682.7097383,912114882.0
1746756682.7637942,912326978.0
1746756682.81826,912539074.0
1746756682.8730042,912751170.0
1746756682.927652,912963266.0
1746756682.982616,913175362.0
1746756683.037863,913387458.0
1746756683.0939026,913599554.0
1746756683.1501343,913811650.0
1746756683.206319,914023746.0
1746756683.2632916,914235842.0
1746756683.3204112,914447938.0
1746756683.3774748,914660034.0
1746756683.4348373,914872130.0
1746756683.4928694,915084226.0
1746756683.5509338,915296322.0
1746756683.6097767,915508418.0
1746756683.6688435,915720514.0
1746756683.7283833,915932610.0
1746756683.788077,916144706.0
1746756683.8475835,916356802.0
1746756683.907472,916568898.0
1746756683.9676273,916780994.0
1746756684.0745451,916993122.0
1746756684.1355586,917205282.0
1746756684.3002095,917417474.0
1746756684.3850236,917631010.0
1746756684.4447265,917844546.0
1746756684.5057209,918058082.0
1746756684.5671966,918271618.0
1746756684.6292565,918485154.0
1746756684.691199,918698690.0
1746756684.7536817,918912226.0
1746756684.8165863,919125762.0
1746756684.8799572,919339298.0
1746756684.9436147,919552834.0
1746756685.007347,919766370.0
1746756685.0713644,919979906.0
1746756685.13554,920193442.0
1746756685.2004719,920406978.0
1746756685.2654538,920620514.0
1746756685.3301237,920834050.0
1746756685.3954113,921047586.0
1746756685.46108,921261122.0
1746756685.5271816,921474658.0
1746756685.5935833,921688194.0
1746756685.6604176,921901730.0
1746756685.7272458,922115266.0
1746756685.7944672,922328802.0
1746756685.8619585,922542338.0
1746756685.9296598,922755874.0
1746756685.9976442,922969410.0
1746756686.0655558,923182946.0
1746756686.1336994,923396482.0
1746756686.2020867,923610018.0
1746756686.271107,923823554.0
1746756686.3410254,924037090.0
1746756686.4105954,924250626.0
1746756686.4809864,924464162.0
1746756686.552276,924677698.0
1746756686.6232414,924891234.0
1746756686.6943703,925104770.0
1746756686.765395,925318306.0
1746756686.8365223,925531842.0
1746756686.9078867,925745378.0
1746756686.9792333,925958914.0
1746756687.0511875,926172450.0
1746756687.1233733,926385986.0
1746756687.1955528,926599522.0
1746756687.268047,926813058.0
1746756687.3692055,927026978.0
1746756687.431657,927240898.0
1746756687.4943185,927454818.0
1746756687.5570104,927668738.0
1746756687.620485,927882658.0
1746756687.6839483,928096578.0
1746756687.747638,928310498.0
1746756687.8117115,928524418.0
1746756687.8762949,928738338.0
1746756687.94085,928952258.0
1746756688.0057006,929166178.0
1746756688.0705044,929380098.0
1746756688.1590328,929594018.0
1746756688.2411776,929808482.0
1746756688.3037963,930022946.0
1746756688.3666549,930237410.0
1746756688.4370892,930451874.0
1746756688.4968646,930666338.0
1746756688.5568469,930880802.0
1746756688.6190236,931095266.0
1746756688.6809301,931309730.0
1746756688.7380896,931524194.0
1746756688.795675,931738658.0
1746756688.8534968,931953122.0
1746756688.9117742,932167586.0
1746756688.969989,932382050.0
1746756689.0285609,932596514.0
1746756689.0867932,932810978.0
1746756689.145979,933025442.0
1746756689.2055027,933239906.0
1746756689.2636776,933454370.0
1746756689.326384,933668866.0
1746756689.3906255,933883426.0
1746756689.4468575,934097986.0
1746756689.5165198,934312770.0
1746756689.5728583,934527554.0
1746756689.6295779,934742338.0
1746756689.6864834,934957122.0
1746756689.7438986,935171906.0
1746756689.8014555,935386690.0
1746756689.859485,935601474.0
1746756689.93506,935816290.0
1746756690.0073335,936031458.0
1746756690.0652266,936246626.0
1746756690.1214302,936461794.0
1746756690.1779485,936676962.0
1746756690.2347326,936892130.0
1746756690.2920713,937107298.0
1746756690.3493905,937322466.0
1746756690.407658,937537634.0
1746756690.4660766,937752802.0
1746756690.5247638,937967970.0
1746756690.5838363,938183138.0
1746756690.718624,938400610.0
1746756690.7751389,938618082.0
1746756690.8318584,938835554.0
1746756690.8890586,939053026.0
1746756690.9471743,939270498.0
1746756691.004804,939487970.0
1746756691.0622394,939705442.0
1746756691.120285,939922914.0
1746756691.1786814,940140386.0
1746756691.2370214,940357858.0
1746756691.2960413,940575330.0
1746756691.3551102,940792802.0
1746756691.414943,941010274.0
1746756691.474837,941227746.0
1746756691.535069,941445218.0
1746756691.5956511,941662690.0
1746756691.6565073,941880162.0
1746756691.7175372,942097634.0
1746756691.778885,942315106.0
1746756691.8408976,942532578.0
1746756691.9028993,942750050.0
1746756691.9652464,942967522.0
1746756692.0276086,943184994.0
1746756692.0905385,943402466.0
1746756692.153765,943619938.0
1746756692.216891,943837410.0
1746756692.2805943,944054882.0
1746756692.3443196,944272354.0
1746756692.408715,944489826.0
1746756692.473314,944707298.0
1746756692.5382028,944924770.0
1746756692.6034675,945142242.0
1746756692.6692173,945359714.0
1746756692.7351215,945577186.0
1746756692.801391,945794658.0
1746756692.867922,946012130.0
1746756692.9346123,946229602.0
1746756693.0015795,946447074.0
1746756693.0685759,946664546.0
1746756693.1361866,946882018.0
1746756693.2041252,947099490.0
1746756693.2719316,947316962.0
1746756693.3399444,947534434.0
1746756693.4069848,947751906.0
1746756693.4765558,947969378.0
1746756693.5455258,948186850.0
1746756693.6151102,948404322.0
1746756693.6851993,948621794.0
1746756693.7554867,948839266.0
1746756693.8262599,949056738.0
1746756693.8970926,949274210.0
1746756693.9684165,949491682.0
1746756694.0400531,949709154.0
1746756694.111784,949926626.0
1746756694.1848507,950144098.0
1746756694.2593112,950361570.0
1746756694.3325503,950579042.0
1746756694.4049945,950796514.0
1746756694.4781053,951013986.0
1746756694.5512066,951231458.0
1746756694.6253092,951448930.0
1746756694.6990535,951666402.0
1746756694.7733493,951883874.0
1746756694.8478723,952101346.0
1746756694.9227953,952318818.0
1746756694.998064,952536290.0
1746756695.0745733,952753762.0
1746756695.1505768,952971234.0
1746756695.2267158,953188706.0
1746756695.3032312,953406178.0
1746756695.3795886,953623650.0
1746756695.4566345,953841122.0
1746756695.5340548,954058594.0
1746756695.6113985,954276066.0
1746756695.6896257,954493538.0
1746756695.7677057,954711010.0
1746756695.9088182,954928482.0
1746756695.9783976,955145986.0
1746756696.0606282,955364130.0
1746756696.1208322,955582274.0
1746756696.1811173,955800418.0
1746756696.2417264,956018562.0
1746756696.3026316,956236706.0
1746756696.3643332,956454850.0
1746756696.4260633,956672994.0
1746756696.4881308,956891138.0
1746756696.550058,957109282.0
1746756696.6126678,957327426.0
1746756696.67562,957545570.0
1746756696.738392,957763714.0
1746756696.8018377,957981858.0
1746756696.865235,958200002.0
1746756696.9295287,958418146.0
1746756696.9934235,958636290.0
1746756697.0581014,958854434.0
1746756697.123671,959072578.0
1746756697.1919591,959290722.0
1746756697.255145,959508866.0
1746756697.3185637,959727010.0
1746756697.4881086,959950242.0
1746756697.5451064,960173474.0
1746756697.6025698,960396706.0
1746756697.6615276,960619938.0
1746756697.720462,960843170.0
1746756697.780052,961066402.0
1746756697.839267,961289634.0
1746756697.9002554,961512866.0
1746756697.959165,961736098.0
1746756698.0187578,961959330.0
1746756698.0782592,962182562.0
1746756698.1383858,962405794.0
1746756698.19891,962629026.0
1746756698.2595062,962852258.0
1746756698.3206549,963075490.0
1746756698.3832536,963298722.0
1746756698.4445992,963521954.0
1746756698.5055635,963745186.0
1746756698.5673418,963968418.0
1746756698.6290145,964191650.0
1746756698.6909266,964414882.0
1746756698.7534053,964638114.0
1746756698.8158932,964861346.0
1746756698.8789349,965084578.0
1746756698.9420617,965307810.0
1746756699.0058408,965531042.0
1746756699.0695152,965754274.0
1746756699.1337228,965977506.0
1746756699.198348,966200738.0
1746756699.2633731,966423970.0
1746756699.3286705,966647202.0
1746756699.3941367,966870434.0
1746756699.460227,967093666.0
1746756699.5262856,967316898.0
1746756699.5925689,967540130.0
1746756699.658936,967763362.0
1746756699.725667,967986594.0
1746756699.7927577,968209826.0
1746756699.8600214,968433058.0
1746756699.9276865,968656290.0
1746756699.9954236,968879522.0
1746756700.0643134,969102754.0
1746756700.1323853,969325986.0
1746756700.200871,969549218.0
1746756700.2698069,969772450.0
1746756700.3389494,969995682.0
1746756700.4084826,970218914.0
1746756700.4785295,970442146.0
1746756700.5494158,970665378.0
1746756700.6196477,970888610.0
1746756700.690227,971111842.0
1746756700.7609699,971335074.0
1746756700.8320475,971558306.0
1746756700.9035919,971781538.0
1746756700.975249,972004770.0
1746756701.0474741,972228002.0
1746756701.1199882,972451234.0
1746756701.1930754,972674466.0
1746756701.266199,972897698.0
1746756701.340059,973120930.0
1746756701.4139035,973344162.0
1746756701.4880524,973567394.0
1746756701.563105,973790626.0
1746756701.6372795,974013858.0
1746756701.7120326,974237090.0
1746756701.787054,974460322.0
1746756701.8621953,974683554.0
1746756701.9374802,974906786.0
1746756702.0129757,975130018.0
1746756702.0889626,975353250.0
1746756702.1650734,975576482.0
1746756702.2416825,975799714.0
1746756702.3183043,976022946.0
1746756702.3957977,976246178.0
1746756702.472704,976469410.0
1746756702.5502949,976692642.0
1746756702.628295,976915874.0
1746756702.7063823,977139106.0
1746756702.7854016,977362338.0
1746756702.864463,977585570.0
1746756702.9488876,977808802.0
1746756703.0244164,978032034.0
1746756703.100277,978255266.0
1746756703.1766,978478498.0
1746756703.2528753,978701730.0
1746756703.330091,978924962.0
1746756703.4072173,979148194.0
1746756703.4851055,979371426.0
1746756703.5630825,979594658.0
1746756703.6417606,979817890.0
1746756703.7203226,980041122.0
1746756703.7995794,980264354.0
1746756703.879113,980487586.0
1746756703.9588542,980710818.0
1746756704.0387897,980934050.0
1746756704.1193762,981157282.0
1746756704.2002053,981380514.0
1746756704.281303,981603746.0
1746756704.3625946,981826978.0
1746756704.4442713,982050210.0
1746756704.5258987,982273442.0
1746756704.6083536,982496674.0
1746756704.6906583,982719906.0
1746756704.7738612,982943138.0
1746756704.8579302,983166370.0
1746756704.9407482,983389602.0
1746756705.0240302,983612834.0
1746756705.1075404,983836066.0
1746756705.1917717,984059298.0
1746756705.2761528,984282530.0
1746756705.3611596,984505762.0
1746756705.4469504,984728994.0
1746756705.5327559,984952226.0
1746756705.6189291,985175458.0
1746756705.7052257,985398690.0
1746756705.7923808,985621922.0
1746756705.8794477,985845154.0
1746756705.9668875,986068386.0
1746756706.0551794,986291618.0
1746756706.1427271,986514850.0
1746756706.2306411,986738082.0
1746756706.3191078,986961314.0
1746756706.4078393,987184546.0
1746756706.4965599,987407778.0
1746756706.5865457,987631010.0
1746756706.6769953,987854242.0
1746756706.7674155,988077474.0
1746756706.8578572,988300706.0
1746756706.9491806,988523938.0
1746756707.0403016,988747170.0
1746756707.1320806,988970402.0
1746756707.223147,989193634.0
1746756707.3153105,989416866.0
1746756707.4096363,989640098.0
1746756707.5012906,989863330.0
1746756707.5935078,990086562.0
1746756707.6857338,990309794.0
1746756707.7786453,990533026.0
1746756707.8717754,990756258.0
1746756707.964985,990979490.0
1746756708.0591679,991202722.0
1746756708.1535976,991425954.0
1746756708.2477005,991649186.0
1746756708.3423858,991872418.0
1746756708.4378955,992095650.0
1746756708.5337746,992318882.0
1746756708.6294975,992542114.0
1746756708.725106,992765346.0
1746756708.8215115,992988578.0
1746756708.9189022,993211810.0
1746756709.0161247,993435042.0
1746756709.1135755,993658274.0
1746756709.2108226,993881506.0
1746756709.3099825,994104738.0
1746756709.4078946,994327970.0
1746756709.5084054,994551202.0
1746756709.6063633,994774434.0
1746756709.7043183,994997666.0
1746756709.8033664,995220898.0
1746756709.9007857,995444130.0
1746756709.999532,995667362.0
1746756710.0978003,995890594.0
1746756710.1971183,996113826.0
1746756710.296531,996337058.0
1746756710.395748,996560290.0
1746756710.4957533,996783522.0
1746756710.6064968,997006786.0
1746756710.688182,997230562.0
1746756710.7440922,997454338.0
1746756710.8003979,997678114.0
1746756710.8580358,997901890.0
1746756710.9153764,998125666.0
1746756710.972954,998349442.0
1746756711.0305743,998573218.0
1746756711.0883827,998796994.0
1746756711.1465325,999020770.0
1746756711.205289,999244546.0
1746756711.264545,999468322.0
1746756711.3256717,999692098.0
1746756711.3826296,999915874.0
1746756711.4400446,1000139650.0
1746756711.4978201,1000363426.0
1746756711.5557814,1000587202.0
1746756711.7259169,1000811234.0
1746756711.780764,1001035266.0
1746756711.835149,1001259298.0
1746756711.8901644,1001483330.0
1746756711.9461555,1001707362.0
1746756712.002406,1001931394.0
1746756712.0586424,1002155426.0
1746756712.1151912,1002379458.0
1746756712.186259,1002603554.0
1746756712.2414422,1002827650.0
1746756712.308955,1003051970.0
1746756712.363473,1003276290.0
1746756712.418228,1003500610.0
1746756712.47374,1003724930.0
1746756712.5296533,1003949250.0
1746756712.5858722,1004173570.0
1746756712.6423583,1004397890.0
1746756712.7143598,1004622274.0
1746756712.769896,1004846658.0
1746756712.9133272,1005074850.0
1746756712.968999,1005303042.0
1746756713.0248103,1005531234.0
1746756713.080564,1005759426.0
1746756713.1369052,1005987618.0
1746756713.1937735,1006215810.0
1746756713.2506964,1006444002.0
1746756713.3078325,1006672194.0
1746756713.3651562,1006900386.0
1746756713.4223607,1007128578.0
1746756713.4801733,1007356770.0
1746756713.5384095,1007584962.0
1746756713.5967672,1007813154.0
1746756713.655508,1008041346.0
1746756713.7146742,1008269538.0
1746756713.7735012,1008497730.0
1746756713.8326097,1008725922.0
1746756713.8926184,1008954114.0
1746756713.9529357,1009182306.0
1746756714.0132523,1009410498.0
1746756714.0739963,1009638690.0
1746756714.1350405,1009866882.0
1746756714.1965184,1010095074.0
1746756714.2582297,1010323266.0
1746756714.3198733,1010551458.0
1746756714.38171,1010779650.0
1746756714.444329,1011007842.0
1746756714.5070226,1011236034.0
1746756714.5700102,1011464226.0
1746756714.6335933,1011692418.0
1746756714.6970673,1011920610.0
1746756714.7609673,1012148802.0
1746756714.8252838,1012376994.0
1746756714.890257,1012605186.0
1746756714.9556198,1012833378.0
1746756715.0209758,1013061570.0
1746756715.0888338,1013289762.0
1746756715.1546009,1013517954.0
1746756715.22054,1013746146.0
1746756715.2868109,1013974338.0
1746756715.3532448,1014202530.0
1746756715.4198663,1014430722.0
1746756715.4871387,1014658914.0
1746756715.5543385,1014887106.0
1746756715.6217113,1015115298.0
1746756715.6899471,1015343490.0
1746756715.758194,1015571682.0
1746756715.8268661,1015799874.0
1746756715.8958926,1016028066.0
1746756715.9656625,1016256258.0
1746756716.035778,1016484450.0
1746756716.1060498,1016712642.0
1746756716.1765473,1016940834.0
1746756716.2562091,1017169026.0
1746756716.3199975,1017397218.0
1746756716.3841627,1017625410.0
1746756716.4481483,1017853602.0
1746756716.5126743,1018081794.0
1746756716.5778787,1018309986.0
1746756716.643196,1018538178.0
1746756716.7086523,1018766370.0
1746756716.7748702,1018994562.0
1746756716.8407407,1019222754.0
1746756716.9069133,1019450946.0
1746756716.9734042,1019679138.0
1746756717.0405166,1019907330.0
1746756717.1083071,1020135522.0
1746756717.1761136,1020363714.0
1746756717.244373,1020591906.0
1746756717.3127813,1020820098.0
1746756717.3816535,1021048290.0
1746756717.4507768,1021276482.0
1746756717.5198202,1021504674.0
1746756717.5892968,1021732866.0
1746756717.6594567,1021961058.0
1746756717.729537,1022189250.0
1746756717.7998028,1022417442.0
1746756717.870977,1022645634.0
1746756717.9418035,1022873826.0
1746756718.0131612,1023102018.0
1746756718.08479,1023330210.0
1746756718.1573653,1023558402.0
1746756718.230437,1023786594.0
1746756718.3035412,1024014786.0
1746756718.3770528,1024242978.0
1746756718.450889,1024471170.0
1746756718.52496,1024699362.0
1746756718.5993738,1024927554.0
1746756718.6739426,1025155746.0
1746756718.7486436,1025383938.0
1746756718.823944,1025612130.0
1746756718.899249,1025840322.0
1746756718.9749794,1026068514.0
1746756719.0511432,1026296706.0
1746756719.1272259,1026524898.0
1746756719.2040133,1026753090.0
1746756719.2811682,1026981282.0
1746756719.3590176,1027209474.0
1746756719.437401,1027437666.0
1746756719.5158904,1027665858.0
1746756719.5946658,1027894050.0
1746756719.6738484,1028122242.0
1746756719.7532525,1028350434.0
1746756719.833029,1028578626.0
1746756719.9128516,1028806818.0
1746756719.992825,1029035010.0
1746756720.0734508,1029263202.0
1746756720.1541076,1029491394.0
1746756720.235154,1029719586.0
1746756720.316969,1029947778.0
1746756720.3988283,1030175970.0
1746756720.4815068,1030404162.0
1746756720.5644336,1030632354.0
1746756720.647815,1030860546.0
1746756720.731455,1031088738.0
1746756720.814993,1031316930.0
1746756720.899169,1031545122.0
1746756720.9835694,1031773314.0
1746756721.0682993,1032001506.0
1746756721.15359,1032229698.0
1746756721.2394145,1032457890.0
1746756721.3246317,1032686082.0
1746756721.4103591,1032914274.0
1746756721.5126376,1033142946.0
1746756721.5659275,1033371618.0
1746756721.6195228,1033600290.0
1746756721.6733496,1033828962.0
1746756721.7273383,1034057634.0
1746756721.7818234,1034286306.0
1746756721.8367176,1034514978.0
1746756721.8918893,1034743650.0
1746756721.9471877,1034972322.0
1746756722.002586,1035200994.0
1746756722.0580046,1035429666.0
1746756722.1143138,1035658338.0
1746756722.1708198,1035887010.0
1746756722.2273357,1036115682.0
1746756722.284111,1036344354.0
1746756722.3814323,1036574018.0
1746756722.4352515,1036803682.0
1746756722.4894981,1037033346.0
1746756722.5435772,1037263010.0
1746756722.5978713,1037492674.0
1746756722.6528454,1037722338.0
1746756722.7080867,1037952002.0
1746756722.7636733,1038181666.0
1746756722.819608,1038411330.0
1746756722.8756475,1038640994.0
1746756722.93202,1038870658.0
1746756722.9884493,1039100322.0
1746756723.0455942,1039329986.0
1746756723.102907,1039559650.0
1746756723.1602223,1039789314.0
1746756723.2178798,1040018978.0
1746756723.276199,1040248642.0
1746756723.3343155,1040478306.0
1746756723.3927152,1040707970.0
1746756723.452063,1040937634.0
1746756723.5113797,1041167298.0
1746756723.571309,1041396962.0
1746756723.6315746,1041626626.0
1746756723.6923285,1041856290.0
1746756723.7532039,1042085954.0
1746756723.8143935,1042315618.0
1746756723.8758786,1042545282.0
1746756723.9372761,1042774946.0
1746756723.9992962,1043004610.0
1746756724.0615525,1043234274.0
1746756724.1240082,1043463938.0
1746756724.1872725,1043693602.0
1746756724.3089423,1043924610.0
1746756724.3647828,1044155618.0
1746756724.4281108,1044386626.0
1746756724.4789622,1044617634.0
1746756724.53027,1044848642.0
1746756724.5820768,1045079650.0
1746756724.6336067,1045310658.0
1746756724.685899,1045541666.0
1746756724.738509,1045772674.0
1746756724.791381,1046003682.0
1746756724.8445299,1046234690.0
1746756724.8975852,1046465698.0
1746756724.9519162,1046696706.0
1746756725.005512,1046927714.0
1746756725.0592458,1047158722.0
1746756725.1132884,1047389730.0
1746756725.1680796,1047620738.0
1746756725.2228608,1047851746.0
1746756725.2779222,1048082754.0
1746756725.3337336,1048313762.0
1746756725.3898346,1048544770.0
1746756725.4463565,1048775778.0
1746756725.5027676,1049006786.0
1746756725.560197,1049237794.0
1746756725.618146,1049468802.0
1746756725.6761997,1049699810.0
1746756725.7344975,1049930818.0
1746756725.7927217,1050161826.0
1746756725.8515005,1050392834.0
1746756725.9106119,1050623842.0
1746756725.9698856,1050854850.0
1746756726.0293136,1051085858.0
1746756726.0894027,1051316866.0
1746756726.1495194,1051547874.0
1746756726.2095156,1051778882.0
1746756726.2700794,1052009890.0
1746756726.3313134,1052240898.0
1746756726.3931365,1052471906.0
1746756726.4547975,1052702914.0
1746756726.5175319,1052933922.0
1746756726.5802329,1053164930.0
1746756726.6429405,1053395938.0
1746756726.7058148,1053626946.0
1746756726.7916365,1053858114.0
1746756726.8442369,1054089282.0
1746756726.8971992,1054320450.0
1746756726.9499438,1054551618.0
1746756727.0029583,1054782786.0
1746756727.1045728,1055015554.0
1746756727.157286,1055248322.0
1746756727.2100308,1055481090.0
1746756727.2636714,1055713858.0
1746756727.317652,1055946626.0
1746756727.3722281,1056179394.0
1746756727.4264004,1056412162.0
1746756727.481284,1056644930.0
1746756727.536494,1056877698.0
1746756727.5918138,1057110466.0
1746756727.6478379,1057343234.0
1746756727.703347,1057576002.0
1746756727.7591891,1057808770.0
1746756727.8156044,1058041538.0
1746756727.8720899,1058274306.0
1746756727.9316654,1058507074.0
1746756727.9870949,1058739842.0
1746756728.0420904,1058972610.0
1746756728.0976393,1059205378.0
1746756728.1540992,1059438146.0
1746756728.2108567,1059670914.0
1746756728.2679849,1059903682.0
1746756728.325559,1060136450.0
1746756728.382187,1060369218.0
1746756728.4392126,1060601986.0
1746756728.4960284,1060834754.0
1746756728.554117,1061067522.0
1746756728.6111832,1061300290.0
1746756728.6685977,1061533058.0
1746756728.7264104,1061765826.0
1746756728.7848945,1061998594.0
1746756728.8433661,1062231362.0
1746756728.9021266,1062464130.0
1746756728.961163,1062696898.0
1746756729.0200493,1062929666.0
1746756729.0793104,1063162434.0
1746756729.1397483,1063395202.0
1746756729.2006905,1063627970.0
1746756729.2611308,1063860738.0
1746756729.322818,1064093506.0
1746756729.3846087,1064326274.0
1746756729.445851,1064559042.0
1746756729.5079398,1064791810.0
1746756729.569841,1065024578.0
1746756729.632006,1065257346.0
1746756729.6946557,1065490114.0
1746756729.7576406,1065722882.0
1746756729.8208685,1065955650.0
1746756729.8848379,1066188418.0
1746756729.949772,1066421186.0
1746756730.0128388,1066653954.0
1746756730.1127834,1066887042.0
1746756730.1654458,1067120130.0
1746756730.2180786,1067353218.0
1746756730.2704177,1067586306.0
1746756730.323836,1067819394.0
1746756730.3774562,1068052482.0
1746756730.4307077,1068285570.0
1746756730.4847047,1068518658.0
1746756730.5385635,1068751746.0
1746756730.5931177,1068984834.0
1746756730.702139,1069219618.0
1746756730.7541602,1069454402.0
1746756730.8061903,1069689186.0
1746756730.8590384,1069923970.0
1746756730.9117966,1070158754.0
1746756730.965334,1070393538.0
1746756731.018589,1070628322.0
1746756731.07251,1070863106.0
1746756731.1269994,1071097890.0
1746756731.1812727,1071332674.0
1746756731.2363505,1071567458.0
1746756731.2916424,1071802242.0
1746756731.3468747,1072037026.0
1746756731.4017918,1072271810.0
1746756731.456926,1072506594.0
1746756731.5124824,1072741378.0
1746756731.5683625,1072976162.0
1746756731.624528,1073210946.0
1746756731.6809309,1073445730.0
1746756731.7380886,1073680514.0
1746756731.7951508,1073915298.0
1746756731.852975,1074150082.0
1746756731.9107003,1074384866.0
1746756731.9691687,1074619650.0
1746756732.0281188,1074854434.0
1746756732.0868669,1075089218.0
1746756732.146331,1075324002.0
1746756732.206142,1075558786.0
1746756732.2655475,1075793570.0
1746756732.3286905,1076028354.0
1746756732.3863585,1076263138.0
1746756732.4443347,1076497922.0
1746756732.5026762,1076732706.0
1746756732.5613995,1076967490.0
1746756732.620427,1077202274.0
1746756732.6802351,1077437058.0
1746756732.7398067,1077671842.0
1746756732.8001342,1077906626.0
1746756732.8604572,1078141410.0
1746756732.9215736,1078376194.0
1746756732.9831061,1078610978.0
1746756733.0443022,1078845762.0
1746756733.1063654,1079080546.0
1746756733.1688538,1079315330.0
1746756733.2309005,1079550114.0
1746756733.2932813,1079784898.0
1746756733.356076,1080019682.0
1746756733.4189932,1080254466.0
1746756733.482391,1080489250.0
1746756733.5459685,1080724034.0
1746756733.6099658,1080958818.0
1746756733.6747556,1081193602.0
1746756733.7394207,1081428386.0
1746756733.8048673,1081663170.0
1746756733.8826113,1081897986.0
1746756733.9422605,1082132834.0
1746756734.0245671,1082368642.0
1746756734.0769885,1082604450.0
1746756734.1300464,1082840258.0
1746756734.1836495,1083076066.0
1746756734.237248,1083311874.0
1746756734.290903,1083547682.0
1746756734.3445253,1083783490.0
1746756734.398311,1084019298.0
1746756734.452496,1084255106.0
1746756734.5071745,1084490914.0
1746756734.5620832,1084726722.0
1746756734.6177452,1084962530.0
1746756734.6733177,1085198338.0
1746756734.7296343,1085434146.0
1746756734.7858112,1085669954.0
1746756734.8428283,1085905762.0
1746756734.9002306,1086141570.0
1746756734.9573057,1086377378.0
1746756735.0152216,1086613186.0
1746756735.0734036,1086848994.0
1746756735.131732,1087084802.0
1746756735.190463,1087320610.0
1746756735.2491436,1087556418.0
1746756735.308297,1087792226.0
1746756735.367354,1088028034.0
1746756735.4267645,1088263842.0
1746756735.4863021,1088499650.0
1746756735.5469058,1088735458.0
1746756735.6070006,1088971266.0
1746756735.6676018,1089207074.0
1746756735.7863152,1089442882.0
1746756735.8896286,1089678754.0
1746756735.944392,1089914626.0
1746756736.0282538,1090151426.0
1746756736.0824256,1090388226.0
1746756736.1368215,1090625026.0
1746756736.191581,1090861826.0
1746756736.2465093,1091098626.0
1746756736.3020256,1091335426.0
1746756736.357013,1091572226.0
1746756736.4123025,1091809026.0
1746756736.4681156,1092045826.0
1746756736.52575,1092282626.0
1746756736.5804365,1092519426.0
1746756736.6344326,1092756226.0
1746756736.6887374,1092993026.0
1746756736.7434871,1093229826.0
1746756736.798516,1093466626.0
1746756736.8544853,1093703426.0
1746756736.9101217,1093940226.0
1746756736.9666622,1094177026.0
1746756737.023515,1094413826.0
1746756737.0806801,1094650626.0
1746756737.1379952,1094887426.0
1746756737.1958778,1095124226.0
1746756737.253729,1095361026.0
1746756737.3113165,1095597826.0
1746756737.369144,1095834626.0
1746756737.427413,1096071426.0
1746756737.4858677,1096308226.0
1746756737.5447667,1096545026.0
1746756737.605322,1096781826.0
1746756737.7250617,1097019330.0
1746756737.779231,1097256834.0
1746756737.8321218,1097494338.0
1746756737.885417,1097731842.0
1746756737.937835,1097969346.0
1746756737.9911153,1098206850.0
1746756738.044279,1098444354.0
1746756738.0978408,1098681858.0
1746756738.1548371,1098919362.0
1746756738.2077174,1099156866.0
1746756738.257264,1099394370.0
1746756738.307221,1099631874.0
1746756738.3575191,1099869378.0
1746756738.4081118,1100106882.0
1746756738.4589734,1100344386.0
1746756738.5100427,1100581890.0
1746756738.5617342,1100819394.0
1746756738.613139,1101056898.0
1746756738.664992,1101294402.0
1746756738.716745,1101531906.0
1746756738.7689962,1101769410.0
1746756738.8219576,1102006914.0
1746756738.9314609,1102246050.0
1746756738.9798524,1102485186.0
1746756739.027929,1102724322.0
1746756739.0758815,1102963458.0
1746756739.1242015,1103202594.0
1746756739.1733272,1103441730.0
1746756739.2222695,1103680866.0
1746756739.2714667,1103920002.0
1746756739.3210094,1104159138.0
1746756739.3709419,1104398274.0
1746756739.421192,1104637410.0
1746756739.4717884,1104876546.0
1746756739.5230787,1105115682.0
1746756739.5742629,1105354818.0
1746756739.6261756,1105593954.0
1746756739.6785755,1105833090.0
1746756739.7306952,1106072226.0
1746756739.7834294,1106311362.0
1746756739.8364592,1106550498.0
1746756739.8895066,1106789634.0
1746756739.9428983,1107028770.0
1746756739.9970129,1107267906.0
1746756740.0510733,1107507042.0
1746756740.1054165,1107746178.0
1746756740.159992,1107985314.0
1746756740.2147923,1108224450.0
1746756740.2699935,1108463586.0
1746756740.3258197,1108702722.0
1746756740.3818922,1108941858.0
1746756740.437868,1109180994.0
1746756740.4945927,1109420130.0
1746756740.5517952,1109659266.0
1746756740.6087887,1109898402.0
1746756740.6666188,1110137538.0
1746756740.7245033,1110376674.0
1746756740.7824967,1110615810.0
1746756740.8406823,1110854946.0
1746756740.9001946,1111094082.0
1746756740.9598198,1111333218.0
1746756741.0187812,1111572354.0
1746756741.0777304,1111811490.0
1746756741.1369922,1112050626.0
1746756741.1965506,1112289762.0
1746756741.2567239,1112528898.0
1746756741.3174899,1112768034.0
1746756741.3784945,1113007170.0
1746756741.4401357,1113246306.0
1746756741.502041,1113485442.0
1746756741.5636714,1113724578.0
1746756741.626111,1113963714.0
1746756741.688683,1114202850.0
1746756741.751321,1114441986.0
1746756741.809006,1114681186.0
1746756741.8589642,1114920386.0
1746756741.9167562,1115159650.0
1746756741.9665866,1115398914.0
1746756742.056145,1115638786.0
1746756742.1082737,1115878658.0
1746756742.159987,1116118530.0
1746756742.2124474,1116358402.0
1746756742.2651575,1116598274.0
1746756742.3183026,1116838146.0
1746756742.3717198,1117078018.0
1746756742.4256747,1117317890.0
1746756742.479399,1117557762.0
1746756742.5356717,1117797634.0
1746756742.589244,1118037506.0
1746756742.6417084,1118277378.0
1746756742.6943946,1118517250.0
1746756742.7475636,1118757122.0
1746756742.8009393,1118996994.0
1746756742.8545966,1119236866.0
1746756742.9086876,1119476738.0
1746756742.9634726,1119716610.0
1746756743.0181756,1119956482.0
1746756743.1068332,1120196386.0
1746756743.1681883,1120436418.0
1746756743.221238,1120676450.0
1746756743.2720106,1120916482.0
1746756743.3235192,1121156514.0
1746756743.4257174,1121398370.0
1746756743.4766493,1121640226.0
1746756743.527686,1121882082.0
1746756743.5787723,1122123938.0
1746756743.6301172,1122365794.0
1746756743.6823602,1122607650.0
1746756743.7344353,1122849506.0
1746756743.7867994,1123091362.0
1746756743.8395905,1123333218.0
1746756743.8929405,1123575074.0
1746756743.9462616,1123816930.0
1746756744.0003507,1124058786.0
1746756744.054591,1124300642.0
1746756744.1091182,1124542498.0
1746756744.1638298,1124784354.0
1746756744.2190464,1125026210.0
1746756744.274566,1125268066.0
1746756744.330337,1125509922.0
1746756744.3862422,1125751778.0
1746756744.4423084,1125993634.0
1746756744.4983413,1126235490.0
1746756744.5553944,1126477346.0
1746756744.6117983,1126719202.0
1746756744.6686256,1126961058.0
1746756744.7257931,1127202914.0
1746756744.783396,1127444770.0
1746756744.8412304,1127686626.0
1746756744.899702,1127928482.0
1746756744.958564,1128170338.0
1746756745.0178547,1128412194.0
1746756745.0775096,1128654050.0
1746756745.1375656,1128895906.0
1746756745.1977496,1129137762.0
1746756745.2580929,1129379618.0
1746756745.31891,1129621474.0
1746756745.3796217,1129863330.0
1746756745.440615,1130105186.0
1746756745.502245,1130347042.0
1746756745.5638063,1130588898.0
1746756745.6256278,1130830754.0
1746756745.6878026,1131072610.0
1746756745.7506583,1131314466.0
1746756745.8134155,1131556322.0
1746756745.877079,1131798178.0
1746756745.9417238,1132040034.0
1746756746.0050282,1132281890.0
1746756746.068516,1132523746.0
1746756746.1357281,1132765602.0
1746756746.1976042,1133007458.0
1746756746.25973,1133249314.0
1746756746.3222442,1133491170.0
1746756746.3848388,1133733026.0
1746756746.4476347,1133974882.0
1746756746.5114987,1134216738.0
1746756746.5750103,1134458594.0
1746756746.6387286,1134700450.0
1746756746.702961,1134942306.0
1746756746.7672465,1135184162.0
1746756746.8512225,1135426242.0
1746756746.901787,1135668322.0
1746756746.9518588,1135910402.0
1746756747.0031004,1136152482.0
1746756747.0542333,1136394562.0
1746756747.1059692,1136636642.0
1746756747.1578379,1136878722.0
1746756747.226514,1137121218.0
1746756747.277332,1137363714.0
1746756747.3280222,1137606210.0
1746756747.3785958,1137848706.0
1746756747.4301236,1138091202.0
1746756747.4818873,1138333698.0
1746756747.5335886,1138576194.0
1746756747.5856013,1138818690.0
1746756747.6379452,1139061186.0
1746756747.7099233,1139303682.0
1746756747.7639563,1139546178.0
1746756747.8172286,1139788674.0
1746756747.8713598,1140031170.0
1746756747.946541,1140273890.0
1746756747.9984932,1140516610.0
1746756748.049962,1140759330.0
1746756748.1019742,1141002050.0
1746756748.154344,1141244770.0
1746756748.2072012,1141487490.0
1746756748.2597537,1141730210.0
1746756748.4226596,1141976279.0
1746756748.4763532,1142222348.0
1746756748.53005,1142468417.0
1746756748.5841281,1142714486.0
1746756748.6389587,1142960555.0
1746756748.6945884,1143206624.0
1746756748.7505822,1143452693.0
1746756748.8066847,1143698762.0
1746756748.8634539,1143944831.0
1746756748.9201734,1144190900.0
1746756748.977556,1144436969.0
1746756749.0352402,1144683038.0
1746756749.0930789,1144929107.0
1746756749.1511714,1145175176.0
1746756749.2096632,1145421245.0
1746756749.2680178,1145667314.0
1746756749.3310964,1145913383.0
1746756749.3868,1146159452.0
1746756749.4428127,1146405521.0
1746756749.4992325,1146651590.0
1746756749.5559509,1146897659.0
1746756749.6134858,1147143728.0
1746756749.671227,1147389797.0
1746756749.7288446,1147635866.0
1746756749.787079,1147881935.0
1746756749.8454838,1148128004.0
1746756749.907184,1148374073.0
1746756749.9646251,1148620142.0
1746756750.0224996,1148866211.0
1746756750.0806878,1149112280.0
1746756750.1393092,1149358349.0
1746756750.1979482,1149604418.0
1746756750.2570634,1149850487.0
1746756750.316229,1150096556.0
1746756750.375732,1150342625.0
1746756750.4354143,1150588694.0
1746756750.4957902,1150834763.0
1746756750.5566576,1151080832.0
1746756750.6177306,1151326901.0
1746756750.6786144,1151572970.0
1746756750.7402325,1151819039.0
1746756750.8017156,1152065108.0
1746756750.863455,1152311177.0
1746756750.9259334,1152557246.0
1746756750.9887912,1152803315.0
1746756751.0519788,1153049384.0
1746756751.1155677,1153295453.0
1746756751.1790369,1153541522.0
1746756751.2432384,1153787591.0
1746756751.3073094,1154033660.0
1746756751.3716826,1154279729.0
1746756751.4364758,1154525798.0
1746756751.501673,1154771867.0
1746756751.568463,1155017936.0
1746756751.633656,1155264005.0
1746756751.6990464,1155510074.0
1746756751.765131,1155756143.0
1746756751.8312223,1156002212.0
1746756751.8976595,1156248281.0
1746756751.9648461,1156494350.0
1746756752.0324948,1156740419.0
1746756752.1001506,1156986488.0
1746756752.1680832,1157232557.0
1746756752.2360759,1157478626.0
1746756752.304855,1157724695.0
1746756752.373561,1157970764.0
1746756752.4425206,1158216833.0
1746756752.51171,1158462902.0
1746756752.5814443,1158708971.0
1746756752.651806,1158955040.0
1746756752.7225904,1159201109.0
1746756752.793155,1159447178.0
1746756752.864473,1159693247.0
1746756752.9358935,1159939316.0
1746756753.0075183,1160185385.0
1746756753.0829685,1160431454.0
1746756753.1523945,1160677523.0
1746756753.2226331,1160923592.0
1746756753.293295,1161169661.0
1746756753.3637388,1161415730.0
1746756753.4352791,1161661799.0
1746756753.5064483,1161907868.0
1746756753.5780423,1162153937.0
1746756753.6499183,1162400006.0
1746756753.7221358,1162646075.0
1746756753.7951016,1162892144.0
1746756753.8684554,1163138213.0
1746756753.9417846,1163384282.0
1746756754.015734,1163630351.0
1746756754.089528,1163876420.0
1746756754.163724,1164122489.0
1746756754.2388282,1164368558.0
1746756754.3141775,1164614627.0
1746756754.389632,1164860696.0
1746756754.4655933,1165106765.0
1746756754.5417712,1165352834.0
1746756754.618413,1165598903.0
1746756754.6950479,1165844972.0
1746756754.771955,1166091041.0
1746756754.8492615,1166337110.0
1746756754.92695,1166583179.0
1746756755.0054388,1166829248.0
1746756755.0840805,1167075317.0
1746756755.162928,1167321386.0
1746756755.2423613,1167567455.0
1746756755.3217015,1167813524.0
1746756755.4011881,1168059593.0
1746756755.4888122,1168306206.0
1746756755.5403986,1168552819.0
1746756755.5925431,1168799432.0
1746756755.6450477,1169046045.0
1746756755.697522,1169292658.0
1746756755.750728,1169539271.0
1746756755.8040943,1169785884.0
1746756755.8573418,1170032497.0
1746756755.9109468,1170279110.0
1746756755.9649255,1170525723.0
1746756756.0196257,1170772336.0
1746756756.0744338,1171018949.0
1746756756.1291144,1171265562.0
1746756756.184588,1171512175.0
1746756756.23998,1171758788.0
1746756756.2955606,1172005401.0
1746756756.3520126,1172252014.0
1746756756.4249969,1172498691.0
1746756756.4778204,1172745368.0
1746756756.5578768,1172992397.0
1746756756.6108365,1173239426.0
1746756756.6643538,1173486455.0
1746756756.7184408,1173733484.0
1746756756.773226,1173980513.0
1746756756.828139,1174227542.0
1746756756.8830433,1174474571.0
1746756756.938696,1174721600.0
1746756756.99447,1174968629.0
1746756757.0501711,1175215658.0
1746756757.1069033,1175462687.0
1746756757.1823168,1175709940.0
1746756757.2364888,1175957193.0
1746756757.2910163,1176204446.0
1746756757.34612,1176451699.0
1746756757.400834,1176698952.0
1746756757.4561956,1176946205.0
1746756757.5113995,1177193458.0
1746756757.5816417,1177440871.0
1746756757.636505,1177688284.0
1746756757.6909072,1177935697.0
1746756757.7462997,1178183110.0
1746756757.801617,1178430523.0
1746756757.8986278,1178678876.0
1746756757.9533777,1178927229.0
1746756758.008039,1179175582.0
1746756758.0633204,1179423935.0
1746756758.1180465,1179672288.0
1746756758.174091,1179920641.0
1746756758.2304263,1180168994.0
1746756758.286899,1180417347.0
1746756758.350039,1180665700.0
1746756758.4018977,1180914053.0
1746756758.4531708,1181162406.0
1746756758.5046377,1181410759.0
1746756758.5577698,1181659112.0
1746756758.6107876,1181907465.0
1746756758.664784,1182155818.0
1746756758.71804,1182404171.0
1746756758.7720923,1182652524.0
1746756758.8257065,1182900877.0
1746756758.8799493,1183149230.0
1746756758.9354603,1183397583.0
1746756758.990718,1183645936.0
1746756759.0468285,1183894289.0
1746756759.1034908,1184142642.0
1746756759.1600275,1184390995.0
1746756759.2167807,1184639348.0
1746756759.273934,1184887701.0
1746756759.330939,1185136054.0
1746756759.388712,1185384407.0
1746756759.4467971,1185632760.0
1746756759.5048213,1185881113.0
1746756759.5750642,1186129498.0
1746756759.7155514,1186379579.0
1746756759.769508,1186629660.0
1746756759.8239255,1186879741.0
1746756759.8787637,1187129822.0
1746756759.9338236,1187379903.0
1746756759.9902422,1187629984.0
1746756760.0467393,1187880065.0
1746756760.1033375,1188130146.0
1746756760.1607025,1188380227.0
1746756760.217703,1188630308.0
1746756760.2752323,1188880389.0
1746756760.3325615,1189130470.0
1746756760.39076,1189380551.0
1746756760.4493256,1189630632.0
1746756760.5077174,1189880713.0
1746756760.5668445,1190130794.0
1746756760.6259534,1190380875.0
1746756760.6853237,1190630956.0
1746756760.7445464,1190881037.0
1746756760.8040638,1191131118.0
1746756760.864327,1191381199.0
1746756760.9250486,1191631280.0
1746756760.9859471,1191881361.0
1746756761.0471418,1192131442.0
1746756761.1082706,1192381523.0
1746756761.1700258,1192631604.0
1746756761.232596,1192881685.0
1746756761.2945971,1193131766.0
1746756761.3570774,1193381847.0
1746756761.4198666,1193631928.0
1746756761.4829855,1193882009.0
1746756761.546776,1194132090.0
1746756761.6103356,1194382171.0
1746756761.6745129,1194632252.0
1746756761.7386076,1194882333.0
1746756761.8030195,1195132414.0
1746756761.8683438,1195382495.0
1746756761.933346,1195632576.0
1746756761.9990299,1195882657.0
1746756762.064246,1196132738.0
1746756762.1293833,1196382819.0
1746756762.1953866,1196632900.0
1746756762.2609038,1196882981.0
1746756762.3300557,1197133062.0
1746756762.393629,1197383143.0
1746756762.457773,1197633224.0
1746756762.5218468,1197883305.0
1746756762.586733,1198133386.0
1746756762.651505,1198383467.0
1746756762.7170634,1198633548.0
1746756762.783309,1198883629.0
1746756762.8512917,1199133710.0
1746756762.9172287,1199383791.0
1746756762.983946,1199633872.0
1746756763.1148846,1199885137.0
1746756763.1687527,1200136402.0
1746756763.2222195,1200387667.0
1746756763.2761483,1200638932.0
1746756763.3305953,1200890197.0
1746756763.385132,1201141462.0
1746756763.4400322,1201392727.0
1746756763.4952204,1201643992.0
1746756763.5510194,1201895257.0
1746756763.6070204,1202146522.0
1746756763.6623232,1202397787.0
1746756763.7180135,1202649052.0
1746756763.7738135,1202900317.0
1746756763.8303266,1203151582.0
1746756763.8866024,1203402847.0
1746756763.9437597,1203654112.0
1746756764.0010648,1203905377.0
1746756764.0587218,1204156642.0
1746756764.1162677,1204407907.0
1746756764.1739895,1204659172.0
1746756764.2324073,1204910437.0
1746756764.291198,1205161702.0
1746756764.3499732,1205412967.0
1746756764.4093893,1205664232.0
1746756764.469021,1205915497.0
1746756764.5291471,1206166762.0
1746756764.5891984,1206418027.0
1746756764.669298,1206669292.0
1746756764.7308552,1206920557.0
1746756764.7918804,1207171822.0
1746756764.8532045,1207423087.0
1746756764.915377,1207674352.0
1746756764.9776783,1207925617.0
1746756765.043677,1208176882.0
1746756765.104071,1208428147.0
1746756765.1641223,1208679412.0
1746756765.2245967,1208930677.0
1746756765.3250513,1209182134.0
1746756765.3770545,1209433591.0
1746756765.4294057,1209685048.0
1746756765.481379,1209936505.0
1746756765.5378764,1210187962.0
1746756765.5910497,1210439419.0
1746756765.6521719,1210690908.0
1746756765.712863,1210942525.0
1746756765.7651591,1211194142.0
1746756765.8175313,1211445759.0
1746756765.870934,1211697376.0
1746756765.9386826,1211949313.0
1746756765.991758,1212201250.0
1746756766.0454612,1212453187.0
1746756766.0987928,1212705124.0
1746756766.1529317,1212957061.0
1746756766.226499,1213208998.0
1746756766.2809477,1213460935.0
1746756766.3356688,1213712872.0
1746756766.3903832,1213964809.0
1746756766.446125,1214216746.0
1746756766.5155694,1214468747.0
1746756766.5686579,1214720748.0
1746756766.7023056,1214973389.0
1746756766.7566693,1215226030.0
1746756766.8111389,1215478671.0
1746756766.866847,1215731312.0
1746756766.9224436,1215983953.0
1746756766.9785783,1216236594.0
1746756767.034402,1216489235.0
1746756767.090399,1216741876.0
1746756767.146989,1216994517.0
1746756767.2041,1217247158.0
1746756767.2610219,1217499799.0
1746756767.3186967,1217752440.0
1746756767.3763983,1218005081.0
1746756767.434924,1218257722.0
1746756767.4936035,1218510363.0
1746756767.552299,1218763004.0
1746756767.6111293,1219015645.0
1746756767.6703947,1219268286.0
1746756767.7298558,1219520927.0
1746756767.790204,1219773568.0
1746756767.9219666,1220027809.0
1746756767.9782887,1220282050.0
1746756768.0528212,1220536291.0
1746756768.1089115,1220790532.0
1746756768.1665936,1221044773.0
1746756768.2219563,1221299014.0
1746756768.2773027,1221553255.0
1746756768.3342283,1221807496.0
1746756768.3891308,1222061737.0
1746756768.4448497,1222315978.0
1746756768.5007458,1222570219.0
1746756768.5566504,1222824460.0
1746756768.6128845,1223078701.0
1746756768.6696668,1223332942.0
1746756768.7267182,1223587183.0
1746756768.7847135,1223841424.0
1746756768.8430421,1224095665.0
1746756768.9019015,1224349906.0
1746756768.960337,1224604147.0
1746756769.018921,1224858388.0
1746756769.0782495,1225112629.0
1746756769.1380222,1225366870.0
1746756769.1972992,1225621111.0
1746756769.2570171,1225875352.0
1746756769.3171067,1226129593.0
1746756769.3778763,1226383834.0
1746756769.4389234,1226638075.0
1746756769.4998868,1226892316.0
1746756769.5610447,1227146557.0
1746756769.6226041,1227400798.0
1746756769.6846778,1227655039.0
1746756769.7482972,1227909280.0
1746756769.8111153,1228163521.0
1746756769.8745017,1228417762.0
1746756769.9375489,1228672003.0
1746756770.0008583,1228926244.0
1746756770.0650818,1229180485.0
1746756770.1298773,1229434726.0
1746756770.194321,1229688967.0
1746756770.259118,1229943208.0
1746756770.325279,1230197449.0
1746756770.3905034,1230451690.0
1746756770.4560041,1230705931.0
1746756770.5213737,1230960172.0
1746756770.587003,1231214413.0
1746756770.6530292,1231468654.0
1746756770.7192564,1231722895.0
1746756770.7864335,1231977136.0
1746756770.8540068,1232231377.0
1746756770.9219735,1232485618.0
1746756770.9896257,1232739859.0
1746756771.0565143,1232994100.0
1746756771.1442945,1233249269.0
1746756771.1994176,1233504438.0
1746756771.2541864,1233759607.0
1746756771.3095586,1234014776.0
1746756771.365646,1234269945.0
1746756771.4221144,1234525114.0
1746756771.4785664,1234780283.0
1746756771.5349786,1235035452.0
1746756771.5915377,1235290621.0
1746756771.648616,1235545790.0
1746756771.706059,1235800959.0
1746756771.7643926,1236056128.0
1746756771.8228168,1236311297.0
1746756771.881727,1236566466.0
1746756771.9403656,1236821635.0
1746756771.9991822,1237076804.0
1746756772.0588427,1237331973.0
1746756772.1186247,1237587142.0
1746756772.1784015,1237842311.0
1746756772.2385294,1238097480.0
1746756772.2993765,1238352649.0
1746756772.3606482,1238607818.0
1746756772.425092,1238862987.0
1746756772.4850125,1239118156.0
1746756772.5452783,1239373325.0
1746756772.6058292,1239628494.0
1746756772.6667356,1239883663.0
1746756772.7285895,1240138832.0
1746756772.790601,1240394001.0
1746756772.8532155,1240649170.0
1746756772.9226754,1240904531.0
1746756772.9775093,1241159892.0
1746756773.0329738,1241415253.0
1746756773.088805,1241670614.0
1746756773.1443691,1241925975.0
1746756773.200771,1242181336.0
1746756773.311681,1242436825.0
1746756773.3677614,1242692314.0
1746756773.4237237,1242947803.0
1746756773.479461,1243203292.0
1746756773.5650475,1243459645.0
1746756773.6208987,1243715998.0
1746756773.6765213,1243972351.0
1746756773.7326498,1244228704.0
1746756773.7889142,1244485057.0
1746756773.8480709,1244741410.0
1746756773.9027085,1244997763.0
1746756773.9576385,1245254116.0
1746756774.013038,1245510469.0
1746756774.0689836,1245766822.0
1746756774.125217,1246023175.0
1746756774.182265,1246279528.0
1746756774.2394745,1246535881.0
1746756774.2969973,1246792234.0
1746756774.3543117,1247048587.0
1746756774.4118984,1247304940.0
1746756774.469978,1247561293.0
1746756774.5289707,1247817646.0
1746756774.5876036,1248073999.0
1746756774.6470692,1248330352.0
1746756774.706727,1248586705.0
1746756774.7668157,1248843058.0
1746756774.8265557,1249099411.0
1746756774.8867133,1249355764.0
1746756774.947625,1249612117.0
1746756775.0088267,1249868470.0
1746756775.0698278,1250124823.0
1746756775.1317523,1250381176.0
1746756775.226693,1250638713.0
1746756775.2822096,1250896250.0
1746756775.337304,1251153787.0
1746756775.3927019,1251411324.0
1746756775.4484415,1251668861.0
1746756775.5048652,1251926398.0
1746756775.5611255,1252183935.0
1746756775.6181962,1252441472.0
1746756775.6755977,1252699009.0
1746756775.7334473,1252956546.0
1746756775.7910156,1253214083.0
1746756775.8486822,1253471620.0
1746756775.906735,1253729157.0
1746756775.965459,1253986694.0
1746756776.0241597,1254244231.0
1746756776.0835984,1254501768.0
1746756776.1433103,1254759305.0
1746756776.2033947,1255016842.0
1746756776.2633383,1255274379.0
1746756776.3235073,1255531916.0
1746756776.384151,1255789453.0
1746756776.4455402,1256046990.0
1746756776.5067077,1256304527.0
1746756776.5688484,1256562064.0
1746756776.631153,1256819601.0
1746756776.693995,1257077138.0
1746756776.756417,1257334675.0
1746756776.81917,1257592212.0
1746756776.8826568,1257849749.0
1746756776.946441,1258107286.0
1746756777.01013,1258364823.0
1746756777.0745234,1258622360.0
1746756777.1391091,1258879897.0
1746756777.2041883,1259137434.0
1746756777.269043,1259394971.0
1746756777.3354375,1259652508.0
1746756777.4008818,1259910045.0
1746756777.4671688,1260167582.0
1746756777.5659537,1260425183.0
1746756777.6240177,1260682784.0
1746756777.7677197,1260941409.0
1746756777.826152,1261200034.0
1746756777.8843849,1261458659.0
1746756777.9439466,1261717284.0
1746756778.0038292,1261975909.0
1746756778.0641177,1262234534.0
1746756778.123899,1262493159.0
1746756778.1842077,1262751784.0
1746756778.2444904,1263010409.0
1746756778.3053997,1263269034.0
1746756778.3674388,1263527659.0
1746756778.4274824,1263786284.0
1746756778.4893386,1264044909.0
1746756778.5497649,1264303534.0
1746756778.6099334,1264562159.0
1746756778.6710398,1264820784.0
1746756778.7323537,1265079409.0
1746756778.794019,1265338034.0
1746756778.855451,1265596659.0
1746756778.9178483,1265855284.0
1746756778.9805503,1266113909.0
1746756779.0435653,1266372534.0
1746756779.1063192,1266631159.0
1746756779.1696215,1266889784.0
1746756779.2335489,1267148409.0
1746756779.2994826,1267407034.0
1746756779.361351,1267665659.0
1746756779.4235184,1267924284.0
1746756779.4860797,1268182909.0
1746756779.5495327,1268441534.0
1746756779.6126688,1268700159.0
1746756779.676831,1268958784.0
1746756779.7445216,1269217409.0
1746756779.944802,1269481954.0
1746756779.9976854,1269746499.0
1746756780.0512693,1270011044.0
1746756780.104584,1270275589.0
1746756780.1584425,1270540134.0
1746756780.2126293,1270804679.0
1746756780.266751,1271069224.0
1746756780.3211644,1271333769.0
1746756780.3762732,1271598314.0
1746756780.4313786,1271862859.0
1746756780.4866714,1272127404.0
1746756780.5424397,1272391949.0
1746756780.5985723,1272656494.0
1746756780.6547544,1272921039.0
1746756780.7116315,1273185584.0
1746756780.768714,1273450129.0
1746756780.8262372,1273714674.0
1746756780.8836064,1273979219.0
1746756780.9416149,1274243764.0
1746756780.999861,1274508309.0
1746756781.0586555,1274772854.0
1746756781.1175497,1275037399.0
1746756781.1764777,1275301944.0
1746756781.235663,1275566489.0
1746756781.2954319,1275831034.0
1746756781.3554192,1276095579.0
1746756781.4156625,1276360124.0
1746756781.4764166,1276624669.0
1746756781.5387492,1276889214.0
1746756781.6001453,1277153759.0
1746756781.6618202,1277418304.0
1746756781.7237096,1277682849.0
1746756781.7866473,1277947394.0
1746756781.8489928,1278211939.0
1746756781.9119878,1278476484.0
1746756781.9752061,1278741029.0
1746756782.0387166,1279005574.0
1746756782.1024082,1279270119.0
1746756782.1661172,1279534664.0
1746756782.2300782,1279799209.0
1746756782.294613,1280063754.0
1746756782.3591251,1280328299.0
1746756782.423981,1280592844.0
1746756782.489424,1280857389.0
1746756782.5552843,1281121934.0
1746756782.6210938,1281386479.0
1746756782.6876423,1281651024.0
1746756782.7545307,1281915569.0
1746756782.821996,1282180114.0
1746756782.8891847,1282444659.0
1746756782.9567235,1282709204.0
1746756783.0248709,1282973749.0
1746756783.0935497,1283238294.0
1746756783.1620479,1283502839.0
1746756783.2306895,1283767384.0
1746756783.2995276,1284031929.0
1746756783.3690908,1284296474.0
1746756783.4386468,1284561019.0
1746756783.5086062,1284825564.0
1746756783.578954,1285090109.0
1746756783.6501274,1285354654.0
1746756783.7210948,1285619199.0
1746756783.7928684,1285883744.0
1746756783.8648467,1286148289.0
1746756783.937449,1286412834.0
1746756784.010327,1286677379.0
1746756784.0824177,1286941924.0
1746756784.1549876,1287206469.0
1746756784.2281585,1287471014.0
1746756784.303356,1287735559.0
1746756784.3753252,1288000104.0
1746756784.447768,1288264649.0
1746756784.5206504,1288529194.0
1746756784.5938594,1288793739.0
1746756784.6670952,1289058284.0
1746756784.7407393,1289322829.0
1746756784.815073,1289587374.0
1746756784.8894284,1289851919.0
1746756784.9644637,1290116464.0
1746756785.0399158,1290381009.0
1746756785.1157458,1290645554.0
1746756785.191455,1290910099.0
1746756785.2674959,1291174644.0
1746756785.3437934,1291439189.0
1746756785.4205518,1291703734.0
1746756785.4974458,1291968279.0
1746756785.5744326,1292232824.0
1746756785.6517582,1292497369.0
1746756785.7294977,1292761914.0
1746756785.8076289,1293026459.0
1746756785.8859615,1293291004.0
1746756785.9647496,1293555549.0
1746756786.0444643,1293820094.0
1746756786.1238575,1294084639.0
1746756786.2038825,1294349184.0
1746756786.2843904,1294613729.0
1746756786.3653748,1294878274.0
1746756786.4461458,1295142819.0
1746756786.5279424,1295407364.0
1746756786.608967,1295671909.0
1746756786.6906755,1295936454.0
1746756786.7728043,1296200999.0
1746756786.8554113,1296465544.0
1746756786.937879,1296730089.0
1746756787.0208323,1296994634.0
1746756787.104022,1297259179.0
1746756787.1876667,1297523724.0
1746756787.271339,1297788269.0
1746756787.3558767,1298052814.0
1746756787.4402564,1298317359.0
1746756787.5254366,1298581904.0
1746756787.6113238,1298846449.0
1746756787.697644,1299110994.0
1746756787.7845962,1299375539.0
1746756787.8723257,1299640084.0
1746756787.95992,1299904629.0
1746756788.0471098,1300169174.0
1746756788.134873,1300433719.0
1746756788.2226102,1300698264.0
1746756788.3098457,1300962809.0
1746756788.3979726,1301227354.0
1746756788.4862328,1301491899.0
1746756788.5748565,1301756444.0
1746756788.664201,1302020989.0
1746756788.7535496,1302285534.0
1746756788.842871,1302550079.0
1746756788.9331095,1302814624.0
1746756789.0237238,1303079169.0
1746756789.1143293,1303343714.0
1746756789.205499,1303608259.0
1746756789.2968643,1303872804.0
1746756789.388663,1304137349.0
1746756789.4804883,1304401894.0
1746756789.5728586,1304666439.0
1746756789.6652231,1304930984.0
1746756789.7578099,1305195529.0
1746756789.8513086,1305460074.0
1746756789.9449697,1305724619.0
1746756790.0394022,1305989164.0
1746756790.1336715,1306253709.0
1746756790.2286806,1306518254.0
1746756790.3230674,1306782799.0
1746756790.4184482,1307047344.0
1746756790.5142002,1307311889.0
1746756790.6106377,1307576434.0
1746756790.7067041,1307840979.0
1746756790.8035333,1308105524.0
1746756790.900703,1308370069.0
1746756790.9984949,1308634614.0
1746756791.0963001,1308899159.0
1746756791.194249,1309163704.0
1746756791.292649,1309428249.0
1746756791.3917315,1309692794.0
1746756791.4906318,1309957339.0
1746756791.589696,1310221884.0
1746756791.6890168,1310486429.0
1746756791.7892382,1310750974.0
1746756791.8894517,1311015519.0
1746756791.9899738,1311280064.0
1746756792.0910501,1311544609.0
1746756792.1926966,1311809154.0
1746756792.29444,1312073699.0
1746756792.3965375,1312338244.0
1746756792.498906,1312602789.0
1746756792.6012866,1312867334.0
1746756792.703694,1313131879.0
1746756792.8064246,1313396424.0
1746756792.9093587,1313660969.0
1746756793.012981,1313925514.0
1746756793.116666,1314190059.0
1746756793.2203748,1314454604.0
1746756793.3244164,1314719149.0
1746756793.428881,1314983694.0
1746756793.533332,1315248239.0
1746756793.6386793,1315512784.0
1746756793.7437358,1315777329.0
1746756793.8496416,1316041874.0
1746756793.9556754,1316306419.0
1746756794.0623047,1316570964.0
1746756794.1691632,1316835509.0
1746756794.2763057,1317100054.0
1746756794.383533,1317364599.0
1746756794.4909787,1317629144.0
1746756794.5986059,1317893689.0
1746756794.7067142,1318158234.0
1746756794.8149185,1318422779.0
1746756794.923595,1318687324.0
1746756795.0328715,1318951869.0
1746756795.1444576,1319216414.0
1746756795.2529864,1319480959.0
1746756795.3636034,1319745504.0
1746756795.47452,1320010049.0
1746756795.5848572,1320274594.0
1746756795.7596846,1320543395.0
1746756795.8173907,1320812196.0
1746756795.8757236,1321080997.0
1746756795.9341884,1321349798.0
1746756795.9932945,1321618599.0
1746756796.0525913,1321887400.0
1746756796.1121292,1322156201.0
1746756796.1721275,1322425002.0
1746756796.2320817,1322693803.0
1746756796.292396,1322962604.0
1746756796.35312,1323231405.0
1746756796.414481,1323500206.0
1746756796.4757388,1323769007.0
1746756796.5372257,1324037808.0
1746756796.5997057,1324306609.0
1746756796.6620185,1324575410.0
1746756796.7243314,1324844211.0
1746756796.7870913,1325113012.0
1746756796.8502226,1325381813.0
1746756796.9138558,1325650614.0
1746756796.9776642,1325919415.0
1746756797.0417008,1326188216.0
1746756797.1057649,1326457017.0
1746756797.1703813,1326725818.0
1746756797.234946,1326994619.0
1746756797.2998605,1327263420.0
1746756797.3652334,1327532221.0
1746756797.4312608,1327801022.0
1746756797.4973276,1328069823.0
1746756797.5635188,1328338624.0
1746756797.6303554,1328607425.0
1746756797.6975837,1328876226.0
1746756797.7649503,1329145027.0
1746756797.8327656,1329413828.0
1746756797.9008698,1329682629.0
1746756797.9694245,1329951430.0
1746756798.0382607,1330220231.0
1746756798.107982,1330489032.0
1746756798.176426,1330757833.0
1746756798.2458532,1331026634.0
1746756798.3148155,1331295435.0
1746756798.384071,1331564236.0
1746756798.4536402,1331833037.0
1746756798.5238752,1332101838.0
1746756798.5941834,1332370639.0
1746756798.664682,1332639440.0
1746756798.73582,1332908241.0
1746756798.8073666,1333177042.0
1746756798.8788798,1333445843.0
1746756798.951108,1333714644.0
1746756799.023558,1333983445.0
1746756799.0964487,1334252246.0
1746756799.169675,1334521047.0
1746756799.2423956,1334789848.0
1746756799.3257163,1335058649.0
1746756799.3906887,1335327450.0
1746756799.4561427,1335596251.0
1746756799.5218909,1335865052.0
1746756799.588379,1336133853.0
1746756799.6551862,1336402654.0
1746756799.7217004,1336671455.0
1746756799.788369,1336940256.0
1746756799.8557508,1337209057.0
1746756799.9237225,1337477858.0
1746756799.9914289,1337746659.0
1746756800.0600224,1338015460.0
1746756800.1287632,1338284261.0
1746756800.198055,1338553062.0
1746756800.267261,1338821863.0
1746756800.336601,1339090664.0
1746756800.4062357,1339359465.0
1746756800.4765863,1339628266.0
1746756800.546883,1339897067.0
1746756800.6175728,1340165868.0
1746756800.688531,1340434669.0
1746756800.760309,1340703470.0
1746756800.8326569,1340972271.0
1746756800.904815,1341241072.0
1746756800.9767892,1341509873.0
1746756801.0495126,1341778674.0
1746756801.1223278,1342047475.0
1746756801.1956518,1342316276.0
1746756801.269108,1342585077.0
1746756801.343495,1342853878.0
1746756801.417206,1343122679.0
1746756801.491171,1343391480.0
1746756801.5660627,1343660281.0
1746756801.6403062,1343929082.0
1746756801.7170475,1344197883.0
1746756801.790024,1344466684.0
1746756801.8636358,1344735485.0
1746756801.9373362,1345004286.0
1746756802.0114188,1345273087.0
1746756802.0861025,1345541888.0
1746756802.1607456,1345810689.0
1746756802.2364008,1346079490.0
1746756802.311797,1346348291.0
1746756802.388154,1346617092.0
1746756802.4649022,1346885893.0
1746756802.541646,1347154694.0
1746756802.618526,1347423495.0
1746756802.695578,1347692296.0
1746756802.7730677,1347961097.0
1746756802.8513296,1348229898.0
1746756802.9296627,1348498699.0
1746756803.0085082,1348767500.0
1746756803.087252,1349036301.0
1746756803.1665614,1349305102.0
1746756803.2461236,1349573903.0
1746756803.3259375,1349842704.0
1746756803.4060097,1350111505.0
1746756803.487114,1350380306.0
1746756803.5681024,1350649107.0
1746756803.6498492,1350917908.0
1746756803.7325394,1351186709.0
1746756803.815205,1351455510.0
1746756803.8989253,1351724311.0
1746756803.9800239,1351993112.0
1746756804.0617075,1352261913.0
1746756804.143861,1352530714.0
1746756804.226042,1352799515.0
1746756804.3084443,1353068316.0
1746756804.3919926,1353337117.0
1746756804.4757526,1353605918.0
1746756804.5595846,1353874719.0
1746756804.6444328,1354143520.0
1746756804.7295103,1354412321.0
1746756804.8153129,1354681122.0
1746756804.9005654,1354949923.0
1746756804.9871101,1355218724.0
1746756805.0741565,1355487525.0
1746756805.1611645,1355756326.0
1746756805.2476811,1356025127.0
1746756805.3347516,1356293928.0
1746756805.4219763,1356562729.0
1746756805.51006,1356831530.0
1746756805.6304526,1357100427.0
1746756805.6914403,1357369324.0
1746756805.7521758,1357638221.0
1746756805.8118155,1357907150.0
1746756805.871717,1358176143.0
1746756805.9246597,1358445136.0
1746756805.9857962,1358714161.0
1746756806.0462089,1358983282.0
1746756806.099088,1359252403.0
1746756806.1518219,1359521524.0
1746756806.2165,1359790837.0
1746756806.2694795,1360060150.0
1746756806.3222935,1360329463.0
1746756806.3753612,1360598776.0
1746756806.428844,1360868089.0
1746756806.4831336,1361137402.0
1746756806.55178,1361406939.0
1746756806.6049414,1361676476.0
1746756806.6584773,1361946013.0
1746756806.7120287,1362215550.0
1746756806.7657268,1362485087.0
1746756806.8203084,1362754624.0
1746756806.8747694,1363024161.0
1746756806.9435081,1363293922.0
1746756806.997368,1363563683.0
1746756807.051415,1363833444.0
1746756807.1060214,1364103205.0
1746756807.1606896,1364372966.0
1746756807.2156959,1364642727.0
1746756807.2708585,1364912488.0
1746756807.366718,1365183593.0
1746756807.4215932,1365454698.0
1746756807.4763055,1365725803.0
1746756807.5306122,1365996908.0
1746756807.5852933,1366268013.0
1746756807.6406517,1366539118.0
1746756807.696078,1366810223.0
1746756807.7523842,1367081328.0
1746756807.808527,1367352433.0
1746756807.8653626,1367623538.0
1746756807.9224627,1367894643.0
1746756807.9798708,1368165748.0
1746756808.0376575,1368436853.0
1746756808.1040454,1368707958.0
1746756808.1556466,1368979063.0
1746756808.20734,1369250168.0
1746756808.2592156,1369521273.0
1746756808.3121855,1369792378.0
1746756808.364818,1370063483.0
1746756808.4177084,1370334588.0
1746756808.4710183,1370605693.0
1746756808.5249925,1370876798.0
1746756808.578785,1371147903.0
1746756808.6331425,1371419008.0
1746756808.687415,1371690113.0
1746756808.742634,1371961218.0
1746756808.7979906,1372232323.0
1746756808.853793,1372503428.0
1746756808.9098551,1372774533.0
1746756808.9660885,1373045638.0
1746756809.0226853,1373316743.0
1746756809.0791109,1373587848.0
1746756809.1359723,1373858953.0
1746756809.1936545,1374130058.0
1746756809.2511983,1374401163.0
1746756809.3090572,1374672268.0
1746756809.3672004,1374943373.0
1746756809.4264112,1375214478.0
1746756809.4856286,1375485583.0
1746756809.54535,1375756688.0
1746756809.6050146,1376027793.0
1746756809.6653292,1376298898.0
1746756809.7259932,1376570003.0
1746756809.933186,1376841172.0
1746756810.034701,1377113525.0
1746756810.0988042,1377385878.0
1746756810.1637719,1377658231.0
1746756810.2286632,1377930584.0
1746756810.2946982,1378202937.0
1746756810.3614223,1378475290.0
1746756810.427998,1378747643.0
1746756810.4948356,1379019996.0
1746756810.5619543,1379292349.0
1746756810.6294441,1379564702.0
1746756810.6971056,1379837055.0
1746756810.7653265,1380109408.0
1746756810.8336778,1380381761.0
1746756810.9026475,1380654114.0
1746756810.9718816,1380926467.0
1746756811.0413775,1381198820.0
1746756811.1111896,1381471173.0
1746756811.181152,1381743526.0
1746756811.251309,1382015879.0
1746756811.32167,1382288232.0
1746756811.3928564,1382560585.0
1746756811.4655054,1382832938.0
1746756811.539476,1383105291.0
1746756811.6092184,1383377644.0
1746756811.6799552,1383649997.0
1746756811.7494533,1383922350.0
1746756811.8191524,1384194703.0
1746756811.8895123,1384467056.0
1746756811.960031,1384739409.0
1746756812.0312104,1385011762.0
1746756812.1025136,1385284115.0
1746756812.1742234,1385556468.0
1746756812.246137,1385828821.0
1746756812.3183217,1386101174.0
1746756812.39082,1386373527.0
1746756812.46334,1386645880.0
1746756812.5367355,1386918233.0
1746756812.6103866,1387190586.0
1746756812.6753027,1387462939.0
1746756812.7601733,1387735516.0
1746756812.8250775,1388008093.0
1746756812.889878,1388280670.0
1746756812.9637656,1388553247.0
1746756813.0223947,1388825824.0
1746756813.0811923,1389098401.0
1746756813.1407285,1389370978.0
1746756813.209954,1389643587.0
1746756813.2813106,1389916452.0
1746756813.3398619,1390189317.0
1746756813.398665,1390462182.0
1746756813.4576547,1390735047.0
1746756813.5173037,1391007912.0
1746756813.5771728,1391280777.0
1746756813.648003,1391553642.0
1746756813.6996608,1391826507.0
1746756813.786394,1392100172.0
1746756813.837118,1392373837.0
1746756813.8874767,1392647502.0
1746756813.9381454,1392921167.0
1746756813.9896884,1393194832.0
1746756814.0415099,1393468497.0
1746756814.0937028,1393742162.0
1746756814.146782,1394015827.0
1746756814.1986737,1394289492.0
1746756814.2511091,1394563157.0
1746756814.3063638,1394836822.0
1746756814.3570955,1395110487.0
1746756814.4085813,1395384152.0
1746756814.4604053,1395657817.0
1746756814.512567,1395931482.0
1746756814.5642505,1396205147.0
1746756814.6160872,1396478812.0
1746756814.66834,1396752477.0
1746756814.7209473,1397026142.0
1746756814.7740974,1397299807.0
1746756814.8279603,1397573472.0
1746756814.882159,1397847137.0
1746756814.9368002,1398120802.0
1746756814.991635,1398394467.0
1746756815.046765,1398668132.0
1746756815.172026,1398943237.0
1746756815.2222672,1399218342.0
1746756815.272229,1399493447.0
1746756815.3230085,1399768552.0
1746756815.3748019,1400043657.0
1746756815.4266999,1400318762.0
1746756815.4781382,1400593867.0
1746756815.5297742,1400868972.0
1746756815.5816016,1401144077.0
1746756815.6340127,1401419182.0
1746756815.6867847,1401694287.0
1746756815.7402575,1401969392.0
1746756815.7938776,1402244497.0
1746756815.847808,1402519602.0
1746756815.901892,1402794707.0
1746756815.9564106,1403069812.0
1746756816.0110977,1403344917.0
1746756816.066432,1403620022.0
1746756816.1220398,1403895127.0
1746756816.1780674,1404170232.0
1746756816.2343345,1404445337.0
1746756816.2907717,1404720442.0
1746756816.3471777,1404995547.0
1746756816.4039323,1405270652.0
1746756816.461107,1405545757.0
1746756816.5184512,1405820862.0
1746756816.5759473,1406095967.0
1746756816.6344066,1406371072.0
1746756816.6933064,1406646177.0
1746756816.7525127,1406921282.0
1746756816.8119323,1407196387.0
1746756816.871758,1407471492.0
1746756816.9321225,1407746597.0
1746756816.9926648,1408021702.0
1746756817.0535383,1408296807.0
1746756817.1145964,1408571912.0
1746756817.1760232,1408847017.0
1746756817.2378497,1409122122.0
1746756817.2992954,1409397227.0
1746756817.3610334,1409672332.0
1746756817.4231572,1409947437.0
1746756817.4857373,1410222542.0
1746756817.5485287,1410497647.0
1746756817.6120272,1410772752.0
1746756817.675866,1411047857.0
1746756817.740306,1411322962.0
1746756817.8377082,1411598547.0
1746756817.89121,1411874132.0
1746756817.9443152,1412149717.0
1746756817.9977968,1412425302.0
1746756818.0516088,1412700887.0
1746756818.1058953,1412976472.0
1746756818.1603508,1413252057.0
1746756818.2151442,1413527642.0
1746756818.269614,1413803227.0
1746756818.3244388,1414078812.0
1746756818.3796108,1414354397.0
1746756818.4350936,1414629982.0
1746756818.4908674,1414905567.0
1746756818.5474772,1415181152.0
1746756818.6041045,1415456737.0
1746756818.6836672,1415732418.0
1746756818.7371898,1416008099.0
1746756818.7905855,1416283780.0
1746756818.8527617,1416559493.0
1746756818.9523356,1416835238.0
1746756819.0736694,1417111079.0
1746756819.143165,1417386920.0
1746756819.212649,1417662761.0
1746756819.2970383,1417939370.0
1746756819.3536398,1418215979.0
1746756819.410373,1418492588.0
1746756819.4670277,1418769197.0
1746756819.524012,1419045806.0
1746756819.5815961,1419322415.0
1746756819.6394477,1419599024.0
1746756819.69771,1419875633.0
1746756819.7561798,1420152242.0
1746756819.8148677,1420428851.0
1746756819.8738892,1420705460.0
1746756819.9333098,1420982069.0
1746756819.9930084,1421258678.0
1746756820.0530975,1421535287.0
1746756820.113566,1421811896.0
1746756820.1741555,1422088505.0
1746756820.2353356,1422365114.0
1746756820.29665,1422641723.0
1746756820.3581862,1422918332.0
1746756820.419699,1423194941.0
1746756820.4814708,1423471550.0
1746756820.54392,1423748159.0
1746756820.6065977,1424024768.0
1746756820.669649,1424301377.0
1746756820.7329988,1424577986.0
1746756820.8413844,1424855107.0
1746756820.8996735,1425132228.0
1746756820.9579363,1425409349.0
1746756821.0197895,1425686470.0
1746756821.076191,1425963591.0
1746756821.133101,1426240712.0
1746756821.1900103,1426517833.0
1746756821.2475095,1426794954.0
1746756821.3050928,1427072075.0
1746756821.3629112,1427349196.0
1746756821.4207304,1427626317.0
1746756821.4787471,1427903438.0
1746756821.537157,1428180559.0
1746756821.5961757,1428457680.0
1746756821.6554377,1428734801.0
1746756821.7151086,1429011922.0
1746756821.7750285,1429289043.0
1746756821.8679326,1429566324.0
1746756821.9241507,1429843605.0
1746756821.9812405,1430120886.0
1746756822.038737,1430398167.0
1746756822.0967693,1430675448.0
1746756822.1765225,1430952921.0
1746756822.2317946,1431230394.0
1746756822.2872,1431507867.0
1746756822.3429558,1431785340.0
1746756822.3986359,1432062813.0
1746756822.455027,1432340286.0
1746756822.542794,1432618399.0
1746756822.5982947,1432896512.0
1746756822.6538885,1433174625.0
1746756822.7098837,1433452738.0
1746756822.7660546,1433730851.0
1746756822.8226395,1434008964.0
1746756822.8795166,1434287077.0
1746756822.9365363,1434565190.0
1746756822.9938877,1434843303.0
1746756823.0516694,1435121416.0
1746756823.1097105,1435399529.0
1746756823.1693273,1435677642.0
1746756823.2271764,1435955755.0
1746756823.285366,1436233868.0
1746756823.3438392,1436511981.0
1746756823.4026747,1436790094.0
1746756823.4613254,1437068207.0
1746756823.5207393,1437346320.0
1746756823.5803325,1437624433.0
1746756823.6402757,1437902546.0
1746756823.7001927,1438180659.0
1746756823.7752447,1438458804.0
1746756823.8668084,1438736981.0
1746756823.9512134,1439015670.0
1746756824.0098515,1439294359.0
1746756824.0688124,1439573048.0
1746756824.1281157,1439851737.0
1746756824.1878855,1440130426.0
1746756824.2477148,1440409115.0
1746756824.307791,1440687804.0
1746756824.3676665,1440966493.0
1746756824.428496,1441245182.0
1746756824.4889998,1441523871.0
1746756824.5499122,1441802560.0
1746756824.6113622,1442081249.0
1746756824.6731794,1442359938.0
1746756824.734693,1442638627.0
1746756824.7969785,1442917316.0
1746756824.859384,1443196005.0
1746756824.9217472,1443474694.0
1746756825.0322313,1443753447.0
1746756825.092636,1444032200.0
1746756825.2307177,1444313769.0
1746756825.2896025,1444595338.0
1746756825.3503294,1444876907.0
1746756825.411025,1445158476.0
1746756825.4714913,1445440045.0
1746756825.5326889,1445721614.0
1746756825.5936258,1446003183.0
1746756825.6552553,1446284752.0
1746756825.7174299,1446566321.0
1746756825.7794547,1446847890.0
1746756825.8414092,1447129459.0
1746756825.9040322,1447411028.0
1746756825.9668474,1447692597.0
1746756826.0297372,1447974166.0
1746756826.0928833,1448255735.0
1746756826.1562848,1448537304.0
1746756826.219947,1448818873.0
1746756826.284049,1449100442.0
1746756826.3482673,1449382011.0
1746756826.412787,1449663580.0
1746756826.4772651,1449945149.0
1746756826.5423644,1450226718.0
1746756826.6073155,1450508287.0
1746756826.6728785,1450789856.0
1746756826.7386997,1451071425.0
1746756826.804945,1451352994.0
1746756826.871073,1451634563.0
1746756826.9379256,1451916132.0
1746756827.0050218,1452197701.0
1746756827.0723553,1452479270.0
1746756827.1400256,1452760839.0
1746756827.208074,1453042408.0
1746756827.2764764,1453323977.0
1746756827.345315,1453605546.0
1746756827.4143548,1453887115.0
1746756827.4837856,1454168684.0
1746756827.5530686,1454450253.0
1746756827.6227267,1454731822.0
1746756827.6924543,1455013391.0
1746756827.7626255,1455294960.0
1746756827.8331113,1455576529.0
1746756827.903994,1455858098.0
1746756827.9748726,1456139667.0
1746756828.0464935,1456421236.0
1746756828.1182144,1456702805.0
1746756828.1902356,1456984374.0
1746756828.2626445,1457265943.0
1746756828.3365793,1457547512.0
1746756828.4086006,1457829081.0
1746756828.4810612,1458110650.0
1746756828.5564651,1458392219.0
1746756828.6270304,1458673788.0
1746756828.6976223,1458955357.0
1746756828.768903,1459236926.0
1746756828.8402715,1459518495.0
1746756828.9120731,1459800064.0
1746756828.9845054,1460081633.0
1746756829.057114,1460363202.0
1746756829.1297212,1460644771.0
1746756829.2026658,1460926340.0
1746756829.275895,1461207909.0
1746756829.3492393,1461489478.0
1746756829.4230814,1461771047.0
1746756829.4975896,1462052616.0
1746756829.5721343,1462334185.0
1746756829.647012,1462615754.0
1746756829.72232,1462897323.0
1746756829.7978673,1463178892.0
1746756829.87306,1463460461.0
1746756829.9488757,1463742030.0
1746756830.0246935,1464023599.0
1746756830.1014574,1464305168.0
1746756830.1781902,1464586737.0
1746756830.255044,1464868306.0
1746756830.3317194,1465149875.0
1746756830.4092972,1465431444.0
1746756830.4870057,1465713013.0
1746756830.5651617,1465994582.0
1746756830.6435337,1466276151.0
1746756830.7222905,1466557720.0
1746756830.801333,1466839289.0
1746756830.8808658,1467120858.0
1746756830.9607053,1467402427.0
1746756831.0407884,1467683996.0
1746756831.1205719,1467965565.0
1746756831.2010942,1468247134.0
1746756831.2815967,1468528703.0
1746756831.363015,1468810272.0
1746756831.4453185,1469091841.0
1746756831.5296123,1469373410.0
1746756831.6106355,1469654979.0
1746756831.692362,1469936548.0
1746756831.7744236,1470218117.0
1746756831.8568041,1470499686.0
1746756831.9393153,1470781255.0
1746756832.0489366,1471064136.0
1746756832.1092849,1471347017.0
1746756832.169717,1471629898.0
1746756832.230411,1471912779.0
1746756832.2911248,1472195660.0
1746756832.352097,1472478541.0
1746756832.4134688,1472761422.0
1746756832.4747782,1473044303.0
1746756832.5367243,1473327184.0
1746756832.5993376,1473610065.0
1746756832.661851,1473892946.0
1746756832.7242422,1474175827.0
1746756832.7873569,1474458708.0
1746756832.8507278,1474741589.0
1746756832.9142418,1475024470.0
1746756832.9779441,1475307351.0
1746756833.0420768,1475590232.0
1746756833.1065044,1475873113.0
1746756833.171354,1476155994.0
1746756833.236302,1476438875.0
1746756833.3012872,1476721756.0
1746756833.3665235,1477004637.0
1746756833.4321234,1477287518.0
1746756833.4977448,1477570399.0
1746756833.5638769,1477853280.0
1746756833.630329,1478136161.0
1746756833.6970358,1478419042.0
1746756833.763645,1478701923.0
1746756833.8311074,1478984804.0
1746756833.898617,1479267685.0
1746756833.9663591,1479550566.0
1746756834.034502,1479833447.0
1746756834.1031322,1480116328.0
1746756834.1719794,1480399209.0
1746756834.2412233,1480682090.0
1746756834.3106792,1480964971.0
1746756834.3803692,1481247852.0
1746756834.4503317,1481530733.0
1746756834.520376,1481813614.0
1746756834.5905952,1482096495.0
1746756834.661372,1482379376.0
1746756834.7323925,1482662257.0
1746756834.8037686,1482945138.0
1746756834.874121,1483228019.0
1746756834.9447348,1483510932.0
1746756835.067504,1483793909.0
1746756835.1295414,1484076886.0
1746756835.2263916,1484360855.0
1746756835.2892296,1484644824.0
1746756835.3526192,1484928793.0
1746756835.415935,1485212762.0
1746756835.4791293,1485496731.0
1746756835.5425959,1485780700.0
1746756835.6064174,1486064669.0
1746756835.670356,1486348638.0
1746756835.7344756,1486632607.0
1746756835.7991722,1486916576.0
1746756835.8640177,1487200545.0
1746756835.9292996,1487484514.0
1746756835.9946084,1487768483.0
1746756836.060434,1488052452.0
1746756836.1267056,1488336421.0
1746756836.1929798,1488620390.0
1746756836.2597082,1488904359.0
1746756836.3268473,1489188328.0
1746756836.394402,1489472297.0
1746756836.4623408,1489756266.0
1746756836.5302994,1490040235.0
1746756836.5985634,1490324204.0
1746756836.667004,1490608173.0
1746756836.7357175,1490892142.0
1746756836.8046575,1491176111.0
1746756836.8740444,1491460080.0
1746756836.9436567,1491744049.0
1746756837.0136392,1492028018.0
1746756837.0835552,1492311987.0
1746756837.15426,1492595956.0
1746756837.2249439,1492879925.0
1746756837.2959387,1493163894.0
1746756837.3672955,1493447863.0
1746756837.4608965,1493731896.0
1746756837.5259185,1494015929.0
1746756837.6236398,1494300922.0
1746756837.6883433,1494585915.0
1746756837.753377,1494870908.0
1746756837.8188336,1495155901.0
1746756837.884497,1495440894.0
1746756837.9502518,1495725887.0
1746756838.016553,1496010880.0
1746756838.0829747,1496295873.0
1746756838.1517458,1496580866.0
1746756838.2166924,1496865859.0
1746756838.2821171,1497150852.0
1746756838.347898,1497435845.0
1746756838.4140716,1497720838.0
1746756838.4804487,1498005831.0
1746756838.5471885,1498290824.0
1746756838.614205,1498575817.0
1746756838.6816232,1498860810.0
1746756838.7491572,1499145803.0
1746756838.8168716,1499430796.0
1746756838.8848968,1499715789.0
1746756838.9527261,1500000782.0
1746756839.0211647,1500285775.0
1746756839.0907931,1500570768.0
1746756839.1596735,1500855761.0
1746756839.22901,1501140754.0
1746756839.2983136,1501425747.0
1746756839.368142,1501710740.0
1746756839.4382775,1501995733.0
1746756839.508742,1502280726.0
1746756839.5793903,1502565719.0
1746756839.650669,1502850712.0
1746756839.7223346,1503135705.0
1746756839.8493888,1503421146.0
1746756839.9142659,1503706587.0
1746756839.9789562,1503992028.0
1746756840.0438695,1504277469.0
1746756840.1092012,1504562910.0
1746756840.174827,1504848351.0
1746756840.2407258,1505133792.0
1746756840.3084688,1505419233.0
1746756840.3738434,1505704674.0
1746756840.4392045,1505990115.0
1746756840.5052109,1506275556.0
1746756840.5714452,1506560997.0
1746756840.6380146,1506846438.0
1746756840.7048638,1507131879.0
1746756840.7736201,1507417320.0
1746756840.8515694,1507702953.0
1746756840.9150383,1507988586.0
1746756840.978321,1508274219.0
1746756841.0418744,1508559852.0
1746756841.1057713,1508845485.0
1746756841.1699338,1509131118.0
1746756841.2727702,1509417583.0
1746756841.3364425,1509704048.0
1746756841.4009812,1509990513.0
1746756841.464732,1510276978.0
1746756841.5283132,1510563443.0
1746756841.5927348,1510849908.0
1746756841.6572464,1511136373.0
1746756841.7219918,1511422838.0
1746756841.7871184,1511709303.0
1746756841.8527505,1511995768.0
1746756841.9184637,1512282233.0
1746756841.9847357,1512568698.0
1746756842.0511262,1512855163.0
1746756842.117786,1513141628.0
1746756842.1850126,1513428093.0
1746756842.2520406,1513714558.0
1746756842.3193138,1514001023.0
1746756842.387005,1514287488.0
1746756842.4548721,1514573953.0
1746756842.5231807,1514860418.0
1746756842.5913386,1515146883.0
1746756842.6601117,1515433348.0
1746756842.7292676,1515719813.0
1746756842.798831,1516006278.0
1746756842.868282,1516292743.0
1746756842.9377196,1516579208.0
1746756843.0077202,1516865673.0
1746756843.0785427,1517152138.0
1746756843.157322,1517438635.0
1746756843.3033772,1517725388.0
1746756843.3678467,1518012141.0
1746756843.4328609,1518298894.0
1746756843.4980593,1518585647.0
1746756843.5634544,1518872400.0
1746756843.6290836,1519159153.0
1746756843.694852,1519445906.0
1746756843.7607539,1519732659.0
1746756843.87091,1520020276.0
1746756843.9358294,1520307893.0
1746756844.0012772,1520595510.0
1746756844.067029,1520883127.0
1746756844.1328928,1521170744.0
1746756844.1991248,1521458361.0
1746756844.2657979,1521745978.0
1746756844.3324826,1522033595.0
1746756844.3995025,1522321212.0
1746756844.466715,1522608829.0
1746756844.5341241,1522896446.0
1746756844.6019857,1523184063.0
1746756844.670142,1523471680.0
1746756844.7386217,1523759297.0
1746756844.8072405,1524046914.0
1746756844.875946,1524334531.0
1746756844.945234,1524622148.0
1746756845.0147443,1524909765.0
1746756845.0845814,1525197382.0
1746756845.1551707,1525484999.0
1746756845.2250977,1525772616.0
1746756845.2954173,1526060233.0
1746756845.3661287,1526347850.0
1746756845.4375355,1526635467.0
1746756845.5085301,1526923084.0
1746756845.5800402,1527210701.0
1746756845.651222,1527498318.0
1746756845.7232037,1527785935.0
1746756845.7953107,1528073552.0
1746756845.8974292,1528361649.0
1746756845.963609,1528649746.0
1746756846.0299845,1528937843.0
1746756846.095815,1529225940.0
1746756846.1620433,1529514037.0
1746756846.2289557,1529802134.0
1746756846.295989,1530090231.0
1746756846.3638425,1530378328.0
1746756846.432021,1530666425.0
1746756846.500607,1530954522.0
1746756846.5695112,1531242619.0
1746756846.6383364,1531530716.0
1746756846.70733,1531818813.0
1746756846.776728,1532106910.0
1746756846.8461685,1532395007.0
1746756846.9159672,1532683104.0
1746756846.998748,1532971233.0
1746756847.1075253,1533260290.0
1746756847.1740873,1533549347.0
1746756847.2410336,1533838404.0
1746756847.307859,1534127461.0
1746756847.3754623,1534416518.0
1746756847.443313,1534705575.0
1746756847.5114384,1534994632.0
1746756847.5800128,1535283689.0
1746756847.6490104,1535572746.0
1746756847.7183883,1535861803.0
1746756847.7876675,1536150860.0
1746756847.857312,1536439917.0
1746756847.9267154,1536728974.0
1746756847.9987774,1537018031.0
1746756848.0679364,1537307088.0
1746756848.137248,1537596145.0
1746756848.2067626,1537885202.0
1746756848.2761924,1538174259.0
1746756848.3461492,1538463316.0
1746756848.4164076,1538752373.0
1746756848.4870775,1539041430.0
1746756848.5582144,1539330487.0
1746756848.6294825,1539619544.0
1746756848.7011995,1539908601.0
1746756848.7734194,1540197658.0
1746756848.8450692,1540486715.0
1746756848.9173315,1540775772.0
1746756848.990093,1541064829.0
1746756849.062013,1541353886.0
1746756849.134512,1541642943.0
1746756849.20723,1541932000.0
1746756849.3410473,1542222753.0
1746756849.4070237,1542513506.0
1746756849.4723663,1542804259.0
1746756849.5381532,1543095012.0
1746756849.6042428,1543385765.0
1746756849.6707246,1543676518.0
1746756849.7377856,1543967271.0
1746756849.8053224,1544258024.0
1746756849.8730862,1544548777.0
1746756849.9419131,1544839530.0
1746756850.0101397,1545130283.0
1746756850.078039,1545421036.0
1746756850.1462467,1545711789.0
1746756850.214498,1546002542.0
1746756850.283308,1546293295.0
1746756850.3524015,1546584048.0
1746756850.4219398,1546874801.0
1746756850.4914768,1547165554.0
1746756850.561017,1547456307.0
1746756850.631132,1547747060.0
1746756850.7015545,1548037813.0
1746756850.7723186,1548328566.0
1746756850.8434305,1548619319.0
1746756850.9147484,1548910072.0
1746756850.9862547,1549200825.0
1746756851.058323,1549491578.0
1746756851.1305685,1549782331.0
1746756851.2030597,1550073084.0
1746756851.2769334,1550363837.0
1746756851.3506024,1550654590.0
1746756851.4247758,1550945343.0
1746756851.4948838,1551236096.0
1746756851.565566,1551526849.0
1746756851.636345,1551817602.0
1746756851.7067752,1552108355.0
1746756851.7777367,1552399108.0
1746756851.8489163,1552689861.0
1746756851.9206786,1552980614.0
1746756851.9926643,1553271367.0
1746756852.0649,1553562120.0
1746756852.1372917,1553852873.0
1746756852.2102597,1554143626.0
1746756852.2833216,1554434379.0
1746756852.3566453,1554725132.0
1746756852.4302976,1555015885.0
1746756852.5040011,1555306638.0
1746756852.5783904,1555597391.0
1746756852.652907,1555888144.0
1746756852.7282596,1556178897.0
1746756852.8032146,1556469650.0
1746756852.8781054,1556760403.0
1746756852.9534185,1557051156.0
1746756853.0301614,1557341909.0
1746756853.1058536,1557632662.0
1746756853.1818998,1557923415.0
1746756853.2581136,1558214168.0
1746756853.408003,1558506649.0
1746756853.4711187,1558799130.0
1746756853.5347502,1559091611.0
1746756853.599349,1559384092.0
1746756853.662346,1559676573.0
1746756853.7238343,1559969054.0
1746756853.786009,1560261535.0
1746756853.8480463,1560554016.0
1746756853.910863,1560846497.0
1746756853.974049,1561138978.0
1746756854.0368938,1561431459.0
1746756854.1025546,1561723940.0
1746756854.1639662,1562016421.0
1746756854.2275674,1562308902.0
1746756854.2899086,1562601383.0
1746756854.3520463,1562893864.0
1746756854.4144855,1563186345.0
1746756854.4779656,1563478826.0
1746756854.5410824,1563771307.0
1746756854.6044366,1564063788.0
1746756854.6677303,1564356269.0
1746756854.73169,1564648750.0
1746756854.7959633,1564941231.0
1746756854.8600874,1565233712.0
1746756854.9246533,1565526193.0
1746756854.9928634,1565818674.0
1746756855.0553997,1566111155.0
1746756855.1183841,1566403636.0
1746756855.1818078,1566696117.0
1746756855.245729,1566988598.0
1746756855.3099577,1567281079.0
1746756855.3743334,1567573560.0
1746756855.438702,1567866041.0
1746756855.5039632,1568158522.0
1746756855.5696769,1568451003.0
1746756855.6354473,1568743484.0
1746756855.7012937,1569035965.0
1746756855.7669055,1569328446.0
1746756855.8332345,1569620927.0
1746756855.899561,1569913408.0
1746756855.9666197,1570205889.0
1746756856.0338967,1570498370.0
1746756856.1012626,1570790851.0
1746756856.1690853,1571083332.0
1746756856.2371922,1571375813.0
1746756856.3055623,1571668294.0
1746756856.374386,1571960775.0
1746756856.4434834,1572253256.0
1746756856.5126364,1572545737.0
1746756856.5824547,1572838218.0
1746756856.6525292,1573130699.0
1746756856.7227755,1573423180.0
1746756856.793088,1573715661.0
1746756856.8637085,1574008142.0
1746756856.935354,1574300623.0
1746756857.0064132,1574593104.0
1746756857.1275349,1574885777.0
1746756857.1918457,1575178450.0
1746756857.261107,1575471123.0
1746756857.3224676,1575763796.0
1746756857.384422,1576056469.0
1746756857.4467943,1576349142.0
1746756857.5118852,1576641847.0
1746756857.5761275,1576934776.0
1746756857.6297195,1577227705.0
1746756857.6838534,1577520634.0
1746756857.7344017,1577813563.0
1746756857.7856019,1578106492.0
1746756857.8372583,1578399421.0
1746756857.888713,1578692350.0
1746756858.028953,1578985343.0
1746756858.0802884,1579278336.0
1746756858.1432533,1579571361.0
1746756858.2901733,1579866018.0
1746756858.346441,1580160675.0
1746756858.4030848,1580455332.0
1746756858.4613068,1580749989.0
1746756858.5168521,1581044646.0
1746756858.5731702,1581339303.0
1746756858.6296172,1581633960.0
1746756858.6859422,1581928617.0
1746756858.7435427,1582223274.0
1746756858.8003793,1582517931.0
1746756858.858401,1582812588.0
1746756858.9151456,1583107245.0
1746756858.9721835,1583401902.0
1746756859.0296798,1583696559.0
1746756859.087281,1583991216.0
1746756859.1456296,1584285873.0
1746756859.2039955,1584580530.0
1746756859.2629378,1584875187.0
1746756859.3219829,1585169844.0
1746756859.3811562,1585464501.0
1746756859.4407585,1585759158.0
1746756859.50067,1586053815.0
1746756859.5603673,1586348472.0
1746756859.6205456,1586643129.0
1746756859.681313,1586937786.0
1746756859.7452374,1587232443.0
1746756859.8037164,1587527100.0
1746756859.8627481,1587821757.0
1746756859.9218135,1588116414.0
1746756859.981518,1588411071.0
1746756860.041367,1588705728.0
1746756860.1021078,1589000385.0
1746756860.1627014,1589295042.0
1746756860.2231562,1589589699.0
1746756860.284611,1589884356.0
1746756860.3462238,1590179013.0
1746756860.4082384,1590473670.0
1746756860.4704537,1590768327.0
1746756860.5325055,1591062984.0
1746756860.5954568,1591357641.0
1746756860.6580677,1591652298.0
1746756860.7206438,1591946955.0
1746756860.7839973,1592241612.0
1746756860.8475425,1592536269.0
1746756860.9110746,1592830926.0
1746756860.9751894,1593125583.0
1746756861.0393558,1593420240.0
1746756861.1043777,1593714897.0
1746756861.1694674,1594009554.0
1746756861.234567,1594304211.0
1746756861.3004491,1594598868.0
1746756861.3664777,1594893525.0
1746756861.432925,1595188182.0
1746756861.509171,1595482871.0
1746756861.6738036,1595783256.0
1746756861.7259185,1596083641.0
1746756861.7782316,1596384026.0
1746756861.8315501,1596684411.0
1746756861.88767,1596984796.0
1746756861.9408572,1597285181.0
1746756861.9940045,1597585566.0
1746756862.047598,1597885951.0
1746756862.1011035,1598186336.0
1746756862.1552272,1598486721.0
1746756862.2096703,1598787106.0
1746756862.2641146,1599087491.0
1746756862.3193946,1599387876.0
1746756862.3742445,1599688261.0
1746756862.4297419,1599988646.0
1746756862.4854712,1600289031.0
1746756862.541073,1600589416.0
1746756862.5970592,1600889801.0
1746756862.653546,1601190186.0
1746756862.7101054,1601490571.0
1746756862.7673512,1601790956.0
1746756862.8248498,1602091341.0
1746756862.882394,1602391726.0
1746756862.9402773,1602692111.0
1746756862.9985871,1602992496.0
1746756863.0575771,1603292881.0
1746756863.1168234,1603593266.0
1746756863.1795104,1603893651.0
1746756863.2370412,1604194036.0
1746756863.2946832,1604494421.0
1746756863.3527837,1604794806.0
1746756863.4110906,1605095191.0
1746756863.4692914,1605395576.0
1746756863.5280688,1605695961.0
1746756863.5875213,1605996346.0
1746756863.6469755,1606296731.0
1746756863.7068684,1606597116.0
1746756863.7670996,1606897501.0
1746756863.8270943,1607197886.0
1746756863.8874605,1607498271.0
1746756863.9481149,1607798656.0
1746756864.0095992,1608099041.0
1746756864.0714138,1608399426.0
1746756864.1333723,1608699811.0
1746756864.1957664,1609000196.0
1746756864.258404,1609300581.0
1746756864.3214214,1609600966.0
1746756864.3848612,1609901351.0
1746756864.4482741,1610201736.0
1746756864.5120583,1610502121.0
1746756864.5766425,1610802506.0
1746756864.6410763,1611102891.0
1746756864.7061138,1611403276.0
1746756864.7714102,1611703661.0
1746756864.8367848,1612004046.0
1746756864.9023774,1612304431.0
1746756864.9690163,1612604816.0
1746756865.0355022,1612905201.0
1746756865.102154,1613205586.0
1746756865.1687949,1613505971.0
1746756865.236337,1613806356.0
1746756865.3040001,1614106741.0
1746756865.3722298,1614407126.0
1746756865.4405708,1614707511.0
1746756865.5088892,1615007896.0
1746756865.5774086,1615308281.0
1746756865.6466885,1615608666.0
1746756865.7158992,1615909051.0
1746756865.786023,1616209436.0
1746756865.8561394,1616509821.0
1746756865.9261992,1616810206.0
1746756865.9966357,1617110591.0
1746756866.0674062,1617410976.0
1746756866.139128,1617711361.0
1746756866.2109973,1618011746.0
1746756866.282867,1618312131.0
1746756866.3554556,1618612516.0
1746756866.4281704,1618912901.0
1746756866.5012786,1619213286.0
1746756866.5748346,1619513671.0
1746756866.6481988,1619814056.0
1746756866.721837,1620114441.0
1746756866.796315,1620414826.0
1746756866.870622,1620715211.0
1746756866.9457116,1621015596.0
1746756867.0208786,1621315981.0
1746756867.0963318,1621616366.0
1746756867.1719637,1621916751.0
1746756867.248075,1622217136.0
1746756867.324884,1622517521.0
1746756867.401891,1622817906.0
1746756867.4788125,1623118291.0
1746756867.5565114,1623418676.0
1746756867.634427,1623719061.0
1746756867.7130053,1624019446.0
1746756867.791483,1624319831.0
1746756867.8697903,1624620216.0
1746756867.9482872,1624920601.0
1746756868.0276148,1625220986.0
1746756868.1067626,1625521371.0
1746756868.1866548,1625821756.0
1746756868.266879,1626122141.0
1746756868.347022,1626422526.0
1746756868.4276028,1626722911.0
1746756868.5084753,1627023296.0
1746756868.5901744,1627323681.0
1746756868.6723917,1627624066.0
1746756868.7543507,1627924451.0
1746756868.8371868,1628224836.0
1746756868.9203072,1628525221.0
1746756869.003877,1628825606.0
1746756869.0892537,1629125991.0
1746756869.1713502,1629426376.0
1746756869.253705,1629726761.0
1746756869.3368514,1630027146.0
1746756869.4206574,1630327531.0
1746756869.5054634,1630627916.0
1746756869.590203,1630928301.0
1746756869.6749752,1631228686.0
1746756869.7600772,1631529071.0
1746756869.8452225,1631829456.0
1746756869.9315755,1632129841.0
1746756870.0183427,1632430226.0
1746756870.105281,1632730611.0
1746756870.1926932,1633030996.0
1746756870.2803385,1633331381.0
1746756870.3678732,1633631766.0
1746756870.4557118,1633932151.0
1746756870.5431383,1634232536.0
1746756870.6314104,1634532921.0
1746756870.7201545,1634833306.0
1746756870.8084905,1635133691.0
1746756870.8982542,1635434076.0
1746756870.9876935,1635734461.0
1746756871.0774574,1636034846.0
1746756871.1673698,1636335231.0
1746756871.257676,1636635616.0
1746756871.3484592,1636936001.0
1746756871.4397001,1637236386.0
1746756871.5310233,1637536771.0
1746756871.622984,1637837156.0
1746756871.71513,1638137541.0
1746756871.8075416,1638437926.0
1746756871.90057,1638738311.0
1746756871.9932613,1639038696.0
1746756872.0861347,1639339081.0
1746756872.1799726,1639639466.0
1746756872.2737682,1639939851.0
1746756872.368265,1640240236.0
1746756872.463374,1640540621.0
1746756872.557979,1640841006.0
1746756872.6532815,1641141391.0
1746756872.7487476,1641441776.0
1746756872.8452904,1641742161.0
1746756872.9418347,1642042546.0
1746756873.0384183,1642342931.0
1746756873.1358905,1642643316.0
1746756873.2332537,1642943701.0
1746756873.331113,1643244086.0
1746756873.4292555,1643544471.0
1746756873.5278065,1643844856.0
1746756873.6263545,1644145241.0
1746756873.7257679,1644445626.0
1746756873.8251035,1644746011.0
1746756873.9248326,1645046396.0
1746756874.0249565,1645346781.0
1746756874.1251261,1645647166.0
1746756874.2254987,1645947551.0
1746756874.3266988,1646247936.0
1746756874.4280508,1646548321.0
1746756874.5300648,1646848706.0
1746756874.6315854,1647149091.0
1746756874.7340293,1647449476.0
1746756874.8366458,1647749861.0
1746756874.939855,1648050246.0
1746756875.0433807,1648350631.0
1746756875.1468515,1648651016.0
1746756875.2510245,1648951401.0
1746756875.3553095,1649251786.0
1746756875.4595997,1649552171.0
1746756875.5646143,1649852556.0
1746756875.6698666,1650152941.0
1746756875.7772257,1650453326.0
1746756875.8809123,1650753711.0
1746756876.1363833,1651054096.0
1746756876.202458,1651354993.0
1746756876.2573745,1651655890.0
1746756876.3125112,1651956787.0
1746756876.3684237,1652257684.0
1746756876.4247508,1652558581.0
1746756876.4814274,1652859478.0
1746756876.538325,1653160375.0
1746756876.5950341,1653461272.0
1746756876.6520257,1653762169.0
1746756876.709674,1654063066.0
1746756876.7672963,1654363963.0
1746756876.8255377,1654664860.0
1746756876.8841608,1654965757.0
1746756876.9427438,1655266654.0
1746756877.0015895,1655567551.0
1746756877.0607927,1655868448.0
1746756877.1443658,1656169505.0
1746756877.2012677,1656470562.0
1746756877.2574933,1656771619.0
1746756877.314277,1657072676.0
1746756877.371464,1657373733.0
1746756877.4533968,1657675462.0
1746756877.5097463,1657977191.0
1746756877.5658083,1658278920.0
1746756877.6221511,1658580649.0
1746756877.6800284,1658882378.0
1746756877.7372794,1659184107.0
1746756877.7951832,1659485836.0
1746756877.853267,1659787565.0
1746756877.9113328,1660089294.0
1746756877.96966,1660391023.0
1746756878.0283241,1660692752.0
1746756878.0877497,1660994481.0
1746756878.1475902,1661296210.0
1746756878.207391,1661597939.0
1746756878.2677557,1661899668.0
1746756878.3284855,1662201397.0
1746756878.3896713,1662503126.0
1746756878.4509928,1662804855.0
1746756878.5123627,1663106584.0
1746756878.5863671,1663408313.0
1746756878.6398082,1663710042.0
1746756878.728814,1664012027.0
1746756878.7782352,1664314012.0
1746756878.827333,1664615997.0
1746756878.8763714,1664917982.0
1746756878.9257376,1665219967.0
1746756878.9759607,1665521952.0
1746756879.0264165,1665823937.0
1746756879.077221,1666125922.0
1746756879.2165093,1666431395.0
1746756879.2650065,1666736868.0
1746756879.3138227,1667042341.0
1746756879.3638148,1667347814.0
1746756879.4138646,1667653287.0
1746756879.4646728,1667958760.0
1746756879.515104,1668264233.0
1746756879.566015,1668569706.0
1746756879.6182199,1668875179.0
1746756879.6692116,1669180652.0
1746756879.7207384,1669486125.0
1746756879.7721832,1669791598.0
1746756879.8238559,1670097071.0
1746756879.876399,1670402544.0
1746756879.9292166,1670708017.0
1746756879.9822676,1671013490.0
1746756880.0355718,1671318963.0
1746756880.0888817,1671624436.0
1746756880.1423998,1671929909.0
1746756880.1967793,1672235382.0
1746756880.2514515,1672540855.0
1746756880.3062935,1672846328.0
1746756880.3609562,1673151801.0
1746756880.4163263,1673457274.0
1746756880.4720123,1673762747.0
1746756880.5278258,1674068220.0
1746756880.584117,1674373693.0
1746756880.640325,1674679166.0
1746756880.6965835,1674984639.0
1746756880.7537234,1675290112.0
1746756880.8108084,1675595585.0
1746756880.8685827,1675901058.0
1746756880.926259,1676206531.0
1746756880.9846637,1676512004.0
1746756881.0429676,1676817477.0
1746756881.1023233,1677122950.0
1746756881.162238,1677428423.0
1746756881.2206929,1677733896.0
1746756881.2792728,1678039369.0
1746756881.3387666,1678344842.0
1746756881.3985653,1678650315.0
1746756881.4585385,1678955788.0
1746756881.5187433,1679261261.0
1746756881.5788805,1679566734.0
1746756881.6392503,1679872207.0
1746756881.7003756,1680177680.0
1746756881.7612336,1680483153.0
1746756881.8228965,1680788626.0
1746756881.8844423,1681094099.0
1746756881.9467335,1681399572.0
1746756882.0091205,1681705045.0
1746756882.0724132,1682010518.0
1746756882.135729,1682315991.0
1746756882.1993923,1682621464.0
1746756882.2629411,1682926937.0
1746756882.3272464,1683232410.0
1746756882.391889,1683537883.0
1746756882.457001,1683843356.0
1746756882.5222347,1684148829.0
1746756882.5874848,1684454302.0
1746756882.6531181,1684759775.0
1746756882.7195141,1685065248.0
1746756882.786149,1685370721.0
1746756882.8524673,1685676194.0
1746756882.9190972,1685981667.0
1746756882.9860198,1686287140.0
1746756883.0532334,1686592613.0
1746756883.1211233,1686898086.0
1746756883.1892688,1687203559.0
1746756883.2578168,1687509032.0
1746756883.3262644,1687814505.0
1746756883.3954897,1688119978.0
1746756883.464958,1688425451.0
1746756883.5348532,1688730924.0
1746756883.605049,1689036397.0
1746756883.6752255,1689341870.0
1746756883.7457232,1689647343.0
1746756883.8169305,1689952816.0
1746756883.8880568,1690258289.0
1746756883.9599938,1690563762.0
1746756884.0316226,1690869235.0
1746756884.103974,1691174708.0
1746756884.1764133,1691480181.0
1746756884.2496197,1691785654.0
1746756884.3230374,1692091127.0
1746756884.3967917,1692396600.0
1746756884.4705365,1692702073.0
1746756884.5449376,1693007546.0
1746756884.6196105,1693313019.0
1746756884.694473,1693618492.0
1746756884.7698112,1693923965.0
1746756884.8452945,1694229438.0
1746756884.9214387,1694534911.0
1746756884.9976933,1694840384.0
1746756885.0739954,1695145857.0
1746756885.1511302,1695451330.0
1746756885.2282114,1695756803.0
1746756885.3060575,1696062276.0
1746756885.3842227,1696367749.0
1746756885.4629753,1696673222.0
1746756885.541798,1696978695.0
1746756885.6208415,1697284168.0
1746756885.7012484,1697589641.0
1746756885.7795947,1697895114.0
1746756885.8585813,1698200587.0
1746756885.9379835,1698506060.0
1746756886.0181072,1698811533.0
1746756886.0982985,1699117006.0
1746756886.1785371,1699422479.0
1746756886.259567,1699727952.0
1746756886.3406277,1700033425.0
1746756886.4225166,1700338898.0
1746756886.55333,1700644403.0
1746756886.6520915,1700949940.0
1746756886.773655,1701256693.0
1746756886.8290727,1701563446.0
1746756886.8845289,1701870199.0
1746756886.939674,1702176952.0
1746756886.9956062,1702483705.0
1746756887.0527587,1702790458.0
1746756887.1100614,1703097211.0
1746756887.167947,1703403964.0
1746756887.2262633,1703710717.0
1746756887.284335,1704017470.0
1746756887.342924,1704324223.0
1746756887.4021237,1704630976.0
1746756887.461314,1704937729.0
1746756887.5213354,1705244482.0
1746756887.5815892,1705551235.0
1746756887.64221,1705857988.0
1746756887.7036223,1706164741.0
1746756887.7654498,1706471494.0
1746756887.828795,1706778247.0
1746756887.8904338,1707085000.0
1746756887.9522476,1707391753.0
1746756888.0141883,1707698506.0
1746756888.0762076,1708005259.0
1746756888.1384842,1708312012.0
1746756888.2023907,1708618765.0
1746756888.2654684,1708925518.0
1746756888.3286839,1709232271.0
1746756888.3924708,1709539024.0
1746756888.4559839,1709845777.0
1746756888.519752,1710152530.0
1746756888.5838215,1710459283.0
1746756888.6485732,1710766036.0
1746756888.7134075,1711072789.0
1746756888.7788236,1711379542.0
1746756888.844519,1711686295.0
1746756888.9106066,1711993048.0
1746756888.9769225,1712299801.0
1746756889.0436711,1712606554.0
1746756889.1105995,1712913307.0
1746756889.1920404,1713220188.0
1746756889.2503748,1713527069.0
1746756889.3077106,1713833950.0
1746756889.3653677,1714140831.0
1746756889.4545393,1714448096.0
1746756889.5121124,1714755361.0
1746756889.5693285,1715062626.0
1746756889.6269693,1715369891.0
1746756889.685352,1715677156.0
1746756889.7440648,1715984421.0
1746756889.8032253,1716291686.0
1746756889.8625524,1716598951.0
1746756889.922336,1716906216.0
1746756889.9822626,1717213481.0
1746756890.0426855,1717520746.0
1746756890.1033225,1717828011.0
1746756890.1858826,1718135340.0
1746756890.245288,1718442669.0
1746756890.3149366,1718750158.0
1746756890.3732862,1719057647.0
1746756890.431899,1719365136.0
1746756890.491239,1719672625.0
1746756890.5504205,1719980114.0
1746756890.6205444,1720287635.0
1746756890.7075655,1720596020.0
1746756890.7668245,1720904405.0
1746756890.83458,1721212790.0
1746756890.889049,1721521175.0
1746756890.9440763,1721829560.0
1746756890.999346,1722137945.0
1746756891.0550196,1722446330.0
1746756891.1107368,1722754715.0
1746756891.1665769,1723063100.0
1746756891.2228098,1723371485.0
1746756891.2790303,1723679870.0
1746756891.335431,1723988255.0
1746756891.392569,1724296640.0
1746756891.4500241,1724605025.0
1746756891.507733,1724913410.0
1746756891.5657523,1725221795.0
1746756891.6236053,1725530180.0
1746756891.681831,1725838565.0
1746756891.7402682,1726146950.0
1746756891.7988935,1726455335.0
1746756891.8579662,1726763720.0
1746756891.9173176,1727072105.0
1746756891.9772344,1727380490.0
1746756892.037456,1727688875.0
1746756892.0977004,1727997260.0
1746756892.1579878,1728305645.0
1746756892.218293,1728614030.0
1746756892.278869,1728922415.0
1746756892.3734398,1729230832.0
1746756892.479937,1729539633.0
1746756892.5348976,1729848434.0
1746756892.5901365,1730157235.0
1746756892.6457858,1730466036.0
1746756892.7020588,1730774837.0
1746756892.7583869,1731083638.0
1746756892.8144233,1731392439.0
1746756892.8711047,1731701240.0
1746756892.9279406,1732010041.0
1746756892.985227,1732318842.0
1746756893.0425918,1732627643.0
1746756893.1002376,1732936444.0
1746756893.1825254,1733245373.0
1746756893.237723,1733554302.0
1746756893.293094,1733863231.0
1746756893.349204,1734172160.0
1746756893.4157956,1734481121.0
1746756893.479335,1734790114.0
1746756893.5798726,1735099363.0
1746756893.6374118,1735408612.0
1746756893.6955492,1735717861.0
1746756893.753407,1736027110.0
1746756893.810533,1736336359.0
1746756893.8696654,1736645608.0
1746756893.9286869,1736954857.0
1746756893.986156,1737264106.0
1746756894.1077332,1737575211.0
1746756894.1647906,1737886316.0
1746756894.222565,1738197421.0
1746756894.2803378,1738508526.0
1746756894.338385,1738819631.0
1746756894.3972507,1739130736.0
1746756894.4562707,1739441841.0
1746756894.5149858,1739752946.0
1746756894.573959,1740064051.0
1746756894.6336806,1740375156.0
1746756894.6938083,1740686261.0
1746756894.754169,1740997366.0
1746756894.8151462,1741308471.0
1746756894.875781,1741619576.0
1746756894.9363828,1741930681.0
1746756894.9973722,1742241786.0
1746756895.059807,1742552891.0
1746756895.120256,1742863996.0
1746756895.1812084,1743175101.0
1746756895.242241,1743486206.0
1746756895.304516,1743797311.0
1746756895.366223,1744108416.0
1746756895.428385,1744419521.0
1746756895.4903975,1744730626.0
1746756895.5526514,1745041731.0
1746756895.6155488,1745352836.0
1746756895.6791124,1745663941.0
1746756895.7426107,1745975046.0
1746756895.80619,1746286151.0
1746756895.8701909,1746597256.0
1746756895.9343824,1746908361.0
1746756895.9989593,1747219466.0
1746756896.063706,1747530571.0
1746756896.128581,1747841676.0
1746756896.1937983,1748152781.0
1746756896.259084,1748463886.0
1746756896.3245232,1748774991.0
1746756896.3905845,1749086096.0
1746756896.4569988,1749397201.0
1746756896.5234919,1749708306.0
1746756896.590191,1750019411.0
1746756896.6575465,1750330516.0
1746756896.7252307,1750641621.0
1746756896.7933116,1750952726.0
1746756896.8615916,1751263831.0
1746756896.9481912,1751574936.0
1746756897.017069,1751886041.0
1746756897.0862439,1752197146.0
1746756897.1555033,1752508251.0
1746756897.2249782,1752819356.0
1746756897.2948506,1753130461.0
1746756897.3648071,1753441566.0
1746756897.4350142,1753752671.0
1746756897.5059557,1754063776.0
1746756897.5808425,1754374881.0
1746756897.6498928,1754685986.0
1746756897.7192147,1754997091.0
1746756897.7890265,1755308196.0
1746756897.8595793,1755619301.0
1746756897.9305592,1755930406.0
1746756898.0016184,1756241511.0
1746756898.0732992,1756552616.0
1746756898.13855,1756863785.0
1746756898.1949005,1757174954.0
1746756898.2791615,1757486155.0
1746756898.3837664,1757798764.0
1746756898.441218,1758111373.0
1746756898.4990442,1758423982.0
1746756898.5567954,1758736591.0
1746756898.6151462,1759049200.0
1746756898.6736598,1759361809.0
1746756898.7320247,1759674418.0
1746756898.7908802,1759987027.0
1746756898.852048,1760299636.0
1746756898.9095407,1760612245.0
1746756898.9674304,1760924854.0
1746756899.0254755,1761237463.0
1746756899.0839908,1761550072.0
1746756899.142605,1761862681.0
1746756899.2017448,1762175290.0
1746756899.2609758,1762487899.0
1746756899.320251,1762800508.0
1746756899.3798046,1763113117.0
1746756899.4398348,1763425726.0
1746756899.4997954,1763738335.0
1746756899.5608122,1764050944.0
1746756899.621688,1764363553.0
1746756899.6834288,1764676162.0
1746756899.7448661,1764988771.0
1746756899.8047764,1765301380.0
1746756899.8654337,1765613989.0
1746756899.9265416,1765926598.0
1746756899.987699,1766239207.0
1746756900.0503957,1766551816.0
1746756900.1143687,1766864425.0
1746756900.1764805,1767177034.0
1746756900.23871,1767489643.0
1746756900.301305,1767802252.0
1746756900.36439,1768114861.0
1746756900.4278002,1768427470.0
1746756900.4910073,1768740079.0
1746756900.5550976,1769052688.0
1746756900.6195264,1769365297.0
1746756900.6837769,1769677906.0
1746756900.7481024,1769990515.0
1746756900.8132446,1770303124.0
1746756900.8789248,1770615733.0
1746756900.9448855,1770928342.0
1746756901.0111184,1771240951.0
1746756901.077918,1771553560.0
1746756901.1440506,1771866169.0
1746756901.2892916,1772178874.0
1746756901.3600085,1772491579.0
1746756901.4308007,1772804284.0
1746756901.5078938,1773117405.0
1746756901.5658455,1773430526.0
1746756901.623949,1773743647.0
1746756901.682565,1774056768.0
1746756901.7413743,1774369889.0
1746756901.8003783,1774683010.0
1746756901.8594759,1774996131.0
1746756901.9191773,1775309252.0
1746756901.9793906,1775622373.0
1746756902.0398521,1775935494.0
1746756902.100114,1776248615.0
1746756902.1612046,1776561736.0
1746756902.2222316,1776874857.0
1746756902.3364465,1777188906.0
1746756902.3954203,1777502955.0
1746756902.4545505,1777817004.0
1746756902.5137951,1778131053.0
1746756902.5732262,1778445102.0
1746756902.6336465,1778759151.0
1746756902.6931918,1779073200.0
1746756902.753237,1779387249.0
1746756902.813748,1779701298.0
1746756902.874097,1780015347.0
1746756902.9576848,1780329396.0
1746756903.018991,1780643445.0
1746756903.0803654,1780957494.0
1746756903.1415532,1781271543.0
1746756903.2036402,1781585592.0
1746756903.2658122,1781899641.0
1746756903.3283288,1782213690.0
1746756903.394087,1782527739.0
1746756903.4542286,1782841788.0
1746756903.5148222,1783155837.0
1746756903.5759501,1783469886.0
1746756903.6374712,1783783935.0
1746756903.6987553,1784097984.0
1746756903.7608423,1784412033.0
1746756903.822801,1784726082.0
1746756903.8850718,1785040131.0
1746756903.9480696,1785354180.0
1746756904.0114539,1785668229.0
1746756904.0751429,1785982278.0
1746756904.1386805,1786296327.0
1746756904.2959344,1786610408.0
1746756904.3621676,1786924521.0
1746756904.442364,1787239178.0
1746756904.5010731,1787553835.0
1746756904.559554,1787868492.0
1746756904.6187456,1788183149.0
1746756904.6781602,1788497806.0
1746756904.737977,1788812463.0
1746756904.7974648,1789127120.0
1746756904.8581316,1789441777.0
1746756904.9184794,1789756434.0
1746756904.979215,1790071091.0
1746756905.0407364,1790385748.0
1746756905.1025157,1790700405.0
1746756905.1646678,1791015062.0
1746756905.2265766,1791329719.0
1746756905.2894735,1791644376.0
1746756905.3523943,1791959033.0
1746756905.4155984,1792273690.0
1746756905.4791162,1792588347.0
1746756905.579696,1792904060.0
1746756905.639707,1793219773.0
1746756905.699544,1793535486.0
1746756905.759382,1793851199.0
1746756905.8194075,1794166912.0
1746756905.8803585,1794482625.0
1746756905.9409614,1794798338.0
1746756906.001815,1795114051.0
1746756906.0634296,1795429764.0
1746756906.1254601,1795745477.0
1746756906.1877346,1796061190.0
1746756906.249788,1796376903.0
1746756906.3125172,1796692616.0
1746756906.3755922,1797008329.0
1746756906.4382617,1797324042.0
1746756906.5011208,1797639755.0
1746756906.563996,1797955468.0
1746756906.6285317,1798271181.0
1746756906.69148,1798586894.0
1746756906.7547958,1798902607.0
1746756906.8178482,1799218320.0
1746756906.8818402,1799534033.0
1746756906.9455798,1799849746.0
1746756907.0095816,1800165459.0
1746756907.0742521,1800481172.0
1746756907.1393476,1800796885.0
1746756907.204726,1801112598.0
1746756907.2699463,1801428311.0
1746756907.3359883,1801744024.0
1746756907.4020975,1802059737.0
1746756907.4685638,1802375450.0
1746756907.5353405,1802691163.0
1746756907.6021013,1803006876.0
1746756907.6696653,1803322589.0
1746756907.737386,1803638302.0
1746756907.84728,1803955231.0
1746756907.9068468,1804272160.0
1746756907.9668539,1804589089.0
1746756908.02672,1804906018.0
1746756908.086881,1805222947.0
1746756908.1476974,1805539876.0
1746756908.2089763,1805856805.0
1746756908.2704751,1806173734.0
1746756908.3318453,1806490663.0
1746756908.3941596,1806807592.0
1746756908.456406,1807124521.0
1746756908.5190256,1807441450.0
1746756908.5818698,1807758379.0
1746756908.6444483,1808075308.0
1746756908.7080762,1808392237.0
1746756908.7717116,1808709166.0
1746756908.8356578,1809026095.0
1746756908.8994904,1809343024.0
1746756908.966253,1809659953.0
1746756909.0291834,1809976882.0
1746756909.0924852,1810293811.0
1746756909.156205,1810610740.0
1746756909.2202952,1810927669.0
1746756909.2848666,1811244598.0
1746756909.3492565,1811561527.0
1746756909.4139717,1811878456.0
1746756909.477884,1812195385.0
1746756909.543586,1812512314.0
1746756909.6098998,1812829243.0
1746756909.6761012,1813146172.0
1746756909.7429504,1813463101.0
1746756909.8099623,1813780030.0
1746756909.8772736,1814096959.0
1746756909.9445074,1814413888.0
1746756910.0125918,1814730817.0
1746756910.0804963,1815047746.0
1746756910.148624,1815364675.0
1746756910.2174096,1815681604.0
1746756910.2866971,1815998533.0
1746756910.3562722,1816315462.0
1746756910.467967,1816633255.0
1746756910.5272563,1816951048.0
1746756910.5861144,1817268841.0
1746756910.6456075,1817586634.0
1746756910.7054162,1817904427.0
1746756910.765133,1818222220.0
1746756910.8254688,1818540013.0
1746756910.886241,1818857806.0
1746756910.9471688,1819175599.0
1746756911.0081158,1819493392.0
1746756911.0697322,1819811185.0
1746756911.131161,1820128978.0
1746756911.1927605,1820446771.0
1746756911.2551742,1820764564.0
1746756911.3180273,1821082357.0
1746756911.3809662,1821400150.0
1746756911.443713,1821717943.0
1746756911.5072212,1822035736.0
1746756911.5706003,1822353529.0
1746756911.634989,1822671322.0
1746756911.698953,1822989115.0
1746756911.763295,1823306908.0
1746756911.8276281,1823624701.0
1746756911.8924901,1823942494.0
1746756911.9577167,1824260287.0
1746756912.0227149,1824578080.0
1746756912.0884936,1824895873.0
1746756912.1540263,1825213666.0
1746756912.2620451,1825531555.0
1746756912.3222203,1825849444.0
1746756912.382339,1826167333.0
1746756912.4585605,1826485318.0
1746756912.518809,1826803303.0
1746756912.5798292,1827121288.0
1746756912.6516664,1827439337.0
1746756912.712224,1827757386.0
1746756912.782356,1828075499.0
1746756912.842728,1828393612.0
1746756912.9666622,1828711757.0
1746756913.05494,1829030798.0
1746756913.1185884,1829349839.0
1746756913.1826909,1829668880.0
1746756913.2464519,1829987921.0
1746756913.3103502,1830306962.0
1746756913.374525,1830626003.0
1746756913.4389262,1830945044.0
1746756913.5036485,1831264085.0
1746756913.568821,1831583126.0
1746756913.6340034,1831902167.0
1746756913.700517,1832221208.0
1746756913.7657292,1832540249.0
1746756913.8316362,1832859290.0
1746756913.8980072,1833178331.0
1746756913.9646025,1833497372.0
1746756914.0314803,1833816413.0
1746756914.098645,1834135454.0
1746756914.1661391,1834454495.0
1746756914.2338798,1834773536.0
1746756914.301825,1835092577.0
1746756914.3701339,1835411618.0
1746756914.4386146,1835730659.0
1746756914.5074592,1836049700.0
1746756914.5765462,1836368741.0
1746756914.6461263,1836687782.0
1746756914.715861,1837006823.0
1746756914.7857974,1837325864.0
1746756914.8556824,1837644905.0
1746756914.9264245,1837963946.0
1746756915.016624,1838282987.0
1746756915.0908918,1838602156.0
1746756915.1528711,1838921325.0
1746756915.2149165,1839240494.0
1746756915.2775078,1839559663.0
1746756915.3562143,1839878928.0
1746756915.4185822,1840198193.0
1746756915.4807978,1840517458.0
1746756915.5601459,1840836819.0
1746756915.6227767,1841156180.0
1746756915.685555,1841475541.0
1746756915.7657807,1841794966.0
1746756915.8285224,1842114391.0
1746756915.9291918,1842435032.0
1746756915.9927075,1842755673.0
1746756916.0565183,1843076314.0
1746756916.1206708,1843396955.0
1746756916.1848488,1843717596.0
1746756916.2495587,1844038237.0
1746756916.3144658,1844358878.0
1746756916.3797567,1844679519.0
1746756916.4452126,1845000160.0
1746756916.5120265,1845320801.0
1746756916.5775208,1845641442.0
1746756916.6433005,1845962083.0
1746756916.7098536,1846282724.0
1746756916.7761428,1846603365.0
1746756916.8431222,1846924006.0
1746756916.909324,1847244647.0
1746756916.9764252,1847565288.0
1746756917.043213,1847885929.0
1746756917.1107578,1848206570.0
1746756917.178776,1848527211.0
1746756917.2466228,1848847852.0
1746756917.314775,1849168493.0
1746756917.3833435,1849489134.0
1746756917.4523582,1849809775.0
1746756917.5241442,1850130416.0
1746756917.5926218,1850451057.0
1746756917.6599355,1850771698.0
1746756917.7273386,1851092339.0
1746756917.7952192,1851412980.0
1746756917.8634639,1851733621.0
1746756917.9328,1852054262.0
1746756918.0011835,1852374903.0
1746756918.0704336,1852695544.0
1746756918.1393695,1853016185.0
1746756918.2089467,1853336826.0
1746756918.2794046,1853657467.0
1746756918.349115,1853978108.0
1746756918.4195867,1854298749.0
1746756918.4903615,1854619390.0
1746756918.5614529,1854940031.0
1746756918.6820943,1855260864.0
1746756918.74435,1855581697.0
1746756918.806559,1855902530.0
1746756918.8690326,1856223363.0
1746756918.9318628,1856544196.0
1746756918.9951775,1856865029.0
1746756919.1063004,1857186406.0
1746756919.1694524,1857507783.0
1746756919.233159,1857829160.0
1746756919.2963886,1858150537.0
1746756919.3604507,1858471914.0
1746756919.4247713,1858793291.0
1746756919.4889297,1859114668.0
1746756919.5537465,1859436045.0
1746756919.6189353,1859757422.0
1746756919.6843467,1860078799.0
1746756919.7497938,1860400176.0
1746756919.8153272,1860721553.0
1746756919.881264,1861042930.0
1746756919.9471085,1861364307.0
1746756920.0139396,1861685684.0
1746756920.0812263,1862007061.0
1746756920.14798,1862328438.0
1746756920.2146633,1862649815.0
1746756920.3795803,1862971256.0
1746756920.4454691,1863292697.0
1746756920.5336041,1863614234.0
1746756920.612817,1863935931.0
1746756920.6798165,1864257628.0
1746756920.7472415,1864579325.0
1746756920.814296,1864901022.0
1746756920.8849442,1865222719.0
1746756920.9508271,1865544416.0
1746756921.0159528,1865866113.0
1746756921.1184878,1866188226.0
1746756921.1823308,1866510339.0
1746756921.2462356,1866832452.0
1746756921.3113055,1867154565.0
1746756921.375685,1867476678.0
1746756921.4406886,1867798791.0
1746756921.5061436,1868120904.0
1746756921.5715094,1868443017.0
1746756921.637355,1868765130.0
1746756921.7035115,1869087243.0
1746756921.7694917,1869409356.0
1746756921.8363993,1869731469.0
1746756921.9033597,1870053582.0
1746756921.9707718,1870375695.0
1746756922.0498571,1870698000.0
1746756922.1148047,1871020305.0
1746756922.1798937,1871342610.0
1746756922.2449381,1871664915.0
1746756922.3104746,1871987220.0
1746756922.376165,1872309525.0
1746756922.4626067,1872631862.0
1746756922.5491505,1872954807.0
1746756922.6145847,1873277752.0
1746756922.6793857,1873600697.0
1746756922.7433386,1873923642.0
1746756922.8095388,1874246587.0
1746756922.875853,1874569532.0
1746756922.9430165,1874892477.0
1746756923.0100234,1875215422.0
1746756923.0774693,1875538367.0
1746756923.1452708,1875861312.0
1746756923.2131648,1876184257.0
1746756923.2812374,1876507202.0
1746756923.349323,1876830147.0
1746756923.417504,1877153092.0
1746756923.486411,1877476037.0
1746756923.5552876,1877798982.0
1746756923.624305,1878121927.0
1746756923.6940804,1878444872.0
1746756923.7629328,1878767817.0
1746756923.8322434,1879090762.0
1746756923.933083,1879413771.0
1746756923.9988406,1879736780.0
1746756924.0756574,1880059853.0
1746756924.1416142,1880382926.0
1746756924.248996,1880707343.0
1746756924.3149397,1881031760.0
1746756924.3809536,1881356177.0
1746756924.44713,1881680594.0
1746756924.5133104,1882005011.0
1746756924.580218,1882329428.0
1746756924.647596,1882653845.0
1746756924.7148964,1882978262.0
1746756924.7834725,1883302679.0
1746756924.851246,1883627096.0
1746756924.9190965,1883951513.0
1746756924.9875975,1884275930.0
1746756925.057412,1884600347.0
1746756925.1273205,1884924764.0
1746756925.1946032,1885249181.0
1746756925.2624238,1885573598.0
1746756925.3303545,1885898015.0
1746756925.397887,1886222432.0
1746756925.4655294,1886546849.0
1746756925.5335412,1886871266.0
1746756925.6035814,1887195683.0
1746756925.6864429,1887520100.0
1746756925.7533057,1887844517.0
1746756925.8204296,1888168934.0
1746756925.8885844,1888493351.0
1746756925.9567733,1888817768.0
1746756926.0248237,1889142185.0
1746756926.0934649,1889466602.0
1746756926.162528,1889791019.0
1746756926.2318494,1890115436.0
1746756926.3017826,1890439853.0
1746756926.372257,1890764270.0
1746756926.4419556,1891088687.0
1746756926.5120397,1891413104.0
1746756926.582411,1891737521.0
1746756926.6527817,1892061938.0
1746756926.7232945,1892386355.0
1746756926.7944791,1892710772.0
1746756926.8659186,1893035189.0
1746756926.9373493,1893359606.0
1746756927.0094302,1893684023.0
1746756927.0818748,1894008440.0
1746756927.1541421,1894332857.0
1746756927.227023,1894657274.0
1746756927.300761,1894981691.0
1746756927.4043663,1895306748.0
1746756927.4674687,1895631805.0
1746756927.5302143,1895956862.0
1746756927.5950258,1896281919.0
1746756927.6571815,1896606976.0
1746756927.722207,1896932033.0
1746756927.7822936,1897257090.0
1746756927.8425407,1897582147.0
1746756927.9033535,1897907204.0
1746756927.9648426,1898232261.0
1746756928.02624,1898557318.0
1746756928.0882187,1898882375.0
1746756928.150518,1899207432.0
1746756928.2126846,1899532489.0
1746756928.2754807,1899857546.0
1746756928.3388119,1900182603.0
1746756928.4022737,1900507660.0
1746756928.4662297,1900832717.0
1746756928.5302572,1901157774.0
1746756928.594545,1901482831.0
1746756928.6592107,1901807888.0
1746756928.749863,1902133169.0
1746756928.8100355,1902458450.0
1746756928.8703995,1902783731.0
1746756928.9328992,1903109012.0
1746756928.9934134,1903434293.0
1746756929.0539527,1903759574.0
1746756929.1148646,1904084855.0
1746756929.1950316,1904410200.0
1746756929.2545798,1904735545.0
1746756929.3238683,1905060954.0
1746756929.4727933,1905388379.0
1746756929.531393,1905715804.0
1746756929.590719,1906043229.0
1746756929.650368,1906370654.0
1746756929.7105358,1906698079.0
1746756929.770352,1907025504.0
1746756929.830395,1907352929.0
1746756929.8906188,1907680354.0
1746756929.9511456,1908007779.0
1746756930.0123801,1908335204.0
1746756930.0739436,1908662629.0
1746756930.135644,1908990054.0
1746756930.1980364,1909317479.0
1746756930.2600586,1909644904.0
1746756930.3220568,1909972329.0
1746756930.38511,1910299754.0
1746756930.4478147,1910627179.0
1746756930.5106385,1910954604.0
1746756930.5742412,1911282029.0
1746756930.637599,1911609454.0
1746756930.7012165,1911936879.0
1746756930.7650142,1912264304.0
1746756930.8289032,1912591729.0
1746756930.893108,1912919154.0
1746756930.9574573,1913246579.0
1746756931.023057,1913574004.0
1746756931.0883095,1913901429.0
1746756931.153831,1914228854.0
1746756931.2195604,1914556279.0
1746756931.2855806,1914883704.0
1746756931.3516583,1915211129.0
1746756931.4181046,1915538554.0
1746756931.4851003,1915865979.0
1746756931.5522594,1916193404.0
1746756931.6202633,1916520829.0
1746756931.6882913,1916848254.0
1746756931.7563834,1917175679.0
1746756931.8245933,1917503104.0
1746756931.8931527,1917830529.0
1746756931.9616814,1918157954.0
1746756932.0303426,1918485379.0
1746756932.0999436,1918812804.0
1746756932.170669,1919140229.0
1746756932.2403278,1919467654.0
1746756932.3104274,1919795079.0
1746756932.3803875,1920122504.0
1746756932.451064,1920449929.0
1746756932.5211985,1920777354.0
1746756932.5921204,1921104779.0
1746756932.6631355,1921432204.0
1746756932.7348485,1921759629.0
1746756932.8061993,1922087054.0
1746756932.8781607,1922414479.0
1746756932.9504993,1922741904.0
1746756933.0229414,1923069329.0
1746756933.0953958,1923396754.0
1746756933.1683233,1923724179.0
1746756933.2420073,1924051604.0
1746756933.3158529,1924379029.0
1746756933.3898375,1924706454.0
1746756933.4642606,1925033879.0
1746756933.5388944,1925361304.0
1746756933.6140332,1925688729.0
1746756933.6888242,1926016154.0
1746756933.764273,1926343579.0
1746756933.839897,1926671004.0
1746756933.952872,1926998461.0
1746756934.1053803,1927326878.0
1746756934.1664417,1927655295.0
1746756934.2277813,1927983712.0
1746756934.2896051,1928312129.0
1746756934.3520405,1928640546.0
1746756934.4142935,1928968963.0
1746756934.4767723,1929297380.0
1746756934.539678,1929625797.0
1746756934.6044135,1929954214.0
1746756934.671701,1930282631.0
1746756934.7323415,1930611048.0
1746756934.7932298,1930939465.0
1746756934.8546114,1931267882.0
1746756934.9172773,1931596299.0
1746756934.979991,1931924716.0
1746756935.043337,1932253133.0
1746756935.1063366,1932581550.0
1746756935.169545,1932909967.0
1746756935.2335532,1933238384.0
1746756935.2979085,1933566801.0
1746756935.3620682,1933895218.0
1746756935.4270542,1934223635.0
1746756935.4922976,1934552052.0
1746756935.5577333,1934880469.0
1746756935.6233966,1935208886.0
1746756935.6894453,1935537303.0
1746756935.7553644,1935865720.0
1746756935.82134,1936194137.0
1746756935.887624,1936522554.0
1746756935.9546266,1936850971.0
1746756936.0219648,1937179388.0
1746756936.1568391,1937509725.0
1746756936.216007,1937840062.0
1746756936.2755911,1938170399.0
1746756936.3359897,1938500736.0
1746756936.3965938,1938831073.0
1746756936.4573982,1939161410.0
1746756936.5187237,1939491747.0
1746756936.5805032,1939822084.0
1746756936.642595,1940152421.0
1746756936.7050834,1940482758.0
1746756936.7674665,1940813095.0
1746756936.8298154,1941143432.0
1746756936.8924758,1941473769.0
1746756936.9555562,1941804106.0
1746756937.0204062,1942134443.0
1746756937.0838084,1942464780.0
1746756937.1490202,1942795117.0
1746756937.2126827,1943125454.0
1746756937.2765758,1943455791.0
1746756937.3412006,1943786128.0
1746756937.4060209,1944116465.0
1746756937.473203,1944446802.0
1746756937.5369363,1944777139.0
1746756937.6012192,1945107476.0
1746756937.6656623,1945437813.0
1746756937.731106,1945768150.0
1746756937.7952912,1946098487.0
1746756937.859474,1946428824.0
1746756937.9242132,1946759161.0
1746756937.9891744,1947089498.0
1746756938.055071,1947419835.0
1746756938.121145,1947750172.0
1746756938.1877887,1948080509.0
1746756938.254107,1948410846.0
1746756938.320679,1948741183.0
1746756938.3879695,1949071520.0
1746756938.4554527,1949401857.0
1746756938.5231757,1949732194.0
1746756938.5911655,1950062531.0
1746756938.663541,1950392868.0
1746756938.7296524,1950723205.0
1746756938.7954378,1951053542.0
1746756938.8638773,1951383879.0
1746756938.9304476,1951714216.0
1746756938.998584,1952044553.0
1746756939.064971,1952374890.0
1746756939.1321857,1952705227.0
1746756939.1995013,1953035564.0
1746756939.267415,1953365901.0
1746756939.334878,1953696238.0
1746756939.402725,1954026575.0
1746756939.4714546,1954356912.0
1746756939.540271,1954687249.0
1746756939.6090019,1955017586.0
1746756939.6785939,1955347923.0
1746756939.748491,1955678260.0
1746756939.8187118,1956008597.0
1746756939.8886518,1956338934.0
1746756939.9595191,1956669271.0
1746756940.03017,1956999608.0
1746756940.1010892,1957329945.0
1746756940.1724112,1957660282.0
1746756940.2815807,1957990779.0
1746756940.3381412,1958321276.0
1746756940.3948517,1958651773.0
1746756940.4511878,1958982270.0
1746756940.5077553,1959312767.0
1746756940.6040947,1959643328.0
1746756940.6627476,1959973889.0
1746756940.7288418,1960304482.0
1746756940.809168,1960635683.0
1746756940.8674192,1960966884.0
1746756940.9263103,1961298085.0
1746756940.9848144,1961629286.0
1746756941.044091,1961960487.0
1746756941.103609,1962291688.0
1746756941.1646068,1962622889.0
1746756941.223463,1962954090.0
1746756941.2850997,1963285291.0
1746756941.343821,1963616492.0
1746756941.403154,1963947693.0
1746756941.4619172,1964278894.0
1746756941.5208511,1964610095.0
1746756941.5806513,1964941296.0
1746756941.640736,1965272497.0
1746756941.700711,1965603698.0
1746756941.7613654,1965934899.0
1746756941.8222744,1966266100.0
1746756941.8858235,1966597301.0
1746756941.9808033,1966928534.0
1746756942.0522513,1967259959.0
1746756942.10852,1967591384.0
1746756942.1647146,1967922809.0
1746756942.2215765,1968254234.0
1746756942.2786992,1968585659.0
1746756942.3360856,1968917084.0
1746756942.4329548,1969249533.0
1746756942.489225,1969581982.0
1746756942.5456166,1969914431.0
1746756942.6028497,1970246880.0
1746756942.6604738,1970579329.0
1746756942.7183325,1970911778.0
1746756942.776475,1971244227.0
1746756942.8347929,1971576676.0
1746756942.8935637,1971909125.0
1746756942.9521923,1972241574.0
1746756943.011368,1972574023.0
1746756943.071049,1972906472.0
1746756943.1311088,1973238921.0
1746756943.1905267,1973571370.0
1746756943.2508373,1973903819.0
1746756943.3113303,1974236268.0
1746756943.3724582,1974568717.0
1746756943.4339745,1974901166.0
1746756943.4979563,1975233615.0
1746756943.557019,1975566064.0
1746756943.6163666,1975898513.0
1746756943.6762629,1976230962.0
1746756943.736806,1976563411.0
1746756943.7971585,1976895860.0
1746756943.8579655,1977228309.0
1746756943.9190755,1977560758.0
1746756943.9808455,1977893207.0
1746756944.0427313,1978225656.0
1746756944.1045902,1978558105.0
1746756944.1666605,1978890554.0
1746756944.2296047,1979223003.0
1746756944.2927852,1979555452.0
1746756944.356302,1979887901.0
1746756944.5597174,1980225502.0
1746756944.613598,1980563103.0
1746756944.6694107,1980900704.0
1746756944.7250772,1981238305.0
1746756944.7808468,1981575906.0
1746756944.8387625,1981913507.0
1746756944.8956957,1982251108.0
1746756944.9533503,1982588709.0
1746756945.0137982,1982926310.0
1746756945.070048,1983263911.0
1746756945.126697,1983601512.0
1746756945.182987,1983939113.0
1746756945.2393055,1984276714.0
1746756945.2964523,1984614315.0
1746756945.3539147,1984951916.0
1746756945.4117582,1985289517.0
1746756945.469191,1985627118.0
1746756945.5266795,1985964719.0
1746756945.5852132,1986302320.0
1746756945.6437435,1986639921.0
1746756945.7193084,1986977522.0
1746756945.7789462,1987315123.0
1746756945.8383691,1987652724.0
1746756945.8986607,1987990325.0
1746756945.9592934,1988327926.0
1746756946.0207863,1988665527.0
1746756946.082591,1989003128.0
1746756946.144314,1989340729.0
1746756946.2062056,1989678330.0
1746756946.268829,1990015931.0
1746756946.3318362,1990353532.0
1746756946.3952303,1990691133.0
1746756946.458178,1991028734.0
1746756946.5214412,1991366335.0
1746756946.58529,1991703936.0
1746756946.649218,1992041537.0
1746756946.713831,1992379138.0
1746756946.7787669,1992716739.0
1746756946.8439178,1993054340.0
1746756946.9095223,1993391941.0
1746756946.974956,1993729542.0
1746756947.0412862,1994067143.0
1746756947.1076636,1994404744.0
1746756947.173876,1994742345.0
1746756947.2404785,1995079946.0
1746756947.3079398,1995417547.0
1746756947.3756378,1995755148.0
1746756947.4438167,1996092749.0
1746756947.5116775,1996430350.0
1746756947.5799267,1996767951.0
1746756947.648813,1997105552.0
1746756947.7177784,1997443153.0
1746756947.787214,1997780754.0
1746756947.8566911,1998118355.0
1746756947.9265625,1998455956.0
1746756947.9971025,1998793557.0
1746756948.0675423,1999131158.0
1746756948.1387875,1999468759.0
1746756948.2101955,1999806360.0
1746756948.2815897,2000143961.0
1746756948.3530643,2000481562.0
1746756948.425431,2000819163.0
1746756948.4981725,2001156764.0
1746756948.571318,2001494365.0
1746756948.6441765,2001831966.0
1746756948.7176821,2002169567.0
1746756948.7908149,2002507168.0
1746756948.8645263,2002844769.0
1746756948.9389448,2003182370.0
1746756949.013634,2003519971.0
1746756949.0885956,2003857572.0
1746756949.163991,2004195173.0
1746756949.2435942,2004532774.0
1746756949.316401,2004870375.0
1746756949.389972,2005207976.0
1746756949.4635615,2005545577.0
1746756949.5384839,2005883178.0
1746756949.6129453,2006220779.0
1746756949.6881812,2006558380.0
1746756949.7638018,2006895981.0
1746756949.8382583,2007233582.0
1746756949.9121473,2007571183.0
1746756949.9867198,2007908784.0
1746756950.0614965,2008246385.0
1746756950.1367326,2008583986.0
1746756950.2124047,2008921587.0
1746756950.287843,2009259188.0
1746756950.3641405,2009596789.0
1746756950.440538,2009934390.0
1746756950.5175898,2010271991.0
1746756950.5948002,2010609592.0
1746756950.6721807,2010947193.0
1746756950.7497885,2011284794.0
1746756950.8283026,2011622395.0
1746756950.9073253,2011959996.0
1746756950.9866514,2012297597.0
1746756951.065752,2012635198.0
1746756951.1452878,2012972799.0
1746756951.225489,2013310400.0
1746756951.305564,2013648001.0
1746756951.3862116,2013985602.0
1746756951.4674582,2014323203.0
1746756951.5487933,2014660804.0
1746756951.63044,2014998405.0
1746756951.7124658,2015336006.0
1746756951.794752,2015673607.0
1746756951.877282,2016011208.0
1746756951.9598725,2016348809.0
1746756952.0427375,2016686410.0
1746756952.1271293,2017024011.0
1746756952.2112045,2017361612.0
1746756952.295532,2017699213.0
1746756952.379391,2018036814.0
1746756952.463804,2018374415.0
1746756952.550069,2018712016.0
1746756952.6356494,2019049617.0
1746756952.7219403,2019387218.0
1746756952.8084462,2019724819.0
1746756952.8948476,2020062420.0
1746756952.9820776,2020400021.0
1746756953.0687654,2020737622.0
1746756953.1590023,2021075223.0
1746756953.2456577,2021412824.0
1746756953.3327754,2021750425.0
1746756953.4198248,2022088026.0
1746756953.5083342,2022425627.0
1746756953.5958853,2022763228.0
1746756953.6845593,2023100829.0
1746756953.7736363,2023438430.0
1746756953.86238,2023776031.0
1746756953.9524162,2024113632.0
1746756954.0418782,2024451233.0
1746756954.1322749,2024788834.0
1746756954.2227619,2025126435.0
1746756954.313322,2025464036.0
1746756954.4041984,2025801637.0
1746756954.4955642,2026139238.0
1746756954.5861812,2026476839.0
1746756954.6776938,2026814440.0
1746756954.768867,2027152041.0
1746756954.8605602,2027489642.0
1746756954.9530506,2027827243.0
1746756955.0458329,2028164844.0
1746756955.1391845,2028502445.0
1746756955.2321427,2028840046.0
1746756955.327,2029177647.0
1746756955.419605,2029515248.0
1746756955.5120702,2029852849.0
1746756955.6049345,2030190450.0
1746756955.698997,2030528051.0
1746756955.7927864,2030865652.0
