prefill_e2e_time,cdf
0.031629323959350586,0.0003557452863749555
0.03179597854614258,0.000711490572749911
0.03285479545593262,0.0010672358591248667
0.03367185592651367,0.001422981145499822
0.03461456298828125,0.0017787264318747777
0.0346987247467041,0.0021344717182497333
0.040396690368652344,0.0024902170046246885
0.040932416915893555,0.002845962290999644
0.04366898536682129,0.0032017075773745998
0.043972015380859375,0.0035574528637495554
0.04558563232421875,0.003913198150124511
0.04593253135681152,0.004268943436499467
0.04646944999694824,0.004624688722874422
0.04657721519470215,0.004980434009249377
0.04889702796936035,0.005336179295624333
0.05224895477294922,0.005691924581999288
0.05271577835083008,0.006047669868374244
0.054726362228393555,0.0064034151547491995
0.05770254135131836,0.006759160441124155
0.05820322036743164,0.007114905727499111
0.06409931182861328,0.007470651013874066
0.0665590763092041,0.007826396300249021
0.06855273246765137,0.008182141586623977
0.06883668899536133,0.008537886872998933
0.06943321228027344,0.008893632159373888
0.07000017166137695,0.009249377445748844
0.07089376449584961,0.0096051227321238
0.07120752334594727,0.009960868018498754
0.07461071014404297,0.01031661330487371
0.07594680786132812,0.010672358591248666
0.077911376953125,0.011028103877623622
0.08114361763000488,0.011383849163998577
0.08131027221679688,0.011739594450373533
0.08172464370727539,0.012095339736748489
0.08260059356689453,0.012451085023123443
0.08528494834899902,0.012806830309498399
0.08631134033203125,0.013162575595873355
0.08709096908569336,0.01351832088224831
0.08721065521240234,0.013874066168623266
0.08877325057983398,0.014229811454998222
0.08914589881896973,0.014585556741373178
0.0893087387084961,0.014941302027748132
0.09048104286193848,0.015297047314123088
0.09075045585632324,0.015652792600498042
0.09081029891967773,0.016008537886873
0.09236550331115723,0.016364283173247954
0.09269070625305176,0.01672002845962291
0.09321355819702148,0.017075773745997867
0.09361863136291504,0.017431519032372823
0.09417247772216797,0.017787264318747775
0.09430623054504395,0.01814300960512273
0.09903407096862793,0.018498754891497687
0.10165190696716309,0.018854500177872643
0.10181021690368652,0.0192102454642476
0.10339713096618652,0.019565990750622556
0.1039738655090332,0.019921736036997508
0.10407161712646484,0.020277481323372464
0.10409355163574219,0.02063322660974742
0.10461163520812988,0.020988971896122376
0.10517168045043945,0.021344717182497332
0.10536909103393555,0.02170046246887229
0.10578107833862305,0.022056207755247245
0.1058800220489502,0.022411953041622197
0.10622382164001465,0.022767698327997153
0.10631442070007324,0.02312344361437211
0.1065666675567627,0.023479188900747065
0.10701346397399902,0.02383493418712202
0.10778498649597168,0.024190679473496977
0.10801148414611816,0.02454642475987193
0.1083376407623291,0.024902170046246886
0.10866284370422363,0.025257915332621842
0.10896110534667969,0.025613660618996798
0.10933876037597656,0.025969405905371754
0.11106252670288086,0.02632515119174671
0.11129260063171387,0.026680896478121666
0.11200475692749023,0.02703664176449662
0.11208820343017578,0.027392387050871575
0.11270880699157715,0.02774813233724653
0.11281585693359375,0.028103877623621487
0.11346626281738281,0.028459622909996443
0.11350512504577637,0.0288153681963714
0.11408090591430664,0.029171113482746355
0.11437106132507324,0.029526858769121308
0.11438822746276855,0.029882604055496264
0.11548900604248047,0.03023834934187122
0.11559796333312988,0.030594094628246176
0.11561465263366699,0.030949839914621132
0.11591911315917969,0.031305585200996085
0.11653614044189453,0.03166133048737104
0.11700439453125,0.032017075773746
0.11780619621276855,0.03237282106012095
0.11797761917114258,0.03272856634649591
0.11886787414550781,0.033084311632870865
0.11905884742736816,0.03344005691924582
0.11910343170166016,0.03379580220562078
0.11922550201416016,0.03415154749199573
0.11948180198669434,0.03450729277837069
0.11976218223571777,0.034863038064745645
0.11998319625854492,0.035218783351120594
0.12049984931945801,0.03557452863749555
0.12070083618164062,0.03593027392387051
0.1207280158996582,0.03628601921024546
0.12076544761657715,0.03664176449662042
0.12080597877502441,0.036997509782995375
0.12080836296081543,0.03735325506937033
0.12108492851257324,0.03770900035574529
0.12134909629821777,0.03806474564212024
0.1214590072631836,0.0384204909284952
0.1226038932800293,0.038776236214870155
0.12328457832336426,0.03913198150124511
0.12329602241516113,0.03948772678762007
0.12351059913635254,0.039843472073995016
0.12353372573852539,0.04019921736036997
0.1237950325012207,0.04055496264674493
0.12391376495361328,0.040910707933119884
0.12395000457763672,0.04126645321949484
0.1239769458770752,0.0416221985058698
0.12432575225830078,0.04197794379224475
0.12478947639465332,0.04233368907861971
0.12515926361083984,0.042689434364994665
0.1265265941619873,0.04304517965136962
0.1266343593597412,0.04340092493774458
0.12714529037475586,0.04375667022411953
0.12714576721191406,0.04411241551049449
0.1279757022857666,0.04446816079686944
0.12838363647460938,0.044823906083244394
0.1289381980895996,0.04517965136961935
0.1290910243988037,0.045535396655994306
0.12909245491027832,0.04589114194236926
0.1295769214630127,0.04624688722874422
0.1304035186767578,0.046602632515119174
0.13058996200561523,0.04695837780149413
0.13073229789733887,0.04731412308786909
0.13086247444152832,0.04766986837424404
0.131011962890625,0.048025613660619
0.1316971778869629,0.048381358946993955
0.1326594352722168,0.04873710423336891
0.1327981948852539,0.04909284951974386
0.13305377960205078,0.049448594806118816
0.13319611549377441,0.04980434009249377
0.1334216594696045,0.05016008537886873
0.13463234901428223,0.050515830665243684
0.1347038745880127,0.05087157595161864
0.13487792015075684,0.051227321237993596
0.13501644134521484,0.05158306652436855
0.13547515869140625,0.05193881181074351
0.13556885719299316,0.052294557097118465
0.13594341278076172,0.05265030238349342
0.1360776424407959,0.05300604766986838
0.13616323471069336,0.05336179295624333
0.13655400276184082,0.05371753824261829
0.13680744171142578,0.05407328352899324
0.13767099380493164,0.054429028815368194
0.13798284530639648,0.05478477410174315
0.13822674751281738,0.055140519388118106
0.13950371742248535,0.05549626467449306
0.13957643508911133,0.05585200996086802
0.1414182186126709,0.056207755247242974
0.1415421962738037,0.05656350053361793
0.14168047904968262,0.056919245819992886
0.14180874824523926,0.05727499110636784
0.14237427711486816,0.0576307363927428
0.14260315895080566,0.057986481679117755
0.1434803009033203,0.05834222696549271
0.14582300186157227,0.05869797225186766
0.14879679679870605,0.059053717538242616
0.14897966384887695,0.05940946282461757
0.15054059028625488,0.05976520811099253
0.1514148712158203,0.060120953397367484
0.15175938606262207,0.06047669868374244
0.1522810459136963,0.060832443970117396
0.15311622619628906,0.06118818925649235
0.15325021743774414,0.06154393454286731
0.1535048484802246,0.061899679829242264
0.1561274528503418,0.06225542511561722
0.15661025047302246,0.06261117040199217
0.15706706047058105,0.06296691568836713
0.1572284698486328,0.06332266097474208
0.15730929374694824,0.06367840626111704
0.15897631645202637,0.064034151547492
0.160597562789917,0.06438989683386695
0.16081833839416504,0.0647456421202419
0.16101574897766113,0.06510138740661686
0.16205739974975586,0.06545713269299182
0.16305804252624512,0.06581287797936677
0.16324734687805176,0.06616862326574173
0.1634078025817871,0.06652436855211669
0.1635291576385498,0.06688011383849164
0.16486716270446777,0.0672358591248666
0.16592788696289062,0.06759160441124155
0.16621065139770508,0.06794734969761651
0.16666316986083984,0.06830309498399147
0.16686749458312988,0.06865884027036642
0.16741347312927246,0.06901458555674138
0.16747379302978516,0.06937033084311633
0.16783905029296875,0.06972607612949129
0.1682910919189453,0.07008182141586625
0.16855168342590332,0.07043756670224119
0.16859817504882812,0.07079331198861614
0.16935515403747559,0.0711490572749911
0.1695554256439209,0.07150480256136606
0.16972041130065918,0.07186054784774101
0.17034077644348145,0.07221629313411597
0.17041563987731934,0.07257203842049093
0.1706857681274414,0.07292778370686588
0.17080044746398926,0.07328352899324084
0.17117953300476074,0.0736392742796158
0.17149925231933594,0.07399501956599075
0.17169475555419922,0.0743507648523657
0.17204070091247559,0.07470651013874066
0.1722557544708252,0.07506225542511562
0.17253708839416504,0.07541800071149057
0.17258787155151367,0.07577374599786553
0.1728200912475586,0.07612949128424049
0.17346763610839844,0.07648523657061544
0.17354249954223633,0.0768409818569904
0.173905611038208,0.07719672714336535
0.17439603805541992,0.07755247242974031
0.17548370361328125,0.07790821771611527
0.17587494850158691,0.07826396300249022
0.17589092254638672,0.07861970828886518
0.1759645938873291,0.07897545357524013
0.1759955883026123,0.07933119886161509
0.17689204216003418,0.07968694414799003
0.1768934726715088,0.08004268943436499
0.17701363563537598,0.08039843472073994
0.17716217041015625,0.0807541800071149
0.17743277549743652,0.08110992529348986
0.1775519847869873,0.08146567057986481
0.17760348320007324,0.08182141586623977
0.17779135704040527,0.08217716115261472
0.17812323570251465,0.08253290643898968
0.17827844619750977,0.08288865172536464
0.17864751815795898,0.0832443970117396
0.1791064739227295,0.08360014229811455
0.1791987419128418,0.0839558875844895
0.17920756340026855,0.08431163287086446
0.17922019958496094,0.08466737815723942
0.1795647144317627,0.08502312344361437
0.17963242530822754,0.08537886872998933
0.18004918098449707,0.08573461401636429
0.18011116981506348,0.08609035930273924
0.18036508560180664,0.0864461045891142
0.180894136428833,0.08680184987548915
0.18148446083068848,0.08715759516186411
0.18178296089172363,0.08751334044823907
0.18222332000732422,0.08786908573461402
0.18283677101135254,0.08822483102098898
0.18319463729858398,0.08858057630736393
0.1834266185760498,0.08893632159373888
0.18367600440979004,0.08929206688011383
0.18390870094299316,0.08964781216648879
0.1842207908630371,0.09000355745286374
0.18439197540283203,0.0903593027392387
0.184431791305542,0.09071504802561366
0.1850600242614746,0.09107079331198861
0.18539714813232422,0.09142653859836357
0.18550920486450195,0.09178228388473852
0.18572521209716797,0.09213802917111348
0.1858198642730713,0.09249377445748844
0.1859428882598877,0.09284951974386339
0.18628668785095215,0.09320526503023835
0.1863536834716797,0.0935610103166133
0.1864149570465088,0.09391675560298826
0.1868743896484375,0.09427250088936322
0.1871812343597412,0.09462824617573817
0.18747806549072266,0.09498399146211313
0.18753743171691895,0.09533973674848809
0.18774676322937012,0.09569548203486304
0.18774914741516113,0.096051227321238
0.18785619735717773,0.09640697260761295
0.18856191635131836,0.09676271789398791
0.1887648105621338,0.09711846318036287
0.18878173828125,0.09747420846673782
0.18901705741882324,0.09782995375311278
0.18913674354553223,0.09818569903948772
0.18923473358154297,0.09854144432586268
0.18943047523498535,0.09889718961223763
0.18958020210266113,0.09925293489861259
0.18963623046875,0.09960868018498754
0.18970322608947754,0.0999644254713625
0.18977046012878418,0.10032017075773746
0.19002747535705566,0.10067591604411241
0.19002985954284668,0.10103166133048737
0.1901540756225586,0.10138740661686232
0.19026803970336914,0.10174315190323728
0.1908261775970459,0.10209889718961224
0.1909630298614502,0.10245464247598719
0.19101238250732422,0.10281038776236215
0.19107651710510254,0.1031661330487371
0.19110369682312012,0.10352187833511206
0.19112610816955566,0.10387762362148702
0.19112920761108398,0.10423336890786197
0.1911611557006836,0.10458911419423693
0.191270112991333,0.10494485948061189
0.1913928985595703,0.10530060476698684
0.19171857833862305,0.1056563500533618
0.19187593460083008,0.10601209533973675
0.1919844150543213,0.10636784062611171
0.1921391487121582,0.10672358591248667
0.19286012649536133,0.10707933119886162
0.19320249557495117,0.10743507648523658
0.19329380989074707,0.10779082177161152
0.19340205192565918,0.10814656705798648
0.1935570240020752,0.10850231234436143
0.19367599487304688,0.10885805763073639
0.19384384155273438,0.10921380291711134
0.19403648376464844,0.1095695482034863
0.19511675834655762,0.10992529348986126
0.19522833824157715,0.11028103877623621
0.19525480270385742,0.11063678406261117
0.19535613059997559,0.11099252934898612
0.19541049003601074,0.11134827463536108
0.19547796249389648,0.11170401992173604
0.195634126663208,0.11205976520811099
0.19591188430786133,0.11241551049448595
0.19596409797668457,0.1127712557808609
0.19609427452087402,0.11312700106723586
0.19619274139404297,0.11348274635361082
0.19716238975524902,0.11383849163998577
0.19717884063720703,0.11419423692636073
0.19730687141418457,0.11454998221273568
0.19741153717041016,0.11490572749911064
0.19774317741394043,0.1152614727854856
0.1978740692138672,0.11561721807186055
0.19816064834594727,0.11597296335823551
0.19826340675354004,0.11632870864461047
0.1983649730682373,0.11668445393098542
0.19850397109985352,0.11704019921736036
0.19879746437072754,0.11739594450373532
0.19880056381225586,0.11775168979011028
0.19887924194335938,0.11810743507648523
0.1989610195159912,0.11846318036286019
0.19914746284484863,0.11881892564923514
0.19942426681518555,0.1191746709356101
0.19947099685668945,0.11953041622198506
0.19968509674072266,0.11988616150836001
0.1999201774597168,0.12024190679473497
0.20018672943115234,0.12059765208110992
0.20028162002563477,0.12095339736748488
0.20077943801879883,0.12130914265385984
0.20088911056518555,0.12166488794023479
0.201080322265625,0.12202063322660975
0.20137667655944824,0.1223763785129847
0.2016160488128662,0.12273212379935966
0.20196938514709473,0.12308786908573462
0.20210933685302734,0.12344361437210957
0.20226478576660156,0.12379935965848453
0.20254230499267578,0.12415510494485948
0.20269107818603516,0.12451085023123444
0.20285773277282715,0.1248665955176094
0.20303988456726074,0.12522234080398434
0.20327305793762207,0.1255780860903593
0.20414423942565918,0.12593383137673425
0.204392671585083,0.12628957666310922
0.20464181900024414,0.12664532194948416
0.20471692085266113,0.12700106723585913
0.20483040809631348,0.12735681252223408
0.20483970642089844,0.12771255780860905
0.20495223999023438,0.128068303094984
0.20510292053222656,0.12842404838135896
0.20525789260864258,0.1287797936677339
0.20527219772338867,0.12913553895410887
0.20528078079223633,0.1294912842404838
0.20570087432861328,0.12984702952685878
0.20583748817443848,0.13020277481323372
0.2059800624847412,0.1305585200996087
0.20636677742004395,0.13091426538598364
0.20641756057739258,0.13127001067235858
0.20702290534973145,0.13162575595873355
0.2070629596710205,0.1319815012451085
0.2071089744567871,0.13233724653148346
0.20714068412780762,0.1326929918178584
0.20725107192993164,0.13304873710423337
0.2073979377746582,0.13340448239060831
0.20769572257995605,0.13376022767698328
0.20932269096374512,0.13411597296335823
0.20939016342163086,0.1344717182497332
0.20947551727294922,0.13482746353610814
0.20960068702697754,0.1351832088224831
0.20998001098632812,0.13553895410885805
0.21020841598510742,0.13589469939523302
0.21056079864501953,0.13625044468160796
0.210585355758667,0.13660618996798293
0.21061992645263672,0.13696193525435787
0.21062350273132324,0.13731768054073284
0.21064352989196777,0.1376734258271078
0.21068739891052246,0.13802917111348276
0.21082067489624023,0.1383849163998577
0.21159672737121582,0.13874066168623267
0.21166110038757324,0.1390964069726076
0.21185970306396484,0.13945215225898258
0.21187353134155273,0.13980789754535752
0.21187520027160645,0.1401636428317325
0.21211528778076172,0.14051938811810744
0.2122652530670166,0.14087513340448238
0.2125256061553955,0.14123087869085735
0.21268200874328613,0.1415866239772323
0.21270489692687988,0.14194236926360726
0.2127363681793213,0.1422981145499822
0.2129056453704834,0.14265385983635717
0.21337270736694336,0.14300960512273211
0.21346616744995117,0.14336535040910708
0.21382808685302734,0.14372109569548203
0.21397066116333008,0.144076840981857
0.21402955055236816,0.14443258626823194
0.21417617797851562,0.1447883315546069
0.2143101692199707,0.14514407684098185
0.21443438529968262,0.14549982212735682
0.21485614776611328,0.14585556741373176
0.21490073204040527,0.14621131270010673
0.21571135520935059,0.14656705798648167
0.21610236167907715,0.14692280327285664
0.2174673080444336,0.1472785485592316
0.21773433685302734,0.14763429384560656
0.2178020477294922,0.1479900391319815
0.21853327751159668,0.14834578441835647
0.21862173080444336,0.1487015297047314
0.21884369850158691,0.14905727499110638
0.21944475173950195,0.14941302027748132
0.219801664352417,0.14976876556385627
0.22001934051513672,0.15012451085023124
0.22028303146362305,0.15048025613660618
0.22033953666687012,0.15083600142298115
0.22067904472351074,0.1511917467093561
0.22104120254516602,0.15154749199573106
0.22171306610107422,0.151903237282106
0.22227740287780762,0.15225898256848097
0.2224440574645996,0.1526147278548559
0.22269821166992188,0.15297047314123088
0.22290873527526855,0.15332621842760583
0.22359251976013184,0.1536819637139808
0.2236471176147461,0.15403770900035574
0.2239060401916504,0.1543934542867307
0.22431159019470215,0.15474919957310565
0.2243804931640625,0.15510494485948062
0.22455763816833496,0.15546069014585556
0.2247464656829834,0.15581643543223053
0.2256181240081787,0.15617218071860547
0.22601699829101562,0.15652792600498044
0.22610998153686523,0.1568836712913554
0.22664117813110352,0.15723941657773036
0.22668004035949707,0.1575951618641053
0.22678303718566895,0.15795090715048027
0.2268848419189453,0.1583066524368552
0.2269117832183838,0.15866239772323018
0.2271742820739746,0.15901814300960512
0.22743701934814453,0.15937388829598007
0.22749924659729004,0.15972963358235504
0.22827696800231934,0.16008537886872998
0.2284526824951172,0.16044112415510495
0.22860312461853027,0.1607968694414799
0.2287616729736328,0.16115261472785486
0.2288668155670166,0.1615083600142298
0.22923064231872559,0.16186410530060477
0.22942852973937988,0.1622198505869797
0.22953462600708008,0.16257559587335468
0.22988677024841309,0.16293134115972963
0.2299196720123291,0.1632870864461046
0.23000764846801758,0.16364283173247954
0.2305314540863037,0.1639985770188545
0.2308053970336914,0.16435432230522945
0.2309727668762207,0.16471006759160442
0.2314913272857666,0.16506581287797936
0.23151445388793945,0.16542155816435433
0.23161649703979492,0.16577730345072927
0.23168706893920898,0.16613304873710424
0.23172998428344727,0.1664887940234792
0.2319486141204834,0.16684453930985416
0.23253560066223145,0.1672002845962291
0.23256850242614746,0.16755602988260407
0.23261356353759766,0.167911775168979
0.23296666145324707,0.16826752045535395
0.2330458164215088,0.16862326574172892
0.233184814453125,0.16897901102810386
0.2332630157470703,0.16933475631447883
0.23336291313171387,0.16969050160085378
0.23378372192382812,0.17004624688722875
0.23398756980895996,0.1704019921736037
0.23415350914001465,0.17075773745997866
0.23421430587768555,0.1711134827463536
0.23423075675964355,0.17146922803272857
0.23434805870056152,0.1718249733191035
0.23435449600219727,0.17218071860547848
0.23452115058898926,0.17253646389185343
0.23482632637023926,0.1728922091782284
0.23548316955566406,0.17324795446460334
0.23554372787475586,0.1736036997509783
0.2357196807861328,0.17395944503735325
0.23580431938171387,0.17431519032372822
0.23600530624389648,0.17467093561010316
0.23608756065368652,0.17502668089647813
0.23639369010925293,0.17538242618285307
0.23642349243164062,0.17573817146922804
0.23664617538452148,0.17609391675560299
0.23711824417114258,0.17644966204197796
0.23776745796203613,0.1768054073283529
0.2380046844482422,0.17716115261472787
0.23839187622070312,0.1775168979011028
0.23862290382385254,0.17787264318747775
0.23881030082702637,0.17822838847385272
0.2390756607055664,0.17858413376022766
0.23951029777526855,0.17893987904660263
0.23953914642333984,0.17929562433297758
0.23986005783081055,0.17965136961935255
0.240217924118042,0.1800071149057275
0.24139857292175293,0.18036286019210246
0.24150919914245605,0.1807186054784774
0.2415320873260498,0.18107435076485237
0.2417445182800293,0.1814300960512273
0.24192142486572266,0.18178584133760228
0.24216961860656738,0.18214158662397723
0.24219274520874023,0.1824973319103522
0.24232745170593262,0.18285307719672714
0.24274158477783203,0.1832088224831021
0.24307513236999512,0.18356456776947705
0.2430863380432129,0.18392031305585202
0.2433006763458252,0.18427605834222696
0.24339556694030762,0.18463180362860193
0.24348092079162598,0.18498754891497687
0.24381446838378906,0.18534329420135184
0.2439877986907959,0.18569903948772679
0.2444777488708496,0.18605478477410176
0.24478626251220703,0.1864105300604767
0.2447984218597412,0.18676627534685167
0.24492573738098145,0.1871220206332266
0.24582147598266602,0.18747776591960155
0.24617862701416016,0.18783351120597652
0.24637413024902344,0.18818925649235146
0.2463979721069336,0.18854500177872643
0.2464609146118164,0.18890074706510138
0.2464888095855713,0.18925649235147635
0.2469165325164795,0.1896122376378513
0.24724912643432617,0.18996798292422626
0.24729132652282715,0.1903237282106012
0.24732398986816406,0.19067947349697617
0.24787020683288574,0.1910352187833511
0.24806785583496094,0.19139096406972608
0.24814772605895996,0.19174670935610102
0.24827957153320312,0.192102454642476
0.248457670211792,0.19245819992885094
0.24849891662597656,0.1928139452152259
0.24869227409362793,0.19316969050160085
0.24872136116027832,0.19352543578797582
0.24917006492614746,0.19388118107435076
0.2491898536682129,0.19423692636072573
0.24928927421569824,0.19459267164710067
0.2500343322753906,0.19494841693347564
0.2501981258392334,0.19530416221985059
0.25026607513427734,0.19565990750622556
0.25056028366088867,0.1960156527926005
0.2509016990661621,0.19637139807897544
0.25107622146606445,0.1967271433653504
0.2511622905731201,0.19708288865172535
0.251741886138916,0.19743863393810032
0.2522118091583252,0.19779437922447526
0.25237321853637695,0.19815012451085023
0.2529115676879883,0.19850586979722518
0.2539248466491699,0.19886161508360015
0.2542412281036377,0.1992173603699751
0.2544262409210205,0.19957310565635006
0.25502729415893555,0.199928850942725
0.2550969123840332,0.20028459622909997
0.2553675174713135,0.2006403415154749
0.2555375099182129,0.20099608680184988
0.25568318367004395,0.20135183208822482
0.2557389736175537,0.2017075773745998
0.25580525398254395,0.20206332266097474
0.25604772567749023,0.2024190679473497
0.2561037540435791,0.20277481323372465
0.2561345100402832,0.20313055852009962
0.2568352222442627,0.20348630380647456
0.25722646713256836,0.20384204909284953
0.25724077224731445,0.20419779437922447
0.25730228424072266,0.20455353966559944
0.257845401763916,0.20490928495197439
0.25809597969055176,0.20526503023834936
0.258342981338501,0.2056207755247243
0.2585597038269043,0.20597652081109924
0.25885581970214844,0.2063322660974742
0.2588677406311035,0.20668801138384915
0.2589528560638428,0.20704375667022412
0.2591133117675781,0.20739950195659906
0.259230375289917,0.20775524724297403
0.2592761516571045,0.20811099252934898
0.2593979835510254,0.20846673781572395
0.2594950199127197,0.2088224831020989
0.2597801685333252,0.20917822838847386
0.2597842216491699,0.2095339736748488
0.2602684497833252,0.20988971896122377
0.2603423595428467,0.2102454642475987
0.2609086036682129,0.21060120953397368
0.2613217830657959,0.21095695482034862
0.26134228706359863,0.2113127001067236
0.26183271408081055,0.21166844539309854
0.26229095458984375,0.2120241906794735
0.26231813430786133,0.21237993596584845
0.26303553581237793,0.21273568125222342
0.2635066509246826,0.21309142653859836
0.26351046562194824,0.21344717182497333
0.26363277435302734,0.21380291711134827
0.2636737823486328,0.21415866239772324
0.2639904022216797,0.21451440768409819
0.2639954090118408,0.21487015297047315
0.2643277645111084,0.2152258982568481
0.26438450813293457,0.21558164354322304
0.2644162178039551,0.215937388829598
0.2646656036376953,0.21629313411597295
0.26482152938842773,0.21664887940234792
0.26514625549316406,0.21700462468872286
0.26592493057250977,0.21736036997509783
0.26613569259643555,0.21771611526147278
0.26620984077453613,0.21807186054784775
0.26624131202697754,0.2184276058342227
0.266315221786499,0.21878335112059766
0.2666659355163574,0.2191390964069726
0.2669839859008789,0.21949484169334757
0.26702380180358887,0.2198505869797225
0.2673618793487549,0.22020633226609748
0.2680180072784424,0.22056207755247242
0.26834797859191895,0.2209178228388474
0.2690908908843994,0.22127356812522234
0.2691934108734131,0.2216293134115973
0.26948094367980957,0.22198505869797225
0.26972031593322754,0.22234080398434722
0.27008509635925293,0.22269654927072216
0.27011680603027344,0.22305229455709713
0.27039599418640137,0.22340803984347207
0.27047109603881836,0.22376378512984704
0.27119994163513184,0.22411953041622198
0.2712368965148926,0.22447527570259693
0.271451473236084,0.2248310209889719
0.27163171768188477,0.22518676627534684
0.2716498374938965,0.2255425115617218
0.2716982364654541,0.22589825684809675
0.2720921039581299,0.22625400213447172
0.27210211753845215,0.22660974742084666
0.2722346782684326,0.22696549270722163
0.2722749710083008,0.22732123799359658
0.27259230613708496,0.22767698327997155
0.2728281021118164,0.2280327285663465
0.2730562686920166,0.22838847385272146
0.2730717658996582,0.2287442191390964
0.27328920364379883,0.22909996442547137
0.273639440536499,0.2294557097118463
0.27402710914611816,0.22981145499822128
0.27442240715026855,0.23016720028459622
0.27463412284851074,0.2305229455709712
0.2747836112976074,0.23087869085734614
0.274843692779541,0.2312344361437211
0.2749154567718506,0.23159018143009605
0.27512168884277344,0.23194592671647102
0.2760152816772461,0.23230167200284596
0.2760634422302246,0.23265741728922093
0.2762138843536377,0.23301316257559587
0.27642130851745605,0.23336890786197084
0.2765023708343506,0.23372465314834578
0.2769434452056885,0.23408039843472073
0.2771947383880615,0.2344361437210957
0.2772562503814697,0.23479188900747064
0.27732086181640625,0.2351476342938456
0.2773783206939697,0.23550337958022055
0.27754688262939453,0.23585912486659552
0.27779674530029297,0.23621487015297046
0.2779042720794678,0.23657061543934543
0.27799010276794434,0.23692636072572038
0.2780284881591797,0.23728210601209535
0.27816343307495117,0.2376378512984703
0.27820348739624023,0.23799359658484526
0.2783012390136719,0.2383493418712202
0.27849793434143066,0.23870508715759517
0.278548002243042,0.2390608324439701
0.27858901023864746,0.23941657773034508
0.2785985469818115,0.23977232301672002
0.2789590358734131,0.240128068303095
0.2794795036315918,0.24048381358946994
0.2798280715942383,0.2408395588758449
0.2801671028137207,0.24119530416221985
0.2810952663421631,0.24155104944859482
0.28112077713012695,0.24190679473496976
0.28176236152648926,0.24226254002134473
0.2822144031524658,0.24261828530771967
0.28230857849121094,0.24297403059409464
0.2827422618865967,0.24332977588046958
0.2828338146209717,0.24368552116684453
0.2832939624786377,0.2440412664532195
0.28337740898132324,0.24439701173959444
0.28348374366760254,0.2447527570259694
0.28354787826538086,0.24510850231234435
0.2836310863494873,0.24546424759871932
0.28373074531555176,0.24581999288509426
0.28377866744995117,0.24617573817146923
0.2840085029602051,0.24653148345784417
0.2841224670410156,0.24688722874421914
0.28420495986938477,0.2472429740305941
0.28428053855895996,0.24759871931696906
0.2844808101654053,0.247954464603344
0.28460168838500977,0.24831020988971897
0.2846400737762451,0.2486659551760939
0.28464245796203613,0.24902170046246888
0.28473353385925293,0.24937744574884382
0.28516530990600586,0.2497331910352188
0.2852332592010498,0.25008893632159374
0.28531622886657715,0.2504446816079687
0.28553271293640137,0.2508004268943437
0.28575634956359863,0.2511561721807186
0.28589677810668945,0.25151191746709356
0.28624939918518066,0.2518676627534685
0.28670358657836914,0.2522234080398435
0.28675007820129395,0.25257915332621844
0.2871580123901367,0.2529348986125934
0.2875223159790039,0.2532906438989683
0.2877018451690674,0.25364638918534327
0.28802943229675293,0.25400213447171827
0.2886507511138916,0.2543578797580932
0.28890395164489746,0.25471362504446815
0.2890512943267822,0.2550693703308431
0.2890589237213135,0.2554251156172181
0.28910398483276367,0.25578086090359303
0.2893836498260498,0.256136606189968
0.28945422172546387,0.2564923514763429
0.2895772457122803,0.2568480967627179
0.2896559238433838,0.25720384204909286
0.2901434898376465,0.2575595873354678
0.2901785373687744,0.25791533262184274
0.2903556823730469,0.25827107790821774
0.2904543876647949,0.2586268231945927
0.2906830310821533,0.2589825684809676
0.2908210754394531,0.25933831376734257
0.29149913787841797,0.25969405905371756
0.2915022373199463,0.2600498043400925
0.29152417182922363,0.26040554962646745
0.2917959690093994,0.2607612949128424
0.29192352294921875,0.2611170401992174
0.291928768157959,0.26147278548559233
0.29198527336120605,0.26182853077196727
0.292050838470459,0.2621842760583422
0.29245734214782715,0.26254002134471716
0.29245972633361816,0.26289576663109215
0.292691707611084,0.2632515119174671
0.2929980754852295,0.26360725720384204
0.29309725761413574,0.263963002490217
0.2931997776031494,0.264318747776592
0.29323601722717285,0.2646744930629669
0.29418444633483887,0.26503023834934186
0.2943856716156006,0.2653859836357168
0.29499292373657227,0.2657417289220918
0.2953317165374756,0.26609747420846674
0.29541540145874023,0.2664532194948417
0.29542040824890137,0.26680896478121663
0.295428991317749,0.2671647100675916
0.29551148414611816,0.26752045535396657
0.29602980613708496,0.2678762006403415
0.29604268074035645,0.26823194592671645
0.296112060546875,0.26858769121309145
0.29636621475219727,0.2689434364994664
0.2965669631958008,0.26929918178584134
0.29688191413879395,0.2696549270722163
0.2971518039703369,0.2700106723585913
0.2973659038543701,0.2703664176449662
0.2978217601776123,0.27072216293134116
0.2979390621185303,0.2710779082177161
0.298015832901001,0.27143365350409104
0.29815173149108887,0.27178939879046604
0.2989480495452881,0.272145144076841
0.2992744445800781,0.2725008893632159
0.299680233001709,0.27285663464959087
0.29971861839294434,0.27321237993596587
0.2998926639556885,0.2735681252223408
0.3005805015563965,0.27392387050871575
0.3006274700164795,0.2742796157950907
0.3008403778076172,0.2746353610814657
0.30115818977355957,0.27499110636784063
0.30150628089904785,0.2753468516542156
0.30173397064208984,0.2757025969405905
0.30185580253601074,0.2760583422269655
0.3021259307861328,0.27641408751334046
0.30249905586242676,0.2767698327997154
0.3030431270599365,0.27712557808609034
0.3041572570800781,0.27748132337246534
0.3044106960296631,0.2778370686588403
0.30458617210388184,0.2781928139452152
0.3056349754333496,0.27854855923159016
0.30596089363098145,0.27890430451796516
0.3060615062713623,0.2792600498043401
0.30618834495544434,0.27961579509071505
0.3063807487487793,0.27997154037709
0.3063833713531494,0.280327285663465
0.30663156509399414,0.28068303094983993
0.30702662467956543,0.28103877623621487
0.3070943355560303,0.2813945215225898
0.30721187591552734,0.28175026680896476
0.3072171211242676,0.28210601209533975
0.3074331283569336,0.2824617573817147
0.3086550235748291,0.28281750266808964
0.3092024326324463,0.2831732479544646
0.3093900680541992,0.2835289932408396
0.30941057205200195,0.2838847385272145
0.309600830078125,0.28424048381358946
0.30966901779174805,0.2845962290999644
0.30992937088012695,0.2849519743863394
0.31000375747680664,0.28530771967271434
0.310044527053833,0.2856634649590893
0.3104114532470703,0.28601921024546423
0.3105597496032715,0.2863749555318392
0.310563325881958,0.28673070081821417
0.31107306480407715,0.2870864461045891
0.311199426651001,0.28744219139096405
0.31132054328918457,0.28779793667733905
0.3113241195678711,0.288153681963714
0.31153345108032227,0.28850942725008893
0.3123149871826172,0.2888651725364639
0.3126943111419678,0.2892209178228389
0.3128652572631836,0.2895766631092138
0.31304168701171875,0.28993240839558876
0.3132333755493164,0.2902881536819637
0.3143482208251953,0.29064389896833864
0.3144035339355469,0.29099964425471364
0.31458401679992676,0.2913553895410886
0.3146169185638428,0.2917111348274635
0.3146657943725586,0.29206688011383847
0.31477856636047363,0.29242262540021347
0.315061092376709,0.2927783706865884
0.3152284622192383,0.29313411597296335
0.3153865337371826,0.2934898612593383
0.3157508373260498,0.2938456065457133
0.31575965881347656,0.29420135183208823
0.3159925937652588,0.2945570971184632
0.31719517707824707,0.2949128424048381
0.3174710273742676,0.2952685876912131
0.3185601234436035,0.29562433297758806
0.31868958473205566,0.295980078263963
0.3188016414642334,0.29633582355033794
0.31930971145629883,0.29669156883671294
0.31940412521362305,0.2970473141230879
0.3198213577270508,0.2974030594094628
0.3198869228363037,0.29775880469583776
0.32010316848754883,0.29811454998221276
0.320847749710083,0.2984702952685877
0.320894718170166,0.29882604055496265
0.32194089889526367,0.2991817858413376
0.3222939968109131,0.29953753112771253
0.3224372863769531,0.29989327641408753
0.3225250244140625,0.30024902170046247
0.3226292133331299,0.3006047669868374
0.32275962829589844,0.30096051227321235
0.32278943061828613,0.30131625755958735
0.3227987289428711,0.3016720028459623
0.32427072525024414,0.30202774813233724
0.3248710632324219,0.3023834934187122
0.32527923583984375,0.3027392387050872
0.325610876083374,0.3030949839914621
0.3256795406341553,0.30345072927783706
0.3257443904876709,0.303806474564212
0.3260641098022461,0.304162219850587
0.32611608505249023,0.30451796513696194
0.32639026641845703,0.3048737104233369
0.3265070915222168,0.3052294557097118
0.32663750648498535,0.3055852009960868
0.326768159866333,0.30594094628246177
0.3270411491394043,0.3062966915688367
0.32706117630004883,0.30665243685521165
0.3272736072540283,0.30700818214158665
0.32734131813049316,0.3073639274279616
0.32746410369873047,0.30771967271433653
0.3281426429748535,0.3080754180007115
0.32830357551574707,0.3084311632870864
0.32857465744018555,0.3087869085734614
0.32872986793518066,0.30914265385983636
0.3287835121154785,0.3094983991462113
0.32911014556884766,0.30985414443258624
0.3292512893676758,0.31020988971896124
0.3295247554779053,0.3105656350053362
0.3298919200897217,0.3109213802917111
0.3301048278808594,0.31127712557808607
0.33144664764404297,0.31163287086446106
0.33205556869506836,0.311988616150836
0.33205699920654297,0.31234436143721095
0.33241868019104004,0.3127001067235859
0.3324759006500244,0.3130558520099609
0.3328733444213867,0.31341159729633583
0.333005428314209,0.3137673425827108
0.3331568241119385,0.3141230878690857
0.33321070671081543,0.3144788331554607
0.33327198028564453,0.31483457844183566
0.3334615230560303,0.3151903237282106
0.3336353302001953,0.31554606901458554
0.3337059020996094,0.31590181430096054
0.3339841365814209,0.3162575595873355
0.3355417251586914,0.3166133048737104
0.33620119094848633,0.31696905016008536
0.33620381355285645,0.31732479544646036
0.33626651763916016,0.3176805407328353
0.3365929126739502,0.31803628601921025
0.33663201332092285,0.3183920313055852
0.3366732597351074,0.31874777659196013
0.33674144744873047,0.31910352187833513
0.3371591567993164,0.31945926716471007
0.33724522590637207,0.319815012451085
0.33738231658935547,0.32017075773745995
0.3375115394592285,0.32052650302383495
0.33855342864990234,0.3208822483102099
0.33861708641052246,0.32123799359658484
0.3388397693634033,0.3215937388829598
0.33896899223327637,0.3219494841693348
0.3392672538757324,0.3223052294557097
0.3404974937438965,0.32266097474208466
0.3408219814300537,0.3230167200284596
0.3410491943359375,0.3233724653148346
0.3414456844329834,0.32372821060120954
0.3415353298187256,0.3240839558875845
0.3415822982788086,0.3244397011739594
0.3417165279388428,0.3247954464603344
0.3418161869049072,0.32515119174670937
0.3418545722961426,0.3255069370330843
0.342710018157959,0.32586268231945925
0.3427424430847168,0.32621842760583425
0.3429281711578369,0.3265741728922092
0.3430361747741699,0.32692991817858413
0.34309911727905273,0.3272856634649591
0.3431391716003418,0.327641408751334
0.3433825969696045,0.327997154037709
0.3434312343597412,0.32835289932408396
0.3437347412109375,0.3287086446104589
0.34381771087646484,0.32906438989683384
0.344191312789917,0.32942013518320884
0.3444235324859619,0.3297758804695838
0.3446946144104004,0.3301316257559587
0.34485626220703125,0.33048737104233367
0.3449234962463379,0.33084311632870866
0.3450589179992676,0.3311988616150836
0.34513068199157715,0.33155460690145855
0.3452765941619873,0.3319103521878335
0.3454768657684326,0.3322660974742085
0.34574365615844727,0.33262184276058343
0.3460080623626709,0.3329775880469584
0.3462181091308594,0.3333333333333333
0.34674668312072754,0.3336890786197083
0.3467857837677002,0.33404482390608325
0.34696316719055176,0.3344005691924582
0.3469822406768799,0.33475631447883314
0.34806156158447266,0.33511205976520814
0.3481287956237793,0.3354678050515831
0.3482356071472168,0.335823550337958
0.34839582443237305,0.33617929562433296
0.35057520866394043,0.3365350409107079
0.3505997657775879,0.3368907861970829
0.35085320472717285,0.33724653148345785
0.35097813606262207,0.3376022767698328
0.35100245475769043,0.33795802205620773
0.3510901927947998,0.3383137673425827
0.351456880569458,0.33866951262895767
0.35170507431030273,0.3390252579153326
0.35202479362487793,0.33938100320170755
0.3526496887207031,0.33973674848808255
0.35296010971069336,0.3400924937744575
0.35353636741638184,0.34044823906083244
0.35373449325561523,0.3408039843472074
0.3538529872894287,0.3411597296335824
0.35401463508605957,0.3415154749199573
0.35426950454711914,0.34187122020633226
0.3544750213623047,0.3422269654927072
0.35500526428222656,0.3425827107790822
0.35503721237182617,0.34293845606545714
0.35552144050598145,0.3432942013518321
0.35594725608825684,0.343649946638207
0.35601234436035156,0.344005691924582
0.35669422149658203,0.34436143721095697
0.3568720817565918,0.3447171824973319
0.35694265365600586,0.34507292778370685
0.3572256565093994,0.34542867307008185
0.3574714660644531,0.3457844183564568
0.35765957832336426,0.34614016364283173
0.35775160789489746,0.3464959089292067
0.35808515548706055,0.3468516542155816
0.3581368923187256,0.3472073995019566
0.3588073253631592,0.34756314478833156
0.35883116722106934,0.3479188900747065
0.35892796516418457,0.34827463536108144
0.3589651584625244,0.34863038064745644
0.35909605026245117,0.3489861259338314
0.35910820960998535,0.3493418712202063
0.35920047760009766,0.34969761650658127
0.3596622943878174,0.35005336179295626
0.3596985340118408,0.3504091070793312
0.35977888107299805,0.35076485236570615
0.35983872413635254,0.3511205976520811
0.35991501808166504,0.3514763429384561
0.35994553565979004,0.35183208822483103
0.3602588176727295,0.35218783351120597
0.3603780269622803,0.3525435787975809
0.3607347011566162,0.3528993240839559
0.3609020709991455,0.35325506937033085
0.3609938621520996,0.3536108146567058
0.3619496822357178,0.35396655994308074
0.36197972297668457,0.35432230522945574
0.36210036277770996,0.3546780505158307
0.362255334854126,0.3550337958022056
0.36232781410217285,0.35538954108858056
0.3628866672515869,0.3557452863749555
0.36294007301330566,0.3561010316613305
0.36306142807006836,0.35645677694770544
0.36337733268737793,0.3568125222340804
0.36356616020202637,0.35716826752045533
0.36387205123901367,0.3575240128068303
0.3641080856323242,0.35787975809320527
0.36441850662231445,0.3582355033795802
0.3647594451904297,0.35859124866595515
0.3649861812591553,0.35894699395233015
0.36533594131469727,0.3593027392387051
0.3653714656829834,0.35965848452508004
0.3658332824707031,0.360014229811455
0.365863561630249,0.36036997509783
0.36606740951538086,0.3607257203842049
0.366868257522583,0.36108146567057986
0.36701226234436035,0.3614372109569548
0.36702799797058105,0.3617929562433298
0.36735987663269043,0.36214870152970474
0.3675832748413086,0.3625044468160797
0.367617130279541,0.3628601921024546
0.36763906478881836,0.3632159373888296
0.3678615093231201,0.36357168267520457
0.3679640293121338,0.3639274279615795
0.3680715560913086,0.36428317324795445
0.3685262203216553,0.3646389185343294
0.368682861328125,0.3649946638207044
0.3689155578613281,0.36535040910707933
0.36895108222961426,0.3657061543934543
0.3690507411956787,0.3660618996798292
0.36924242973327637,0.3664176449662042
0.3695082664489746,0.36677339025257916
0.3695492744445801,0.3671291355389541
0.36998796463012695,0.36748488082532904
0.37003040313720703,0.36784062611170404
0.37023377418518066,0.368196371398079
0.3703289031982422,0.3685521166844539
0.37048888206481934,0.36890786197082887
0.3713266849517822,0.36926360725720386
0.37154436111450195,0.3696193525435788
0.37172937393188477,0.36997509782995375
0.37201380729675293,0.3703308431163287
0.37369394302368164,0.3706865884027037
0.3737940788269043,0.37104233368907863
0.3737983703613281,0.37139807897545357
0.37409400939941406,0.3717538242618285
0.3745238780975342,0.3721095695482035
0.3747518062591553,0.37246531483457845
0.3752591609954834,0.3728210601209534
0.3752875328063965,0.37317680540732834
0.3758697509765625,0.37353255069370334
0.3775508403778076,0.3738882959800783
0.3775811195373535,0.3742440412664532
0.3782618045806885,0.37459978655282816
0.37827014923095703,0.3749555318392031
0.37846922874450684,0.3753112771255781
0.37866878509521484,0.37566702241195304
0.37926244735717773,0.376022767698328
0.37943434715270996,0.37637851298470293
0.37969017028808594,0.3767342582710779
0.3798394203186035,0.37709000355745287
0.3805525302886963,0.3774457488438278
0.38055920600891113,0.37780149413020275
0.3809061050415039,0.37815723941657775
0.38097071647644043,0.3785129847029527
0.38097667694091797,0.37886872998932764
0.3811948299407959,0.3792244752757026
0.3815586566925049,0.3795802205620776
0.3820028305053711,0.3799359658484525
0.3827977180480957,0.38029171113482746
0.383328914642334,0.3806474564212024
0.38370752334594727,0.3810032017075774
0.3840184211730957,0.38135894699395234
0.3846139907836914,0.3817146922803273
0.3847920894622803,0.3820704375667022
0.3849518299102783,0.3824261828530772
0.3849828243255615,0.38278192813945217
0.3852572441101074,0.3831376734258271
0.3858976364135742,0.38349341871220205
0.3860032558441162,0.383849163998577
0.3863086700439453,0.384204909284952
0.3885154724121094,0.38456065457132693
0.3889005184173584,0.3849163998577019
0.3890950679779053,0.3852721451440768
0.3890979290008545,0.3856278904304518
0.38998961448669434,0.38598363571682676
0.39019107818603516,0.3863393810032017
0.3903310298919678,0.38669512628957664
0.3907735347747803,0.38705087157595164
0.39111971855163574,0.3874066168623266
0.39122819900512695,0.3877623621487015
0.3913452625274658,0.38811810743507646
0.39269232749938965,0.38847385272145146
0.3928525447845459,0.3888295980078264
0.392927885055542,0.38918534329420135
0.39357542991638184,0.3895410885805763
0.3938639163970947,0.3898968338669513
0.39400720596313477,0.39025257915332623
0.39453625679016113,0.39060832443970117
0.3947291374206543,0.3909640697260761
0.3948512077331543,0.3913198150124511
0.3948705196380615,0.39167556029882605
0.39539480209350586,0.392031305585201
0.3956778049468994,0.39238705087157594
0.39647793769836426,0.3927427961579509
0.39691996574401855,0.3930985414443259
0.3970019817352295,0.3934542867307008
0.3973250389099121,0.39381003201707576
0.3973660469055176,0.3941657773034507
0.39751553535461426,0.3945215225898257
0.3975398540496826,0.39487726787620064
0.3980402946472168,0.3952330131625756
0.3980438709259033,0.39558875844895053
0.398120641708374,0.3959445037353255
0.3983635902404785,0.39630024902170047
0.3988823890686035,0.3966559943080754
0.3999342918395996,0.39701173959445035
0.3999900817871094,0.39736748488082535
0.40041422843933105,0.3977232301672003
0.40047383308410645,0.39807897545357523
0.4012739658355713,0.3984347207399502
0.40161919593811035,0.3987904660263252
0.4018218517303467,0.3991462113127001
0.40192413330078125,0.39950195659907506
0.4024345874786377,0.39985770188545
0.40256547927856445,0.400213447171825
0.4025721549987793,0.40056919245819994
0.40261340141296387,0.4009249377445749
0.4035165309906006,0.4012806830309498
0.40430641174316406,0.4016364283173248
0.4044182300567627,0.40199217360369977
0.4051504135131836,0.4023479188900747
0.40531444549560547,0.40270366417644965
0.40547633171081543,0.4030594094628246
0.40560412406921387,0.4034151547491996
0.405703067779541,0.40377090003557453
0.40613651275634766,0.4041266453219495
0.40709829330444336,0.4044823906083244
0.40723752975463867,0.4048381358946994
0.4072718620300293,0.40519388118107436
0.4073033332824707,0.4055496264674493
0.407367467880249,0.40590537175382424
0.4079151153564453,0.40626111704019924
0.40813612937927246,0.4066168623265742
0.40836167335510254,0.4069726076129491
0.4087080955505371,0.40732835289932406
0.4089233875274658,0.40768409818569906
0.40895700454711914,0.408039843472074
0.40913844108581543,0.40839558875844895
0.4092752933502197,0.4087513340448239
0.4093160629272461,0.4091070793311989
0.40964555740356445,0.40946282461757383
0.4099435806274414,0.40981856990394877
0.4105820655822754,0.4101743151903237
0.41060662269592285,0.4105300604766987
0.4112868309020996,0.41088580576307365
0.4114828109741211,0.4112415510494486
0.41167593002319336,0.41159729633582354
0.4122195243835449,0.4119530416221985
0.41284966468811035,0.4123087869085735
0.4134821891784668,0.4126645321949484
0.4144706726074219,0.41302027748132336
0.41467905044555664,0.4133760227676983
0.41597938537597656,0.4137317680540733
0.4163541793823242,0.41408751334044824
0.41666412353515625,0.4144432586268232
0.41724348068237305,0.4147990039131981
0.4173154830932617,0.4151547491995731
0.4178049564361572,0.41551049448594807
0.41783618927001953,0.415866239772323
0.41838598251342773,0.41622198505869795
0.41873908042907715,0.41657773034507295
0.4204092025756836,0.4169334756314479
0.420731782913208,0.41728922091782283
0.42073583602905273,0.4176449662041978
0.42105746269226074,0.4180007114905728
0.42107367515563965,0.4183564567769477
0.42212438583374023,0.41871220206332266
0.422515869140625,0.4190679473496976
0.4229707717895508,0.4194236926360726
0.42346858978271484,0.41977943792244754
0.42351269721984863,0.4201351832088225
0.42354893684387207,0.4204909284951974
0.4236266613006592,0.42084667378157237
0.4253256320953369,0.42120241906794736
0.42533135414123535,0.4215581643543223
0.4265427589416504,0.42191390964069725
0.4265785217285156,0.4222696549270722
0.4270038604736328,0.4226254002134472
0.42702245712280273,0.42298114549982213
0.42747068405151367,0.4233368907861971
0.4274883270263672,0.423692636072572
0.42801785469055176,0.424048381358947
0.42805981636047363,0.42440412664532196
0.42807888984680176,0.4247598719316969
0.4281158447265625,0.42511561721807184
0.4283487796783447,0.42547136250444684
0.4286046028137207,0.4258271077908218
0.4294257164001465,0.4261828530771967
0.4294908046722412,0.42653859836357166
0.42980527877807617,0.42689434364994666
0.43056368827819824,0.4272500889363216
0.43076634407043457,0.42760583422269655
0.4307723045349121,0.4279615795090715
0.43078160285949707,0.4283173247954465
0.43131566047668457,0.42867307008182143
0.4323587417602539,0.42902881536819637
0.4327826499938965,0.4293845606545713
0.4330871105194092,0.4297403059409463
0.4335026741027832,0.43009605122732125
0.43450021743774414,0.4304517965136962
0.4346449375152588,0.43080754180007114
0.4348423480987549,0.4311632870864461
0.4349019527435303,0.4315190323728211
0.43535470962524414,0.431874777659196
0.43613696098327637,0.43223052294557096
0.4364287853240967,0.4325862682319459
0.43680357933044434,0.4329420135183209
0.4372556209564209,0.43329775880469584
0.4373624324798584,0.4336535040910708
0.4379708766937256,0.4340092493774457
0.4379897117614746,0.4343649946638207
0.438018798828125,0.43472073995019567
0.4380970001220703,0.4350764852365706
0.4383053779602051,0.43543223052294555
0.4386482238769531,0.43578797580932055
0.4386594295501709,0.4361437210956955
0.4387032985687256,0.43649946638207043
0.4395432472229004,0.4368552116684454
0.4395434856414795,0.4372109569548204
0.43956518173217773,0.4375667022411953
0.4405083656311035,0.43792244752757026
0.44178342819213867,0.4382781928139452
0.44221019744873047,0.4386339381003202
0.44262027740478516,0.43898968338669514
0.4427187442779541,0.4393454286730701
0.44283294677734375,0.439701173959445
0.4432942867279053,0.44005691924581997
0.44336438179016113,0.44041266453219496
0.444730281829834,0.4407684098185699
0.44502830505371094,0.44112415510494485
0.445054292678833,0.4414799003913198
0.4453916549682617,0.4418356456776948
0.4454772472381592,0.44219139096406973
0.4456639289855957,0.4425471362504447
0.446636438369751,0.4429028815368196
0.44670629501342773,0.4432586268231946
0.4468097686767578,0.44361437210956955
0.446871280670166,0.4439701173959445
0.44725704193115234,0.44432586268231944
0.44734883308410645,0.44468160796869444
0.44789743423461914,0.4450373532550694
0.44820618629455566,0.4453930985414443
0.449282169342041,0.44574884382781926
0.449507474899292,0.44610458911419426
0.44963526725769043,0.4464603344005692
0.45030832290649414,0.44681607968694415
0.45064759254455566,0.4471718249733191
0.45249319076538086,0.4475275702596941
0.45314645767211914,0.447883315546069
0.4543612003326416,0.44823906083244397
0.4543874263763428,0.4485948061188189
0.45484423637390137,0.44895055140519385
0.45548534393310547,0.44930629669156885
0.4556722640991211,0.4496620419779438
0.4558145999908447,0.45001778726431874
0.45587897300720215,0.4503735325506937
0.456043004989624,0.4507292778370687
0.4568464756011963,0.4510850231234436
0.45695948600769043,0.45144076840981856
0.4572017192840576,0.4517965136961935
0.45784950256347656,0.4521522589825685
0.4578895568847656,0.45250800426894344
0.4579617977142334,0.4528637495553184
0.4582538604736328,0.4532194948416933
0.45830297470092773,0.4535752401280683
0.45830631256103516,0.45393098541444327
0.45833444595336914,0.4542867307008182
0.45841455459594727,0.45464247598719315
0.4588351249694824,0.45499822127356815
0.45893096923828125,0.4553539665599431
0.45957088470458984,0.45570971184631803
0.4598093032836914,0.456065457132693
0.4600541591644287,0.456421202419068
0.4606945514678955,0.4567769477054429
0.4607889652252197,0.45713269299181786
0.4622623920440674,0.4574884382781928
0.462390661239624,0.4578441835645678
0.4624216556549072,0.45819992885094274
0.46324682235717773,0.4585556741373177
0.46341490745544434,0.4589114194236926
0.4635143280029297,0.45926716471006757
0.4641861915588379,0.45962290999644256
0.46465563774108887,0.4599786552828175
0.4650404453277588,0.46033440056919245
0.46510839462280273,0.4606901458555674
0.46511054039001465,0.4610458911419424
0.46515583992004395,0.46140163642831733
0.4652714729309082,0.46175738171469227
0.4653143882751465,0.4621131270010672
0.4653444290161133,0.4624688722874422
0.4656486511230469,0.46282461757381715
0.46573638916015625,0.4631803628601921
0.4657421112060547,0.46353610814656704
0.4658317565917969,0.46389185343294204
0.4661436080932617,0.464247598719317
0.46630024909973145,0.4646033440056919
0.4673795700073242,0.46495908929206686
0.4676971435546875,0.46531483457844186
0.4683661460876465,0.4656705798648168
0.4689807891845703,0.46602632515119174
0.469346284866333,0.4663820704375667
0.46964192390441895,0.4667378157239417
0.47001147270202637,0.4670935610103166
0.470318078994751,0.46744930629669157
0.47033071517944336,0.4678050515830665
0.47033238410949707,0.46816079686944145
0.47063493728637695,0.46851654215581645
0.4706718921661377,0.4688722874421914
0.470703125,0.46922803272856634
0.4710557460784912,0.4695837780149413
0.4713277816772461,0.4699395233013163
0.47158169746398926,0.4702952685876912
0.47173309326171875,0.47065101387406616
0.47229647636413574,0.4710067591604411
0.4724268913269043,0.4713625044468161
0.47249579429626465,0.47171824973319104
0.47255921363830566,0.472073995019566
0.4725911617279053,0.4724297403059409
0.47269701957702637,0.4727854855923159
0.4727351665496826,0.47314123087869087
0.4732532501220703,0.4734969761650658
0.47347021102905273,0.47385272145144075
0.47354745864868164,0.47420846673781575
0.4742588996887207,0.4745642120241907
0.4744303226470947,0.47491995731056563
0.47483325004577637,0.4752757025969406
0.4750192165374756,0.4756314478833156
0.47534823417663574,0.4759871931696905
0.47613978385925293,0.47634293845606546
0.4762704372406006,0.4766986837424404
0.47666430473327637,0.47705442902881534
0.4768643379211426,0.47741017431519034
0.4777557849884033,0.4777659196015653
0.4782216548919678,0.4781216648879402
0.4784739017486572,0.47847741017431517
0.4789614677429199,0.47883315546069016
0.48033833503723145,0.4791889007470651
0.48063206672668457,0.47954464603344005
0.4807727336883545,0.479900391319815
0.4818131923675537,0.48025613660619
0.48235654830932617,0.48061188189256493
0.48247861862182617,0.48096762717893987
0.4825406074523926,0.4813233724653148
0.4826176166534424,0.4816791177516898
0.4830052852630615,0.48203486303806475
0.4843597412109375,0.4823906083244397
0.48462820053100586,0.48274635361081464
0.4848358631134033,0.48310209889718964
0.4849720001220703,0.4834578441835646
0.4853377342224121,0.4838135894699395
0.48534703254699707,0.48416933475631446
0.48546504974365234,0.48452508004268946
0.4856584072113037,0.4848808253290644
0.48569750785827637,0.48523657061543934
0.4858133792877197,0.4855923159018143
0.48622584342956543,0.4859480611881893
0.48632121086120605,0.4863038064745642
0.48633503913879395,0.48665955176093917
0.48648524284362793,0.4870152970473141
0.48745274543762207,0.48737104233368905
0.48746323585510254,0.48772678762006405
0.48769497871398926,0.488082532906439
0.48773193359375,0.48843827819281393
0.4878401756286621,0.4887940234791889
0.4881007671356201,0.4891497687655639
0.48835206031799316,0.4895055140519388
0.48840785026550293,0.48986125933831376
0.488574743270874,0.4902170046246887
0.48879027366638184,0.4905727499110637
0.48893070220947266,0.49092849519743864
0.48905181884765625,0.4912842404838136
0.48909616470336914,0.4916399857701885
0.4891324043273926,0.4919957310565635
0.4893615245819092,0.49235147634293847
0.48943471908569336,0.4927072216293134
0.49004197120666504,0.49306296691568835
0.4904141426086426,0.49341871220206335
0.4905829429626465,0.4937744574884383
0.4909341335296631,0.49413020277481323
0.4911961555480957,0.4944859480611882
0.4913914203643799,0.49484169334756317
0.49230122566223145,0.4951974386339381
0.49239134788513184,0.49555318392031306
0.49248385429382324,0.495908929206688
0.49257898330688477,0.49626467449306294
0.4927995204925537,0.49662041977943794
0.4933896064758301,0.4969761650658129
0.49343252182006836,0.4973319103521878
0.49360156059265137,0.49768765563856276
0.494128942489624,0.49804340092493776
0.4942622184753418,0.4983991462113127
0.4947378635406494,0.49875489149768765
0.49478721618652344,0.4991106367840626
0.49486565589904785,0.4994663820704376
0.49492835998535156,0.49982212735681253
0.49538350105285645,0.5001778726431875
0.495410680770874,0.5005336179295624
0.4955153465270996,0.5008893632159374
0.49566650390625,0.5012451085023123
0.4957756996154785,0.5016008537886874
0.49597716331481934,0.5019565990750623
0.49619221687316895,0.5023123443614372
0.49761247634887695,0.5026680896478122
0.49851369857788086,0.5030238349341871
0.4987952709197998,0.5033795802205621
0.49924778938293457,0.503735325506937
0.4995591640472412,0.504091070793312
0.5006201267242432,0.504446816079687
0.5006406307220459,0.5048025613660619
0.5017108917236328,0.5051583066524369
0.5023810863494873,0.5055140519388118
0.502676248550415,0.5058697972251868
0.5029392242431641,0.5062255425115617
0.5032525062561035,0.5065812877979367
0.5034372806549072,0.5069370330843116
0.5038156509399414,0.5072927783706865
0.5038683414459229,0.5076485236570616
0.504159688949585,0.5080042689434365
0.5042223930358887,0.5083600142298115
0.50453782081604,0.5087157595161864
0.50469970703125,0.5090715048025614
0.5051729679107666,0.5094272500889363
0.5054185390472412,0.5097829953753112
0.5059549808502197,0.5101387406616862
0.5071260929107666,0.5104944859480612
0.5071332454681396,0.5108502312344362
0.5077652931213379,0.5112059765208111
0.5081987380981445,0.5115617218071861
0.5082657337188721,0.511917467093561
0.5084266662597656,0.512273212379936
0.508554220199585,0.5126289576663109
0.5118598937988281,0.5129847029526858
0.5123388767242432,0.5133404482390609
0.5130422115325928,0.5136961935254358
0.5131304264068604,0.5140519388118108
0.5137734413146973,0.5144076840981857
0.5142028331756592,0.5147634293845607
0.5143966674804688,0.5151191746709356
0.5147740840911865,0.5154749199573105
0.5148670673370361,0.5158306652436855
0.5149078369140625,0.5161864105300604
0.5150744915008545,0.5165421558164355
0.5154950618743896,0.5168979011028104
0.5161921977996826,0.5172536463891854
0.5165555477142334,0.5176093916755603
0.5167913436889648,0.5179651369619352
0.5181896686553955,0.5183208822483102
0.5184566974639893,0.5186766275346851
0.518801212310791,0.5190323728210601
0.5192208290100098,0.5193881181074351
0.5193564891815186,0.5197438633938101
0.5198338031768799,0.520099608680185
0.520348072052002,0.52045535396656
0.5210723876953125,0.5208110992529349
0.5213944911956787,0.5211668445393098
0.5215890407562256,0.5215225898256848
0.5221567153930664,0.5218783351120597
0.5243430137634277,0.5222340803984348
0.5254604816436768,0.5225898256848097
0.5256414413452148,0.5229455709711847
0.5267722606658936,0.5233013162575596
0.527475118637085,0.5236570615439345
0.5275752544403076,0.5240128068303095
0.5295994281768799,0.5243685521166844
0.5297276973724365,0.5247242974030594
0.5298521518707275,0.5250800426894343
0.5302760601043701,0.5254357879758094
0.530430793762207,0.5257915332621843
0.5305485725402832,0.5261472785485592
0.5306596755981445,0.5265030238349342
0.5311987400054932,0.5268587691213091
0.5312156677246094,0.5272145144076841
0.5313363075256348,0.527570259694059
0.5315911769866943,0.527926004980434
0.5320525169372559,0.528281750266809
0.5325336456298828,0.528637495553184
0.533149242401123,0.5289932408395589
0.5332491397857666,0.5293489861259338
0.5332632064819336,0.5297047314123088
0.5335569381713867,0.5300604766986837
0.5337257385253906,0.5304162219850587
0.5345768928527832,0.5307719672714336
0.5353596210479736,0.5311277125578087
0.537139892578125,0.5314834578441836
0.5371875762939453,0.5318392031305585
0.5384438037872314,0.5321949484169335
0.5386643409729004,0.5325506937033084
0.5396769046783447,0.5329064389896834
0.5397906303405762,0.5332621842760583
0.5399422645568848,0.5336179295624333
0.540330171585083,0.5339736748488082
0.5404369831085205,0.5343294201351833
0.540532112121582,0.5346851654215582
0.5410358905792236,0.5350409107079331
0.5411720275878906,0.5353966559943081
0.5414016246795654,0.535752401280683
0.5430257320404053,0.536108146567058
0.5430371761322021,0.5364638918534329
0.5434436798095703,0.5368196371398078
0.543708086013794,0.5371753824261829
0.5438401699066162,0.5375311277125578
0.5446093082427979,0.5378868729989328
0.5447821617126465,0.5382426182853077
0.5449032783508301,0.5385983635716827
0.5449845790863037,0.5389541088580576
0.5462203025817871,0.5393098541444326
0.5462803840637207,0.5396655994308075
0.5473403930664062,0.5400213447171825
0.5484302043914795,0.5403770900035575
0.549109697341919,0.5407328352899324
0.5495085716247559,0.5410885805763074
0.550421953201294,0.5414443258626823
0.550957202911377,0.5418000711490573
0.5512492656707764,0.5421558164354322
0.5528731346130371,0.5425115617218071
0.553795576095581,0.5428673070081821
0.5543100833892822,0.5432230522945571
0.5544013977050781,0.5435787975809321
0.5544555187225342,0.543934542867307
0.5546178817749023,0.544290288153682
0.5554895401000977,0.5446460334400569
0.5561351776123047,0.5450017787264319
0.556469202041626,0.5453575240128068
0.5574629306793213,0.5457132692991817
0.5580430030822754,0.5460690145855568
0.5585141181945801,0.5464247598719317
0.5585620403289795,0.5467805051583067
0.5586915016174316,0.5471362504446816
0.558866024017334,0.5474919957310566
0.55954909324646,0.5478477410174315
0.5595617294311523,0.5482034863038064
0.5596261024475098,0.5485592315901814
0.5601298809051514,0.5489149768765564
0.5603044033050537,0.5492707221629314
0.5608129501342773,0.5496264674493063
0.5608892440795898,0.5499822127356813
0.5614595413208008,0.5503379580220562
0.5618109703063965,0.5506937033084311
0.5638136863708496,0.5510494485948061
0.5638611316680908,0.551405193881181
0.5639750957489014,0.551760939167556
0.5647356510162354,0.552116684453931
0.5649902820587158,0.552472429740306
0.5654757022857666,0.5528281750266809
0.5657541751861572,0.5531839203130559
0.5665521621704102,0.5535396655994308
0.5688555240631104,0.5538954108858057
0.5691957473754883,0.5542511561721807
0.5693590641021729,0.5546069014585556
0.5695157051086426,0.5549626467449307
0.5701870918273926,0.5553183920313056
0.5702433586120605,0.5556741373176806
0.5705337524414062,0.5560298826040555
0.5706241130828857,0.5563856278904304
0.5708179473876953,0.5567413731768054
0.5713045597076416,0.5570971184631803
0.5719475746154785,0.5574528637495553
0.5754039287567139,0.5578086090359303
0.5756504535675049,0.5581643543223053
0.5764145851135254,0.5585200996086802
0.5765140056610107,0.5588758448950552
0.5770411491394043,0.5592315901814301
0.577559232711792,0.559587335467805
0.5788280963897705,0.55994308075418
0.5798075199127197,0.5602988260405549
0.58038330078125,0.56065457132693
0.5821120738983154,0.5610103166133049
0.5823395252227783,0.5613660618996799
0.5833592414855957,0.5617218071860548
0.584374189376831,0.5620775524724297
0.5844416618347168,0.5624332977588047
0.5848777294158936,0.5627890430451796
0.5858464241027832,0.5631447883315546
0.5861921310424805,0.5635005336179295
0.586376428604126,0.5638562789043046
0.5866372585296631,0.5642120241906795
0.5868124961853027,0.5645677694770544
0.5872282981872559,0.5649235147634294
0.5891695022583008,0.5652792600498043
0.5892224311828613,0.5656350053361793
0.589543342590332,0.5659907506225542
0.5896081924438477,0.5663464959089292
0.589745044708252,0.5667022411953042
0.59071946144104,0.5670579864816792
0.5914514064788818,0.5674137317680541
0.5918960571289062,0.567769477054429
0.5928857326507568,0.568125222340804
0.5939340591430664,0.5684809676271789
0.5940663814544678,0.5688367129135539
0.594768762588501,0.5691924581999288
0.5964369773864746,0.5695482034863039
0.5972287654876709,0.5699039487726788
0.5976836681365967,0.5702596940590537
0.5983562469482422,0.5706154393454287
0.5985846519470215,0.5709711846318036
0.5993654727935791,0.5713269299181786
0.600039005279541,0.5716826752045535
0.6004304885864258,0.5720384204909285
0.6009643077850342,0.5723941657773034
0.6010785102844238,0.5727499110636785
0.6011812686920166,0.5731056563500534
0.6012532711029053,0.5734614016364283
0.6013357639312744,0.5738171469228033
0.6015121936798096,0.5741728922091782
0.6026003360748291,0.5745286374955532
0.6030826568603516,0.5748843827819281
0.60396409034729,0.575240128068303
0.604088306427002,0.5755958733546781
0.6042509078979492,0.575951618641053
0.6054561138153076,0.576307363927428
0.6054990291595459,0.5766631092138029
0.6074752807617188,0.5770188545001779
0.6078519821166992,0.5773745997865528
0.6079766750335693,0.5777303450729278
0.6085376739501953,0.5780860903593027
0.6094684600830078,0.5784418356456777
0.610321044921875,0.5787975809320527
0.6105713844299316,0.5791533262184276
0.610884428024292,0.5795090715048026
0.6121375560760498,0.5798648167911775
0.6128971576690674,0.5802205620775525
0.613642692565918,0.5805763073639274
0.6141626834869385,0.5809320526503023
0.6153419017791748,0.5812877979366773
0.6173837184906006,0.5816435432230523
0.6177892684936523,0.5819992885094273
0.6182317733764648,0.5823550337958022
0.618466854095459,0.5827107790821772
0.6189877986907959,0.5830665243685521
0.6193642616271973,0.583422269654927
0.6196131706237793,0.583778014941302
0.6203227043151855,0.5841337602276769
0.6220810413360596,0.584489505514052
0.6226012706756592,0.5848452508004269
0.6226298809051514,0.5852009960868019
0.6227695941925049,0.5855567413731768
0.6227853298187256,0.5859124866595518
0.6229386329650879,0.5862682319459267
0.6229915618896484,0.5866239772323016
0.6232657432556152,0.5869797225186766
0.623481035232544,0.5873354678050516
0.624000072479248,0.5876912130914266
0.6243655681610107,0.5880469583778015
0.624920129776001,0.5884027036641765
0.6257505416870117,0.5887584489505514
0.6262402534484863,0.5891141942369263
0.626359224319458,0.5894699395233013
0.6266324520111084,0.5898256848096762
0.6269688606262207,0.5901814300960512
0.627227783203125,0.5905371753824262
0.6275393962860107,0.5908929206688012
0.6291160583496094,0.5912486659551761
0.6292815208435059,0.591604411241551
0.629643440246582,0.591960156527926
0.6310186386108398,0.5923159018143009
0.6315803527832031,0.5926716471006759
0.6319751739501953,0.5930273923870508
0.6323440074920654,0.5933831376734259
0.6326963901519775,0.5937388829598008
0.6340317726135254,0.5940946282461758
0.6342098712921143,0.5944503735325507
0.6369943618774414,0.5948061188189256
0.6375720500946045,0.5951618641053006
0.6381361484527588,0.5955176093916755
0.6382784843444824,0.5958733546780505
0.6386971473693848,0.5962290999644255
0.6398913860321045,0.5965848452508005
0.6403541564941406,0.5969405905371754
0.6410529613494873,0.5972963358235504
0.6416547298431396,0.5976520811099253
0.6421892642974854,0.5980078263963002
0.6422319412231445,0.5983635716826752
0.6424598693847656,0.5987193169690501
0.6437664031982422,0.5990750622554251
0.6442155838012695,0.5994308075418001
0.645221471786499,0.5997865528281751
0.645798921585083,0.60014229811455
0.646460771560669,0.6004980434009249
0.6469600200653076,0.6008537886872999
0.6470146179199219,0.6012095339736748
0.6471781730651855,0.6015652792600498
0.6481168270111084,0.6019210245464247
0.6485295295715332,0.6022767698327998
0.648942232131958,0.6026325151191747
0.6491825580596924,0.6029882604055496
0.649416446685791,0.6033440056919246
0.6497294902801514,0.6036997509782995
0.6504137516021729,0.6040554962646745
0.6509063243865967,0.6044112415510494
0.651005744934082,0.6047669868374244
0.6513717174530029,0.6051227321237994
0.6515974998474121,0.6054784774101744
0.6538994312286377,0.6058342226965493
0.6540613174438477,0.6061899679829242
0.6541199684143066,0.6065457132692992
0.6589515209197998,0.6069014585556741
0.6606466770172119,0.6072572038420491
0.6612520217895508,0.607612949128424
0.6613502502441406,0.607968694414799
0.6614429950714111,0.608324439701174
0.6618313789367676,0.608680184987549
0.662081241607666,0.6090359302739239
0.6622569561004639,0.6093916755602988
0.6630516052246094,0.6097474208466738
0.6646862030029297,0.6101031661330487
0.6655054092407227,0.6104589114194237
0.6659395694732666,0.6108146567057986
0.6672370433807373,0.6111704019921737
0.6676673889160156,0.6115261472785486
0.6682021617889404,0.6118818925649235
0.6698095798492432,0.6122376378512985
0.6700241565704346,0.6125933831376734
0.6704070568084717,0.6129491284240484
0.6710655689239502,0.6133048737104233
0.6711525917053223,0.6136606189967982
0.6712601184844971,0.6140163642831733
0.671877384185791,0.6143721095695482
0.6729378700256348,0.6147278548559232
0.6733250617980957,0.6150836001422981
0.6740326881408691,0.6154393454286731
0.6765685081481934,0.615795090715048
0.6772453784942627,0.616150836001423
0.6774039268493652,0.6165065812877979
0.6776773929595947,0.6168623265741728
0.678595781326294,0.6172180718605479
0.6816813945770264,0.6175738171469228
0.6822853088378906,0.6179295624332978
0.6825592517852783,0.6182853077196727
0.6826667785644531,0.6186410530060477
0.6830599308013916,0.6189967982924226
0.6840729713439941,0.6193525435787975
0.6855969429016113,0.6197082888651725
0.6859631538391113,0.6200640341515475
0.6873421669006348,0.6204197794379225
0.6876275539398193,0.6207755247242974
0.687920331954956,0.6211312700106724
0.688575267791748,0.6214870152970473
0.6897103786468506,0.6218427605834222
0.6907641887664795,0.6221985058697972
0.6913681030273438,0.6225542511561721
0.691774845123291,0.6229099964425472
0.6931807994842529,0.6232657417289221
0.6934454441070557,0.6236214870152971
0.6950070858001709,0.623977232301672
0.6951675415039062,0.624332977588047
0.6953582763671875,0.6246887228744219
0.695610523223877,0.6250444681607968
0.6965696811676025,0.6254002134471718
0.698723316192627,0.6257559587335468
0.6988816261291504,0.6261117040199218
0.6990289688110352,0.6264674493062967
0.699275016784668,0.6268231945926717
0.6994564533233643,0.6271789398790466
0.6996474266052246,0.6275346851654215
0.700063943862915,0.6278904304517965
0.7003967761993408,0.6282461757381714
0.7011637687683105,0.6286019210245464
0.7027115821838379,0.6289576663109214
0.7027535438537598,0.6293134115972964
0.7040038108825684,0.6296691568836713
0.7043087482452393,0.6300249021700463
0.7048730850219727,0.6303806474564212
0.7059273719787598,0.6307363927427961
0.706139087677002,0.6310921380291711
0.7061669826507568,0.631447883315546
0.7073667049407959,0.6318036286019211
0.7075061798095703,0.632159373888296
0.7083909511566162,0.632515119174671
0.7097415924072266,0.6328708644610459
0.7109289169311523,0.6332266097474208
0.7122945785522461,0.6335823550337958
0.712897539138794,0.6339381003201707
0.7130963802337646,0.6342938456065457
0.7132060527801514,0.6346495908929207
0.7132425308227539,0.6350053361792957
0.7163269519805908,0.6353610814656706
0.716404914855957,0.6357168267520455
0.7165720462799072,0.6360725720384205
0.7171177864074707,0.6364283173247954
0.7179086208343506,0.6367840626111704
0.7181477546691895,0.6371398078975453
0.718818187713623,0.6374955531839203
0.719228982925415,0.6378512984702953
0.7194879055023193,0.6382070437566703
0.7197597026824951,0.6385627890430452
0.7206509113311768,0.6389185343294201
0.7207291126251221,0.6392742796157951
0.7207443714141846,0.63963002490217
0.7234985828399658,0.639985770188545
0.7244653701782227,0.6403415154749199
0.7248010635375977,0.640697260761295
0.7249886989593506,0.6410530060476699
0.7253077030181885,0.6414087513340448
0.7257645130157471,0.6417644966204198
0.7277834415435791,0.6421202419067947
0.7290544509887695,0.6424759871931697
0.7315349578857422,0.6428317324795446
0.732067346572876,0.6431874777659196
0.7327206134796143,0.6435432230522946
0.7327492237091064,0.6438989683386696
0.7333633899688721,0.6442547136250445
0.7350187301635742,0.6446104589114194
0.7359559535980225,0.6449662041977944
0.7363178730010986,0.6453219494841693
0.7374334335327148,0.6456776947705443
0.7384977340698242,0.6460334400569192
0.7388157844543457,0.6463891853432941
0.743175745010376,0.6467449306296692
0.7434914112091064,0.6471006759160441
0.7440345287322998,0.6474564212024191
0.7444119453430176,0.647812166488794
0.7459893226623535,0.648167911775169
0.7466275691986084,0.6485236570615439
0.7470440864562988,0.6488794023479189
0.7470848560333252,0.6492351476342938
0.7471375465393066,0.6495908929206688
0.7484326362609863,0.6499466382070438
0.7489633560180664,0.6503023834934187
0.7490823268890381,0.6506581287797937
0.7493107318878174,0.6510138740661686
0.7498009204864502,0.6513696193525436
0.7502803802490234,0.6517253646389185
0.7517666816711426,0.6520811099252934
0.7518613338470459,0.6524368552116685
0.7520792484283447,0.6527926004980434
0.7527058124542236,0.6531483457844184
0.7530672550201416,0.6535040910707933
0.753713846206665,0.6538598363571683
0.7539701461791992,0.6542155816435432
0.7544324398040771,0.6545713269299182
0.7548313140869141,0.6549270722162931
0.7571244239807129,0.655282817502668
0.7571432590484619,0.6556385627890431
0.7573583126068115,0.655994308075418
0.7586238384246826,0.656350053361793
0.7593319416046143,0.6567057986481679
0.7595150470733643,0.6570615439345429
0.7604568004608154,0.6574172892209178
0.7624766826629639,0.6577730345072927
0.7625296115875244,0.6581287797936677
0.7625343799591064,0.6584845250800427
0.762932300567627,0.6588402703664177
0.763033390045166,0.6591960156527926
0.7640907764434814,0.6595517609391676
0.7647476196289062,0.6599075062255425
0.7662134170532227,0.6602632515119174
0.7667546272277832,0.6606189967982924
0.7691395282745361,0.6609747420846673
0.7692530155181885,0.6613304873710424
0.769371509552002,0.6616862326574173
0.7698488235473633,0.6620419779437923
0.7701923847198486,0.6623977232301672
0.7704012393951416,0.6627534685165422
0.7704942226409912,0.6631092138029171
0.7735950946807861,0.663464959089292
0.7744951248168945,0.663820704375667
0.7748823165893555,0.6641764496620419
0.7750494480133057,0.664532194948417
0.7758119106292725,0.6648879402347919
0.7759344577789307,0.6652436855211669
0.7760951519012451,0.6655994308075418
0.777944803237915,0.6659551760939167
0.7784109115600586,0.6663109213802917
0.7784240245819092,0.6666666666666666
0.780519962310791,0.6670224119530416
0.7806737422943115,0.6673781572394166
0.7808043956756592,0.6677339025257916
0.7810492515563965,0.6680896478121665
0.7830371856689453,0.6684453930985415
0.784714937210083,0.6688011383849164
0.7848098278045654,0.6691568836712913
0.7851598262786865,0.6695126289576663
0.7853603363037109,0.6698683742440412
0.7881498336791992,0.6702241195304163
0.7883634567260742,0.6705798648167912
0.7887318134307861,0.6709356101031662
0.789339542388916,0.6712913553895411
0.7899394035339355,0.671647100675916
0.7921216487884521,0.672002845962291
0.7921397686004639,0.6723585912486659
0.7922487258911133,0.6727143365350409
0.7929255962371826,0.6730700818214158
0.7956585884094238,0.6734258271077909
0.796499490737915,0.6737815723941658
0.7981929779052734,0.6741373176805407
0.7991557121276855,0.6744930629669157
0.8002512454986572,0.6748488082532906
0.8011629581451416,0.6752045535396656
0.8014347553253174,0.6755602988260405
0.8027892112731934,0.6759160441124155
0.805621862411499,0.6762717893987905
0.8062527179718018,0.6766275346851655
0.8069701194763184,0.6769832799715404
0.8089599609375,0.6773390252579153
0.8094592094421387,0.6776947705442903
0.8101973533630371,0.6780505158306652
0.8104009628295898,0.6784062611170402
0.815284252166748,0.6787620064034151
0.8156373500823975,0.6791177516897902
0.8159151077270508,0.6794734969761651
0.8175859451293945,0.67982924226254
0.8187463283538818,0.680184987548915
0.8189089298248291,0.6805407328352899
0.8211393356323242,0.6808964781216649
0.8217265605926514,0.6812522234080398
0.8217663764953613,0.6816079686944148
0.8224003314971924,0.6819637139807898
0.8236002922058105,0.6823194592671648
0.8239805698394775,0.6826752045535397
0.8241331577301025,0.6830309498399146
0.8244915008544922,0.6833866951262896
0.82572340965271,0.6837424404126645
0.8268289566040039,0.6840981856990395
0.8268632888793945,0.6844539309854144
0.8278274536132812,0.6848096762717893
0.8282101154327393,0.6851654215581644
0.8297598361968994,0.6855211668445393
0.8302638530731201,0.6858769121309143
0.8303666114807129,0.6862326574172892
0.8311190605163574,0.6865884027036642
0.8324716091156006,0.6869441479900391
0.8330848217010498,0.687299893276414
0.8335397243499756,0.687655638562789
0.8341143131256104,0.688011383849164
0.8344478607177734,0.688367129135539
0.8349218368530273,0.6887228744219139
0.8350448608398438,0.6890786197082889
0.835792064666748,0.6894343649946638
0.8374998569488525,0.6897901102810388
0.8377702236175537,0.6901458555674137
0.8379726409912109,0.6905016008537886
0.8397939205169678,0.6908573461401637
0.8401155471801758,0.6912130914265386
0.8404808044433594,0.6915688367129136
0.8416342735290527,0.6919245819992885
0.8419404029846191,0.6922803272856635
0.8419487476348877,0.6926360725720384
0.8426103591918945,0.6929918178584134
0.8433711528778076,0.6933475631447883
0.8446359634399414,0.6937033084311632
0.8451671600341797,0.6940590537175383
0.8455536365509033,0.6944147990039132
0.8461582660675049,0.6947705442902882
0.8462662696838379,0.6951262895766631
0.8463983535766602,0.6954820348630381
0.846653938293457,0.695837780149413
0.8469059467315674,0.6961935254357879
0.8472087383270264,0.6965492707221629
0.8492975234985352,0.6969050160085379
0.8493592739105225,0.6972607612949129
0.8519291877746582,0.6976165065812878
0.8531432151794434,0.6979722518676628
0.8537449836730957,0.6983279971540377
0.8542535305023193,0.6986837424404126
0.8547117710113525,0.6990394877267876
0.8549015522003174,0.6993952330131625
0.8562114238739014,0.6997509782995376
0.8567228317260742,0.7001067235859125
0.8579483032226562,0.7004624688722875
0.8584034442901611,0.7008182141586624
0.8621726036071777,0.7011739594450374
0.8626127243041992,0.7015297047314123
0.8626179695129395,0.7018854500177872
0.8632714748382568,0.7022411953041622
0.8633396625518799,0.7025969405905371
0.863379716873169,0.7029526858769122
0.8635087013244629,0.7033084311632871
0.8670403957366943,0.7036641764496621
0.8683433532714844,0.704019921736037
0.869171142578125,0.7043756670224119
0.8720231056213379,0.7047314123087869
0.8725979328155518,0.7050871575951618
0.8735337257385254,0.7054429028815368
0.8740673065185547,0.7057986481679118
0.8741416931152344,0.7061543934542868
0.8742866516113281,0.7065101387406617
0.8743312358856201,0.7068658840270367
0.8743438720703125,0.7072216293134116
0.874678373336792,0.7075773745997865
0.8753185272216797,0.7079331198861615
0.875436544418335,0.7082888651725364
0.8754410743713379,0.7086446104589115
0.8775894641876221,0.7090003557452864
0.8794515132904053,0.7093561010316614
0.880479097366333,0.7097118463180363
0.8813591003417969,0.7100675916044112
0.883873701095581,0.7104233368907862
0.8840489387512207,0.7107790821771611
0.8855655193328857,0.7111348274635361
0.8857529163360596,0.711490572749911
0.8887436389923096,0.7118463180362861
0.8900070190429688,0.712202063322661
0.8919241428375244,0.712557808609036
0.8940598964691162,0.7129135538954109
0.8944430351257324,0.7132692991817858
0.8951871395111084,0.7136250444681608
0.8961467742919922,0.7139807897545357
0.8976109027862549,0.7143365350409107
0.8978621959686279,0.7146922803272857
0.8982815742492676,0.7150480256136607
0.8996376991271973,0.7154037709000356
0.8999009132385254,0.7157595161864105
0.9032902717590332,0.7161152614727855
0.9041299819946289,0.7164710067591604
0.9046628475189209,0.7168267520455354
0.90513014793396,0.7171824973319103
0.9083030223846436,0.7175382426182854
0.9106712341308594,0.7178939879046603
0.911597490310669,0.7182497331910352
0.91300368309021,0.7186054784774102
0.9148900508880615,0.7189612237637851
0.9150819778442383,0.7193169690501601
0.9163849353790283,0.719672714336535
0.9178512096405029,0.72002845962291
0.9182143211364746,0.7203842049092849
0.9184293746948242,0.72073995019566
0.9186367988586426,0.7210956954820349
0.9186632633209229,0.7214514407684098
0.9193100929260254,0.7218071860547848
0.9194529056549072,0.7221629313411597
0.921593189239502,0.7225186766275347
0.9229915142059326,0.7228744219139096
0.9234366416931152,0.7232301672002845
0.9242138862609863,0.7235859124866596
0.9250314235687256,0.7239416577730345
0.9275832176208496,0.7242974030594095
0.9281392097473145,0.7246531483457844
0.9281463623046875,0.7250088936321594
0.9297945499420166,0.7253646389185343
0.9298882484436035,0.7257203842049093
0.9302229881286621,0.7260761294912842
0.9315950870513916,0.7264318747776592
0.9318482875823975,0.7267876200640342
0.9324462413787842,0.7271433653504091
0.9330670833587646,0.7274991106367841
0.9335196018218994,0.727854855923159
0.9338088035583496,0.728210601209534
0.9350383281707764,0.7285663464959089
0.936173677444458,0.7289220917822838
0.9363665580749512,0.7292778370686588
0.936530351638794,0.7296335823550338
0.9372615814208984,0.7299893276414088
0.9405603408813477,0.7303450729277837
0.941063642501831,0.7307008182141587
0.9416615962982178,0.7310565635005336
0.9419004917144775,0.7314123087869085
0.9421565532684326,0.7317680540732835
0.9431102275848389,0.7321237993596584
0.9471807479858398,0.7324795446460335
0.9475176334381104,0.7328352899324084
0.9509892463684082,0.7331910352187834
0.9512014389038086,0.7335467805051583
0.9514741897583008,0.7339025257915333
0.9516916275024414,0.7342582710779082
0.9520144462585449,0.7346140163642831
0.9536240100860596,0.7349697616506581
0.9553549289703369,0.7353255069370331
0.955965518951416,0.7356812522234081
0.9573667049407959,0.736036997509783
0.9574234485626221,0.736392742796158
0.9587621688842773,0.7367484880825329
0.9592318534851074,0.7371042333689078
0.9598398208618164,0.7374599786552828
0.960472822189331,0.7378157239416577
0.960665225982666,0.7381714692280328
0.9645893573760986,0.7385272145144077
0.9658257961273193,0.7388829598007827
0.966022253036499,0.7392387050871576
0.9662413597106934,0.7395944503735326
0.9663140773773193,0.7399501956599075
0.9665505886077881,0.7403059409462824
0.9665732383728027,0.7406616862326574
0.9680042266845703,0.7410174315190323
0.9684422016143799,0.7413731768054074
0.9687495231628418,0.7417289220917823
0.9710304737091064,0.7420846673781573
0.9729502201080322,0.7424404126645322
0.9736959934234619,0.7427961579509071
0.977161169052124,0.7431519032372821
0.9784102439880371,0.743507648523657
0.9789900779724121,0.743863393810032
0.9798927307128906,0.744219139096407
0.9814324378967285,0.744574884382782
0.9836959838867188,0.7449306296691569
0.9840147495269775,0.7452863749555318
0.9840555191040039,0.7456421202419068
0.9842262268066406,0.7459978655282817
0.9846768379211426,0.7463536108146567
0.9854552745819092,0.7467093561010316
0.987572193145752,0.7470651013874067
0.9897701740264893,0.7474208466737816
0.9897782802581787,0.7477765919601566
0.9922466278076172,0.7481323372465315
0.9949166774749756,0.7484880825329064
0.9968831539154053,0.7488438278192814
0.9976024627685547,0.7491995731056563
0.9979491233825684,0.7495553183920313
0.9989211559295654,0.7499110636784062
0.9997472763061523,0.7502668089647813
1.0004913806915283,0.7506225542511562
1.0022327899932861,0.7509782995375311
1.0033857822418213,0.7513340448239061
1.0040228366851807,0.751689790110281
1.005850076675415,0.752045535396656
1.0063562393188477,0.7524012806830309
1.0067903995513916,0.7527570259694059
1.0070998668670654,0.7531127712557809
1.0071117877960205,0.7534685165421559
1.0077953338623047,0.7538242618285308
1.0081417560577393,0.7541800071149057
1.0084912776947021,0.7545357524012807
1.008683204650879,0.7548914976876556
1.0103380680084229,0.7552472429740306
1.0111753940582275,0.7556029882604055
1.012721300125122,0.7559587335467806
1.0135948657989502,0.7563144788331555
1.0140154361724854,0.7566702241195304
1.014087438583374,0.7570259694059054
1.0164391994476318,0.7573817146922803
1.0166699886322021,0.7577374599786553
1.0181233882904053,0.7580932052650302
1.01853609085083,0.7584489505514052
1.019216537475586,0.7588046958377801
1.0196974277496338,0.7591604411241551
1.021254062652588,0.7595161864105301
1.0229146480560303,0.759871931696905
1.02394437789917,0.76022767698328
1.0263888835906982,0.7605834222696549
1.0279273986816406,0.7609391675560299
1.0327281951904297,0.7612949128424048
1.0361690521240234,0.7616506581287797
1.0370774269104004,0.7620064034151548
1.038339614868164,0.7623621487015297
1.0388977527618408,0.7627178939879047
1.0421719551086426,0.7630736392742796
1.0447475910186768,0.7634293845606546
1.0460894107818604,0.7637851298470295
1.04618501663208,0.7641408751334045
1.0484919548034668,0.7644966204197794
1.0571367740631104,0.7648523657061544
1.0607073307037354,0.7652081109925294
1.0608079433441162,0.7655638562789043
1.062859058380127,0.7659196015652793
1.0643532276153564,0.7662753468516542
1.0647962093353271,0.7666310921380292
1.066666603088379,0.7669868374244041
1.0676636695861816,0.767342582710779
1.0694150924682617,0.767698327997154
1.0709309577941895,0.768054073283529
1.0716915130615234,0.768409818569904
1.0721232891082764,0.7687655638562789
1.0741186141967773,0.7691213091426539
1.0750460624694824,0.7694770544290288
1.0750524997711182,0.7698327997154037
1.0759034156799316,0.7701885450017787
1.0771808624267578,0.7705442902881536
1.0778276920318604,0.7709000355745287
1.081024408340454,0.7712557808609036
1.081197738647461,0.7716115261472786
1.0815317630767822,0.7719672714336535
1.0828909873962402,0.7723230167200285
1.0833466053009033,0.7726787620064034
1.083636999130249,0.7730345072927783
1.0840630531311035,0.7733902525791533
1.0847723484039307,0.7737459978655283
1.084977149963379,0.7741017431519033
1.0852289199829102,0.7744574884382782
1.0868117809295654,0.7748132337246532
1.0872571468353271,0.7751689790110281
1.0879864692687988,0.775524724297403
1.0888946056365967,0.775880469583778
1.089123010635376,0.7762362148701529
1.0904479026794434,0.7765919601565279
1.0925776958465576,0.7769477054429029
1.093696117401123,0.7773034507292779
1.0953619480133057,0.7776591960156528
1.096973180770874,0.7780149413020278
1.097188949584961,0.7783706865884027
1.1019320487976074,0.7787264318747776
1.1027522087097168,0.7790821771611526
1.104546070098877,0.7794379224475275
1.1048047542572021,0.7797936677339026
1.106598138809204,0.7801494130202775
1.1081085205078125,0.7805051583066525
1.109168529510498,0.7808609035930274
1.1105237007141113,0.7812166488794023
1.1131980419158936,0.7815723941657773
1.1132893562316895,0.7819281394521522
1.113459825515747,0.7822838847385272
1.1136491298675537,0.7826396300249022
1.1146435737609863,0.7829953753112772
1.115518569946289,0.7833511205976521
1.1168127059936523,0.783706865884027
1.1177992820739746,0.784062611170402
1.1194500923156738,0.7844183564567769
1.120171070098877,0.7847741017431519
1.1204979419708252,0.7851298470295268
1.121319055557251,0.7854855923159018
1.1231558322906494,0.7858413376022768
1.1238679885864258,0.7861970828886518
1.1239421367645264,0.7865528281750267
1.1242725849151611,0.7869085734614016
1.1246545314788818,0.7872643187477766
1.1246569156646729,0.7876200640341515
1.127016544342041,0.7879758093205265
1.127133846282959,0.7883315546069014
1.1287524700164795,0.7886872998932765
1.1335315704345703,0.7890430451796514
1.1357195377349854,0.7893987904660263
1.1360752582550049,0.7897545357524013
1.136099100112915,0.7901102810387762
1.1380000114440918,0.7904660263251512
1.1398026943206787,0.7908217716115261
1.141723871231079,0.7911775168979011
1.141876459121704,0.7915332621842761
1.1423182487487793,0.791889007470651
1.142756700515747,0.792244752757026
1.1435503959655762,0.7926004980434009
1.1452200412750244,0.7929562433297759
1.1467578411102295,0.7933119886161508
1.1473252773284912,0.7936677339025258
1.1489686965942383,0.7940234791889007
1.1498970985412598,0.7943792244752758
1.151914358139038,0.7947349697616507
1.1551012992858887,0.7950907150480256
1.1566154956817627,0.7954464603344006
1.1572046279907227,0.7958022056207755
1.1573331356048584,0.7961579509071505
1.1574323177337646,0.7965136961935254
1.1575148105621338,0.7968694414799004
1.1585958003997803,0.7972251867662753
1.15879487991333,0.7975809320526503
1.159538745880127,0.7979366773390253
1.1603333950042725,0.7982924226254002
1.161780834197998,0.7986481679117752
1.1622936725616455,0.7990039131981501
1.1660726070404053,0.7993596584845251
1.1680238246917725,0.7997154037709
1.1685576438903809,0.8000711490572749
1.1692020893096924,0.80042689434365
1.1697628498077393,0.8007826396300249
1.170224666595459,0.8011383849163999
1.174532413482666,0.8014941302027748
1.1749236583709717,0.8018498754891498
1.1768114566802979,0.8022056207755247
1.1776247024536133,0.8025613660618997
1.1777031421661377,0.8029171113482746
1.1788904666900635,0.8032728566346496
1.1818652153015137,0.8036286019210246
1.184361457824707,0.8039843472073995
1.1861627101898193,0.8043400924937745
1.1882364749908447,0.8046958377801494
1.1890015602111816,0.8050515830665244
1.189882516860962,0.8054073283528993
1.1907434463500977,0.8057630736392742
1.191481351852417,0.8061188189256492
1.1947662830352783,0.8064745642120242
1.194955587387085,0.8068303094983992
1.1964449882507324,0.8071860547847741
1.1987042427062988,0.8075418000711491
1.1989109516143799,0.807897545357524
1.1999881267547607,0.808253290643899
1.2037086486816406,0.8086090359302739
1.2048654556274414,0.8089647812166488
1.2049226760864258,0.8093205265030239
1.2059967517852783,0.8096762717893988
1.206315279006958,0.8100320170757738
1.209179401397705,0.8103877623621487
1.2106127738952637,0.8107435076485237
1.212277889251709,0.8110992529348986
1.2204177379608154,0.8114549982212735
1.2240495681762695,0.8118107435076485
1.2256786823272705,0.8121664887940235
1.2278573513031006,0.8125222340803985
1.2293150424957275,0.8128779793667734
1.2317547798156738,0.8132337246531484
1.2335240840911865,0.8135894699395233
1.2336220741271973,0.8139452152258982
1.2353172302246094,0.8143009605122732
1.2413489818572998,0.8146567057986481
1.242051124572754,0.8150124510850231
1.2439494132995605,0.8153681963713981
1.2460777759552002,0.8157239416577731
1.2472155094146729,0.816079686944148
1.2493820190429688,0.816435432230523
1.2503764629364014,0.8167911775168979
1.261178731918335,0.8171469228032728
1.2631721496582031,0.8175026680896478
1.264136791229248,0.8178584133760227
1.2654235363006592,0.8182141586623978
1.2670059204101562,0.8185699039487727
1.2677595615386963,0.8189256492351477
1.2735631465911865,0.8192813945215226
1.2749369144439697,0.8196371398078975
1.2755835056304932,0.8199928850942725
1.275892734527588,0.8203486303806474
1.2829279899597168,0.8207043756670224
1.2834908962249756,0.8210601209533974
1.283947467803955,0.8214158662397724
1.285686731338501,0.8217716115261473
1.2937605381011963,0.8221273568125222
1.294440507888794,0.8224831020988972
1.298203468322754,0.8228388473852721
1.3010342121124268,0.8231945926716471
1.3011643886566162,0.823550337958022
1.3033485412597656,0.823906083244397
1.3058977127075195,0.824261828530772
1.3077306747436523,0.824617573817147
1.3088946342468262,0.8249733191035219
1.3098390102386475,0.8253290643898968
1.3142437934875488,0.8256848096762718
1.3167810440063477,0.8260405549626467
1.3176794052124023,0.8263963002490217
1.3194704055786133,0.8267520455353966
1.323094129562378,0.8271077908217717
1.324012041091919,0.8274635361081466
1.3273675441741943,0.8278192813945215
1.3292322158813477,0.8281750266808965
1.3299081325531006,0.8285307719672714
1.3300464153289795,0.8288865172536464
1.3322958946228027,0.8292422625400213
1.3334789276123047,0.8295980078263963
1.3406383991241455,0.8299537531127713
1.340895652770996,0.8303094983991463
1.3417599201202393,0.8306652436855212
1.342130184173584,0.8310209889718961
1.3431673049926758,0.8313767342582711
1.3490514755249023,0.831732479544646
1.3497400283813477,0.832088224831021
1.3542876243591309,0.8324439701173959
1.3544542789459229,0.8327997154037708
1.355123519897461,0.8331554606901459
1.3581809997558594,0.8335112059765208
1.360316276550293,0.8338669512628958
1.3652589321136475,0.8342226965492707
1.3653876781463623,0.8345784418356457
1.3684546947479248,0.8349341871220206
1.3709726333618164,0.8352899324083956
1.3712563514709473,0.8356456776947705
1.3723254203796387,0.8360014229811455
1.3731753826141357,0.8363571682675205
1.3803610801696777,0.8367129135538954
1.3880362510681152,0.8370686588402704
1.3891398906707764,0.8374244041266453
1.3916740417480469,0.8377801494130203
1.3966398239135742,0.8381358946993952
1.4068307876586914,0.8384916399857701
1.4115822315216064,0.8388473852721452
1.4156641960144043,0.8392031305585201
1.416377305984497,0.8395588758448951
1.419975757598877,0.83991462113127
1.4220540523529053,0.840270366417645
1.424515724182129,0.8406261117040199
1.426321029663086,0.8409818569903948
1.4287033081054688,0.8413376022767698
1.4314255714416504,0.8416933475631447
1.4373185634613037,0.8420490928495198
1.4394309520721436,0.8424048381358947
1.4399988651275635,0.8427605834222697
1.443993330001831,0.8431163287086446
1.4440088272094727,0.8434720739950196
1.4483857154846191,0.8438278192813945
1.4560654163360596,0.8441835645677694
1.4604754447937012,0.8445393098541444
1.4637253284454346,0.8448950551405194
1.4656991958618164,0.8452508004268944
1.4682972431182861,0.8456065457132693
1.4691238403320312,0.8459622909996443
1.47239351272583,0.8463180362860192
1.4754502773284912,0.8466737815723941
1.4773409366607666,0.8470295268587691
1.4808855056762695,0.847385272145144
1.4816570281982422,0.8477410174315191
1.482243537902832,0.848096762717894
1.4823596477508545,0.848452508004269
1.4837982654571533,0.8488082532906439
1.4841268062591553,0.8491639985770189
1.4851658344268799,0.8495197438633938
1.4860467910766602,0.8498754891497687
1.486412525177002,0.8502312344361437
1.4869673252105713,0.8505869797225186
1.4896049499511719,0.8509427250088937
1.490523338317871,0.8512984702952686
1.4944941997528076,0.8516542155816436
1.495347023010254,0.8520099608680185
1.4968204498291016,0.8523657061543934
1.4981839656829834,0.8527214514407684
1.4985895156860352,0.8530771967271433
1.4991931915283203,0.8534329420135183
1.5027530193328857,0.8537886872998933
1.5121281147003174,0.8541444325862683
1.5152995586395264,0.8545001778726432
1.5168533325195312,0.8548559231590181
1.518005132675171,0.8552116684453931
1.5286705493927002,0.855567413731768
1.5289387702941895,0.855923159018143
1.5338034629821777,0.8562789043045179
1.5425894260406494,0.856634649590893
1.5555822849273682,0.8569903948772679
1.5598204135894775,0.8573461401636429
1.5604689121246338,0.8577018854500178
1.5630607604980469,0.8580576307363927
1.5643768310546875,0.8584133760227677
1.564699411392212,0.8587691213091426
1.5652539730072021,0.8591248665955176
1.5703961849212646,0.8594806118818926
1.5719313621520996,0.8598363571682676
1.5815589427947998,0.8601921024546425
1.5874097347259521,0.8605478477410174
1.5874922275543213,0.8609035930273924
1.5936079025268555,0.8612593383137673
1.5963923931121826,0.8616150836001423
1.5991706848144531,0.8619708288865172
1.6013810634613037,0.8623265741728922
1.6062684059143066,0.8626823194592672
1.6095860004425049,0.8630380647456422
1.6103549003601074,0.8633938100320171
1.6152777671813965,0.863749555318392
1.6207401752471924,0.864105300604767
1.6233155727386475,0.8644610458911419
1.6296336650848389,0.8648167911775169
1.6370527744293213,0.8651725364638918
1.6388702392578125,0.8655282817502669
1.6398847103118896,0.8658840270366418
1.640244960784912,0.8662397723230167
1.643458366394043,0.8665955176093917
1.6441028118133545,0.8669512628957666
1.6490299701690674,0.8673070081821416
1.6498794555664062,0.8676627534685165
1.6543636322021484,0.8680184987548915
1.6565203666687012,0.8683742440412665
1.6628234386444092,0.8687299893276414
1.6633789539337158,0.8690857346140164
1.6659445762634277,0.8694414799003913
1.6735854148864746,0.8697972251867663
1.674788236618042,0.8701529704731412
1.6830613613128662,0.8705087157595162
1.7006492614746094,0.8708644610458911
1.7021794319152832,0.871220206332266
1.7029345035552979,0.8715759516186411
1.7040081024169922,0.871931696905016
1.7047629356384277,0.872287442191391
1.7119743824005127,0.8726431874777659
1.7121295928955078,0.8729989327641409
1.7126812934875488,0.8733546780505158
1.7136971950531006,0.8737104233368908
1.7141540050506592,0.8740661686232657
1.7257335186004639,0.8744219139096407
1.7304937839508057,0.8747776591960157
1.7343487739562988,0.8751334044823906
1.7353122234344482,0.8754891497687656
1.7362687587738037,0.8758448950551405
1.7433466911315918,0.8762006403415155
1.7437100410461426,0.8765563856278904
1.745481252670288,0.8769121309142653
1.7478814125061035,0.8772678762006404
1.748317003250122,0.8776236214870153
1.752429723739624,0.8779793667733903
1.7582573890686035,0.8783351120597652
1.7593135833740234,0.8786908573461402
1.761751651763916,0.8790466026325151
1.7673673629760742,0.87940234791889
1.7785110473632812,0.879758093205265
1.7834773063659668,0.8801138384916399
1.78961181640625,0.880469583778015
1.7919666767120361,0.8808253290643899
1.7931933403015137,0.8811810743507649
1.7958929538726807,0.8815368196371398
1.7961983680725098,0.8818925649235148
1.7980799674987793,0.8822483102098897
1.7991957664489746,0.8826040554962646
1.8002049922943115,0.8829598007826396
1.803361177444458,0.8833155460690146
1.8046875,0.8836712913553896
1.8084144592285156,0.8840270366417645
1.812009334564209,0.8843827819281395
1.8159422874450684,0.8847385272145144
1.8251631259918213,0.8850942725008893
1.828054666519165,0.8854500177872643
1.8326268196105957,0.8858057630736392
1.8331222534179688,0.8861615083600143
1.8375754356384277,0.8865172536463892
1.8410093784332275,0.8868729989327642
1.841219425201416,0.8872287442191391
1.8436367511749268,0.887584489505514
1.8527178764343262,0.887940234791889
1.8644840717315674,0.8882959800782639
1.8653864860534668,0.8886517253646389
1.8661878108978271,0.8890074706510138
1.8668007850646973,0.8893632159373889
1.8716187477111816,0.8897189612237638
1.871640920639038,0.8900747065101388
1.8730123043060303,0.8904304517965137
1.8740434646606445,0.8907861970828886
1.8754496574401855,0.8911419423692636
1.8779561519622803,0.8914976876556385
1.8888988494873047,0.8918534329420135
1.8992557525634766,0.8922091782283885
1.9007179737091064,0.8925649235147635
1.911379098892212,0.8929206688011384
1.9181787967681885,0.8932764140875133
1.923060417175293,0.8936321593738883
1.9272634983062744,0.8939879046602632
1.9312973022460938,0.8943436499466382
1.9395134449005127,0.8946993952330131
1.9442753791809082,0.8950551405193882
1.948143482208252,0.8954108858057631
1.9553720951080322,0.895766631092138
1.9740185737609863,0.896122376378513
1.9778060913085938,0.8964781216648879
1.9787836074829102,0.8968338669512629
1.982912302017212,0.8971896122376378
1.9846382141113281,0.8975453575240128
1.9975817203521729,0.8979011028103877
2.0125787258148193,0.8982568480967628
2.0135200023651123,0.8986125933831377
2.0214641094207764,0.8989683386695126
2.026897430419922,0.8993240839558876
2.03627347946167,0.8996798292422625
2.0387327671051025,0.9000355745286375
2.051532745361328,0.9003913198150124
2.0554845333099365,0.9007470651013874
2.063053607940674,0.9011028103877624
2.066178798675537,0.9014585556741374
2.071556568145752,0.9018143009605123
2.076941728591919,0.9021700462468872
2.083733320236206,0.9025257915332622
2.0880839824676514,0.9028815368196371
2.0894689559936523,0.9032372821060121
2.107759475708008,0.903593027392387
2.112142562866211,0.9039487726787621
2.127570629119873,0.904304517965137
2.1409690380096436,0.9046602632515119
2.1553170680999756,0.9050160085378869
2.1605353355407715,0.9053717538242618
2.1624667644500732,0.9057274991106368
2.1992475986480713,0.9060832443970117
2.206650733947754,0.9064389896833867
2.210167169570923,0.9067947349697616
2.2145349979400635,0.9071504802561366
2.2216262817382812,0.9075062255425116
2.2271201610565186,0.9078619708288865
2.2672386169433594,0.9082177161152615
2.273620843887329,0.9085734614016364
2.2792937755584717,0.9089292066880114
2.30117130279541,0.9092849519743863
2.30794095993042,0.9096406972607612
2.3082613945007324,0.9099964425471363
2.3188116550445557,0.9103521878335112
2.3221869468688965,0.9107079331198862
2.322537422180176,0.9110636784062611
2.3251538276672363,0.9114194236926361
2.351483106613159,0.911775168979011
2.353210210800171,0.912130914265386
2.356411933898926,0.9124866595517609
2.3767764568328857,0.912842404838136
2.4073352813720703,0.9131981501245109
2.4093070030212402,0.9135538954108858
2.4139795303344727,0.9139096406972608
2.419179916381836,0.9142653859836357
2.4336509704589844,0.9146211312700107
2.4437856674194336,0.9149768765563856
2.444099187850952,0.9153326218427605
2.444742202758789,0.9156883671291356
2.449578046798706,0.9160441124155105
2.4606521129608154,0.9163998577018855
2.4616281986236572,0.9167556029882604
2.4654934406280518,0.9171113482746354
2.4670917987823486,0.9174670935610103
2.468141555786133,0.9178228388473852
2.4754300117492676,0.9181785841337602
2.484078884124756,0.9185343294201351
2.5116798877716064,0.9188900747065102
2.5240976810455322,0.9192458199928851
2.5345399379730225,0.9196015652792601
2.557593822479248,0.919957310565635
2.5677106380462646,0.92031305585201
2.5708954334259033,0.9206688011383849
2.5821211338043213,0.9210245464247598
2.6411948204040527,0.9213802917111348
2.647425413131714,0.9217360369975098
2.649864673614502,0.9220917822838848
2.659334659576416,0.9224475275702597
2.6780340671539307,0.9228032728566347
2.6840994358062744,0.9231590181430096
2.754973888397217,0.9235147634293845
2.7621288299560547,0.9238705087157595
2.79606294631958,0.9242262540021344
2.796588897705078,0.9245819992885095
2.8015048503875732,0.9249377445748844
2.813678503036499,0.9252934898612594
2.8200113773345947,0.9256492351476343
2.822876453399658,0.9260049804340093
2.832892417907715,0.9263607257203842
2.836338758468628,0.9267164710067591
2.8647191524505615,0.9270722162931341
2.8728837966918945,0.927427961579509
2.8954477310180664,0.9277837068658841
2.900411367416382,0.928139452152259
2.9301881790161133,0.928495197438634
2.937642812728882,0.9288509427250089
2.9895923137664795,0.9292066880113838
3.000699758529663,0.9295624332977588
3.026932716369629,0.9299181785841337
3.0348517894744873,0.9302739238705087
3.0472991466522217,0.9306296691568837
3.0582950115203857,0.9309854144432587
3.0664873123168945,0.9313411597296336
3.067005157470703,0.9316969050160085
3.0713624954223633,0.9320526503023835
3.0849218368530273,0.9324083955887584
3.1198747158050537,0.9327641408751334
3.139655590057373,0.9331198861615083
3.1532819271087646,0.9334756314478834
3.1705591678619385,0.9338313767342583
3.1781511306762695,0.9341871220206333
3.2047436237335205,0.9345428673070082
3.2102243900299072,0.9348986125933831
3.210545539855957,0.9352543578797581
3.2290916442871094,0.935610103166133
3.2334771156311035,0.935965848452508
3.240966796875,0.9363215937388829
3.267364978790283,0.936677339025258
3.2704687118530273,0.9370330843116329
3.27479887008667,0.9373888295980078
3.2964887619018555,0.9377445748843828
3.3137588500976562,0.9381003201707577
3.316119432449341,0.9384560654571327
3.330850839614868,0.9388118107435076
3.3518128395080566,0.9391675560298826
3.3523006439208984,0.9395233013162576
3.3828511238098145,0.9398790466026326
3.396320104598999,0.9402347918890075
3.423762559890747,0.9405905371753824
3.4265263080596924,0.9409462824617574
3.4303174018859863,0.9413020277481323
3.4363842010498047,0.9416577730345073
3.493929624557495,0.9420135183208822
3.523712158203125,0.9423692636072573
3.569174289703369,0.9427250088936322
3.5742146968841553,0.9430807541800071
3.5971004962921143,0.9434364994663821
3.6453986167907715,0.943792244752757
3.701864004135132,0.944147990039132
3.702913761138916,0.9445037353255069
3.8035175800323486,0.9448594806118819
3.86142635345459,0.9452152258982568
3.966891288757324,0.9455709711846318
3.992072582244873,0.9459267164710068
4.000860214233398,0.9462824617573817
4.007072448730469,0.9466382070437567
4.017377853393555,0.9469939523301316
4.030494213104248,0.9473496976165066
4.056117057800293,0.9477054429028815
4.0612030029296875,0.9480611881892564
4.090497970581055,0.9484169334756315
4.100833892822266,0.9487726787620064
4.115137100219727,0.9491284240483814
4.120798110961914,0.9494841693347563
4.172552108764648,0.9498399146211313
4.25539493560791,0.9501956599075062
4.265474796295166,0.9505514051938811
4.281994819641113,0.9509071504802561
4.312316417694092,0.9512628957666311
4.407871246337891,0.9516186410530061
4.44683837890625,0.951974386339381
4.450507164001465,0.952330131625756
4.488370418548584,0.9526858769121309
4.547451972961426,0.9530416221985059
4.631852149963379,0.9533973674848808
4.6884565353393555,0.9537531127712557
4.722526550292969,0.9541088580576307
4.726997375488281,0.9544646033440057
4.782060623168945,0.9548203486303807
4.7885260581970215,0.9551760939167556
4.792885780334473,0.9555318392031306
4.807888984680176,0.9558875844895055
4.82913875579834,0.9562433297758804
4.860017776489258,0.9565990750622554
5.048511505126953,0.9569548203486303
5.058548927307129,0.9573105656350054
5.114683151245117,0.9576663109213803
5.141305923461914,0.9580220562077553
5.144148826599121,0.9583778014941302
5.211621284484863,0.9587335467805052
5.225439071655273,0.9590892920668801
5.294963836669922,0.959445037353255
5.3683905601501465,0.95980078263963
5.428809642791748,0.960156527926005
5.493735313415527,0.96051227321238
5.58134651184082,0.9608680184987549
5.614391326904297,0.9612237637851299
5.615589618682861,0.9615795090715048
5.6240692138671875,0.9619352543578797
5.630235195159912,0.9622909996442547
5.711915016174316,0.9626467449306296
5.756845474243164,0.9630024902170046
5.821369171142578,0.9633582355033796
5.827066421508789,0.9637139807897546
5.866405487060547,0.9640697260761295
5.914396286010742,0.9644254713625044
5.997098922729492,0.9647812166488794
6.023378372192383,0.9651369619352543
6.076084136962891,0.9654927072216293
6.131706237792969,0.9658484525080042
6.317885398864746,0.9662041977943793
6.382372856140137,0.9665599430807542
6.412809371948242,0.9669156883671292
6.56984806060791,0.9672714336535041
6.570158958435059,0.967627178939879
6.582262992858887,0.967982924226254
6.771775245666504,0.9683386695126289
6.953442096710205,0.9686944147990039
7.020281791687012,0.9690501600853789
7.552968978881836,0.9694059053717539
7.782595634460449,0.9697616506581288
7.958308219909668,0.9701173959445037
8.255559921264648,0.9704731412308787
8.311958312988281,0.9708288865172536
8.337125778198242,0.9711846318036286
8.459997177124023,0.9715403770900035
8.463132858276367,0.9718961223763786
8.491214752197266,0.9722518676627535
8.524860382080078,0.9726076129491285
8.843521118164062,0.9729633582355034
8.899030685424805,0.9733191035218783
8.99270248413086,0.9736748488082533
9.016331672668457,0.9740305940946282
9.019524574279785,0.9743863393810032
9.15229606628418,0.9747420846673781
9.320603370666504,0.9750978299537532
9.39950942993164,0.9754535752401281
9.64909553527832,0.975809320526503
9.740217208862305,0.976165065812878
9.902125358581543,0.9765208110992529
9.932923316955566,0.9768765563856279
10.004257202148438,0.9772323016720028
10.22633171081543,0.9775880469583778
10.266958236694336,0.9779437922447528
10.492576599121094,0.9782995375311277
10.597526550292969,0.9786552828175027
10.784523010253906,0.9790110281038776
11.487198829650879,0.9793667733902526
11.540542602539062,0.9797225186766275
11.570158004760742,0.9800782639630025
11.899147033691406,0.9804340092493774
12.415313720703125,0.9807897545357525
12.417360305786133,0.9811454998221274
12.446073532104492,0.9815012451085023
12.671255111694336,0.9818569903948773
12.689288139343262,0.9822127356812522
12.714431762695312,0.9825684809676272
13.14022159576416,0.9829242262540021
13.651128768920898,0.983279971540377
14.065260887145996,0.983635716826752
14.166507720947266,0.983991462113127
14.41158390045166,0.984347207399502
14.43718147277832,0.9847029526858769
15.01943302154541,0.9850586979722519
15.796865463256836,0.9854144432586268
16.070693969726562,0.9857701885450018
16.16272735595703,0.9861259338313767
16.219005584716797,0.9864816791177516
16.238712310791016,0.9868374244041267
16.266489028930664,0.9871931696905016
17.315587997436523,0.9875489149768766
17.629379272460938,0.9879046602632515
18.025203704833984,0.9882604055496265
18.086225509643555,0.9886161508360014
18.29657745361328,0.9889718961223763
18.99015235900879,0.9893276414087513
19.325077056884766,0.9896833866951263
21.17870330810547,0.9900391319815013
21.261764526367188,0.9903948772678762
22.249574661254883,0.9907506225542512
22.587085723876953,0.9911063678406261
22.60322380065918,0.991462113127001
23.88578987121582,0.991817858413376
26.620485305786133,0.9921736036997509
26.741056442260742,0.9925293489861259
26.86151123046875,0.9928850942725009
27.564178466796875,0.9932408395588759
28.077848434448242,0.9935965848452508
28.42380714416504,0.9939523301316258
35.542415618896484,0.9943080754180007
35.80284118652344,0.9946638207043756
35.86622619628906,0.9950195659907506
38.57891082763672,0.9953753112771255
40.62312698364258,0.9957310565635006
42.16062545776367,0.9960868018498755
44.0169563293457,0.9964425471362505
45.923431396484375,0.9967982924226254
48.42025375366211,0.9971540377090004
50.06097412109375,0.9975097829953753
51.08402633666992,0.9978655282817502
51.31093978881836,0.9982212735681252
65.24397277832031,0.9985770188545002
80.38603210449219,0.9989327641408752
86.40443420410156,0.9992885094272501
90.71122741699219,0.9996442547136251
115.78165435791016,1.0
