batch_num_tokens,cdf
1.0,3.313123281317298e-05
1.0,6.626246562634596e-05
1.0,9.939369843951894e-05
1.0,0.00013252493125269192
1.0,0.0001656561640658649
1.0,0.00019878739687903787
1.0,0.00023191862969221085
1.0,0.00026504986250538385
1.0,0.0002981810953185568
1.0,0.0003313123281317298
1.0,0.00036444356094490277
1.0,0.00039757479375807575
1.0,0.0004307060265712487
1.0,0.0004638372593844217
1.0,0.0004969684921975947
1.0,0.0005300997250107677
1.0,0.0005632309578239407
1.0,0.0005963621906371136
1.0,0.0006294934234502866
1.0,0.0006626246562634596
1.0,0.0006957558890766326
1.0,0.0007288871218898055
1.0,0.0007620183547029785
1.0,0.0007951495875161515
1.0,0.0008282808203293245
1.0,0.0008614120531424974
1.0,0.0008945432859556704
1.0,0.0009276745187688434
1.0,0.0009608057515820164
1.0,0.0009939369843951894
1.0,0.0010270682172083623
1.0,0.0010601994500215354
1.0,0.0010933306828347083
1.0,0.0011264619156478813
1.0,0.0011595931484610542
1.0,0.0011927243812742273
1.0,0.0012258556140874002
1.0,0.0012589868469005732
1.0,0.001292118079713746
1.0,0.0013252493125269192
1.0,0.001358380545340092
1.0,0.0013915117781532651
1.0,0.001424643010966438
1.0,0.001457774243779611
1.0,0.001490905476592784
1.0,0.001524036709405957
1.0,0.00155716794221913
1.0,0.001590299175032303
1.0,0.0016234304078454758
1.0,0.001656561640658649
1.0,0.0016896928734718218
1.0,0.0017228241062849949
1.0,0.0017559553390981677
1.0,0.0017890865719113408
1.0,0.0018222178047245137
1.0,0.0018553490375376868
1.0,0.0018884802703508599
1.0,0.0019216115031640327
1.0,0.0019547427359772056
1.0,0.001987873968790379
1.0,0.0020210052016035518
1.0,0.0020541364344167246
1.0,0.0020872676672298975
1.0,0.002120398900043071
1.0,0.0021535301328562437
1.0,0.0021866613656694165
1.0,0.0022197925984825894
1.0,0.0022529238312957627
1.0,0.0022860550641089356
1.0,0.0023191862969221084
1.0,0.0023523175297352813
1.0,0.0023854487625484546
1.0,0.0024185799953616275
1.0,0.0024517112281748003
1.0,0.002484842460987973
1.0,0.0025179736938011465
1.0,0.0025511049266143193
1.0,0.002584236159427492
1.0,0.002617367392240665
1.0,0.0026504986250538384
1.0,0.0026836298578670112
1.0,0.002716761090680184
1.0,0.002749892323493357
1.0,0.0027830235563065303
1.0,0.002816154789119703
1.0,0.002849286021932876
1.0,0.0028824172547460493
1.0,0.002915548487559222
1.0,0.002948679720372395
1.0,0.002981810953185568
1.0,0.003014942185998741
1.0,0.003048073418811914
1.0,0.003081204651625087
1.0,0.00311433588443826
1.0,0.003147467117251433
1.0,0.003180598350064606
1.0,0.003213729582877779
1.0,0.0032468608156909517
1.0,0.003279992048504125
1.0,0.003313123281317298
1.0,0.0033462545141304707
1.0,0.0033793857469436436
1.0,0.003412516979756817
1.0,0.0034456482125699898
1.0,0.0034787794453831626
1.0,0.0035119106781963355
1.0,0.003545041911009509
1.0,0.0035781731438226817
1.0,0.0036113043766358545
1.0,0.0036444356094490274
1.0,0.0036775668422622007
1.0,0.0037106980750753736
1.0,0.0037438293078885464
1.0,0.0037769605407017197
1.0,0.0038100917735148926
1.0,0.0038432230063280655
1.0,0.0038763542391412383
1.0,0.003909485471954411
1.0,0.003942616704767584
1.0,0.003975747937580758
1.0,0.004008879170393931
1.0,0.0040420104032071035
1.0,0.004075141636020276
1.0,0.004108272868833449
1.0,0.004141404101646622
1.0,0.004174535334459795
1.0,0.004207666567272968
1.0,0.004240797800086142
1.0,0.0042739290328993144
1.0,0.004307060265712487
1.0,0.00434019149852566
1.0,0.004373322731338833
1.0,0.004406453964152006
1.0,0.004439585196965179
1.0,0.004472716429778352
1.0,0.004505847662591525
1.0,0.004538978895404698
1.0,0.004572110128217871
1.0,0.004605241361031044
1.0,0.004638372593844217
1.0,0.00467150382665739
1.0,0.004704635059470563
1.0,0.004737766292283736
1.0,0.004770897525096909
1.0,0.004804028757910082
1.0,0.004837159990723255
1.0,0.004870291223536428
1.0,0.004903422456349601
1.0,0.0049365536891627735
1.0,0.004969684921975946
1.0,0.00500281615478912
1.0,0.005035947387602293
1.0,0.005069078620415466
1.0,0.005102209853228639
1.0,0.0051353410860418116
1.0,0.005168472318854984
1.0,0.005201603551668157
1.0,0.00523473478448133
1.0,0.005267866017294504
1.0,0.005300997250107677
1.0,0.00533412848292085
1.0,0.0053672597157340225
1.0,0.005400390948547195
1.0,0.005433522181360368
1.0,0.005466653414173541
1.0,0.005499784646986714
1.0,0.005532915879799888
1.0,0.0055660471126130606
1.0,0.005599178345426233
1.0,0.005632309578239406
1.0,0.005665440811052579
1.0,0.005698572043865752
1.0,0.005731703276678925
1.0,0.005764834509492099
1.0,0.0057979657423052715
1.0,0.005831096975118444
1.0,0.005864228207931617
1.0,0.00589735944074479
1.0,0.005930490673557963
1.0,0.005963621906371136
1.0,0.005996753139184309
1.0,0.006029884371997482
1.0,0.006063015604810655
1.0,0.006096146837623828
1.0,0.006129278070437001
1.0,0.006162409303250174
1.0,0.006195540536063347
1.0,0.00622867176887652
1.0,0.0062618030016896925
1.0,0.006294934234502866
1.0,0.006328065467316039
1.0,0.006361196700129212
1.0,0.006394327932942385
1.0,0.006427459165755558
1.0,0.0064605903985687305
1.0,0.006493721631381903
1.0,0.006526852864195077
1.0,0.00655998409700825
1.0,0.006593115329821423
1.0,0.006626246562634596
1.0,0.006659377795447769
1.0,0.0066925090282609415
1.0,0.006725640261074114
1.0,0.006758771493887287
1.0,0.006791902726700461
1.0,0.006825033959513634
1.0,0.006858165192326807
1.0,0.0068912964251399795
1.0,0.006924427657953152
1.0,0.006957558890766325
1.0,0.006990690123579498
1.0,0.007023821356392671
1.0,0.007056952589205845
1.0,0.007090083822019018
1.0,0.0071232150548321905
1.0,0.007156346287645363
1.0,0.007189477520458536
1.0,0.007222608753271709
1.0,0.007255739986084882
1.0,0.007288871218898055
2.0,0.0073220024517112285
2.0,0.007355133684524401
2.0,0.007388264917337574
2.0,0.007421396150150747
2.0,0.00745452738296392
2.0,0.007487658615777093
2.0,0.007520789848590266
2.0,0.0075539210814034394
2.0,0.007587052314216612
2.0,0.007620183547029785
2.0,0.007653314779842958
2.0,0.007686446012656131
2.0,0.007719577245469304
2.0,0.007752708478282477
2.0,0.0077858397110956495
2.0,0.007818970943908822
2.0,0.007852102176721996
2.0,0.007885233409535168
2.0,0.007918364642348342
2.0,0.007951495875161516
2.0,0.007984627107974688
2.0,0.008017758340787861
2.0,0.008050889573601033
2.0,0.008084020806414207
2.0,0.008117152039227379
2.0,0.008150283272040553
2.0,0.008183414504853725
2.0,0.008216545737666898
2.0,0.008249676970480072
2.0,0.008282808203293244
2.0,0.008315939436106418
2.0,0.00834907066891959
2.0,0.008382201901732764
2.0,0.008415333134545936
2.0,0.00844846436735911
2.0,0.008481595600172283
2.0,0.008514726832985455
2.0,0.008547858065798629
2.0,0.008580989298611801
2.0,0.008614120531424975
2.0,0.008647251764238147
2.0,0.00868038299705132
2.0,0.008713514229864494
2.0,0.008746645462677666
2.0,0.00877977669549084
2.0,0.008812907928304012
2.0,0.008846039161117186
2.0,0.008879170393930358
2.0,0.008912301626743531
2.0,0.008945432859556703
2.0,0.008978564092369877
2.0,0.00901169532518305
2.0,0.009044826557996223
2.0,0.009077957790809396
2.0,0.009111089023622568
2.0,0.009144220256435742
2.0,0.009177351489248914
2.0,0.009210482722062088
2.0,0.009243613954875262
2.0,0.009276745187688434
2.0,0.009309876420501607
2.0,0.00934300765331478
2.0,0.009376138886127953
2.0,0.009409270118941125
2.0,0.009442401351754299
2.0,0.009475532584567473
2.0,0.009508663817380645
2.0,0.009541795050193818
2.0,0.00957492628300699
2.0,0.009608057515820164
2.0,0.009641188748633336
2.0,0.00967431998144651
2.0,0.009707451214259682
2.0,0.009740582447072856
2.0,0.00977371367988603
2.0,0.009806844912699201
2.0,0.009839976145512375
2.0,0.009873107378325547
2.0,0.00990623861113872
2.0,0.009939369843951893
2.0,0.009972501076765066
2.0,0.01000563230957824
2.0,0.010038763542391412
2.0,0.010071894775204586
2.0,0.010105026008017758
2.0,0.010138157240830932
2.0,0.010171288473644104
2.0,0.010204419706457277
2.0,0.01023755093927045
2.0,0.010270682172083623
2.0,0.010303813404896797
2.0,0.010336944637709969
2.0,0.010370075870523143
2.0,0.010403207103336315
2.0,0.010436338336149488
2.0,0.01046946956896266
2.0,0.010502600801775834
2.0,0.010535732034589008
2.0,0.01056886326740218
2.0,0.010601994500215354
2.0,0.010635125733028526
2.0,0.0106682569658417
2.0,0.010701388198654871
2.0,0.010734519431468045
2.0,0.010767650664281219
2.0,0.01080078189709439
2.0,0.010833913129907564
2.0,0.010867044362720736
2.0,0.01090017559553391
2.0,0.010933306828347082
2.0,0.010966438061160256
2.0,0.010999569293973428
2.0,0.011032700526786602
2.0,0.011065831759599775
2.0,0.011098962992412947
2.0,0.011132094225226121
2.0,0.011165225458039293
2.0,0.011198356690852467
2.0,0.011231487923665639
2.0,0.011264619156478813
2.0,0.011297750389291986
2.0,0.011330881622105158
2.0,0.011364012854918332
2.0,0.011397144087731504
2.0,0.011430275320544678
2.0,0.01146340655335785
2.0,0.011496537786171023
2.0,0.011529669018984197
2.0,0.01156280025179737
2.0,0.011595931484610543
2.0,0.011629062717423715
2.0,0.011662193950236889
2.0,0.01169532518305006
2.0,0.011728456415863234
2.0,0.011761587648676406
2.0,0.01179471888148958
2.0,0.011827850114302754
2.0,0.011860981347115926
2.0,0.0118941125799291
2.0,0.011927243812742272
2.0,0.011960375045555445
2.0,0.011993506278368617
2.0,0.012026637511181791
2.0,0.012059768743994965
2.0,0.012092899976808137
2.0,0.01212603120962131
2.0,0.012159162442434483
2.0,0.012192293675247656
2.0,0.012225424908060828
2.0,0.012258556140874002
2.0,0.012291687373687176
2.0,0.012324818606500348
2.0,0.012357949839313521
2.0,0.012391081072126693
2.0,0.012424212304939867
2.0,0.01245734353775304
2.0,0.012490474770566213
2.0,0.012523606003379385
2.0,0.012556737236192559
2.0,0.012589868469005732
2.0,0.012622999701818904
2.0,0.012656130934632078
2.0,0.01268926216744525
2.0,0.012722393400258424
2.0,0.012755524633071596
2.0,0.01278865586588477
2.0,0.012821787098697943
2.0,0.012854918331511115
2.0,0.012888049564324289
2.0,0.012921180797137461
2.0,0.012954312029950635
2.0,0.012987443262763807
2.0,0.01302057449557698
2.0,0.013053705728390154
2.0,0.013086836961203326
2.0,0.0131199681940165
2.0,0.013153099426829672
2.0,0.013186230659642846
2.0,0.013219361892456018
2.0,0.013252493125269191
2.0,0.013285624358082363
2.0,0.013318755590895537
2.0,0.013351886823708711
2.0,0.013385018056521883
2.0,0.013418149289335057
2.0,0.013451280522148229
2.0,0.013484411754961402
2.0,0.013517542987774574
2.0,0.013550674220587748
2.0,0.013583805453400922
2.0,0.013616936686214094
2.0,0.013650067919027268
2.0,0.01368319915184044
2.0,0.013716330384653613
2.0,0.013749461617466785
2.0,0.013782592850279959
2.0,0.013815724083093131
2.0,0.013848855315906305
2.0,0.013881986548719479
2.0,0.01391511778153265
2.0,0.013948249014345824
2.0,0.013981380247158996
2.0,0.01401451147997217
2.0,0.014047642712785342
2.0,0.014080773945598516
2.0,0.01411390517841169
2.0,0.014147036411224861
2.0,0.014180167644038035
2.0,0.014213298876851207
2.0,0.014246430109664381
2.0,0.014279561342477553
2.0,0.014312692575290727
2.0,0.0143458238081039
2.0,0.014378955040917072
2.0,0.014412086273730246
2.0,0.014445217506543418
2.0,0.014478348739356592
2.0,0.014511479972169764
2.0,0.014544611204982938
2.0,0.01457774243779611
2.0,0.014610873670609283
2.0,0.014644004903422457
2.0,0.014677136136235629
2.0,0.014710267369048803
2.0,0.014743398601861975
2.0,0.014776529834675148
2.0,0.01480966106748832
2.0,0.014842792300301494
2.0,0.014875923533114668
2.0,0.01490905476592784
2.0,0.014942185998741014
2.0,0.014975317231554186
2.0,0.01500844846436736
2.0,0.015041579697180531
2.0,0.015074710929993705
2.0,0.015107842162806879
2.0,0.015140973395620051
2.0,0.015174104628433225
2.0,0.015207235861246397
2.0,0.01524036709405957
2.0,0.015273498326872742
2.0,0.015306629559685916
2.0,0.015339760792499088
2.0,0.015372892025312262
2.0,0.015406023258125436
2.0,0.015439154490938608
2.0,0.015472285723751781
2.0,0.015505416956564953
2.0,0.015538548189378127
2.0,0.015571679422191299
2.0,0.015604810655004473
2.0,0.015637941887817645
2.0,0.01567107312063082
2.0,0.015704204353443992
2.0,0.015737335586257166
2.0,0.015770466819070336
2.0,0.01580359805188351
2.0,0.015836729284696684
2.0,0.015869860517509857
2.0,0.01590299175032303
2.0,0.0159361229831362
2.0,0.015969254215949375
2.0,0.01600238544876255
2.0,0.016035516681575723
2.0,0.016068647914388893
2.0,0.016101779147202067
2.0,0.01613491038001524
2.0,0.016168041612828414
2.0,0.016201172845641588
2.0,0.016234304078454758
2.0,0.016267435311267932
2.0,0.016300566544081106
2.0,0.01633369777689428
2.0,0.01636682900970745
2.0,0.016399960242520623
2.0,0.016433091475333797
2.0,0.01646622270814697
2.0,0.016499353940960144
2.0,0.016532485173773315
2.0,0.01656561640658649
2.0,0.016598747639399662
2.0,0.016631878872212836
2.0,0.01666501010502601
2.0,0.01669814133783918
2.0,0.016731272570652354
2.0,0.016764403803465527
2.0,0.0167975350362787
2.0,0.01683066626909187
2.0,0.016863797501905045
2.0,0.01689692873471822
2.0,0.016930059967531393
2.0,0.016963191200344566
2.0,0.016996322433157737
2.0,0.01702945366597091
2.0,0.017062584898784084
2.0,0.017095716131597258
2.0,0.017128847364410428
2.0,0.017161978597223602
2.0,0.017195109830036776
2.0,0.01722824106284995
2.0,0.017261372295663123
2.0,0.017294503528476293
2.0,0.017327634761289467
2.0,0.01736076599410264
2.0,0.017393897226915814
2.0,0.017427028459728988
2.0,0.01746015969254216
2.0,0.017493290925355332
2.0,0.017526422158168506
2.0,0.01755955339098168
2.0,0.01759268462379485
2.0,0.017625815856608024
2.0,0.017658947089421197
2.0,0.01769207832223437
2.0,0.017725209555047545
2.0,0.017758340787860715
2.0,0.01779147202067389
2.0,0.017824603253487063
2.0,0.017857734486300236
2.0,0.017890865719113407
2.0,0.01792399695192658
2.0,0.017957128184739754
2.0,0.017990259417552928
2.0,0.0180233906503661
2.0,0.018056521883179272
2.0,0.018089653115992445
2.0,0.01812278434880562
2.0,0.018155915581618793
2.0,0.018189046814431967
2.0,0.018222178047245137
2.0,0.01825530928005831
2.0,0.018288440512871484
2.0,0.018321571745684658
2.0,0.01835470297849783
2.0,0.018387834211311002
2.0,0.018420965444124176
2.0,0.01845409667693735
2.0,0.018487227909750523
2.0,0.018520359142563694
2.0,0.018553490375376867
2.0,0.01858662160819004
2.0,0.018619752841003215
2.0,0.018652884073816385
2.0,0.01868601530662956
2.0,0.018719146539442733
2.0,0.018752277772255906
2.0,0.01878540900506908
2.0,0.01881854023788225
2.0,0.018851671470695424
2.0,0.018884802703508598
2.0,0.01891793393632177
2.0,0.018951065169134945
2.0,0.018984196401948115
2.0,0.01901732763476129
2.0,0.019050458867574463
2.0,0.019083590100387637
2.0,0.019116721333200807
2.0,0.01914985256601398
2.0,0.019182983798827154
2.0,0.019216115031640328
2.0,0.019249246264453502
2.0,0.019282377497266672
2.0,0.019315508730079846
2.0,0.01934863996289302
2.0,0.019381771195706193
2.0,0.019414902428519364
2.0,0.019448033661332537
2.0,0.01948116489414571
2.0,0.019514296126958885
2.0,0.01954742735977206
2.0,0.01958055859258523
2.0,0.019613689825398403
2.0,0.019646821058211576
2.0,0.01967995229102475
2.0,0.019713083523837924
2.0,0.019746214756651094
2.0,0.019779345989464268
2.0,0.01981247722227744
2.0,0.019845608455090615
2.0,0.019878739687903785
2.0,0.01991187092071696
2.0,0.019945002153530133
2.0,0.019978133386343307
2.0,0.02001126461915648
2.0,0.02004439585196965
2.0,0.020077527084782824
2.0,0.020110658317595998
2.0,0.020143789550409172
2.0,0.020176920783222342
2.0,0.020210052016035516
2.0,0.02024318324884869
2.0,0.020276314481661863
2.0,0.020309445714475037
2.0,0.020342576947288207
2.0,0.02037570818010138
2.0,0.020408839412914555
2.0,0.02044197064572773
2.0,0.0204751018785409
2.0,0.020508233111354073
2.0,0.020541364344167246
2.0,0.02057449557698042
2.0,0.020607626809793594
2.0,0.020640758042606764
2.0,0.020673889275419938
2.0,0.02070702050823311
2.0,0.020740151741046285
2.0,0.02077328297385946
2.0,0.02080641420667263
2.0,0.020839545439485803
2.0,0.020872676672298977
2.0,0.02090580790511215
2.0,0.02093893913792532
2.0,0.020972070370738494
2.0,0.021005201603551668
2.0,0.021038332836364842
2.0,0.021071464069178016
2.0,0.021104595301991186
2.0,0.02113772653480436
2.0,0.021170857767617533
2.0,0.021203989000430707
2.0,0.021237120233243877
2.0,0.02127025146605705
2.0,0.021303382698870225
2.0,0.0213365139316834
2.0,0.021369645164496572
2.0,0.021402776397309742
2.0,0.021435907630122916
2.0,0.02146903886293609
2.0,0.021502170095749264
2.0,0.021535301328562437
2.0,0.021568432561375608
2.0,0.02160156379418878
2.0,0.021634695027001955
2.0,0.02166782625981513
2.0,0.0217009574926283
2.0,0.021734088725441473
2.0,0.021767219958254647
2.0,0.02180035119106782
2.0,0.021833482423880994
2.0,0.021866613656694164
2.0,0.021899744889507338
2.0,0.021932876122320512
2.0,0.021966007355133686
2.0,0.021999138587946856
2.0,0.02203226982076003
2.0,0.022065401053573203
2.0,0.022098532286386377
2.0,0.02213166351919955
2.0,0.02216479475201272
2.0,0.022197925984825895
2.0,0.02223105721763907
2.0,0.022264188450452242
2.0,0.022297319683265416
2.0,0.022330450916078586
2.0,0.02236358214889176
2.0,0.022396713381704934
2.0,0.022429844614518107
2.0,0.022462975847331278
2.0,0.02249610708014445
2.0,0.022529238312957625
2.0,0.0225623695457708
2.0,0.022595500778583973
2.0,0.022628632011397143
2.0,0.022661763244210317
2.0,0.02269489447702349
2.0,0.022728025709836664
2.0,0.022761156942649834
2.0,0.022794288175463008
2.0,0.022827419408276182
2.0,0.022860550641089356
2.0,0.02289368187390253
2.0,0.0229268131067157
2.0,0.022959944339528873
2.0,0.022993075572342047
2.0,0.02302620680515522
2.0,0.023059338037968394
2.0,0.023092469270781565
2.0,0.02312560050359474
2.0,0.023158731736407912
2.0,0.023191862969221086
2.0,0.023224994202034256
2.0,0.02325812543484743
2.0,0.023291256667660604
2.0,0.023324387900473777
2.0,0.02335751913328695
2.0,0.02339065036610012
2.0,0.023423781598913295
2.0,0.02345691283172647
2.0,0.023490044064539643
2.0,0.023523175297352813
2.0,0.023556306530165987
2.0,0.02358943776297916
2.0,0.023622568995792334
2.0,0.023655700228605508
2.0,0.023688831461418678
2.0,0.023721962694231852
2.0,0.023755093927045026
2.0,0.0237882251598582
2.0,0.023821356392671373
2.0,0.023854487625484543
2.0,0.023887618858297717
2.0,0.02392075009111089
2.0,0.023953881323924064
2.0,0.023987012556737235
2.0,0.02402014378955041
2.0,0.024053275022363582
2.0,0.024086406255176756
2.0,0.02411953748798993
2.0,0.0241526687208031
2.0,0.024185799953616274
2.0,0.024218931186429447
2.0,0.02425206241924262
2.0,0.02428519365205579
2.0,0.024318324884868965
2.0,0.02435145611768214
2.0,0.024384587350495313
2.0,0.024417718583308486
2.0,0.024450849816121657
2.0,0.02448398104893483
2.0,0.024517112281748004
2.0,0.024550243514561178
2.0,0.02458337474737435
2.0,0.024616505980187522
2.0,0.024649637213000695
2.0,0.02468276844581387
2.0,0.024715899678627043
2.0,0.024749030911440213
2.0,0.024782162144253387
2.0,0.02481529337706656
2.0,0.024848424609879734
2.0,0.024881555842692908
2.0,0.02491468707550608
2.0,0.024947818308319252
2.0,0.024980949541132426
2.0,0.0250140807739456
2.0,0.02504721200675877
2.0,0.025080343239571944
2.0,0.025113474472385117
2.0,0.02514660570519829
2.0,0.025179736938011465
2.0,0.025212868170824635
2.0,0.02524599940363781
2.0,0.025279130636450983
2.0,0.025312261869264156
2.0,0.02534539310207733
2.0,0.0253785243348905
2.0,0.025411655567703674
2.0,0.025444786800516848
2.0,0.02547791803333002
2.0,0.025511049266143192
2.0,0.025544180498956365
2.0,0.02557731173176954
2.0,0.025610442964582713
2.0,0.025643574197395887
2.0,0.025676705430209057
2.0,0.02570983666302223
2.0,0.025742967895835404
2.0,0.025776099128648578
2.0,0.02580923036146175
2.0,0.025842361594274922
2.0,0.025875492827088096
2.0,0.02590862405990127
2.0,0.025941755292714443
2.0,0.025974886525527614
2.0,0.026008017758340787
2.0,0.02604114899115396
2.0,0.026074280223967135
2.0,0.02610741145678031
2.0,0.02614054268959348
2.0,0.026173673922406653
2.0,0.026206805155219826
2.0,0.026239936388033
2.0,0.02627306762084617
2.0,0.026306198853659344
2.0,0.026339330086472518
2.0,0.02637246131928569
2.0,0.026405592552098865
2.0,0.026438723784912035
2.0,0.02647185501772521
2.0,0.026504986250538383
2.0,0.026538117483351557
2.0,0.026571248716164727
2.0,0.0266043799489779
2.0,0.026637511181791074
2.0,0.026670642414604248
2.0,0.026703773647417422
2.0,0.026736904880230592
2.0,0.026770036113043766
2.0,0.02680316734585694
2.0,0.026836298578670113
2.0,0.026869429811483284
2.0,0.026902561044296457
2.0,0.02693569227710963
2.0,0.026968823509922805
2.0,0.02700195474273598
2.0,0.02703508597554915
2.0,0.027068217208362323
2.0,0.027101348441175496
2.0,0.02713447967398867
2.0,0.027167610906801844
2.0,0.027200742139615014
2.0,0.027233873372428188
2.0,0.02726700460524136
2.0,0.027300135838054535
2.0,0.027333267070867705
2.0,0.02736639830368088
2.0,0.027399529536494053
2.0,0.027432660769307227
2.0,0.0274657920021204
2.0,0.02749892323493357
2.0,0.027532054467746744
2.0,0.027565185700559918
2.0,0.027598316933373092
2.0,0.027631448166186262
2.0,0.027664579398999436
2.0,0.02769771063181261
2.0,0.027730841864625783
2.0,0.027763973097438957
2.0,0.027797104330252127
2.0,0.0278302355630653
2.0,0.027863366795878475
2.0,0.02789649802869165
2.0,0.027929629261504822
2.0,0.027962760494317992
2.0,0.027995891727131166
2.0,0.02802902295994434
2.0,0.028062154192757514
2.0,0.028095285425570684
2.0,0.028128416658383858
2.0,0.02816154789119703
2.0,0.028194679124010205
2.0,0.02822781035682338
2.0,0.02826094158963655
2.0,0.028294072822449723
2.0,0.028327204055262897
2.0,0.02836033528807607
2.0,0.02839346652088924
2.0,0.028426597753702414
2.0,0.028459728986515588
2.0,0.028492860219328762
2.0,0.028525991452141936
2.0,0.028559122684955106
2.0,0.02859225391776828
2.0,0.028625385150581453
2.0,0.028658516383394627
2.0,0.0286916476162078
2.0,0.02872477884902097
2.0,0.028757910081834145
2.0,0.02879104131464732
2.0,0.028824172547460492
2.0,0.028857303780273662
2.0,0.028890435013086836
2.0,0.02892356624590001
2.0,0.028956697478713184
2.0,0.028989828711526357
2.0,0.029022959944339528
2.0,0.0290560911771527
2.0,0.029089222409965875
2.0,0.02912235364277905
2.0,0.02915548487559222
2.0,0.029188616108405393
2.0,0.029221747341218567
2.0,0.02925487857403174
2.0,0.029288009806844914
2.0,0.029321141039658084
2.0,0.029354272272471258
2.0,0.029387403505284432
2.0,0.029420534738097606
2.0,0.02945366597091078
2.0,0.02948679720372395
2.0,0.029519928436537123
2.0,0.029553059669350297
2.0,0.02958619090216347
2.0,0.02961932213497664
2.0,0.029652453367789815
2.0,0.02968558460060299
2.0,0.029718715833416162
2.0,0.029751847066229336
2.0,0.029784978299042506
2.0,0.02981810953185568
2.0,0.029851240764668854
2.0,0.029884371997482027
2.0,0.029917503230295198
2.0,0.02995063446310837
2.0,0.029983765695921545
2.0,0.03001689692873472
2.0,0.030050028161547893
2.0,0.030083159394361063
2.0,0.030116290627174237
2.0,0.03014942185998741
2.0,0.030182553092800584
2.0,0.030215684325613758
2.0,0.030248815558426928
2.0,0.030281946791240102
2.0,0.030315078024053276
2.0,0.03034820925686645
2.0,0.03038134048967962
2.0,0.030414471722492793
2.0,0.030447602955305967
2.0,0.03048073418811914
2.0,0.030513865420932314
2.0,0.030546996653745485
2.0,0.03058012788655866
2.0,0.030613259119371832
2.0,0.030646390352185006
2.0,0.030679521584998176
2.0,0.03071265281781135
2.0,0.030745784050624524
2.0,0.030778915283437697
2.0,0.03081204651625087
2.0,0.03084517774906404
2.0,0.030878308981877215
2.0,0.03091144021469039
2.0,0.030944571447503563
2.0,0.030977702680316736
2.0,0.031010833913129907
2.0,0.03104396514594308
2.0,0.031077096378756254
2.0,0.031110227611569428
2.0,0.031143358844382598
2.0,0.031176490077195772
2.0,0.031209621310008945
2.0,0.03124275254282212
2.0,0.03127588377563529
2.0,0.03130901500844847
2.0,0.03134214624126164
2.0,0.03137527747407481
2.0,0.031408408706887984
2.0,0.031441539939701155
2.0,0.03147467117251433
2.0,0.0315078024053275
2.0,0.03154093363814067
2.0,0.03157406487095385
2.0,0.03160719610376702
2.0,0.0316403273365802
2.0,0.03167345856939337
2.0,0.03170658980220654
2.0,0.031739721035019715
2.0,0.031772852267832885
2.0,0.03180598350064606
2.0,0.03183911473345923
2.0,0.0318722459662724
2.0,0.03190537719908558
2.0,0.03193850843189875
2.0,0.03197163966471192
2.0,0.0320047708975251
2.0,0.03203790213033827
2.0,0.032071033363151445
2.0,0.032104164595964615
2.0,0.032137295828777786
2.0,0.03217042706159096
2.0,0.03220355829440413
2.0,0.03223668952721731
2.0,0.03226982076003048
2.0,0.03230295199284365
2.0,0.03233608322565683
2.0,0.03236921445847
2.0,0.032402345691283176
2.0,0.032435476924096346
2.0,0.032468608156909516
2.0,0.03250173938972269
2.0,0.032534870622535864
2.0,0.03256800185534904
2.0,0.03260113308816221
2.0,0.03263426432097538
2.0,0.03266739555378856
2.0,0.03270052678660173
2.0,0.0327336580194149
2.0,0.032766789252228076
2.0,0.032799920485041247
2.0,0.032833051717854424
2.0,0.032866182950667594
2.0,0.032899314183480764
2.0,0.03293244541629394
2.0,0.03296557664910711
2.0,0.03299870788192029
2.0,0.03303183911473346
2.0,0.03306497034754663
2.0,0.03309810158035981
2.0,0.03313123281317298
2.0,0.033164364045986154
2.0,0.033197495278799324
2.0,0.033230626511612495
2.0,0.03326375774442567
2.0,0.03329688897723884
2.0,0.03333002021005202
2.0,0.03336315144286519
2.0,0.03339628267567836
2.0,0.03342941390849154
2.0,0.03346254514130471
2.0,0.03349567637411788
2.0,0.033528807606931055
2.0,0.033561938839744225
2.0,0.0335950700725574
2.0,0.03362820130537057
2.0,0.03366133253818374
2.0,0.03369446377099692
2.0,0.03372759500381009
2.0,0.03376072623662327
2.0,0.03379385746943644
2.0,0.03382698870224961
2.0,0.033860119935062785
2.0,0.033893251167875955
2.0,0.03392638240068913
2.0,0.0339595136335023
2.0,0.03399264486631547
2.0,0.03402577609912865
2.0,0.03405890733194182
2.0,0.034092038564755
2.0,0.03412516979756817
2.0,0.03415830103038134
2.0,0.034191432263194516
2.0,0.034224563496007686
2.0,0.034257694728820856
2.0,0.03429082596163403
2.0,0.034323957194447204
2.0,0.03435708842726038
2.0,0.03439021966007355
2.0,0.03442335089288672
2.0,0.0344564821256999
2.0,0.03448961335851307
2.0,0.034522744591326246
2.0,0.034555875824139416
2.0,0.034589007056952586
2.0,0.034622138289765764
2.0,0.034655269522578934
2.0,0.03468840075539211
2.0,0.03472153198820528
2.0,0.03475466322101845
2.0,0.03478779445383163
2.0,0.0348209256866448
2.0,0.034854056919457976
2.0,0.03488718815227115
2.0,0.03492031938508432
2.0,0.034953450617897494
2.0,0.034986581850710664
2.0,0.035019713083523835
2.0,0.03505284431633701
2.0,0.03508597554915018
2.0,0.03511910678196336
2.0,0.03515223801477653
2.0,0.0351853692475897
2.0,0.03521850048040288
2.0,0.03525163171321605
2.0,0.035284762946029224
2.0,0.035317894178842395
2.0,0.035351025411655565
2.0,0.03538415664446874
2.0,0.03541728787728191
2.0,0.03545041911009509
2.0,0.03548355034290826
2.0,0.03551668157572143
2.0,0.03554981280853461
2.0,0.03558294404134778
2.0,0.035616075274160955
2.0,0.035649206506974125
2.0,0.035682337739787295
2.0,0.03571546897260047
2.0,0.03574860020541364
2.0,0.03578173143822681
2.0,0.03581486267103999
2.0,0.03584799390385316
2.0,0.03588112513666634
2.0,0.03591425636947951
2.0,0.03594738760229268
2.0,0.035980518835105856
2.0,0.036013650067919026
2.0,0.0360467813007322
2.0,0.03607991253354537
2.0,0.036113043766358544
2.0,0.03614617499917172
2.0,0.03617930623198489
2.0,0.03621243746479807
2.0,0.03624556869761124
2.0,0.03627869993042441
2.0,0.036311831163237586
2.0,0.036344962396050756
2.0,0.03637809362886393
2.0,0.036411224861677104
2.0,0.036444356094490274
2.0,0.03647748732730345
2.0,0.03651061856011662
2.0,0.03654374979292979
2.0,0.03657688102574297
2.0,0.03661001225855614
2.0,0.036643143491369316
2.0,0.03667627472418249
2.0,0.03670940595699566
2.0,0.036742537189808834
2.0,0.036775668422622004
2.0,0.03680879965543518
2.0,0.03684193088824835
2.0,0.03687506212106152
2.0,0.0369081933538747
2.0,0.03694132458668787
2.0,0.03697445581950105
2.0,0.03700758705231422
2.0,0.03704071828512739
2.0,0.037073849517940564
2.0,0.037106980750753735
2.0,0.03714011198356691
2.0,0.03717324321638008
2.0,0.03720637444919325
2.0,0.03723950568200643
2.0,0.0372726369148196
2.0,0.03730576814763277
2.0,0.03733889938044595
2.0,0.03737203061325912
2.0,0.037405161846072295
2.0,0.037438293078885465
2.0,0.037471424311698635
2.0,0.03750455554451181
2.0,0.03753768677732498
2.0,0.03757081801013816
2.0,0.03760394924295133
2.0,0.0376370804757645
2.0,0.03767021170857768
2.0,0.03770334294139085
2.0,0.037736474174204025
2.0,0.037769605407017195
2.0,0.037802736639830366
2.0,0.03783586787264354
2.0,0.03786899910545671
2.0,0.03790213033826989
2.0,0.03793526157108306
2.0,0.03796839280389623
2.0,0.03800152403670941
2.0,0.03803465526952258
2.0,0.03806778650233575
2.0,0.038100917735148926
2.0,0.038134048967962096
2.0,0.03816718020077527
2.0,0.038200311433588444
2.0,0.038233442666401614
2.0,0.03826657389921479
2.0,0.03829970513202796
2.0,0.03833283636484114
2.0,0.03836596759765431
2.0,0.03839909883046748
2.0,0.038432230063280656
2.0,0.03846536129609383
2.0,0.038498492528907004
2.0,0.038531623761720174
2.0,0.038564754994533344
2.0,0.03859788622734652
2.0,0.03863101746015969
2.0,0.03866414869297287
2.0,0.03869727992578604
2.0,0.03873041115859921
2.0,0.03876354239141239
2.0,0.03879667362422556
2.0,0.03882980485703873
2.0,0.038862936089851904
2.0,0.038896067322665075
2.0,0.03892919855547825
2.0,0.03896232978829142
2.0,0.03899546102110459
2.0,0.03902859225391777
2.0,0.03906172348673094
2.0,0.03909485471954412
2.0,0.03912798595235729
2.0,0.03916111718517046
2.0,0.039194248417983635
2.0,0.039227379650796805
2.0,0.03926051088360998
2.0,0.03929364211642315
2.0,0.03932677334923632
2.0,0.0393599045820495
2.0,0.03939303581486267
2.0,0.03942616704767585
2.0,0.03945929828048902
2.0,0.03949242951330219
2.0,0.039525560746115365
2.0,0.039558691978928535
2.0,0.039591823211741706
2.0,0.03962495444455488
2.0,0.03965808567736805
2.0,0.03969121691018123
2.0,0.0397243481429944
2.0,0.03975747937580757
2.0,0.03979061060862075
2.0,0.03982374184143392
2.0,0.039856873074247096
2.0,0.039890004307060266
2.0,0.039923135539873436
2.0,0.03995626677268661
2.0,0.039989398005499784
2.0,0.04002252923831296
2.0,0.04005566047112613
2.0,0.0400887917039393
2.0,0.04012192293675248
2.0,0.04015505416956565
2.0,0.040188185402378826
2.0,0.040221316635191996
2.0,0.040254447868005166
2.0,0.040287579100818344
2.0,0.040320710333631514
2.0,0.040353841566444684
2.0,0.04038697279925786
2.0,0.04042010403207103
2.0,0.04045323526488421
2.0,0.04048636649769738
2.0,0.04051949773051055
2.0,0.04055262896332373
2.0,0.0405857601961369
2.0,0.040618891428950074
2.0,0.040652022661763244
2.0,0.040685153894576415
2.0,0.04071828512738959
2.0,0.04075141636020276
2.0,0.04078454759301594
2.0,0.04081767882582911
2.0,0.04085081005864228
2.0,0.04088394129145546
2.0,0.04091707252426863
2.0,0.0409502037570818
2.0,0.040983334989894975
2.0,0.041016466222708145
2.0,0.04104959745552132
2.0,0.04108272868833449
2.0,0.04111585992114766
2.0,0.04114899115396084
2.0,0.04118212238677401
2.0,0.04121525361958719
2.0,0.04124838485240036
2.0,0.04128151608521353
2.0,0.041314647318026705
2.0,0.041347778550839875
2.0,0.04138090978365305
2.0,0.04141404101646622
2.0,0.04144717224927939
2.0,0.04148030348209257
2.0,0.04151343471490574
2.0,0.04154656594771892
2.0,0.04157969718053209
2.0,0.04161282841334526
2.0,0.041645959646158436
2.0,0.041679090878971606
2.0,0.041712222111784776
2.0,0.04174535334459795
2.0,0.041778484577411124
3.0,0.0418116158102243
3.0,0.04184474704303747
3.0,0.04187787827585064
3.0,0.04191100950866382
3.0,0.04194414074147699
3.0,0.041977271974290166
3.0,0.042010403207103336
3.0,0.042043534439916506
3.0,0.042076665672729684
3.0,0.042109796905542854
3.0,0.04214292813835603
3.0,0.0421760593711692
3.0,0.04220919060398237
3.0,0.04224232183679555
3.0,0.04227545306960872
3.0,0.042308584302421896
3.0,0.04234171553523507
3.0,0.04237484676804824
3.0,0.042407978000861414
3.0,0.042441109233674584
3.0,0.042474240466487755
3.0,0.04250737169930093
3.0,0.0425405029321141
3.0,0.04257363416492728
3.0,0.04260676539774045
3.0,0.04263989663055362
3.0,0.0426730278633668
3.0,0.04270615909617997
3.0,0.042739290328993144
3.0,0.042772421561806315
3.0,0.042805552794619485
3.0,0.04283868402743266
3.0,0.04287181526024583
3.0,0.04290494649305901
3.0,0.04293807772587218
3.0,0.04297120895868535
3.0,0.04300434019149853
3.0,0.0430374714243117
3.0,0.043070602657124875
3.0,0.043103733889938045
3.0,0.043136865122751215
3.0,0.04316999635556439
3.0,0.04320312758837756
3.0,0.04323625882119073
3.0,0.04326939005400391
3.0,0.04330252128681708
3.0,0.04333565251963026
3.0,0.04336878375244343
3.0,0.0434019149852566
3.0,0.043435046218069776
3.0,0.043468177450882946
3.0,0.04350130868369612
3.0,0.04353443991650929
3.0,0.043567571149322463
3.0,0.04360070238213564
3.0,0.04363383361494881
3.0,0.04366696484776199
3.0,0.04370009608057516
3.0,0.04373322731338833
3.0,0.043766358546201506
3.0,0.043799489779014676
3.0,0.04383262101182785
3.0,0.043865752244641024
3.0,0.043898883477454194
3.0,0.04393201471026737
3.0,0.04396514594308054
3.0,0.04399827717589371
3.0,0.04403140840870689
3.0,0.04406453964152006
3.0,0.044097670874333236
3.0,0.04413080210714641
3.0,0.04416393333995958
3.0,0.044197064572772754
3.0,0.044230195805585924
3.0,0.0442633270383991
3.0,0.04429645827121227
3.0,0.04432958950402544
3.0,0.04436272073683862
3.0,0.04439585196965179
3.0,0.04442898320246497
3.0,0.04446211443527814
3.0,0.04449524566809131
3.0,0.044528376900904484
3.0,0.044561508133717655
3.0,0.04459463936653083
3.0,0.044627770599344
3.0,0.04466090183215717
3.0,0.04469403306497035
3.0,0.04472716429778352
3.0,0.04476029553059669
3.0,0.04479342676340987
3.0,0.04482655799622304
3.0,0.044859689229036215
3.0,0.044892820461849385
3.0,0.044925951694662555
3.0,0.04495908292747573
3.0,0.0449922141602889
3.0,0.04502534539310208
3.0,0.04505847662591525
3.0,0.04509160785872842
3.0,0.0451247390915416
3.0,0.04515787032435477
3.0,0.045191001557167945
3.0,0.045224132789981115
3.0,0.045257264022794286
3.0,0.04529039525560746
3.0,0.04532352648842063
3.0,0.04535665772123381
3.0,0.04538978895404698
3.0,0.04542292018686015
3.0,0.04545605141967333
3.0,0.0454891826524865
3.0,0.04552231388529967
3.0,0.045555445118112846
3.0,0.045588576350926016
3.0,0.04562170758373919
3.0,0.045654838816552364
3.0,0.045687970049365534
3.0,0.04572110128217871
3.0,0.04575423251499188
3.0,0.04578736374780506
3.0,0.04582049498061823
3.0,0.0458536262134314
3.0,0.045886757446244576
3.0,0.045919888679057747
3.0,0.045953019911870924
3.0,0.045986151144684094
3.0,0.046019282377497264
3.0,0.04605241361031044
3.0,0.04608554484312361
3.0,0.04611867607593679
3.0,0.04615180730874996
3.0,0.04618493854156313
3.0,0.04621806977437631
3.0,0.04625120100718948
3.0,0.04628433224000265
3.0,0.046317463472815824
3.0,0.046350594705628995
3.0,0.04638372593844217
3.0,0.04641685717125534
3.0,0.04644998840406851
3.0,0.04648311963688169
3.0,0.04651625086969486
3.0,0.04654938210250804
3.0,0.04658251333532121
3.0,0.04661564456813438
3.0,0.046648775800947555
3.0,0.046681907033760725
3.0,0.0467150382665739
3.0,0.04674816949938707
3.0,0.04678130073220024
3.0,0.04681443196501342
3.0,0.04684756319782659
3.0,0.04688069443063977
3.0,0.04691382566345294
3.0,0.04694695689626611
3.0,0.046980088129079285
3.0,0.047013219361892455
3.0,0.047046350594705626
3.0,0.0470794818275188
3.0,0.04711261306033197
3.0,0.04714574429314515
3.0,0.04717887552595832
3.0,0.04721200675877149
3.0,0.04724513799158467
3.0,0.04727826922439784
3.0,0.047311400457211016
3.0,0.047344531690024186
3.0,0.047377662922837356
3.0,0.04741079415565053
3.0,0.047443925388463704
3.0,0.04747705662127688
3.0,0.04751018785409005
3.0,0.04754331908690322
3.0,0.0475764503197164
3.0,0.04760958155252957
3.0,0.047642712785342746
3.0,0.047675844018155916
3.0,0.047708975250969086
3.0,0.047742106483782264
3.0,0.047775237716595434
3.0,0.047808368949408604
3.0,0.04784150018222178
3.0,0.04787463141503495
3.0,0.04790776264784813
3.0,0.0479408938806613
3.0,0.04797402511347447
3.0,0.04800715634628765
3.0,0.04804028757910082
3.0,0.048073418811913994
3.0,0.048106550044727164
3.0,0.048139681277540335
3.0,0.04817281251035351
3.0,0.04820594374316668
3.0,0.04823907497597986
3.0,0.04827220620879303
3.0,0.0483053374416062
3.0,0.04833846867441938
3.0,0.04837159990723255
3.0,0.048404731140045724
3.0,0.048437862372858895
3.0,0.048470993605672065
3.0,0.04850412483848524
3.0,0.04853725607129841
3.0,0.04857038730411158
3.0,0.04860351853692476
3.0,0.04863664976973793
3.0,0.04866978100255111
3.0,0.04870291223536428
3.0,0.04873604346817745
3.0,0.048769174700990625
3.0,0.048802305933803795
3.0,0.04883543716661697
3.0,0.04886856839943014
3.0,0.04890169963224331
3.0,0.04893483086505649
3.0,0.04896796209786966
3.0,0.04900109333068284
3.0,0.04903422456349601
3.0,0.04906735579630918
3.0,0.049100487029122356
3.0,0.049133618261935526
3.0,0.0491667494947487
3.0,0.04919988072756187
3.0,0.049233011960375044
3.0,0.04926614319318822
3.0,0.04929927442600139
3.0,0.04933240565881456
3.0,0.04936553689162774
3.0,0.04939866812444091
3.0,0.049431799357254086
3.0,0.049464930590067256
3.0,0.049498061822880426
3.0,0.049531193055693604
3.0,0.049564324288506774
3.0,0.04959745552131995
3.0,0.04963058675413312
3.0,0.04966371798694629
3.0,0.04969684921975947
3.0,0.04972998045257264
3.0,0.049763111685385816
3.0,0.04979624291819899
3.0,0.04982937415101216
3.0,0.049862505383825334
3.0,0.049895636616638504
3.0,0.04992876784945168
3.0,0.04996189908226485
3.0,0.04999503031507802
3.0,0.0500281615478912
3.0,0.05006129278070437
3.0,0.05009442401351754
3.0,0.05012755524633072
3.0,0.05016068647914389
3.0,0.050193817711957064
3.0,0.050226948944770235
3.0,0.050260080177583405
3.0,0.05029321141039658
3.0,0.05032634264320975
3.0,0.05035947387602293
3.0,0.0503926051088361
3.0,0.05042573634164927
3.0,0.05045886757446245
3.0,0.05049199880727562
3.0,0.050525130040088795
3.0,0.050558261272901965
3.0,0.050591392505715135
3.0,0.05062452373852831
3.0,0.05065765497134148
3.0,0.05069078620415466
3.0,0.05072391743696783
3.0,0.050757048669781
3.0,0.05079017990259418
3.0,0.05082331113540735
3.0,0.05085644236822052
3.0,0.050889573601033695
3.0,0.050922704833846866
3.0,0.05095583606666004
3.0,0.05098896729947321
3.0,0.051022098532286383
3.0,0.05105522976509956
3.0,0.05108836099791273
3.0,0.05112149223072591
3.0,0.05115462346353908
3.0,0.05118775469635225
3.0,0.051220885929165426
3.0,0.051254017161978596
3.0,0.05128714839479177
3.0,0.051320279627604944
3.0,0.051353410860418114
3.0,0.05138654209323129
3.0,0.05141967332604446
3.0,0.05145280455885764
3.0,0.05148593579167081
3.0,0.05151906702448398
3.0,0.051552198257297156
3.0,0.05158532949011033
3.0,0.0516184607229235
3.0,0.051651591955736674
3.0,0.051684723188549844
3.0,0.05171785442136302
3.0,0.05175098565417619
3.0,0.05178411688698936
3.0,0.05181724811980254
3.0,0.05185037935261571
3.0,0.05188351058542889
3.0,0.05191664181824206
3.0,0.05194977305105523
3.0,0.051982904283868404
3.0,0.052016035516681575
3.0,0.05204916674949475
3.0,0.05208229798230792
3.0,0.05211542921512109
3.0,0.05214856044793427
3.0,0.05218169168074744
3.0,0.05221482291356062
3.0,0.05224795414637379
3.0,0.05228108537918696
3.0,0.052314216612000135
3.0,0.052347347844813305
3.0,0.052380479077626475
3.0,0.05241361031043965
3.0,0.05244674154325282
3.0,0.052479872776066
3.0,0.05251300400887917
3.0,0.05254613524169234
3.0,0.05257926647450552
3.0,0.05261239770731869
3.0,0.052645528940131865
3.0,0.052678660172945035
3.0,0.052711791405758206
3.0,0.05274492263857138
3.0,0.05277805387138455
3.0,0.05281118510419773
3.0,0.0528443163370109
3.0,0.05287744756982407
3.0,0.05291057880263725
3.0,0.05294371003545042
3.0,0.05297684126826359
3.0,0.053009972501076766
3.0,0.053043103733889936
3.0,0.05307623496670311
3.0,0.053109366199516284
3.0,0.053142497432329454
3.0,0.05317562866514263
3.0,0.0532087598979558
3.0,0.05324189113076898
3.0,0.05327502236358215
3.0,0.05330815359639532
3.0,0.053341284829208496
3.0,0.053374416062021666
3.0,0.053407547294834844
3.0,0.053440678527648014
3.0,0.053473809760461184
3.0,0.05350694099327436
3.0,0.05354007222608753
3.0,0.05357320345890071
3.0,0.05360633469171388
3.0,0.05363946592452705
3.0,0.05367259715734023
3.0,0.0537057283901534
3.0,0.05373885962296657
3.0,0.053771990855779744
3.0,0.053805122088592915
3.0,0.05383825332140609
3.0,0.05387138455421926
3.0,0.05390451578703243
3.0,0.05393764701984561
3.0,0.05397077825265878
3.0,0.05400390948547196
3.0,0.05403704071828513
3.0,0.0540701719510983
3.0,0.054103303183911475
3.0,0.054136434416724645
3.0,0.05416956564953782
3.0,0.05420269688235099
3.0,0.05423582811516416
3.0,0.05426895934797734
3.0,0.05430209058079051
3.0,0.05433522181360369
3.0,0.05436835304641686
3.0,0.05440148427923003
3.0,0.054434615512043205
3.0,0.054467746744856375
3.0,0.054500877977669546
3.0,0.05453400921048272
3.0,0.05456714044329589
3.0,0.05460027167610907
3.0,0.05463340290892224
3.0,0.05466653414173541
3.0,0.05469966537454859
3.0,0.05473279660736176
3.0,0.054765927840174936
3.0,0.054799059072988106
3.0,0.054832190305801276
3.0,0.05486532153861445
3.0,0.054898452771427624
3.0,0.0549315840042408
3.0,0.05496471523705397
3.0,0.05499784646986714
3.0,0.05503097770268032
3.0,0.05506410893549349
3.0,0.055097240168306666
3.0,0.055130371401119836
3.0,0.055163502633933006
3.0,0.055196633866746184
3.0,0.055229765099559354
3.0,0.055262896332372524
3.0,0.0552960275651857
3.0,0.05532915879799887
3.0,0.05536229003081205
3.0,0.05539542126362522
3.0,0.05542855249643839
3.0,0.05546168372925157
3.0,0.05549481496206474
3.0,0.055527946194877914
3.0,0.055561077427691084
3.0,0.055594208660504255
3.0,0.05562733989331743
3.0,0.0556604711261306
3.0,0.05569360235894378
3.0,0.05572673359175695
3.0,0.05575986482457012
3.0,0.0557929960573833
3.0,0.05582612729019647
3.0,0.055859258523009644
3.0,0.055892389755822815
3.0,0.055925520988635985
3.0,0.05595865222144916
3.0,0.05599178345426233
3.0,0.0560249146870755
3.0,0.05605804591988868
3.0,0.05609117715270185
3.0,0.05612430838551503
3.0,0.0561574396183282
3.0,0.05619057085114137
3.0,0.056223702083954545
3.0,0.056256833316767715
3.0,0.05628996454958089
3.0,0.05632309578239406
3.0,0.05635622701520723
3.0,0.05638935824802041
3.0,0.05642248948083358
3.0,0.05645562071364676
3.0,0.05648875194645993
3.0,0.0565218831792731
3.0,0.056555014412086275
3.0,0.056588145644899446
3.0,0.05662127687771262
3.0,0.05665440811052579
3.0,0.056687539343338963
3.0,0.05672067057615214
3.0,0.05675380180896531
3.0,0.05678693304177848
3.0,0.05682006427459166
3.0,0.05685319550740483
3.0,0.056886326740218006
3.0,0.056919457973031176
3.0,0.056952589205844346
3.0,0.056985720438657524
3.0,0.057018851671470694
3.0,0.05705198290428387
3.0,0.05708511413709704
3.0,0.05711824536991021
3.0,0.05715137660272339
3.0,0.05718450783553656
3.0,0.057217639068349736
3.0,0.05725077030116291
3.0,0.05728390153397608
3.0,0.057317032766789254
3.0,0.057350163999602424
3.0,0.0573832952324156
3.0,0.05741642646522877
3.0,0.05744955769804194
3.0,0.05748268893085512
3.0,0.05751582016366829
3.0,0.05754895139648146
3.0,0.05758208262929464
3.0,0.05761521386210781
3.0,0.057648345094920984
3.0,0.057681476327734155
3.0,0.057714607560547325
3.0,0.0577477387933605
3.0,0.05778087002617367
3.0,0.05781400125898685
3.0,0.05784713249180002
3.0,0.05788026372461319
3.0,0.05791339495742637
3.0,0.05794652619023954
3.0,0.057979657423052715
3.0,0.058012788655865885
3.0,0.058045919888679055
3.0,0.05807905112149223
3.0,0.0581121823543054
3.0,0.05814531358711858
3.0,0.05817844481993175
3.0,0.05821157605274492
3.0,0.0582447072855581
3.0,0.05827783851837127
3.0,0.05831096975118444
3.0,0.058344100983997615
3.0,0.058377232216810786
3.0,0.05841036344962396
3.0,0.05844349468243713
3.0,0.0584766259152503
3.0,0.05850975714806348
3.0,0.05854288838087665
3.0,0.05857601961368983
3.0,0.058609150846503
3.0,0.05864228207931617
3.0,0.058675413312129346
3.0,0.058708544544942516
3.0,0.05874167577775569
3.0,0.058774807010568864
3.0,0.058807938243382034
3.0,0.05884106947619521
3.0,0.05887420070900838
3.0,0.05890733194182156
3.0,0.05894046317463473
3.0,0.0589735944074479
3.0,0.059006725640261076
3.0,0.059039856873074247
3.0,0.05907298810588742
3.0,0.059106119338700594
3.0,0.059139250571513764
3.0,0.05917238180432694
3.0,0.05920551303714011
3.0,0.05923864426995328
3.0,0.05927177550276646
3.0,0.05930490673557963
3.0,0.05933803796839281
3.0,0.05937116920120598
3.0,0.05940430043401915
3.0,0.059437431666832324
3.0,0.059470562899645495
3.0,0.05950369413245867
3.0,0.05953682536527184
3.0,0.05956995659808501
3.0,0.05960308783089819
3.0,0.05963621906371136
3.0,0.05966935029652454
3.0,0.05970248152933771
3.0,0.05973561276215088
3.0,0.059768743994964055
3.0,0.059801875227777225
3.0,0.059835006460590395
3.0,0.05986813769340357
3.0,0.05990126892621674
3.0,0.05993440015902992
3.0,0.05996753139184309
3.0,0.06000066262465626
3.0,0.06003379385746944
3.0,0.06006692509028261
3.0,0.060100056323095785
3.0,0.060133187555908955
3.0,0.060166318788722126
3.0,0.0601994500215353
3.0,0.06023258125434847
3.0,0.06026571248716165
3.0,0.06029884371997482
3.0,0.06033197495278799
3.0,0.06036510618560117
3.0,0.06039823741841434
3.0,0.060431368651227516
3.0,0.060464499884040686
3.0,0.060497631116853856
3.0,0.06053076234966703
3.0,0.060563893582480204
3.0,0.060597024815293374
3.0,0.06063015604810655
3.0,0.06066328728091972
3.0,0.0606964185137329
3.0,0.06072954974654607
3.0,0.06076268097935924
3.0,0.060795812212172416
3.0,0.060828943444985586
3.0,0.060862074677798764
3.0,0.060895205910611934
3.0,0.060928337143425104
3.0,0.06096146837623828
3.0,0.06099459960905145
3.0,0.06102773084186463
3.0,0.0610608620746778
3.0,0.06109399330749097
3.0,0.06112712454030415
3.0,0.06116025577311732
3.0,0.061193387005930494
3.0,0.061226518238743664
3.0,0.061259649471556835
3.0,0.06129278070437001
3.0,0.06132591193718318
3.0,0.06135904316999635
3.0,0.06139217440280953
3.0,0.0614253056356227
3.0,0.06145843686843588
3.0,0.06149156810124905
3.0,0.06152469933406222
3.0,0.061557830566875395
3.0,0.061590961799688565
3.0,0.06162409303250174
3.0,0.06165722426531491
3.0,0.06169035549812808
3.0,0.06172348673094126
3.0,0.06175661796375443
3.0,0.06178974919656761
3.0,0.06182288042938078
3.0,0.06185601166219395
3.0,0.061889142895007125
3.0,0.061922274127820295
3.0,0.06195540536063347
3.0,0.06198853659344664
3.0,0.06202166782625981
3.0,0.06205479905907299
3.0,0.06208793029188616
3.0,0.06212106152469933
3.0,0.06215419275751251
3.0,0.06218732399032568
3.0,0.062220455223138856
3.0,0.062253586455952026
3.0,0.062286717688765196
3.0,0.06231984892157837
3.0,0.062352980154391544
3.0,0.06238611138720472
3.0,0.06241924262001789
3.0,0.06245237385283106
3.0,0.06248550508564424
3.0,0.06251863631845742
3.0,0.06255176755127058
3.0,0.06258489878408376
3.0,0.06261803001689693
3.0,0.0626511612497101
3.0,0.06268429248252327
3.0,0.06271742371533645
3.0,0.06275055494814961
3.0,0.06278368618096279
3.0,0.06281681741377597
3.0,0.06284994864658915
3.0,0.06288307987940231
3.0,0.06291621111221549
3.0,0.06294934234502866
3.0,0.06298247357784183
3.0,0.063015604810655
3.0,0.06304873604346818
3.0,0.06308186727628134
3.0,0.06311499850909452
3.0,0.0631481297419077
3.0,0.06318126097472086
3.0,0.06321439220753404
3.0,0.06324752344034722
3.0,0.0632806546731604
3.0,0.06331378590597356
3.0,0.06334691713878673
3.0,0.06338004837159991
3.0,0.06341317960441308
3.0,0.06344631083722625
3.0,0.06347944207003943
3.0,0.06351257330285259
3.0,0.06354570453566577
3.0,0.06357883576847895
3.0,0.06361196700129212
3.0,0.06364509823410529
3.0,0.06367822946691847
3.0,0.06371136069973164
3.0,0.0637444919325448
3.0,0.06377762316535798
3.0,0.06381075439817116
3.0,0.06384388563098432
3.0,0.0638770168637975
3.0,0.06391014809661068
3.0,0.06394327932942384
3.0,0.06397641056223702
3.0,0.0640095417950502
3.0,0.06404267302786337
3.0,0.06407580426067654
3.0,0.06410893549348971
3.0,0.06414206672630289
3.0,0.06417519795911605
3.0,0.06420832919192923
3.0,0.06424146042474241
3.0,0.06427459165755557
3.0,0.06430772289036875
3.0,0.06434085412318193
3.0,0.0643739853559951
3.0,0.06440711658880827
3.0,0.06444024782162144
3.0,0.06447337905443462
3.0,0.06450651028724778
3.0,0.06453964152006096
3.0,0.06457277275287414
3.0,0.0646059039856873
3.0,0.06463903521850048
3.0,0.06467216645131366
3.0,0.06470529768412682
3.0,0.06473842891694
3.0,0.06477156014975317
3.0,0.06480469138256635
3.0,0.06483782261537951
3.0,0.06487095384819269
3.0,0.06490408508100587
3.0,0.06493721631381903
3.0,0.06497034754663221
3.0,0.06500347877944539
3.0,0.06503661001225855
3.0,0.06506974124507173
3.0,0.0651028724778849
3.0,0.06513600371069808
3.0,0.06516913494351124
3.0,0.06520226617632442
3.0,0.0652353974091376
3.0,0.06526852864195076
3.0,0.06530165987476394
3.0,0.06533479110757712
3.0,0.06536792234039028
3.0,0.06540105357320346
3.0,0.06543418480601663
3.0,0.0654673160388298
3.0,0.06550044727164298
3.0,0.06553357850445615
3.0,0.06556670973726933
3.0,0.06559984097008249
3.0,0.06563297220289567
3.0,0.06566610343570885
3.0,0.06569923466852201
3.0,0.06573236590133519
3.0,0.06576549713414837
3.0,0.06579862836696153
3.0,0.0658317595997747
3.0,0.06586489083258788
3.0,0.06589802206540106
3.0,0.06593115329821422
3.0,0.0659642845310274
3.0,0.06599741576384058
3.0,0.06603054699665374
3.0,0.06606367822946692
3.0,0.0660968094622801
3.0,0.06612994069509326
3.0,0.06616307192790644
3.0,0.06619620316071961
3.0,0.06622933439353278
3.0,0.06626246562634595
3.0,0.06629559685915913
3.0,0.06632872809197231
3.0,0.06636185932478547
3.0,0.06639499055759865
3.0,0.06642812179041183
3.0,0.06646125302322499
3.0,0.06649438425603817
3.0,0.06652751548885134
3.0,0.06656064672166451
3.0,0.06659377795447768
3.0,0.06662690918729086
3.0,0.06666004042010404
3.0,0.0666931716529172
3.0,0.06672630288573038
3.0,0.06675943411854356
3.0,0.06679256535135672
3.0,0.0668256965841699
3.0,0.06685882781698307
3.0,0.06689195904979624
3.0,0.06692509028260941
3.0,0.06695822151542259
3.0,0.06699135274823576
3.0,0.06702448398104893
3.0,0.06705761521386211
3.0,0.06709074644667529
3.0,0.06712387767948845
3.0,0.06715700891230163
3.0,0.0671901401451148
3.0,0.06722327137792797
3.0,0.06725640261074115
3.0,0.06728953384355432
3.0,0.06732266507636749
3.0,0.06735579630918066
3.0,0.06738892754199384
3.0,0.06742205877480702
3.0,0.06745519000762018
3.0,0.06748832124043336
3.0,0.06752145247324653
3.0,0.0675545837060597
3.0,0.06758771493887288
3.0,0.06762084617168605
3.0,0.06765397740449922
3.0,0.0676871086373124
3.0,0.06772023987012557
3.0,0.06775337110293873
3.0,0.06778650233575191
3.0,0.06781963356856509
3.0,0.06785276480137827
3.0,0.06788589603419143
3.0,0.0679190272670046
3.0,0.06795215849981778
3.0,0.06798528973263095
3.0,0.06801842096544412
3.0,0.0680515521982573
3.0,0.06808468343107046
3.0,0.06811781466388364
3.0,0.06815094589669682
3.0,0.06818407712951
3.0,0.06821720836232316
3.0,0.06825033959513634
3.0,0.06828347082794951
3.0,0.06831660206076268
3.0,0.06834973329357585
3.0,0.06838286452638903
3.0,0.0684159957592022
3.0,0.06844912699201537
3.0,0.06848225822482855
3.0,0.06851538945764171
3.0,0.06854852069045489
3.0,0.06858165192326807
3.0,0.06861478315608124
3.0,0.06864791438889441
3.0,0.06868104562170758
3.0,0.06871417685452076
3.0,0.06874730808733392
3.0,0.0687804393201471
3.0,0.06881357055296028
3.0,0.06884670178577344
3.0,0.06887983301858662
3.0,0.0689129642513998
3.0,0.06894609548421297
3.0,0.06897922671702614
3.0,0.06901235794983931
3.0,0.06904548918265249
3.0,0.06907862041546566
3.0,0.06911175164827883
3.0,0.06914488288109201
3.0,0.06917801411390517
3.0,0.06921114534671835
3.0,0.06924427657953153
3.0,0.06927740781234469
3.0,0.06931053904515787
3.0,0.06934367027797105
3.0,0.06937680151078422
3.0,0.06940993274359739
3.0,0.06944306397641056
3.0,0.06947619520922374
3.0,0.0695093264420369
3.0,0.06954245767485008
3.0,0.06957558890766326
3.0,0.06960872014047642
3.0,0.0696418513732896
3.0,0.06967498260610278
3.0,0.06970811383891595
3.0,0.06974124507172912
3.0,0.0697743763045423
3.0,0.06980750753735547
3.0,0.06984063877016863
3.0,0.06987377000298181
3.0,0.06990690123579499
3.0,0.06994003246860815
3.0,0.06997316370142133
3.0,0.0700062949342345
3.0,0.07003942616704767
3.0,0.07007255739986085
3.0,0.07010568863267402
3.0,0.0701388198654872
3.0,0.07017195109830036
3.0,0.07020508233111354
3.0,0.07023821356392672
3.0,0.07027134479673988
3.0,0.07030447602955306
3.0,0.07033760726236624
3.0,0.0703707384951794
3.0,0.07040386972799258
3.0,0.07043700096080575
3.0,0.07047013219361893
3.0,0.0705032634264321
3.0,0.07053639465924527
3.0,0.07056952589205845
3.0,0.07060265712487161
3.0,0.07063578835768479
3.0,0.07066891959049797
3.0,0.07070205082331113
3.0,0.07073518205612431
3.0,0.07076831328893748
3.0,0.07080144452175065
3.0,0.07083457575456382
3.0,0.070867706987377
3.0,0.07090083822019018
3.0,0.07093396945300334
3.0,0.07096710068581652
3.0,0.0710002319186297
3.0,0.07103336315144286
3.0,0.07106649438425604
3.0,0.07109962561706921
3.0,0.07113275684988238
3.0,0.07116588808269556
3.0,0.07119901931550873
3.0,0.07123215054832191
3.0,0.07126528178113507
3.0,0.07129841301394825
3.0,0.07133154424676143
3.0,0.07136467547957459
3.0,0.07139780671238777
3.0,0.07143093794520095
3.0,0.07146406917801411
3.0,0.07149720041082729
3.0,0.07153033164364046
3.0,0.07156346287645363
3.0,0.0715965941092668
3.0,0.07162972534207998
3.0,0.07166285657489316
3.0,0.07169598780770632
3.0,0.0717291190405195
3.0,0.07176225027333268
3.0,0.07179538150614584
3.0,0.07182851273895902
3.0,0.0718616439717722
3.0,0.07189477520458536
3.0,0.07192790643739853
3.0,0.07196103767021171
3.0,0.07199416890302489
3.0,0.07202730013583805
3.0,0.07206043136865123
3.0,0.0720935626014644
3.0,0.07212669383427757
3.0,0.07215982506709075
3.0,0.07219295629990392
3.0,0.07222608753271709
3.0,0.07225921876553026
3.0,0.07229234999834344
3.0,0.0723254812311566
3.0,0.07235861246396978
3.0,0.07239174369678296
3.0,0.07242487492959614
3.0,0.0724580061624093
3.0,0.07249113739522248
3.0,0.07252426862803565
3.0,0.07255739986084882
3.0,0.072590531093662
3.0,0.07262366232647517
3.0,0.07265679355928834
3.0,0.07268992479210151
3.0,0.07272305602491469
3.0,0.07275618725772787
3.0,0.07278931849054103
3.0,0.07282244972335421
3.0,0.07285558095616738
3.0,0.07288871218898055
3.0,0.07292184342179373
3.0,0.0729549746546069
3.0,0.07298810588742007
3.0,0.07302123712023324
3.0,0.07305436835304642
3.0,0.07308749958585958
3.0,0.07312063081867276
3.0,0.07315376205148594
3.0,0.07318689328429911
3.0,0.07322002451711228
3.0,0.07325315574992546
3.0,0.07328628698273863
3.0,0.0733194182155518
3.0,0.07335254944836497
3.0,0.07338568068117815
3.0,0.07341881191399131
3.0,0.07345194314680449
3.0,0.07348507437961767
3.0,0.07351820561243085
3.0,0.07355133684524401
3.0,0.07358446807805719
3.0,0.07361759931087036
3.0,0.07365073054368353
3.0,0.0736838617764967
3.0,0.07371699300930988
3.0,0.07375012424212304
3.0,0.07378325547493622
3.0,0.0738163867077494
3.0,0.07384951794056256
3.0,0.07388264917337574
3.0,0.07391578040618892
3.0,0.0739489116390021
3.0,0.07398204287181526
3.0,0.07401517410462843
3.0,0.07404830533744161
3.0,0.07408143657025477
3.0,0.07411456780306795
3.0,0.07414769903588113
3.0,0.07418083026869429
3.0,0.07421396150150747
3.0,0.07424709273432065
3.0,0.07428022396713382
3.0,0.07431335519994699
3.0,0.07434648643276016
3.0,0.07437961766557334
3.0,0.0744127488983865
3.0,0.07444588013119968
3.0,0.07447901136401286
3.0,0.07451214259682602
3.0,0.0745452738296392
3.0,0.07457840506245238
3.0,0.07461153629526554
3.0,0.07464466752807872
3.0,0.0746777987608919
3.0,0.07471092999370507
3.0,0.07474406122651824
3.0,0.07477719245933141
3.0,0.07481032369214459
3.0,0.07484345492495775
3.0,0.07487658615777093
3.0,0.07490971739058411
3.0,0.07494284862339727
3.0,0.07497597985621045
3.0,0.07500911108902363
3.0,0.0750422423218368
3.0,0.07507537355464997
3.0,0.07510850478746314
3.0,0.07514163602027632
3.0,0.07517476725308948
3.0,0.07520789848590266
3.0,0.07524102971871584
3.0,0.075274160951529
3.0,0.07530729218434218
3.0,0.07534042341715536
3.0,0.07537355464996852
3.0,0.0754066858827817
3.0,0.07543981711559487
3.0,0.07547294834840805
3.0,0.07550607958122121
3.0,0.07553921081403439
3.0,0.07557234204684757
3.0,0.07560547327966073
3.0,0.07563860451247391
3.0,0.07567173574528709
3.0,0.07570486697810025
3.0,0.07573799821091343
3.0,0.0757711294437266
3.0,0.07580426067653978
3.0,0.07583739190935294
3.0,0.07587052314216612
3.0,0.0759036543749793
3.0,0.07593678560779246
3.0,0.07596991684060564
3.0,0.07600304807341882
3.0,0.07603617930623198
3.0,0.07606931053904516
3.0,0.07610244177185833
3.0,0.0761355730046715
3.0,0.07616870423748467
3.0,0.07620183547029785
3.0,0.07623496670311103
3.0,0.07626809793592419
3.0,0.07630122916873737
3.0,0.07633436040155055
3.0,0.07636749163436371
3.0,0.07640062286717689
3.0,0.07643375409999006
3.0,0.07646688533280323
3.0,0.0765000165656164
3.0,0.07653314779842958
3.0,0.07656627903124276
3.0,0.07659941026405592
3.0,0.0766325414968691
3.0,0.07666567272968228
3.0,0.07669880396249544
3.0,0.07673193519530862
3.0,0.0767650664281218
3.0,0.07679819766093496
3.0,0.07683132889374814
3.0,0.07686446012656131
4.0,0.07689759135937448
4.0,0.07693072259218765
4.0,0.07696385382500083
4.0,0.07699698505781401
4.0,0.07703011629062717
4.0,0.07706324752344035
4.0,0.07709637875625353
4.0,0.07712950998906669
4.0,0.07716264122187987
4.0,0.07719577245469304
4.0,0.0772289036875062
4.0,0.07726203492031938
4.0,0.07729516615313256
4.0,0.07732829738594574
4.0,0.0773614286187589
4.0,0.07739455985157208
4.0,0.07742769108438526
4.0,0.07746082231719842
4.0,0.0774939535500116
4.0,0.07752708478282477
4.0,0.07756021601563794
4.0,0.07759334724845111
4.0,0.07762647848126429
4.0,0.07765960971407745
4.0,0.07769274094689063
4.0,0.07772587217970381
4.0,0.07775900341251699
4.0,0.07779213464533015
4.0,0.07782526587814333
4.0,0.0778583971109565
4.0,0.07789152834376967
4.0,0.07792465957658284
4.0,0.07795779080939602
4.0,0.07799092204220918
4.0,0.07802405327502236
4.0,0.07805718450783554
4.0,0.07809031574064872
4.0,0.07812344697346188
4.0,0.07815657820627506
4.0,0.07818970943908823
4.0,0.0782228406719014
4.0,0.07825597190471457
4.0,0.07828910313752775
4.0,0.07832223437034092
4.0,0.07835536560315409
4.0,0.07838849683596727
4.0,0.07842162806878043
4.0,0.07845475930159361
4.0,0.07848789053440679
4.0,0.07852102176721996
4.0,0.07855415300003313
4.0,0.0785872842328463
4.0,0.07862041546565948
4.0,0.07865354669847265
4.0,0.07868667793128582
4.0,0.078719809164099
4.0,0.07875294039691216
4.0,0.07878607162972534
4.0,0.07881920286253852
4.0,0.0788523340953517
4.0,0.07888546532816486
4.0,0.07891859656097804
4.0,0.07895172779379121
4.0,0.07898485902660438
4.0,0.07901799025941755
4.0,0.07905112149223073
4.0,0.0790842527250439
4.0,0.07911738395785707
4.0,0.07915051519067025
4.0,0.07918364642348341
4.0,0.07921677765629659
4.0,0.07924990888910977
4.0,0.07928304012192294
4.0,0.0793161713547361
4.0,0.07934930258754928
4.0,0.07938243382036246
4.0,0.07941556505317562
4.0,0.0794486962859888
4.0,0.07948182751880198
4.0,0.07951495875161514
4.0,0.07954808998442832
4.0,0.0795812212172415
4.0,0.07961435245005467
4.0,0.07964748368286784
4.0,0.07968061491568101
4.0,0.07971374614849419
4.0,0.07974687738130735
4.0,0.07978000861412053
4.0,0.07981313984693371
4.0,0.07984627107974687
4.0,0.07987940231256005
4.0,0.07991253354537323
4.0,0.07994566477818639
4.0,0.07997879601099957
4.0,0.08001192724381274
4.0,0.08004505847662592
4.0,0.08007818970943908
4.0,0.08011132094225226
4.0,0.08014445217506544
4.0,0.0801775834078786
4.0,0.08021071464069178
4.0,0.08024384587350496
4.0,0.08027697710631812
4.0,0.0803101083391313
4.0,0.08034323957194447
4.0,0.08037637080475765
4.0,0.08040950203757082
4.0,0.08044263327038399
4.0,0.08047576450319717
4.0,0.08050889573601033
4.0,0.08054202696882351
4.0,0.08057515820163669
4.0,0.08060828943444985
4.0,0.08064142066726303
4.0,0.0806745519000762
4.0,0.08070768313288937
4.0,0.08074081436570255
4.0,0.08077394559851572
4.0,0.0808070768313289
4.0,0.08084020806414206
4.0,0.08087333929695524
4.0,0.08090647052976842
4.0,0.08093960176258158
4.0,0.08097273299539476
4.0,0.08100586422820794
4.0,0.0810389954610211
4.0,0.08107212669383428
4.0,0.08110525792664745
4.0,0.08113838915946063
4.0,0.0811715203922738
4.0,0.08120465162508697
4.0,0.08123778285790015
4.0,0.08127091409071331
4.0,0.08130404532352649
4.0,0.08133717655633967
4.0,0.08137030778915283
4.0,0.081403439021966
4.0,0.08143657025477918
4.0,0.08146970148759235
4.0,0.08150283272040552
4.0,0.0815359639532187
4.0,0.08156909518603188
4.0,0.08160222641884504
4.0,0.08163535765165822
4.0,0.0816684888844714
4.0,0.08170162011728456
4.0,0.08173475135009774
4.0,0.08176788258291091
4.0,0.08180101381572408
4.0,0.08183414504853725
4.0,0.08186727628135043
4.0,0.0819004075141636
4.0,0.08193353874697677
4.0,0.08196666997978995
4.0,0.08199980121260313
4.0,0.08203293244541629
4.0,0.08206606367822947
4.0,0.08209919491104264
4.0,0.08213232614385581
4.0,0.08216545737666898
4.0,0.08219858860948216
4.0,0.08223171984229533
4.0,0.0822648510751085
4.0,0.08229798230792168
4.0,0.08233111354073486
4.0,0.08236424477354802
4.0,0.0823973760063612
4.0,0.08243050723917437
4.0,0.08246363847198754
4.0,0.08249676970480072
4.0,0.08252990093761389
4.0,0.08256303217042706
4.0,0.08259616340324023
4.0,0.08262929463605341
4.0,0.08266242586886657
4.0,0.08269555710167975
4.0,0.08272868833449293
4.0,0.0827618195673061
4.0,0.08279495080011927
4.0,0.08282808203293245
4.0,0.08286121326574562
4.0,0.08289434449855879
4.0,0.08292747573137196
4.0,0.08296060696418514
4.0,0.0829937381969983
4.0,0.08302686942981148
4.0,0.08306000066262466
4.0,0.08309313189543784
4.0,0.083126263128251
4.0,0.08315939436106418
4.0,0.08319252559387735
4.0,0.08322565682669052
4.0,0.0832587880595037
4.0,0.08329191929231687
4.0,0.08332505052513003
4.0,0.08335818175794321
4.0,0.08339131299075639
4.0,0.08342444422356955
4.0,0.08345757545638273
4.0,0.0834907066891959
4.0,0.08352383792200908
4.0,0.08355696915482225
4.0,0.08359010038763542
4.0,0.0836232316204486
4.0,0.08365636285326176
4.0,0.08368949408607494
4.0,0.08372262531888812
4.0,0.08375575655170128
4.0,0.08378888778451446
4.0,0.08382201901732764
4.0,0.08385515025014081
4.0,0.08388828148295398
4.0,0.08392141271576715
4.0,0.08395454394858033
4.0,0.0839876751813935
4.0,0.08402080641420667
4.0,0.08405393764701985
4.0,0.08408706887983301
4.0,0.08412020011264619
4.0,0.08415333134545937
4.0,0.08418646257827253
4.0,0.08421959381108571
4.0,0.08425272504389889
4.0,0.08428585627671206
4.0,0.08431898750952523
4.0,0.0843521187423384
4.0,0.08438524997515158
4.0,0.08441838120796474
4.0,0.08445151244077792
4.0,0.0844846436735911
4.0,0.08451777490640426
4.0,0.08455090613921744
4.0,0.08458403737203062
4.0,0.08461716860484379
4.0,0.08465029983765696
4.0,0.08468343107047013
4.0,0.08471656230328331
4.0,0.08474969353609647
4.0,0.08478282476890965
4.0,0.08481595600172283
4.0,0.08484908723453599
4.0,0.08488221846734917
4.0,0.08491534970016235
4.0,0.08494848093297551
4.0,0.08498161216578869
4.0,0.08501474339860186
4.0,0.08504787463141504
4.0,0.0850810058642282
4.0,0.08511413709704138
4.0,0.08514726832985456
4.0,0.08518039956266772
4.0,0.0852135307954809
4.0,0.08524666202829408
4.0,0.08527979326110724
4.0,0.08531292449392042
4.0,0.0853460557267336
4.0,0.08537918695954677
4.0,0.08541231819235993
4.0,0.08544544942517311
4.0,0.08547858065798629
4.0,0.08551171189079945
4.0,0.08554484312361263
4.0,0.0855779743564258
4.0,0.08561110558923897
4.0,0.08564423682205215
4.0,0.08567736805486532
4.0,0.08571049928767849
4.0,0.08574363052049166
4.0,0.08577676175330484
4.0,0.08580989298611802
4.0,0.08584302421893118
4.0,0.08587615545174436
4.0,0.08590928668455754
4.0,0.0859424179173707
4.0,0.08597554915018388
4.0,0.08600868038299705
4.0,0.08604181161581022
4.0,0.0860749428486234
4.0,0.08610807408143657
4.0,0.08614120531424975
4.0,0.08617433654706291
4.0,0.08620746777987609
4.0,0.08624059901268927
4.0,0.08627373024550243
4.0,0.08630686147831561
4.0,0.08633999271112879
4.0,0.08637312394394195
4.0,0.08640625517675513
4.0,0.0864393864095683
4.0,0.08647251764238147
4.0,0.08650564887519464
4.0,0.08653878010800782
4.0,0.086571911340821
4.0,0.08660504257363416
4.0,0.08663817380644734
4.0,0.08667130503926052
4.0,0.08670443627207368
4.0,0.08673756750488686
4.0,0.08677069873770003
4.0,0.0868038299705132
4.0,0.08683696120332637
4.0,0.08687009243613955
4.0,0.08690322366895273
4.0,0.08693635490176589
4.0,0.08696948613457907
4.0,0.08700261736739225
4.0,0.08703574860020541
4.0,0.08706887983301859
4.0,0.08710201106583176
4.0,0.08713514229864493
4.0,0.0871682735314581
4.0,0.08720140476427128
4.0,0.08723453599708444
4.0,0.08726766722989762
4.0,0.0873007984627108
4.0,0.08733392969552398
4.0,0.08736706092833714
4.0,0.08740019216115032
4.0,0.0874333233939635
4.0,0.08746645462677666
4.0,0.08749958585958983
4.0,0.08753271709240301
4.0,0.08756584832521618
4.0,0.08759897955802935
4.0,0.08763211079084253
4.0,0.0876652420236557
4.0,0.08769837325646887
4.0,0.08773150448928205
4.0,0.08776463572209522
4.0,0.08779776695490839
4.0,0.08783089818772156
4.0,0.08786402942053474
4.0,0.0878971606533479
4.0,0.08793029188616108
4.0,0.08796342311897426
4.0,0.08799655435178742
4.0,0.0880296855846006
4.0,0.08806281681741378
4.0,0.08809594805022695
4.0,0.08812907928304012
4.0,0.0881622105158533
4.0,0.08819534174866647
4.0,0.08822847298147964
4.0,0.08826160421429281
4.0,0.08829473544710599
4.0,0.08832786667991915
4.0,0.08836099791273233
4.0,0.08839412914554551
4.0,0.08842726037835869
4.0,0.08846039161117185
4.0,0.08849352284398503
4.0,0.0885266540767982
4.0,0.08855978530961137
4.0,0.08859291654242454
4.0,0.08862604777523772
4.0,0.08865917900805088
4.0,0.08869231024086406
4.0,0.08872544147367724
4.0,0.0887585727064904
4.0,0.08879170393930358
4.0,0.08882483517211676
4.0,0.08885796640492993
4.0,0.0888910976377431
4.0,0.08892422887055627
4.0,0.08895736010336945
4.0,0.08899049133618261
4.0,0.08902362256899579
4.0,0.08905675380180897
4.0,0.08908988503462213
4.0,0.08912301626743531
4.0,0.08915614750024849
4.0,0.08918927873306166
4.0,0.08922240996587483
4.0,0.089255541198688
4.0,0.08928867243150118
4.0,0.08932180366431434
4.0,0.08935493489712752
4.0,0.0893880661299407
4.0,0.08942119736275386
4.0,0.08945432859556704
4.0,0.08948745982838022
4.0,0.08952059106119338
4.0,0.08955372229400656
4.0,0.08958685352681973
4.0,0.08961998475963291
4.0,0.08965311599244608
4.0,0.08968624722525925
4.0,0.08971937845807243
4.0,0.08975250969088559
4.0,0.08978564092369877
4.0,0.08981877215651195
4.0,0.08985190338932511
4.0,0.08988503462213829
4.0,0.08991816585495147
4.0,0.08995129708776464
4.0,0.0899844283205778
4.0,0.09001755955339098
4.0,0.09005069078620416
4.0,0.09008382201901732
4.0,0.0901169532518305
4.0,0.09015008448464368
4.0,0.09018321571745684
4.0,0.09021634695027002
4.0,0.0902494781830832
4.0,0.09028260941589636
4.0,0.09031574064870954
4.0,0.09034887188152271
4.0,0.09038200311433589
4.0,0.09041513434714905
4.0,0.09044826557996223
4.0,0.09048139681277541
4.0,0.09051452804558857
4.0,0.09054765927840175
4.0,0.09058079051121493
4.0,0.09061392174402809
4.0,0.09064705297684127
4.0,0.09068018420965444
4.0,0.09071331544246762
4.0,0.09074644667528078
4.0,0.09077957790809396
4.0,0.09081270914090714
4.0,0.0908458403737203
4.0,0.09087897160653348
4.0,0.09091210283934666
4.0,0.09094523407215982
4.0,0.090978365304973
4.0,0.09101149653778617
4.0,0.09104462777059934
4.0,0.09107775900341251
4.0,0.09111089023622569
4.0,0.09114402146903887
4.0,0.09117715270185203
4.0,0.09121028393466521
4.0,0.09124341516747839
4.0,0.09127654640029155
4.0,0.09130967763310473
4.0,0.0913428088659179
4.0,0.09137594009873107
4.0,0.09140907133154424
4.0,0.09144220256435742
4.0,0.0914753337971706
4.0,0.09150846502998376
4.0,0.09154159626279694
4.0,0.09157472749561012
4.0,0.09160785872842328
4.0,0.09164098996123646
4.0,0.09167412119404963
4.0,0.0917072524268628
4.0,0.09174038365967598
4.0,0.09177351489248915
4.0,0.09180664612530232
4.0,0.09183977735811549
4.0,0.09187290859092867
4.0,0.09190603982374185
4.0,0.09193917105655501
4.0,0.09197230228936819
4.0,0.09200543352218137
4.0,0.09203856475499453
4.0,0.0920716959878077
4.0,0.09210482722062088
4.0,0.09213795845343405
4.0,0.09217108968624722
4.0,0.0922042209190604
4.0,0.09223735215187358
4.0,0.09227048338468674
4.0,0.09230361461749992
4.0,0.0923367458503131
4.0,0.09236987708312626
4.0,0.09240300831593944
4.0,0.09243613954875261
4.0,0.09246927078156578
4.0,0.09250240201437895
4.0,0.09253553324719213
4.0,0.0925686644800053
4.0,0.09260179571281847
4.0,0.09263492694563165
4.0,0.09266805817844483
4.0,0.09270118941125799
4.0,0.09273432064407117
4.0,0.09276745187688434
4.0,0.09280058310969751
4.0,0.09283371434251068
4.0,0.09286684557532386
4.0,0.09289997680813702
4.0,0.0929331080409502
4.0,0.09296623927376338
4.0,0.09299937050657656
4.0,0.09303250173938972
4.0,0.0930656329722029
4.0,0.09309876420501607
4.0,0.09313189543782924
4.0,0.09316502667064241
4.0,0.09319815790345559
4.0,0.09323128913626876
4.0,0.09326442036908193
4.0,0.09329755160189511
4.0,0.09333068283470827
4.0,0.09336381406752145
4.0,0.09339694530033463
4.0,0.0934300765331478
4.0,0.09346320776596097
4.0,0.09349633899877415
4.0,0.09352947023158732
4.0,0.09356260146440049
4.0,0.09359573269721366
4.0,0.09362886393002684
4.0,0.09366199516284
4.0,0.09369512639565318
4.0,0.09372825762846636
4.0,0.09376138886127953
4.0,0.0937945200940927
4.0,0.09382765132690588
4.0,0.09386078255971905
4.0,0.09389391379253222
4.0,0.0939270450253454
4.0,0.09396017625815857
4.0,0.09399330749097173
4.0,0.09402643872378491
4.0,0.09405956995659809
4.0,0.09409270118941125
4.0,0.09412583242222443
4.0,0.0941589636550376
4.0,0.09419209488785078
4.0,0.09422522612066395
4.0,0.09425835735347712
4.0,0.0942914885862903
4.0,0.09432461981910346
4.0,0.09435775105191664
4.0,0.09439088228472982
4.0,0.09442401351754298
4.0,0.09445714475035616
4.0,0.09449027598316934
4.0,0.09452340721598251
4.0,0.09455653844879568
4.0,0.09458966968160885
4.0,0.09462280091442203
4.0,0.0946559321472352
4.0,0.09468906338004837
4.0,0.09472219461286155
4.0,0.09475532584567471
4.0,0.09478845707848789
4.0,0.09482158831130107
4.0,0.09485471954411423
4.0,0.09488785077692741
4.0,0.09492098200974058
4.0,0.09495411324255376
4.0,0.09498724447536692
4.0,0.0950203757081801
4.0,0.09505350694099328
4.0,0.09508663817380644
4.0,0.09511976940661962
4.0,0.0951529006394328
4.0,0.09518603187224596
4.0,0.09521916310505914
4.0,0.09525229433787231
4.0,0.09528542557068549
4.0,0.09531855680349866
4.0,0.09535168803631183
4.0,0.09538481926912501
4.0,0.09541795050193817
4.0,0.09545108173475135
4.0,0.09548421296756453
4.0,0.09551734420037769
4.0,0.09555047543319087
4.0,0.09558360666600405
4.0,0.09561673789881721
4.0,0.09564986913163039
4.0,0.09568300036444356
4.0,0.09571613159725674
4.0,0.0957492628300699
4.0,0.09578239406288308
4.0,0.09581552529569626
4.0,0.09584865652850942
4.0,0.0958817877613226
4.0,0.09591491899413578
4.0,0.09594805022694894
4.0,0.09598118145976212
4.0,0.0960143126925753
4.0,0.09604744392538847
4.0,0.09608057515820163
4.0,0.09611370639101481
4.0,0.09614683762382799
4.0,0.09617996885664115
4.0,0.09621310008945433
4.0,0.0962462313222675
4.0,0.09627936255508067
4.0,0.09631249378789385
4.0,0.09634562502070702
4.0,0.09637875625352019
4.0,0.09641188748633336
4.0,0.09644501871914654
4.0,0.09647814995195972
4.0,0.09651128118477288
4.0,0.09654441241758606
4.0,0.09657754365039924
4.0,0.0966106748832124
4.0,0.09664380611602558
4.0,0.09667693734883875
4.0,0.09671006858165192
4.0,0.0967431998144651
4.0,0.09677633104727827
4.0,0.09680946228009145
4.0,0.09684259351290461
4.0,0.09687572474571779
4.0,0.09690885597853097
4.0,0.09694198721134413
4.0,0.09697511844415731
4.0,0.09700824967697048
4.0,0.09704138090978365
4.0,0.09707451214259682
4.0,0.09710764337541
4.0,0.09714077460822317
4.0,0.09717390584103634
4.0,0.09720703707384952
4.0,0.0972401683066627
4.0,0.09727329953947586
4.0,0.09730643077228904
4.0,0.09733956200510221
4.0,0.09737269323791538
4.0,0.09740582447072856
4.0,0.09743895570354173
4.0,0.0974720869363549
4.0,0.09750521816916807
4.0,0.09753834940198125
4.0,0.09757148063479443
4.0,0.09760461186760759
4.0,0.09763774310042077
4.0,0.09767087433323395
4.0,0.09770400556604711
4.0,0.09773713679886029
4.0,0.09777026803167346
4.0,0.09780339926448663
4.0,0.0978365304972998
4.0,0.09786966173011298
4.0,0.09790279296292614
4.0,0.09793592419573932
4.0,0.0979690554285525
4.0,0.09800218666136568
4.0,0.09803531789417884
4.0,0.09806844912699202
4.0,0.0981015803598052
4.0,0.09813471159261836
4.0,0.09816784282543153
4.0,0.09820097405824471
4.0,0.09823410529105787
4.0,0.09826723652387105
4.0,0.09830036775668423
4.0,0.0983334989894974
4.0,0.09836663022231057
4.0,0.09839976145512375
4.0,0.09843289268793692
4.0,0.09846602392075009
4.0,0.09849915515356326
4.0,0.09853228638637644
4.0,0.0985654176191896
4.0,0.09859854885200278
4.0,0.09863168008481596
4.0,0.09866481131762912
4.0,0.0986979425504423
4.0,0.09873107378325548
4.0,0.09876420501606865
4.0,0.09879733624888182
4.0,0.098830467481695
4.0,0.09886359871450817
4.0,0.09889672994732134
4.0,0.09892986118013451
4.0,0.09896299241294769
4.0,0.09899612364576085
4.0,0.09902925487857403
4.0,0.09906238611138721
4.0,0.09909551734420038
4.0,0.09912864857701355
4.0,0.09916177980982673
4.0,0.0991949110426399
4.0,0.09922804227545307
4.0,0.09926117350826624
4.0,0.09929430474107942
4.0,0.09932743597389258
4.0,0.09936056720670576
4.0,0.09939369843951894
4.0,0.0994268296723321
4.0,0.09945996090514528
4.0,0.09949309213795846
4.0,0.09952622337077163
4.0,0.0995593546035848
4.0,0.09959248583639797
4.0,0.09962561706921115
4.0,0.09965874830202431
4.0,0.09969187953483749
4.0,0.09972501076765067
4.0,0.09975814200046383
4.0,0.09979127323327701
4.0,0.09982440446609019
4.0,0.09985753569890336
4.0,0.09989066693171653
4.0,0.0999237981645297
4.0,0.09995692939734288
4.0,0.09999006063015604
4.0,0.10002319186296922
4.0,0.1000563230957824
4.0,0.10008945432859556
4.0,0.10012258556140874
4.0,0.10015571679422192
4.0,0.10018884802703508
4.0,0.10022197925984826
4.0,0.10025511049266143
4.0,0.10028824172547461
4.0,0.10032137295828777
4.0,0.10035450419110095
4.0,0.10038763542391413
4.0,0.10042076665672729
4.0,0.10045389788954047
4.0,0.10048702912235365
4.0,0.10052016035516681
4.0,0.10055329158797999
4.0,0.10058642282079316
4.0,0.10061955405360634
4.0,0.1006526852864195
4.0,0.10068581651923268
4.0,0.10071894775204586
4.0,0.10075207898485902
4.0,0.1007852102176722
4.0,0.10081834145048538
4.0,0.10085147268329854
4.0,0.10088460391611172
4.0,0.1009177351489249
4.0,0.10095086638173806
4.0,0.10098399761455124
4.0,0.10101712884736441
4.0,0.10105026008017759
4.0,0.10108339131299075
4.0,0.10111652254580393
4.0,0.10114965377861711
4.0,0.10118278501143027
4.0,0.10121591624424345
4.0,0.10124904747705663
4.0,0.10128217870986979
4.0,0.10131530994268297
4.0,0.10134844117549614
4.0,0.10138157240830932
4.0,0.10141470364112248
4.0,0.10144783487393566
4.0,0.10148096610674884
4.0,0.101514097339562
4.0,0.10154722857237518
4.0,0.10158035980518836
4.0,0.10161349103800152
4.0,0.1016466222708147
4.0,0.10167975350362787
4.0,0.10171288473644104
4.0,0.10174601596925421
4.0,0.10177914720206739
4.0,0.10181227843488057
4.0,0.10184540966769373
4.0,0.10187854090050691
4.0,0.10191167213332009
4.0,0.10194480336613325
4.0,0.10197793459894643
4.0,0.1020110658317596
4.0,0.10204419706457277
4.0,0.10207732829738594
4.0,0.10211045953019912
4.0,0.1021435907630123
4.0,0.10217672199582546
4.0,0.10220985322863864
4.0,0.10224298446145182
4.0,0.10227611569426498
4.0,0.10230924692707816
4.0,0.10234237815989133
4.0,0.1023755093927045
4.0,0.10240864062551767
4.0,0.10244177185833085
4.0,0.10247490309114402
4.0,0.10250803432395719
4.0,0.10254116555677037
4.0,0.10257429678958355
4.0,0.10260742802239671
4.0,0.10264055925520989
4.0,0.10267369048802306
4.0,0.10270682172083623
4.0,0.1027399529536494
4.0,0.10277308418646258
4.0,0.10280621541927575
4.0,0.10283934665208892
4.0,0.1028724778849021
4.0,0.10290560911771528
4.0,0.10293874035052844
4.0,0.10297187158334162
4.0,0.1030050028161548
4.0,0.10303813404896796
4.0,0.10307126528178114
4.0,0.10310439651459431
4.0,0.10313752774740748
4.0,0.10317065898022065
4.0,0.10320379021303383
4.0,0.103236921445847
4.0,0.10327005267866017
4.0,0.10330318391147335
4.0,0.10333631514428653
4.0,0.10336944637709969
4.0,0.10340257760991287
4.0,0.10343570884272604
4.0,0.1034688400755392
4.0,0.10350197130835238
4.0,0.10353510254116556
4.0,0.10356823377397872
4.0,0.1036013650067919
4.0,0.10363449623960508
4.0,0.10366762747241826
4.0,0.10370075870523142
4.0,0.1037338899380446
4.0,0.10376702117085777
4.0,0.10380015240367094
4.0,0.10383328363648411
4.0,0.10386641486929729
4.0,0.10389954610211045
4.0,0.10393267733492363
4.0,0.10396580856773681
4.0,0.10399893980054997
4.0,0.10403207103336315
4.0,0.10406520226617633
4.0,0.1040983334989895
4.0,0.10413146473180267
4.0,0.10416459596461584
4.0,0.10419772719742902
4.0,0.10423085843024218
4.0,0.10426398966305536
4.0,0.10429712089586854
4.0,0.1043302521286817
4.0,0.10436338336149488
4.0,0.10439651459430806
4.0,0.10442964582712123
4.0,0.1044627770599344
4.0,0.10449590829274757
4.0,0.10452903952556075
4.0,0.10456217075837392
4.0,0.10459530199118709
4.0,0.10462843322400027
4.0,0.10466156445681343
4.0,0.10469469568962661
4.0,0.10472782692243979
4.0,0.10476095815525295
4.0,0.10479408938806613
4.0,0.1048272206208793
4.0,0.10486035185369248
4.0,0.10489348308650565
4.0,0.10492661431931882
4.0,0.104959745552132
4.0,0.10499287678494516
4.0,0.10502600801775834
4.0,0.10505913925057152
4.0,0.10509227048338468
4.0,0.10512540171619786
4.0,0.10515853294901104
4.0,0.1051916641818242
4.0,0.10522479541463738
4.0,0.10525792664745055
4.0,0.10529105788026373
4.0,0.1053241891130769
4.0,0.10535732034589007
4.0,0.10539045157870325
4.0,0.10542358281151641
4.0,0.10545671404432959
4.0,0.10548984527714277
4.0,0.10552297650995593
4.0,0.1055561077427691
4.0,0.10558923897558228
4.0,0.10562237020839546
4.0,0.10565550144120862
4.0,0.1056886326740218
4.0,0.10572176390683498
4.0,0.10575489513964814
4.0,0.10578802637246132
4.0,0.1058211576052745
4.0,0.10585428883808766
4.0,0.10588742007090084
4.0,0.10592055130371401
4.0,0.10595368253652718
4.0,0.10598681376934035
4.0,0.10601994500215353
4.0,0.10605307623496671
4.0,0.10608620746777987
4.0,0.10611933870059305
4.0,0.10615246993340623
4.0,0.10618560116621939
4.0,0.10621873239903257
4.0,0.10625186363184574
4.0,0.10628499486465891
4.0,0.10631812609747208
4.0,0.10635125733028526
4.0,0.10638438856309844
4.0,0.1064175197959116
4.0,0.10645065102872478
4.0,0.10648378226153796
4.0,0.10651691349435112
4.0,0.1065500447271643
4.0,0.10658317595997747
4.0,0.10661630719279064
4.0,0.10664943842560382
4.0,0.10668256965841699
4.0,0.10671570089123016
4.0,0.10674883212404333
4.0,0.10678196335685651
4.0,0.10681509458966969
4.0,0.10684822582248285
4.0,0.10688135705529603
4.0,0.1069144882881092
4.0,0.10694761952092237
4.0,0.10698075075373555
4.0,0.10701388198654872
4.0,0.10704701321936189
4.0,0.10708014445217506
4.0,0.10711327568498824
4.0,0.10714640691780142
4.0,0.10717953815061458
4.0,0.10721266938342776
4.0,0.10724580061624094
4.0,0.1072789318490541
4.0,0.10731206308186728
4.0,0.10734519431468045
4.0,0.10737832554749362
4.0,0.1074114567803068
4.0,0.10744458801311997
4.0,0.10747771924593313
4.0,0.10751085047874631
4.0,0.10754398171155949
4.0,0.10757711294437267
4.0,0.10761024417718583
4.0,0.107643375409999
4.0,0.10767650664281218
4.0,0.10770963787562535
4.0,0.10774276910843852
4.0,0.1077759003412517
4.0,0.10780903157406486
4.0,0.10784216280687804
4.0,0.10787529403969122
4.0,0.1079084252725044
4.0,0.10794155650531756
4.0,0.10797468773813074
4.0,0.10800781897094391
4.0,0.10804095020375708
4.0,0.10807408143657025
4.0,0.10810721266938343
4.0,0.1081403439021966
4.0,0.10817347513500977
4.0,0.10820660636782295
4.0,0.10823973760063611
4.0,0.10827286883344929
4.0,0.10830600006626247
4.0,0.10833913129907564
4.0,0.10837226253188881
4.0,0.10840539376470198
4.0,0.10843852499751516
4.0,0.10847165623032833
4.0,0.1085047874631415
4.0,0.10853791869595468
4.0,0.10857104992876784
4.0,0.10860418116158102
4.0,0.1086373123943942
4.0,0.10867044362720737
4.0,0.10870357486002054
4.0,0.10873670609283372
4.0,0.10876983732564689
4.0,0.10880296855846006
4.0,0.10883609979127323
4.0,0.10886923102408641
4.0,0.10890236225689957
4.0,0.10893549348971275
4.0,0.10896862472252593
4.0,0.10900175595533909
4.0,0.10903488718815227
4.0,0.10906801842096545
4.0,0.10910114965377862
4.0,0.10913428088659179
4.0,0.10916741211940496
4.0,0.10920054335221814
4.0,0.1092336745850313
4.0,0.10926680581784448
4.0,0.10929993705065766
4.0,0.10933306828347082
4.0,0.109366199516284
4.0,0.10939933074909718
4.0,0.10943246198191035
4.0,0.10946559321472352
4.0,0.1094987244475367
4.0,0.10953185568034987
4.0,0.10956498691316303
4.0,0.10959811814597621
4.0,0.10963124937878939
4.0,0.10966438061160255
4.0,0.10969751184441573
4.0,0.1097306430772289
4.0,0.10976377431004207
4.0,0.10979690554285525
4.0,0.10983003677566842
4.0,0.1098631680084816
4.0,0.10989629924129476
4.0,0.10992943047410794
4.0,0.10996256170692112
4.0,0.10999569293973428
4.0,0.11002882417254746
4.0,0.11006195540536064
4.0,0.1100950866381738
4.0,0.11012821787098698
4.0,0.11016134910380015
4.0,0.11019448033661333
4.0,0.1102276115694265
4.0,0.11026074280223967
4.0,0.11029387403505285
4.0,0.11032700526786601
4.0,0.11036013650067919
4.0,0.11039326773349237
4.0,0.11042639896630553
4.0,0.11045953019911871
4.0,0.11049266143193189
4.0,0.11052579266474505
4.0,0.11055892389755823
4.0,0.1105920551303714
4.0,0.11062518636318458
4.0,0.11065831759599774
4.0,0.11069144882881092
4.0,0.1107245800616241
4.0,0.11075771129443726
4.0,0.11079084252725044
4.0,0.11082397376006362
4.0,0.11085710499287678
4.0,0.11089023622568996
4.0,0.11092336745850313
4.0,0.11095649869131631
4.0,0.11098962992412947
4.0,0.11102276115694265
4.0,0.11105589238975583
4.0,0.11108902362256899
4.0,0.11112215485538217
4.0,0.11115528608819535
4.0,0.11118841732100851
4.0,0.11122154855382169
4.0,0.11125467978663486
4.0,0.11128781101944803
4.0,0.1113209422522612
4.0,0.11135407348507438
4.0,0.11138720471788756
4.0,0.11142033595070072
4.0,0.1114534671835139
4.0,0.11148659841632708
4.0,0.11151972964914024
4.0,0.11155286088195342
4.0,0.1115859921147666
4.0,0.11161912334757976
4.0,0.11165225458039293
4.0,0.11168538581320611
4.0,0.11171851704601929
4.0,0.11175164827883245
4.0,0.11178477951164563
4.0,0.1118179107444588
4.0,0.11185104197727197
4.0,0.11188417321008515
4.0,0.11191730444289832
4.0,0.11195043567571149
4.0,0.11198356690852466
4.0,0.11201669814133784
4.0,0.112049829374151
4.0,0.11208296060696418
4.0,0.11211609183977736
4.0,0.11214922307259054
4.0,0.1121823543054037
4.0,0.11221548553821688
4.0,0.11224861677103005
4.0,0.11228174800384322
4.0,0.1123148792366564
4.0,0.11234801046946957
4.0,0.11238114170228274
4.0,0.11241427293509591
4.0,0.11244740416790909
4.0,0.11248053540072227
4.0,0.11251366663353543
4.0,0.11254679786634861
4.0,0.11257992909916179
4.0,0.11261306033197495
4.0,0.11264619156478813
4.0,0.1126793227976013
4.0,0.11271245403041447
4.0,0.11274558526322764
4.0,0.11277871649604082
4.0,0.11281184772885398
4.0,0.11284497896166716
4.0,0.11287811019448034
4.0,0.11291124142729352
4.0,0.11294437266010668
4.0,0.11297750389291986
4.0,0.11301063512573303
4.0,0.1130437663585462
4.0,0.11307689759135937
4.0,0.11311002882417255
4.0,0.11314316005698571
4.0,0.11317629128979889
4.0,0.11320942252261207
4.0,0.11324255375542525
4.0,0.11327568498823841
4.0,0.11330881622105159
4.0,0.11334194745386476
4.0,0.11337507868667793
4.0,0.1134082099194911
4.0,0.11344134115230428
4.0,0.11347447238511744
4.0,0.11350760361793062
4.0,0.1135407348507438
4.0,0.11357386608355696
4.0,0.11360699731637014
4.0,0.11364012854918332
4.0,0.1136732597819965
4.0,0.11370639101480966
4.0,0.11373952224762283
4.0,0.11377265348043601
4.0,0.11380578471324918
4.0,0.11383891594606235
4.0,0.11387204717887553
4.0,0.11390517841168869
4.0,0.11393830964450187
4.0,0.11397144087731505
4.0,0.11400457211012822
4.0,0.11403770334294139
4.0,0.11407083457575456
4.0,0.11410396580856774
4.0,0.1141370970413809
4.0,0.11417022827419408
4.0,0.11420335950700726
4.0,0.11423649073982042
4.0,0.1142696219726336
4.0,0.11430275320544678
4.0,0.11433588443825994
4.0,0.11436901567107312
4.0,0.1144021469038863
4.0,0.11443527813669947
4.0,0.11446840936951264
4.0,0.11450154060232581
4.0,0.11453467183513899
4.0,0.11456780306795215
4.0,0.11460093430076533
4.0,0.11463406553357851
4.0,0.11466719676639167
4.0,0.11470032799920485
4.0,0.11473345923201803
4.0,0.1147665904648312
4.0,0.11479972169764437
4.0,0.11483285293045754
4.0,0.11486598416327072
4.0,0.11489911539608388
4.0,0.11493224662889706
4.0,0.11496537786171024
4.0,0.1149985090945234
4.0,0.11503164032733658
4.0,0.11506477156014976
4.0,0.11509790279296292
4.0,0.1151310340257761
4.0,0.11516416525858927
4.0,0.11519729649140245
4.0,0.11523042772421561
4.0,0.11526355895702879
4.0,0.11529669018984197
4.0,0.11532982142265513
4.0,0.11536295265546831
4.0,0.11539608388828149
4.0,0.11542921512109465
4.0,0.11546234635390783
4.0,0.115495477586721
4.0,0.11552860881953418
4.0,0.11556174005234734
4.0,0.11559487128516052
4.0,0.1156280025179737
4.0,0.11566113375078686
4.0,0.11569426498360004
4.0,0.11572739621641322
4.0,0.11576052744922638
4.0,0.11579365868203956
4.0,0.11582678991485273
4.0,0.1158599211476659
4.0,0.11589305238047908
4.0,0.11592618361329225
4.0,0.11595931484610543
4.0,0.11599244607891859
4.0,0.11602557731173177
4.0,0.11605870854454495
4.0,0.11609183977735811
4.0,0.11612497101017129
4.0,0.11615810224298447
4.0,0.11619123347579763
4.0,0.1162243647086108
4.0,0.11625749594142398
4.0,0.11629062717423716
4.0,0.11632375840705032
4.0,0.1163568896398635
4.0,0.11639002087267668
4.0,0.11642315210548984
4.0,0.11645628333830302
4.0,0.1164894145711162
4.0,0.11652254580392936
4.0,0.11655567703674254
4.0,0.11658880826955571
4.0,0.11662193950236888
4.0,0.11665507073518205
4.0,0.11668820196799523
4.0,0.11672133320080841
4.0,0.11675446443362157
4.0,0.11678759566643475
4.0,0.11682072689924793
4.0,0.11685385813206109
4.0,0.11688698936487427
4.0,0.11692012059768744
4.0,0.1169532518305006
4.0,0.11698638306331378
4.0,0.11701951429612696
4.0,0.11705264552894014
4.0,0.1170857767617533
4.0,0.11711890799456648
4.0,0.11715203922737966
4.0,0.11718517046019282
4.0,0.117218301693006
4.0,0.11725143292581917
4.0,0.11728456415863234
4.0,0.11731769539144551
4.0,0.11735082662425869
4.0,0.11738395785707186
4.0,0.11741708908988503
4.0,0.11745022032269821
4.0,0.11748335155551139
4.0,0.11751648278832455
4.0,0.11754961402113773
4.0,0.1175827452539509
4.0,0.11761587648676407
4.0,0.11764900771957724
4.0,0.11768213895239042
4.0,0.11771527018520359
4.0,0.11774840141801676
4.0,0.11778153265082994
4.0,0.11781466388364312
4.0,0.11784779511645628
4.0,0.11788092634926946
4.0,0.11791405758208263
4.0,0.1179471888148958
4.0,0.11798032004770898
4.0,0.11801345128052215
4.0,0.11804658251333532
4.0,0.11807971374614849
4.0,0.11811284497896167
4.0,0.11814597621177483
4.0,0.11817910744458801
4.0,0.11821223867740119
4.0,0.11824536991021437
4.0,0.11827850114302753
4.0,0.1183116323758407
4.0,0.11834476360865388
4.0,0.11837789484146705
4.0,0.11841102607428022
4.0,0.1184441573070934
4.0,0.11847728853990656
4.0,0.11851041977271974
4.0,0.11854355100553292
4.0,0.1185766822383461
4.0,0.11860981347115926
4.0,0.11864294470397244
4.0,0.11867607593678561
4.0,0.11870920716959878
4.0,0.11874233840241195
4.0,0.11877546963522513
4.0,0.1188086008680383
4.0,0.11884173210085147
4.0,0.11887486333366465
4.0,0.11890799456647781
4.0,0.11894112579929099
4.0,0.11897425703210417
4.0,0.11900738826491734
4.0,0.11904051949773051
4.0,0.11907365073054368
4.0,0.11910678196335686
4.0,0.11913991319617002
4.0,0.1191730444289832
4.0,0.11920617566179638
4.0,0.11923930689460954
4.0,0.11927243812742272
4.0,0.1193055693602359
4.0,0.11933870059304907
4.0,0.11937183182586224
4.0,0.11940496305867541
4.0,0.11943809429148859
4.0,0.11947122552430176
4.0,0.11950435675711493
4.0,0.11953748798992811
4.0,0.11957061922274127
4.0,0.11960375045555445
4.0,0.11963688168836763
4.0,0.11967001292118079
4.0,0.11970314415399397
4.0,0.11973627538680714
4.0,0.11976940661962032
4.0,0.11980253785243349
4.0,0.11983566908524666
4.0,0.11986880031805984
4.0,0.119901931550873
4.0,0.11993506278368618
4.0,0.11996819401649936
4.0,0.12000132524931252
4.0,0.1200344564821257
4.0,0.12006758771493888
4.0,0.12010071894775205
4.0,0.12013385018056522
4.0,0.1201669814133784
4.0,0.12020011264619157
4.0,0.12023324387900473
4.0,0.12026637511181791
4.0,0.12029950634463109
4.0,0.12033263757744425
4.0,0.12036576881025743
4.0,0.1203989000430706
4.0,0.12043203127588377
4.0,0.12046516250869695
4.0,0.12049829374151012
4.0,0.1205314249743233
4.0,0.12056455620713646
4.0,0.12059768743994964
4.0,0.12063081867276282
4.0,0.12066394990557598
4.0,0.12069708113838916
4.0,0.12073021237120234
4.0,0.1207633436040155
4.0,0.12079647483682868
4.0,0.12082960606964185
4.0,0.12086273730245503
4.0,0.1208958685352682
4.0,0.12092899976808137
4.0,0.12096213100089455
4.0,0.12099526223370771
4.0,0.12102839346652089
4.0,0.12106152469933407
4.0,0.12109465593214723
4.0,0.12112778716496041
4.0,0.12116091839777358
4.0,0.12119404963058675
4.0,0.12122718086339992
4.0,0.1212603120962131
4.0,0.12129344332902628
4.0,0.12132657456183944
4.0,0.12135970579465262
4.0,0.1213928370274658
4.0,0.12142596826027896
4.0,0.12145909949309214
4.0,0.12149223072590531
4.0,0.12152536195871848
4.0,0.12155849319153166
4.0,0.12159162442434483
4.0,0.12162475565715801
4.0,0.12165788688997117
4.0,0.12169101812278435
4.0,0.12172414935559753
4.0,0.12175728058841069
4.0,0.12179041182122387
4.0,0.12182354305403705
4.0,0.12185667428685021
4.0,0.12188980551966339
4.0,0.12192293675247656
4.0,0.12195606798528973
4.0,0.1219891992181029
4.0,0.12202233045091608
4.0,0.12205546168372926
4.0,0.12208859291654242
4.0,0.1221217241493556
4.0,0.12215485538216878
4.0,0.12218798661498194
4.0,0.12222111784779512
4.0,0.1222542490806083
4.0,0.12228738031342146
4.0,0.12232051154623463
4.0,0.12235364277904781
4.0,0.12238677401186099
4.0,0.12241990524467415
4.0,0.12245303647748733
4.0,0.1224861677103005
4.0,0.12251929894311367
4.0,0.12255243017592685
4.0,0.12258556140874002
4.0,0.12261869264155319
4.0,0.12265182387436636
4.0,0.12268495510717954
4.0,0.1227180863399927
4.0,0.12275121757280588
4.0,0.12278434880561906
4.0,0.12281748003843224
4.0,0.1228506112712454
4.0,0.12288374250405858
4.0,0.12291687373687175
4.0,0.12295000496968492
4.0,0.1229831362024981
4.0,0.12301626743531127
4.0,0.12304939866812444
4.0,0.12308252990093761
4.0,0.12311566113375079
4.0,0.12314879236656397
4.0,0.12318192359937713
4.0,0.12321505483219031
4.0,0.12324818606500348
4.0,0.12328131729781665
4.0,0.12331444853062982
4.0,0.123347579763443
4.0,0.12338071099625617
4.0,0.12341384222906934
4.0,0.12344697346188252
4.0,0.12348010469469568
4.0,0.12351323592750886
4.0,0.12354636716032204
5.0,0.12357949839313521
5.0,0.12361262962594838
5.0,0.12364576085876156
5.0,0.12367889209157473
5.0,0.1237120233243879
5.0,0.12374515455720107
5.0,0.12377828579001425
5.0,0.12381141702282741
5.0,0.12384454825564059
5.0,0.12387767948845377
5.0,0.12391081072126695
5.0,0.12394394195408011
5.0,0.12397707318689329
5.0,0.12401020441970646
5.0,0.12404333565251963
5.0,0.1240764668853328
5.0,0.12410959811814598
5.0,0.12414272935095914
5.0,0.12417586058377232
5.0,0.1242089918165855
5.0,0.12424212304939866
5.0,0.12427525428221184
5.0,0.12430838551502502
5.0,0.1243415167478382
5.0,0.12437464798065136
5.0,0.12440777921346453
5.0,0.12444091044627771
5.0,0.12447404167909087
5.0,0.12450717291190405
5.0,0.12454030414471723
5.0,0.12457343537753039
5.0,0.12460656661034357
5.0,0.12463969784315675
5.0,0.12467282907596992
5.0,0.12470596030878309
5.0,0.12473909154159626
5.0,0.12477222277440944
5.0,0.1248053540072226
5.0,0.12483848524003578
5.0,0.12487161647284896
5.0,0.12490474770566212
5.0,0.1249378789384753
5.0,0.12497101017128848
5.0,0.12500414140410165
5.0,0.12503727263691483
5.0,0.12507040386972798
5.0,0.12510353510254116
5.0,0.12513666633535434
5.0,0.1251697975681675
5.0,0.1252029288009807
5.0,0.12523606003379387
5.0,0.12526919126660704
5.0,0.1253023224994202
5.0,0.12533545373223337
5.0,0.12536858496504655
5.0,0.12540171619785973
5.0,0.1254348474306729
5.0,0.12546797866348608
5.0,0.12550110989629923
5.0,0.1255342411291124
5.0,0.12556737236192558
5.0,0.12560050359473876
5.0,0.12563363482755194
5.0,0.12566676606036511
5.0,0.1256998972931783
5.0,0.12573302852599144
5.0,0.12576615975880462
5.0,0.1257992909916178
5.0,0.12583242222443097
5.0,0.12586555345724415
5.0,0.12589868469005733
5.0,0.12593181592287048
5.0,0.12596494715568365
5.0,0.12599807838849683
5.0,0.12603120962131
5.0,0.12606434085412319
5.0,0.12609747208693636
5.0,0.12613060331974954
5.0,0.1261637345525627
5.0,0.12619686578537587
5.0,0.12622999701818904
5.0,0.12626312825100222
5.0,0.1262962594838154
5.0,0.12632939071662858
5.0,0.12636252194944173
5.0,0.1263956531822549
5.0,0.12642878441506808
5.0,0.12646191564788126
5.0,0.12649504688069443
5.0,0.1265281781135076
5.0,0.1265613093463208
5.0,0.12659444057913394
5.0,0.12662757181194711
5.0,0.1266607030447603
5.0,0.12669383427757347
5.0,0.12672696551038665
5.0,0.12676009674319982
5.0,0.126793227976013
5.0,0.12682635920882615
5.0,0.12685949044163933
5.0,0.1268926216744525
5.0,0.12692575290726568
5.0,0.12695888414007886
5.0,0.12699201537289204
5.0,0.12702514660570519
5.0,0.12705827783851836
5.0,0.12709140907133154
5.0,0.12712454030414472
5.0,0.1271576715369579
5.0,0.12719080276977107
5.0,0.12722393400258425
5.0,0.1272570652353974
5.0,0.12729019646821058
5.0,0.12732332770102375
5.0,0.12735645893383693
5.0,0.1273895901666501
5.0,0.12742272139946328
5.0,0.12745585263227643
5.0,0.1274889838650896
5.0,0.1275221150979028
5.0,0.12755524633071597
5.0,0.12758837756352914
5.0,0.12762150879634232
5.0,0.1276546400291555
5.0,0.12768777126196865
5.0,0.12772090249478182
5.0,0.127754033727595
5.0,0.12778716496040818
5.0,0.12782029619322136
5.0,0.12785342742603453
5.0,0.12788655865884768
5.0,0.12791968989166086
5.0,0.12795282112447404
5.0,0.1279859523572872
5.0,0.1280190835901004
5.0,0.12805221482291357
5.0,0.12808534605572675
5.0,0.1281184772885399
5.0,0.12815160852135307
5.0,0.12818473975416625
5.0,0.12821787098697943
5.0,0.1282510022197926
5.0,0.12828413345260578
5.0,0.12831726468541896
5.0,0.1283503959182321
5.0,0.12838352715104528
5.0,0.12841665838385846
5.0,0.12844978961667164
5.0,0.12848292084948482
5.0,0.128516052082298
5.0,0.12854918331511114
5.0,0.12858231454792432
5.0,0.1286154457807375
5.0,0.12864857701355067
5.0,0.12868170824636385
5.0,0.12871483947917703
5.0,0.1287479707119902
5.0,0.12878110194480336
5.0,0.12881423317761653
5.0,0.1288473644104297
5.0,0.1288804956432429
5.0,0.12891362687605606
5.0,0.12894675810886924
5.0,0.1289798893416824
5.0,0.12901302057449557
5.0,0.12904615180730875
5.0,0.12907928304012192
5.0,0.1291124142729351
5.0,0.12914554550574828
5.0,0.12917867673856145
5.0,0.1292118079713746
5.0,0.12924493920418778
5.0,0.12927807043700096
5.0,0.12931120166981414
5.0,0.1293443329026273
5.0,0.1293774641354405
5.0,0.12941059536825364
5.0,0.12944372660106682
5.0,0.12947685783388
5.0,0.12950998906669317
5.0,0.12954312029950635
5.0,0.12957625153231953
5.0,0.1296093827651327
5.0,0.12964251399794585
5.0,0.12967564523075903
5.0,0.1297087764635722
5.0,0.12974190769638538
5.0,0.12977503892919856
5.0,0.12980817016201174
5.0,0.12984130139482492
5.0,0.12987443262763806
5.0,0.12990756386045124
5.0,0.12994069509326442
5.0,0.1299738263260776
5.0,0.13000695755889077
5.0,0.13004008879170395
5.0,0.1300732200245171
5.0,0.13010635125733028
5.0,0.13013948249014345
5.0,0.13017261372295663
5.0,0.1302057449557698
5.0,0.13023887618858299
5.0,0.13027200742139616
5.0,0.1303051386542093
5.0,0.1303382698870225
5.0,0.13037140111983567
5.0,0.13040453235264884
5.0,0.13043766358546202
5.0,0.1304707948182752
5.0,0.13050392605108835
5.0,0.13053705728390153
5.0,0.1305701885167147
5.0,0.13060331974952788
5.0,0.13063645098234106
5.0,0.13066958221515423
5.0,0.1307027134479674
5.0,0.13073584468078056
5.0,0.13076897591359374
5.0,0.13080210714640692
5.0,0.1308352383792201
5.0,0.13086836961203327
5.0,0.13090150084484645
5.0,0.1309346320776596
5.0,0.13096776331047277
5.0,0.13100089454328595
5.0,0.13103402577609913
5.0,0.1310671570089123
5.0,0.13110028824172548
5.0,0.13113341947453866
5.0,0.1311665507073518
5.0,0.13119968194016499
5.0,0.13123281317297816
5.0,0.13126594440579134
5.0,0.13129907563860452
5.0,0.1313322068714177
5.0,0.13136533810423087
5.0,0.13139846933704402
5.0,0.1314316005698572
5.0,0.13146473180267038
5.0,0.13149786303548355
5.0,0.13153099426829673
5.0,0.1315641255011099
5.0,0.13159725673392306
5.0,0.13163038796673623
5.0,0.1316635191995494
5.0,0.1316966504323626
5.0,0.13172978166517577
5.0,0.13176291289798894
5.0,0.13179604413080212
5.0,0.13182917536361527
5.0,0.13186230659642845
5.0,0.13189543782924162
5.0,0.1319285690620548
5.0,0.13196170029486798
5.0,0.13199483152768116
5.0,0.1320279627604943
5.0,0.13206109399330748
5.0,0.13209422522612066
5.0,0.13212735645893384
5.0,0.13216048769174701
5.0,0.1321936189245602
5.0,0.13222675015737337
5.0,0.13225988139018652
5.0,0.1322930126229997
5.0,0.13232614385581287
5.0,0.13235927508862605
5.0,0.13239240632143923
5.0,0.1324255375542524
5.0,0.13245866878706555
5.0,0.13249180001987873
5.0,0.1325249312526919
5.0,0.13255806248550508
5.0,0.13259119371831826
5.0,0.13262432495113144
5.0,0.13265745618394462
5.0,0.13269058741675777
5.0,0.13272371864957094
5.0,0.13275684988238412
5.0,0.1327899811151973
5.0,0.13282311234801047
5.0,0.13285624358082365
5.0,0.13288937481363683
5.0,0.13292250604644998
5.0,0.13295563727926316
5.0,0.13298876851207633
5.0,0.1330218997448895
5.0,0.1330550309777027
5.0,0.13308816221051586
5.0,0.13312129344332901
5.0,0.1331544246761422
5.0,0.13318755590895537
5.0,0.13322068714176855
5.0,0.13325381837458172
5.0,0.1332869496073949
5.0,0.13332008084020808
5.0,0.13335321207302123
5.0,0.1333863433058344
5.0,0.13341947453864758
5.0,0.13345260577146076
5.0,0.13348573700427394
5.0,0.1335188682370871
5.0,0.13355199946990026
5.0,0.13358513070271344
5.0,0.13361826193552662
5.0,0.1336513931683398
5.0,0.13368452440115297
5.0,0.13371765563396615
5.0,0.13375078686677933
5.0,0.13378391809959247
5.0,0.13381704933240565
5.0,0.13385018056521883
5.0,0.133883311798032
5.0,0.13391644303084518
5.0,0.13394957426365836
5.0,0.1339827054964715
5.0,0.1340158367292847
5.0,0.13404896796209786
5.0,0.13408209919491104
5.0,0.13411523042772422
5.0,0.1341483616605374
5.0,0.13418149289335057
5.0,0.13421462412616372
5.0,0.1342477553589769
5.0,0.13428088659179008
5.0,0.13431401782460325
5.0,0.13434714905741643
5.0,0.1343802802902296
5.0,0.1344134115230428
5.0,0.13444654275585594
5.0,0.1344796739886691
5.0,0.1345128052214823
5.0,0.13454593645429547
5.0,0.13457906768710864
5.0,0.13461219891992182
5.0,0.13464533015273497
5.0,0.13467846138554815
5.0,0.13471159261836133
5.0,0.1347447238511745
5.0,0.13477785508398768
5.0,0.13481098631680086
5.0,0.13484411754961403
5.0,0.13487724878242718
5.0,0.13491038001524036
5.0,0.13494351124805354
5.0,0.13497664248086672
5.0,0.1350097737136799
5.0,0.13504290494649307
5.0,0.13507603617930622
5.0,0.1351091674121194
5.0,0.13514229864493257
5.0,0.13517542987774575
5.0,0.13520856111055893
5.0,0.1352416923433721
5.0,0.13527482357618528
5.0,0.13530795480899843
5.0,0.1353410860418116
5.0,0.1353742172746248
5.0,0.13540734850743796
5.0,0.13544047974025114
5.0,0.13547361097306432
5.0,0.13550674220587747
5.0,0.13553987343869064
5.0,0.13557300467150382
5.0,0.135606135904317
5.0,0.13563926713713018
5.0,0.13567239836994335
5.0,0.13570552960275653
5.0,0.13573866083556968
5.0,0.13577179206838286
5.0,0.13580492330119603
5.0,0.1358380545340092
5.0,0.1358711857668224
5.0,0.13590431699963557
5.0,0.13593744823244874
5.0,0.1359705794652619
5.0,0.13600371069807507
5.0,0.13603684193088825
5.0,0.13606997316370142
5.0,0.1361031043965146
5.0,0.13613623562932778
5.0,0.13616936686214093
5.0,0.1362024980949541
5.0,0.13623562932776728
5.0,0.13626876056058046
5.0,0.13630189179339364
5.0,0.13633502302620681
5.0,0.13636815425902
5.0,0.13640128549183314
5.0,0.13643441672464632
5.0,0.1364675479574595
5.0,0.13650067919027267
5.0,0.13653381042308585
5.0,0.13656694165589903
5.0,0.13660007288871218
5.0,0.13663320412152535
5.0,0.13666633535433853
5.0,0.1366994665871517
5.0,0.13673259781996489
5.0,0.13676572905277806
5.0,0.13679886028559124
5.0,0.1368319915184044
5.0,0.13686512275121757
5.0,0.13689825398403074
5.0,0.13693138521684392
5.0,0.1369645164496571
5.0,0.13699764768247027
5.0,0.13703077891528342
5.0,0.1370639101480966
5.0,0.13709704138090978
5.0,0.13713017261372296
5.0,0.13716330384653613
5.0,0.1371964350793493
5.0,0.1372295663121625
5.0,0.13726269754497564
5.0,0.13729582877778881
5.0,0.137328960010602
5.0,0.13736209124341517
5.0,0.13739522247622835
5.0,0.13742835370904152
5.0,0.1374614849418547
5.0,0.13749461617466785
5.0,0.13752774740748103
5.0,0.1375608786402942
5.0,0.13759400987310738
5.0,0.13762714110592056
5.0,0.13766027233873374
5.0,0.13769340357154689
5.0,0.13772653480436006
5.0,0.13775966603717324
5.0,0.13779279726998642
5.0,0.1378259285027996
5.0,0.13785905973561277
5.0,0.13789219096842595
5.0,0.1379253222012391
5.0,0.13795845343405228
5.0,0.13799158466686545
5.0,0.13802471589967863
5.0,0.1380578471324918
5.0,0.13809097836530498
5.0,0.13812410959811813
5.0,0.1381572408309313
5.0,0.1381903720637445
5.0,0.13822350329655766
5.0,0.13825663452937084
5.0,0.13828976576218402
5.0,0.1383228969949972
5.0,0.13835602822781035
5.0,0.13838915946062352
5.0,0.1384222906934367
5.0,0.13845542192624988
5.0,0.13848855315906305
5.0,0.13852168439187623
5.0,0.13855481562468938
5.0,0.13858794685750256
5.0,0.13862107809031574
5.0,0.1386542093231289
5.0,0.1386873405559421
5.0,0.13872047178875527
5.0,0.13875360302156844
5.0,0.1387867342543816
5.0,0.13881986548719477
5.0,0.13885299672000795
5.0,0.13888612795282113
5.0,0.1389192591856343
5.0,0.13895239041844748
5.0,0.13898552165126066
5.0,0.1390186528840738
5.0,0.13905178411688698
5.0,0.13908491534970016
5.0,0.13911804658251334
5.0,0.13915117781532652
5.0,0.1391843090481397
5.0,0.13921744028095284
5.0,0.13925057151376602
5.0,0.1392837027465792
5.0,0.13931683397939237
5.0,0.13934996521220555
5.0,0.13938309644501873
5.0,0.1394162276778319
5.0,0.13944935891064505
5.0,0.13948249014345823
5.0,0.1395156213762714
5.0,0.1395487526090846
5.0,0.13958188384189776
5.0,0.13961501507471094
5.0,0.1396481463075241
5.0,0.13968127754033727
5.0,0.13971440877315044
5.0,0.13974754000596362
5.0,0.1397806712387768
5.0,0.13981380247158998
5.0,0.13984693370440315
5.0,0.1398800649372163
5.0,0.13991319617002948
5.0,0.13994632740284266
5.0,0.13997945863565583
5.0,0.140012589868469
5.0,0.1400457211012822
5.0,0.14007885233409534
5.0,0.14011198356690852
5.0,0.1401451147997217
5.0,0.14017824603253487
5.0,0.14021137726534805
5.0,0.14024450849816122
5.0,0.1402776397309744
5.0,0.14031077096378755
5.0,0.14034390219660073
5.0,0.1403770334294139
5.0,0.14041016466222708
5.0,0.14044329589504026
5.0,0.14047642712785344
5.0,0.1405095583606666
5.0,0.14054268959347976
5.0,0.14057582082629294
5.0,0.14060895205910612
5.0,0.1406420832919193
5.0,0.14067521452473247
5.0,0.14070834575754565
5.0,0.1407414769903588
5.0,0.14077460822317198
5.0,0.14080773945598515
5.0,0.14084087068879833
5.0,0.1408740019216115
5.0,0.14090713315442469
5.0,0.14094026438723786
5.0,0.140973395620051
5.0,0.1410065268528642
5.0,0.14103965808567737
5.0,0.14107278931849054
5.0,0.14110592055130372
5.0,0.1411390517841169
5.0,0.14117218301693005
5.0,0.14120531424974322
5.0,0.1412384454825564
5.0,0.14127157671536958
5.0,0.14130470794818276
5.0,0.14133783918099593
5.0,0.1413709704138091
5.0,0.14140410164662226
5.0,0.14143723287943544
5.0,0.14147036411224861
5.0,0.1415034953450618
5.0,0.14153662657787497
5.0,0.14156975781068815
5.0,0.1416028890435013
5.0,0.14163602027631447
5.0,0.14166915150912765
5.0,0.14170228274194083
5.0,0.141735413974754
5.0,0.14176854520756718
5.0,0.14180167644038036
5.0,0.1418348076731935
5.0,0.14186793890600669
5.0,0.14190107013881986
5.0,0.14193420137163304
5.0,0.14196733260444622
5.0,0.1420004638372594
5.0,0.14203359507007254
5.0,0.14206672630288572
5.0,0.1420998575356989
5.0,0.14213298876851208
5.0,0.14216612000132525
5.0,0.14219925123413843
5.0,0.1422323824669516
5.0,0.14226551369976476
5.0,0.14229864493257793
5.0,0.1423317761653911
5.0,0.1423649073982043
5.0,0.14239803863101747
5.0,0.14243116986383064
5.0,0.14246430109664382
5.0,0.14249743232945697
5.0,0.14253056356227015
5.0,0.14256369479508332
5.0,0.1425968260278965
5.0,0.14262995726070968
5.0,0.14266308849352285
5.0,0.142696219726336
5.0,0.14272935095914918
5.0,0.14276248219196236
5.0,0.14279561342477554
5.0,0.1428287446575887
5.0,0.1428618758904019
5.0,0.14289500712321507
5.0,0.14292813835602822
5.0,0.1429612695888414
5.0,0.14299440082165457
5.0,0.14302753205446775
5.0,0.14306066328728093
5.0,0.1430937945200941
5.0,0.14312692575290725
5.0,0.14316005698572043
5.0,0.1431931882185336
5.0,0.14322631945134678
5.0,0.14325945068415996
5.0,0.14329258191697314
5.0,0.14332571314978632
5.0,0.14335884438259947
5.0,0.14339197561541264
5.0,0.14342510684822582
5.0,0.143458238081039
5.0,0.14349136931385217
5.0,0.14352450054666535
5.0,0.1435576317794785
5.0,0.14359076301229168
5.0,0.14362389424510486
5.0,0.14365702547791803
5.0,0.1436901567107312
5.0,0.1437232879435444
5.0,0.14375641917635756
5.0,0.1437895504091707
5.0,0.1438226816419839
5.0,0.14385581287479707
5.0,0.14388894410761024
5.0,0.14392207534042342
5.0,0.1439552065732366
5.0,0.14398833780604978
5.0,0.14402146903886293
5.0,0.1440546002716761
5.0,0.14408773150448928
5.0,0.14412086273730246
5.0,0.14415399397011563
5.0,0.1441871252029288
5.0,0.14422025643574196
5.0,0.14425338766855514
5.0,0.14428651890136832
5.0,0.1443196501341815
5.0,0.14435278136699467
5.0,0.14438591259980785
5.0,0.14441904383262102
5.0,0.14445217506543417
5.0,0.14448530629824735
5.0,0.14451843753106053
5.0,0.1445515687638737
5.0,0.14458469999668688
5.0,0.14461783122950006
5.0,0.1446509624623132
5.0,0.1446840936951264
5.0,0.14471722492793956
5.0,0.14475035616075274
5.0,0.14478348739356592
5.0,0.1448166186263791
5.0,0.14484974985919227
5.0,0.14488288109200542
5.0,0.1449160123248186
5.0,0.14494914355763178
5.0,0.14498227479044495
5.0,0.14501540602325813
5.0,0.1450485372560713
5.0,0.14508166848888446
5.0,0.14511479972169763
5.0,0.1451479309545108
5.0,0.145181062187324
5.0,0.14521419342013717
5.0,0.14524732465295034
5.0,0.14528045588576352
5.0,0.14531358711857667
5.0,0.14534671835138985
5.0,0.14537984958420302
5.0,0.1454129808170162
5.0,0.14544611204982938
5.0,0.14547924328264256
5.0,0.14551237451545573
5.0,0.14554550574826888
5.0,0.14557863698108206
5.0,0.14561176821389524
5.0,0.14564489944670841
5.0,0.1456780306795216
5.0,0.14571116191233477
5.0,0.14574429314514792
5.0,0.1457774243779611
5.0,0.14581055561077427
5.0,0.14584368684358745
5.0,0.14587681807640063
5.0,0.1459099493092138
5.0,0.14594308054202698
5.0,0.14597621177484013
5.0,0.1460093430076533
5.0,0.14604247424046649
5.0,0.14607560547327966
5.0,0.14610873670609284
5.0,0.14614186793890602
5.0,0.14617499917171917
5.0,0.14620813040453234
5.0,0.14624126163734552
5.0,0.1462743928701587
5.0,0.14630752410297188
5.0,0.14634065533578505
5.0,0.14637378656859823
5.0,0.14640691780141138
5.0,0.14644004903422456
5.0,0.14647318026703773
5.0,0.1465063114998509
5.0,0.1465394427326641
5.0,0.14657257396547727
5.0,0.14660570519829041
5.0,0.1466388364311036
5.0,0.14667196766391677
5.0,0.14670509889672995
5.0,0.14673823012954312
5.0,0.1467713613623563
5.0,0.14680449259516948
5.0,0.14683762382798263
5.0,0.1468707550607958
5.0,0.14690388629360898
5.0,0.14693701752642216
5.0,0.14697014875923534
5.0,0.1470032799920485
5.0,0.1470364112248617
5.0,0.14706954245767484
5.0,0.14710267369048802
5.0,0.1471358049233012
5.0,0.14716893615611437
5.0,0.14720206738892755
5.0,0.14723519862174073
5.0,0.14726832985455388
5.0,0.14730146108736705
5.0,0.14733459232018023
5.0,0.1473677235529934
5.0,0.14740085478580658
5.0,0.14743398601861976
5.0,0.14746711725143294
5.0,0.1475002484842461
5.0,0.14753337971705927
5.0,0.14756651094987244
5.0,0.14759964218268562
5.0,0.1476327734154988
5.0,0.14766590464831197
5.0,0.14769903588112512
5.0,0.1477321671139383
5.0,0.14776529834675148
5.0,0.14779842957956466
5.0,0.14783156081237783
5.0,0.147864692045191
5.0,0.1478978232780042
5.0,0.14793095451081734
5.0,0.1479640857436305
5.0,0.1479972169764437
5.0,0.14803034820925687
5.0,0.14806347944207005
5.0,0.14809661067488322
5.0,0.14812974190769637
5.0,0.14816287314050955
5.0,0.14819600437332273
5.0,0.1482291356061359
5.0,0.14826226683894908
5.0,0.14829539807176226
5.0,0.14832852930457543
5.0,0.14836166053738858
5.0,0.14839479177020176
5.0,0.14842792300301494
5.0,0.14846105423582812
5.0,0.1484941854686413
5.0,0.14852731670145447
5.0,0.14856044793426765
5.0,0.1485935791670808
5.0,0.14862671039989397
5.0,0.14865984163270715
5.0,0.14869297286552033
5.0,0.1487261040983335
5.0,0.14875923533114668
5.0,0.14879236656395983
5.0,0.148825497796773
5.0,0.1488586290295862
5.0,0.14889176026239936
5.0,0.14892489149521254
5.0,0.14895802272802572
5.0,0.1489911539608389
5.0,0.14902428519365205
5.0,0.14905741642646522
5.0,0.1490905476592784
5.0,0.14912367889209158
5.0,0.14915681012490475
5.0,0.14918994135771793
5.0,0.14922307259053108
5.0,0.14925620382334426
5.0,0.14928933505615744
5.0,0.1493224662889706
5.0,0.1493555975217838
5.0,0.14938872875459697
5.0,0.14942185998741014
5.0,0.1494549912202233
5.0,0.14948812245303647
5.0,0.14952125368584965
5.0,0.14955438491866282
5.0,0.149587516151476
5.0,0.14962064738428918
5.0,0.14965377861710233
5.0,0.1496869098499155
5.0,0.14972004108272868
5.0,0.14975317231554186
5.0,0.14978630354835504
5.0,0.14981943478116821
5.0,0.1498525660139814
5.0,0.14988569724679454
5.0,0.14991882847960772
5.0,0.1499519597124209
5.0,0.14998509094523407
5.0,0.15001822217804725
5.0,0.15005135341086043
5.0,0.1500844846436736
5.0,0.15011761587648675
5.0,0.15015074710929993
5.0,0.1501838783421131
5.0,0.15021700957492629
5.0,0.15025014080773946
5.0,0.15028327204055264
5.0,0.1503164032733658
5.0,0.15034953450617897
5.0,0.15038266573899214
5.0,0.15041579697180532
5.0,0.1504489282046185
5.0,0.15048205943743168
5.0,0.15051519067024485
5.0,0.150548321903058
5.0,0.15058145313587118
5.0,0.15061458436868436
5.0,0.15064771560149753
5.0,0.1506808468343107
5.0,0.1507139780671239
5.0,0.15074710929993704
5.0,0.15078024053275021
5.0,0.1508133717655634
5.0,0.15084650299837657
5.0,0.15087963423118975
5.0,0.15091276546400292
5.0,0.1509458966968161
5.0,0.15097902792962925
5.0,0.15101215916244243
5.0,0.1510452903952556
5.0,0.15107842162806878
5.0,0.15111155286088196
5.0,0.15114468409369514
5.0,0.15117781532650829
5.0,0.15121094655932146
5.0,0.15124407779213464
5.0,0.15127720902494782
5.0,0.151310340257761
5.0,0.15134347149057417
5.0,0.15137660272338735
5.0,0.1514097339562005
5.0,0.15144286518901368
5.0,0.15147599642182685
5.0,0.15150912765464003
5.0,0.1515422588874532
5.0,0.15157539012026638
5.0,0.15160852135307956
5.0,0.1516416525858927
5.0,0.1516747838187059
5.0,0.15170791505151907
5.0,0.15174104628433224
5.0,0.15177417751714542
5.0,0.1518073087499586
5.0,0.15184043998277175
5.0,0.15187357121558492
5.0,0.1519067024483981
5.0,0.15193983368121128
5.0,0.15197296491402446
5.0,0.15200609614683763
5.0,0.1520392273796508
5.0,0.15207235861246396
5.0,0.15210548984527714
5.0,0.1521386210780903
5.0,0.1521717523109035
5.0,0.15220488354371667
5.0,0.15223801477652985
5.0,0.152271146009343
5.0,0.15230427724215617
5.0,0.15233740847496935
5.0,0.15237053970778253
5.0,0.1524036709405957
5.0,0.15243680217340888
5.0,0.15246993340622206
5.0,0.1525030646390352
5.0,0.15253619587184838
5.0,0.15256932710466156
5.0,0.15260245833747474
5.0,0.15263558957028792
5.0,0.1526687208031011
5.0,0.15270185203591424
5.0,0.15273498326872742
5.0,0.1527681145015406
5.0,0.15280124573435377
5.0,0.15283437696716695
5.0,0.15286750819998013
5.0,0.1529006394327933
5.0,0.15293377066560646
5.0,0.15296690189841963
5.0,0.1530000331312328
5.0,0.153033164364046
5.0,0.15306629559685916
5.0,0.15309942682967234
5.0,0.15313255806248552
5.0,0.15316568929529867
5.0,0.15319882052811185
5.0,0.15323195176092502
5.0,0.1532650829937382
5.0,0.15329821422655138
5.0,0.15333134545936455
5.0,0.1533644766921777
5.0,0.15339760792499088
5.0,0.15343073915780406
5.0,0.15346387039061724
5.0,0.1534970016234304
5.0,0.1535301328562436
5.0,0.15356326408905677
5.0,0.15359639532186992
5.0,0.1536295265546831
5.0,0.15366265778749627
5.0,0.15369578902030945
5.0,0.15372892025312263
5.0,0.1537620514859358
5.0,0.15379518271874895
5.0,0.15382831395156213
5.0,0.1538614451843753
5.0,0.15389457641718848
5.0,0.15392770765000166
5.0,0.15396083888281484
5.0,0.15399397011562801
5.0,0.15402710134844116
5.0,0.15406023258125434
5.0,0.15409336381406752
5.0,0.1541264950468807
5.0,0.15415962627969387
5.0,0.15419275751250705
5.0,0.1542258887453202
5.0,0.15425901997813338
5.0,0.15429215121094655
5.0,0.15432528244375973
5.0,0.1543584136765729
5.0,0.15439154490938609
5.0,0.15442467614219926
5.0,0.1544578073750124
5.0,0.1544909386078256
5.0,0.15452406984063877
5.0,0.15455720107345194
5.0,0.15459033230626512
5.0,0.1546234635390783
5.0,0.15465659477189148
5.0,0.15468972600470463
5.0,0.1547228572375178
5.0,0.15475598847033098
5.0,0.15478911970314416
5.0,0.15482225093595733
5.0,0.1548553821687705
5.0,0.15488851340158366
5.0,0.15492164463439684
5.0,0.15495477586721002
5.0,0.1549879071000232
5.0,0.15502103833283637
5.0,0.15505416956564955
5.0,0.15508730079846272
5.0,0.15512043203127587
5.0,0.15515356326408905
5.0,0.15518669449690223
5.0,0.1552198257297154
5.0,0.15525295696252858
5.0,0.15528608819534176
5.0,0.1553192194281549
5.0,0.15535235066096809
5.0,0.15538548189378126
5.0,0.15541861312659444
5.0,0.15545174435940762
5.0,0.1554848755922208
5.0,0.15551800682503397
5.0,0.15555113805784712
5.0,0.1555842692906603
5.0,0.15561740052347348
5.0,0.15565053175628665
5.0,0.15568366298909983
5.0,0.155716794221913
5.0,0.15574992545472616
5.0,0.15578305668753933
5.0,0.1558161879203525
5.0,0.1558493191531657
5.0,0.15588245038597887
5.0,0.15591558161879204
5.0,0.15594871285160522
5.0,0.15598184408441837
5.0,0.15601497531723155
5.0,0.15604810655004472
5.0,0.1560812377828579
5.0,0.15611436901567108
5.0,0.15614750024848426
5.0,0.15618063148129743
5.0,0.15621376271411058
5.0,0.15624689394692376
5.0,0.15628002517973694
5.0,0.1563131564125501
5.0,0.1563462876453633
5.0,0.15637941887817647
5.0,0.15641255011098962
5.0,0.1564456813438028
5.0,0.15647881257661597
5.0,0.15651194380942915
5.0,0.15654507504224233
5.0,0.1565782062750555
5.0,0.15661133750786868
5.0,0.15664446874068183
5.0,0.156677599973495
5.0,0.15671073120630818
5.0,0.15674386243912136
5.0,0.15677699367193454
5.0,0.15681012490474772
5.0,0.15684325613756087
5.0,0.15687638737037404
5.0,0.15690951860318722
5.0,0.1569426498360004
5.0,0.15697578106881357
5.0,0.15700891230162675
5.0,0.15704204353443993
5.0,0.15707517476725308
5.0,0.15710830600006626
5.0,0.15714143723287943
5.0,0.1571745684656926
5.0,0.1572076996985058
5.0,0.15724083093131896
5.0,0.15727396216413211
5.0,0.1573070933969453
5.0,0.15734022462975847
5.0,0.15737335586257165
5.0,0.15740648709538482
5.0,0.157439618328198
5.0,0.15747274956101118
5.0,0.15750588079382433
5.0,0.1575390120266375
5.0,0.15757214325945068
5.0,0.15760527449226386
5.0,0.15763840572507704
5.0,0.1576715369578902
5.0,0.1577046681907034
5.0,0.15773779942351654
6.0,0.15777093065632972
6.0,0.1578040618891429
6.0,0.15783719312195607
6.0,0.15787032435476925
6.0,0.15790345558758243
6.0,0.15793658682039557
6.0,0.15796971805320875
6.0,0.15800284928602193
6.0,0.1580359805188351
6.0,0.15806911175164828
6.0,0.15810224298446146
6.0,0.15813537421727464
6.0,0.1581685054500878
6.0,0.15820163668290096
6.0,0.15823476791571414
6.0,0.15826789914852732
6.0,0.1583010303813405
6.0,0.15833416161415367
6.0,0.15836729284696682
6.0,0.15840042407978
6.0,0.15843355531259318
6.0,0.15846668654540635
6.0,0.15849981777821953
6.0,0.1585329490110327
6.0,0.15856608024384589
6.0,0.15859921147665904
6.0,0.1586323427094722
6.0,0.1586654739422854
6.0,0.15869860517509857
6.0,0.15873173640791174
6.0,0.15876486764072492
6.0,0.15879799887353807
6.0,0.15883113010635125
6.0,0.15886426133916443
6.0,0.1588973925719776
6.0,0.15893052380479078
6.0,0.15896365503760396
6.0,0.15899678627041713
6.0,0.15902991750323028
6.0,0.15906304873604346
6.0,0.15909617996885664
6.0,0.15912931120166982
6.0,0.159162442434483
6.0,0.15919557366729617
6.0,0.15922870490010935
6.0,0.1592618361329225
6.0,0.15929496736573567
6.0,0.15932809859854885
6.0,0.15936122983136203
6.0,0.1593943610641752
6.0,0.15942749229698838
6.0,0.15946062352980153
6.0,0.1594937547626147
6.0,0.1595268859954279
6.0,0.15956001722824106
6.0,0.15959314846105424
6.0,0.15962627969386742
6.0,0.1596594109266806
6.0,0.15969254215949374
6.0,0.15972567339230692
6.0,0.1597588046251201
6.0,0.15979193585793328
6.0,0.15982506709074645
6.0,0.15985819832355963
6.0,0.15989132955637278
6.0,0.15992446078918596
6.0,0.15995759202199913
6.0,0.1599907232548123
6.0,0.1600238544876255
6.0,0.16005698572043867
6.0,0.16009011695325184
6.0,0.160123248186065
6.0,0.16015637941887817
6.0,0.16018951065169135
6.0,0.16022264188450452
6.0,0.1602557731173177
6.0,0.16028890435013088
6.0,0.16032203558294403
6.0,0.1603551668157572
6.0,0.16038829804857038
6.0,0.16042142928138356
6.0,0.16045456051419674
6.0,0.16048769174700991
6.0,0.1605208229798231
6.0,0.16055395421263624
6.0,0.16058708544544942
6.0,0.1606202166782626
6.0,0.16065334791107577
6.0,0.16068647914388895
6.0,0.16071961037670213
6.0,0.1607527416095153
6.0,0.16078587284232845
6.0,0.16081900407514163
6.0,0.1608521353079548
6.0,0.16088526654076798
6.0,0.16091839777358116
6.0,0.16095152900639434
6.0,0.1609846602392075
6.0,0.16101779147202067
6.0,0.16105092270483384
6.0,0.16108405393764702
6.0,0.1611171851704602
6.0,0.16115031640327337
6.0,0.16118344763608655
6.0,0.1612165788688997
6.0,0.16124971010171288
6.0,0.16128284133452606
6.0,0.16131597256733923
6.0,0.1613491038001524
6.0,0.1613822350329656
6.0,0.16141536626577874
6.0,0.16144849749859191
6.0,0.1614816287314051
6.0,0.16151475996421827
6.0,0.16154789119703145
6.0,0.16158102242984462
6.0,0.1616141536626578
6.0,0.16164728489547095
6.0,0.16168041612828413
6.0,0.1617135473610973
6.0,0.16174667859391048
6.0,0.16177980982672366
6.0,0.16181294105953684
6.0,0.16184607229234999
6.0,0.16187920352516316
6.0,0.16191233475797634
6.0,0.16194546599078952
6.0,0.1619785972236027
6.0,0.16201172845641587
6.0,0.16204485968922905
6.0,0.1620779909220422
6.0,0.16211112215485537
6.0,0.16214425338766855
6.0,0.16217738462048173
6.0,0.1622105158532949
6.0,0.16224364708610808
6.0,0.16227677831892126
6.0,0.1623099095517344
6.0,0.1623430407845476
6.0,0.16237617201736076
6.0,0.16240930325017394
6.0,0.16244243448298712
6.0,0.1624755657158003
6.0,0.16250869694861345
6.0,0.16254182818142662
6.0,0.1625749594142398
6.0,0.16260809064705298
6.0,0.16264122187986615
6.0,0.16267435311267933
6.0,0.1627074843454925
6.0,0.16274061557830566
6.0,0.16277374681111884
6.0,0.162806878043932
6.0,0.1628400092767452
6.0,0.16287314050955837
6.0,0.16290627174237154
6.0,0.1629394029751847
6.0,0.16297253420799787
6.0,0.16300566544081105
6.0,0.16303879667362423
6.0,0.1630719279064374
6.0,0.16310505913925058
6.0,0.16313819037206376
6.0,0.1631713216048769
6.0,0.16320445283769008
6.0,0.16323758407050326
6.0,0.16327071530331644
6.0,0.16330384653612962
6.0,0.1633369777689428
6.0,0.16337010900175594
6.0,0.16340324023456912
6.0,0.1634363714673823
6.0,0.16346950270019547
6.0,0.16350263393300865
6.0,0.16353576516582183
6.0,0.163568896398635
6.0,0.16360202763144815
6.0,0.16363515886426133
6.0,0.1636682900970745
6.0,0.1637014213298877
6.0,0.16373455256270086
6.0,0.16376768379551404
6.0,0.1638008150283272
6.0,0.16383394626114037
6.0,0.16386707749395354
6.0,0.16390020872676672
6.0,0.1639333399595799
6.0,0.16396647119239308
6.0,0.16399960242520625
6.0,0.1640327336580194
6.0,0.16406586489083258
6.0,0.16409899612364576
6.0,0.16413212735645893
6.0,0.1641652585892721
6.0,0.1641983898220853
6.0,0.16423152105489847
6.0,0.16426465228771162
6.0,0.1642977835205248
6.0,0.16433091475333797
6.0,0.16436404598615115
6.0,0.16439717721896432
6.0,0.1644303084517775
6.0,0.16446343968459065
6.0,0.16449657091740383
6.0,0.164529702150217
6.0,0.16456283338303018
6.0,0.16459596461584336
6.0,0.16462909584865654
6.0,0.16466222708146971
6.0,0.16469535831428286
6.0,0.16472848954709604
6.0,0.16476162077990922
6.0,0.1647947520127224
6.0,0.16482788324553557
6.0,0.16486101447834875
6.0,0.1648941457111619
6.0,0.16492727694397508
6.0,0.16496040817678825
6.0,0.16499353940960143
6.0,0.1650266706424146
6.0,0.16505980187522779
6.0,0.16509293310804096
6.0,0.1651260643408541
6.0,0.1651591955736673
6.0,0.16519232680648047
6.0,0.16522545803929364
6.0,0.16525858927210682
6.0,0.16529172050492
6.0,0.16532485173773315
6.0,0.16535798297054632
6.0,0.1653911142033595
6.0,0.16542424543617268
6.0,0.16545737666898586
6.0,0.16549050790179903
6.0,0.1655236391346122
6.0,0.16555677036742536
6.0,0.16558990160023854
6.0,0.16562303283305171
6.0,0.1656561640658649
6.0,0.16568929529867807
6.0,0.16572242653149125
6.0,0.16575555776430442
6.0,0.16578868899711757
6.0,0.16582182022993075
6.0,0.16585495146274393
6.0,0.1658880826955571
6.0,0.16592121392837028
6.0,0.16595434516118346
6.0,0.1659874763939966
6.0,0.16602060762680979
6.0,0.16605373885962296
6.0,0.16608687009243614
6.0,0.16612000132524932
6.0,0.1661531325580625
6.0,0.16618626379087567
6.0,0.16621939502368882
6.0,0.166252526256502
6.0,0.16628565748931518
6.0,0.16631878872212835
6.0,0.16635191995494153
6.0,0.1663850511877547
6.0,0.16641818242056786
6.0,0.16645131365338103
6.0,0.1664844448861942
6.0,0.1665175761190074
6.0,0.16655070735182056
6.0,0.16658383858463374
6.0,0.16661696981744692
6.0,0.16665010105026007
6.0,0.16668323228307325
6.0,0.16671636351588642
6.0,0.1667494947486996
6.0,0.16678262598151278
6.0,0.16681575721432595
6.0,0.1668488884471391
6.0,0.16688201967995228
6.0,0.16691515091276546
6.0,0.16694828214557864
6.0,0.1669814133783918
6.0,0.167014544611205
6.0,0.16704767584401817
6.0,0.16708080707683132
6.0,0.1671139383096445
6.0,0.16714706954245767
6.0,0.16718020077527085
6.0,0.16721333200808403
6.0,0.1672464632408972
6.0,0.16727959447371038
6.0,0.16731272570652353
6.0,0.1673458569393367
6.0,0.16737898817214988
6.0,0.16741211940496306
6.0,0.16744525063777624
6.0,0.16747838187058942
6.0,0.16751151310340257
6.0,0.16754464433621574
6.0,0.16757777556902892
6.0,0.1676109068018421
6.0,0.16764403803465527
6.0,0.16767716926746845
6.0,0.16771030050028163
6.0,0.16774343173309478
6.0,0.16777656296590795
6.0,0.16780969419872113
6.0,0.1678428254315343
6.0,0.1678759566643475
6.0,0.16790908789716066
6.0,0.1679422191299738
6.0,0.167975350362787
6.0,0.16800848159560017
6.0,0.16804161282841334
6.0,0.16807474406122652
6.0,0.1681078752940397
6.0,0.16814100652685288
6.0,0.16817413775966603
6.0,0.1682072689924792
6.0,0.16824040022529238
6.0,0.16827353145810556
6.0,0.16830666269091873
6.0,0.1683397939237319
6.0,0.16837292515654506
6.0,0.16840605638935824
6.0,0.16843918762217142
6.0,0.1684723188549846
6.0,0.16850545008779777
6.0,0.16853858132061095
6.0,0.16857171255342412
6.0,0.16860484378623727
6.0,0.16863797501905045
6.0,0.16867110625186363
6.0,0.1687042374846768
6.0,0.16873736871748998
6.0,0.16877049995030316
6.0,0.16880363118311634
6.0,0.1688367624159295
6.0,0.16886989364874266
6.0,0.16890302488155584
6.0,0.16893615611436902
6.0,0.1689692873471822
6.0,0.16900241857999537
6.0,0.16903554981280852
6.0,0.1690686810456217
6.0,0.16910181227843488
6.0,0.16913494351124805
6.0,0.16916807474406123
6.0,0.1692012059768744
6.0,0.16923433720968759
6.0,0.16926746844250073
6.0,0.1693005996753139
6.0,0.1693337309081271
6.0,0.16936686214094027
6.0,0.16939999337375344
6.0,0.16943312460656662
6.0,0.16946625583937977
6.0,0.16949938707219295
6.0,0.16953251830500612
6.0,0.1695656495378193
6.0,0.16959878077063248
6.0,0.16963191200344566
6.0,0.16966504323625883
6.0,0.16969817446907198
6.0,0.16973130570188516
6.0,0.16976443693469834
6.0,0.16979756816751151
6.0,0.1698306994003247
6.0,0.16986383063313787
6.0,0.16989696186595102
6.0,0.1699300930987642
6.0,0.16996322433157737
6.0,0.16999635556439055
6.0,0.17002948679720373
6.0,0.1700626180300169
6.0,0.17009574926283008
6.0,0.17012888049564323
6.0,0.1701620117284564
6.0,0.17019514296126959
6.0,0.17022827419408276
6.0,0.17026140542689594
6.0,0.17029453665970912
6.0,0.1703276678925223
6.0,0.17036079912533544
6.0,0.17039393035814862
6.0,0.1704270615909618
6.0,0.17046019282377498
6.0,0.17049332405658815
6.0,0.17052645528940133
6.0,0.17055958652221448
6.0,0.17059271775502766
6.0,0.17062584898784083
6.0,0.170658980220654
6.0,0.1706921114534672
6.0,0.17072524268628037
6.0,0.17075837391909354
6.0,0.1707915051519067
6.0,0.17082463638471987
6.0,0.17085776761753305
6.0,0.17089089885034622
6.0,0.1709240300831594
6.0,0.17095716131597258
6.0,0.17099029254878573
6.0,0.1710234237815989
6.0,0.17105655501441208
6.0,0.17108968624722526
6.0,0.17112281748003844
6.0,0.1711559487128516
6.0,0.1711890799456648
6.0,0.17122221117847794
6.0,0.17125534241129112
6.0,0.1712884736441043
6.0,0.17132160487691747
6.0,0.17135473610973065
6.0,0.17138786734254383
6.0,0.17142099857535698
6.0,0.17145412980817015
6.0,0.17148726104098333
6.0,0.1715203922737965
6.0,0.17155352350660968
6.0,0.17158665473942286
6.0,0.17161978597223604
6.0,0.1716529172050492
6.0,0.17168604843786237
6.0,0.17171917967067554
6.0,0.17175231090348872
6.0,0.1717854421363019
6.0,0.17181857336911507
6.0,0.17185170460192825
6.0,0.1718848358347414
6.0,0.17191796706755458
6.0,0.17195109830036776
6.0,0.17198422953318093
6.0,0.1720173607659941
6.0,0.1720504919988073
6.0,0.17208362323162044
6.0,0.1721167544644336
6.0,0.1721498856972468
6.0,0.17218301693005997
6.0,0.17221614816287314
6.0,0.17224927939568632
6.0,0.1722824106284995
6.0,0.17231554186131265
6.0,0.17234867309412583
6.0,0.172381804326939
6.0,0.17241493555975218
6.0,0.17244806679256536
6.0,0.17248119802537853
6.0,0.17251432925819168
6.0,0.17254746049100486
6.0,0.17258059172381804
6.0,0.17261372295663122
6.0,0.1726468541894444
6.0,0.17267998542225757
6.0,0.17271311665507075
6.0,0.1727462478878839
6.0,0.17277937912069707
6.0,0.17281251035351025
6.0,0.17284564158632343
6.0,0.1728787728191366
6.0,0.17291190405194978
6.0,0.17294503528476293
6.0,0.1729781665175761
6.0,0.1730112977503893
6.0,0.17304442898320246
6.0,0.17307756021601564
6.0,0.17311069144882882
6.0,0.173143822681642
6.0,0.17317695391445515
6.0,0.17321008514726832
6.0,0.1732432163800815
6.0,0.17327634761289468
6.0,0.17330947884570785
6.0,0.17334261007852103
6.0,0.1733757413113342
6.0,0.17340887254414736
6.0,0.17344200377696053
6.0,0.1734751350097737
6.0,0.1735082662425869
6.0,0.17354139747540007
6.0,0.17357452870821324
6.0,0.1736076599410264
6.0,0.17364079117383957
6.0,0.17367392240665275
6.0,0.17370705363946592
6.0,0.1737401848722791
6.0,0.17377331610509228
6.0,0.17380644733790546
6.0,0.1738395785707186
6.0,0.17387270980353178
6.0,0.17390584103634496
6.0,0.17393897226915814
6.0,0.17397210350197131
6.0,0.1740052347347845
6.0,0.17403836596759764
6.0,0.17407149720041082
6.0,0.174104628433224
6.0,0.17413775966603717
6.0,0.17417089089885035
6.0,0.17420402213166353
6.0,0.1742371533644767
6.0,0.17427028459728985
6.0,0.17430341583010303
6.0,0.1743365470629162
6.0,0.17436967829572939
6.0,0.17440280952854256
6.0,0.17443594076135574
6.0,0.1744690719941689
6.0,0.17450220322698207
6.0,0.17453533445979524
6.0,0.17456846569260842
6.0,0.1746015969254216
6.0,0.17463472815823478
6.0,0.17466785939104795
6.0,0.1747009906238611
6.0,0.17473412185667428
6.0,0.17476725308948746
6.0,0.17480038432230063
6.0,0.1748335155551138
6.0,0.174866646787927
6.0,0.17489977802074017
6.0,0.17493290925355331
6.0,0.1749660404863665
6.0,0.17499917171917967
6.0,0.17503230295199285
6.0,0.17506543418480602
6.0,0.1750985654176192
6.0,0.17513169665043235
6.0,0.17516482788324553
6.0,0.1751979591160587
6.0,0.17523109034887188
6.0,0.17526422158168506
6.0,0.17529735281449824
6.0,0.1753304840473114
6.0,0.17536361528012456
6.0,0.17539674651293774
6.0,0.17542987774575092
6.0,0.1754630089785641
6.0,0.17549614021137727
6.0,0.17552927144419045
6.0,0.1755624026770036
6.0,0.17559553390981678
6.0,0.17562866514262995
6.0,0.17566179637544313
6.0,0.1756949276082563
6.0,0.17572805884106948
6.0,0.17576119007388266
6.0,0.1757943213066958
6.0,0.175827452539509
6.0,0.17586058377232217
6.0,0.17589371500513534
6.0,0.17592684623794852
6.0,0.1759599774707617
6.0,0.17599310870357485
6.0,0.17602623993638802
6.0,0.1760593711692012
6.0,0.17609250240201438
6.0,0.17612563363482756
6.0,0.17615876486764073
6.0,0.1761918961004539
6.0,0.17622502733326706
6.0,0.17625815856608024
6.0,0.1762912897988934
6.0,0.1763244210317066
6.0,0.17635755226451977
6.0,0.17639068349733295
6.0,0.17642381473014612
6.0,0.17645694596295927
6.0,0.17649007719577245
6.0,0.17652320842858563
6.0,0.1765563396613988
6.0,0.17658947089421198
6.0,0.17662260212702516
6.0,0.1766557333598383
6.0,0.17668886459265148
6.0,0.17672199582546466
6.0,0.17675512705827784
6.0,0.17678825829109102
6.0,0.1768213895239042
6.0,0.17685452075671737
6.0,0.17688765198953052
6.0,0.1769207832223437
6.0,0.17695391445515687
6.0,0.17698704568797005
6.0,0.17702017692078323
6.0,0.1770533081535964
6.0,0.17708643938640956
6.0,0.17711957061922273
6.0,0.1771527018520359
6.0,0.1771858330848491
6.0,0.17721896431766226
6.0,0.17725209555047544
6.0,0.17728522678328862
6.0,0.17731835801610177
6.0,0.17735148924891495
6.0,0.17738462048172812
6.0,0.1774177517145413
6.0,0.17745088294735448
6.0,0.17748401418016765
6.0,0.1775171454129808
6.0,0.17755027664579398
7.0,0.17758340787860716
7.0,0.17761653911142034
7.0,0.1776496703442335
7.0,0.1776828015770467
7.0,0.17771593280985987
7.0,0.17774906404267302
7.0,0.1777821952754862
7.0,0.17781532650829937
7.0,0.17784845774111255
7.0,0.17788158897392572
7.0,0.1779147202067389
7.0,0.17794785143955208
7.0,0.17798098267236523
7.0,0.1780141139051784
7.0,0.17804724513799158
7.0,0.17808037637080476
7.0,0.17811350760361794
7.0,0.17814663883643111
7.0,0.17817977006924426
7.0,0.17821290130205744
7.0,0.17824603253487062
7.0,0.1782791637676838
7.0,0.17831229500049697
7.0,0.17834542623331015
7.0,0.17837855746612333
7.0,0.17841168869893648
7.0,0.17844481993174965
7.0,0.17847795116456283
7.0,0.178511082397376
7.0,0.17854421363018919
7.0,0.17857734486300236
7.0,0.1786104760958155
7.0,0.1786436073286287
7.0,0.17867673856144187
7.0,0.17870986979425504
7.0,0.17874300102706822
7.0,0.1787761322598814
7.0,0.17880926349269458
7.0,0.17884239472550773
7.0,0.1788755259583209
7.0,0.17890865719113408
7.0,0.17894178842394726
7.0,0.17897491965676043
7.0,0.1790080508895736
7.0,0.17904118212238676
7.0,0.17907431335519994
7.0,0.17910744458801311
7.0,0.1791405758208263
7.0,0.17917370705363947
7.0,0.17920683828645265
7.0,0.17923996951926582
7.0,0.17927310075207897
7.0,0.17930623198489215
7.0,0.17933936321770533
7.0,0.1793724944505185
7.0,0.17940562568333168
7.0,0.17943875691614486
7.0,0.17947188814895804
7.0,0.17950501938177119
7.0,0.17953815061458436
7.0,0.17957128184739754
7.0,0.17960441308021072
7.0,0.1796375443130239
7.0,0.17967067554583707
7.0,0.17970380677865022
7.0,0.1797369380114634
7.0,0.17977006924427658
7.0,0.17980320047708975
7.0,0.17983633170990293
7.0,0.1798694629427161
7.0,0.17990259417552928
7.0,0.17993572540834243
7.0,0.1799688566411556
7.0,0.1800019878739688
7.0,0.18003511910678197
7.0,0.18006825033959514
7.0,0.18010138157240832
7.0,0.18013451280522147
7.0,0.18016764403803465
7.0,0.18020077527084782
7.0,0.180233906503661
7.0,0.18026703773647418
7.0,0.18030016896928736
7.0,0.18033330020210053
7.0,0.18036643143491368
7.0,0.18039956266772686
7.0,0.18043269390054004
7.0,0.1804658251333532
7.0,0.1804989563661664
7.0,0.18053208759897957
7.0,0.18056521883179272
7.0,0.1805983500646059
7.0,0.18063148129741907
7.0,0.18066461253023225
7.0,0.18069774376304543
7.0,0.1807308749958586
7.0,0.18076400622867178
7.0,0.18079713746148493
7.0,0.1808302686942981
7.0,0.18086339992711128
7.0,0.18089653115992446
7.0,0.18092966239273764
7.0,0.18096279362555082
7.0,0.180995924858364
7.0,0.18102905609117714
7.0,0.18106218732399032
7.0,0.1810953185568035
7.0,0.18112844978961667
7.0,0.18116158102242985
7.0,0.18119471225524303
7.0,0.18122784348805618
7.0,0.18126097472086936
7.0,0.18129410595368253
7.0,0.1813272371864957
7.0,0.1813603684193089
7.0,0.18139349965212206
7.0,0.18142663088493524
7.0,0.1814597621177484
7.0,0.18149289335056157
7.0,0.18152602458337475
7.0,0.18155915581618792
7.0,0.1815922870490011
7.0,0.18162541828181428
7.0,0.18165854951462743
7.0,0.1816916807474406
7.0,0.18172481198025378
7.0,0.18175794321306696
7.0,0.18179107444588014
7.0,0.1818242056786933
7.0,0.1818573369115065
7.0,0.18189046814431964
7.0,0.18192359937713282
7.0,0.181956730609946
7.0,0.18198986184275917
7.0,0.18202299307557235
7.0,0.18205612430838553
7.0,0.18208925554119867
7.0,0.18212238677401185
7.0,0.18215551800682503
7.0,0.1821886492396382
7.0,0.18222178047245138
7.0,0.18225491170526456
7.0,0.18228804293807774
7.0,0.1823211741708909
7.0,0.18235430540370406
7.0,0.18238743663651724
7.0,0.18242056786933042
7.0,0.1824536991021436
7.0,0.18248683033495677
7.0,0.18251996156776995
7.0,0.1825530928005831
7.0,0.18258622403339628
7.0,0.18261935526620945
7.0,0.18265248649902263
7.0,0.1826856177318358
7.0,0.18271874896464899
7.0,0.18275188019746214
7.0,0.1827850114302753
7.0,0.1828181426630885
7.0,0.18285127389590167
7.0,0.18288440512871484
7.0,0.18291753636152802
7.0,0.1829506675943412
7.0,0.18298379882715435
7.0,0.18301693005996753
7.0,0.1830500612927807
7.0,0.18308319252559388
7.0,0.18311632375840706
7.0,0.18314945499122023
7.0,0.18318258622403338
7.0,0.18321571745684656
7.0,0.18324884868965974
7.0,0.18328197992247292
7.0,0.1833151111552861
7.0,0.18334824238809927
7.0,0.18338137362091245
7.0,0.1834145048537256
7.0,0.18344763608653877
7.0,0.18348076731935195
7.0,0.18351389855216513
7.0,0.1835470297849783
7.0,0.18358016101779148
7.0,0.18361329225060463
7.0,0.1836464234834178
7.0,0.18367955471623099
7.0,0.18371268594904416
7.0,0.18374581718185734
7.0,0.18377894841467052
7.0,0.1838120796474837
7.0,0.18384521088029684
7.0,0.18387834211311002
7.0,0.1839114733459232
7.0,0.18394460457873638
7.0,0.18397773581154955
7.0,0.18401086704436273
7.0,0.1840439982771759
7.0,0.18407712950998906
7.0,0.18411026074280223
7.0,0.1841433919756154
7.0,0.1841765232084286
7.0,0.18420965444124177
7.0,0.18424278567405494
7.0,0.1842759169068681
7.0,0.18430904813968127
7.0,0.18434217937249445
7.0,0.18437531060530762
7.0,0.1844084418381208
7.0,0.18444157307093398
7.0,0.18447470430374716
7.0,0.1845078355365603
7.0,0.18454096676937348
7.0,0.18457409800218666
7.0,0.18460722923499984
7.0,0.18464036046781301
7.0,0.1846734917006262
7.0,0.18470662293343934
7.0,0.18473975416625252
7.0,0.1847728853990657
7.0,0.18480601663187887
7.0,0.18483914786469205
7.0,0.18487227909750523
7.0,0.1849054103303184
7.0,0.18493854156313155
7.0,0.18497167279594473
7.0,0.1850048040287579
7.0,0.18503793526157108
7.0,0.18507106649438426
7.0,0.18510419772719744
7.0,0.1851373289600106
7.0,0.18517046019282377
7.0,0.18520359142563694
7.0,0.18523672265845012
7.0,0.1852698538912633
7.0,0.18530298512407647
7.0,0.18533611635688965
7.0,0.1853692475897028
7.0,0.18540237882251598
7.0,0.18543551005532916
7.0,0.18546864128814233
7.0,0.1855017725209555
7.0,0.1855349037537687
7.0,0.18556803498658186
7.0,0.18560116621939501
7.0,0.1856342974522082
7.0,0.18566742868502137
7.0,0.18570055991783455
7.0,0.18573369115064772
7.0,0.1857668223834609
7.0,0.18579995361627405
7.0,0.18583308484908723
7.0,0.1858662160819004
7.0,0.18589934731471358
7.0,0.18593247854752676
7.0,0.18596560978033994
7.0,0.1859987410131531
7.0,0.18603187224596626
7.0,0.18606500347877944
7.0,0.18609813471159262
7.0,0.1861312659444058
7.0,0.18616439717721897
7.0,0.18619752841003215
7.0,0.1862306596428453
7.0,0.18626379087565847
7.0,0.18629692210847165
7.0,0.18633005334128483
7.0,0.186363184574098
7.0,0.18639631580691118
7.0,0.18642944703972436
7.0,0.1864625782725375
7.0,0.1864957095053507
7.0,0.18652884073816386
7.0,0.18656197197097704
7.0,0.18659510320379022
7.0,0.1866282344366034
7.0,0.18666136566941655
7.0,0.18669449690222972
7.0,0.1867276281350429
7.0,0.18676075936785608
7.0,0.18679389060066925
7.0,0.18682702183348243
7.0,0.1868601530662956
7.0,0.18689328429910876
7.0,0.18692641553192194
7.0,0.1869595467647351
7.0,0.1869926779975483
7.0,0.18702580923036147
7.0,0.18705894046317464
7.0,0.1870920716959878
7.0,0.18712520292880097
7.0,0.18715833416161415
7.0,0.18719146539442733
7.0,0.1872245966272405
7.0,0.18725772786005368
7.0,0.18729085909286686
7.0,0.18732399032568
7.0,0.18735712155849318
7.0,0.18739025279130636
7.0,0.18742338402411954
7.0,0.18745651525693272
7.0,0.1874896464897459
7.0,0.18752277772255907
7.0,0.18755590895537222
7.0,0.1875890401881854
7.0,0.18762217142099857
7.0,0.18765530265381175
7.0,0.18768843388662493
7.0,0.1877215651194381
7.0,0.18775469635225125
7.0,0.18778782758506443
7.0,0.1878209588178776
7.0,0.1878540900506908
7.0,0.18788722128350396
7.0,0.18792035251631714
7.0,0.18795348374913032
7.0,0.18798661498194347
7.0,0.18801974621475664
7.0,0.18805287744756982
7.0,0.188086008680383
7.0,0.18811913991319618
7.0,0.18815227114600935
7.0,0.1881854023788225
7.0,0.18821853361163568
7.0,0.18825166484444886
8.0,0.18828479607726203
8.0,0.1883179273100752
8.0,0.1883510585428884
8.0,0.18838418977570157
8.0,0.18841732100851472
8.0,0.1884504522413279
8.0,0.18848358347414107
8.0,0.18851671470695425
8.0,0.18854984593976742
8.0,0.1885829771725806
8.0,0.18861610840539375
8.0,0.18864923963820693
8.0,0.1886823708710201
8.0,0.18871550210383328
8.0,0.18874863333664646
8.0,0.18878176456945964
8.0,0.18881489580227281
8.0,0.18884802703508596
8.0,0.18888115826789914
8.0,0.18891428950071232
8.0,0.1889474207335255
8.0,0.18898055196633867
8.0,0.18901368319915185
8.0,0.18904681443196503
8.0,0.18907994566477818
8.0,0.18911307689759135
8.0,0.18914620813040453
8.0,0.1891793393632177
8.0,0.18921247059603089
8.0,0.18924560182884406
8.0,0.1892787330616572
8.0,0.1893118642944704
8.0,0.18934499552728357
8.0,0.18937812676009674
8.0,0.18941125799290992
8.0,0.1894443892257231
8.0,0.18947752045853627
8.0,0.18951065169134942
8.0,0.1895437829241626
8.0,0.18957691415697578
8.0,0.18961004538978896
8.0,0.18964317662260213
8.0,0.1896763078554153
8.0,0.18970943908822846
8.0,0.18974257032104164
8.0,0.18977570155385481
8.0,0.189808832786668
8.0,0.18984196401948117
8.0,0.18987509525229435
8.0,0.18990822648510752
8.0,0.18994135771792067
8.0,0.18997448895073385
8.0,0.19000762018354703
8.0,0.1900407514163602
8.0,0.19007388264917338
8.0,0.19010701388198656
8.0,0.1901401451147997
8.0,0.19017327634761289
8.0,0.19020640758042606
8.0,0.19023953881323924
8.0,0.19027267004605242
8.0,0.1903058012788656
8.0,0.19033893251167877
8.0,0.19037206374449192
8.0,0.1904051949773051
8.0,0.19043832621011827
8.0,0.19047145744293145
8.0,0.19050458867574463
8.0,0.1905377199085578
8.0,0.19057085114137098
8.0,0.19060398237418413
8.0,0.1906371136069973
8.0,0.1906702448398105
8.0,0.19070337607262366
8.0,0.19073650730543684
8.0,0.19076963853825002
8.0,0.19080276977106317
8.0,0.19083590100387635
8.0,0.19086903223668952
8.0,0.1909021634695027
8.0,0.19093529470231588
8.0,0.19096842593512905
8.0,0.19100155716794223
8.0,0.19103468840075538
8.0,0.19106781963356856
8.0,0.19110095086638174
8.0,0.1911340820991949
8.0,0.1911672133320081
8.0,0.19120034456482127
8.0,0.19123347579763442
8.0,0.1912666070304476
8.0,0.19129973826326077
8.0,0.19133286949607395
8.0,0.19136600072888713
8.0,0.1913991319617003
8.0,0.19143226319451348
8.0,0.19146539442732663
8.0,0.1914985256601398
8.0,0.19153165689295298
8.0,0.19156478812576616
8.0,0.19159791935857934
8.0,0.19163105059139252
8.0,0.19166418182420566
8.0,0.19169731305701884
8.0,0.19173044428983202
8.0,0.1917635755226452
8.0,0.19179670675545837
8.0,0.19182983798827155
8.0,0.19186296922108473
8.0,0.19189610045389788
8.0,0.19192923168671105
8.0,0.19196236291952423
8.0,0.1919954941523374
8.0,0.1920286253851506
8.0,0.19206175661796376
8.0,0.19209488785077694
8.0,0.1921280190835901
8.0,0.19216115031640327
8.0,0.19219428154921644
8.0,0.19222741278202962
8.0,0.1922605440148428
8.0,0.19229367524765598
8.0,0.19232680648046913
8.0,0.1923599377132823
8.0,0.19239306894609548
8.0,0.19242620017890866
8.0,0.19245933141172183
8.0,0.192492462644535
8.0,0.1925255938773482
8.0,0.19255872511016134
8.0,0.19259185634297452
8.0,0.1926249875757877
8.0,0.19265811880860087
8.0,0.19269125004141405
8.0,0.19272438127422722
8.0,0.19275751250704037
8.0,0.19279064373985355
8.0,0.19282377497266673
8.0,0.1928569062054799
8.0,0.19289003743829308
8.0,0.19292316867110626
8.0,0.19295629990391944
8.0,0.1929894311367326
8.0,0.19302256236954576
8.0,0.19305569360235894
8.0,0.19308882483517212
8.0,0.1931219560679853
8.0,0.19315508730079847
8.0,0.19318821853361162
8.0,0.1932213497664248
8.0,0.19325448099923798
8.0,0.19328761223205115
8.0,0.19332074346486433
8.0,0.1933538746976775
8.0,0.19338700593049069
8.0,0.19342013716330383
8.0,0.193453268396117
8.0,0.1934863996289302
8.0,0.19351953086174337
8.0,0.19355266209455654
8.0,0.19358579332736972
8.0,0.1936189245601829
8.0,0.19365205579299605
8.0,0.19368518702580922
8.0,0.1937183182586224
8.0,0.19375144949143558
8.0,0.19378458072424876
8.0,0.19381771195706193
8.0,0.19385084318987508
8.0,0.19388397442268826
8.0,0.19391710565550144
8.0,0.19395023688831461
8.0,0.1939833681211278
8.0,0.19401649935394097
8.0,0.19404963058675415
8.0,0.1940827618195673
8.0,0.19411589305238047
8.0,0.19414902428519365
8.0,0.19418215551800683
8.0,0.19421528675082
8.0,0.19424841798363318
8.0,0.19428154921644633
8.0,0.1943146804492595
8.0,0.19434781168207269
8.0,0.19438094291488586
8.0,0.19441407414769904
8.0,0.19444720538051222
8.0,0.1944803366133254
8.0,0.19451346784613854
8.0,0.19454659907895172
8.0,0.1945797303117649
8.0,0.19461286154457808
8.0,0.19464599277739125
8.0,0.19467912401020443
8.0,0.19471225524301758
8.0,0.19474538647583076
8.0,0.19477851770864393
8.0,0.1948116489414571
8.0,0.1948447801742703
8.0,0.19487791140708347
8.0,0.19491104263989664
8.0,0.1949441738727098
8.0,0.19497730510552297
8.0,0.19501043633833615
8.0,0.19504356757114932
8.0,0.1950766988039625
8.0,0.19510983003677568
8.0,0.19514296126958885
8.0,0.195176092502402
8.0,0.19520922373521518
8.0,0.19524235496802836
8.0,0.19527548620084154
8.0,0.1953086174336547
8.0,0.1953417486664679
8.0,0.19537487989928104
8.0,0.19540801113209422
8.0,0.1954411423649074
8.0,0.19547427359772057
8.0,0.19550740483053375
8.0,0.19554053606334693
8.0,0.1955736672961601
8.0,0.19560679852897325
8.0,0.19563992976178643
8.0,0.1956730609945996
8.0,0.19570619222741278
8.0,0.19573932346022596
8.0,0.19577245469303914
8.0,0.1958055859258523
8.0,0.19583871715866547
8.0,0.19587184839147864
8.0,0.19590497962429182
8.0,0.195938110857105
8.0,0.19597124208991817
8.0,0.19600437332273135
8.0,0.1960375045555445
8.0,0.19607063578835768
8.0,0.19610376702117086
8.0,0.19613689825398403
8.0,0.1961700294867972
8.0,0.1962031607196104
8.0,0.19623629195242354
8.0,0.1962694231852367
8.0,0.1963025544180499
8.0,0.19633568565086307
8.0,0.19636881688367624
8.0,0.19640194811648942
8.0,0.1964350793493026
8.0,0.19646821058211575
8.0,0.19650134181492893
8.0,0.1965344730477421
8.0,0.19656760428055528
8.0,0.19660073551336846
8.0,0.19663386674618163
8.0,0.1966669979789948
8.0,0.19670012921180796
8.0,0.19673326044462114
8.0,0.19676639167743432
8.0,0.1967995229102475
8.0,0.19683265414306067
8.0,0.19686578537587385
8.0,0.196898916608687
8.0,0.19693204784150017
8.0,0.19696517907431335
8.0,0.19699831030712653
8.0,0.1970314415399397
8.0,0.19706457277275288
8.0,0.19709770400556606
8.0,0.1971308352383792
8.0,0.1971639664711924
8.0,0.19719709770400556
8.0,0.19723022893681874
8.0,0.19726336016963192
8.0,0.1972964914024451
8.0,0.19732962263525824
8.0,0.19736275386807142
8.0,0.1973958851008846
8.0,0.19742901633369778
8.0,0.19746214756651095
8.0,0.19749527879932413
8.0,0.1975284100321373
8.0,0.19756154126495046
8.0,0.19759467249776363
8.0,0.1976278037305768
8.0,0.19766093496339
8.0,0.19769406619620317
8.0,0.19772719742901634
8.0,0.1977603286618295
8.0,0.19779345989464267
8.0,0.19782659112745585
8.0,0.19785972236026902
8.0,0.1978928535930822
8.0,0.19792598482589538
8.0,0.19795911605870856
8.0,0.1979922472915217
8.0,0.19802537852433488
8.0,0.19805850975714806
8.0,0.19809164098996124
8.0,0.19812477222277441
8.0,0.1981579034555876
8.0,0.19819103468840077
8.0,0.19822416592121392
8.0,0.1982572971540271
8.0,0.19829042838684027
8.0,0.19832355961965345
8.0,0.19835669085246663
8.0,0.1983898220852798
8.0,0.19842295331809295
8.0,0.19845608455090613
8.0,0.1984892157837193
8.0,0.19852234701653249
8.0,0.19855547824934566
8.0,0.19858860948215884
8.0,0.19862174071497202
8.0,0.19865487194778517
8.0,0.19868800318059834
8.0,0.19872113441341152
8.0,0.1987542656462247
8.0,0.19878739687903788
8.0,0.19882052811185105
8.0,0.1988536593446642
8.0,0.19888679057747738
8.0,0.19891992181029056
8.0,0.19895305304310373
8.0,0.1989861842759169
8.0,0.1990193155087301
8.0,0.19905244674154327
8.0,0.19908557797435641
8.0,0.1991187092071696
8.0,0.19915184043998277
8.0,0.19918497167279595
8.0,0.19921810290560912
8.0,0.1992512341384223
8.0,0.19928436537123545
8.0,0.19931749660404863
8.0,0.1993506278368618
8.0,0.19938375906967498
8.0,0.19941689030248816
8.0,0.19945002153530134
8.0,0.1994831527681145
8.0,0.19951628400092766
8.0,0.19954941523374084
8.0,0.19958254646655402
8.0,0.1996156776993672
8.0,0.19964880893218037
8.0,0.19968194016499355
8.0,0.19971507139780673
8.0,0.19974820263061988
8.0,0.19978133386343305
8.0,0.19981446509624623
8.0,0.1998475963290594
8.0,0.19988072756187258
8.0,0.19991385879468576
8.0,0.1999469900274989
8.0,0.1999801212603121
8.0,0.20001325249312527
8.0,0.20004638372593844
8.0,0.20007951495875162
8.0,0.2001126461915648
8.0,0.20014577742437797
8.0,0.20017890865719112
8.0,0.2002120398900043
8.0,0.20024517112281748
8.0,0.20027830235563066
8.0,0.20031143358844383
8.0,0.200344564821257
8.0,0.20037769605407016
8.0,0.20041082728688334
8.0,0.2004439585196965
8.0,0.2004770897525097
8.0,0.20051022098532287
8.0,0.20054335221813605
8.0,0.20057648345094922
8.0,0.20060961468376237
8.0,0.20064274591657555
8.0,0.20067587714938873
8.0,0.2007090083822019
8.0,0.20074213961501508
8.0,0.20077527084782826
8.0,0.2008084020806414
8.0,0.20084153331345458
8.0,0.20087466454626776
8.0,0.20090779577908094
8.0,0.20094092701189412
8.0,0.2009740582447073
8.0,0.20100718947752047
8.0,0.20104032071033362
8.0,0.2010734519431468
8.0,0.20110658317595997
8.0,0.20113971440877315
8.0,0.20117284564158633
8.0,0.2012059768743995
8.0,0.20123910810721268
8.0,0.20127223934002583
8.0,0.201305370572839
8.0,0.2013385018056522
8.0,0.20137163303846536
8.0,0.20140476427127854
8.0,0.20143789550409172
8.0,0.20147102673690487
8.0,0.20150415796971805
8.0,0.20153728920253122
8.0,0.2015704204353444
8.0,0.20160355166815758
8.0,0.20163668290097075
8.0,0.20166981413378393
8.0,0.20170294536659708
8.0,0.20173607659941026
8.0,0.20176920783222344
8.0,0.2018023390650366
8.0,0.2018354702978498
8.0,0.20186860153066297
8.0,0.20190173276347612
8.0,0.2019348639962893
8.0,0.20196799522910247
8.0,0.20200112646191565
8.0,0.20203425769472882
8.0,0.202067388927542
8.0,0.20210052016035518
8.0,0.20213365139316833
8.0,0.2021667826259815
8.0,0.20219991385879468
8.0,0.20223304509160786
8.0,0.20226617632442104
8.0,0.20229930755723421
8.0,0.20233243879004736
8.0,0.20236557002286054
8.0,0.20239870125567372
8.0,0.2024318324884869
8.0,0.20246496372130007
8.0,0.20249809495411325
8.0,0.20253122618692643
8.0,0.20256435741973958
8.0,0.20259748865255275
8.0,0.20263061988536593
8.0,0.2026637511181791
8.0,0.20269688235099229
8.0,0.20273001358380546
8.0,0.20276314481661864
8.0,0.2027962760494318
8.0,0.20282940728224497
8.0,0.20286253851505814
8.0,0.20289566974787132
8.0,0.2029288009806845
8.0,0.20296193221349768
8.0,0.20299506344631082
8.0,0.203028194679124
8.0,0.20306132591193718
8.0,0.20309445714475036
8.0,0.20312758837756353
8.0,0.2031607196103767
8.0,0.2031938508431899
8.0,0.20322698207600304
9.0,0.20326011330881621
9.0,0.2032932445416294
9.0,0.20332637577444257
9.0,0.20335950700725575
9.0,0.20339263824006892
9.0,0.20342576947288207
9.0,0.20345890070569525
9.0,0.20349203193850843
9.0,0.2035251631713216
9.0,0.20355829440413478
9.0,0.20359142563694796
9.0,0.20362455686976114
9.0,0.20365768810257429
9.0,0.20369081933538746
9.0,0.20372395056820064
9.0,0.20375708180101382
9.0,0.203790213033827
9.0,0.20382334426664017
9.0,0.20385647549945332
9.0,0.2038896067322665
9.0,0.20392273796507968
9.0,0.20395586919789285
9.0,0.20398900043070603
9.0,0.2040221316635192
9.0,0.20405526289633238
9.0,0.20408839412914553
9.0,0.2041215253619587
9.0,0.2041546565947719
9.0,0.20418778782758507
9.0,0.20422091906039824
9.0,0.20425405029321142
9.0,0.2042871815260246
9.0,0.20432031275883775
9.0,0.20435344399165092
9.0,0.2043865752244641
9.0,0.20441970645727728
9.0,0.20445283769009046
9.0,0.20448596892290363
9.0,0.20451910015571678
9.0,0.20455223138852996
9.0,0.20458536262134314
9.0,0.2046184938541563
9.0,0.2046516250869695
9.0,0.20468475631978267
9.0,0.20471788755259585
9.0,0.204751018785409
9.0,0.20478415001822217
9.0,0.20481728125103535
9.0,0.20485041248384853
9.0,0.2048835437166617
9.0,0.20491667494947488
9.0,0.20494980618228803
9.0,0.2049829374151012
9.0,0.20501606864791438
9.0,0.20504919988072756
9.0,0.20508233111354074
9.0,0.20511546234635392
9.0,0.2051485935791671
9.0,0.20518172481198024
9.0,0.20521485604479342
9.0,0.2052479872776066
9.0,0.20528111851041977
9.0,0.20531424974323295
9.0,0.20534738097604613
9.0,0.20538051220885928
9.0,0.20541364344167246
9.0,0.20544677467448563
9.0,0.2054799059072988
9.0,0.205513037140112
9.0,0.20554616837292516
9.0,0.20557929960573834
9.0,0.2056124308385515
9.0,0.20564556207136467
9.0,0.20567869330417785
9.0,0.20571182453699102
9.0,0.2057449557698042
9.0,0.20577808700261738
9.0,0.20581121823543055
9.0,0.2058443494682437
9.0,0.20587748070105688
9.0,0.20591061193387006
9.0,0.20594374316668324
9.0,0.2059768743994964
9.0,0.2060100056323096
9.0,0.20604313686512274
9.0,0.20607626809793592
9.0,0.2061093993307491
9.0,0.20614253056356227
9.0,0.20617566179637545
9.0,0.20620879302918863
9.0,0.2062419242620018
9.0,0.20627505549481495
9.0,0.20630818672762813
9.0,0.2063413179604413
9.0,0.20637444919325448
9.0,0.20640758042606766
9.0,0.20644071165888084
9.0,0.206473842891694
9.0,0.20650697412450716
9.0,0.20654010535732034
9.0,0.20657323659013352
9.0,0.2066063678229467
9.0,0.20663949905575987
9.0,0.20667263028857305
9.0,0.2067057615213862
9.0,0.20673889275419938
9.0,0.20677202398701255
9.0,0.20680515521982573
9.0,0.2068382864526389
9.0,0.20687141768545209
9.0,0.20690454891826524
9.0,0.2069376801510784
9.0,0.2069708113838916
9.0,0.20700394261670477
9.0,0.20703707384951794
9.0,0.20707020508233112
9.0,0.2071033363151443
9.0,0.20713646754795745
9.0,0.20716959878077063
9.0,0.2072027300135838
9.0,0.20723586124639698
9.0,0.20726899247921016
9.0,0.20730212371202333
9.0,0.2073352549448365
9.0,0.20736838617764966
9.0,0.20740151741046284
9.0,0.20743464864327602
9.0,0.2074677798760892
9.0,0.20750091110890237
9.0,0.20753404234171555
9.0,0.2075671735745287
9.0,0.20760030480734187
9.0,0.20763343604015505
9.0,0.20766656727296823
9.0,0.2076996985057814
9.0,0.20773282973859458
9.0,0.20776596097140776
9.0,0.2077990922042209
9.0,0.20783222343703409
9.0,0.20786535466984726
9.0,0.20789848590266044
9.0,0.20793161713547362
9.0,0.2079647483682868
9.0,0.20799787960109994
9.0,0.20803101083391312
9.0,0.2080641420667263
9.0,0.20809727329953948
9.0,0.20813040453235265
9.0,0.20816353576516583
9.0,0.208196666997979
9.0,0.20822979823079216
9.0,0.20826292946360533
9.0,0.2082960606964185
9.0,0.2083291919292317
9.0,0.20836232316204487
9.0,0.20839545439485804
9.0,0.2084285856276712
9.0,0.20846171686048437
9.0,0.20849484809329755
9.0,0.20852797932611072
9.0,0.2085611105589239
9.0,0.20859424179173708
9.0,0.20862737302455026
9.0,0.2086605042573634
9.0,0.20869363549017658
9.0,0.20872676672298976
9.0,0.20875989795580294
9.0,0.2087930291886161
9.0,0.2088261604214293
9.0,0.20885929165424247
9.0,0.20889242288705562
9.0,0.2089255541198688
9.0,0.20895868535268197
9.0,0.20899181658549515
9.0,0.20902494781830833
9.0,0.2090580790511215
9.0,0.20909121028393465
9.0,0.20912434151674783
9.0,0.209157472749561
9.0,0.20919060398237418
9.0,0.20922373521518736
9.0,0.20925686644800054
9.0,0.20928999768081372
9.0,0.20932312891362687
9.0,0.20935626014644004
9.0,0.20938939137925322
9.0,0.2094225226120664
9.0,0.20945565384487957
9.0,0.20948878507769275
9.0,0.2095219163105059
9.0,0.20955504754331908
9.0,0.20958817877613226
9.0,0.20962131000894543
9.0,0.2096544412417586
9.0,0.2096875724745718
9.0,0.20972070370738496
9.0,0.20975383494019811
9.0,0.2097869661730113
9.0,0.20982009740582447
9.0,0.20985322863863765
9.0,0.20988635987145082
9.0,0.209919491104264
9.0,0.20995262233707715
9.0,0.20998575356989033
9.0,0.2100188848027035
9.0,0.21005201603551668
9.0,0.21008514726832986
9.0,0.21011827850114304
9.0,0.2101514097339562
9.0,0.21018454096676936
9.0,0.21021767219958254
9.0,0.21025080343239572
9.0,0.2102839346652089
9.0,0.21031706589802207
9.0,0.21035019713083525
9.0,0.2103833283636484
9.0,0.21041645959646157
9.0,0.21044959082927475
9.0,0.21048272206208793
9.0,0.2105158532949011
9.0,0.21054898452771428
9.0,0.21058211576052746
9.0,0.2106152469933406
9.0,0.2106483782261538
9.0,0.21068150945896696
9.0,0.21071464069178014
9.0,0.21074777192459332
9.0,0.2107809031574065
9.0,0.21081403439021967
9.0,0.21084716562303282
9.0,0.210880296855846
9.0,0.21091342808865918
9.0,0.21094655932147235
9.0,0.21097969055428553
9.0,0.2110128217870987
9.0,0.21104595301991186
9.0,0.21107908425272504
9.0,0.2111122154855382
9.0,0.2111453467183514
9.0,0.21117847795116457
9.0,0.21121160918397774
9.0,0.21124474041679092
9.0,0.21127787164960407
9.0,0.21131100288241725
9.0,0.21134413411523043
9.0,0.2113772653480436
9.0,0.21141039658085678
9.0,0.21144352781366996
9.0,0.2114766590464831
9.0,0.21150979027929628
9.0,0.21154292151210946
9.0,0.21157605274492264
9.0,0.21160918397773582
9.0,0.211642315210549
9.0,0.21167544644336217
9.0,0.21170857767617532
9.0,0.2117417089089885
9.0,0.21177484014180167
9.0,0.21180797137461485
9.0,0.21184110260742803
9.0,0.2118742338402412
9.0,0.21190736507305435
9.0,0.21194049630586753
9.0,0.2119736275386807
9.0,0.2120067587714939
9.0,0.21203989000430706
9.0,0.21207302123712024
9.0,0.21210615246993342
9.0,0.21213928370274657
9.0,0.21217241493555974
9.0,0.21220554616837292
9.0,0.2122386774011861
9.0,0.21227180863399928
9.0,0.21230493986681245
9.0,0.21233807109962563
9.0,0.21237120233243878
9.0,0.21240433356525196
9.0,0.21243746479806513
9.0,0.2124705960308783
9.0,0.2125037272636915
9.0,0.21253685849650467
10.0,0.21256998972931782
10.0,0.212603120962131
10.0,0.21263625219494417
10.0,0.21266938342775735
10.0,0.21270251466057052
10.0,0.2127356458933837
10.0,0.21276877712619688
10.0,0.21280190835901003
10.0,0.2128350395918232
10.0,0.21286817082463638
10.0,0.21290130205744956
10.0,0.21293443329026274
10.0,0.21296756452307591
10.0,0.21300069575588906
10.0,0.21303382698870224
10.0,0.21306695822151542
10.0,0.2131000894543286
10.0,0.21313322068714177
10.0,0.21316635191995495
10.0,0.21319948315276813
10.0,0.21323261438558128
10.0,0.21326574561839445
10.0,0.21329887685120763
10.0,0.2133320080840208
10.0,0.21336513931683398
10.0,0.21339827054964716
10.0,0.2134314017824603
10.0,0.2134645330152735
10.0,0.21349766424808667
10.0,0.21353079548089984
10.0,0.21356392671371302
10.0,0.2135970579465262
10.0,0.21363018917933937
10.0,0.21366332041215252
10.0,0.2136964516449657
10.0,0.21372958287777888
10.0,0.21376271411059206
10.0,0.21379584534340523
10.0,0.2138289765762184
10.0,0.2138621078090316
10.0,0.21389523904184474
10.0,0.21392837027465791
10.0,0.2139615015074711
10.0,0.21399463274028427
10.0,0.21402776397309745
10.0,0.21406089520591062
10.0,0.21409402643872377
10.0,0.21412715767153695
10.0,0.21416028890435013
10.0,0.2141934201371633
10.0,0.21422655136997648
10.0,0.21425968260278966
10.0,0.21429281383560284
10.0,0.21432594506841599
10.0,0.21435907630122916
10.0,0.21439220753404234
10.0,0.21442533876685552
10.0,0.2144584699996687
10.0,0.21449160123248187
10.0,0.21452473246529502
10.0,0.2145578636981082
10.0,0.21459099493092137
10.0,0.21462412616373455
10.0,0.21465725739654773
10.0,0.2146903886293609
10.0,0.21472351986217408
10.0,0.21475665109498723
10.0,0.2147897823278004
10.0,0.2148229135606136
10.0,0.21485604479342676
10.0,0.21488917602623994
10.0,0.21492230725905312
10.0,0.21495543849186627
10.0,0.21498856972467945
10.0,0.21502170095749262
10.0,0.2150548321903058
10.0,0.21508796342311898
10.0,0.21512109465593215
10.0,0.21515422588874533
10.0,0.21518735712155848
10.0,0.21522048835437166
10.0,0.21525361958718484
10.0,0.215286750819998
10.0,0.2153198820528112
10.0,0.21535301328562437
10.0,0.21538614451843754
10.0,0.2154192757512507
10.0,0.21545240698406387
10.0,0.21548553821687705
10.0,0.21551866944969023
10.0,0.2155518006825034
10.0,0.21558493191531658
10.0,0.21561806314812973
10.0,0.2156511943809429
10.0,0.21568432561375608
10.0,0.21571745684656926
10.0,0.21575058807938244
10.0,0.21578371931219562
10.0,0.2158168505450088
10.0,0.21584998177782194
10.0,0.21588311301063512
10.0,0.2159162442434483
10.0,0.21594937547626147
10.0,0.21598250670907465
10.0,0.21601563794188783
10.0,0.21604876917470098
10.0,0.21608190040751415
10.0,0.21611503164032733
10.0,0.2161481628731405
10.0,0.2161812941059537
10.0,0.21621442533876686
10.0,0.21624755657158004
10.0,0.2162806878043932
10.0,0.21631381903720637
10.0,0.21634695027001954
10.0,0.21638008150283272
10.0,0.2164132127356459
10.0,0.21644634396845908
10.0,0.21647947520127223
10.0,0.2165126064340854
10.0,0.21654573766689858
10.0,0.21657886889971176
10.0,0.21661200013252493
10.0,0.2166451313653381
10.0,0.2166782625981513
10.0,0.21671139383096444
10.0,0.21674452506377762
10.0,0.2167776562965908
10.0,0.21681078752940397
10.0,0.21684391876221715
10.0,0.21687704999503032
10.0,0.2169101812278435
10.0,0.21694331246065665
10.0,0.21697644369346983
10.0,0.217009574926283
10.0,0.21704270615909618
10.0,0.21707583739190936
10.0,0.21710896862472254
10.0,0.2171420998575357
10.0,0.21717523109034886
10.0,0.21720836232316204
10.0,0.21724149355597522
10.0,0.2172746247887884
10.0,0.21730775602160157
10.0,0.21734088725441475
10.0,0.2173740184872279
10.0,0.21740714972004108
10.0,0.21744028095285425
10.0,0.21747341218566743
10.0,0.2175065434184806
10.0,0.21753967465129379
10.0,0.21757280588410693
10.0,0.2176059371169201
10.0,0.2176390683497333
10.0,0.21767219958254647
10.0,0.21770533081535964
10.0,0.21773846204817282
10.0,0.217771593280986
10.0,0.21780472451379915
10.0,0.21783785574661232
10.0,0.2178709869794255
10.0,0.21790411821223868
10.0,0.21793724944505186
10.0,0.21797038067786503
10.0,0.21800351191067818
10.0,0.21803664314349136
10.0,0.21806977437630454
10.0,0.21810290560911771
10.0,0.2181360368419309
10.0,0.21816916807474407
10.0,0.21820229930755725
10.0,0.2182354305403704
10.0,0.21826856177318357
10.0,0.21830169300599675
10.0,0.21833482423880993
10.0,0.2183679554716231
10.0,0.21840108670443628
10.0,0.21843421793724946
10.0,0.2184673491700626
10.0,0.21850048040287579
10.0,0.21853361163568896
10.0,0.21856674286850214
10.0,0.21859987410131532
10.0,0.2186330053341285
10.0,0.21866613656694164
10.0,0.21869926779975482
10.0,0.218732399032568
10.0,0.21876553026538118
10.0,0.21879866149819435
10.0,0.21883179273100753
10.0,0.2188649239638207
10.0,0.21889805519663386
10.0,0.21893118642944703
10.0,0.2189643176622602
10.0,0.2189974488950734
10.0,0.21903058012788656
10.0,0.21906371136069974
10.0,0.2190968425935129
10.0,0.21912997382632607
10.0,0.21916310505913925
10.0,0.21919623629195242
10.0,0.2192293675247656
10.0,0.21926249875757878
10.0,0.21929562999039195
10.0,0.2193287612232051
10.0,0.21936189245601828
10.0,0.21939502368883146
10.0,0.21942815492164464
10.0,0.2194612861544578
10.0,0.219494417387271
10.0,0.21952754862008414
10.0,0.21956067985289732
10.0,0.2195938110857105
10.0,0.21962694231852367
10.0,0.21966007355133685
10.0,0.21969320478415003
10.0,0.2197263360169632
10.0,0.21975946724977635
10.0,0.21979259848258953
10.0,0.2198257297154027
10.0,0.21985886094821588
10.0,0.21989199218102906
10.0,0.21992512341384224
10.0,0.21995825464665542
10.0,0.21999138587946857
10.0,0.22002451711228174
10.0,0.22005764834509492
10.0,0.2200907795779081
10.0,0.22012391081072127
10.0,0.22015704204353445
10.0,0.2201901732763476
10.0,0.22022330450916078
10.0,0.22025643574197395
10.0,0.22028956697478713
10.0,0.2203226982076003
10.0,0.2203558294404135
10.0,0.22038896067322666
10.0,0.2204220919060398
10.0,0.220455223138853
10.0,0.22048835437166617
10.0,0.22052148560447934
10.0,0.22055461683729252
10.0,0.2205877480701057
10.0,0.22062087930291885
10.0,0.22065401053573203
10.0,0.2206871417685452
10.0,0.22072027300135838
10.0,0.22075340423417156
10.0,0.22078653546698473
10.0,0.2208196666997979
10.0,0.22085279793261106
10.0,0.22088592916542424
10.0,0.22091906039823742
10.0,0.2209521916310506
10.0,0.22098532286386377
10.0,0.22101845409667695
10.0,0.2210515853294901
10.0,0.22108471656230327
10.0,0.22111784779511645
10.0,0.22115097902792963
10.0,0.2211841102607428
10.0,0.22121724149355598
10.0,0.22125037272636916
10.0,0.2212835039591823
10.0,0.2213166351919955
10.0,0.22134976642480866
10.0,0.22138289765762184
10.0,0.22141602889043502
10.0,0.2214491601232482
10.0,0.22148229135606137
10.0,0.22151542258887452
10.0,0.2215485538216877
10.0,0.22158168505450088
10.0,0.22161481628731405
10.0,0.22164794752012723
10.0,0.2216810787529404
10.0,0.22171420998575356
10.0,0.22174734121856673
10.0,0.2217804724513799
10.0,0.2218136036841931
10.0,0.22184673491700627
10.0,0.22187986614981944
10.0,0.22191299738263262
10.0,0.22194612861544577
10.0,0.22197925984825895
10.0,0.22201239108107212
10.0,0.2220455223138853
10.0,0.22207865354669848
10.0,0.22211178477951166
10.0,0.2221449160123248
10.0,0.22217804724513798
10.0,0.22221117847795116
10.0,0.22224430971076434
10.0,0.22227744094357751
10.0,0.2223105721763907
10.0,0.22234370340920387
10.0,0.22237683464201702
10.0,0.2224099658748302
10.0,0.22244309710764337
10.0,0.22247622834045655
10.0,0.22250935957326973
10.0,0.2225424908060829
10.0,0.22257562203889605
10.0,0.22260875327170923
10.0,0.2226418845045224
10.0,0.22267501573733559
10.0,0.22270814697014876
10.0,0.22274127820296194
10.0,0.22277440943577512
10.0,0.22280754066858827
10.0,0.22284067190140144
10.0,0.22287380313421462
10.0,0.2229069343670278
10.0,0.22294006559984098
10.0,0.22297319683265415
10.0,0.22300632806546733
10.0,0.22303945929828048
10.0,0.22307259053109366
10.0,0.22310572176390683
10.0,0.22313885299672
10.0,0.2231719842295332
10.0,0.22320511546234637
10.0,0.22323824669515951
10.0,0.2232713779279727
10.0,0.22330450916078587
10.0,0.22333764039359905
10.0,0.22337077162641222
10.0,0.2234039028592254
10.0,0.22343703409203858
10.0,0.22347016532485173
10.0,0.2235032965576649
10.0,0.22353642779047808
10.0,0.22356955902329126
10.0,0.22360269025610444
10.0,0.2236358214889176
10.0,0.22366895272173076
10.0,0.22370208395454394
10.0,0.22373521518735712
10.0,0.2237683464201703
10.0,0.22380147765298347
10.0,0.22383460888579665
10.0,0.22386774011860983
10.0,0.22390087135142298
10.0,0.22393400258423615
10.0,0.22396713381704933
10.0,0.2240002650498625
10.0,0.22403339628267568
10.0,0.22406652751548886
10.0,0.224099658748302
10.0,0.2241327899811152
10.0,0.22416592121392837
10.0,0.22419905244674154
10.0,0.22423218367955472
10.0,0.2242653149123679
10.0,0.22429844614518107
10.0,0.22433157737799422
10.0,0.2243647086108074
10.0,0.22439783984362058
10.0,0.22443097107643376
10.0,0.22446410230924693
10.0,0.2244972335420601
10.0,0.2245303647748733
10.0,0.22456349600768644
10.0,0.2245966272404996
10.0,0.2246297584733128
10.0,0.22466288970612597
10.0,0.22469602093893914
10.0,0.22472915217175232
10.0,0.22476228340456547
10.0,0.22479541463737865
10.0,0.22482854587019183
10.0,0.224861677103005
10.0,0.22489480833581818
10.0,0.22492793956863136
10.0,0.22496107080144453
10.0,0.22499420203425768
10.0,0.22502733326707086
10.0,0.22506046449988404
10.0,0.22509359573269722
10.0,0.2251267269655104
10.0,0.22515985819832357
10.0,0.22519298943113672
10.0,0.2252261206639499
10.0,0.22525925189676307
10.0,0.22529238312957625
10.0,0.22532551436238943
10.0,0.2253586455952026
10.0,0.22539177682801578
10.0,0.22542490806082893
10.0,0.2254580392936421
10.0,0.2254911705264553
10.0,0.22552430175926846
10.0,0.22555743299208164
10.0,0.22559056422489482
10.0,0.22562369545770797
10.0,0.22565682669052115
10.0,0.22568995792333432
10.0,0.2257230891561475
10.0,0.22575622038896068
10.0,0.22578935162177385
10.0,0.22582248285458703
10.0,0.22585561408740018
10.0,0.22588874532021336
10.0,0.22592187655302653
10.0,0.2259550077858397
10.0,0.2259881390186529
10.0,0.22602127025146607
10.0,0.22605440148427924
10.0,0.2260875327170924
10.0,0.22612066394990557
10.0,0.22615379518271875
10.0,0.22618692641553192
10.0,0.2262200576483451
10.0,0.22625318888115828
10.0,0.22628632011397143
10.0,0.2263194513467846
10.0,0.22635258257959778
10.0,0.22638571381241096
10.0,0.22641884504522414
10.0,0.22645197627803731
10.0,0.2264851075108505
11.0,0.22651823874366364
11.0,0.22655136997647682
11.0,0.22658450120929
11.0,0.22661763244210317
11.0,0.22665076367491635
11.0,0.22668389490772953
11.0,0.22671702614054268
11.0,0.22675015737335585
11.0,0.22678328860616903
11.0,0.2268164198389822
11.0,0.22684955107179539
11.0,0.22688268230460856
11.0,0.22691581353742174
11.0,0.2269489447702349
11.0,0.22698207600304807
11.0,0.22701520723586124
11.0,0.22704833846867442
11.0,0.2270814697014876
11.0,0.22711460093430078
11.0,0.22714773216711392
11.0,0.2271808633999271
11.0,0.22721399463274028
11.0,0.22724712586555346
11.0,0.22728025709836663
11.0,0.2273133883311798
11.0,0.227346519563993
11.0,0.22737965079680614
11.0,0.22741278202961931
11.0,0.2274459132624325
11.0,0.22747904449524567
11.0,0.22751217572805885
11.0,0.22754530696087202
11.0,0.2275784381936852
11.0,0.22761156942649835
11.0,0.22764470065931153
11.0,0.2276778318921247
11.0,0.22771096312493788
11.0,0.22774409435775106
11.0,0.22777722559056424
11.0,0.22781035682337739
11.0,0.22784348805619056
11.0,0.22787661928900374
11.0,0.22790975052181692
11.0,0.2279428817546301
11.0,0.22797601298744327
11.0,0.22800914422025645
11.0,0.2280422754530696
11.0,0.22807540668588278
11.0,0.22810853791869595
11.0,0.22814166915150913
11.0,0.2281748003843223
11.0,0.22820793161713548
11.0,0.22824106284994863
11.0,0.2282741940827618
11.0,0.228307325315575
11.0,0.22834045654838817
11.0,0.22837358778120134
11.0,0.22840671901401452
11.0,0.2284398502468277
11.0,0.22847298147964085
11.0,0.22850611271245402
11.0,0.2285392439452672
11.0,0.22857237517808038
11.0,0.22860550641089356
11.0,0.22863863764370673
11.0,0.22867176887651988
11.0,0.22870490010933306
11.0,0.22873803134214624
11.0,0.2287711625749594
11.0,0.2288042938077726
11.0,0.22883742504058577
11.0,0.22887055627339895
11.0,0.2289036875062121
11.0,0.22893681873902527
11.0,0.22896994997183845
11.0,0.22900308120465163
11.0,0.2290362124374648
11.0,0.22906934367027798
11.0,0.22910247490309116
11.0,0.2291356061359043
11.0,0.22916873736871748
11.0,0.22920186860153066
11.0,0.22923499983434384
11.0,0.22926813106715702
11.0,0.2293012622999702
11.0,0.22933439353278334
11.0,0.22936752476559652
11.0,0.2294006559984097
11.0,0.22943378723122287
11.0,0.22946691846403605
11.0,0.22950004969684923
11.0,0.2295331809296624
11.0,0.22956631216247556
11.0,0.22959944339528873
11.0,0.2296325746281019
11.0,0.2296657058609151
11.0,0.22969883709372826
11.0,0.22973196832654144
11.0,0.2297650995593546
11.0,0.22979823079216777
11.0,0.22983136202498095
11.0,0.22986449325779412
11.0,0.2298976244906073
11.0,0.22993075572342048
11.0,0.22996388695623365
11.0,0.2299970181890468
11.0,0.23003014942185998
11.0,0.23006328065467316
11.0,0.23009641188748634
11.0,0.2301295431202995
11.0,0.2301626743531127
11.0,0.23019580558592584
11.0,0.23022893681873902
11.0,0.2302620680515522
11.0,0.23029519928436537
11.0,0.23032833051717855
11.0,0.23036146174999172
11.0,0.2303945929828049
11.0,0.23042772421561805
11.0,0.23046085544843123
11.0,0.2304939866812444
11.0,0.23052711791405758
11.0,0.23056024914687076
11.0,0.23059338037968394
11.0,0.23062651161249711
11.0,0.23065964284531026
11.0,0.23069277407812344
11.0,0.23072590531093662
11.0,0.2307590365437498
11.0,0.23079216777656297
11.0,0.23082529900937615
11.0,0.2308584302421893
11.0,0.23089156147500248
11.0,0.23092469270781565
11.0,0.23095782394062883
11.0,0.230990955173442
11.0,0.23102408640625519
11.0,0.23105721763906836
11.0,0.2310903488718815
11.0,0.2311234801046947
11.0,0.23115661133750787
11.0,0.23118974257032104
11.0,0.23122287380313422
11.0,0.2312560050359474
11.0,0.23128913626876055
11.0,0.23132226750157373
11.0,0.2313553987343869
11.0,0.23138852996720008
11.0,0.23142166120001326
11.0,0.23145479243282643
11.0,0.2314879236656396
11.0,0.23152105489845276
11.0,0.23155418613126594
11.0,0.23158731736407911
11.0,0.2316204485968923
11.0,0.23165357982970547
11.0,0.23168671106251865
11.0,0.2317198422953318
11.0,0.23175297352814497
11.0,0.23178610476095815
11.0,0.23181923599377133
11.0,0.2318523672265845
11.0,0.23188549845939768
11.0,0.23191862969221086
11.0,0.231951760925024
11.0,0.23198489215783719
11.0,0.23201802339065036
11.0,0.23205115462346354
11.0,0.23208428585627672
11.0,0.2321174170890899
11.0,0.23215054832190307
11.0,0.23218367955471622
11.0,0.2322168107875294
11.0,0.23224994202034258
11.0,0.23228307325315575
11.0,0.23231620448596893
11.0,0.2323493357187821
11.0,0.23238246695159526
11.0,0.23241559818440843
11.0,0.2324487294172216
11.0,0.2324818606500348
11.0,0.23251499188284797
11.0,0.23254812311566114
11.0,0.23258125434847432
11.0,0.23261438558128747
11.0,0.23264751681410065
11.0,0.23268064804691382
11.0,0.232713779279727
11.0,0.23274691051254018
11.0,0.23278004174535336
11.0,0.2328131729781665
11.0,0.23284630421097968
11.0,0.23287943544379286
11.0,0.23291256667660604
11.0,0.2329456979094192
11.0,0.2329788291422324
11.0,0.23301196037504557
11.0,0.23304509160785872
11.0,0.2330782228406719
11.0,0.23311135407348507
11.0,0.23314448530629825
11.0,0.23317761653911143
11.0,0.2332107477719246
11.0,0.23324387900473775
11.0,0.23327701023755093
11.0,0.2333101414703641
11.0,0.23334327270317728
11.0,0.23337640393599046
11.0,0.23340953516880364
11.0,0.23344266640161682
11.0,0.23347579763442997
11.0,0.23350892886724314
11.0,0.23354206010005632
11.0,0.2335751913328695
11.0,0.23360832256568267
11.0,0.23364145379849585
11.0,0.233674585031309
11.0,0.23370771626412218
11.0,0.23374084749693536
11.0,0.23377397872974853
11.0,0.2338071099625617
11.0,0.2338402411953749
11.0,0.23387337242818806
11.0,0.2339065036610012
11.0,0.2339396348938144
11.0,0.23397276612662757
11.0,0.23400589735944075
11.0,0.23403902859225392
11.0,0.2340721598250671
11.0,0.23410529105788028
11.0,0.23413842229069343
11.0,0.2341715535235066
11.0,0.23420468475631978
11.0,0.23423781598913296
11.0,0.23427094722194614
11.0,0.2343040784547593
11.0,0.23433720968757246
11.0,0.23437034092038564
11.0,0.23440347215319882
11.0,0.234436603386012
11.0,0.23446973461882517
11.0,0.23450286585163835
11.0,0.23453599708445153
11.0,0.23456912831726467
11.0,0.23460225955007785
11.0,0.23463539078289103
11.0,0.2346685220157042
11.0,0.23470165324851738
11.0,0.23473478448133056
11.0,0.2347679157141437
11.0,0.2348010469469569
11.0,0.23483417817977006
11.0,0.23486730941258324
11.0,0.23490044064539642
11.0,0.2349335718782096
11.0,0.23496670311102277
11.0,0.23499983434383592
11.0,0.2350329655766491
11.0,0.23506609680946228
11.0,0.23509922804227545
11.0,0.23513235927508863
11.0,0.2351654905079018
11.0,0.23519862174071496
11.0,0.23523175297352814
11.0,0.2352648842063413
11.0,0.2352980154391545
11.0,0.23533114667196767
11.0,0.23536427790478084
11.0,0.23539740913759402
11.0,0.23543054037040717
11.0,0.23546367160322035
11.0,0.23549680283603353
11.0,0.2355299340688467
11.0,0.23556306530165988
11.0,0.23559619653447306
11.0,0.23562932776728623
11.0,0.23566245900009938
11.0,0.23569559023291256
11.0,0.23572872146572574
11.0,0.23576185269853892
11.0,0.2357949839313521
11.0,0.23582811516416527
11.0,0.23586124639697842
11.0,0.2358943776297916
11.0,0.23592750886260477
11.0,0.23596064009541795
11.0,0.23599377132823113
11.0,0.2360269025610443
11.0,0.23606003379385748
11.0,0.23609316502667063
11.0,0.2361262962594838
11.0,0.23615942749229699
11.0,0.23619255872511016
11.0,0.23622568995792334
11.0,0.23625882119073652
11.0,0.23629195242354967
11.0,0.23632508365636284
12.0,0.23635821488917602
12.0,0.2363913461219892
12.0,0.23642447735480238
12.0,0.23645760858761555
12.0,0.23649073982042873
12.0,0.23652387105324188
12.0,0.23655700228605506
12.0,0.23659013351886823
12.0,0.2366232647516814
12.0,0.2366563959844946
12.0,0.23668952721730777
12.0,0.23672265845012092
12.0,0.2367557896829341
12.0,0.23678892091574727
12.0,0.23682205214856045
12.0,0.23685518338137362
12.0,0.2368883146141868
12.0,0.23692144584699998
12.0,0.23695457707981313
12.0,0.2369877083126263
12.0,0.23702083954543948
12.0,0.23705397077825266
12.0,0.23708710201106584
12.0,0.23712023324387901
12.0,0.2371533644766922
12.0,0.23718649570950534
12.0,0.23721962694231852
12.0,0.2372527581751317
12.0,0.23728588940794487
12.0,0.23731902064075805
12.0,0.23735215187357123
12.0,0.23738528310638438
12.0,0.23741841433919755
12.0,0.23745154557201073
12.0,0.2374846768048239
12.0,0.23751780803763708
12.0,0.23755093927045026
12.0,0.23758407050326344
12.0,0.2376172017360766
12.0,0.23765033296888977
12.0,0.23768346420170294
12.0,0.23771659543451612
12.0,0.2377497266673293
12.0,0.23778285790014247
12.0,0.23781598913295562
12.0,0.2378491203657688
12.0,0.23788225159858198
12.0,0.23791538283139516
12.0,0.23794851406420833
12.0,0.2379816452970215
12.0,0.2380147765298347
12.0,0.23804790776264784
12.0,0.23808103899546101
12.0,0.2381141702282742
12.0,0.23814730146108737
12.0,0.23818043269390055
12.0,0.23821356392671372
12.0,0.23824669515952687
12.0,0.23827982639234005
12.0,0.23831295762515323
12.0,0.2383460888579664
12.0,0.23837922009077958
12.0,0.23841235132359276
12.0,0.23844548255640594
12.0,0.23847861378921908
12.0,0.23851174502203226
12.0,0.23854487625484544
12.0,0.23857800748765862
12.0,0.2386111387204718
12.0,0.23864426995328497
12.0,0.23867740118609815
12.0,0.2387105324189113
12.0,0.23874366365172447
12.0,0.23877679488453765
12.0,0.23880992611735083
12.0,0.238843057350164
12.0,0.23887618858297718
12.0,0.23890931981579033
12.0,0.2389424510486035
12.0,0.2389755822814167
12.0,0.23900871351422986
12.0,0.23904184474704304
12.0,0.23907497597985622
12.0,0.2391081072126694
12.0,0.23914123844548255
12.0,0.23917436967829572
12.0,0.2392075009111089
12.0,0.23924063214392208
12.0,0.23927376337673525
12.0,0.23930689460954843
12.0,0.23934002584236158
12.0,0.23937315707517476
12.0,0.23940628830798794
12.0,0.2394394195408011
12.0,0.2394725507736143
12.0,0.23950568200642747
12.0,0.23953881323924064
12.0,0.2395719444720538
12.0,0.23960507570486697
12.0,0.23963820693768015
12.0,0.23967133817049333
12.0,0.2397044694033065
12.0,0.23973760063611968
12.0,0.23977073186893283
12.0,0.239803863101746
12.0,0.23983699433455918
12.0,0.23987012556737236
12.0,0.23990325680018554
12.0,0.23993638803299872
12.0,0.2399695192658119
12.0,0.24000265049862504
12.0,0.24003578173143822
12.0,0.2400689129642514
12.0,0.24010204419706457
12.0,0.24013517542987775
12.0,0.24016830666269093
12.0,0.2402014378955041
12.0,0.24023456912831725
12.0,0.24026770036113043
12.0,0.2403008315939436
12.0,0.2403339628267568
12.0,0.24036709405956996
12.0,0.24040022529238314
12.0,0.2404333565251963
12.0,0.24046648775800947
12.0,0.24049961899082264
12.0,0.24053275022363582
12.0,0.240565881456449
12.0,0.24059901268926218
12.0,0.24063214392207535
12.0,0.2406652751548885
12.0,0.24069840638770168
12.0,0.24073153762051486
12.0,0.24076466885332803
12.0,0.2407978000861412
12.0,0.2408309313189544
12.0,0.24086406255176754
12.0,0.24089719378458072
12.0,0.2409303250173939
13.0,0.24096345625020707
13.0,0.24099658748302025
13.0,0.24102971871583342
13.0,0.2410628499486466
13.0,0.24109598118145975
13.0,0.24112911241427293
13.0,0.2411622436470861
13.0,0.24119537487989928
13.0,0.24122850611271246
13.0,0.24126163734552564
13.0,0.2412947685783388
13.0,0.24132789981115196
13.0,0.24136103104396514
13.0,0.24139416227677832
13.0,0.2414272935095915
13.0,0.24146042474240467
13.0,0.24149355597521785
13.0,0.241526687208031
13.0,0.24155981844084418
13.0,0.24159294967365735
13.0,0.24162608090647053
13.0,0.2416592121392837
13.0,0.24169234337209689
13.0,0.24172547460491006
13.0,0.2417586058377232
13.0,0.2417917370705364
13.0,0.24182486830334957
13.0,0.24185799953616274
13.0,0.24189113076897592
13.0,0.2419242620017891
13.0,0.24195739323460225
13.0,0.24199052446741542
13.0,0.2420236557002286
13.0,0.24205678693304178
13.0,0.24208991816585496
13.0,0.24212304939866813
13.0,0.2421561806314813
13.0,0.24218931186429446
13.0,0.24222244309710764
13.0,0.24225557432992081
13.0,0.242288705562734
13.0,0.24232183679554717
13.0,0.24235496802836035
13.0,0.2423880992611735
13.0,0.24242123049398667
13.0,0.24245436172679985
13.0,0.24248749295961303
13.0,0.2425206241924262
13.0,0.24255375542523938
13.0,0.24258688665805256
13.0,0.2426200178908657
13.0,0.24265314912367889
13.0,0.24268628035649206
13.0,0.24271941158930524
13.0,0.24275254282211842
13.0,0.2427856740549316
13.0,0.24281880528774474
13.0,0.24285193652055792
13.0,0.2428850677533711
13.0,0.24291819898618427
13.0,0.24295133021899745
13.0,0.24298446145181063
13.0,0.2430175926846238
13.0,0.24305072391743696
13.0,0.24308385515025013
13.0,0.2431169863830633
13.0,0.2431501176158765
13.0,0.24318324884868966
13.0,0.24321638008150284
13.0,0.24324951131431602
13.0,0.24328264254712917
13.0,0.24331577377994235
13.0,0.24334890501275552
13.0,0.2433820362455687
13.0,0.24341516747838188
13.0,0.24344829871119505
13.0,0.2434814299440082
13.0,0.24351456117682138
13.0,0.24354769240963456
13.0,0.24358082364244774
13.0,0.2436139548752609
13.0,0.2436470861080741
13.0,0.24368021734088727
13.0,0.24371334857370042
13.0,0.2437464798065136
13.0,0.24377961103932677
13.0,0.24381274227213995
13.0,0.24384587350495313
13.0,0.2438790047377663
13.0,0.24391213597057945
13.0,0.24394526720339263
13.0,0.2439783984362058
13.0,0.24401152966901898
13.0,0.24404466090183216
13.0,0.24407779213464534
13.0,0.24411092336745852
13.0,0.24414405460027166
13.0,0.24417718583308484
13.0,0.24421031706589802
13.0,0.2442434482987112
13.0,0.24427657953152437
13.0,0.24430971076433755
14.0,0.2443428419971507
14.0,0.24437597322996388
14.0,0.24440910446277705
14.0,0.24444223569559023
14.0,0.2444753669284034
14.0,0.2445084981612166
14.0,0.24454162939402976
14.0,0.2445747606268429
14.0,0.2446078918596561
14.0,0.24464102309246927
14.0,0.24467415432528244
14.0,0.24470728555809562
14.0,0.2447404167909088
14.0,0.24477354802372198
14.0,0.24480667925653513
14.0,0.2448398104893483
14.0,0.24487294172216148
14.0,0.24490607295497466
14.0,0.24493920418778783
14.0,0.244972335420601
14.0,0.24500546665341416
14.0,0.24503859788622734
14.0,0.24507172911904052
14.0,0.2451048603518537
14.0,0.24513799158466687
14.0,0.24517112281748005
14.0,0.24520425405029322
14.0,0.24523738528310637
14.0,0.24527051651591955
14.0,0.24530364774873273
14.0,0.2453367789815459
14.0,0.24536991021435908
14.0,0.24540304144717226
14.0,0.2454361726799854
14.0,0.2454693039127986
14.0,0.24550243514561176
14.0,0.24553556637842494
14.0,0.24556869761123812
14.0,0.2456018288440513
14.0,0.24563496007686447
14.0,0.24566809130967762
14.0,0.2457012225424908
14.0,0.24573435377530398
14.0,0.24576748500811715
14.0,0.24580061624093033
14.0,0.2458337474737435
14.0,0.24586687870655666
14.0,0.24590000993936983
14.0,0.245933141172183
14.0,0.2459662724049962
14.0,0.24599940363780937
14.0,0.24603253487062254
14.0,0.24606566610343572
14.0,0.24609879733624887
14.0,0.24613192856906205
14.0,0.24616505980187522
14.0,0.2461981910346884
14.0,0.24623132226750158
14.0,0.24626445350031476
14.0,0.24629758473312793
14.0,0.24633071596594108
14.0,0.24636384719875426
14.0,0.24639697843156744
14.0,0.24643010966438061
14.0,0.2464632408971938
14.0,0.24649637213000697
14.0,0.24652950336282012
14.0,0.2465626345956333
14.0,0.24659576582844647
14.0,0.24662889706125965
14.0,0.24666202829407283
14.0,0.246695159526886
14.0,0.24672829075969918
14.0,0.24676142199251233
14.0,0.2467945532253255
14.0,0.24682768445813869
14.0,0.24686081569095186
14.0,0.24689394692376504
14.0,0.24692707815657822
14.0,0.24696020938939137
14.0,0.24699334062220454
14.0,0.24702647185501772
14.0,0.2470596030878309
14.0,0.24709273432064408
14.0,0.24712586555345725
14.0,0.24715899678627043
14.0,0.24719212801908358
14.0,0.24722525925189676
14.0,0.24725839048470993
14.0,0.2472915217175231
14.0,0.2473246529503363
14.0,0.24735778418314947
14.0,0.24739091541596261
14.0,0.2474240466487758
14.0,0.24745717788158897
14.0,0.24749030911440215
14.0,0.24752344034721532
14.0,0.2475565715800285
14.0,0.24758970281284168
14.0,0.24762283404565483
14.0,0.247655965278468
14.0,0.24768909651128118
14.0,0.24772222774409436
14.0,0.24775535897690754
14.0,0.2477884902097207
14.0,0.2478216214425339
14.0,0.24785475267534704
14.0,0.24788788390816022
14.0,0.2479210151409734
14.0,0.24795414637378657
14.0,0.24798727760659975
14.0,0.24802040883941293
14.0,0.24805354007222608
14.0,0.24808667130503925
14.0,0.24811980253785243
14.0,0.2481529337706656
14.0,0.24818606500347878
14.0,0.24821919623629196
14.0,0.24825232746910514
14.0,0.2482854587019183
14.0,0.24831858993473147
14.0,0.24835172116754464
14.0,0.24838485240035782
14.0,0.248417983633171
14.0,0.24845111486598417
14.0,0.24848424609879732
14.0,0.2485173773316105
14.0,0.24855050856442368
14.0,0.24858363979723685
14.0,0.24861677103005003
14.0,0.2486499022628632
14.0,0.2486830334956764
14.0,0.24871616472848954
14.0,0.2487492959613027
14.0,0.2487824271941159
14.0,0.24881555842692907
14.0,0.24884868965974224
14.0,0.24888182089255542
14.0,0.24891495212536857
14.0,0.24894808335818175
14.0,0.24898121459099493
14.0,0.2490143458238081
14.0,0.24904747705662128
14.0,0.24908060828943446
14.0,0.24911373952224763
14.0,0.24914687075506078
14.0,0.24918000198787396
14.0,0.24921313322068714
14.0,0.24924626445350032
14.0,0.2492793956863135
14.0,0.24931252691912667
15.0,0.24934565815193985
15.0,0.249378789384753
15.0,0.24941192061756617
15.0,0.24944505185037935
15.0,0.24947818308319253
15.0,0.2495113143160057
15.0,0.24954444554881888
15.0,0.24957757678163203
15.0,0.2496107080144452
16.0,0.2496438392472584
16.0,0.24967697048007156
16.0,0.24971010171288474
16.0,0.24974323294569792
16.0,0.2497763641785111
16.0,0.24980949541132424
16.0,0.24984262664413742
16.0,0.2498757578769506
16.0,0.24990888910976378
16.0,0.24994202034257695
16.0,0.24997515157539013
16.0,0.2500082828082033
16.0,0.2500414140410165
16.0,0.25007454527382966
16.0,0.25010767650664284
16.0,0.25014080773945596
16.0,0.25017393897226914
16.0,0.2502070702050823
16.0,0.2502402014378955
16.0,0.25027333267070867
16.0,0.25030646390352185
16.0,0.250339595136335
16.0,0.2503727263691482
16.0,0.2504058576019614
16.0,0.25043898883477456
16.0,0.25047212006758773
16.0,0.2505052513004009
16.0,0.2505383825332141
16.0,0.2505715137660272
16.0,0.2506046449988404
16.0,0.25063777623165356
16.0,0.25067090746446674
16.0,0.2507040386972799
16.0,0.2507371699300931
16.0,0.2507703011629063
16.0,0.25080343239571945
16.0,0.2508365636285326
16.0,0.2508696948613458
16.0,0.250902826094159
16.0,0.25093595732697216
16.0,0.25096908855978534
16.0,0.25100221979259846
16.0,0.25103535102541163
16.0,0.2510684822582248
16.0,0.251101613491038
16.0,0.25113474472385117
16.0,0.25116787595666434
16.0,0.2512010071894775
16.0,0.2512341384222907
16.0,0.2512672696551039
16.0,0.25130040088791705
16.0,0.25133353212073023
16.0,0.2513666633535434
16.0,0.2513997945863566
16.0,0.2514329258191697
16.0,0.2514660570519829
16.0,0.25149918828479606
16.0,0.25153231951760924
16.0,0.2515654507504224
16.0,0.2515985819832356
16.0,0.25163171321604877
16.0,0.25166484444886195
16.0,0.2516979756816751
16.0,0.2517311069144883
16.0,0.2517642381473015
16.0,0.25179736938011466
16.0,0.25183050061292783
16.0,0.25186363184574095
16.0,0.25189676307855413
17.0,0.2519298943113673
17.0,0.2519630255441805
17.0,0.25199615677699366
17.0,0.25202928800980684
17.0,0.25206241924262
17.0,0.2520955504754332
17.0,0.25212868170824637
17.0,0.25216181294105955
17.0,0.2521949441738727
17.0,0.2522280754066859
17.0,0.2522612066394991
17.0,0.2522943378723122
17.0,0.2523274691051254
17.0,0.25236060033793856
17.0,0.25239373157075173
17.0,0.2524268628035649
17.0,0.2524599940363781
17.0,0.25249312526919127
17.0,0.25252625650200444
17.0,0.2525593877348176
17.0,0.2525925189676308
17.0,0.252625650200444
17.0,0.25265878143325715
17.0,0.25269191266607033
17.0,0.25272504389888345
17.0,0.2527581751316966
18.0,0.2527913063645098
18.0,0.252824437597323
18.0,0.25285756883013616
18.0,0.25289070006294934
18.0,0.2529238312957625
18.0,0.2529569625285757
18.0,0.25299009376138887
18.0,0.25302322499420205
19.0,0.2530563562270152
19.0,0.2530894874598284
19.0,0.2531226186926416
19.0,0.25315574992545475
19.0,0.2531888811582679
19.0,0.25322201239108105
19.0,0.25325514362389423
19.0,0.2532882748567074
19.0,0.2533214060895206
19.0,0.25335453732233376
19.0,0.25338766855514694
19.0,0.2534207997879601
19.0,0.2534539310207733
19.0,0.25348706225358647
19.0,0.25352019348639965
19.0,0.2535533247192128
20.0,0.253586455952026
20.0,0.2536195871848391
20.0,0.2536527184176523
20.0,0.2536858496504655
20.0,0.25371898088327866
20.0,0.25375211211609183
20.0,0.253785243348905
20.0,0.2538183745817182
20.0,0.25385150581453136
20.0,0.25388463704734454
20.0,0.2539177682801577
20.0,0.2539508995129709
20.0,0.2539840307457841
20.0,0.25401716197859725
21.0,0.25405029321141037
21.0,0.25408342444422355
21.0,0.2541165556770367
22.0,0.2541496869098499
22.0,0.2541828181426631
23.0,0.25421594937547626
24.0,0.25424908060828944
24.0,0.2542822118411026
24.0,0.2543153430739158
24.0,0.25434847430672897
25.0,0.25438160553954214
25.0,0.2544147367723553
25.0,0.2544478680051685
26.0,0.2544809992379816
27.0,0.2545141304707948
27.0,0.254547261703608
28.0,0.25458039293642115
28.0,0.25461352416923433
28.0,0.2546466554020475
30.0,0.2546797866348607
30.0,0.25471291786767386
32.0,0.25474604910048704
32.0,0.2547791803333002
32.0,0.2548123115661134
33.0,0.25484544279892657
36.0,0.25487857403173975
39.0,0.25491170526455287
39.0,0.25494483649736605
40.0,0.2549779677301792
44.0,0.2550110989629924
48.0,0.2550442301958056
48.0,0.25507736142861875
48.0,0.25511049266143193
48.0,0.2551436238942451
51.0,0.2551767551270583
51.0,0.25520988635987146
52.0,0.25524301759268464
55.0,0.2552761488254978
56.0,0.255309280058311
61.0,0.2553424112911241
62.0,0.2553755425239373
62.0,0.25540867375675047
67.0,0.25544180498956365
70.0,0.2554749362223768
72.0,0.25550806745519
76.0,0.2555411986880032
84.0,0.25557432992081636
102.0,0.25560746115362953
102.0,0.2556405923864427
110.0,0.2556737236192559
120.0,0.25570685485206907
124.0,0.25573998608488224
187.0,0.25577311731769536
188.0,0.25580624855050854
211.0,0.2558393797833217
254.0,0.2558725110161349
340.0,0.2559056422489481
420.0,0.25593877348176125
467.0,0.2559719047145744
505.0,0.2560050359473876
506.0,0.2560381671802008
511.0,0.25607129841301396
512.0,0.25610442964582714
512.0,0.2561375608786403
512.0,0.2561706921114535
512.0,0.2562038233442666
512.0,0.2562369545770798
512.0,0.25627008580989297
512.0,0.25630321704270614
512.0,0.2563363482755193
512.0,0.2563694795083325
512.0,0.2564026107411457
512.0,0.25643574197395885
512.0,0.25646887320677203
512.0,0.2565020044395852
512.0,0.2565351356723984
512.0,0.25656826690521156
512.0,0.25660139813802474
512.0,0.2566345293708379
512.0,0.25666766060365104
512.0,0.2567007918364642
512.0,0.2567339230692774
512.0,0.25676705430209057
512.0,0.25680018553490375
512.0,0.2568333167677169
512.0,0.2568664480005301
512.0,0.2568995792333433
512.0,0.25693271046615646
512.0,0.25696584169896963
512.0,0.2569989729317828
512.0,0.257032104164596
512.0,0.25706523539740916
512.0,0.2570983666302223
512.0,0.25713149786303546
512.0,0.25716462909584864
512.0,0.2571977603286618
512.0,0.257230891561475
512.0,0.25726402279428817
512.0,0.25729715402710135
512.0,0.2573302852599145
512.0,0.2573634164927277
512.0,0.2573965477255409
512.0,0.25742967895835406
512.0,0.25746281019116724
512.0,0.2574959414239804
512.0,0.25752907265679353
512.0,0.2575622038896067
512.0,0.2575953351224199
512.0,0.25762846635523307
512.0,0.25766159758804624
512.0,0.2576947288208594
512.0,0.2577278600536726
512.0,0.2577609912864858
512.0,0.25779412251929895
512.0,0.25782725375211213
512.0,0.2578603849849253
512.0,0.2578935162177385
512.0,0.25792664745055166
512.0,0.2579597786833648
512.0,0.25799290991617796
512.0,0.25802604114899114
512.0,0.2580591723818043
512.0,0.2580923036146175
512.0,0.25812543484743067
512.0,0.25815856608024385
512.0,0.258191697313057
512.0,0.2582248285458702
512.0,0.2582579597786834
512.0,0.25829109101149655
512.0,0.25832422224430973
512.0,0.2583573534771229
512.0,0.25839048470993603
512.0,0.2584236159427492
512.0,0.2584567471755624
512.0,0.25848987840837556
512.0,0.25852300964118874
512.0,0.2585561408740019
512.0,0.2585892721068151
512.0,0.25862240333962827
512.0,0.25865553457244145
512.0,0.2586886658052546
512.0,0.2587217970380678
512.0,0.258754928270881
512.0,0.25878805950369416
512.0,0.2588211907365073
512.0,0.25885432196932046
512.0,0.25888745320213363
512.0,0.2589205844349468
512.0,0.25895371566776
512.0,0.25898684690057316
512.0,0.25901997813338634
512.0,0.2590531093661995
512.0,0.2590862405990127
512.0,0.2591193718318259
512.0,0.25915250306463905
512.0,0.2591856342974522
512.0,0.2592187655302654
512.0,0.2592518967630785
512.0,0.2592850279958917
512.0,0.2593181592287049
512.0,0.25935129046151806
512.0,0.25938442169433124
512.0,0.2594175529271444
512.0,0.2594506841599576
512.0,0.25948381539277077
512.0,0.25951694662558394
512.0,0.2595500778583971
512.0,0.2595832090912103
512.0,0.2596163403240235
512.0,0.25964947155683665
512.0,0.25968260278964983
512.0,0.25971573402246295
512.0,0.25974886525527613
512.0,0.2597819964880893
512.0,0.2598151277209025
512.0,0.25984825895371566
512.0,0.25988139018652884
512.0,0.259914521419342
512.0,0.2599476526521552
512.0,0.25998078388496837
512.0,0.26001391511778155
512.0,0.2600470463505947
512.0,0.2600801775834079
512.0,0.2601133088162211
512.0,0.2601464400490342
512.0,0.2601795712818474
512.0,0.26021270251466055
512.0,0.26024583374747373
512.0,0.2602789649802869
512.0,0.2603120962131001
512.0,0.26034522744591326
512.0,0.26037835867872644
512.0,0.2604114899115396
512.0,0.2604446211443528
512.0,0.26047775237716597
512.0,0.26051088360997915
512.0,0.2605440148427923
512.0,0.26057714607560545
512.0,0.2606102773084186
512.0,0.2606434085412318
512.0,0.260676539774045
512.0,0.26070967100685816
512.0,0.26074280223967133
512.0,0.2607759334724845
512.0,0.2608090647052977
512.0,0.26084219593811087
512.0,0.26087532717092404
512.0,0.2609084584037372
512.0,0.2609415896365504
512.0,0.2609747208693636
512.0,0.2610078521021767
512.0,0.2610409833349899
512.0,0.26107411456780305
512.0,0.26110724580061623
512.0,0.2611403770334294
512.0,0.2611735082662426
512.0,0.26120663949905576
512.0,0.26123977073186894
512.0,0.2612729019646821
512.0,0.2613060331974953
512.0,0.26133916443030847
512.0,0.26137229566312165
512.0,0.2614054268959348
512.0,0.26143855812874794
512.0,0.2614716893615611
512.0,0.2615048205943743
512.0,0.2615379518271875
512.0,0.26157108306000065
512.0,0.26160421429281383
512.0,0.261637345525627
512.0,0.2616704767584402
512.0,0.26170360799125336
512.0,0.26173673922406654
512.0,0.2617698704568797
512.0,0.2618030016896929
512.0,0.26183613292250607
512.0,0.2618692641553192
512.0,0.26190239538813237
512.0,0.26193552662094555
512.0,0.2619686578537587
512.0,0.2620017890865719
512.0,0.2620349203193851
512.0,0.26206805155219826
512.0,0.26210118278501143
512.0,0.2621343140178246
512.0,0.2621674452506378
512.0,0.26220057648345096
512.0,0.26223370771626414
512.0,0.2622668389490773
512.0,0.26229997018189044
512.0,0.2623331014147036
512.0,0.2623662326475168
512.0,0.26239936388032997
512.0,0.26243249511314315
512.0,0.2624656263459563
512.0,0.2624987575787695
512.0,0.2625318888115827
512.0,0.26256502004439586
512.0,0.26259815127720904
512.0,0.2626312825100222
512.0,0.2626644137428354
512.0,0.26269754497564857
512.0,0.26273067620846174
512.0,0.26276380744127487
512.0,0.26279693867408804
512.0,0.2628300699069012
512.0,0.2628632011397144
512.0,0.2628963323725276
512.0,0.26292946360534075
512.0,0.26296259483815393
512.0,0.2629957260709671
512.0,0.2630288573037803
512.0,0.26306198853659346
512.0,0.26309511976940664
512.0,0.2631282510022198
512.0,0.263161382235033
512.0,0.2631945134678461
512.0,0.2632276447006593
512.0,0.26326077593347247
512.0,0.26329390716628565
512.0,0.2633270383990988
512.0,0.263360169631912
512.0,0.2633933008647252
512.0,0.26342643209753835
512.0,0.26345956333035153
512.0,0.2634926945631647
512.0,0.2635258257959779
512.0,0.26355895702879106
512.0,0.26359208826160424
512.0,0.26362521949441736
512.0,0.26365835072723054
512.0,0.2636914819600437
512.0,0.2637246131928569
512.0,0.26375774442567007
512.0,0.26379087565848325
512.0,0.2638240068912964
512.0,0.2638571381241096
512.0,0.2638902693569228
512.0,0.26392340058973596
512.0,0.26395653182254913
512.0,0.2639896630553623
512.0,0.2640227942881755
512.0,0.2640559255209886
512.0,0.2640890567538018
512.0,0.26412218798661496
512.0,0.26415531921942814
512.0,0.2641884504522413
512.0,0.2642215816850545
512.0,0.2642547129178677
512.0,0.26428784415068085
512.0,0.26432097538349403
512.0,0.2643541066163072
512.0,0.2643872378491204
512.0,0.26442036908193356
512.0,0.26445350031474674
512.0,0.26448663154755986
512.0,0.26451976278037304
512.0,0.2645528940131862
512.0,0.2645860252459994
512.0,0.26461915647881257
512.0,0.26465228771162574
512.0,0.2646854189444389
512.0,0.2647185501772521
512.0,0.2647516814100653
512.0,0.26478481264287845
512.0,0.26481794387569163
512.0,0.2648510751085048
512.0,0.264884206341318
512.0,0.2649173375741311
512.0,0.2649504688069443
512.0,0.26498360003975746
512.0,0.26501673127257064
512.0,0.2650498625053838
512.0,0.265082993738197
512.0,0.26511612497101017
512.0,0.26514925620382335
512.0,0.2651823874366365
512.0,0.2652155186694497
512.0,0.2652486499022629
512.0,0.26528178113507606
512.0,0.26531491236788923
512.0,0.26534804360070235
512.0,0.26538117483351553
512.0,0.2654143060663287
512.0,0.2654474372991419
512.0,0.26548056853195506
512.0,0.26551369976476824
512.0,0.2655468309975814
512.0,0.2655799622303946
512.0,0.2656130934632078
512.0,0.26564622469602095
512.0,0.2656793559288341
512.0,0.2657124871616473
512.0,0.2657456183944605
512.0,0.26577874962727366
512.0,0.2658118808600868
512.0,0.26584501209289996
512.0,0.26587814332571313
512.0,0.2659112745585263
512.0,0.2659444057913395
512.0,0.26597753702415267
512.0,0.26601066825696584
512.0,0.266043799489779
512.0,0.2660769307225922
512.0,0.2661100619554054
512.0,0.26614319318821855
512.0,0.26617632442103173
512.0,0.2662094556538449
512.0,0.26624258688665803
512.0,0.2662757181194712
512.0,0.2663088493522844
512.0,0.26634198058509756
512.0,0.26637511181791074
512.0,0.2664082430507239
512.0,0.2664413742835371
512.0,0.26647450551635027
512.0,0.26650763674916345
512.0,0.2665407679819766
512.0,0.2665738992147898
512.0,0.266607030447603
512.0,0.26664016168041615
512.0,0.2666732929132293
512.0,0.26670642414604245
512.0,0.26673955537885563
512.0,0.2667726866116688
512.0,0.266805817844482
512.0,0.26683894907729516
512.0,0.26687208031010834
512.0,0.2669052115429215
512.0,0.2669383427757347
512.0,0.26697147400854787
512.0,0.26700460524136105
512.0,0.2670377364741742
512.0,0.2670708677069874
512.0,0.2671039989398005
512.0,0.2671371301726137
512.0,0.2671702614054269
512.0,0.26720339263824006
512.0,0.26723652387105323
512.0,0.2672696551038664
512.0,0.2673027863366796
512.0,0.26733591756949276
512.0,0.26736904880230594
512.0,0.2674021800351191
512.0,0.2674353112679323
512.0,0.2674684425007455
512.0,0.26750157373355865
512.0,0.2675347049663718
512.0,0.26756783619918495
512.0,0.2676009674319981
512.0,0.2676340986648113
512.0,0.2676672298976245
512.0,0.26770036113043766
512.0,0.26773349236325084
512.0,0.267766623596064
512.0,0.2677997548288772
512.0,0.26783288606169037
512.0,0.26786601729450354
512.0,0.2678991485273167
512.0,0.2679322797601299
512.0,0.267965410992943
512.0,0.2679985422257562
512.0,0.2680316734585694
512.0,0.26806480469138255
512.0,0.26809793592419573
512.0,0.2681310671570089
512.0,0.2681641983898221
512.0,0.26819732962263526
512.0,0.26823046085544844
512.0,0.2682635920882616
512.0,0.2682967233210748
512.0,0.26832985455388797
512.0,0.26836298578670115
512.0,0.26839611701951427
512.0,0.26842924825232745
512.0,0.2684623794851406
512.0,0.2684955107179538
512.0,0.268528641950767
512.0,0.26856177318358015
512.0,0.26859490441639333
512.0,0.2686280356492065
512.0,0.2686611668820197
512.0,0.26869429811483286
512.0,0.26872742934764604
512.0,0.2687605605804592
512.0,0.2687936918132724
512.0,0.2688268230460856
512.0,0.2688599542788987
512.0,0.26889308551171187
512.0,0.26892621674452505
512.0,0.2689593479773382
512.0,0.2689924792101514
512.0,0.2690256104429646
512.0,0.26905874167577776
512.0,0.26909187290859093
512.0,0.2691250041414041
512.0,0.2691581353742173
512.0,0.26919126660703047
512.0,0.26922439783984364
512.0,0.2692575290726568
512.0,0.26929066030546994
512.0,0.2693237915382831
512.0,0.2693569227710963
512.0,0.2693900540039095
512.0,0.26942318523672265
512.0,0.26945631646953583
512.0,0.269489447702349
512.0,0.2695225789351622
512.0,0.26955571016797536
512.0,0.26958884140078854
512.0,0.2696219726336017
512.0,0.2696551038664149
512.0,0.26968823509922807
512.0,0.2697213663320412
512.0,0.26975449756485437
512.0,0.26978762879766754
512.0,0.2698207600304807
512.0,0.2698538912632939
512.0,0.2698870224961071
512.0,0.26992015372892025
512.0,0.26995328496173343
512.0,0.2699864161945466
512.0,0.2700195474273598
512.0,0.27005267866017296
512.0,0.27008580989298614
512.0,0.2701189411257993
512.0,0.27015207235861244
512.0,0.2701852035914256
512.0,0.2702183348242388
512.0,0.27025146605705197
512.0,0.27028459728986515
512.0,0.2703177285226783
512.0,0.2703508597554915
512.0,0.2703839909883047
512.0,0.27041712222111786
512.0,0.27045025345393103
512.0,0.2704833846867442
512.0,0.2705165159195574
512.0,0.27054964715237056
512.0,0.2705827783851837
512.0,0.27061590961799686
512.0,0.27064904085081004
512.0,0.2706821720836232
512.0,0.2707153033164364
512.0,0.2707484345492496
512.0,0.27078156578206275
512.0,0.2708146970148759
512.0,0.2708478282476891
512.0,0.2708809594805023
512.0,0.27091409071331546
512.0,0.27094722194612864
512.0,0.2709803531789418
512.0,0.27101348441175493
512.0,0.2710466156445681
512.0,0.2710797468773813
512.0,0.27111287811019447
512.0,0.27114600934300764
512.0,0.2711791405758208
512.0,0.271212271808634
512.0,0.2712454030414472
512.0,0.27127853427426035
512.0,0.27131166550707353
512.0,0.2713447967398867
512.0,0.2713779279726999
512.0,0.27141105920551306
512.0,0.2714441904383262
512.0,0.27147732167113936
512.0,0.27151045290395254
512.0,0.2715435841367657
512.0,0.2715767153695789
512.0,0.27160984660239207
512.0,0.27164297783520525
512.0,0.2716761090680184
512.0,0.2717092403008316
512.0,0.2717423715336448
512.0,0.27177550276645795
512.0,0.27180863399927113
512.0,0.2718417652320843
512.0,0.2718748964648975
512.0,0.2719080276977106
512.0,0.2719411589305238
512.0,0.27197429016333696
512.0,0.27200742139615014
512.0,0.2720405526289633
512.0,0.2720736838617765
512.0,0.27210681509458967
512.0,0.27213994632740285
512.0,0.272173077560216
512.0,0.2722062087930292
512.0,0.2722393400258424
512.0,0.27227247125865556
512.0,0.27230560249146873
512.0,0.27233873372428186
512.0,0.27237186495709503
512.0,0.2724049961899082
512.0,0.2724381274227214
512.0,0.27247125865553457
512.0,0.27250438988834774
512.0,0.2725375211211609
512.0,0.2725706523539741
512.0,0.2726037835867873
512.0,0.27263691481960045
512.0,0.27267004605241363
512.0,0.2727031772852268
512.0,0.27273630851804
512.0,0.2727694397508531
512.0,0.2728025709836663
512.0,0.27283570221647946
512.0,0.27286883344929264
512.0,0.2729019646821058
512.0,0.272935095914919
512.0,0.27296822714773217
512.0,0.27300135838054534
512.0,0.2730344896133585
512.0,0.2730676208461717
512.0,0.2731007520789849
512.0,0.27313388331179805
512.0,0.27316701454461123
512.0,0.27320014577742435
512.0,0.27323327701023753
512.0,0.2732664082430507
512.0,0.2732995394758639
512.0,0.27333267070867706
512.0,0.27336580194149024
512.0,0.2733989331743034
512.0,0.2734320644071166
512.0,0.27346519563992977
512.0,0.27349832687274295
512.0,0.2735314581055561
512.0,0.2735645893383693
512.0,0.2735977205711825
512.0,0.2736308518039956
512.0,0.2736639830368088
512.0,0.27369711426962195
512.0,0.27373024550243513
512.0,0.2737633767352483
512.0,0.2737965079680615
512.0,0.27382963920087466
512.0,0.27386277043368784
512.0,0.273895901666501
512.0,0.2739290328993142
512.0,0.2739621641321274
512.0,0.27399529536494055
512.0,0.2740284265977537
512.0,0.27406155783056685
512.0,0.27409468906338
512.0,0.2741278202961932
512.0,0.2741609515290064
512.0,0.27419408276181956
512.0,0.27422721399463273
512.0,0.2742603452274459
512.0,0.2742934764602591
512.0,0.27432660769307227
512.0,0.27435973892588544
512.0,0.2743928701586986
512.0,0.2744260013915118
512.0,0.274459132624325
512.0,0.2744922638571381
512.0,0.2745253950899513
512.0,0.27455852632276445
512.0,0.27459165755557763
512.0,0.2746247887883908
512.0,0.274657920021204
512.0,0.27469105125401716
512.0,0.27472418248683034
512.0,0.2747573137196435
512.0,0.2747904449524567
512.0,0.27482357618526987
512.0,0.27485670741808305
512.0,0.2748898386508962
512.0,0.2749229698837094
512.0,0.2749561011165225
512.0,0.2749892323493357
512.0,0.2750223635821489
512.0,0.27505549481496205
512.0,0.27508862604777523
512.0,0.2751217572805884
512.0,0.2751548885134016
512.0,0.27518801974621476
512.0,0.27522115097902794
512.0,0.2752542822118411
512.0,0.2752874134446543
512.0,0.27532054467746747
512.0,0.27535367591028065
512.0,0.27538680714309377
512.0,0.27541993837590695
512.0,0.2754530696087201
512.0,0.2754862008415333
512.0,0.2755193320743465
512.0,0.27555246330715966
512.0,0.27558559453997283
512.0,0.275618725772786
512.0,0.2756518570055992
512.0,0.27568498823841237
512.0,0.27571811947122554
512.0,0.2757512507040387
512.0,0.2757843819368519
512.0,0.275817513169665
512.0,0.2758506444024782
512.0,0.2758837756352914
512.0,0.27591690686810455
512.0,0.2759500381009177
512.0,0.2759831693337309
512.0,0.2760163005665441
512.0,0.27604943179935726
512.0,0.27608256303217044
512.0,0.2761156942649836
512.0,0.2761488254977968
512.0,0.27618195673060997
512.0,0.27621508796342314
512.0,0.27624821919623627
512.0,0.27628135042904944
512.0,0.2763144816618626
512.0,0.2763476128946758
512.0,0.276380744127489
512.0,0.27641387536030215
512.0,0.27644700659311533
512.0,0.2764801378259285
512.0,0.2765132690587417
512.0,0.27654640029155486
512.0,0.27657953152436804
512.0,0.2766126627571812
512.0,0.2766457939899944
512.0,0.2766789252228075
512.0,0.2767120564556207
512.0,0.27674518768843387
512.0,0.27677831892124705
512.0,0.2768114501540602
512.0,0.2768445813868734
512.0,0.2768777126196866
512.0,0.27691084385249976
512.0,0.27694397508531293
512.0,0.2769771063181261
512.0,0.2770102375509393
512.0,0.27704336878375246
512.0,0.27707650001656564
512.0,0.27710963124937876
512.0,0.27714276248219194
512.0,0.2771758937150051
512.0,0.2772090249478183
512.0,0.27724215618063147
512.0,0.27727528741344465
512.0,0.2773084186462578
512.0,0.277341549879071
512.0,0.2773746811118842
512.0,0.27740781234469736
512.0,0.27744094357751053
512.0,0.2774740748103237
512.0,0.2775072060431369
512.0,0.27754033727595
512.0,0.2775734685087632
512.0,0.27760659974157637
512.0,0.27763973097438954
512.0,0.2776728622072027
512.0,0.2777059934400159
512.0,0.2777391246728291
512.0,0.27777225590564225
512.0,0.27780538713845543
512.0,0.2778385183712686
512.0,0.2778716496040818
512.0,0.27790478083689496
512.0,0.27793791206970814
512.0,0.2779710433025213
512.0,0.27800417453533444
512.0,0.2780373057681476
512.0,0.2780704370009608
512.0,0.27810356823377397
512.0,0.27813669946658715
512.0,0.2781698306994003
512.0,0.2782029619322135
512.0,0.2782360931650267
512.0,0.27826922439783985
512.0,0.27830235563065303
512.0,0.2783354868634662
512.0,0.2783686180962794
512.0,0.27840174932909256
512.0,0.2784348805619057
512.0,0.27846801179471886
512.0,0.27850114302753204
512.0,0.2785342742603452
512.0,0.2785674054931584
512.0,0.27860053672597157
512.0,0.27863366795878475
512.0,0.2786667991915979
512.0,0.2786999304244111
512.0,0.2787330616572243
512.0,0.27876619289003746
512.0,0.27879932412285063
512.0,0.2788324553556638
512.0,0.27886558658847693
512.0,0.2788987178212901
512.0,0.2789318490541033
512.0,0.27896498028691646
512.0,0.27899811151972964
512.0,0.2790312427525428
512.0,0.279064373985356
512.0,0.2790975052181692
512.0,0.27913063645098235
512.0,0.2791637676837955
512.0,0.2791968989166087
512.0,0.2792300301494219
512.0,0.27926316138223506
512.0,0.2792962926150482
512.0,0.27932942384786136
512.0,0.27936255508067454
512.0,0.2793956863134877
512.0,0.2794288175463009
512.0,0.27946194877911407
512.0,0.27949508001192724
512.0,0.2795282112447404
512.0,0.2795613424775536
512.0,0.2795944737103668
512.0,0.27962760494317995
512.0,0.27966073617599313
512.0,0.2796938674088063
512.0,0.27972699864161943
512.0,0.2797601298744326
512.0,0.2797932611072458
512.0,0.27982639234005896
512.0,0.27985952357287214
512.0,0.2798926548056853
512.0,0.2799257860384985
512.0,0.27995891727131167
512.0,0.27999204850412485
512.0,0.280025179736938
512.0,0.2800583109697512
512.0,0.2800914422025644
512.0,0.28012457343537756
512.0,0.2801577046681907
512.0,0.28019083590100385
512.0,0.28022396713381703
512.0,0.2802570983666302
512.0,0.2802902295994434
512.0,0.28032336083225656
512.0,0.28035649206506974
512.0,0.2803896232978829
512.0,0.2804227545306961
512.0,0.28045588576350927
512.0,0.28048901699632245
512.0,0.2805221482291356
512.0,0.2805552794619488
512.0,0.2805884106947619
512.0,0.2806215419275751
512.0,0.2806546731603883
512.0,0.28068780439320146
512.0,0.28072093562601463
512.0,0.2807540668588278
512.0,0.280787198091641
512.0,0.28082032932445417
512.0,0.28085346055726734
512.0,0.2808865917900805
512.0,0.2809197230228937
512.0,0.2809528542557069
512.0,0.28098598548852005
512.0,0.2810191167213332
512.0,0.28105224795414635
512.0,0.2810853791869595
512.0,0.2811185104197727
512.0,0.2811516416525859
512.0,0.28118477288539906
512.0,0.28121790411821224
512.0,0.2812510353510254
512.0,0.2812841665838386
512.0,0.28131729781665177
512.0,0.28135042904946495
512.0,0.2813835602822781
512.0,0.2814166915150913
512.0,0.2814498227479045
512.0,0.2814829539807176
512.0,0.2815160852135308
512.0,0.28154921644634395
512.0,0.28158234767915713
512.0,0.2816154789119703
512.0,0.2816486101447835
512.0,0.28168174137759666
512.0,0.28171487261040984
512.0,0.281748003843223
512.0,0.2817811350760362
512.0,0.28181426630884937
512.0,0.28184739754166255
512.0,0.2818805287744757
512.0,0.28191366000728885
512.0,0.281946791240102
512.0,0.2819799224729152
512.0,0.2820130537057284
512.0,0.28204618493854156
512.0,0.28207931617135473
512.0,0.2821124474041679
512.0,0.2821455786369811
512.0,0.28217870986979426
512.0,0.28221184110260744
512.0,0.2822449723354206
512.0,0.2822781035682338
512.0,0.282311234801047
512.0,0.2823443660338601
512.0,0.28237749726667327
512.0,0.28241062849948645
512.0,0.2824437597322996
512.0,0.2824768909651128
512.0,0.282510022197926
512.0,0.28254315343073916
512.0,0.28257628466355234
512.0,0.2826094158963655
512.0,0.2826425471291787
512.0,0.28267567836199187
512.0,0.28270880959480504
512.0,0.2827419408276182
512.0,0.28277507206043134
512.0,0.2828082032932445
512.0,0.2828413345260577
512.0,0.2828744657588709
512.0,0.28290759699168405
512.0,0.28294072822449723
512.0,0.2829738594573104
512.0,0.2830069906901236
512.0,0.28304012192293676
512.0,0.28307325315574994
512.0,0.2831063843885631
512.0,0.2831395156213763
512.0,0.28317264685418947
512.0,0.2832057780870026
512.0,0.28323890931981577
512.0,0.28327204055262895
512.0,0.2833051717854421
512.0,0.2833383030182553
512.0,0.2833714342510685
512.0,0.28340456548388165
512.0,0.28343769671669483
512.0,0.283470827949508
512.0,0.2835039591823212
512.0,0.28353709041513436
512.0,0.28357022164794754
512.0,0.2836033528807607
512.0,0.28363648411357384
512.0,0.283669615346387
512.0,0.2837027465792002
512.0,0.28373587781201337
512.0,0.28376900904482655
512.0,0.2838021402776397
512.0,0.2838352715104529
512.0,0.2838684027432661
512.0,0.28390153397607926
512.0,0.28393466520889243
512.0,0.2839677964417056
512.0,0.2840009276745188
512.0,0.28403405890733197
512.0,0.2840671901401451
512.0,0.28410032137295826
512.0,0.28413345260577144
512.0,0.2841665838385846
512.0,0.2841997150713978
512.0,0.284232846304211
512.0,0.28426597753702415
512.0,0.2842991087698373
512.0,0.2843322400026505
512.0,0.2843653712354637
512.0,0.28439850246827686
512.0,0.28443163370109004
512.0,0.2844647649339032
512.0,0.2844978961667164
512.0,0.2845310273995295
512.0,0.2845641586323427
512.0,0.28459728986515587
512.0,0.28463042109796904
512.0,0.2846635523307822
512.0,0.2846966835635954
512.0,0.2847298147964086
512.0,0.28476294602922175
512.0,0.28479607726203493
512.0,0.2848292084948481
512.0,0.2848623397276613
512.0,0.28489547096047446
512.0,0.28492860219328764
512.0,0.28496173342610076
512.0,0.28499486465891394
512.0,0.2850279958917271
512.0,0.2850611271245403
512.0,0.28509425835735347
512.0,0.28512738959016665
512.0,0.2851605208229798
512.0,0.285193652055793
512.0,0.2852267832886062
512.0,0.28525991452141936
512.0,0.28529304575423253
512.0,0.2853261769870457
512.0,0.2853593082198589
512.0,0.285392439452672
512.0,0.2854255706854852
512.0,0.28545870191829836
512.0,0.28549183315111154
512.0,0.2855249643839247
512.0,0.2855580956167379
512.0,0.28559122684955107
512.0,0.28562435808236425
512.0,0.2856574893151774
512.0,0.2856906205479906
512.0,0.2857237517808038
512.0,0.28575688301361696
512.0,0.28579001424643014
512.0,0.28582314547924326
512.0,0.28585627671205643
512.0,0.2858894079448696
512.0,0.2859225391776828
512.0,0.28595567041049597
512.0,0.28598880164330914
512.0,0.2860219328761223
512.0,0.2860550641089355
512.0,0.2860881953417487
512.0,0.28612132657456185
512.0,0.28615445780737503
512.0,0.2861875890401882
512.0,0.2862207202730014
512.0,0.2862538515058145
512.0,0.2862869827386277
512.0,0.28632011397144086
512.0,0.28635324520425404
512.0,0.2863863764370672
512.0,0.2864195076698804
512.0,0.28645263890269357
512.0,0.28648577013550675
512.0,0.2865189013683199
512.0,0.2865520326011331
512.0,0.2865851638339463
512.0,0.28661829506675945
512.0,0.28665142629957263
512.0,0.28668455753238575
512.0,0.28671768876519893
512.0,0.2867508199980121
512.0,0.2867839512308253
512.0,0.28681708246363846
512.0,0.28685021369645164
512.0,0.2868833449292648
512.0,0.286916476162078
512.0,0.28694960739489117
512.0,0.28698273862770435
512.0,0.2870158698605175
512.0,0.2870490010933307
512.0,0.2870821323261439
512.0,0.287115263558957
512.0,0.2871483947917702
512.0,0.28718152602458336
512.0,0.28721465725739653
512.0,0.2872477884902097
512.0,0.2872809197230229
512.0,0.28731405095583606
512.0,0.28734718218864924
512.0,0.2873803134214624
512.0,0.2874134446542756
512.0,0.2874465758870888
512.0,0.28747970711990195
512.0,0.2875128383527151
512.0,0.2875459695855283
512.0,0.2875791008183414
512.0,0.2876122320511546
512.0,0.2876453632839678
512.0,0.28767849451678096
512.0,0.28771162574959414
512.0,0.2877447569824073
512.0,0.2877778882152205
512.0,0.28781101944803367
512.0,0.28784415068084684
512.0,0.28787728191366
512.0,0.2879104131464732
512.0,0.2879435443792864
512.0,0.28797667561209955
512.0,0.2880098068449127
512.0,0.28804293807772585
512.0,0.28807606931053903
512.0,0.2881092005433522
512.0,0.2881423317761654
512.0,0.28817546300897856
512.0,0.28820859424179174
512.0,0.2882417254746049
512.0,0.2882748567074181
512.0,0.28830798794023127
512.0,0.28834111917304445
512.0,0.2883742504058576
512.0,0.2884073816386708
512.0,0.2884405128714839
512.0,0.2884736441042971
512.0,0.2885067753371103
512.0,0.28853990656992345
512.0,0.28857303780273663
512.0,0.2886061690355498
512.0,0.288639300268363
512.0,0.28867243150117616
512.0,0.28870556273398934
512.0,0.2887386939668025
512.0,0.2887718251996157
512.0,0.28880495643242887
512.0,0.28883808766524205
512.0,0.28887121889805517
512.0,0.28890435013086835
512.0,0.2889374813636815
512.0,0.2889706125964947
512.0,0.2890037438293079
512.0,0.28903687506212106
512.0,0.28907000629493423
512.0,0.2891031375277474
512.0,0.2891362687605606
512.0,0.28916939999337377
512.0,0.28920253122618694
512.0,0.2892356624590001
512.0,0.2892687936918133
512.0,0.2893019249246264
512.0,0.2893350561574396
512.0,0.2893681873902528
512.0,0.28940131862306595
512.0,0.28943444985587913
512.0,0.2894675810886923
512.0,0.2895007123215055
512.0,0.28953384355431866
512.0,0.28956697478713184
512.0,0.289600106019945
512.0,0.2896332372527582
512.0,0.28966636848557137
512.0,0.28969949971838455
512.0,0.28973263095119767
512.0,0.28976576218401084
512.0,0.289798893416824
512.0,0.2898320246496372
512.0,0.2898651558824504
512.0,0.28989828711526355
512.0,0.28993141834807673
512.0,0.2899645495808899
512.0,0.2899976808137031
512.0,0.29003081204651626
512.0,0.29006394327932944
512.0,0.2900970745121426
512.0,0.2901302057449558
512.0,0.2901633369777689
512.0,0.2901964682105821
512.0,0.29022959944339527
512.0,0.29026273067620845
512.0,0.2902958619090216
512.0,0.2903289931418348
512.0,0.290362124374648
512.0,0.29039525560746116
512.0,0.29042838684027433
512.0,0.2904615180730875
512.0,0.2904946493059007
512.0,0.29052778053871386
512.0,0.29056091177152704
512.0,0.2905940430043402
512.0,0.29062717423715334
512.0,0.2906603054699665
512.0,0.2906934367027797
512.0,0.2907265679355929
512.0,0.29075969916840605
512.0,0.2907928304012192
512.0,0.2908259616340324
512.0,0.2908590928668456
512.0,0.29089222409965876
512.0,0.29092535533247194
512.0,0.2909584865652851
512.0,0.2909916177980983
512.0,0.29102474903091147
512.0,0.2910578802637246
512.0,0.29109101149653777
512.0,0.29112414272935094
512.0,0.2911572739621641
512.0,0.2911904051949773
512.0,0.2912235364277905
512.0,0.29125666766060365
512.0,0.29128979889341683
512.0,0.29132293012623
512.0,0.2913560613590432
512.0,0.29138919259185636
512.0,0.29142232382466954
512.0,0.2914554550574827
512.0,0.29148858629029584
512.0,0.291521717523109
512.0,0.2915548487559222
512.0,0.29158797998873537
512.0,0.29162111122154855
512.0,0.2916542424543617
512.0,0.2916873736871749
512.0,0.2917205049199881
512.0,0.29175363615280125
512.0,0.29178676738561443
512.0,0.2918198986184276
512.0,0.2918530298512408
512.0,0.29188616108405396
512.0,0.2919192923168671
512.0,0.29195242354968026
512.0,0.29198555478249344
512.0,0.2920186860153066
512.0,0.2920518172481198
512.0,0.29208494848093297
512.0,0.29211807971374615
512.0,0.2921512109465593
512.0,0.2921843421793725
512.0,0.2922174734121857
512.0,0.29225060464499886
512.0,0.29228373587781203
512.0,0.2923168671106252
512.0,0.29234999834343833
512.0,0.2923831295762515
512.0,0.2924162608090647
512.0,0.29244939204187786
512.0,0.29248252327469104
512.0,0.2925156545075042
512.0,0.2925487857403174
512.0,0.2925819169731306
512.0,0.29261504820594375
512.0,0.29264817943875693
512.0,0.2926813106715701
512.0,0.2927144419043833
512.0,0.29274757313719646
512.0,0.2927807043700096
512.0,0.29281383560282276
512.0,0.29284696683563594
512.0,0.2928800980684491
512.0,0.2929132293012623
512.0,0.29294636053407547
512.0,0.29297949176688864
512.0,0.2930126229997018
512.0,0.293045754232515
512.0,0.2930788854653282
512.0,0.29311201669814135
512.0,0.29314514793095453
512.0,0.2931782791637677
512.0,0.29321141039658083
512.0,0.293244541629394
512.0,0.2932776728622072
512.0,0.29331080409502036
512.0,0.29334393532783354
512.0,0.2933770665606467
512.0,0.2934101977934599
512.0,0.29344332902627307
512.0,0.29347646025908625
512.0,0.2935095914918994
512.0,0.2935427227247126
512.0,0.2935758539575258
512.0,0.29360898519033896
512.0,0.29364211642315213
512.0,0.29367524765596525
512.0,0.29370837888877843
512.0,0.2937415101215916
512.0,0.2937746413544048
512.0,0.29380777258721796
512.0,0.29384090382003114
512.0,0.2938740350528443
512.0,0.2939071662856575
512.0,0.2939402975184707
512.0,0.29397342875128385
512.0,0.294006559984097
512.0,0.2940396912169102
512.0,0.2940728224497234
512.0,0.2941059536825365
512.0,0.2941390849153497
512.0,0.29417221614816286
512.0,0.29420534738097603
512.0,0.2942384786137892
512.0,0.2942716098466024
512.0,0.29430474107941557
512.0,0.29433787231222874
512.0,0.2943710035450419
512.0,0.2944041347778551
512.0,0.2944372660106683
512.0,0.29447039724348145
512.0,0.29450352847629463
512.0,0.29453665970910775
512.0,0.29456979094192093
512.0,0.2946029221747341
512.0,0.2946360534075473
512.0,0.29466918464036046
512.0,0.29470231587317364
512.0,0.2947354471059868
512.0,0.2947685783388
512.0,0.29480170957161317
512.0,0.29483484080442635
512.0,0.2948679720372395
512.0,0.2949011032700527
512.0,0.2949342345028659
512.0,0.294967365735679
512.0,0.2950004969684922
512.0,0.29503362820130535
512.0,0.29506675943411853
512.0,0.2950998906669317
512.0,0.2951330218997449
512.0,0.29516615313255806
512.0,0.29519928436537124
512.0,0.2952324155981844
512.0,0.2952655468309976
512.0,0.29529867806381077
512.0,0.29533180929662395
512.0,0.2953649405294371
512.0,0.29539807176225025
512.0,0.2954312029950634
512.0,0.2954643342278766
512.0,0.2954974654606898
512.0,0.29553059669350296
512.0,0.29556372792631613
512.0,0.2955968591591293
512.0,0.2956299903919425
512.0,0.29566312162475566
512.0,0.29569625285756884
512.0,0.295729384090382
512.0,0.2957625153231952
512.0,0.2957956465560084
512.0,0.2958287777888215
512.0,0.2958619090216347
512.0,0.29589504025444785
512.0,0.295928171487261
512.0,0.2959613027200742
512.0,0.2959944339528874
512.0,0.29602756518570056
512.0,0.29606069641851374
512.0,0.2960938276513269
512.0,0.2961269588841401
512.0,0.29616009011695327
512.0,0.29619322134976644
512.0,0.2962263525825796
512.0,0.29625948381539274
512.0,0.2962926150482059
512.0,0.2963257462810191
512.0,0.2963588775138323
512.0,0.29639200874664545
512.0,0.29642513997945863
512.0,0.2964582712122718
512.0,0.296491402445085
512.0,0.29652453367789816
512.0,0.29655766491071134
512.0,0.2965907961435245
512.0,0.2966239273763377
512.0,0.29665705860915087
512.0,0.29669018984196405
512.0,0.29672332107477717
512.0,0.29675645230759035
512.0,0.2967895835404035
512.0,0.2968227147732167
512.0,0.2968558460060299
512.0,0.29688897723884305
512.0,0.29692210847165623
512.0,0.2969552397044694
512.0,0.2969883709372826
512.0,0.29702150217009576
512.0,0.29705463340290894
512.0,0.2970877646357221
512.0,0.2971208958685353
512.0,0.2971540271013484
512.0,0.2971871583341616
512.0,0.29722028956697477
512.0,0.29725342079978795
512.0,0.2972865520326011
512.0,0.2973196832654143
512.0,0.2973528144982275
512.0,0.29738594573104066
512.0,0.29741907696385383
512.0,0.297452208196667
512.0,0.2974853394294802
512.0,0.29751847066229337
512.0,0.29755160189510654
512.0,0.29758473312791967
512.0,0.29761786436073284
512.0,0.297650995593546
512.0,0.2976841268263592
512.0,0.2977172580591724
512.0,0.29775038929198555
512.0,0.29778352052479873
512.0,0.2978166517576119
512.0,0.2978497829904251
512.0,0.29788291422323826
512.0,0.29791604545605144
512.0,0.2979491766888646
512.0,0.2979823079216778
512.0,0.2980154391544909
512.0,0.2980485703873041
512.0,0.29808170162011727
512.0,0.29811483285293044
512.0,0.2981479640857436
512.0,0.2981810953185568
512.0,0.29821422655137
512.0,0.29824735778418315
512.0,0.29828048901699633
512.0,0.2983136202498095
512.0,0.2983467514826227
512.0,0.29837988271543586
512.0,0.29841301394824904
512.0,0.29844614518106216
512.0,0.29847927641387534
512.0,0.2985124076466885
512.0,0.2985455388795017
512.0,0.29857867011231487
512.0,0.29861180134512805
512.0,0.2986449325779412
512.0,0.2986780638107544
512.0,0.2987111950435676
512.0,0.29874432627638076
512.0,0.29877745750919393
512.0,0.2988105887420071
512.0,0.2988437199748203
512.0,0.2988768512076334
512.0,0.2989099824404466
512.0,0.29894311367325976
512.0,0.29897624490607294
512.0,0.2990093761388861
512.0,0.2990425073716993
512.0,0.2990756386045125
512.0,0.29910876983732565
512.0,0.2991419010701388
512.0,0.299175032302952
512.0,0.2992081635357652
512.0,0.29924129476857836
512.0,0.29927442600139154
512.0,0.29930755723420466
512.0,0.29934068846701783
512.0,0.299373819699831
512.0,0.2994069509326442
512.0,0.29944008216545737
512.0,0.29947321339827054
512.0,0.2995063446310837
512.0,0.2995394758638969
512.0,0.2995726070967101
512.0,0.29960573832952325
512.0,0.29963886956233643
512.0,0.2996720007951496
512.0,0.2997051320279628
512.0,0.29973826326077596
512.0,0.2997713944935891
512.0,0.29980452572640226
512.0,0.29983765695921544
512.0,0.2998707881920286
512.0,0.2999039194248418
512.0,0.29993705065765497
512.0,0.29997018189046815
512.0,0.3000033131232813
512.0,0.3000364443560945
512.0,0.3000695755889077
512.0,0.30010270682172085
512.0,0.30013583805453403
512.0,0.3001689692873472
512.0,0.30020210052016033
512.0,0.3002352317529735
512.0,0.3002683629857867
512.0,0.30030149421859986
512.0,0.30033462545141304
512.0,0.3003677566842262
512.0,0.3004008879170394
512.0,0.30043401914985257
512.0,0.30046715038266575
512.0,0.3005002816154789
512.0,0.3005334128482921
512.0,0.3005665440811053
512.0,0.30059967531391846
512.0,0.3006328065467316
512.0,0.30066593777954476
512.0,0.30069906901235793
512.0,0.3007322002451711
512.0,0.3007653314779843
512.0,0.30079846271079747
512.0,0.30083159394361064
512.0,0.3008647251764238
512.0,0.300897856409237
512.0,0.3009309876420502
512.0,0.30096411887486335
512.0,0.30099725010767653
512.0,0.3010303813404897
512.0,0.3010635125733028
512.0,0.301096643806116
512.0,0.3011297750389292
512.0,0.30116290627174236
512.0,0.30119603750455554
512.0,0.3012291687373687
512.0,0.3012622999701819
512.0,0.30129543120299507
512.0,0.30132856243580824
512.0,0.3013616936686214
512.0,0.3013948249014346
512.0,0.3014279561342478
512.0,0.30146108736706095
512.0,0.3014942185998741
512.0,0.30152734983268725
512.0,0.30156048106550043
512.0,0.3015936122983136
512.0,0.3016267435311268
512.0,0.30165987476393996
512.0,0.30169300599675314
512.0,0.3017261372295663
512.0,0.3017592684623795
512.0,0.30179239969519267
512.0,0.30182553092800585
512.0,0.301858662160819
512.0,0.3018917933936322
512.0,0.3019249246264453
512.0,0.3019580558592585
512.0,0.3019911870920717
512.0,0.30202431832488486
512.0,0.30205744955769803
512.0,0.3020905807905112
512.0,0.3021237120233244
512.0,0.30215684325613756
512.0,0.30218997448895074
512.0,0.3022231057217639
512.0,0.3022562369545771
512.0,0.3022893681873903
512.0,0.30232249942020345
512.0,0.30235563065301657
512.0,0.30238876188582975
512.0,0.3024218931186429
512.0,0.3024550243514561
512.0,0.3024881555842693
512.0,0.30252128681708246
512.0,0.30255441804989563
512.0,0.3025875492827088
512.0,0.302620680515522
512.0,0.30265381174833517
512.0,0.30268694298114834
512.0,0.3027200742139615
512.0,0.3027532054467747
512.0,0.3027863366795878
512.0,0.302819467912401
512.0,0.3028525991452142
512.0,0.30288573037802735
512.0,0.30291886161084053
512.0,0.3029519928436537
512.0,0.3029851240764669
512.0,0.30301825530928006
512.0,0.30305138654209324
512.0,0.3030845177749064
512.0,0.3031176490077196
512.0,0.30315078024053277
512.0,0.30318391147334595
512.0,0.3032170427061591
512.0,0.30325017393897225
512.0,0.3032833051717854
512.0,0.3033164364045986
512.0,0.3033495676374118
512.0,0.30338269887022495
512.0,0.30341583010303813
512.0,0.3034489613358513
512.0,0.3034820925686645
512.0,0.30351522380147766
512.0,0.30354835503429084
512.0,0.303581486267104
512.0,0.3036146174999172
512.0,0.30364774873273037
512.0,0.3036808799655435
512.0,0.30371401119835667
512.0,0.30374714243116985
512.0,0.303780273663983
512.0,0.3038134048967962
512.0,0.3038465361296094
512.0,0.30387966736242256
512.0,0.30391279859523573
512.0,0.3039459298280489
512.0,0.3039790610608621
512.0,0.30401219229367527
512.0,0.30404532352648844
512.0,0.3040784547593016
512.0,0.30411158599211474
512.0,0.3041447172249279
512.0,0.3041778484577411
512.0,0.3042109796905543
512.0,0.30424411092336745
512.0,0.3042772421561806
512.0,0.3043103733889938
512.0,0.304343504621807
512.0,0.30437663585462016
512.0,0.30440976708743334
512.0,0.3044428983202465
512.0,0.3044760295530597
512.0,0.30450916078587287
512.0,0.304542292018686
512.0,0.30457542325149917
512.0,0.30460855448431234
512.0,0.3046416857171255
512.0,0.3046748169499387
512.0,0.3047079481827519
512.0,0.30474107941556505
512.0,0.30477421064837823
512.0,0.3048073418811914
512.0,0.3048404731140046
512.0,0.30487360434681776
512.0,0.30490673557963094
512.0,0.3049398668124441
512.0,0.30497299804525724
512.0,0.3050061292780704
512.0,0.3050392605108836
512.0,0.30507239174369677
512.0,0.30510552297650995
512.0,0.3051386542093231
512.0,0.3051717854421363
512.0,0.3052049166749495
512.0,0.30523804790776266
512.0,0.30527117914057583
512.0,0.305304310373389
512.0,0.3053374416062022
512.0,0.30537057283901536
512.0,0.3054037040718285
512.0,0.30543683530464166
512.0,0.30546996653745484
512.0,0.305503097770268
512.0,0.3055362290030812
512.0,0.30556936023589437
512.0,0.30560249146870755
512.0,0.3056356227015207
512.0,0.3056687539343339
512.0,0.3057018851671471
512.0,0.30573501639996026
512.0,0.30576814763277343
512.0,0.3058012788655866
512.0,0.30583441009839973
512.0,0.3058675413312129
512.0,0.3059006725640261
512.0,0.30593380379683927
512.0,0.30596693502965244
512.0,0.3060000662624656
512.0,0.3060331974952788
512.0,0.306066328728092
512.0,0.30609945996090515
512.0,0.30613259119371833
512.0,0.3061657224265315
512.0,0.3061988536593447
512.0,0.30623198489215786
512.0,0.30626511612497104
512.0,0.30629824735778416
512.0,0.30633137859059734
512.0,0.3063645098234105
512.0,0.3063976410562237
512.0,0.30643077228903687
512.0,0.30646390352185005
512.0,0.3064970347546632
512.0,0.3065301659874764
512.0,0.3065632972202896
512.0,0.30659642845310275
512.0,0.30662955968591593
512.0,0.3066626909187291
512.0,0.3066958221515423
512.0,0.3067289533843554
512.0,0.3067620846171686
512.0,0.30679521584998176
512.0,0.30682834708279494
512.0,0.3068614783156081
512.0,0.3068946095484213
512.0,0.30692774078123447
512.0,0.30696087201404765
512.0,0.3069940032468608
512.0,0.307027134479674
512.0,0.3070602657124872
512.0,0.30709339694530036
512.0,0.30712652817811353
512.0,0.30715965941092666
512.0,0.30719279064373983
512.0,0.307225921876553
512.0,0.3072590531093662
512.0,0.30729218434217936
512.0,0.30732531557499254
512.0,0.3073584468078057
512.0,0.3073915780406189
512.0,0.3074247092734321
512.0,0.30745784050624525
512.0,0.3074909717390584
512.0,0.3075241029718716
512.0,0.3075572342046848
512.0,0.3075903654374979
512.0,0.3076234966703111
512.0,0.30765662790312426
512.0,0.30768975913593744
512.0,0.3077228903687506
512.0,0.3077560216015638
512.0,0.30778915283437697
512.0,0.30782228406719014
512.0,0.3078554153000033
512.0,0.3078885465328165
512.0,0.3079216777656297
512.0,0.30795480899844285
512.0,0.30798794023125603
512.0,0.30802107146406915
512.0,0.30805420269688233
512.0,0.3080873339296955
512.0,0.3081204651625087
512.0,0.30815359639532186
512.0,0.30818672762813504
512.0,0.3082198588609482
512.0,0.3082529900937614
512.0,0.30828612132657457
512.0,0.30831925255938775
512.0,0.3083523837922009
512.0,0.3083855150250141
512.0,0.3084186462578273
512.0,0.3084517774906404
512.0,0.3084849087234536
512.0,0.30851803995626675
512.0,0.30855117118907993
512.0,0.3085843024218931
512.0,0.3086174336547063
512.0,0.30865056488751946
512.0,0.30868369612033264
512.0,0.3087168273531458
512.0,0.308749958585959
512.0,0.30878308981877217
512.0,0.30881622105158535
512.0,0.3088493522843985
512.0,0.30888248351721165
512.0,0.3089156147500248
512.0,0.308948745982838
512.0,0.3089818772156512
512.0,0.30901500844846436
512.0,0.30904813968127753
512.0,0.3090812709140907
512.0,0.3091144021469039
512.0,0.30914753337971707
512.0,0.30918066461253024
512.0,0.3092137958453434
512.0,0.3092469270781566
512.0,0.3092800583109698
512.0,0.30931318954378295
512.0,0.3093463207765961
512.0,0.30937945200940925
512.0,0.3094125832422224
512.0,0.3094457144750356
512.0,0.3094788457078488
512.0,0.30951197694066196
512.0,0.30954510817347514
512.0,0.3095782394062883
512.0,0.3096113706391015
512.0,0.30964450187191467
512.0,0.30967763310472785
512.0,0.309710764337541
512.0,0.3097438955703542
512.0,0.3097770268031673
512.0,0.3098101580359805
512.0,0.3098432892687937
512.0,0.30987642050160685
512.0,0.30990955173442003
512.0,0.3099426829672332
512.0,0.3099758142000464
512.0,0.31000894543285956
512.0,0.31004207666567274
512.0,0.3100752078984859
512.0,0.3101083391312991
512.0,0.31014147036411227
512.0,0.31017460159692545
512.0,0.31020773282973857
512.0,0.31024086406255175
512.0,0.3102739952953649
512.0,0.3103071265281781
512.0,0.3103402577609913
512.0,0.31037338899380446
512.0,0.31040652022661763
512.0,0.3104396514594308
512.0,0.310472782692244
512.0,0.31050591392505716
512.0,0.31053904515787034
512.0,0.3105721763906835
512.0,0.3106053076234967
512.0,0.3106384388563098
512.0,0.310671570089123
512.0,0.31070470132193617
512.0,0.31073783255474935
512.0,0.3107709637875625
512.0,0.3108040950203757
512.0,0.3108372262531889
512.0,0.31087035748600206
512.0,0.31090348871881524
512.0,0.3109366199516284
512.0,0.3109697511844416
512.0,0.31100288241725477
512.0,0.31103601365006794
512.0,0.31106914488288107
512.0,0.31110227611569424
512.0,0.3111354073485074
512.0,0.3111685385813206
512.0,0.3112016698141338
512.0,0.31123480104694695
512.0,0.31126793227976013
512.0,0.3113010635125733
512.0,0.3113341947453865
512.0,0.31136732597819966
512.0,0.31140045721101284
512.0,0.311433588443826
512.0,0.3114667196766392
512.0,0.3114998509094523
512.0,0.3115329821422655
512.0,0.31156611337507867
512.0,0.31159924460789185
512.0,0.311632375840705
512.0,0.3116655070735182
512.0,0.3116986383063314
512.0,0.31173176953914455
512.0,0.31176490077195773
512.0,0.3117980320047709
512.0,0.3118311632375841
512.0,0.31186429447039726
512.0,0.31189742570321044
512.0,0.31193055693602356
512.0,0.31196368816883674
512.0,0.3119968194016499
512.0,0.3120299506344631
512.0,0.31206308186727627
512.0,0.31209621310008945
512.0,0.3121293443329026
512.0,0.3121624755657158
512.0,0.312195606798529
512.0,0.31222873803134216
512.0,0.31226186926415533
512.0,0.3122950004969685
512.0,0.3123281317297817
512.0,0.31236126296259487
512.0,0.312394394195408
512.0,0.31242752542822116
512.0,0.31246065666103434
512.0,0.3124937878938475
512.0,0.3125269191266607
512.0,0.3125600503594739
512.0,0.31259318159228705
512.0,0.3126263128251002
512.0,0.3126594440579134
512.0,0.3126925752907266
512.0,0.31272570652353976
512.0,0.31275883775635294
512.0,0.3127919689891661
512.0,0.31282510022197924
512.0,0.3128582314547924
512.0,0.3128913626876056
512.0,0.31292449392041877
512.0,0.31295762515323194
512.0,0.3129907563860451
512.0,0.3130238876188583
512.0,0.3130570188516715
512.0,0.31309015008448465
512.0,0.31312328131729783
512.0,0.313156412550111
512.0,0.3131895437829242
512.0,0.31322267501573736
512.0,0.3132558062485505
512.0,0.31328893748136366
512.0,0.31332206871417684
512.0,0.31335519994699
512.0,0.3133883311798032
512.0,0.31342146241261637
512.0,0.31345459364542955
512.0,0.3134877248782427
512.0,0.3135208561110559
512.0,0.3135539873438691
512.0,0.31358711857668226
512.0,0.31362024980949543
512.0,0.3136533810423086
512.0,0.31368651227512173
512.0,0.3137196435079349
512.0,0.3137527747407481
512.0,0.31378590597356126
512.0,0.31381903720637444
512.0,0.3138521684391876
512.0,0.3138852996720008
512.0,0.31391843090481397
512.0,0.31395156213762715
512.0,0.3139846933704403
512.0,0.3140178246032535
512.0,0.3140509558360667
512.0,0.31408408706887986
512.0,0.314117218301693
512.0,0.31415034953450616
512.0,0.31418348076731933
512.0,0.3142166120001325
512.0,0.3142497432329457
512.0,0.31428287446575887
512.0,0.31431600569857204
512.0,0.3143491369313852
512.0,0.3143822681641984
512.0,0.3144153993970116
512.0,0.31444853062982475
512.0,0.31448166186263793
512.0,0.3145147930954511
512.0,0.31454792432826423
512.0,0.3145810555610774
512.0,0.3146141867938906
512.0,0.31464731802670376
512.0,0.31468044925951694
512.0,0.3147135804923301
512.0,0.3147467117251433
512.0,0.31477984295795647
512.0,0.31481297419076965
512.0,0.3148461054235828
512.0,0.314879236656396
512.0,0.3149123678892092
512.0,0.31494549912202235
512.0,0.3149786303548355
512.0,0.31501176158764865
512.0,0.31504489282046183
512.0,0.315078024053275
512.0,0.3151111552860882
512.0,0.31514428651890136
512.0,0.31517741775171454
512.0,0.3152105489845277
512.0,0.3152436802173409
512.0,0.31527681145015407
512.0,0.31530994268296725
512.0,0.3153430739157804
512.0,0.3153762051485936
512.0,0.3154093363814068
512.0,0.3154424676142199
512.0,0.3154755988470331
512.0,0.31550873007984626
512.0,0.31554186131265943
512.0,0.3155749925454726
512.0,0.3156081237782858
512.0,0.31564125501109896
512.0,0.31567438624391214
512.0,0.3157075174767253
512.0,0.3157406487095385
512.0,0.3157737799423517
512.0,0.31580691117516485
512.0,0.31584004240797803
512.0,0.31587317364079115
512.0,0.3159063048736043
512.0,0.3159394361064175
512.0,0.3159725673392307
512.0,0.31600569857204386
512.0,0.31603882980485704
512.0,0.3160719610376702
512.0,0.3161050922704834
512.0,0.31613822350329657
512.0,0.31617135473610974
512.0,0.3162044859689229
512.0,0.3162376172017361
512.0,0.3162707484345493
512.0,0.3163038796673624
512.0,0.3163370109001756
512.0,0.31637014213298875
512.0,0.31640327336580193
512.0,0.3164364045986151
512.0,0.3164695358314283
512.0,0.31650266706424146
512.0,0.31653579829705464
512.0,0.3165689295298678
512.0,0.316602060762681
512.0,0.31663519199549417
512.0,0.31666832322830735
512.0,0.3167014544611205
512.0,0.31673458569393365
512.0,0.3167677169267468
512.0,0.31680084815956
512.0,0.3168339793923732
512.0,0.31686711062518635
512.0,0.31690024185799953
512.0,0.3169333730908127
512.0,0.3169665043236259
512.0,0.31699963555643906
512.0,0.31703276678925224
512.0,0.3170658980220654
512.0,0.3170990292548786
512.0,0.31713216048769177
512.0,0.3171652917205049
512.0,0.31719842295331807
512.0,0.31723155418613125
512.0,0.3172646854189444
512.0,0.3172978166517576
512.0,0.3173309478845708
512.0,0.31736407911738396
512.0,0.31739721035019713
512.0,0.3174303415830103
512.0,0.3174634728158235
512.0,0.31749660404863667
512.0,0.31752973528144984
512.0,0.317562866514263
512.0,0.31759599774707614
512.0,0.3176291289798893
512.0,0.3176622602127025
512.0,0.3176953914455157
512.0,0.31772852267832885
512.0,0.31776165391114203
512.0,0.3177947851439552
512.0,0.3178279163767684
512.0,0.31786104760958156
512.0,0.31789417884239474
512.0,0.3179273100752079
512.0,0.3179604413080211
512.0,0.31799357254083427
512.0,0.3180267037736474
512.0,0.31805983500646057
512.0,0.31809296623927374
512.0,0.3181260974720869
512.0,0.3181592287049001
512.0,0.3181923599377133
512.0,0.31822549117052645
512.0,0.31825862240333963
512.0,0.3182917536361528
512.0,0.318324884868966
512.0,0.31835801610177916
512.0,0.31839114733459234
512.0,0.3184242785674055
512.0,0.3184574098002187
512.0,0.3184905410330318
512.0,0.318523672265845
512.0,0.31855680349865817
512.0,0.31858993473147135
512.0,0.3186230659642845
512.0,0.3186561971970977
512.0,0.3186893284299109
512.0,0.31872245966272406
512.0,0.31875559089553723
512.0,0.3187887221283504
512.0,0.3188218533611636
512.0,0.31885498459397676
512.0,0.31888811582678994
512.0,0.31892124705960306
512.0,0.31895437829241624
512.0,0.3189875095252294
512.0,0.3190206407580426
512.0,0.3190537719908558
512.0,0.31908690322366895
512.0,0.3191200344564821
512.0,0.3191531656892953
512.0,0.3191862969221085
512.0,0.31921942815492166
512.0,0.31925255938773484
512.0,0.319285690620548
512.0,0.3193188218533612
512.0,0.3193519530861743
512.0,0.3193850843189875
512.0,0.31941821555180067
512.0,0.31945134678461384
512.0,0.319484478017427
512.0,0.3195176092502402
512.0,0.3195507404830534
512.0,0.31958387171586655
512.0,0.31961700294867973
512.0,0.3196501341814929
512.0,0.3196832654143061
512.0,0.31971639664711926
512.0,0.31974952787993244
512.0,0.31978265911274556
512.0,0.31981579034555874
512.0,0.3198489215783719
512.0,0.3198820528111851
512.0,0.31991518404399827
512.0,0.31994831527681145
512.0,0.3199814465096246
512.0,0.3200145777424378
512.0,0.320047708975251
512.0,0.32008084020806415
512.0,0.32011397144087733
512.0,0.3201471026736905
512.0,0.3201802339065037
512.0,0.3202133651393168
512.0,0.32024649637213
512.0,0.32027962760494316
512.0,0.32031275883775634
512.0,0.3203458900705695
512.0,0.3203790213033827
512.0,0.32041215253619587
512.0,0.32044528376900905
512.0,0.3204784150018222
512.0,0.3205115462346354
512.0,0.3205446774674486
512.0,0.32057780870026176
512.0,0.32061093993307493
512.0,0.32064407116588806
512.0,0.32067720239870123
512.0,0.3207103336315144
512.0,0.3207434648643276
512.0,0.32077659609714076
512.0,0.32080972732995394
512.0,0.3208428585627671
512.0,0.3208759897955803
512.0,0.3209091210283935
512.0,0.32094225226120665
512.0,0.32097538349401983
512.0,0.321008514726833
512.0,0.3210416459596462
512.0,0.3210747771924593
512.0,0.3211079084252725
512.0,0.32114103965808566
512.0,0.32117417089089884
512.0,0.321207302123712
512.0,0.3212404333565252
512.0,0.32127356458933837
512.0,0.32130669582215154
512.0,0.3213398270549647
512.0,0.3213729582877779
512.0,0.3214060895205911
512.0,0.32143922075340425
512.0,0.32147235198621743
512.0,0.3215054832190306
512.0,0.32153861445184373
512.0,0.3215717456846569
512.0,0.3216048769174701
512.0,0.32163800815028326
512.0,0.32167113938309644
512.0,0.3217042706159096
512.0,0.3217374018487228
512.0,0.32177053308153597
512.0,0.32180366431434915
512.0,0.3218367955471623
512.0,0.3218699267799755
512.0,0.3219030580127887
512.0,0.32193618924560186
512.0,0.321969320478415
512.0,0.32200245171122815
512.0,0.32203558294404133
512.0,0.3220687141768545
512.0,0.3221018454096677
512.0,0.32213497664248086
512.0,0.32216810787529404
512.0,0.3222012391081072
512.0,0.3222343703409204
512.0,0.3222675015737336
512.0,0.32230063280654675
512.0,0.3223337640393599
512.0,0.3223668952721731
512.0,0.3224000265049862
512.0,0.3224331577377994
512.0,0.3224662889706126
512.0,0.32249942020342576
512.0,0.32253255143623893
512.0,0.3225656826690521
512.0,0.3225988139018653
512.0,0.32263194513467847
512.0,0.32266507636749164
512.0,0.3226982076003048
512.0,0.322731338833118
512.0,0.3227644700659312
512.0,0.32279760129874435
512.0,0.3228307325315575
512.0,0.32286386376437065
512.0,0.32289699499718383
512.0,0.322930126229997
512.0,0.3229632574628102
512.0,0.32299638869562336
512.0,0.32302951992843654
512.0,0.3230626511612497
512.0,0.3230957823940629
512.0,0.32312891362687607
512.0,0.32316204485968925
512.0,0.3231951760925024
512.0,0.3232283073253156
512.0,0.3232614385581287
512.0,0.3232945697909419
512.0,0.3233277010237551
512.0,0.32336083225656825
512.0,0.32339396348938143
512.0,0.3234270947221946
512.0,0.3234602259550078
512.0,0.32349335718782096
512.0,0.32352648842063414
512.0,0.3235596196534473
512.0,0.3235927508862605
512.0,0.32362588211907367
512.0,0.32365901335188685
512.0,0.32369214458469997
512.0,0.32372527581751315
512.0,0.3237584070503263
512.0,0.3237915382831395
512.0,0.3238246695159527
512.0,0.32385780074876586
512.0,0.32389093198157903
512.0,0.3239240632143922
512.0,0.3239571944472054
512.0,0.32399032568001856
512.0,0.32402345691283174
512.0,0.3240565881456449
512.0,0.3240897193784581
512.0,0.3241228506112712
512.0,0.3241559818440844
512.0,0.3241891130768976
512.0,0.32422224430971075
512.0,0.3242553755425239
512.0,0.3242885067753371
512.0,0.3243216380081503
512.0,0.32435476924096346
512.0,0.32438790047377664
512.0,0.3244210317065898
512.0,0.324454162939403
512.0,0.32448729417221617
512.0,0.32452042540502934
512.0,0.3245535566378425
512.0,0.32458668787065564
512.0,0.3246198191034688
512.0,0.324652950336282
512.0,0.3246860815690952
512.0,0.32471921280190835
512.0,0.32475234403472153
512.0,0.3247854752675347
512.0,0.3248186065003479
512.0,0.32485173773316106
512.0,0.32488486896597424
512.0,0.3249180001987874
512.0,0.3249511314316006
512.0,0.32498426266441377
512.0,0.3250173938972269
512.0,0.32505052513004007
512.0,0.32508365636285325
512.0,0.3251167875956664
512.0,0.3251499188284796
512.0,0.3251830500612928
512.0,0.32521618129410595
512.0,0.32524931252691913
512.0,0.3252824437597323
512.0,0.3253155749925455
512.0,0.32534870622535866
512.0,0.32538183745817184
512.0,0.325414968690985
512.0,0.32544809992379814
512.0,0.3254812311566113
512.0,0.3255143623894245
512.0,0.32554749362223767
512.0,0.32558062485505085
512.0,0.325613756087864
512.0,0.3256468873206772
512.0,0.3256800185534904
512.0,0.32571314978630356
512.0,0.32574628101911673
512.0,0.3257794122519299
512.0,0.3258125434847431
512.0,0.32584567471755627
512.0,0.3258788059503694
512.0,0.32591193718318257
512.0,0.32594506841599574
512.0,0.3259781996488089
512.0,0.3260113308816221
512.0,0.3260444621144353
512.0,0.32607759334724845
512.0,0.32611072458006163
512.0,0.3261438558128748
512.0,0.326176987045688
512.0,0.32621011827850116
512.0,0.32624324951131434
512.0,0.3262763807441275
512.0,0.32630951197694064
512.0,0.3263426432097538
512.0,0.326375774442567
512.0,0.32640890567538017
512.0,0.32644203690819334
512.0,0.3264751681410065
512.0,0.3265082993738197
512.0,0.3265414306066329
512.0,0.32657456183944605
512.0,0.32660769307225923
512.0,0.3266408243050724
512.0,0.3266739555378856
512.0,0.32670708677069876
512.0,0.3267402180035119
512.0,0.32677334923632506
512.0,0.32680648046913824
512.0,0.3268396117019514
512.0,0.3268727429347646
512.0,0.32690587416757777
512.0,0.32693900540039095
512.0,0.3269721366332041
512.0,0.3270052678660173
512.0,0.3270383990988305
512.0,0.32707153033164366
512.0,0.32710466156445683
512.0,0.32713779279727
512.0,0.32717092403008313
512.0,0.3272040552628963
512.0,0.3272371864957095
512.0,0.32727031772852266
512.0,0.32730344896133584
512.0,0.327336580194149
512.0,0.3273697114269622
512.0,0.3274028426597754
512.0,0.32743597389258855
512.0,0.3274691051254017
512.0,0.3275022363582149
512.0,0.3275353675910281
512.0,0.32756849882384126
512.0,0.3276016300566544
512.0,0.32763476128946756
512.0,0.32766789252228073
512.0,0.3277010237550939
512.0,0.3277341549879071
512.0,0.32776728622072027
512.0,0.32780041745353344
512.0,0.3278335486863466
512.0,0.3278666799191598
512.0,0.327899811151973
512.0,0.32793294238478615
512.0,0.32796607361759933
512.0,0.3279992048504125
512.0,0.3280323360832257
512.0,0.3280654673160388
512.0,0.328098598548852
512.0,0.32813172978166516
512.0,0.32816486101447834
512.0,0.3281979922472915
512.0,0.3282311234801047
512.0,0.32826425471291787
512.0,0.32829738594573105
512.0,0.3283305171785442
512.0,0.3283636484113574
512.0,0.3283967796441706
512.0,0.32842991087698375
512.0,0.32846304210979693
512.0,0.32849617334261005
512.0,0.32852930457542323
512.0,0.3285624358082364
512.0,0.3285955670410496
512.0,0.32862869827386276
512.0,0.32866182950667594
512.0,0.3286949607394891
512.0,0.3287280919723023
512.0,0.32876122320511547
512.0,0.32879435443792865
512.0,0.3288274856707418
512.0,0.328860616903555
512.0,0.3288937481363682
512.0,0.3289268793691813
512.0,0.3289600106019945
512.0,0.32899314183480766
512.0,0.32902627306762083
512.0,0.329059404300434
512.0,0.3290925355332472
512.0,0.32912566676606037
512.0,0.32915879799887354
512.0,0.3291919292316867
512.0,0.3292250604644999
512.0,0.3292581916973131
512.0,0.32929132293012625
512.0,0.32932445416293943
512.0,0.32935758539575255
512.0,0.3293907166285657
512.0,0.3294238478613789
512.0,0.3294569790941921
512.0,0.32949011032700526
512.0,0.32952324155981844
512.0,0.3295563727926316
512.0,0.3295895040254448
512.0,0.32962263525825797
512.0,0.32965576649107114
512.0,0.3296888977238843
512.0,0.3297220289566975
512.0,0.3297551601895107
512.0,0.3297882914223238
512.0,0.329821422655137
512.0,0.32985455388795015
512.0,0.32988768512076333
512.0,0.3299208163535765
512.0,0.3299539475863897
512.0,0.32998707881920286
512.0,0.33002021005201604
512.0,0.3300533412848292
512.0,0.3300864725176424
512.0,0.33011960375045557
512.0,0.33015273498326875
512.0,0.3301858662160819
512.0,0.33021899744889505
512.0,0.3302521286817082
512.0,0.3302852599145214
512.0,0.3303183911473346
512.0,0.33035152238014776
512.0,0.33038465361296093
512.0,0.3304177848457741
512.0,0.3304509160785873
512.0,0.33048404731140046
512.0,0.33051717854421364
512.0,0.3305503097770268
512.0,0.33058344100984
512.0,0.3306165722426532
512.0,0.3306497034754663
512.0,0.33068283470827947
512.0,0.33071596594109265
512.0,0.3307490971739058
512.0,0.330782228406719
512.0,0.3308153596395322
512.0,0.33084849087234536
512.0,0.33088162210515853
512.0,0.3309147533379717
512.0,0.3309478845707849
512.0,0.33098101580359807
512.0,0.33101414703641124
512.0,0.3310472782692244
512.0,0.3310804095020376
512.0,0.3311135407348507
512.0,0.3311466719676639
512.0,0.3311798032004771
512.0,0.33121293443329025
512.0,0.33124606566610343
512.0,0.3312791968989166
512.0,0.3313123281317298
512.0,0.33134545936454296
512.0,0.33137859059735614
512.0,0.3314117218301693
512.0,0.3314448530629825
512.0,0.33147798429579567
512.0,0.33151111552860885
512.0,0.33154424676142197
512.0,0.33157737799423515
512.0,0.3316105092270483
512.0,0.3316436404598615
512.0,0.3316767716926747
512.0,0.33170990292548785
512.0,0.33174303415830103
512.0,0.3317761653911142
512.0,0.3318092966239274
512.0,0.33184242785674056
512.0,0.33187555908955374
512.0,0.3319086903223669
512.0,0.3319418215551801
512.0,0.3319749527879932
512.0,0.3320080840208064
512.0,0.33204121525361957
512.0,0.33207434648643275
512.0,0.3321074777192459
512.0,0.3321406089520591
512.0,0.3321737401848723
512.0,0.33220687141768546
512.0,0.33224000265049863
512.0,0.3322731338833118
512.0,0.332306265116125
512.0,0.33233939634893817
512.0,0.33237252758175134
512.0,0.33240565881456446
512.0,0.33243879004737764
512.0,0.3324719212801908
512.0,0.332505052513004
512.0,0.3325381837458172
512.0,0.33257131497863035
512.0,0.3326044462114435
512.0,0.3326375774442567
512.0,0.3326707086770699
512.0,0.33270383990988306
512.0,0.33273697114269624
512.0,0.3327701023755094
512.0,0.3328032336083226
512.0,0.3328363648411357
512.0,0.3328694960739489
512.0,0.33290262730676207
512.0,0.33293575853957524
512.0,0.3329688897723884
512.0,0.3330020210052016
512.0,0.3330351522380148
512.0,0.33306828347082795
512.0,0.33310141470364113
512.0,0.3331345459364543
512.0,0.3331676771692675
512.0,0.33320080840208066
512.0,0.33323393963489384
512.0,0.33326707086770696
512.0,0.33330020210052014
512.0,0.3333333333333333
512.0,0.3333664645661465
512.0,0.33339959579895967
512.0,0.33343272703177285
512.0,0.333465858264586
512.0,0.3334989894973992
512.0,0.3335321207302124
512.0,0.33356525196302556
512.0,0.33359838319583873
512.0,0.3336315144286519
512.0,0.3336646456614651
512.0,0.3336977768942782
512.0,0.3337309081270914
512.0,0.33376403935990456
512.0,0.33379717059271774
512.0,0.3338303018255309
512.0,0.3338634330583441
512.0,0.33389656429115727
512.0,0.33392969552397045
512.0,0.3339628267567836
512.0,0.3339959579895968
512.0,0.33402908922241
512.0,0.33406222045522316
512.0,0.33409535168803633
512.0,0.3341284829208495
512.0,0.33416161415366263
512.0,0.3341947453864758
512.0,0.334227876619289
512.0,0.33426100785210217
512.0,0.33429413908491534
512.0,0.3343272703177285
512.0,0.3343604015505417
512.0,0.3343935327833549
512.0,0.33442666401616805
512.0,0.33445979524898123
512.0,0.3344929264817944
512.0,0.3345260577146076
512.0,0.33455918894742076
512.0,0.3345923201802339
512.0,0.33462545141304706
512.0,0.33465858264586024
512.0,0.3346917138786734
512.0,0.3347248451114866
512.0,0.33475797634429977
512.0,0.33479110757711295
512.0,0.3348242388099261
512.0,0.3348573700427393
512.0,0.3348905012755525
512.0,0.33492363250836565
512.0,0.33495676374117883
512.0,0.334989894973992
512.0,0.33502302620680513
512.0,0.3350561574396183
512.0,0.3350892886724315
512.0,0.33512241990524466
512.0,0.33515555113805784
512.0,0.335188682370871
512.0,0.3352218136036842
512.0,0.33525494483649737
512.0,0.33528807606931055
512.0,0.3353212073021237
512.0,0.3353543385349369
512.0,0.3353874697677501
512.0,0.33542060100056326
512.0,0.3354537322333764
512.0,0.33548686346618956
512.0,0.33551999469900273
512.0,0.3355531259318159
512.0,0.3355862571646291
512.0,0.33561938839744226
512.0,0.33565251963025544
512.0,0.3356856508630686
512.0,0.3357187820958818
512.0,0.335751913328695
512.0,0.33578504456150815
512.0,0.3358181757943213
512.0,0.3358513070271345
512.0,0.3358844382599476
512.0,0.3359175694927608
512.0,0.335950700725574
512.0,0.33598383195838716
512.0,0.33601696319120034
512.0,0.3360500944240135
512.0,0.3360832256568267
512.0,0.33611635688963987
512.0,0.33614948812245304
512.0,0.3361826193552662
512.0,0.3362157505880794
512.0,0.3362488818208926
512.0,0.33628201305370575
512.0,0.3363151442865189
512.0,0.33634827551933205
512.0,0.33638140675214523
512.0,0.3364145379849584
512.0,0.3364476692177716
512.0,0.33648080045058476
512.0,0.33651393168339794
512.0,0.3365470629162111
512.0,0.3365801941490243
512.0,0.33661332538183747
512.0,0.33664645661465065
512.0,0.3366795878474638
512.0,0.336712719080277
512.0,0.3367458503130901
512.0,0.3367789815459033
512.0,0.3368121127787165
512.0,0.33684524401152965
512.0,0.33687837524434283
512.0,0.336911506477156
512.0,0.3369446377099692
512.0,0.33697776894278236
512.0,0.33701090017559554
512.0,0.3370440314084087
512.0,0.3370771626412219
512.0,0.33711029387403507
512.0,0.33714342510684825
512.0,0.3371765563396614
512.0,0.33720968757247455
512.0,0.3372428188052877
512.0,0.3372759500381009
512.0,0.3373090812709141
512.0,0.33734221250372726
512.0,0.33737534373654043
512.0,0.3374084749693536
512.0,0.3374416062021668
512.0,0.33747473743497997
512.0,0.33750786866779314
512.0,0.3375409999006063
512.0,0.3375741311334195
512.0,0.3376072623662327
512.0,0.3376403935990458
512.0,0.337673524831859
512.0,0.33770665606467215
512.0,0.3377397872974853
512.0,0.3377729185302985
512.0,0.3378060497631117
512.0,0.33783918099592486
512.0,0.33787231222873804
512.0,0.3379054434615512
512.0,0.3379385746943644
512.0,0.33797170592717757
512.0,0.33800483715999075
512.0,0.3380379683928039
512.0,0.33807109962561704
512.0,0.3381042308584302
512.0,0.3381373620912434
512.0,0.3381704933240566
512.0,0.33820362455686975
512.0,0.33823675578968293
512.0,0.3382698870224961
512.0,0.3383030182553093
512.0,0.33833614948812246
512.0,0.33836928072093564
512.0,0.3384024119537488
512.0,0.338435543186562
512.0,0.33846867441937517
512.0,0.3385018056521883
512.0,0.33853493688500147
512.0,0.33856806811781465
512.0,0.3386011993506278
512.0,0.338634330583441
512.0,0.3386674618162542
512.0,0.33870059304906736
512.0,0.33873372428188053
512.0,0.3387668555146937
512.0,0.3387999867475069
512.0,0.33883311798032006
512.0,0.33886624921313324
512.0,0.3388993804459464
512.0,0.33893251167875954
512.0,0.3389656429115727
512.0,0.3389987741443859
512.0,0.33903190537719907
512.0,0.33906503661001225
512.0,0.3390981678428254
512.0,0.3391312990756386
512.0,0.3391644303084518
512.0,0.33919756154126496
512.0,0.33923069277407814
512.0,0.3392638240068913
512.0,0.3392969552397045
512.0,0.33933008647251767
512.0,0.3393632177053308
512.0,0.33939634893814397
512.0,0.33942948017095714
512.0,0.3394626114037703
512.0,0.3394957426365835
512.0,0.3395288738693967
512.0,0.33956200510220985
512.0,0.33959513633502303
512.0,0.3396282675678362
512.0,0.3396613988006494
512.0,0.33969453003346256
512.0,0.33972766126627574
512.0,0.3397607924990889
512.0,0.33979392373190204
512.0,0.3398270549647152
512.0,0.3398601861975284
512.0,0.33989331743034157
512.0,0.33992644866315475
512.0,0.3399595798959679
512.0,0.3399927111287811
512.0,0.3400258423615943
512.0,0.34005897359440745
512.0,0.34009210482722063
512.0,0.3401252360600338
512.0,0.340158367292847
512.0,0.34019149852566016
512.0,0.34022462975847334
512.0,0.34025776099128646
512.0,0.34029089222409964
512.0,0.3403240234569128
512.0,0.340357154689726
512.0,0.34039028592253917
512.0,0.34042341715535235
512.0,0.3404565483881655
512.0,0.3404896796209787
512.0,0.3405228108537919
512.0,0.34055594208660506
512.0,0.34058907331941823
512.0,0.3406222045522314
512.0,0.3406553357850446
512.0,0.3406884670178577
512.0,0.3407215982506709
512.0,0.34075472948348406
512.0,0.34078786071629724
512.0,0.3408209919491104
512.0,0.3408541231819236
512.0,0.3408872544147368
512.0,0.34092038564754995
512.0,0.34095351688036313
512.0,0.3409866481131763
512.0,0.3410197793459895
512.0,0.34105291057880266
512.0,0.34108604181161584
512.0,0.34111917304442896
512.0,0.34115230427724214
512.0,0.3411854355100553
512.0,0.3412185667428685
512.0,0.34125169797568167
512.0,0.34128482920849484
512.0,0.341317960441308
512.0,0.3413510916741212
512.0,0.3413842229069344
512.0,0.34141735413974755
512.0,0.34145048537256073
512.0,0.3414836166053739
512.0,0.3415167478381871
512.0,0.3415498790710002
512.0,0.3415830103038134
512.0,0.34161614153662656
512.0,0.34164927276943974
512.0,0.3416824040022529
512.0,0.3417155352350661
512.0,0.34174866646787927
512.0,0.34178179770069245
512.0,0.3418149289335056
512.0,0.3418480601663188
512.0,0.341881191399132
512.0,0.34191432263194516
512.0,0.34194745386475833
512.0,0.34198058509757145
512.0,0.34201371633038463
512.0,0.3420468475631978
512.0,0.342079978796011
512.0,0.34211311002882416
512.0,0.34214624126163734
512.0,0.3421793724944505
512.0,0.3422125037272637
512.0,0.34224563496007687
512.0,0.34227876619289005
512.0,0.3423118974257032
512.0,0.3423450286585164
512.0,0.3423781598913296
512.0,0.3424112911241427
512.0,0.3424444223569559
512.0,0.34247755358976906
512.0,0.34251068482258223
512.0,0.3425438160553954
512.0,0.3425769472882086
512.0,0.34261007852102177
512.0,0.34264320975383494
512.0,0.3426763409866481
512.0,0.3427094722194613
512.0,0.3427426034522745
512.0,0.34277573468508765
512.0,0.34280886591790083
512.0,0.34284199715071395
512.0,0.34287512838352713
512.0,0.3429082596163403
512.0,0.3429413908491535
512.0,0.34297452208196666
512.0,0.34300765331477984
512.0,0.343040784547593
512.0,0.3430739157804062
512.0,0.34310704701321937
512.0,0.34314017824603255
512.0,0.3431733094788457
512.0,0.3432064407116589
512.0,0.3432395719444721
512.0,0.34327270317728525
512.0,0.3433058344100984
512.0,0.34333896564291155
512.0,0.34337209687572473
512.0,0.3434052281085379
512.0,0.3434383593413511
512.0,0.34347149057416426
512.0,0.34350462180697744
512.0,0.3435377530397906
512.0,0.3435708842726038
512.0,0.34360401550541697
512.0,0.34363714673823015
512.0,0.3436702779710433
512.0,0.3437034092038565
512.0,0.3437365404366696
512.0,0.3437696716694828
512.0,0.343802802902296
512.0,0.34383593413510916
512.0,0.34386906536792233
512.0,0.3439021966007355
512.0,0.3439353278335487
512.0,0.34396845906636186
512.0,0.34400159029917504
512.0,0.3440347215319882
512.0,0.3440678527648014
512.0,0.3441009839976146
512.0,0.34413411523042775
512.0,0.3441672464632409
512.0,0.34420037769605405
512.0,0.3442335089288672
512.0,0.3442666401616804
512.0,0.3442997713944936
512.0,0.34433290262730676
512.0,0.34436603386011994
512.0,0.3443991650929331
512.0,0.3444322963257463
512.0,0.34446542755855947
512.0,0.34449855879137264
512.0,0.3445316900241858
512.0,0.344564821256999
512.0,0.3445979524898121
512.0,0.3446310837226253
512.0,0.3446642149554385
512.0,0.34469734618825165
512.0,0.34473047742106483
512.0,0.344763608653878
512.0,0.3447967398866912
512.0,0.34482987111950436
512.0,0.34486300235231754
512.0,0.3448961335851307
512.0,0.3449292648179439
512.0,0.34496239605075707
512.0,0.34499552728357025
512.0,0.34502865851638337
512.0,0.34506178974919655
512.0,0.3450949209820097
512.0,0.3451280522148229
512.0,0.3451611834476361
512.0,0.34519431468044925
512.0,0.34522744591326243
512.0,0.3452605771460756
512.0,0.3452937083788888
512.0,0.34532683961170196
512.0,0.34535997084451514
512.0,0.3453931020773283
512.0,0.3454262333101415
512.0,0.3454593645429546
512.0,0.3454924957757678
512.0,0.34552562700858097
512.0,0.34555875824139415
512.0,0.3455918894742073
512.0,0.3456250207070205
512.0,0.3456581519398337
512.0,0.34569128317264686
512.0,0.34572441440546003
512.0,0.3457575456382732
512.0,0.3457906768710864
512.0,0.34582380810389957
512.0,0.34585693933671274
512.0,0.34589007056952586
512.0,0.34592320180233904
512.0,0.3459563330351522
512.0,0.3459894642679654
512.0,0.3460225955007786
512.0,0.34605572673359175
512.0,0.34608885796640493
512.0,0.3461219891992181
512.0,0.3461551204320313
512.0,0.34618825166484446
512.0,0.34622138289765764
512.0,0.3462545141304708
512.0,0.346287645363284
512.0,0.34632077659609717
512.0,0.3463539078289103
512.0,0.34638703906172347
512.0,0.34642017029453664
512.0,0.3464533015273498
512.0,0.346486432760163
512.0,0.3465195639929762
512.0,0.34655269522578935
512.0,0.34658582645860253
512.0,0.3466189576914157
512.0,0.3466520889242289
512.0,0.34668522015704206
512.0,0.34671835138985524
512.0,0.3467514826226684
512.0,0.34678461385548154
512.0,0.3468177450882947
512.0,0.3468508763211079
512.0,0.34688400755392107
512.0,0.34691713878673425
512.0,0.3469502700195474
512.0,0.3469834012523606
512.0,0.3470165324851738
512.0,0.34704966371798696
512.0,0.34708279495080013
512.0,0.3471159261836133
512.0,0.3471490574164265
512.0,0.34718218864923966
512.0,0.3472153198820528
512.0,0.34724845111486596
512.0,0.34728158234767914
512.0,0.3473147135804923
512.0,0.3473478448133055
512.0,0.3473809760461187
512.0,0.34741410727893185
512.0,0.347447238511745
512.0,0.3474803697445582
512.0,0.3475135009773714
512.0,0.34754663221018456
512.0,0.34757976344299774
512.0,0.3476128946758109
512.0,0.34764602590862403
512.0,0.3476791571414372
512.0,0.3477122883742504
512.0,0.34774541960706357
512.0,0.34777855083987674
512.0,0.3478116820726899
512.0,0.3478448133055031
512.0,0.3478779445383163
512.0,0.34791107577112945
512.0,0.34794420700394263
512.0,0.3479773382367558
512.0,0.348010469469569
512.0,0.34804360070238216
512.0,0.3480767319351953
512.0,0.34810986316800846
512.0,0.34814299440082164
512.0,0.3481761256336348
512.0,0.348209256866448
512.0,0.34824238809926117
512.0,0.34827551933207435
512.0,0.3483086505648875
512.0,0.3483417817977007
512.0,0.3483749130305139
512.0,0.34840804426332705
512.0,0.34844117549614023
512.0,0.3484743067289534
512.0,0.34850743796176653
512.0,0.3485405691945797
512.0,0.3485737004273929
512.0,0.34860683166020606
512.0,0.34863996289301924
512.0,0.3486730941258324
512.0,0.3487062253586456
512.0,0.34873935659145877
512.0,0.34877248782427195
512.0,0.3488056190570851
512.0,0.3488387502898983
512.0,0.3488718815227115
512.0,0.34890501275552466
512.0,0.3489381439883378
512.0,0.34897127522115096
512.0,0.34900440645396413
512.0,0.3490375376867773
512.0,0.3490706689195905
512.0,0.34910380015240366
512.0,0.34913693138521684
512.0,0.34917006261803
512.0,0.3492031938508432
512.0,0.3492363250836564
512.0,0.34926945631646955
512.0,0.34930258754928273
512.0,0.3493357187820959
512.0,0.349368850014909
512.0,0.3494019812477222
512.0,0.3494351124805354
512.0,0.34946824371334856
512.0,0.34950137494616174
512.0,0.3495345061789749
512.0,0.3495676374117881
512.0,0.34960076864460127
512.0,0.34963389987741444
512.0,0.3496670311102276
512.0,0.3497001623430408
512.0,0.349733293575854
512.0,0.34976642480866715
512.0,0.34979955604148033
512.0,0.34983268727429345
512.0,0.34986581850710663
512.0,0.3498989497399198
512.0,0.349932080972733
512.0,0.34996521220554616
512.0,0.34999834343835934
512.0,0.3500314746711725
512.0,0.3500646059039857
512.0,0.35009773713679887
512.0,0.35013086836961205
512.0,0.3501639996024252
512.0,0.3501971308352384
512.0,0.3502302620680516
512.0,0.3502633933008647
512.0,0.3502965245336779
512.0,0.35032965576649105
512.0,0.35036278699930423
512.0,0.3503959182321174
512.0,0.3504290494649306
512.0,0.35046218069774376
512.0,0.35049531193055694
512.0,0.3505284431633701
512.0,0.3505615743961833
512.0,0.3505947056289965
512.0,0.35062783686180965
512.0,0.3506609680946228
512.0,0.35069409932743595
512.0,0.3507272305602491
512.0,0.3507603617930623
512.0,0.3507934930258755
512.0,0.35082662425868866
512.0,0.35085975549150183
512.0,0.350892886724315
512.0,0.3509260179571282
512.0,0.35095914918994137
512.0,0.35099228042275454
512.0,0.3510254116555677
512.0,0.3510585428883809
512.0,0.3510916741211941
512.0,0.3511248053540072
512.0,0.3511579365868204
512.0,0.35119106781963355
512.0,0.35122419905244673
512.0,0.3512573302852599
512.0,0.3512904615180731
512.0,0.35132359275088626
512.0,0.35135672398369944
512.0,0.3513898552165126
512.0,0.3514229864493258
512.0,0.35145611768213897
512.0,0.35148924891495215
512.0,0.3515223801477653
512.0,0.35155551138057844
512.0,0.3515886426133916
512.0,0.3516217738462048
512.0,0.351654905079018
512.0,0.35168803631183115
512.0,0.35172116754464433
512.0,0.3517542987774575
512.0,0.3517874300102707
512.0,0.35182056124308386
512.0,0.35185369247589704
512.0,0.3518868237087102
512.0,0.3519199549415234
512.0,0.35195308617433657
512.0,0.3519862174071497
512.0,0.35201934863996287
512.0,0.35205247987277605
512.0,0.3520856111055892
512.0,0.3521187423384024
512.0,0.3521518735712156
512.0,0.35218500480402876
512.0,0.35221813603684193
512.0,0.3522512672696551
512.0,0.3522843985024683
512.0,0.35231752973528146
512.0,0.35235066096809464
512.0,0.3523837922009078
512.0,0.35241692343372094
512.0,0.3524500546665341
512.0,0.3524831858993473
512.0,0.3525163171321605
512.0,0.35254944836497365
512.0,0.3525825795977868
512.0,0.3526157108306
512.0,0.3526488420634132
512.0,0.35268197329622636
512.0,0.35271510452903954
512.0,0.3527482357618527
512.0,0.3527813669946659
512.0,0.35281449822747907
512.0,0.35284762946029224
512.0,0.35288076069310537
512.0,0.35291389192591854
512.0,0.3529470231587317
512.0,0.3529801543915449
512.0,0.3530132856243581
512.0,0.35304641685717125
512.0,0.35307954808998443
512.0,0.3531126793227976
512.0,0.3531458105556108
512.0,0.35317894178842396
512.0,0.35321207302123714
512.0,0.3532452042540503
512.0,0.3532783354868635
512.0,0.3533114667196766
512.0,0.3533445979524898
512.0,0.35337772918530297
512.0,0.35341086041811615
512.0,0.3534439916509293
512.0,0.3534771228837425
512.0,0.3535102541165557
512.0,0.35354338534936885
512.0,0.35357651658218203
512.0,0.3536096478149952
512.0,0.3536427790478084
512.0,0.35367591028062156
512.0,0.35370904151343474
512.0,0.35374217274624786
512.0,0.35377530397906104
512.0,0.3538084352118742
512.0,0.3538415664446874
512.0,0.35387469767750057
512.0,0.35390782891031375
512.0,0.3539409601431269
512.0,0.3539740913759401
512.0,0.3540072226087533
512.0,0.35404035384156646
512.0,0.35407348507437963
512.0,0.3541066163071928
512.0,0.354139747540006
512.0,0.3541728787728191
512.0,0.3542060100056323
512.0,0.35423914123844547
512.0,0.35427227247125864
512.0,0.3543054037040718
512.0,0.354338534936885
512.0,0.3543716661696982
512.0,0.35440479740251135
512.0,0.35443792863532453
512.0,0.3544710598681377
512.0,0.3545041911009509
512.0,0.35453732233376406
512.0,0.35457045356657724
512.0,0.35460358479939036
512.0,0.35463671603220354
512.0,0.3546698472650167
512.0,0.3547029784978299
512.0,0.35473610973064307
512.0,0.35476924096345624
512.0,0.3548023721962694
512.0,0.3548355034290826
512.0,0.3548686346618958
512.0,0.35490176589470895
512.0,0.35493489712752213
512.0,0.3549680283603353
512.0,0.3550011595931485
512.0,0.3550342908259616
512.0,0.3550674220587748
512.0,0.35510055329158796
512.0,0.35513368452440114
512.0,0.3551668157572143
512.0,0.3551999469900275
512.0,0.35523307822284067
512.0,0.35526620945565385
512.0,0.355299340688467
512.0,0.3553324719212802
512.0,0.3553656031540934
512.0,0.35539873438690656
512.0,0.35543186561971973
512.0,0.35546499685253286
512.0,0.35549812808534603
512.0,0.3555312593181592
512.0,0.3555643905509724
512.0,0.35559752178378556
512.0,0.35563065301659874
512.0,0.3556637842494119
512.0,0.3556969154822251
512.0,0.3557300467150383
512.0,0.35576317794785145
512.0,0.3557963091806646
512.0,0.3558294404134778
512.0,0.355862571646291
512.0,0.35589570287910416
512.0,0.3559288341119173
512.0,0.35596196534473046
512.0,0.35599509657754363
512.0,0.3560282278103568
512.0,0.35606135904317
512.0,0.35609449027598317
512.0,0.35612762150879634
512.0,0.3561607527416095
512.0,0.3561938839744227
512.0,0.3562270152072359
512.0,0.35626014644004905
512.0,0.35629327767286223
512.0,0.3563264089056754
512.0,0.35635954013848853
512.0,0.3563926713713017
512.0,0.3564258026041149
512.0,0.35645893383692806
512.0,0.35649206506974124
512.0,0.3565251963025544
512.0,0.3565583275353676
512.0,0.35659145876818077
512.0,0.35662459000099395
512.0,0.3566577212338071
512.0,0.3566908524666203
512.0,0.3567239836994335
512.0,0.35675711493224666
512.0,0.3567902461650598
512.0,0.35682337739787295
512.0,0.35685650863068613
512.0,0.3568896398634993
512.0,0.3569227710963125
512.0,0.35695590232912566
512.0,0.35698903356193884
512.0,0.357022164794752
512.0,0.3570552960275652
512.0,0.35708842726037837
512.0,0.35712155849319155
512.0,0.3571546897260047
512.0,0.3571878209588179
512.0,0.357220952191631
512.0,0.3572540834244442
512.0,0.3572872146572574
512.0,0.35732034589007056
512.0,0.35735347712288373
512.0,0.3573866083556969
512.0,0.3574197395885101
512.0,0.35745287082132327
512.0,0.35748600205413644
512.0,0.3575191332869496
512.0,0.3575522645197628
512.0,0.357585395752576
512.0,0.35761852698538915
512.0,0.3576516582182023
512.0,0.35768478945101545
512.0,0.3577179206838286
512.0,0.3577510519166418
512.0,0.357784183149455
512.0,0.35781731438226816
512.0,0.35785044561508134
512.0,0.3578835768478945
512.0,0.3579167080807077
512.0,0.35794983931352087
512.0,0.35798297054633405
512.0,0.3580161017791472
512.0,0.3580492330119604
512.0,0.3580823642447735
512.0,0.3581154954775867
512.0,0.3581486267103999
512.0,0.35818175794321305
512.0,0.35821488917602623
512.0,0.3582480204088394
512.0,0.3582811516416526
512.0,0.35831428287446576
512.0,0.35834741410727894
512.0,0.3583805453400921
512.0,0.3584136765729053
512.0,0.35844680780571847
512.0,0.35847993903853165
512.0,0.35851307027134477
512.0,0.35854620150415795
512.0,0.3585793327369711
512.0,0.3586124639697843
512.0,0.3586455952025975
512.0,0.35867872643541066
512.0,0.35871185766822383
512.0,0.358744988901037
512.0,0.3587781201338502
512.0,0.35881125136666336
512.0,0.35884438259947654
512.0,0.3588775138322897
512.0,0.3589106450651029
512.0,0.3589437762979161
512.0,0.3589769075307292
512.0,0.35901003876354237
512.0,0.35904316999635555
512.0,0.3590763012291687
512.0,0.3591094324619819
512.0,0.3591425636947951
512.0,0.35917569492760826
512.0,0.35920882616042143
512.0,0.3592419573932346
512.0,0.3592750886260478
512.0,0.35930821985886097
512.0,0.35934135109167414
512.0,0.3593744823244873
512.0,0.35940761355730044
512.0,0.3594407447901136
512.0,0.3594738760229268
512.0,0.35950700725574
512.0,0.35954013848855315
512.0,0.35957326972136633
512.0,0.3596064009541795
512.0,0.3596395321869927
512.0,0.35967266341980586
512.0,0.35970579465261904
512.0,0.3597389258854322
512.0,0.3597720571182454
512.0,0.35980518835105857
512.0,0.3598383195838717
512.0,0.35987145081668487
512.0,0.35990458204949805
512.0,0.3599377132823112
512.0,0.3599708445151244
512.0,0.3600039757479376
512.0,0.36003710698075075
512.0,0.36007023821356393
512.0,0.3601033694463771
512.0,0.3601365006791903
512.0,0.36016963191200346
512.0,0.36020276314481664
512.0,0.3602358943776298
512.0,0.36026902561044294
512.0,0.3603021568432561
512.0,0.3603352880760693
512.0,0.36036841930888247
512.0,0.36040155054169565
512.0,0.3604346817745088
512.0,0.360467813007322
512.0,0.3605009442401352
512.0,0.36053407547294836
512.0,0.36056720670576153
512.0,0.3606003379385747
512.0,0.3606334691713879
512.0,0.36066660040420107
512.0,0.3606997316370142
512.0,0.36073286286982736
512.0,0.36076599410264054
512.0,0.3607991253354537
512.0,0.3608322565682669
512.0,0.3608653878010801
512.0,0.36089851903389325
512.0,0.3609316502667064
512.0,0.3609647814995196
512.0,0.3609979127323328
512.0,0.36103104396514596
512.0,0.36106417519795914
512.0,0.3610973064307723
512.0,0.36113043766358544
512.0,0.3611635688963986
512.0,0.3611967001292118
512.0,0.36122983136202497
512.0,0.36126296259483814
512.0,0.3612960938276513
512.0,0.3613292250604645
512.0,0.3613623562932777
512.0,0.36139548752609085
512.0,0.36142861875890403
512.0,0.3614617499917172
512.0,0.3614948812245304
512.0,0.36152801245734356
512.0,0.3615611436901567
512.0,0.36159427492296986
512.0,0.36162740615578304
512.0,0.3616605373885962
512.0,0.3616936686214094
512.0,0.36172679985422257
512.0,0.36175993108703575
512.0,0.3617930623198489
512.0,0.3618261935526621
512.0,0.3618593247854753
512.0,0.36189245601828846
512.0,0.36192558725110163
512.0,0.3619587184839148
512.0,0.361991849716728
512.0,0.3620249809495411
512.0,0.3620581121823543
512.0,0.36209124341516746
512.0,0.36212437464798064
512.0,0.3621575058807938
512.0,0.362190637113607
512.0,0.36222376834642017
512.0,0.36225689957923335
512.0,0.3622900308120465
512.0,0.3623231620448597
512.0,0.3623562932776729
512.0,0.36238942451048606
512.0,0.36242255574329924
512.0,0.36245568697611236
512.0,0.36248881820892553
512.0,0.3625219494417387
512.0,0.3625550806745519
512.0,0.36258821190736507
512.0,0.36262134314017824
512.0,0.3626544743729914
512.0,0.3626876056058046
512.0,0.3627207368386178
512.0,0.36275386807143095
512.0,0.36278699930424413
512.0,0.3628201305370573
512.0,0.3628532617698705
512.0,0.3628863930026836
512.0,0.3629195242354968
512.0,0.36295265546830996
512.0,0.36298578670112314
512.0,0.3630189179339363
512.0,0.3630520491667495
512.0,0.36308518039956267
512.0,0.36311831163237585
512.0,0.363151442865189
512.0,0.3631845740980022
512.0,0.3632177053308154
512.0,0.36325083656362855
512.0,0.36328396779644173
512.0,0.36331709902925485
512.0,0.36335023026206803
512.0,0.3633833614948812
512.0,0.3634164927276944
512.0,0.36344962396050756
512.0,0.36348275519332074
512.0,0.3635158864261339
512.0,0.3635490176589471
512.0,0.36358214889176027
512.0,0.36361528012457345
512.0,0.3636484113573866
512.0,0.3636815425901998
512.0,0.363714673823013
512.0,0.3637478050558261
512.0,0.3637809362886393
512.0,0.36381406752145246
512.0,0.36384719875426563
512.0,0.3638803299870788
512.0,0.363913461219892
512.0,0.36394659245270516
512.0,0.36397972368551834
512.0,0.3640128549183315
512.0,0.3640459861511447
512.0,0.3640791173839579
512.0,0.36411224861677105
512.0,0.3641453798495842
512.0,0.36417851108239735
512.0,0.3642116423152105
512.0,0.3642447735480237
512.0,0.3642779047808369
512.0,0.36431103601365006
512.0,0.36434416724646324
512.0,0.3643772984792764
512.0,0.3644104297120896
512.0,0.36444356094490277
512.0,0.36447669217771594
512.0,0.3645098234105291
512.0,0.3645429546433423
512.0,0.3645760858761555
512.0,0.3646092171089686
512.0,0.3646423483417818
512.0,0.36467547957459495
512.0,0.36470861080740813
512.0,0.3647417420402213
512.0,0.3647748732730345
512.0,0.36480800450584766
512.0,0.36484113573866084
512.0,0.364874266971474
512.0,0.3649073982042872
512.0,0.36494052943710037
512.0,0.36497366066991355
512.0,0.3650067919027267
512.0,0.3650399231355399
512.0,0.365073054368353
512.0,0.3651061856011662
512.0,0.3651393168339794
512.0,0.36517244806679255
512.0,0.36520557929960573
512.0,0.3652387105324189
512.0,0.3652718417652321
512.0,0.36530497299804526
512.0,0.36533810423085844
512.0,0.3653712354636716
512.0,0.3654043666964848
512.0,0.36543749792929797
512.0,0.36547062916211115
512.0,0.36550376039492427
512.0,0.36553689162773745
512.0,0.3655700228605506
512.0,0.3656031540933638
512.0,0.365636285326177
512.0,0.36566941655899016
512.0,0.36570254779180333
512.0,0.3657356790246165
512.0,0.3657688102574297
512.0,0.36580194149024287
512.0,0.36583507272305604
512.0,0.3658682039558692
512.0,0.3659013351886824
512.0,0.3659344664214955
512.0,0.3659675976543087
512.0,0.3660007288871219
512.0,0.36603386011993505
512.0,0.36606699135274823
512.0,0.3661001225855614
512.0,0.3661332538183746
512.0,0.36616638505118776
512.0,0.36619951628400094
512.0,0.3662326475168141
512.0,0.3662657787496273
512.0,0.36629890998244047
512.0,0.36633204121525365
512.0,0.36636517244806677
512.0,0.36639830368087994
512.0,0.3664314349136931
512.0,0.3664645661465063
512.0,0.3664976973793195
512.0,0.36653082861213265
512.0,0.36656395984494583
512.0,0.366597091077759
512.0,0.3666302223105722
512.0,0.36666335354338536
512.0,0.36669648477619854
512.0,0.3667296160090117
512.0,0.3667627472418249
512.0,0.366795878474638
512.0,0.3668290097074512
512.0,0.36686214094026437
512.0,0.36689527217307755
512.0,0.3669284034058907
512.0,0.3669615346387039
512.0,0.3669946658715171
512.0,0.36702779710433026
512.0,0.36706092833714343
512.0,0.3670940595699566
512.0,0.3671271908027698
512.0,0.36716032203558296
512.0,0.36719345326839614
512.0,0.36722658450120926
512.0,0.36725971573402244
512.0,0.3672928469668356
512.0,0.3673259781996488
512.0,0.36735910943246197
512.0,0.36739224066527515
512.0,0.3674253718980883
512.0,0.3674585031309015
512.0,0.3674916343637147
512.0,0.36752476559652786
512.0,0.36755789682934104
512.0,0.3675910280621542
512.0,0.3676241592949674
512.0,0.3676572905277805
512.0,0.3676904217605937
512.0,0.36772355299340687
512.0,0.36775668422622004
512.0,0.3677898154590332
512.0,0.3678229466918464
512.0,0.3678560779246596
512.0,0.36788920915747275
512.0,0.36792234039028593
512.0,0.3679554716230991
512.0,0.3679886028559123
512.0,0.36802173408872546
512.0,0.36805486532153864
512.0,0.3680879965543518
512.0,0.36812112778716494
512.0,0.3681542590199781
512.0,0.3681873902527913
512.0,0.36822052148560447
512.0,0.36825365271841765
512.0,0.3682867839512308
512.0,0.368319915184044
512.0,0.3683530464168572
512.0,0.36838617764967035
512.0,0.36841930888248353
512.0,0.3684524401152967
512.0,0.3684855713481099
512.0,0.36851870258092306
512.0,0.3685518338137362
512.0,0.36858496504654936
512.0,0.36861809627936254
512.0,0.3686512275121757
512.0,0.3686843587449889
512.0,0.36871748997780207
512.0,0.36875062121061525
512.0,0.3687837524434284
512.0,0.3688168836762416
512.0,0.3688500149090548
512.0,0.36888314614186796
512.0,0.36891627737468113
512.0,0.3689494086074943
512.0,0.36898253984030743
512.0,0.3690156710731206
512.0,0.3690488023059338
512.0,0.36908193353874696
512.0,0.36911506477156014
512.0,0.3691481960043733
512.0,0.3691813272371865
512.0,0.3692144584699997
512.0,0.36924758970281285
512.0,0.36928072093562603
512.0,0.3693138521684392
512.0,0.3693469834012524
512.0,0.36938011463406556
512.0,0.3694132458668787
512.0,0.36944637709969186
512.0,0.36947950833250504
512.0,0.3695126395653182
512.0,0.3695457707981314
512.0,0.36957890203094457
512.0,0.36961203326375774
512.0,0.3696451644965709
512.0,0.3696782957293841
512.0,0.3697114269621973
512.0,0.36974455819501045
512.0,0.36977768942782363
512.0,0.3698108206606368
512.0,0.36984395189344993
512.0,0.3698770831262631
512.0,0.3699102143590763
512.0,0.36994334559188946
512.0,0.36997647682470264
512.0,0.3700096080575158
512.0,0.370042739290329
512.0,0.37007587052314217
512.0,0.37010900175595535
512.0,0.3701421329887685
512.0,0.3701752642215817
512.0,0.3702083954543949
512.0,0.37024152668720806
512.0,0.3702746579200212
512.0,0.37030778915283435
512.0,0.37034092038564753
512.0,0.3703740516184607
512.0,0.3704071828512739
512.0,0.37044031408408706
512.0,0.37047344531690024
512.0,0.3705065765497134
512.0,0.3705397077825266
512.0,0.37057283901533977
512.0,0.37060597024815295
512.0,0.3706391014809661
512.0,0.3706722327137793
512.0,0.3707053639465924
512.0,0.3707384951794056
512.0,0.3707716264122188
512.0,0.37080475764503196
512.0,0.37083788887784513
512.0,0.3708710201106583
512.0,0.3709041513434715
512.0,0.37093728257628467
512.0,0.37097041380909784
512.0,0.371003545041911
512.0,0.3710366762747242
512.0,0.3710698075075374
512.0,0.37110293874035055
512.0,0.37113606997316373
512.0,0.37116920120597685
512.0,0.37120233243879003
512.0,0.3712354636716032
512.0,0.3712685949044164
512.0,0.37130172613722956
512.0,0.37133485737004274
512.0,0.3713679886028559
512.0,0.3714011198356691
512.0,0.37143425106848227
512.0,0.37146738230129545
512.0,0.3715005135341086
512.0,0.3715336447669218
512.0,0.371566775999735
512.0,0.3715999072325481
512.0,0.3716330384653613
512.0,0.37166616969817445
512.0,0.37169930093098763
512.0,0.3717324321638008
512.0,0.371765563396614
512.0,0.37179869462942716
512.0,0.37183182586224034
512.0,0.3718649570950535
512.0,0.3718980883278667
512.0,0.37193121956067987
512.0,0.37196435079349305
512.0,0.3719974820263062
512.0,0.37203061325911935
512.0,0.3720637444919325
512.0,0.3720968757247457
512.0,0.3721300069575589
512.0,0.37216313819037206
512.0,0.37219626942318523
512.0,0.3722294006559984
512.0,0.3722625318888116
512.0,0.37229566312162476
512.0,0.37232879435443794
512.0,0.3723619255872511
512.0,0.3723950568200643
512.0,0.3724281880528775
512.0,0.3724613192856906
512.0,0.3724944505185038
512.0,0.37252758175131695
512.0,0.3725607129841301
512.0,0.3725938442169433
512.0,0.3726269754497565
512.0,0.37266010668256966
512.0,0.37269323791538284
512.0,0.372726369148196
512.0,0.3727595003810092
512.0,0.37279263161382237
512.0,0.37282576284663554
512.0,0.3728588940794487
512.0,0.37289202531226184
512.0,0.372925156545075
512.0,0.3729582877778882
512.0,0.3729914190107014
512.0,0.37302455024351455
512.0,0.37305768147632773
512.0,0.3730908127091409
512.0,0.3731239439419541
512.0,0.37315707517476726
512.0,0.37319020640758044
512.0,0.3732233376403936
512.0,0.3732564688732068
512.0,0.37328960010601997
512.0,0.3733227313388331
512.0,0.37335586257164627
512.0,0.37338899380445945
512.0,0.3734221250372726
512.0,0.3734552562700858
512.0,0.373488387502899
512.0,0.37352151873571215
512.0,0.37355464996852533
512.0,0.3735877812013385
512.0,0.3736209124341517
512.0,0.37365404366696486
512.0,0.37368717489977804
512.0,0.3737203061325912
512.0,0.37375343736540434
512.0,0.3737865685982175
512.0,0.3738196998310307
512.0,0.37385283106384387
512.0,0.37388596229665705
512.0,0.3739190935294702
512.0,0.3739522247622834
512.0,0.3739853559950966
512.0,0.37401848722790976
512.0,0.37405161846072293
512.0,0.3740847496935361
512.0,0.3741178809263493
512.0,0.37415101215916247
512.0,0.3741841433919756
512.0,0.37421727462478876
512.0,0.37425040585760194
512.0,0.3742835370904151
512.0,0.3743166683232283
512.0,0.3743497995560415
512.0,0.37438293078885465
512.0,0.37441606202166783
512.0,0.374449193254481
512.0,0.3744823244872942
512.0,0.37451545572010736
512.0,0.37454858695292054
512.0,0.3745817181857337
512.0,0.3746148494185469
512.0,0.37464798065136
512.0,0.3746811118841732
512.0,0.37471424311698637
512.0,0.37474737434979954
512.0,0.3747805055826127
512.0,0.3748136368154259
512.0,0.3748467680482391
512.0,0.37487989928105225
512.0,0.37491303051386543
512.0,0.3749461617466786
512.0,0.3749792929794918
512.0,0.37501242421230496
512.0,0.37504555544511814
512.0,0.37507868667793126
512.0,0.37511181791074444
512.0,0.3751449491435576
512.0,0.3751780803763708
512.0,0.37521121160918397
512.0,0.37524434284199715
512.0,0.3752774740748103
512.0,0.3753106053076235
512.0,0.3753437365404367
512.0,0.37537686777324986
512.0,0.37540999900606303
512.0,0.3754431302388762
512.0,0.3754762614716894
512.0,0.3755093927045025
512.0,0.3755425239373157
512.0,0.37557565517012886
512.0,0.37560878640294204
512.0,0.3756419176357552
512.0,0.3756750488685684
512.0,0.3757081801013816
512.0,0.37574131133419475
512.0,0.3757744425670079
512.0,0.3758075737998211
512.0,0.3758407050326343
512.0,0.37587383626544746
512.0,0.37590696749826064
512.0,0.37594009873107376
512.0,0.37597322996388693
512.0,0.3760063611967001
512.0,0.3760394924295133
512.0,0.37607262366232647
512.0,0.37610575489513964
512.0,0.3761388861279528
512.0,0.376172017360766
512.0,0.3762051485935792
512.0,0.37623827982639235
512.0,0.37627141105920553
512.0,0.3763045422920187
512.0,0.3763376735248319
512.0,0.376370804757645
512.0,0.3764039359904582
512.0,0.37643706722327136
512.0,0.37647019845608454
512.0,0.3765033296888977
512.0,0.3765364609217109
512.0,0.37656959215452407
512.0,0.37660272338733725
512.0,0.3766358546201504
512.0,0.3766689858529636
512.0,0.3767021170857768
512.0,0.37673524831858995
512.0,0.37676837955140313
512.0,0.37680151078421625
512.0,0.37683464201702943
512.0,0.3768677732498426
512.0,0.3769009044826558
512.0,0.37693403571546896
512.0,0.37696716694828214
512.0,0.3770002981810953
512.0,0.3770334294139085
512.0,0.37706656064672167
512.0,0.37709969187953485
512.0,0.377132823112348
512.0,0.3771659543451612
512.0,0.3771990855779744
512.0,0.3772322168107875
512.0,0.3772653480436007
512.0,0.37729847927641386
512.0,0.37733161050922703
512.0,0.3773647417420402
512.0,0.3773978729748534
512.0,0.37743100420766656
512.0,0.37746413544047974
512.0,0.3774972666732929
512.0,0.3775303979061061
512.0,0.3775635291389193
512.0,0.37759666037173245
512.0,0.37762979160454563
512.0,0.3776629228373588
512.0,0.3776960540701719
512.0,0.3777291853029851
512.0,0.3777623165357983
512.0,0.37779544776861146
512.0,0.37782857900142464
512.0,0.3778617102342378
512.0,0.377894841467051
512.0,0.37792797269986417
512.0,0.37796110393267734
512.0,0.3779942351654905
512.0,0.3780273663983037
512.0,0.3780604976311169
512.0,0.37809362886393005
512.0,0.3781267600967432
512.0,0.37815989132955635
512.0,0.37819302256236953
512.0,0.3782261537951827
512.0,0.3782592850279959
512.0,0.37829241626080906
512.0,0.37832554749362224
512.0,0.3783586787264354
512.0,0.3783918099592486
512.0,0.37842494119206177
512.0,0.37845807242487495
512.0,0.3784912036576881
512.0,0.3785243348905013
512.0,0.3785574661233144
512.0,0.3785905973561276
512.0,0.3786237285889408
512.0,0.37865685982175395
512.0,0.37868999105456713
512.0,0.3787231222873803
512.0,0.3787562535201935
512.0,0.37878938475300666
512.0,0.37882251598581984
512.0,0.378855647218633
512.0,0.3788887784514462
512.0,0.3789219096842594
512.0,0.37895504091707255
512.0,0.37898817214988567
512.0,0.37902130338269885
512.0,0.379054434615512
512.0,0.3790875658483252
512.0,0.3791206970811384
512.0,0.37915382831395156
512.0,0.37918695954676473
512.0,0.3792200907795779
512.0,0.3792532220123911
512.0,0.37928635324520427
512.0,0.37931948447801744
512.0,0.3793526157108306
512.0,0.3793857469436438
512.0,0.3794188781764569
512.0,0.3794520094092701
512.0,0.3794851406420833
512.0,0.37951827187489645
512.0,0.37955140310770963
512.0,0.3795845343405228
512.0,0.379617665573336
512.0,0.37965079680614916
512.0,0.37968392803896234
512.0,0.3797170592717755
512.0,0.3797501905045887
512.0,0.37978332173740187
512.0,0.37981645297021505
512.0,0.37984958420302817
512.0,0.37988271543584134
512.0,0.3799158466686545
512.0,0.3799489779014677
512.0,0.3799821091342809
512.0,0.38001524036709405
512.0,0.38004837159990723
512.0,0.3800815028327204
512.0,0.3801146340655336
512.0,0.38014776529834676
512.0,0.38018089653115994
512.0,0.3802140277639731
512.0,0.3802471589967863
512.0,0.3802802902295994
512.0,0.3803134214624126
512.0,0.38034655269522577
512.0,0.38037968392803895
512.0,0.3804128151608521
512.0,0.3804459463936653
512.0,0.3804790776264785
512.0,0.38051220885929166
512.0,0.38054534009210483
512.0,0.380578471324918
512.0,0.3806116025577312
512.0,0.38064473379054437
512.0,0.38067786502335754
512.0,0.3807109962561707
512.0,0.38074412748898384
512.0,0.380777258721797
512.0,0.3808103899546102
512.0,0.3808435211874234
512.0,0.38087665242023655
512.0,0.3809097836530497
512.0,0.3809429148858629
512.0,0.3809760461186761
512.0,0.38100917735148926
512.0,0.38104230858430244
512.0,0.3810754398171156
512.0,0.3811085710499288
512.0,0.38114170228274197
512.0,0.3811748335155551
512.0,0.38120796474836827
512.0,0.38124109598118144
512.0,0.3812742272139946
512.0,0.3813073584468078
512.0,0.381340489679621
512.0,0.38137362091243415
512.0,0.38140675214524733
512.0,0.3814398833780605
512.0,0.3814730146108737
512.0,0.38150614584368686
512.0,0.38153927707650004
512.0,0.3815724083093132
512.0,0.38160553954212634
512.0,0.3816386707749395
512.0,0.3816718020077527
512.0,0.38170493324056587
512.0,0.38173806447337905
512.0,0.3817711957061922
512.0,0.3818043269390054
512.0,0.3818374581718186
512.0,0.38187058940463176
512.0,0.38190372063744493
512.0,0.3819368518702581
512.0,0.3819699831030713
512.0,0.38200311433588446
512.0,0.3820362455686976
512.0,0.38206937680151076
512.0,0.38210250803432394
512.0,0.3821356392671371
512.0,0.3821687704999503
512.0,0.38220190173276347
512.0,0.38223503296557665
512.0,0.3822681641983898
512.0,0.382301295431203
512.0,0.3823344266640162
512.0,0.38236755789682936
512.0,0.38240068912964253
512.0,0.3824338203624557
512.0,0.38246695159526883
512.0,0.382500082828082
512.0,0.3825332140608952
512.0,0.38256634529370837
512.0,0.38259947652652154
512.0,0.3826326077593347
512.0,0.3826657389921479
512.0,0.3826988702249611
512.0,0.38273200145777425
512.0,0.38276513269058743
512.0,0.3827982639234006
512.0,0.3828313951562138
512.0,0.38286452638902696
512.0,0.3828976576218401
512.0,0.38293078885465326
512.0,0.38296392008746644
512.0,0.3829970513202796
512.0,0.3830301825530928
512.0,0.38306331378590597
512.0,0.38309644501871915
512.0,0.3831295762515323
512.0,0.3831627074843455
512.0,0.3831958387171587
512.0,0.38322896994997185
512.0,0.38326210118278503
512.0,0.3832952324155982
512.0,0.38332836364841133
512.0,0.3833614948812245
512.0,0.3833946261140377
512.0,0.38342775734685086
512.0,0.38346088857966404
512.0,0.3834940198124772
512.0,0.3835271510452904
512.0,0.38356028227810357
512.0,0.38359341351091675
512.0,0.3836265447437299
512.0,0.3836596759765431
512.0,0.3836928072093563
512.0,0.38372593844216946
512.0,0.38375906967498263
512.0,0.38379220090779576
512.0,0.38382533214060893
512.0,0.3838584633734221
512.0,0.3838915946062353
512.0,0.38392472583904846
512.0,0.38395785707186164
512.0,0.3839909883046748
512.0,0.384024119537488
512.0,0.3840572507703012
512.0,0.38409038200311435
512.0,0.3841235132359275
512.0,0.3841566444687407
512.0,0.3841897757015539
512.0,0.384222906934367
512.0,0.3842560381671802
512.0,0.38428916939999336
512.0,0.38432230063280653
512.0,0.3843554318656197
512.0,0.3843885630984329
512.0,0.38442169433124607
512.0,0.38445482556405924
512.0,0.3844879567968724
512.0,0.3845210880296856
512.0,0.3845542192624988
512.0,0.38458735049531195
512.0,0.38462048172812513
512.0,0.38465361296093825
512.0,0.38468674419375143
512.0,0.3847198754265646
512.0,0.3847530066593778
512.0,0.38478613789219096
512.0,0.38481926912500414
512.0,0.3848524003578173
512.0,0.3848855315906305
512.0,0.38491866282344367
512.0,0.38495179405625685
512.0,0.38498492528907
512.0,0.3850180565218832
512.0,0.3850511877546964
512.0,0.3850843189875095
512.0,0.3851174502203227
512.0,0.38515058145313585
512.0,0.38518371268594903
512.0,0.3852168439187622
512.0,0.3852499751515754
512.0,0.38528310638438856
512.0,0.38531623761720174
512.0,0.3853493688500149
512.0,0.3853825000828281
512.0,0.38541563131564127
512.0,0.38544876254845445
512.0,0.3854818937812676
512.0,0.38551502501408075
512.0,0.3855481562468939
512.0,0.3855812874797071
512.0,0.3856144187125203
512.0,0.38564754994533346
512.0,0.38568068117814663
512.0,0.3857138124109598
512.0,0.385746943643773
512.0,0.38578007487658617
512.0,0.38581320610939934
512.0,0.3858463373422125
512.0,0.3858794685750257
512.0,0.3859125998078389
512.0,0.385945731040652
512.0,0.3859788622734652
512.0,0.38601199350627835
512.0,0.3860451247390915
512.0,0.3860782559719047
512.0,0.3861113872047179
512.0,0.38614451843753106
512.0,0.38617764967034424
512.0,0.3862107809031574
512.0,0.3862439121359706
512.0,0.38627704336878377
512.0,0.38631017460159695
512.0,0.3863433058344101
512.0,0.38637643706722324
512.0,0.3864095683000364
512.0,0.3864426995328496
512.0,0.3864758307656628
512.0,0.38650896199847595
512.0,0.38654209323128913
512.0,0.3865752244641023
512.0,0.3866083556969155
512.0,0.38664148692972866
512.0,0.38667461816254184
512.0,0.386707749395355
512.0,0.3867408806281682
512.0,0.38677401186098137
512.0,0.38680714309379455
512.0,0.38684027432660767
512.0,0.38687340555942085
512.0,0.386906536792234
512.0,0.3869396680250472
512.0,0.3869727992578604
512.0,0.38700593049067356
512.0,0.38703906172348673
512.0,0.3870721929562999
512.0,0.3871053241891131
512.0,0.38713845542192626
512.0,0.38717158665473944
512.0,0.3872047178875526
512.0,0.3872378491203658
512.0,0.3872709803531789
512.0,0.3873041115859921
512.0,0.38733724281880527
512.0,0.38737037405161845
512.0,0.3874035052844316
512.0,0.3874366365172448
512.0,0.387469767750058
512.0,0.38750289898287116
512.0,0.38753603021568434
512.0,0.3875691614484975
512.0,0.3876022926813107
512.0,0.38763542391412387
512.0,0.38766855514693704
512.0,0.38770168637975017
512.0,0.38773481761256334
512.0,0.3877679488453765
512.0,0.3878010800781897
512.0,0.3878342113110029
512.0,0.38786734254381605
512.0,0.38790047377662923
512.0,0.3879336050094424
512.0,0.3879667362422556
512.0,0.38799986747506876
512.0,0.38803299870788194
512.0,0.3880661299406951
512.0,0.3880992611735083
512.0,0.3881323924063214
512.0,0.3881655236391346
512.0,0.38819865487194777
512.0,0.38823178610476095
512.0,0.3882649173375741
512.0,0.3882980485703873
512.0,0.3883311798032005
512.0,0.38836431103601365
512.0,0.38839744226882683
512.0,0.38843057350164
512.0,0.3884637047344532
512.0,0.38849683596726636
512.0,0.38852996720007954
512.0,0.38856309843289266
512.0,0.38859622966570584
512.0,0.388629360898519
512.0,0.3886624921313322
512.0,0.38869562336414537
512.0,0.38872875459695855
512.0,0.3887618858297717
512.0,0.3887950170625849
512.0,0.3888281482953981
512.0,0.38886127952821126
512.0,0.38889441076102443
512.0,0.3889275419938376
512.0,0.3889606732266508
512.0,0.3889938044594639
512.0,0.3890269356922771
512.0,0.38906006692509026
512.0,0.38909319815790344
512.0,0.3891263293907166
512.0,0.3891594606235298
512.0,0.389192591856343
512.0,0.38922572308915615
512.0,0.3892588543219693
512.0,0.3892919855547825
512.0,0.3893251167875957
512.0,0.38935824802040886
512.0,0.38939137925322204
512.0,0.38942451048603516
512.0,0.38945764171884834
512.0,0.3894907729516615
512.0,0.3895239041844747
512.0,0.38955703541728787
512.0,0.38959016665010104
512.0,0.3896232978829142
512.0,0.3896564291157274
512.0,0.3896895603485406
512.0,0.38972269158135375
512.0,0.38975582281416693
512.0,0.3897889540469801
512.0,0.3898220852797933
512.0,0.38985521651260646
512.0,0.3898883477454196
512.0,0.38992147897823276
512.0,0.38995461021104594
512.0,0.3899877414438591
512.0,0.3900208726766723
512.0,0.39005400390948547
512.0,0.39008713514229865
512.0,0.3901202663751118
512.0,0.390153397607925
512.0,0.3901865288407382
512.0,0.39021966007355136
512.0,0.39025279130636453
512.0,0.3902859225391777
512.0,0.39031905377199083
512.0,0.390352185004804
512.0,0.3903853162376172
512.0,0.39041844747043036
512.0,0.39045157870324354
512.0,0.3904847099360567
512.0,0.3905178411688699
512.0,0.39055097240168307
512.0,0.39058410363449625
512.0,0.3906172348673094
512.0,0.3906503661001226
512.0,0.3906834973329358
512.0,0.39071662856574896
512.0,0.3907497597985621
512.0,0.39078289103137526
512.0,0.39081602226418843
512.0,0.3908491534970016
512.0,0.3908822847298148
512.0,0.39091541596262797
512.0,0.39094854719544114
512.0,0.3909816784282543
512.0,0.3910148096610675
512.0,0.3910479408938807
512.0,0.39108107212669385
512.0,0.39111420335950703
512.0,0.3911473345923202
512.0,0.39118046582513333
512.0,0.3912135970579465
512.0,0.3912467282907597
512.0,0.39127985952357286
512.0,0.39131299075638604
512.0,0.3913461219891992
512.0,0.3913792532220124
512.0,0.39141238445482557
512.0,0.39144551568763875
512.0,0.3914786469204519
512.0,0.3915117781532651
512.0,0.3915449093860783
512.0,0.39157804061889145
512.0,0.3916111718517046
512.0,0.39164430308451775
512.0,0.39167743431733093
512.0,0.3917105655501441
512.0,0.3917436967829573
512.0,0.39177682801577046
512.0,0.39180995924858364
512.0,0.3918430904813968
512.0,0.39187622171421
512.0,0.39190935294702317
512.0,0.39194248417983635
512.0,0.3919756154126495
512.0,0.3920087466454627
512.0,0.3920418778782758
512.0,0.392075009111089
512.0,0.3921081403439022
512.0,0.39214127157671536
512.0,0.39217440280952853
512.0,0.3922075340423417
512.0,0.3922406652751549
512.0,0.39227379650796806
512.0,0.39230692774078124
512.0,0.3923400589735944
512.0,0.3923731902064076
512.0,0.3924063214392208
512.0,0.39243945267203395
512.0,0.39247258390484707
512.0,0.39250571513766025
512.0,0.3925388463704734
512.0,0.3925719776032866
512.0,0.3926051088360998
512.0,0.39263824006891296
512.0,0.39267137130172614
512.0,0.3927045025345393
512.0,0.3927376337673525
512.0,0.39277076500016567
512.0,0.39280389623297884
512.0,0.392837027465792
512.0,0.3928701586986052
512.0,0.3929032899314184
512.0,0.3929364211642315
512.0,0.3929695523970447
512.0,0.39300268362985785
512.0,0.39303581486267103
512.0,0.3930689460954842
512.0,0.3931020773282974
512.0,0.39313520856111056
512.0,0.39316833979392374
512.0,0.3932014710267369
512.0,0.3932346022595501
512.0,0.39326773349236327
512.0,0.39330086472517645
512.0,0.3933339959579896
512.0,0.39336712719080275
512.0,0.3934002584236159
512.0,0.3934333896564291
512.0,0.3934665208892423
512.0,0.39349965212205545
512.0,0.39353278335486863
512.0,0.3935659145876818
512.0,0.393599045820495
512.0,0.39363217705330816
512.0,0.39366530828612134
512.0,0.3936984395189345
512.0,0.3937315707517477
512.0,0.39376470198456087
512.0,0.393797833217374
512.0,0.39383096445018717
512.0,0.39386409568300035
512.0,0.3938972269158135
512.0,0.3939303581486267
512.0,0.3939634893814399
512.0,0.39399662061425306
512.0,0.39402975184706623
512.0,0.3940628830798794
512.0,0.3940960143126926
512.0,0.39412914554550577
512.0,0.39416227677831894
512.0,0.3941954080111321
512.0,0.39422853924394524
512.0,0.3942616704767584
512.0,0.3942948017095716
512.0,0.3943279329423848
512.0,0.39436106417519795
512.0,0.39439419540801113
512.0,0.3944273266408243
512.0,0.3944604578736375
512.0,0.39449358910645066
512.0,0.39452672033926384
512.0,0.394559851572077
512.0,0.3945929828048902
512.0,0.39462611403770337
512.0,0.3946592452705165
512.0,0.39469237650332967
512.0,0.39472550773614284
512.0,0.394758638968956
512.0,0.3947917702017692
512.0,0.3948249014345824
512.0,0.39485803266739555
512.0,0.39489116390020873
512.0,0.3949242951330219
512.0,0.3949574263658351
512.0,0.39499055759864826
512.0,0.39502368883146144
512.0,0.3950568200642746
512.0,0.39508995129708774
512.0,0.3951230825299009
512.0,0.3951562137627141
512.0,0.39518934499552727
512.0,0.39522247622834045
512.0,0.3952556074611536
512.0,0.3952887386939668
512.0,0.39532186992678
512.0,0.39535500115959316
512.0,0.39538813239240633
512.0,0.3954212636252195
512.0,0.3954543948580327
512.0,0.39548752609084586
512.0,0.395520657323659
512.0,0.39555378855647216
512.0,0.39558691978928534
512.0,0.3956200510220985
512.0,0.3956531822549117
512.0,0.39568631348772487
512.0,0.39571944472053805
512.0,0.3957525759533512
512.0,0.3957857071861644
512.0,0.3958188384189776
512.0,0.39585196965179076
512.0,0.39588510088460394
512.0,0.3959182321174171
512.0,0.39595136335023023
512.0,0.3959844945830434
512.0,0.3960176258158566
512.0,0.39605075704866977
512.0,0.39608388828148294
512.0,0.3961170195142961
512.0,0.3961501507471093
512.0,0.3961832819799225
512.0,0.39621641321273565
512.0,0.39624954444554883
512.0,0.396282675678362
512.0,0.3963158069111752
512.0,0.39634893814398836
512.0,0.39638206937680154
512.0,0.39641520060961466
512.0,0.39644833184242784
512.0,0.396481463075241
512.0,0.3965145943080542
512.0,0.39654772554086737
512.0,0.39658085677368055
512.0,0.3966139880064937
512.0,0.3966471192393069
512.0,0.3966802504721201
512.0,0.39671338170493325
512.0,0.39674651293774643
512.0,0.3967796441705596
512.0,0.3968127754033728
512.0,0.3968459066361859
512.0,0.3968790378689991
512.0,0.39691216910181226
512.0,0.39694530033462544
512.0,0.3969784315674386
512.0,0.3970115628002518
512.0,0.39704469403306497
512.0,0.39707782526587815
512.0,0.3971109564986913
512.0,0.3971440877315045
512.0,0.3971772189643177
512.0,0.39721035019713086
512.0,0.39724348142994403
512.0,0.39727661266275716
512.0,0.39730974389557033
512.0,0.3973428751283835
512.0,0.3973760063611967
512.0,0.39740913759400986
512.0,0.39744226882682304
512.0,0.3974754000596362
512.0,0.3975085312924494
512.0,0.3975416625252626
512.0,0.39757479375807575
512.0,0.39760792499088893
512.0,0.3976410562237021
512.0,0.3976741874565153
512.0,0.3977073186893284
512.0,0.3977404499221416
512.0,0.39777358115495476
512.0,0.39780671238776794
512.0,0.3978398436205811
512.0,0.3978729748533943
512.0,0.39790610608620747
512.0,0.39793923731902064
512.0,0.3979723685518338
512.0,0.398005499784647
512.0,0.3980386310174602
512.0,0.39807176225027335
512.0,0.39810489348308653
512.0,0.39813802471589965
512.0,0.39817115594871283
512.0,0.398204287181526
512.0,0.3982374184143392
512.0,0.39827054964715236
512.0,0.39830368087996554
512.0,0.3983368121127787
512.0,0.3983699433455919
512.0,0.39840307457840507
512.0,0.39843620581121825
512.0,0.3984693370440314
512.0,0.3985024682768446
512.0,0.3985355995096578
512.0,0.3985687307424709
512.0,0.3986018619752841
512.0,0.39863499320809725
512.0,0.39866812444091043
512.0,0.3987012556737236
512.0,0.3987343869065368
512.0,0.39876751813934996
512.0,0.39880064937216314
512.0,0.3988337806049763
512.0,0.3988669118377895
512.0,0.3989000430706027
512.0,0.39893317430341585
512.0,0.398966305536229
512.0,0.39899943676904215
512.0,0.3990325680018553
512.0,0.3990656992346685
512.0,0.3990988304674817
512.0,0.39913196170029486
512.0,0.39916509293310803
512.0,0.3991982241659212
512.0,0.3992313553987344
512.0,0.39926448663154757
512.0,0.39929761786436074
512.0,0.3993307490971739
512.0,0.3993638803299871
512.0,0.3993970115628003
512.0,0.39943014279561345
512.0,0.3994632740284266
512.0,0.39949640526123975
512.0,0.39952953649405293
512.0,0.3995626677268661
512.0,0.3995957989596793
512.0,0.39962893019249246
512.0,0.39966206142530564
512.0,0.3996951926581188
512.0,0.399728323890932
512.0,0.39976145512374517
512.0,0.39979458635655835
512.0,0.3998277175893715
512.0,0.3998608488221847
512.0,0.3998939800549978
512.0,0.399927111287811
512.0,0.3999602425206242
512.0,0.39999337375343735
512.0,0.40002650498625053
512.0,0.4000596362190637
512.0,0.4000927674518769
512.0,0.40012589868469006
512.0,0.40015902991750324
512.0,0.4001921611503164
512.0,0.4002252923831296
512.0,0.40025842361594277
512.0,0.40029155484875595
512.0,0.40032468608156907
512.0,0.40035781731438225
512.0,0.4003909485471954
512.0,0.4004240797800086
512.0,0.4004572110128218
512.0,0.40049034224563496
512.0,0.40052347347844813
512.0,0.4005566047112613
512.0,0.4005897359440745
512.0,0.40062286717688766
512.0,0.40065599840970084
512.0,0.400689129642514
512.0,0.4007222608753272
512.0,0.4007553921081403
512.0,0.4007885233409535
512.0,0.4008216545737667
512.0,0.40085478580657985
512.0,0.400887917039393
512.0,0.4009210482722062
512.0,0.4009541795050194
512.0,0.40098731073783256
512.0,0.40102044197064574
512.0,0.4010535732034589
512.0,0.4010867044362721
512.0,0.40111983566908527
512.0,0.40115296690189844
512.0,0.40118609813471157
512.0,0.40121922936752474
512.0,0.4012523606003379
512.0,0.4012854918331511
512.0,0.4013186230659643
512.0,0.40135175429877745
512.0,0.40138488553159063
512.0,0.4014180167644038
512.0,0.401451147997217
512.0,0.40148427923003016
512.0,0.40151741046284334
512.0,0.4015505416956565
512.0,0.4015836729284697
512.0,0.4016168041612828
512.0,0.401649935394096
512.0,0.40168306662690917
512.0,0.40171619785972235
512.0,0.4017493290925355
512.0,0.4017824603253487
512.0,0.4018155915581619
512.0,0.40184872279097505
512.0,0.40188185402378823
512.0,0.4019149852566014
512.0,0.4019481164894146
512.0,0.40198124772222776
512.0,0.40201437895504094
512.0,0.40204751018785406
512.0,0.40208064142066724
512.0,0.4021137726534804
512.0,0.4021469038862936
512.0,0.40218003511910677
512.0,0.40221316635191995
512.0,0.4022462975847331
512.0,0.4022794288175463
512.0,0.4023125600503595
512.0,0.40234569128317266
512.0,0.40237882251598583
512.0,0.402411953748799
512.0,0.4024450849816122
512.0,0.40247821621442537
512.0,0.4025113474472385
512.0,0.40254447868005166
512.0,0.40257760991286484
512.0,0.402610741145678
512.0,0.4026438723784912
512.0,0.4026770036113044
512.0,0.40271013484411755
512.0,0.40274326607693073
512.0,0.4027763973097439
512.0,0.4028095285425571
512.0,0.40284265977537026
512.0,0.40287579100818344
512.0,0.4029089222409966
512.0,0.40294205347380974
512.0,0.4029751847066229
512.0,0.4030083159394361
512.0,0.40304144717224927
512.0,0.40307457840506244
512.0,0.4031077096378756
512.0,0.4031408408706888
512.0,0.403173972103502
512.0,0.40320710333631515
512.0,0.40324023456912833
512.0,0.4032733658019415
512.0,0.4033064970347547
512.0,0.40333962826756786
512.0,0.403372759500381
512.0,0.40340589073319416
512.0,0.40343902196600734
512.0,0.4034721531988205
512.0,0.4035052844316337
512.0,0.40353841566444687
512.0,0.40357154689726005
512.0,0.4036046781300732
512.0,0.4036378093628864
512.0,0.4036709405956996
512.0,0.40370407182851276
512.0,0.40373720306132593
512.0,0.4037703342941391
512.0,0.40380346552695223
512.0,0.4038365967597654
512.0,0.4038697279925786
512.0,0.40390285922539176
512.0,0.40393599045820494
512.0,0.4039691216910181
512.0,0.4040022529238313
512.0,0.4040353841566445
512.0,0.40406851538945765
512.0,0.4041016466222708
512.0,0.404134777855084
512.0,0.4041679090878972
512.0,0.40420104032071036
512.0,0.4042341715535235
512.0,0.40426730278633666
512.0,0.40430043401914983
512.0,0.404333565251963
512.0,0.4043666964847762
512.0,0.40439982771758937
512.0,0.40443295895040254
512.0,0.4044660901832157
512.0,0.4044992214160289
512.0,0.4045323526488421
512.0,0.40456548388165525
512.0,0.40459861511446843
512.0,0.4046317463472816
512.0,0.40466487758009473
512.0,0.4046980088129079
512.0,0.4047311400457211
512.0,0.40476427127853426
512.0,0.40479740251134744
512.0,0.4048305337441606
512.0,0.4048636649769738
512.0,0.40489679620978697
512.0,0.40492992744260015
512.0,0.4049630586754133
512.0,0.4049961899082265
512.0,0.4050293211410397
512.0,0.40506245237385285
512.0,0.405095583606666
512.0,0.40512871483947915
512.0,0.40516184607229233
512.0,0.4051949773051055
512.0,0.4052281085379187
512.0,0.40526123977073186
512.0,0.40529437100354504
512.0,0.4053275022363582
512.0,0.4053606334691714
512.0,0.40539376470198457
512.0,0.40542689593479775
512.0,0.4054600271676109
512.0,0.4054931584004241
512.0,0.4055262896332373
512.0,0.4055594208660504
512.0,0.4055925520988636
512.0,0.40562568333167676
512.0,0.40565881456448993
512.0,0.4056919457973031
512.0,0.4057250770301163
512.0,0.40575820826292947
512.0,0.40579133949574264
512.0,0.4058244707285558
512.0,0.405857601961369
512.0,0.4058907331941822
512.0,0.40592386442699535
512.0,0.40595699565980853
512.0,0.40599012689262165
512.0,0.4060232581254348
512.0,0.406056389358248
512.0,0.4060895205910612
512.0,0.40612265182387436
512.0,0.40615578305668754
512.0,0.4061889142895007
512.0,0.4062220455223139
512.0,0.40625517675512707
512.0,0.40628830798794024
512.0,0.4063214392207534
512.0,0.4063545704535666
512.0,0.4063877016863798
512.0,0.4064208329191929
512.0,0.4064539641520061
512.0,0.40648709538481925
512.0,0.40652022661763243
512.0,0.4065533578504456
512.0,0.4065864890832588
512.0,0.40661962031607196
512.0,0.40665275154888514
512.0,0.4066858827816983
512.0,0.4067190140145115
512.0,0.40675214524732467
512.0,0.40678527648013785
512.0,0.406818407712951
512.0,0.40685153894576415
512.0,0.4068846701785773
512.0,0.4069178014113905
512.0,0.4069509326442037
512.0,0.40698406387701686
512.0,0.40701719510983003
512.0,0.4070503263426432
512.0,0.4070834575754564
512.0,0.40711658880826956
512.0,0.40714972004108274
512.0,0.4071828512738959
512.0,0.4072159825067091
512.0,0.4072491137395223
512.0,0.4072822449723354
512.0,0.40731537620514857
512.0,0.40734850743796175
512.0,0.4073816386707749
512.0,0.4074147699035881
512.0,0.4074479011364013
512.0,0.40748103236921446
512.0,0.40751416360202763
512.0,0.4075472948348408
512.0,0.407580426067654
512.0,0.40761355730046717
512.0,0.40764668853328034
512.0,0.4076798197660935
512.0,0.40771295099890664
512.0,0.4077460822317198
512.0,0.407779213464533
512.0,0.4078123446973462
512.0,0.40784547593015935
512.0,0.40787860716297253
512.0,0.4079117383957857
512.0,0.4079448696285989
512.0,0.40797800086141206
512.0,0.40801113209422524
512.0,0.4080442633270384
512.0,0.4080773945598516
512.0,0.40811052579266477
512.0,0.4081436570254779
512.0,0.40817678825829107
512.0,0.40820991949110425
512.0,0.4082430507239174
512.0,0.4082761819567306
512.0,0.4083093131895438
512.0,0.40834244442235695
512.0,0.40837557565517013
512.0,0.4084087068879833
512.0,0.4084418381207965
512.0,0.40847496935360966
512.0,0.40850810058642284
512.0,0.408541231819236
512.0,0.4085743630520492
512.0,0.4086074942848623
512.0,0.4086406255176755
512.0,0.40867375675048867
512.0,0.40870688798330185
512.0,0.408740019216115
512.0,0.4087731504489282
512.0,0.4088062816817414
512.0,0.40883941291455456
512.0,0.40887254414736773
512.0,0.4089056753801809
512.0,0.4089388066129941
512.0,0.40897193784580727
512.0,0.40900506907862044
512.0,0.40903820031143356
512.0,0.40907133154424674
512.0,0.4091044627770599
512.0,0.4091375940098731
512.0,0.4091707252426863
512.0,0.40920385647549945
512.0,0.4092369877083126
512.0,0.4092701189411258
512.0,0.409303250173939
512.0,0.40933638140675216
512.0,0.40936951263956534
512.0,0.4094026438723785
512.0,0.4094357751051917
512.0,0.4094689063380048
512.0,0.409502037570818
512.0,0.40953516880363117
512.0,0.40956830003644434
512.0,0.4096014312692575
512.0,0.4096345625020707
512.0,0.4096676937348839
512.0,0.40970082496769705
512.0,0.40973395620051023
512.0,0.4097670874333234
512.0,0.4098002186661366
512.0,0.40983334989894976
512.0,0.40986648113176294
512.0,0.40989961236457606
512.0,0.40993274359738924
512.0,0.4099658748302024
512.0,0.4099990060630156
512.0,0.41003213729582877
512.0,0.41006526852864195
512.0,0.4100983997614551
512.0,0.4101315309942683
512.0,0.4101646622270815
512.0,0.41019779345989466
512.0,0.41023092469270783
512.0,0.410264055925521
512.0,0.4102971871583342
512.0,0.4103303183911473
512.0,0.4103634496239605
512.0,0.41039658085677366
512.0,0.41042971208958684
512.0,0.4104628433224
512.0,0.4104959745552132
512.0,0.41052910578802637
512.0,0.41056223702083955
512.0,0.4105953682536527
512.0,0.4106284994864659
512.0,0.4106616307192791
512.0,0.41069476195209226
512.0,0.41072789318490543
512.0,0.41076102441771856
512.0,0.41079415565053173
512.0,0.4108272868833449
512.0,0.4108604181161581
512.0,0.41089354934897127
512.0,0.41092668058178444
512.0,0.4109598118145976
512.0,0.4109929430474108
512.0,0.411026074280224
512.0,0.41105920551303715
512.0,0.41109233674585033
512.0,0.4111254679786635
512.0,0.4111585992114767
512.0,0.4111917304442898
512.0,0.411224861677103
512.0,0.41125799290991616
512.0,0.41129112414272934
512.0,0.4113242553755425
512.0,0.4113573866083557
512.0,0.41139051784116887
512.0,0.41142364907398205
512.0,0.4114567803067952
512.0,0.4114899115396084
512.0,0.4115230427724216
512.0,0.41155617400523475
512.0,0.41158930523804793
512.0,0.4116224364708611
512.0,0.41165556770367423
512.0,0.4116886989364874
512.0,0.4117218301693006
512.0,0.41175496140211376
512.0,0.41178809263492694
512.0,0.4118212238677401
512.0,0.4118543551005533
512.0,0.41188748633336647
512.0,0.41192061756617965
512.0,0.4119537487989928
512.0,0.411986880031806
512.0,0.4120200112646192
512.0,0.41205314249743236
512.0,0.4120862737302455
512.0,0.41211940496305866
512.0,0.41215253619587183
512.0,0.412185667428685
512.0,0.4122187986614982
512.0,0.41225192989431136
512.0,0.41228506112712454
512.0,0.4123181923599377
512.0,0.4123513235927509
512.0,0.4123844548255641
512.0,0.41241758605837725
512.0,0.4124507172911904
512.0,0.4124838485240036
512.0,0.4125169797568167
512.0,0.4125501109896299
512.0,0.4125832422224431
512.0,0.41261637345525626
512.0,0.41264950468806944
512.0,0.4126826359208826
512.0,0.4127157671536958
512.0,0.41274889838650897
512.0,0.41278202961932214
512.0,0.4128151608521353
512.0,0.4128482920849485
512.0,0.4128814233177617
512.0,0.41291455455057485
512.0,0.412947685783388
512.0,0.41298081701620115
512.0,0.41301394824901433
512.0,0.4130470794818275
512.0,0.4130802107146407
512.0,0.41311334194745386
512.0,0.41314647318026704
512.0,0.4131796044130802
512.0,0.4132127356458934
512.0,0.41324586687870657
512.0,0.41327899811151975
512.0,0.4133121293443329
512.0,0.4133452605771461
512.0,0.4133783918099592
512.0,0.4134115230427724
512.0,0.4134446542755856
512.0,0.41347778550839875
512.0,0.41351091674121193
512.0,0.4135440479740251
512.0,0.4135771792068383
512.0,0.41361031043965146
512.0,0.41364344167246464
512.0,0.4136765729052778
512.0,0.413709704138091
512.0,0.41374283537090417
512.0,0.41377596660371735
512.0,0.41380909783653047
512.0,0.41384222906934365
512.0,0.4138753603021568
512.0,0.41390849153497
512.0,0.4139416227677832
512.0,0.41397475400059636
512.0,0.41400788523340953
512.0,0.4140410164662227
512.0,0.4140741476990359
512.0,0.41410727893184907
512.0,0.41414041016466224
512.0,0.4141735413974754
512.0,0.4142066726302886
512.0,0.4142398038631017
512.0,0.4142729350959149
512.0,0.4143060663287281
512.0,0.41433919756154125
512.0,0.4143723287943544
512.0,0.4144054600271676
512.0,0.4144385912599808
512.0,0.41447172249279396
512.0,0.41450485372560714
512.0,0.4145379849584203
512.0,0.4145711161912335
512.0,0.41460424742404667
512.0,0.41463737865685985
512.0,0.414670509889673
512.0,0.41470364112248614
512.0,0.4147367723552993
512.0,0.4147699035881125
512.0,0.4148030348209257
512.0,0.41483616605373885
512.0,0.41486929728655203
512.0,0.4149024285193652
512.0,0.4149355597521784
512.0,0.41496869098499156
512.0,0.41500182221780474
512.0,0.4150349534506179
512.0,0.4150680846834311
512.0,0.41510121591624427
512.0,0.4151343471490574
512.0,0.41516747838187057
512.0,0.41520060961468375
512.0,0.4152337408474969
512.0,0.4152668720803101
512.0,0.4153000033131233
512.0,0.41533313454593646
512.0,0.41536626577874963
512.0,0.4153993970115628
512.0,0.415432528244376
512.0,0.41546565947718916
512.0,0.41549879071000234
512.0,0.4155319219428155
512.0,0.41556505317562864
512.0,0.4155981844084418
512.0,0.415631315641255
512.0,0.41566444687406817
512.0,0.41569757810688135
512.0,0.4157307093396945
512.0,0.4157638405725077
512.0,0.4157969718053209
512.0,0.41583010303813406
512.0,0.41586323427094724
512.0,0.4158963655037604
512.0,0.4159294967365736
512.0,0.41596262796938677
512.0,0.4159957592021999
512.0,0.41602889043501307
512.0,0.41606202166782624
512.0,0.4160951529006394
512.0,0.4161282841334526
512.0,0.4161614153662658
512.0,0.41619454659907895
512.0,0.41622767783189213
512.0,0.4162608090647053
512.0,0.4162939402975185
512.0,0.41632707153033166
512.0,0.41636020276314484
512.0,0.416393333995958
512.0,0.41642646522877114
512.0,0.4164595964615843
512.0,0.4164927276943975
512.0,0.41652585892721067
512.0,0.41655899016002385
512.0,0.416592121392837
512.0,0.4166252526256502
512.0,0.4166583838584634
512.0,0.41669151509127655
512.0,0.41672464632408973
512.0,0.4167577775569029
512.0,0.4167909087897161
512.0,0.41682404002252926
512.0,0.4168571712553424
512.0,0.41689030248815556
512.0,0.41692343372096874
512.0,0.4169565649537819
512.0,0.4169896961865951
512.0,0.41702282741940827
512.0,0.41705595865222145
512.0,0.4170890898850346
512.0,0.4171222211178478
512.0,0.417155352350661
512.0,0.41718848358347416
512.0,0.41722161481628733
512.0,0.4172547460491005
512.0,0.41728787728191363
512.0,0.4173210085147268
512.0,0.41735413974754
512.0,0.41738727098035316
512.0,0.41742040221316634
512.0,0.4174535334459795
512.0,0.4174866646787927
512.0,0.4175197959116059
512.0,0.41755292714441905
512.0,0.4175860583772322
512.0,0.4176191896100454
512.0,0.4176523208428586
512.0,0.41768545207567176
512.0,0.41771858330848494
512.0,0.41775171454129806
512.0,0.41778484577411124
512.0,0.4178179770069244
512.0,0.4178511082397376
512.0,0.41788423947255077
512.0,0.41791737070536394
512.0,0.4179505019381771
512.0,0.4179836331709903
512.0,0.4180167644038035
512.0,0.41804989563661665
512.0,0.41808302686942983
512.0,0.418116158102243
512.0,0.4181492893350562
512.0,0.4181824205678693
512.0,0.4182155518006825
512.0,0.41824868303349566
512.0,0.41828181426630884
512.0,0.418314945499122
512.0,0.4183480767319352
512.0,0.41838120796474837
512.0,0.41841433919756155
512.0,0.4184474704303747
512.0,0.4184806016631879
512.0,0.4185137328960011
512.0,0.41854686412881426
512.0,0.41857999536162743
512.0,0.41861312659444055
512.0,0.41864625782725373
512.0,0.4186793890600669
512.0,0.4187125202928801
512.0,0.41874565152569326
512.0,0.41877878275850644
512.0,0.4188119139913196
512.0,0.4188450452241328
512.0,0.41887817645694597
512.0,0.41891130768975915
512.0,0.4189444389225723
512.0,0.4189775701553855
512.0,0.4190107013881987
512.0,0.4190438326210118
512.0,0.419076963853825
512.0,0.41911009508663816
512.0,0.41914322631945133
512.0,0.4191763575522645
512.0,0.4192094887850777
512.0,0.41924262001789087
512.0,0.41927575125070404
512.0,0.4193088824835172
512.0,0.4193420137163304
512.0,0.4193751449491436
512.0,0.41940827618195675
512.0,0.41944140741476993
512.0,0.41947453864758305
512.0,0.41950766988039623
512.0,0.4195408011132094
512.0,0.4195739323460226
512.0,0.41960706357883576
512.0,0.41964019481164894
512.0,0.4196733260444621
512.0,0.4197064572772753
512.0,0.41973958851008847
512.0,0.41977271974290165
512.0,0.4198058509757148
512.0,0.419838982208528
512.0,0.4198721134413412
512.0,0.4199052446741543
512.0,0.4199383759069675
512.0,0.41997150713978065
512.0,0.42000463837259383
512.0,0.420037769605407
512.0,0.4200709008382202
512.0,0.42010403207103336
512.0,0.42013716330384654
512.0,0.4201702945366597
512.0,0.4202034257694729
512.0,0.42023655700228607
512.0,0.42026968823509925
512.0,0.4203028194679124
512.0,0.42033595070072555
512.0,0.4203690819335387
512.0,0.4204022131663519
512.0,0.4204353443991651
512.0,0.42046847563197826
512.0,0.42050160686479143
512.0,0.4205347380976046
512.0,0.4205678693304178
512.0,0.42060100056323096
512.0,0.42063413179604414
512.0,0.4206672630288573
512.0,0.4207003942616705
512.0,0.4207335254944837
512.0,0.4207666567272968
512.0,0.42079978796010997
512.0,0.42083291919292315
512.0,0.4208660504257363
512.0,0.4208991816585495
512.0,0.4209323128913627
512.0,0.42096544412417586
512.0,0.42099857535698904
512.0,0.4210317065898022
512.0,0.4210648378226154
512.0,0.42109796905542857
512.0,0.42113110028824174
512.0,0.4211642315210549
512.0,0.4211973627538681
512.0,0.4212304939866812
512.0,0.4212636252194944
512.0,0.4212967564523076
512.0,0.42132988768512075
512.0,0.42136301891793393
512.0,0.4213961501507471
512.0,0.4214292813835603
512.0,0.42146241261637346
512.0,0.42149554384918664
512.0,0.4215286750819998
512.0,0.421561806314813
512.0,0.42159493754762617
512.0,0.42162806878043935
512.0,0.42166120001325247
512.0,0.42169433124606565
512.0,0.4217274624788788
512.0,0.421760593711692
512.0,0.4217937249445052
512.0,0.42182685617731835
512.0,0.42185998741013153
512.0,0.4218931186429447
512.0,0.4219262498757579
512.0,0.42195938110857106
512.0,0.42199251234138424
512.0,0.4220256435741974
512.0,0.4220587748070106
512.0,0.4220919060398237
512.0,0.4221250372726369
512.0,0.42215816850545007
512.0,0.42219129973826325
512.0,0.4222244309710764
512.0,0.4222575622038896
512.0,0.4222906934367028
512.0,0.42232382466951596
512.0,0.42235695590232913
512.0,0.4223900871351423
512.0,0.4224232183679555
512.0,0.42245634960076867
512.0,0.42248948083358184
512.0,0.42252261206639496
512.0,0.42255574329920814
512.0,0.4225888745320213
512.0,0.4226220057648345
512.0,0.4226551369976477
512.0,0.42268826823046085
512.0,0.42272139946327403
512.0,0.4227545306960872
512.0,0.4227876619289004
512.0,0.42282079316171356
512.0,0.42285392439452674
512.0,0.4228870556273399
512.0,0.4229201868601531
512.0,0.4229533180929662
512.0,0.4229864493257794
512.0,0.42301958055859257
512.0,0.42305271179140574
512.0,0.4230858430242189
512.0,0.4231189742570321
512.0,0.4231521054898453
512.0,0.42318523672265845
512.0,0.42321836795547163
512.0,0.4232514991882848
512.0,0.423284630421098
512.0,0.42331776165391116
512.0,0.42335089288672434
512.0,0.42338402411953746
512.0,0.42341715535235064
512.0,0.4234502865851638
512.0,0.423483417817977
512.0,0.42351654905079017
512.0,0.42354968028360335
512.0,0.4235828115164165
512.0,0.4236159427492297
512.0,0.4236490739820429
512.0,0.42368220521485606
512.0,0.42371533644766923
512.0,0.4237484676804824
512.0,0.4237815989132956
512.0,0.4238147301461087
512.0,0.4238478613789219
512.0,0.42388099261173506
512.0,0.42391412384454824
512.0,0.4239472550773614
512.0,0.4239803863101746
512.0,0.4240135175429878
512.0,0.42404664877580095
512.0,0.4240797800086141
512.0,0.4241129112414273
512.0,0.4241460424742405
512.0,0.42417917370705366
512.0,0.42421230493986684
512.0,0.42424543617268
512.0,0.42427856740549313
512.0,0.4243116986383063
512.0,0.4243448298711195
512.0,0.42437796110393267
512.0,0.42441109233674584
512.0,0.424444223569559
512.0,0.4244773548023722
512.0,0.4245104860351854
512.0,0.42454361726799855
512.0,0.42457674850081173
512.0,0.4246098797336249
512.0,0.4246430109664381
512.0,0.42467614219925126
512.0,0.4247092734320644
512.0,0.42474240466487756
512.0,0.42477553589769074
512.0,0.4248086671305039
512.0,0.4248417983633171
512.0,0.42487492959613027
512.0,0.42490806082894345
512.0,0.4249411920617566
512.0,0.4249743232945698
512.0,0.425007454527383
512.0,0.42504058576019615
512.0,0.42507371699300933
512.0,0.4251068482258225
512.0,0.42513997945863563
512.0,0.4251731106914488
512.0,0.425206241924262
512.0,0.42523937315707516
512.0,0.42527250438988834
512.0,0.4253056356227015
512.0,0.4253387668555147
512.0,0.42537189808832787
512.0,0.42540502932114105
512.0,0.4254381605539542
512.0,0.4254712917867674
512.0,0.4255044230195806
512.0,0.42553755425239376
512.0,0.4255706854852069
512.0,0.42560381671802006
512.0,0.42563694795083323
512.0,0.4256700791836464
512.0,0.4257032104164596
512.0,0.42573634164927276
512.0,0.42576947288208594
512.0,0.4258026041148991
512.0,0.4258357353477123
512.0,0.4258688665805255
512.0,0.42590199781333865
512.0,0.42593512904615183
512.0,0.425968260278965
512.0,0.4260013915117781
512.0,0.4260345227445913
512.0,0.4260676539774045
512.0,0.42610078521021766
512.0,0.42613391644303084
512.0,0.426167047675844
512.0,0.4262001789086572
512.0,0.42623331014147037
512.0,0.42626644137428354
512.0,0.4262995726070967
512.0,0.4263327038399099
512.0,0.4263658350727231
512.0,0.42639896630553625
512.0,0.4264320975383494
512.0,0.42646522877116255
512.0,0.42649836000397573
512.0,0.4265314912367889
512.0,0.4265646224696021
512.0,0.42659775370241526
512.0,0.42663088493522844
512.0,0.4266640161680416
512.0,0.4266971474008548
512.0,0.42673027863366797
512.0,0.42676340986648115
512.0,0.4267965410992943
512.0,0.4268296723321075
512.0,0.4268628035649206
512.0,0.4268959347977338
512.0,0.426929066030547
512.0,0.42696219726336015
512.0,0.42699532849617333
512.0,0.4270284597289865
512.0,0.4270615909617997
512.0,0.42709472219461286
512.0,0.42712785342742604
512.0,0.4271609846602392
512.0,0.4271941158930524
512.0,0.4272272471258656
512.0,0.42726037835867875
512.0,0.4272935095914919
512.0,0.42732664082430505
512.0,0.4273597720571182
512.0,0.4273929032899314
512.0,0.4274260345227446
512.0,0.42745916575555776
512.0,0.42749229698837093
512.0,0.4275254282211841
512.0,0.4275585594539973
512.0,0.42759169068681047
512.0,0.42762482191962364
512.0,0.4276579531524368
512.0,0.42769108438525
512.0,0.4277242156180632
512.0,0.4277573468508763
512.0,0.4277904780836895
512.0,0.42782360931650265
512.0,0.42785674054931583
512.0,0.427889871782129
512.0,0.4279230030149422
512.0,0.42795613424775536
512.0,0.42798926548056854
512.0,0.4280223967133817
512.0,0.4280555279461949
512.0,0.42808865917900807
512.0,0.42812179041182125
512.0,0.4281549216446344
512.0,0.42818805287744754
512.0,0.4282211841102607
512.0,0.4282543153430739
512.0,0.4282874465758871
512.0,0.42832057780870025
512.0,0.42835370904151343
512.0,0.4283868402743266
512.0,0.4284199715071398
512.0,0.42845310273995296
512.0,0.42848623397276614
512.0,0.4285193652055793
512.0,0.4285524964383925
512.0,0.42858562767120567
512.0,0.4286187589040188
512.0,0.42865189013683197
512.0,0.42868502136964515
512.0,0.4287181526024583
512.0,0.4287512838352715
512.0,0.4287844150680847
512.0,0.42881754630089786
512.0,0.42885067753371103
512.0,0.4288838087665242
512.0,0.4289169399993374
512.0,0.42895007123215056
512.0,0.42898320246496374
512.0,0.4290163336977769
512.0,0.42904946493059004
512.0,0.4290825961634032
512.0,0.4291157273962164
512.0,0.4291488586290296
512.0,0.42918198986184275
512.0,0.4292151210946559
512.0,0.4292482523274691
512.0,0.4292813835602823
512.0,0.42931451479309546
512.0,0.42934764602590864
512.0,0.4293807772587218
512.0,0.429413908491535
512.0,0.42944703972434817
512.0,0.4294801709571613
512.0,0.42951330218997447
512.0,0.42954643342278764
512.0,0.4295795646556008
512.0,0.429612695888414
512.0,0.4296458271212272
512.0,0.42967895835404035
512.0,0.42971208958685353
512.0,0.4297452208196667
512.0,0.4297783520524799
512.0,0.42981148328529306
512.0,0.42984461451810624
512.0,0.4298777457509194
512.0,0.42991087698373254
512.0,0.4299440082165457
512.0,0.4299771394493589
512.0,0.43001027068217207
512.0,0.43004340191498525
512.0,0.4300765331477984
512.0,0.4301096643806116
512.0,0.4301427956134248
512.0,0.43017592684623795
512.0,0.43020905807905113
512.0,0.4302421893118643
512.0,0.4302753205446775
512.0,0.43030845177749066
512.0,0.43034158301030384
512.0,0.43037471424311696
512.0,0.43040784547593014
512.0,0.4304409767087433
512.0,0.4304741079415565
512.0,0.43050723917436967
512.0,0.43054037040718285
512.0,0.430573501639996
512.0,0.4306066328728092
512.0,0.4306397641056224
512.0,0.43067289533843556
512.0,0.43070602657124873
512.0,0.4307391578040619
512.0,0.4307722890368751
512.0,0.4308054202696882
512.0,0.4308385515025014
512.0,0.43087168273531457
512.0,0.43090481396812774
512.0,0.4309379452009409
512.0,0.4309710764337541
512.0,0.4310042076665673
512.0,0.43103733889938045
512.0,0.43107047013219363
512.0,0.4311036013650068
512.0,0.43113673259782
512.0,0.43116986383063316
512.0,0.43120299506344634
512.0,0.43123612629625946
512.0,0.43126925752907264
512.0,0.4313023887618858
512.0,0.431335519994699
512.0,0.43136865122751217
512.0,0.43140178246032534
512.0,0.4314349136931385
512.0,0.4314680449259517
512.0,0.4315011761587649
512.0,0.43153430739157805
512.0,0.43156743862439123
512.0,0.4316005698572044
512.0,0.4316337010900176
512.0,0.4316668323228307
512.0,0.4316999635556439
512.0,0.43173309478845706
512.0,0.43176622602127024
512.0,0.4317993572540834
512.0,0.4318324884868966
512.0,0.43186561971970977
512.0,0.43189875095252295
512.0,0.4319318821853361
512.0,0.4319650134181493
512.0,0.4319981446509625
512.0,0.43203127588377566
512.0,0.43206440711658883
512.0,0.43209753834940196
512.0,0.43213066958221513
512.0,0.4321638008150283
512.0,0.4321969320478415
512.0,0.43223006328065466
512.0,0.43226319451346784
512.0,0.432296325746281
512.0,0.4323294569790942
512.0,0.4323625882119074
512.0,0.43239571944472055
512.0,0.4324288506775337
512.0,0.4324619819103469
512.0,0.4324951131431601
512.0,0.4325282443759732
512.0,0.4325613756087864
512.0,0.43259450684159956
512.0,0.43262763807441273
512.0,0.4326607693072259
512.0,0.4326939005400391
512.0,0.43272703177285227
512.0,0.43276016300566544
512.0,0.4327932942384786
512.0,0.4328264254712918
512.0,0.432859556704105
512.0,0.43289268793691815
512.0,0.43292581916973133
512.0,0.43295895040254445
512.0,0.43299208163535763
512.0,0.4330252128681708
512.0,0.433058344100984
512.0,0.43309147533379716
512.0,0.43312460656661034
512.0,0.4331577377994235
512.0,0.4331908690322367
512.0,0.43322400026504987
512.0,0.43325713149786305
512.0,0.4332902627306762
512.0,0.4333233939634894
512.0,0.4333565251963026
512.0,0.43338965642911575
512.0,0.4334227876619289
512.0,0.43345591889474205
512.0,0.43348905012755523
512.0,0.4335221813603684
512.0,0.4335553125931816
512.0,0.43358844382599476
512.0,0.43362157505880794
512.0,0.4336547062916211
512.0,0.4336878375244343
512.0,0.43372096875724747
512.0,0.43375409999006065
512.0,0.4337872312228738
512.0,0.433820362455687
512.0,0.4338534936885001
512.0,0.4338866249213133
512.0,0.4339197561541265
512.0,0.43395288738693966
512.0,0.43398601861975283
512.0,0.434019149852566
512.0,0.4340522810853792
512.0,0.43408541231819237
512.0,0.43411854355100554
512.0,0.4341516747838187
512.0,0.4341848060166319
512.0,0.4342179372494451
512.0,0.43425106848225825
512.0,0.4342841997150714
512.0,0.43431733094788455
512.0,0.4343504621806977
512.0,0.4343835934135109
512.0,0.4344167246463241
512.0,0.43444985587913726
512.0,0.43448298711195044
512.0,0.4345161183447636
512.0,0.4345492495775768
512.0,0.43458238081038997
512.0,0.43461551204320314
512.0,0.4346486432760163
512.0,0.4346817745088295
512.0,0.4347149057416426
512.0,0.4347480369744558
512.0,0.434781168207269
512.0,0.43481429944008215
512.0,0.43484743067289533
512.0,0.4348805619057085
512.0,0.4349136931385217
512.0,0.43494682437133486
512.0,0.43497995560414804
512.0,0.4350130868369612
512.0,0.4350462180697744
512.0,0.43507934930258757
512.0,0.43511248053540075
512.0,0.43514561176821387
512.0,0.43517874300102705
512.0,0.4352118742338402
512.0,0.4352450054666534
512.0,0.4352781366994666
512.0,0.43531126793227976
512.0,0.43534439916509293
512.0,0.4353775303979061
512.0,0.4354106616307193
512.0,0.43544379286353246
512.0,0.43547692409634564
512.0,0.4355100553291588
512.0,0.435543186561972
512.0,0.4355763177947851
512.0,0.4356094490275983
512.0,0.43564258026041147
512.0,0.43567571149322465
512.0,0.4357088427260378
512.0,0.435741973958851
512.0,0.4357751051916642
512.0,0.43580823642447736
512.0,0.43584136765729053
512.0,0.4358744988901037
512.0,0.4359076301229169
512.0,0.43594076135573007
512.0,0.43597389258854324
512.0,0.43600702382135637
512.0,0.43604015505416954
512.0,0.4360732862869827
512.0,0.4361064175197959
512.0,0.4361395487526091
512.0,0.43617267998542225
512.0,0.43620581121823543
512.0,0.4362389424510486
512.0,0.4362720736838618
512.0,0.43630520491667496
512.0,0.43633833614948814
512.0,0.4363714673823013
512.0,0.4364045986151145
512.0,0.43643772984792767
512.0,0.4364708610807408
512.0,0.43650399231355397
512.0,0.43653712354636715
512.0,0.4365702547791803
512.0,0.4366033860119935
512.0,0.4366365172448067
512.0,0.43666964847761985
512.0,0.43670277971043303
512.0,0.4367359109432462
512.0,0.4367690421760594
512.0,0.43680217340887256
512.0,0.43683530464168574
512.0,0.4368684358744989
512.0,0.43690156710731204
512.0,0.4369346983401252
512.0,0.4369678295729384
512.0,0.43700096080575157
512.0,0.43703409203856475
512.0,0.4370672232713779
512.0,0.4371003545041911
512.0,0.4371334857370043
512.0,0.43716661696981746
512.0,0.43719974820263063
512.0,0.4372328794354438
512.0,0.437266010668257
512.0,0.43729914190107017
512.0,0.4373322731338833
512.0,0.43736540436669646
512.0,0.43739853559950964
512.0,0.4374316668323228
512.0,0.437464798065136
512.0,0.4374979292979492
512.0,0.43753106053076235
512.0,0.4375641917635755
512.0,0.4375973229963887
512.0,0.4376304542292019
512.0,0.43766358546201506
512.0,0.43769671669482824
512.0,0.4377298479276414
512.0,0.43776297916045454
512.0,0.4377961103932677
512.0,0.4378292416260809
512.0,0.43786237285889407
512.0,0.43789550409170724
512.0,0.4379286353245204
512.0,0.4379617665573336
512.0,0.4379948977901468
512.0,0.43802802902295995
512.0,0.43806116025577313
512.0,0.4380942914885863
512.0,0.4381274227213995
512.0,0.43816055395421266
512.0,0.4381936851870258
512.0,0.43822681641983896
512.0,0.43825994765265214
512.0,0.4382930788854653
512.0,0.4383262101182785
512.0,0.43835934135109167
512.0,0.43839247258390485
512.0,0.438425603816718
512.0,0.4384587350495312
512.0,0.4384918662823444
512.0,0.43852499751515756
512.0,0.43855812874797073
512.0,0.4385912599807839
512.0,0.43862439121359703
512.0,0.4386575224464102
512.0,0.4386906536792234
512.0,0.43872378491203656
512.0,0.43875691614484974
512.0,0.4387900473776629
512.0,0.4388231786104761
512.0,0.43885630984328927
512.0,0.43888944107610245
512.0,0.4389225723089156
512.0,0.4389557035417288
512.0,0.438988834774542
512.0,0.43902196600735516
512.0,0.4390550972401683
512.0,0.43908822847298146
512.0,0.43912135970579463
512.0,0.4391544909386078
512.0,0.439187622171421
512.0,0.43922075340423417
512.0,0.43925388463704734
512.0,0.4392870158698605
512.0,0.4393201471026737
512.0,0.4393532783354869
512.0,0.43938640956830005
512.0,0.43941954080111323
512.0,0.4394526720339264
512.0,0.4394858032667396
512.0,0.4395189344995527
512.0,0.4395520657323659
512.0,0.43958519696517906
512.0,0.43961832819799224
512.0,0.4396514594308054
512.0,0.4396845906636186
512.0,0.43971772189643177
512.0,0.43975085312924495
512.0,0.4397839843620581
512.0,0.4398171155948713
512.0,0.4398502468276845
512.0,0.43988337806049765
512.0,0.43991650929331083
512.0,0.43994964052612395
512.0,0.43998277175893713
512.0,0.4400159029917503
512.0,0.4400490342245635
512.0,0.44008216545737666
512.0,0.44011529669018984
512.0,0.440148427923003
512.0,0.4401815591558162
512.0,0.44021469038862937
512.0,0.44024782162144255
512.0,0.4402809528542557
512.0,0.4403140840870689
512.0,0.4403472153198821
512.0,0.4403803465526952
512.0,0.4404134777855084
512.0,0.44044660901832156
512.0,0.44047974025113473
512.0,0.4405128714839479
512.0,0.4405460027167611
512.0,0.44057913394957426
512.0,0.44061226518238744
512.0,0.4406453964152006
512.0,0.4406785276480138
512.0,0.440711658880827
512.0,0.44074479011364015
512.0,0.4407779213464533
512.0,0.44081105257926645
512.0,0.4408441838120796
512.0,0.4408773150448928
512.0,0.440910446277706
512.0,0.44094357751051916
512.0,0.44097670874333234
512.0,0.4410098399761455
512.0,0.4410429712089587
512.0,0.44107610244177187
512.0,0.44110923367458504
512.0,0.4411423649073982
512.0,0.4411754961402114
512.0,0.4412086273730246
512.0,0.4412417586058377
512.0,0.4412748898386509
512.0,0.44130802107146405
512.0,0.44134115230427723
512.0,0.4413742835370904
512.0,0.4414074147699036
512.0,0.44144054600271676
512.0,0.44147367723552994
512.0,0.4415068084683431
512.0,0.4415399397011563
512.0,0.44157307093396947
512.0,0.44160620216678265
512.0,0.4416393333995958
512.0,0.44167246463240895
512.0,0.4417055958652221
512.0,0.4417387270980353
512.0,0.4417718583308485
512.0,0.44180498956366165
512.0,0.44183812079647483
512.0,0.441871252029288
512.0,0.4419043832621012
512.0,0.44193751449491436
512.0,0.44197064572772754
512.0,0.4420037769605407
512.0,0.4420369081933539
512.0,0.44207003942616707
512.0,0.4421031706589802
512.0,0.44213630189179337
512.0,0.44216943312460655
512.0,0.4422025643574197
512.0,0.4422356955902329
512.0,0.4422688268230461
512.0,0.44230195805585926
512.0,0.44233508928867243
512.0,0.4423682205214856
512.0,0.4424013517542988
512.0,0.44243448298711197
512.0,0.44246761421992514
512.0,0.4425007454527383
512.0,0.44253387668555144
512.0,0.4425670079183646
512.0,0.4426001391511778
512.0,0.442633270383991
512.0,0.44266640161680415
512.0,0.4426995328496173
512.0,0.4427326640824305
512.0,0.4427657953152437
512.0,0.44279892654805686
512.0,0.44283205778087004
512.0,0.4428651890136832
512.0,0.4428983202464964
512.0,0.44293145147930957
512.0,0.44296458271212275
512.0,0.44299771394493587
512.0,0.44303084517774904
512.0,0.4430639764105622
512.0,0.4430971076433754
512.0,0.4431302388761886
512.0,0.44316337010900175
512.0,0.44319650134181493
512.0,0.4432296325746281
512.0,0.4432627638074413
512.0,0.44329589504025446
512.0,0.44332902627306764
512.0,0.4433621575058808
512.0,0.443395288738694
512.0,0.4434284199715071
512.0,0.4434615512043203
512.0,0.44349468243713347
512.0,0.44352781366994665
512.0,0.4435609449027598
512.0,0.443594076135573
512.0,0.4436272073683862
512.0,0.44366033860119936
512.0,0.44369346983401253
512.0,0.4437266010668257
512.0,0.4437597322996389
512.0,0.44379286353245206
512.0,0.44382599476526524
512.0,0.44385912599807836
512.0,0.44389225723089154
512.0,0.4439253884637047
512.0,0.4439585196965179
512.0,0.44399165092933107
512.0,0.44402478216214425
512.0,0.4440579133949574
512.0,0.4440910446277706
512.0,0.4441241758605838
512.0,0.44415730709339696
512.0,0.44419043832621014
512.0,0.4442235695590233
512.0,0.4442567007918365
512.0,0.4442898320246496
512.0,0.4443229632574628
512.0,0.44435609449027597
512.0,0.44438922572308914
512.0,0.4444223569559023
512.0,0.4444554881887155
512.0,0.4444886194215287
512.0,0.44452175065434185
512.0,0.44455488188715503
512.0,0.4445880131199682
512.0,0.4446211443527814
512.0,0.44465427558559456
512.0,0.44468740681840774
512.0,0.44472053805122086
512.0,0.44475366928403404
512.0,0.4447868005168472
512.0,0.4448199317496604
512.0,0.44485306298247357
512.0,0.44488619421528675
512.0,0.4449193254480999
512.0,0.4449524566809131
512.0,0.4449855879137263
512.0,0.44501871914653945
512.0,0.44505185037935263
512.0,0.4450849816121658
512.0,0.445118112844979
512.0,0.4451512440777921
512.0,0.4451843753106053
512.0,0.44521750654341846
512.0,0.44525063777623164
512.0,0.4452837690090448
512.0,0.445316900241858
512.0,0.44535003147467117
512.0,0.44538316270748435
512.0,0.4454162939402975
512.0,0.4454494251731107
512.0,0.4454825564059239
512.0,0.44551568763873706
512.0,0.44554881887155023
512.0,0.44558195010436336
512.0,0.44561508133717653
512.0,0.4456482125699897
512.0,0.4456813438028029
512.0,0.44571447503561606
512.0,0.44574760626842924
512.0,0.4457807375012424
512.0,0.4458138687340556
512.0,0.4458469999668688
512.0,0.44588013119968195
512.0,0.4459132624324951
512.0,0.4459463936653083
512.0,0.4459795248981215
512.0,0.44601265613093466
512.0,0.4460457873637478
512.0,0.44607891859656096
512.0,0.44611204982937414
512.0,0.4461451810621873
512.0,0.4461783122950005
512.0,0.44621144352781367
512.0,0.44624457476062684
512.0,0.44627770599344
512.0,0.4463108372262532
512.0,0.4463439684590664
512.0,0.44637709969187955
512.0,0.44641023092469273
512.0,0.4464433621575059
512.0,0.44647649339031903
512.0,0.4465096246231322
512.0,0.4465427558559454
512.0,0.44657588708875856
512.0,0.44660901832157174
512.0,0.4466421495543849
512.0,0.4466752807871981
512.0,0.44670841202001127
512.0,0.44674154325282445
512.0,0.4467746744856376
512.0,0.4468078057184508
512.0,0.446840936951264
512.0,0.44687406818407716
512.0,0.4469071994168903
512.0,0.44694033064970345
512.0,0.44697346188251663
512.0,0.4470065931153298
512.0,0.447039724348143
512.0,0.44707285558095616
512.0,0.44710598681376934
512.0,0.4471391180465825
512.0,0.4471722492793957
512.0,0.44720538051220887
512.0,0.44723851174502205
512.0,0.4472716429778352
512.0,0.4473047742106484
512.0,0.4473379054434615
512.0,0.4473710366762747
512.0,0.4474041679090879
512.0,0.44743729914190106
512.0,0.44747043037471423
512.0,0.4475035616075274
512.0,0.4475366928403406
512.0,0.44756982407315377
512.0,0.44760295530596694
512.0,0.4476360865387801
512.0,0.4476692177715933
512.0,0.4477023490044065
512.0,0.44773548023721965
512.0,0.4477686114700328
512.0,0.44780174270284595
512.0,0.44783487393565913
512.0,0.4478680051684723
512.0,0.4479011364012855
512.0,0.44793426763409866
512.0,0.44796739886691184
512.0,0.448000530099725
512.0,0.4480336613325382
512.0,0.44806679256535137
512.0,0.44809992379816455
512.0,0.4481330550309777
512.0,0.4481661862637909
512.0,0.448199317496604
512.0,0.4482324487294172
512.0,0.4482655799622304
512.0,0.44829871119504355
512.0,0.44833184242785673
512.0,0.4483649736606699
512.0,0.4483981048934831
512.0,0.44843123612629626
512.0,0.44846436735910944
512.0,0.4484974985919226
512.0,0.4485306298247358
512.0,0.44856376105754897
512.0,0.44859689229036215
512.0,0.44863002352317527
512.0,0.44866315475598845
512.0,0.4486962859888016
512.0,0.4487294172216148
512.0,0.448762548454428
512.0,0.44879567968724116
512.0,0.44882881092005433
512.0,0.4488619421528675
512.0,0.4488950733856807
512.0,0.44892820461849386
512.0,0.44896133585130704
512.0,0.4489944670841202
512.0,0.4490275983169334
512.0,0.4490607295497466
512.0,0.4490938607825597
512.0,0.4491269920153729
512.0,0.44916012324818605
512.0,0.4491932544809992
512.0,0.4492263857138124
512.0,0.4492595169466256
512.0,0.44929264817943876
512.0,0.44932577941225194
512.0,0.4493589106450651
512.0,0.4493920418778783
512.0,0.44942517311069147
512.0,0.44945830434350464
512.0,0.4494914355763178
512.0,0.44952456680913094
512.0,0.4495576980419441
512.0,0.4495908292747573
512.0,0.4496239605075705
512.0,0.44965709174038365
512.0,0.44969022297319683
512.0,0.44972335420601
512.0,0.4497564854388232
512.0,0.44978961667163636
512.0,0.44982274790444954
512.0,0.4498558791372627
512.0,0.4498890103700759
512.0,0.44992214160288907
512.0,0.4499552728357022
512.0,0.44998840406851537
512.0,0.45002153530132855
512.0,0.4500546665341417
512.0,0.4500877977669549
512.0,0.4501209289997681
512.0,0.45015406023258125
512.0,0.45018719146539443
512.0,0.4502203226982076
512.0,0.4502534539310208
512.0,0.45028658516383396
512.0,0.45031971639664714
512.0,0.4503528476294603
512.0,0.45038597886227344
512.0,0.4504191100950866
512.0,0.4504522413278998
512.0,0.45048537256071297
512.0,0.45051850379352615
512.0,0.4505516350263393
512.0,0.4505847662591525
512.0,0.4506178974919657
512.0,0.45065102872477886
512.0,0.45068415995759203
512.0,0.4507172911904052
512.0,0.4507504224232184
512.0,0.45078355365603157
512.0,0.4508166848888447
512.0,0.45084981612165786
512.0,0.45088294735447104
512.0,0.4509160785872842
512.0,0.4509492098200974
512.0,0.4509823410529106
512.0,0.45101547228572375
512.0,0.45104860351853693
512.0,0.4510817347513501
512.0,0.4511148659841633
512.0,0.45114799721697646
512.0,0.45118112844978964
512.0,0.4512142596826028
512.0,0.45124739091541594
512.0,0.4512805221482291
512.0,0.4513136533810423
512.0,0.45134678461385547
512.0,0.45137991584666864
512.0,0.4514130470794818
512.0,0.451446178312295
512.0,0.4514793095451082
512.0,0.45151244077792135
512.0,0.45154557201073453
512.0,0.4515787032435477
512.0,0.4516118344763609
512.0,0.45164496570917406
512.0,0.4516780969419872
512.0,0.45171122817480036
512.0,0.45174435940761354
512.0,0.4517774906404267
512.0,0.4518106218732399
512.0,0.45184375310605307
512.0,0.45187688433886625
512.0,0.4519100155716794
512.0,0.4519431468044926
512.0,0.4519762780373058
512.0,0.45200940927011896
512.0,0.45204254050293213
512.0,0.4520756717357453
512.0,0.4521088029685585
512.0,0.4521419342013716
512.0,0.4521750654341848
512.0,0.45220819666699796
512.0,0.45224132789981114
512.0,0.4522744591326243
512.0,0.4523075903654375
512.0,0.4523407215982507
512.0,0.45237385283106385
512.0,0.452406984063877
512.0,0.4524401152966902
512.0,0.4524732465295034
512.0,0.45250637776231656
512.0,0.45253950899512974
512.0,0.45257264022794286
512.0,0.45260577146075603
512.0,0.4526389026935692
512.0,0.4526720339263824
512.0,0.45270516515919557
512.0,0.45273829639200874
512.0,0.4527714276248219
512.0,0.4528045588576351
512.0,0.4528376900904483
512.0,0.45287082132326145
512.0,0.45290395255607463
512.0,0.4529370837888878
512.0,0.452970215021701
512.0,0.4530033462545141
512.0,0.4530364774873273
512.0,0.45306960872014046
512.0,0.45310273995295364
512.0,0.4531358711857668
512.0,0.45316900241858
512.0,0.45320213365139317
512.0,0.45323526488420635
512.0,0.4532683961170195
512.0,0.4533015273498327
512.0,0.4533346585826459
512.0,0.45336778981545905
512.0,0.45340092104827223
512.0,0.45343405228108535
512.0,0.45346718351389853
512.0,0.4535003147467117
512.0,0.4535334459795249
512.0,0.45356657721233806
512.0,0.45359970844515124
512.0,0.4536328396779644
512.0,0.4536659709107776
512.0,0.45369910214359077
512.0,0.45373223337640395
512.0,0.4537653646092171
512.0,0.4537984958420303
512.0,0.4538316270748435
512.0,0.4538647583076566
512.0,0.4538978895404698
512.0,0.45393102077328296
512.0,0.45396415200609613
512.0,0.4539972832389093
512.0,0.4540304144717225
512.0,0.45406354570453566
512.0,0.45409667693734884
512.0,0.454129808170162
512.0,0.4541629394029752
512.0,0.4541960706357884
512.0,0.45422920186860155
512.0,0.45426233310141473
512.0,0.45429546433422785
512.0,0.454328595567041
512.0,0.4543617267998542
512.0,0.4543948580326674
512.0,0.45442798926548056
512.0,0.45446112049829374
512.0,0.4544942517311069
512.0,0.4545273829639201
512.0,0.45456051419673327
512.0,0.45459364542954644
512.0,0.4546267766623596
512.0,0.4546599078951728
512.0,0.454693039127986
512.0,0.4547261703607991
512.0,0.4547593015936123
512.0,0.45479243282642545
512.0,0.45482556405923863
512.0,0.4548586952920518
512.0,0.454891826524865
512.0,0.45492495775767816
512.0,0.45495808899049134
512.0,0.4549912202233045
512.0,0.4550243514561177
512.0,0.45505748268893087
512.0,0.45509061392174405
512.0,0.4551237451545572
512.0,0.4551568763873704
512.0,0.4551900076201835
512.0,0.4552231388529967
512.0,0.4552562700858099
512.0,0.45528940131862305
512.0,0.45532253255143623
512.0,0.4553556637842494
512.0,0.4553887950170626
512.0,0.45542192624987576
512.0,0.45545505748268894
512.0,0.4554881887155021
512.0,0.4555213199483153
512.0,0.4555544511811285
512.0,0.45558758241394165
512.0,0.45562071364675477
512.0,0.45565384487956795
512.0,0.4556869761123811
512.0,0.4557201073451943
512.0,0.4557532385780075
512.0,0.45578636981082066
512.0,0.45581950104363383
512.0,0.455852632276447
512.0,0.4558857635092602
512.0,0.45591889474207337
512.0,0.45595202597488654
512.0,0.4559851572076997
512.0,0.4560182884405129
512.0,0.456051419673326
512.0,0.4560845509061392
512.0,0.4561176821389524
512.0,0.45615081337176555
512.0,0.45618394460457873
512.0,0.4562170758373919
512.0,0.4562502070702051
512.0,0.45628333830301826
512.0,0.45631646953583144
512.0,0.4563496007686446
512.0,0.4563827320014578
512.0,0.45641586323427097
512.0,0.45644899446708415
512.0,0.45648212569989727
512.0,0.45651525693271044
512.0,0.4565483881655236
512.0,0.4565815193983368
512.0,0.45661465063115
512.0,0.45664778186396315
512.0,0.45668091309677633
512.0,0.4567140443295895
512.0,0.4567471755624027
512.0,0.45678030679521586
512.0,0.45681343802802904
512.0,0.4568465692608422
512.0,0.4568797004936554
512.0,0.4569128317264685
512.0,0.4569459629592817
512.0,0.45697909419209487
512.0,0.45701222542490805
512.0,0.4570453566577212
512.0,0.4570784878905344
512.0,0.4571116191233476
512.0,0.45714475035616076
512.0,0.45717788158897393
512.0,0.4572110128217871
512.0,0.4572441440546003
512.0,0.45727727528741346
512.0,0.45731040652022664
512.0,0.45734353775303976
512.0,0.45737666898585294
512.0,0.4574098002186661
512.0,0.4574429314514793
512.0,0.4574760626842925
512.0,0.45750919391710565
512.0,0.4575423251499188
512.0,0.457575456382732
512.0,0.4576085876155452
512.0,0.45764171884835836
512.0,0.45767485008117154
512.0,0.4577079813139847
512.0,0.4577411125467979
512.0,0.457774243779611
512.0,0.4578073750124242
512.0,0.45784050624523737
512.0,0.45787363747805054
512.0,0.4579067687108637
512.0,0.4579398999436769
512.0,0.4579730311764901
512.0,0.45800616240930325
512.0,0.45803929364211643
512.0,0.4580724248749296
512.0,0.4581055561077428
512.0,0.45813868734055596
512.0,0.45817181857336914
512.0,0.4582049498061823
512.0,0.45823808103899544
512.0,0.4582712122718086
512.0,0.4583043435046218
512.0,0.45833747473743497
512.0,0.45837060597024815
512.0,0.4584037372030613
512.0,0.4584368684358745
512.0,0.4584699996686877
512.0,0.45850313090150085
512.0,0.45853626213431403
512.0,0.4585693933671272
512.0,0.4586025245999404
512.0,0.45863565583275356
512.0,0.4586687870655667
512.0,0.45870191829837986
512.0,0.45873504953119304
512.0,0.4587681807640062
512.0,0.4588013119968194
512.0,0.45883444322963257
512.0,0.45886757446244575
512.0,0.4589007056952589
512.0,0.4589338369280721
512.0,0.4589669681608853
512.0,0.45900009939369846
512.0,0.45903323062651163
512.0,0.4590663618593248
512.0,0.45909949309213793
512.0,0.4591326243249511
512.0,0.4591657555577643
512.0,0.45919888679057747
512.0,0.45923201802339064
512.0,0.4592651492562038
512.0,0.459298280489017
512.0,0.4593314117218302
512.0,0.45936454295464335
512.0,0.45939767418745653
512.0,0.4594308054202697
512.0,0.4594639366530829
512.0,0.45949706788589606
512.0,0.4595301991187092
512.0,0.45956333035152236
512.0,0.45959646158433554
512.0,0.4596295928171487
512.0,0.4596627240499619
512.0,0.45969585528277507
512.0,0.45972898651558824
512.0,0.4597621177484014
512.0,0.4597952489812146
512.0,0.4598283802140278
512.0,0.45986151144684095
512.0,0.45989464267965413
512.0,0.4599277739124673
512.0,0.45996090514528043
512.0,0.4599940363780936
512.0,0.4600271676109068
512.0,0.46006029884371996
512.0,0.46009343007653314
512.0,0.4601265613093463
512.0,0.4601596925421595
512.0,0.46019282377497267
512.0,0.46022595500778585
512.0,0.460259086240599
512.0,0.4602922174734122
512.0,0.4603253487062254
512.0,0.46035847993903856
512.0,0.4603916111718517
512.0,0.46042474240466486
512.0,0.46045787363747803
512.0,0.4604910048702912
512.0,0.4605241361031044
512.0,0.46055726733591756
512.0,0.46059039856873074
512.0,0.4606235298015439
512.0,0.4606566610343571
512.0,0.4606897922671703
512.0,0.46072292349998345
512.0,0.4607560547327966
512.0,0.4607891859656098
512.0,0.4608223171984229
512.0,0.4608554484312361
512.0,0.4608885796640493
512.0,0.46092171089686246
512.0,0.46095484212967563
512.0,0.4609879733624888
512.0,0.461021104595302
512.0,0.46105423582811517
512.0,0.46108736706092834
512.0,0.4611204982937415
512.0,0.4611536295265547
512.0,0.4611867607593679
512.0,0.46121989199218105
512.0,0.46125302322499423
512.0,0.46128615445780735
512.0,0.46131928569062053
512.0,0.4613524169234337
512.0,0.4613855481562469
512.0,0.46141867938906006
512.0,0.46145181062187324
512.0,0.4614849418546864
512.0,0.4615180730874996
512.0,0.46155120432031277
512.0,0.46158433555312595
512.0,0.4616174667859391
512.0,0.4616505980187523
512.0,0.4616837292515655
512.0,0.4617168604843786
512.0,0.4617499917171918
512.0,0.46178312295000495
512.0,0.46181625418281813
512.0,0.4618493854156313
512.0,0.4618825166484445
512.0,0.46191564788125766
512.0,0.46194877911407084
512.0,0.461981910346884
512.0,0.4620150415796972
512.0,0.46204817281251037
512.0,0.46208130404532355
512.0,0.4621144352781367
512.0,0.46214756651094985
512.0,0.462180697743763
512.0,0.4622138289765762
512.0,0.4622469602093894
512.0,0.46228009144220256
512.0,0.46231322267501573
512.0,0.4623463539078289
512.0,0.4623794851406421
512.0,0.46241261637345527
512.0,0.46244574760626844
512.0,0.4624788788390816
512.0,0.4625120100718948
512.0,0.462545141304708
512.0,0.4625782725375211
512.0,0.4626114037703343
512.0,0.46264453500314745
512.0,0.4626776662359606
512.0,0.4627107974687738
512.0,0.462743928701587
512.0,0.46277705993440016
512.0,0.46281019116721334
512.0,0.4628433224000265
512.0,0.4628764536328397
512.0,0.46290958486565287
512.0,0.46294271609846604
512.0,0.4629758473312792
512.0,0.46300897856409234
512.0,0.4630421097969055
512.0,0.4630752410297187
512.0,0.4631083722625319
512.0,0.46314150349534505
512.0,0.46317463472815823
512.0,0.4632077659609714
512.0,0.4632408971937846
512.0,0.46327402842659776
512.0,0.46330715965941094
512.0,0.4633402908922241
512.0,0.4633734221250373
512.0,0.46340655335785047
512.0,0.4634396845906636
512.0,0.46347281582347677
512.0,0.46350594705628995
512.0,0.4635390782891031
512.0,0.4635722095219163
512.0,0.4636053407547295
512.0,0.46363847198754266
512.0,0.46367160322035583
512.0,0.463704734453169
512.0,0.4637378656859822
512.0,0.46377099691879536
512.0,0.46380412815160854
512.0,0.4638372593844217
512.0,0.46387039061723484
512.0,0.463903521850048
512.0,0.4639366530828612
512.0,0.46396978431567437
512.0,0.46400291554848755
512.0,0.4640360467813007
512.0,0.4640691780141139
512.0,0.4641023092469271
512.0,0.46413544047974026
512.0,0.46416857171255343
512.0,0.4642017029453666
512.0,0.4642348341781798
512.0,0.46426796541099297
512.0,0.46430109664380614
512.0,0.46433422787661927
512.0,0.46436735910943244
512.0,0.4644004903422456
512.0,0.4644336215750588
512.0,0.464466752807872
512.0,0.46449988404068515
512.0,0.46453301527349833
512.0,0.4645661465063115
512.0,0.4645992777391247
512.0,0.46463240897193786
512.0,0.46466554020475104
512.0,0.4646986714375642
512.0,0.4647318026703774
512.0,0.4647649339031905
512.0,0.4647980651360037
512.0,0.46483119636881687
512.0,0.46486432760163005
512.0,0.4648974588344432
512.0,0.4649305900672564
512.0,0.4649637213000696
512.0,0.46499685253288275
512.0,0.46502998376569593
512.0,0.4650631149985091
512.0,0.4650962462313223
512.0,0.46512937746413546
512.0,0.46516250869694864
512.0,0.46519563992976176
512.0,0.46522877116257494
512.0,0.4652619023953881
512.0,0.4652950336282013
512.0,0.46532816486101447
512.0,0.46536129609382765
512.0,0.4653944273266408
512.0,0.465427558559454
512.0,0.4654606897922672
512.0,0.46549382102508036
512.0,0.46552695225789353
512.0,0.4655600834907067
512.0,0.4655932147235199
512.0,0.465626345956333
512.0,0.4656594771891462
512.0,0.46569260842195936
512.0,0.46572573965477254
512.0,0.4657588708875857
512.0,0.4657920021203989
512.0,0.4658251333532121
512.0,0.46585826458602525
512.0,0.4658913958188384
512.0,0.4659245270516516
512.0,0.4659576582844648
512.0,0.46599078951727796
512.0,0.46602392075009114
512.0,0.46605705198290426
512.0,0.46609018321571744
512.0,0.4661233144485306
512.0,0.4661564456813438
512.0,0.46618957691415697
512.0,0.46622270814697014
512.0,0.4662558393797833
512.0,0.4662889706125965
512.0,0.4663221018454097
512.0,0.46635523307822285
512.0,0.46638836431103603
512.0,0.4664214955438492
512.0,0.4664546267766624
512.0,0.4664877580094755
512.0,0.4665208892422887
512.0,0.46655402047510186
512.0,0.46658715170791504
512.0,0.4666202829407282
512.0,0.4666534141735414
512.0,0.46668654540635457
512.0,0.46671967663916775
512.0,0.4667528078719809
512.0,0.4667859391047941
512.0,0.4668190703376073
512.0,0.46685220157042046
512.0,0.46688533280323363
512.0,0.46691846403604675
512.0,0.46695159526885993
512.0,0.4669847265016731
512.0,0.4670178577344863
512.0,0.46705098896729946
512.0,0.46708412020011264
512.0,0.4671172514329258
512.0,0.467150382665739
512.0,0.46718351389855217
512.0,0.46721664513136535
512.0,0.4672497763641785
512.0,0.4672829075969917
512.0,0.4673160388298049
512.0,0.467349170062618
512.0,0.4673823012954312
512.0,0.46741543252824436
512.0,0.46744856376105753
512.0,0.4674816949938707
512.0,0.4675148262266839
512.0,0.46754795745949707
512.0,0.46758108869231024
512.0,0.4676142199251234
512.0,0.4676473511579366
512.0,0.4676804823907498
512.0,0.46771361362356295
512.0,0.46774674485637613
512.0,0.4677798760891893
512.0,0.4678130073220024
512.0,0.4678461385548156
512.0,0.4678792697876288
512.0,0.46791240102044196
512.0,0.46794553225325514
512.0,0.4679786634860683
512.0,0.4680117947188815
512.0,0.46804492595169467
512.0,0.46807805718450785
512.0,0.468111188417321
512.0,0.4681443196501342
512.0,0.4681774508829474
512.0,0.46821058211576055
512.0,0.4682437133485737
512.0,0.46827684458138685
512.0,0.46830997581420003
512.0,0.4683431070470132
512.0,0.4683762382798264
512.0,0.46840936951263956
512.0,0.46844250074545274
512.0,0.4684756319782659
512.0,0.4685087632110791
512.0,0.46854189444389227
512.0,0.46857502567670545
512.0,0.4686081569095186
512.0,0.4686412881423318
512.0,0.4686744193751449
512.0,0.4687075506079581
512.0,0.4687406818407713
512.0,0.46877381307358446
512.0,0.46880694430639763
512.0,0.4688400755392108
512.0,0.468873206772024
512.0,0.46890633800483716
512.0,0.46893946923765034
512.0,0.4689726004704635
512.0,0.4690057317032767
512.0,0.4690388629360899
512.0,0.46907199416890305
512.0,0.46910512540171617
512.0,0.46913825663452935
512.0,0.4691713878673425
512.0,0.4692045191001557
512.0,0.4692376503329689
512.0,0.46927078156578206
512.0,0.46930391279859524
512.0,0.4693370440314084
512.0,0.4693701752642216
512.0,0.46940330649703477
512.0,0.46943643772984794
512.0,0.4694695689626611
512.0,0.4695027001954743
512.0,0.4695358314282874
512.0,0.4695689626611006
512.0,0.4696020938939138
512.0,0.46963522512672695
512.0,0.46966835635954013
512.0,0.4697014875923533
512.0,0.4697346188251665
512.0,0.46976775005797966
512.0,0.46980088129079284
512.0,0.469834012523606
512.0,0.4698671437564192
512.0,0.46990027498923237
512.0,0.46993340622204555
512.0,0.46996653745485867
512.0,0.46999966868767185
512.0,0.470032799920485
512.0,0.4700659311532982
512.0,0.4700990623861114
512.0,0.47013219361892455
512.0,0.47016532485173773
512.0,0.4701984560845509
512.0,0.4702315873173641
512.0,0.47026471855017726
512.0,0.47029784978299044
512.0,0.4703309810158036
512.0,0.4703641122486168
512.0,0.4703972434814299
512.0,0.4704303747142431
512.0,0.47046350594705627
512.0,0.47049663717986945
512.0,0.4705297684126826
512.0,0.4705628996454958
512.0,0.470596030878309
512.0,0.47062916211112216
512.0,0.47066229334393533
512.0,0.4706954245767485
512.0,0.4707285558095617
512.0,0.47076168704237487
512.0,0.47079481827518804
512.0,0.4708279495080012
512.0,0.47086108074081434
512.0,0.4708942119736275
512.0,0.4709273432064407
512.0,0.4709604744392539
512.0,0.47099360567206705
512.0,0.4710267369048802
512.0,0.4710598681376934
512.0,0.4710929993705066
512.0,0.47112613060331976
512.0,0.47115926183613294
512.0,0.4711923930689461
512.0,0.4712255243017593
512.0,0.47125865553457247
512.0,0.4712917867673856
512.0,0.47132491800019877
512.0,0.47135804923301194
512.0,0.4713911804658251
512.0,0.4714243116986383
512.0,0.4714574429314515
512.0,0.47149057416426465
512.0,0.47152370539707783
512.0,0.471556836629891
512.0,0.4715899678627042
512.0,0.47162309909551736
512.0,0.47165623032833054
512.0,0.4716893615611437
512.0,0.47172249279395684
512.0,0.47175562402677
512.0,0.4717887552595832
512.0,0.47182188649239637
512.0,0.47185501772520955
512.0,0.4718881489580227
512.0,0.4719212801908359
512.0,0.4719544114236491
512.0,0.47198754265646226
512.0,0.47202067388927543
512.0,0.4720538051220886
512.0,0.4720869363549018
512.0,0.47212006758771496
512.0,0.4721531988205281
512.0,0.47218633005334126
512.0,0.47221946128615444
512.0,0.4722525925189676
512.0,0.4722857237517808
512.0,0.47231885498459397
512.0,0.47235198621740715
512.0,0.4723851174502203
512.0,0.4724182486830335
512.0,0.4724513799158467
512.0,0.47248451114865986
512.0,0.47251764238147304
512.0,0.4725507736142862
512.0,0.47258390484709933
512.0,0.4726170360799125
512.0,0.4726501673127257
512.0,0.47268329854553887
512.0,0.47271642977835204
512.0,0.4727495610111652
512.0,0.4727826922439784
512.0,0.4728158234767916
512.0,0.47284895470960475
512.0,0.47288208594241793
512.0,0.4729152171752311
512.0,0.4729483484080443
512.0,0.47298147964085746
512.0,0.4730146108736706
512.0,0.47304774210648376
512.0,0.47308087333929694
512.0,0.4731140045721101
512.0,0.4731471358049233
512.0,0.47318026703773647
512.0,0.47321339827054965
512.0,0.4732465295033628
512.0,0.473279660736176
512.0,0.4733127919689892
512.0,0.47334592320180235
512.0,0.47337905443461553
512.0,0.4734121856674287
512.0,0.47344531690024183
512.0,0.473478448133055
512.0,0.4735115793658682
512.0,0.47354471059868136
512.0,0.47357784183149454
512.0,0.4736109730643077
512.0,0.4736441042971209
512.0,0.47367723552993407
512.0,0.47371036676274725
512.0,0.4737434979955604
512.0,0.4737766292283736
512.0,0.4738097604611868
512.0,0.47384289169399996
512.0,0.47387602292681313
512.0,0.47390915415962626
512.0,0.47394228539243943
512.0,0.4739754166252526
512.0,0.4740085478580658
512.0,0.47404167909087896
512.0,0.47407481032369214
512.0,0.4741079415565053
512.0,0.4741410727893185
512.0,0.4741742040221317
512.0,0.47420733525494485
512.0,0.47424046648775803
512.0,0.4742735977205712
512.0,0.4743067289533844
512.0,0.4743398601861975
512.0,0.4743729914190107
512.0,0.47440612265182386
512.0,0.47443925388463704
512.0,0.4744723851174502
512.0,0.4745055163502634
512.0,0.47453864758307657
512.0,0.47457177881588974
512.0,0.4746049100487029
512.0,0.4746380412815161
512.0,0.4746711725143293
512.0,0.47470430374714245
512.0,0.47473743497995563
512.0,0.47477056621276875
512.0,0.47480369744558193
512.0,0.4748368286783951
512.0,0.4748699599112083
512.0,0.47490309114402146
512.0,0.47493622237683464
512.0,0.4749693536096478
512.0,0.475002484842461
512.0,0.47503561607527417
512.0,0.47506874730808735
512.0,0.4751018785409005
512.0,0.4751350097737137
512.0,0.4751681410065269
512.0,0.47520127223934
512.0,0.4752344034721532
512.0,0.47526753470496635
512.0,0.47530066593777953
512.0,0.4753337971705927
512.0,0.4753669284034059
512.0,0.47540005963621906
512.0,0.47543319086903224
512.0,0.4754663221018454
512.0,0.4754994533346586
512.0,0.47553258456747177
512.0,0.47556571580028495
512.0,0.4755988470330981
512.0,0.47563197826591125
512.0,0.4756651094987244
512.0,0.4756982407315376
512.0,0.4757313719643508
512.0,0.47576450319716396
512.0,0.47579763442997713
512.0,0.4758307656627903
512.0,0.4758638968956035
512.0,0.47589702812841667
512.0,0.47593015936122984
512.0,0.475963290594043
512.0,0.4759964218268562
512.0,0.4760295530596694
512.0,0.4760626842924825
512.0,0.4760958155252957
512.0,0.47612894675810885
512.0,0.47616207799092203
512.0,0.4761952092237352
512.0,0.4762283404565484
512.0,0.47626147168936156
512.0,0.47629460292217474
512.0,0.4763277341549879
512.0,0.4763608653878011
512.0,0.47639399662061427
512.0,0.47642712785342745
512.0,0.4764602590862406
512.0,0.47649339031905374
512.0,0.4765265215518669
512.0,0.4765596527846801
512.0,0.4765927840174933
512.0,0.47662591525030645
512.0,0.47665904648311963
512.0,0.4766921777159328
512.0,0.476725308948746
512.0,0.47675844018155916
512.0,0.47679157141437234
512.0,0.4768247026471855
512.0,0.4768578338799987
512.0,0.47689096511281187
512.0,0.47692409634562505
512.0,0.47695722757843817
512.0,0.47699035881125135
512.0,0.4770234900440645
512.0,0.4770566212768777
512.0,0.4770897525096909
512.0,0.47712288374250406
512.0,0.47715601497531723
512.0,0.4771891462081304
512.0,0.4772222774409436
512.0,0.47725540867375676
512.0,0.47728853990656994
512.0,0.4773216711393831
512.0,0.4773548023721963
512.0,0.4773879336050094
512.0,0.4774210648378226
512.0,0.4774541960706358
512.0,0.47748732730344895
512.0,0.4775204585362621
512.0,0.4775535897690753
512.0,0.4775867210018885
512.0,0.47761985223470166
512.0,0.47765298346751484
512.0,0.477686114700328
512.0,0.4777192459331412
512.0,0.47775237716595437
512.0,0.47778550839876754
512.0,0.47781863963158067
512.0,0.47785177086439384
512.0,0.477884902097207
512.0,0.4779180333300202
512.0,0.4779511645628334
512.0,0.47798429579564655
512.0,0.47801742702845973
512.0,0.4780505582612729
512.0,0.4780836894940861
512.0,0.47811682072689926
512.0,0.47814995195971244
512.0,0.4781830831925256
512.0,0.4782162144253388
512.0,0.4782493456581519
512.0,0.4782824768909651
512.0,0.47831560812377827
512.0,0.47834873935659145
512.0,0.4783818705894046
512.0,0.4784150018222178
512.0,0.478448133055031
512.0,0.47848126428784415
512.0,0.47851439552065733
512.0,0.4785475267534705
512.0,0.4785806579862837
512.0,0.47861378921909686
512.0,0.47864692045191004
512.0,0.47868005168472316
512.0,0.47871318291753634
512.0,0.4787463141503495
512.0,0.4787794453831627
512.0,0.47881257661597587
512.0,0.47884570784878905
512.0,0.4788788390816022
512.0,0.4789119703144154
512.0,0.4789451015472286
512.0,0.47897823278004176
512.0,0.47901136401285493
512.0,0.4790444952456681
512.0,0.4790776264784813
512.0,0.4791107577112944
512.0,0.4791438889441076
512.0,0.47917702017692076
512.0,0.47921015140973394
512.0,0.4792432826425471
512.0,0.4792764138753603
512.0,0.4793095451081735
512.0,0.47934267634098665
512.0,0.47937580757379983
512.0,0.479408938806613
512.0,0.4794420700394262
512.0,0.47947520127223936
512.0,0.47950833250505254
512.0,0.47954146373786566
512.0,0.47957459497067884
512.0,0.479607726203492
512.0,0.4796408574363052
512.0,0.47967398866911837
512.0,0.47970711990193154
512.0,0.4797402511347447
512.0,0.4797733823675579
512.0,0.4798065136003711
512.0,0.47983964483318425
512.0,0.47987277606599743
512.0,0.4799059072988106
512.0,0.4799390385316238
512.0,0.47997216976443696
512.0,0.4800053009972501
512.0,0.48003843223006326
512.0,0.48007156346287644
512.0,0.4801046946956896
512.0,0.4801378259285028
512.0,0.48017095716131597
512.0,0.48020408839412915
512.0,0.4802372196269423
512.0,0.4802703508597555
512.0,0.4803034820925687
512.0,0.48033661332538186
512.0,0.48036974455819503
512.0,0.4804028757910082
512.0,0.48043600702382133
512.0,0.4804691382566345
512.0,0.4805022694894477
512.0,0.48053540072226086
512.0,0.48056853195507404
512.0,0.4806016631878872
512.0,0.4806347944207004
512.0,0.4806679256535136
512.0,0.48070105688632675
512.0,0.4807341881191399
512.0,0.4807673193519531
512.0,0.4808004505847663
512.0,0.48083358181757946
512.0,0.4808667130503926
512.0,0.48089984428320576
512.0,0.48093297551601893
512.0,0.4809661067488321
512.0,0.4809992379816453
512.0,0.48103236921445847
512.0,0.48106550044727164
512.0,0.4810986316800848
512.0,0.481131762912898
512.0,0.4811648941457112
512.0,0.48119802537852435
512.0,0.48123115661133753
512.0,0.4812642878441507
512.0,0.48129741907696383
512.0,0.481330550309777
512.0,0.4813636815425902
512.0,0.48139681277540336
512.0,0.48142994400821654
512.0,0.4814630752410297
512.0,0.4814962064738429
512.0,0.48152933770665607
512.0,0.48156246893946925
512.0,0.4815956001722824
512.0,0.4816287314050956
512.0,0.4816618626379088
512.0,0.48169499387072195
512.0,0.4817281251035351
512.0,0.48176125633634825
512.0,0.48179438756916143
512.0,0.4818275188019746
512.0,0.4818606500347878
512.0,0.48189378126760096
512.0,0.48192691250041414
512.0,0.4819600437332273
512.0,0.4819931749660405
512.0,0.48202630619885367
512.0,0.48205943743166685
512.0,0.48209256866448
512.0,0.4821256998972932
512.0,0.4821588311301063
512.0,0.4821919623629195
512.0,0.4822250935957327
512.0,0.48225822482854586
512.0,0.48229135606135903
512.0,0.4823244872941722
512.0,0.4823576185269854
512.0,0.48239074975979856
512.0,0.48242388099261174
512.0,0.4824570122254249
512.0,0.4824901434582381
512.0,0.4825232746910513
512.0,0.48255640592386445
512.0,0.4825895371566776
512.0,0.48262266838949075
512.0,0.4826557996223039
512.0,0.4826889308551171
512.0,0.4827220620879303
512.0,0.48275519332074346
512.0,0.48278832455355664
512.0,0.4828214557863698
512.0,0.482854587019183
512.0,0.48288771825199617
512.0,0.48292084948480934
512.0,0.4829539807176225
512.0,0.4829871119504357
512.0,0.4830202431832489
512.0,0.483053374416062
512.0,0.4830865056488752
512.0,0.48311963688168835
512.0,0.48315276811450153
512.0,0.4831858993473147
512.0,0.4832190305801279
512.0,0.48325216181294106
512.0,0.48328529304575424
512.0,0.4833184242785674
512.0,0.4833515555113806
512.0,0.48338468674419377
512.0,0.48341781797700695
512.0,0.4834509492098201
512.0,0.48348408044263325
512.0,0.4835172116754464
512.0,0.4835503429082596
512.0,0.4835834741410728
512.0,0.48361660537388595
512.0,0.48364973660669913
512.0,0.4836828678395123
512.0,0.4837159990723255
512.0,0.48374913030513866
512.0,0.48378226153795184
512.0,0.483815392770765
512.0,0.4838485240035782
512.0,0.4838816552363914
512.0,0.4839147864692045
512.0,0.48394791770201767
512.0,0.48398104893483085
512.0,0.484014180167644
512.0,0.4840473114004572
512.0,0.4840804426332704
512.0,0.48411357386608356
512.0,0.48414670509889673
512.0,0.4841798363317099
512.0,0.4842129675645231
512.0,0.48424609879733627
512.0,0.48427923003014944
512.0,0.4843123612629626
512.0,0.48434549249577574
512.0,0.4843786237285889
512.0,0.4844117549614021
512.0,0.4844448861942153
512.0,0.48447801742702845
512.0,0.48451114865984163
512.0,0.4845442798926548
512.0,0.484577411125468
512.0,0.48461054235828116
512.0,0.48464367359109434
512.0,0.4846768048239075
512.0,0.4847099360567207
512.0,0.48474306728953387
512.0,0.484776198522347
512.0,0.48480932975516017
512.0,0.48484246098797334
512.0,0.4848755922207865
512.0,0.4849087234535997
512.0,0.4849418546864129
512.0,0.48497498591922605
512.0,0.48500811715203923
512.0,0.4850412483848524
512.0,0.4850743796176656
512.0,0.48510751085047876
512.0,0.48514064208329194
512.0,0.4851737733161051
512.0,0.48520690454891824
512.0,0.4852400357817314
512.0,0.4852731670145446
512.0,0.48530629824735777
512.0,0.48533942948017095
512.0,0.4853725607129841
512.0,0.4854056919457973
512.0,0.4854388231786105
512.0,0.48547195441142366
512.0,0.48550508564423683
512.0,0.48553821687705
512.0,0.4855713481098632
512.0,0.48560447934267637
512.0,0.4856376105754895
512.0,0.48567074180830266
512.0,0.48570387304111584
512.0,0.485737004273929
512.0,0.4857701355067422
512.0,0.4858032667395554
512.0,0.48583639797236855
512.0,0.4858695292051817
512.0,0.4859026604379949
512.0,0.4859357916708081
512.0,0.48596892290362126
512.0,0.48600205413643444
512.0,0.4860351853692476
512.0,0.4860683166020608
512.0,0.4861014478348739
512.0,0.4861345790676871
512.0,0.48616771030050027
512.0,0.48620084153331344
512.0,0.4862339727661266
512.0,0.4862671039989398
512.0,0.486300235231753
512.0,0.48633336646456615
512.0,0.48636649769737933
512.0,0.4863996289301925
512.0,0.4864327601630057
512.0,0.48646589139581886
512.0,0.48649902262863204
512.0,0.48653215386144516
512.0,0.48656528509425834
512.0,0.4865984163270715
512.0,0.4866315475598847
512.0,0.48666467879269787
512.0,0.48669781002551105
512.0,0.4867309412583242
512.0,0.4867640724911374
512.0,0.4867972037239506
512.0,0.48683033495676376
512.0,0.48686346618957693
512.0,0.4868965974223901
512.0,0.4869297286552033
512.0,0.4869628598880164
512.0,0.4869959911208296
512.0,0.48702912235364276
512.0,0.48706225358645594
512.0,0.4870953848192691
512.0,0.4871285160520823
512.0,0.48716164728489547
512.0,0.48719477851770865
512.0,0.4872279097505218
512.0,0.487261040983335
512.0,0.4872941722161482
512.0,0.48732730344896136
512.0,0.48736043468177453
512.0,0.48739356591458766
512.0,0.48742669714740083
512.0,0.487459828380214
512.0,0.4874929596130272
512.0,0.48752609084584037
512.0,0.48755922207865354
512.0,0.4875923533114667
512.0,0.4876254845442799
512.0,0.4876586157770931
512.0,0.48769174700990625
512.0,0.48772487824271943
512.0,0.4877580094755326
512.0,0.4877911407083458
512.0,0.4878242719411589
512.0,0.4878574031739721
512.0,0.48789053440678526
512.0,0.48792366563959844
512.0,0.4879567968724116
512.0,0.4879899281052248
512.0,0.48802305933803797
512.0,0.48805619057085114
512.0,0.4880893218036643
512.0,0.4881224530364775
512.0,0.4881555842692907
512.0,0.48818871550210385
512.0,0.48822184673491703
512.0,0.48825497796773015
512.0,0.48828810920054333
512.0,0.4883212404333565
512.0,0.4883543716661697
512.0,0.48838750289898286
512.0,0.48842063413179604
512.0,0.4884537653646092
512.0,0.4884868965974224
512.0,0.48852002783023557
512.0,0.48855315906304875
512.0,0.4885862902958619
512.0,0.4886194215286751
512.0,0.4886525527614883
512.0,0.4886856839943014
512.0,0.4887188152271146
512.0,0.48875194645992776
512.0,0.48878507769274093
512.0,0.4888182089255541
512.0,0.4888513401583673
512.0,0.48888447139118046
512.0,0.48891760262399364
512.0,0.4889507338568068
512.0,0.48898386508962
512.0,0.4890169963224332
512.0,0.48905012755524635
512.0,0.4890832587880595
512.0,0.48911639002087265
512.0,0.4891495212536858
512.0,0.489182652486499
512.0,0.4892157837193122
512.0,0.48924891495212536
512.0,0.48928204618493853
512.0,0.4893151774177517
512.0,0.4893483086505649
512.0,0.48938143988337807
512.0,0.48941457111619124
512.0,0.4894477023490044
512.0,0.4894808335818176
512.0,0.4895139648146308
512.0,0.48954709604744395
512.0,0.4895802272802571
512.0,0.48961335851307025
512.0,0.48964648974588343
512.0,0.4896796209786966
512.0,0.4897127522115098
512.0,0.48974588344432296
512.0,0.48977901467713614
512.0,0.4898121459099493
512.0,0.4898452771427625
512.0,0.48987840837557567
512.0,0.48991153960838885
512.0,0.489944670841202
512.0,0.4899778020740152
512.0,0.4900109333068283
512.0,0.4900440645396415
512.0,0.4900771957724547
512.0,0.49011032700526785
512.0,0.49014345823808103
512.0,0.4901765894708942
512.0,0.4902097207037074
512.0,0.49024285193652056
512.0,0.49027598316933374
512.0,0.4903091144021469
512.0,0.4903422456349601
512.0,0.49037537686777327
512.0,0.49040850810058645
512.0,0.49044163933339957
512.0,0.49047477056621275
512.0,0.4905079017990259
512.0,0.4905410330318391
512.0,0.4905741642646523
512.0,0.49060729549746546
512.0,0.49064042673027863
512.0,0.4906735579630918
512.0,0.490706689195905
512.0,0.49073982042871817
512.0,0.49077295166153134
512.0,0.4908060828943445
512.0,0.4908392141271577
512.0,0.4908723453599708
512.0,0.490905476592784
512.0,0.4909386078255972
512.0,0.49097173905841035
512.0,0.4910048702912235
512.0,0.4910380015240367
512.0,0.4910711327568499
512.0,0.49110426398966306
512.0,0.49113739522247624
512.0,0.4911705264552894
512.0,0.4912036576881026
512.0,0.49123678892091577
512.0,0.49126992015372895
512.0,0.49130305138654207
512.0,0.49133618261935524
512.0,0.4913693138521684
512.0,0.4914024450849816
512.0,0.4914355763177948
512.0,0.49146870755060795
512.0,0.49150183878342113
512.0,0.4915349700162343
512.0,0.4915681012490475
512.0,0.49160123248186066
512.0,0.49163436371467384
512.0,0.491667494947487
512.0,0.4917006261803002
512.0,0.4917337574131133
512.0,0.4917668886459265
512.0,0.49180001987873967
512.0,0.49183315111155285
512.0,0.491866282344366
512.0,0.4918994135771792
512.0,0.4919325448099924
512.0,0.49196567604280556
512.0,0.49199880727561873
512.0,0.4920319385084319
512.0,0.4920650697412451
512.0,0.49209820097405826
512.0,0.49213133220687144
512.0,0.49216446343968456
512.0,0.49219759467249774
512.0,0.4922307259053109
512.0,0.4922638571381241
512.0,0.49229698837093727
512.0,0.49233011960375045
512.0,0.4923632508365636
512.0,0.4923963820693768
512.0,0.49242951330219
512.0,0.49246264453500316
512.0,0.49249577576781634
512.0,0.4925289070006295
512.0,0.4925620382334427
512.0,0.49259516946625587
512.0,0.492628300699069
512.0,0.49266143193188217
512.0,0.49269456316469534
512.0,0.4927276943975085
512.0,0.4927608256303217
512.0,0.4927939568631349
512.0,0.49282708809594805
512.0,0.49286021932876123
512.0,0.4928933505615744
512.0,0.4929264817943876
512.0,0.49295961302720076
512.0,0.49299274426001394
512.0,0.4930258754928271
512.0,0.49305900672564024
512.0,0.4930921379584534
512.0,0.4931252691912666
512.0,0.49315840042407977
512.0,0.49319153165689295
512.0,0.4932246628897061
512.0,0.4932577941225193
512.0,0.4932909253553325
512.0,0.49332405658814565
512.0,0.49335718782095883
512.0,0.493390319053772
512.0,0.4934234502865852
512.0,0.49345658151939836
512.0,0.4934897127522115
512.0,0.49352284398502466
512.0,0.49355597521783784
512.0,0.493589106450651
512.0,0.4936222376834642
512.0,0.49365536891627737
512.0,0.49368850014909055
512.0,0.4937216313819037
512.0,0.4937547626147169
512.0,0.4937878938475301
512.0,0.49382102508034326
512.0,0.49385415631315643
512.0,0.4938872875459696
512.0,0.49392041877878273
512.0,0.4939535500115959
512.0,0.4939866812444091
512.0,0.49401981247722226
512.0,0.49405294371003544
512.0,0.4940860749428486
512.0,0.4941192061756618
512.0,0.494152337408475
512.0,0.49418546864128815
512.0,0.4942185998741013
512.0,0.4942517311069145
512.0,0.4942848623397277
512.0,0.49431799357254086
512.0,0.494351124805354
512.0,0.49438425603816716
512.0,0.49441738727098034
512.0,0.4944505185037935
512.0,0.4944836497366067
512.0,0.49451678096941987
512.0,0.49454991220223304
512.0,0.4945830434350462
512.0,0.4946161746678594
512.0,0.4946493059006726
512.0,0.49468243713348575
512.0,0.49471556836629893
512.0,0.4947486995991121
512.0,0.49478183083192523
512.0,0.4948149620647384
512.0,0.4948480932975516
512.0,0.49488122453036476
512.0,0.49491435576317794
512.0,0.4949474869959911
512.0,0.4949806182288043
512.0,0.49501374946161747
512.0,0.49504688069443065
512.0,0.4950800119272438
512.0,0.495113143160057
512.0,0.4951462743928702
512.0,0.49517940562568336
512.0,0.4952125368584965
512.0,0.49524566809130965
512.0,0.49527879932412283
512.0,0.495311930556936
512.0,0.4953450617897492
512.0,0.49537819302256236
512.0,0.49541132425537554
512.0,0.4954444554881887
512.0,0.4954775867210019
512.0,0.49551071795381507
512.0,0.49554384918662825
512.0,0.4955769804194414
512.0,0.4956101116522546
512.0,0.4956432428850678
512.0,0.4956763741178809
512.0,0.4957095053506941
512.0,0.49574263658350726
512.0,0.49577576781632043
512.0,0.4958088990491336
512.0,0.4958420302819468
512.0,0.49587516151475997
512.0,0.49590829274757314
512.0,0.4959414239803863
512.0,0.4959745552131995
512.0,0.4960076864460127
512.0,0.49604081767882585
512.0,0.49607394891163903
512.0,0.49610708014445215
512.0,0.4961402113772653
512.0,0.4961733426100785
512.0,0.4962064738428917
512.0,0.49623960507570486
512.0,0.49627273630851804
512.0,0.4963058675413312
512.0,0.4963389987741444
512.0,0.49637213000695757
512.0,0.49640526123977075
512.0,0.4964383924725839
512.0,0.4964715237053971
512.0,0.4965046549382103
512.0,0.4965377861710234
512.0,0.4965709174038366
512.0,0.49660404863664975
512.0,0.49663717986946293
512.0,0.4966703111022761
512.0,0.4967034423350893
512.0,0.49673657356790246
512.0,0.49676970480071564
512.0,0.4968028360335288
512.0,0.496835967266342
512.0,0.49686909849915517
512.0,0.49690222973196835
512.0,0.4969353609647815
512.0,0.49696849219759465
512.0,0.4970016234304078
512.0,0.497034754663221
512.0,0.4970678858960342
512.0,0.49710101712884736
512.0,0.49713414836166053
512.0,0.4971672795944737
512.0,0.4972004108272869
512.0,0.49723354206010006
512.0,0.49726667329291324
512.0,0.4972998045257264
512.0,0.4973329357585396
512.0,0.4973660669913528
512.0,0.4973991982241659
512.0,0.49743232945697907
512.0,0.49746546068979225
512.0,0.4974985919226054
512.0,0.4975317231554186
512.0,0.4975648543882318
512.0,0.49759798562104496
512.0,0.49763111685385814
512.0,0.4976642480866713
512.0,0.4976973793194845
512.0,0.49773051055229767
512.0,0.49776364178511084
512.0,0.497796773017924
512.0,0.49782990425073714
512.0,0.4978630354835503
512.0,0.4978961667163635
512.0,0.4979292979491767
512.0,0.49796242918198985
512.0,0.49799556041480303
512.0,0.4980286916476162
512.0,0.4980618228804294
512.0,0.49809495411324256
512.0,0.49812808534605574
512.0,0.4981612165788689
512.0,0.4981943478116821
512.0,0.49822747904449527
512.0,0.4982606102773084
512.0,0.49829374151012157
512.0,0.49832687274293475
512.0,0.4983600039757479
512.0,0.4983931352085611
512.0,0.4984262664413743
512.0,0.49845939767418745
512.0,0.49849252890700063
512.0,0.4985256601398138
512.0,0.498558791372627
512.0,0.49859192260544016
512.0,0.49862505383825334
512.0,0.4986581850710665
512.0,0.4986913163038797
512.0,0.4987244475366928
512.0,0.498757578769506
512.0,0.49879071000231917
512.0,0.49882384123513235
512.0,0.4988569724679455
512.0,0.4988901037007587
512.0,0.4989232349335719
512.0,0.49895636616638506
512.0,0.49898949739919823
512.0,0.4990226286320114
512.0,0.4990557598648246
512.0,0.49908889109763777
512.0,0.49912202233045094
512.0,0.49915515356326406
512.0,0.49918828479607724
512.0,0.4992214160288904
512.0,0.4992545472617036
512.0,0.4992876784945168
512.0,0.49932080972732995
512.0,0.49935394096014313
512.0,0.4993870721929563
512.0,0.4994202034257695
512.0,0.49945333465858266
512.0,0.49948646589139584
512.0,0.499519597124209
512.0,0.4995527283570222
512.0,0.4995858595898353
512.0,0.4996189908226485
512.0,0.49965212205546167
512.0,0.49968525328827484
512.0,0.499718384521088
512.0,0.4997515157539012
512.0,0.4997846469867144
512.0,0.49981777821952755
512.0,0.49985090945234073
512.0,0.4998840406851539
512.0,0.4999171719179671
512.0,0.49995030315078026
512.0,0.49998343438359344
512.0,0.5000165656164066
512.0,0.5000496968492197
512.0,0.500082828082033
512.0,0.5001159593148461
512.0,0.5001490905476593
512.0,0.5001822217804724
512.0,0.5002153530132857
512.0,0.5002484842460988
512.0,0.5002816154789119
512.0,0.5003147467117252
512.0,0.5003478779445383
512.0,0.5003810091773515
512.0,0.5004141404101646
512.0,0.5004472716429779
512.0,0.500480402875791
512.0,0.5005135341086042
512.0,0.5005466653414173
512.0,0.5005797965742306
512.0,0.5006129278070437
512.0,0.5006460590398569
512.0,0.50067919027267
512.0,0.5007123215054832
512.0,0.5007454527382964
512.0,0.5007785839711095
512.0,0.5008117152039228
512.0,0.5008448464367359
512.0,0.5008779776695491
512.0,0.5009111089023622
512.0,0.5009442401351755
512.0,0.5009773713679886
512.0,0.5010105026008018
512.0,0.5010436338336149
512.0,0.5010767650664282
512.0,0.5011098962992413
512.0,0.5011430275320544
512.0,0.5011761587648677
512.0,0.5012092899976808
512.0,0.501242421230494
512.0,0.5012755524633071
512.0,0.5013086836961204
512.0,0.5013418149289335
512.0,0.5013749461617467
512.0,0.5014080773945598
512.0,0.5014412086273731
512.0,0.5014743398601862
512.0,0.5015074710929994
512.0,0.5015406023258125
512.0,0.5015737335586257
512.0,0.5016068647914389
512.0,0.501639996024252
512.0,0.5016731272570653
512.0,0.5017062584898784
512.0,0.5017393897226916
512.0,0.5017725209555047
512.0,0.501805652188318
512.0,0.5018387834211311
512.0,0.5018719146539443
512.0,0.5019050458867574
512.0,0.5019381771195707
512.0,0.5019713083523838
512.0,0.5020044395851969
512.0,0.5020375708180101
512.0,0.5020707020508233
512.0,0.5021038332836365
512.0,0.5021369645164496
512.0,0.5021700957492629
512.0,0.502203226982076
512.0,0.5022363582148892
512.0,0.5022694894477023
512.0,0.5023026206805156
512.0,0.5023357519133287
512.0,0.5023688831461419
512.0,0.502402014378955
512.0,0.5024351456117682
512.0,0.5024682768445814
512.0,0.5025014080773945
512.0,0.5025345393102078
512.0,0.5025676705430209
512.0,0.5026008017758341
512.0,0.5026339330086472
512.0,0.5026670642414605
512.0,0.5027001954742736
512.0,0.5027333267070868
512.0,0.5027664579398999
512.0,0.5027995891727132
512.0,0.5028327204055263
512.0,0.5028658516383394
512.0,0.5028989828711526
512.0,0.5029321141039658
512.0,0.502965245336779
512.0,0.5029983765695921
512.0,0.5030315078024054
512.0,0.5030646390352185
512.0,0.5030977702680317
512.0,0.5031309015008448
512.0,0.5031640327336581
512.0,0.5031971639664712
512.0,0.5032302951992844
512.0,0.5032634264320975
512.0,0.5032965576649107
512.0,0.5033296888977239
512.0,0.503362820130537
512.0,0.5033959513633502
512.0,0.5034290825961634
512.0,0.5034622138289766
512.0,0.5034953450617897
512.0,0.503528476294603
512.0,0.5035616075274161
512.0,0.5035947387602293
512.0,0.5036278699930424
512.0,0.5036610012258557
512.0,0.5036941324586688
512.0,0.5037272636914819
512.0,0.5037603949242951
512.0,0.5037935261571083
512.0,0.5038266573899215
512.0,0.5038597886227346
512.0,0.5038929198555478
512.0,0.503926051088361
512.0,0.5039591823211742
512.0,0.5039923135539873
512.0,0.5040254447868006
512.0,0.5040585760196137
512.0,0.5040917072524269
512.0,0.50412483848524
512.0,0.5041579697180532
512.0,0.5041911009508664
512.0,0.5042242321836795
512.0,0.5042573634164927
512.0,0.5042904946493059
512.0,0.5043236258821191
512.0,0.5043567571149322
512.0,0.5043898883477455
512.0,0.5044230195805586
512.0,0.5044561508133718
512.0,0.5044892820461849
512.0,0.5045224132789982
512.0,0.5045555445118113
512.0,0.5045886757446244
512.0,0.5046218069774376
512.0,0.5046549382102508
512.0,0.504688069443064
512.0,0.5047212006758771
512.0,0.5047543319086903
512.0,0.5047874631415035
512.0,0.5048205943743167
512.0,0.5048537256071298
512.0,0.504886856839943
512.0,0.5049199880727562
512.0,0.5049531193055694
512.0,0.5049862505383825
512.0,0.5050193817711957
512.0,0.5050525130040089
512.0,0.505085644236822
512.0,0.5051187754696352
512.0,0.5051519067024484
512.0,0.5051850379352616
512.0,0.5052181691680747
512.0,0.505251300400888
512.0,0.5052844316337011
512.0,0.5053175628665143
512.0,0.5053506940993274
512.0,0.5053838253321407
512.0,0.5054169565649538
512.0,0.5054500877977669
512.0,0.5054832190305801
512.0,0.5055163502633933
512.0,0.5055494814962065
512.0,0.5055826127290196
512.0,0.5056157439618328
512.0,0.505648875194646
512.0,0.5056820064274592
512.0,0.5057151376602723
512.0,0.5057482688930856
512.0,0.5057814001258987
512.0,0.5058145313587119
512.0,0.505847662591525
512.0,0.5058807938243381
512.0,0.5059139250571514
512.0,0.5059470562899645
512.0,0.5059801875227777
512.0,0.5060133187555909
512.0,0.5060464499884041
512.0,0.5060795812212172
512.0,0.5061127124540304
512.0,0.5061458436868436
512.0,0.5061789749196568
512.0,0.5062121061524699
512.0,0.5062452373852832
512.0,0.5062783686180963
512.0,0.5063114998509095
512.0,0.5063446310837226
512.0,0.5063777623165358
512.0,0.506410893549349
512.0,0.5064440247821621
512.0,0.5064771560149753
512.0,0.5065102872477885
512.0,0.5065434184806017
512.0,0.5065765497134148
512.0,0.506609680946228
512.0,0.5066428121790412
512.0,0.5066759434118544
512.0,0.5067090746446675
512.0,0.5067422058774808
512.0,0.5067753371102939
512.0,0.506808468343107
512.0,0.5068415995759202
512.0,0.5068747308087334
512.0,0.5069078620415466
512.0,0.5069409932743597
512.0,0.5069741245071729
512.0,0.5070072557399861
512.0,0.5070403869727993
512.0,0.5070735182056124
512.0,0.5071066494384256
512.0,0.5071397806712388
512.0,0.507172911904052
512.0,0.5072060431368651
512.0,0.5072391743696782
512.0,0.5072723056024915
512.0,0.5073054368353046
512.0,0.5073385680681178
512.0,0.507371699300931
512.0,0.5074048305337442
512.0,0.5074379617665573
512.0,0.5074710929993705
512.0,0.5075042242321837
512.0,0.5075373554649969
512.0,0.50757048669781
512.0,0.5076036179306233
512.0,0.5076367491634364
512.0,0.5076698803962495
512.0,0.5077030116290627
512.0,0.5077361428618758
512.0,0.5077692740946891
512.0,0.5078024053275022
512.0,0.5078355365603154
512.0,0.5078686677931286
512.0,0.5079017990259418
512.0,0.5079349302587549
512.0,0.5079680614915681
512.0,0.5080011927243813
512.0,0.5080343239571945
512.0,0.5080674551900076
512.0,0.5081005864228207
512.0,0.508133717655634
512.0,0.5081668488884471
512.0,0.5081999801212603
512.0,0.5082331113540735
512.0,0.5082662425868867
512.0,0.5082993738196998
512.0,0.508332505052513
512.0,0.5083656362853262
512.0,0.5083987675181394
512.0,0.5084318987509525
512.0,0.5084650299837657
512.0,0.5084981612165789
512.0,0.508531292449392
512.0,0.5085644236822052
512.0,0.5085975549150183
512.0,0.5086306861478316
512.0,0.5086638173806447
512.0,0.5086969486134579
512.0,0.508730079846271
512.0,0.5087632110790843
512.0,0.5087963423118974
512.0,0.5088294735447106
512.0,0.5088626047775238
512.0,0.508895736010337
512.0,0.5089288672431501
512.0,0.5089619984759632
512.0,0.5089951297087765
512.0,0.5090282609415896
512.0,0.5090613921744028
512.0,0.509094523407216
512.0,0.5091276546400292
512.0,0.5091607858728423
512.0,0.5091939171056555
512.0,0.5092270483384687
512.0,0.5092601795712819
512.0,0.509293310804095
512.0,0.5093264420369082
512.0,0.5093595732697214
512.0,0.5093927045025345
512.0,0.5094258357353477
512.0,0.5094589669681608
512.0,0.5094920982009741
512.0,0.5095252294337872
512.0,0.5095583606666004
512.0,0.5095914918994136
512.0,0.5096246231322268
512.0,0.5096577543650399
512.0,0.5096908855978531
512.0,0.5097240168306663
512.0,0.5097571480634795
512.0,0.5097902792962926
512.0,0.5098234105291057
512.0,0.509856541761919
512.0,0.5098896729947321
512.0,0.5099228042275453
512.0,0.5099559354603584
512.0,0.5099890666931717
512.0,0.5100221979259848
512.0,0.510055329158798
512.0,0.5100884603916112
512.0,0.5101215916244244
512.0,0.5101547228572375
512.0,0.5101878540900507
512.0,0.5102209853228639
512.0,0.510254116555677
512.0,0.5102872477884902
512.0,0.5103203790213033
512.0,0.5103535102541166
512.0,0.5103866414869297
512.0,0.5104197727197429
512.0,0.510452903952556
512.0,0.5104860351853693
512.0,0.5105191664181824
512.0,0.5105522976509956
512.0,0.5105854288838088
512.0,0.510618560116622
512.0,0.5106516913494351
512.0,0.5106848225822482
512.0,0.5107179538150615
512.0,0.5107510850478746
512.0,0.5107842162806878
512.0,0.5108173475135009
512.0,0.5108504787463142
512.0,0.5108836099791273
512.0,0.5109167412119405
512.0,0.5109498724447536
512.0,0.5109830036775669
512.0,0.51101613491038
512.0,0.5110492661431932
512.0,0.5110823973760064
512.0,0.5111155286088195
512.0,0.5111486598416327
512.0,0.5111817910744458
512.0,0.5112149223072591
512.0,0.5112480535400722
512.0,0.5112811847728854
512.0,0.5113143160056985
512.0,0.5113474472385118
512.0,0.5113805784713249
512.0,0.5114137097041381
512.0,0.5114468409369513
512.0,0.5114799721697645
512.0,0.5115131034025776
512.0,0.5115462346353907
512.0,0.511579365868204
512.0,0.5116124971010171
512.0,0.5116456283338303
512.0,0.5116787595666434
512.0,0.5117118907994567
512.0,0.5117450220322698
512.0,0.511778153265083
512.0,0.5118112844978961
512.0,0.5118444157307094
512.0,0.5118775469635225
512.0,0.5119106781963357
512.0,0.5119438094291489
512.0,0.511976940661962
512.0,0.5120100718947752
512.0,0.5120432031275883
512.0,0.5120763343604016
512.0,0.5121094655932147
512.0,0.5121425968260279
512.0,0.512175728058841
512.0,0.5122088592916543
512.0,0.5122419905244674
512.0,0.5122751217572806
512.0,0.5123082529900937
512.0,0.512341384222907
512.0,0.5123745154557201
512.0,0.5124076466885332
512.0,0.5124407779213465
512.0,0.5124739091541596
512.0,0.5125070403869728
512.0,0.5125401716197859
512.0,0.5125733028525992
512.0,0.5126064340854123
512.0,0.5126395653182255
512.0,0.5126726965510386
512.0,0.5127058277838519
512.0,0.512738959016665
512.0,0.5127720902494782
512.0,0.5128052214822914
512.0,0.5128383527151046
512.0,0.5128714839479177
512.0,0.5129046151807308
512.0,0.5129377464135441
512.0,0.5129708776463572
512.0,0.5130040088791704
512.0,0.5130371401119835
512.0,0.5130702713447968
512.0,0.5131034025776099
512.0,0.5131365338104231
512.0,0.5131696650432362
512.0,0.5132027962760495
512.0,0.5132359275088626
512.0,0.5132690587416758
512.0,0.513302189974489
512.0,0.5133353212073021
512.0,0.5133684524401153
512.0,0.5134015836729284
512.0,0.5134347149057417
512.0,0.5134678461385548
512.0,0.513500977371368
512.0,0.5135341086041811
512.0,0.5135672398369944
512.0,0.5136003710698075
512.0,0.5136335023026207
512.0,0.5136666335354338
512.0,0.5136997647682471
512.0,0.5137328960010602
512.0,0.5137660272338733
512.0,0.5137991584666866
512.0,0.5138322896994997
512.0,0.5138654209323129
512.0,0.513898552165126
512.0,0.5139316833979393
512.0,0.5139648146307524
512.0,0.5139979458635656
512.0,0.5140310770963787
512.0,0.514064208329192
512.0,0.5140973395620051
512.0,0.5141304707948183
512.0,0.5141636020276315
512.0,0.5141967332604446
512.0,0.5142298644932578
512.0,0.5142629957260709
512.0,0.5142961269588842
512.0,0.5143292581916973
512.0,0.5143623894245105
512.0,0.5143955206573236
512.0,0.5144286518901369
512.0,0.51446178312295
512.0,0.5144949143557632
512.0,0.5145280455885763
512.0,0.5145611768213896
512.0,0.5145943080542027
512.0,0.5146274392870158
512.0,0.514660570519829
512.0,0.5146937017526422
512.0,0.5147268329854554
512.0,0.5147599642182685
512.0,0.5147930954510818
512.0,0.5148262266838949
512.0,0.5148593579167081
512.0,0.5148924891495212
512.0,0.5149256203823345
512.0,0.5149587516151476
512.0,0.5149918828479608
512.0,0.515025014080774
512.0,0.5150581453135871
512.0,0.5150912765464003
512.0,0.5151244077792134
512.0,0.5151575390120267
512.0,0.5151906702448398
512.0,0.515223801477653
512.0,0.5152569327104661
512.0,0.5152900639432794
512.0,0.5153231951760925
512.0,0.5153563264089057
512.0,0.5153894576417188
512.0,0.5154225888745321
512.0,0.5154557201073452
512.0,0.5154888513401583
512.0,0.5155219825729715
512.0,0.5155551138057847
512.0,0.5155882450385979
512.0,0.515621376271411
512.0,0.5156545075042243
512.0,0.5156876387370374
512.0,0.5157207699698506
512.0,0.5157539012026637
512.0,0.515787032435477
512.0,0.5158201636682901
512.0,0.5158532949011033
512.0,0.5158864261339164
512.0,0.5159195573667296
512.0,0.5159526885995428
512.0,0.5159858198323559
512.0,0.5160189510651692
512.0,0.5160520822979823
512.0,0.5160852135307955
512.0,0.5161183447636086
512.0,0.5161514759964219
512.0,0.516184607229235
512.0,0.5162177384620482
512.0,0.5162508696948613
512.0,0.5162840009276746
512.0,0.5163171321604877
512.0,0.5163502633933008
512.0,0.516383394626114
512.0,0.5164165258589272
512.0,0.5164496570917404
512.0,0.5164827883245535
512.0,0.5165159195573668
512.0,0.5165490507901799
512.0,0.5165821820229931
512.0,0.5166153132558062
512.0,0.5166484444886195
512.0,0.5166815757214326
512.0,0.5167147069542458
512.0,0.5167478381870589
512.0,0.5167809694198721
512.0,0.5168141006526853
512.0,0.5168472318854984
512.0,0.5168803631183116
512.0,0.5169134943511248
512.0,0.516946625583938
512.0,0.5169797568167511
512.0,0.5170128880495644
512.0,0.5170460192823775
512.0,0.5170791505151907
512.0,0.5171122817480038
512.0,0.5171454129808171
512.0,0.5171785442136302
512.0,0.5172116754464433
512.0,0.5172448066792565
512.0,0.5172779379120697
512.0,0.5173110691448829
512.0,0.517344200377696
512.0,0.5173773316105093
512.0,0.5174104628433224
512.0,0.5174435940761356
512.0,0.5174767253089487
512.0,0.517509856541762
512.0,0.5175429877745751
512.0,0.5175761190073883
512.0,0.5176092502402014
512.0,0.5176423814730146
512.0,0.5176755127058278
512.0,0.5177086439386409
512.0,0.5177417751714541
512.0,0.5177749064042673
512.0,0.5178080376370805
512.0,0.5178411688698936
512.0,0.5178743001027069
512.0,0.51790743133552
512.0,0.5179405625683332
512.0,0.5179736938011463
512.0,0.5180068250339596
512.0,0.5180399562667727
512.0,0.5180730874995858
512.0,0.518106218732399
512.0,0.5181393499652122
512.0,0.5181724811980254
512.0,0.5182056124308385
512.0,0.5182387436636517
512.0,0.5182718748964649
512.0,0.5183050061292781
512.0,0.5183381373620912
512.0,0.5183712685949045
512.0,0.5184043998277176
512.0,0.5184375310605308
512.0,0.5184706622933439
512.0,0.518503793526157
512.0,0.5185369247589703
512.0,0.5185700559917834
512.0,0.5186031872245966
512.0,0.5186363184574098
512.0,0.518669449690223
512.0,0.5187025809230361
512.0,0.5187357121558493
512.0,0.5187688433886625
512.0,0.5188019746214757
512.0,0.5188351058542888
512.0,0.5188682370871021
512.0,0.5189013683199152
512.0,0.5189344995527284
512.0,0.5189676307855415
512.0,0.5190007620183547
512.0,0.5190338932511679
512.0,0.519067024483981
512.0,0.5191001557167942
512.0,0.5191332869496074
512.0,0.5191664181824206
512.0,0.5191995494152337
512.0,0.519232680648047
512.0,0.5192658118808601
512.0,0.5192989431136733
512.0,0.5193320743464864
512.0,0.5193652055792997
512.0,0.5193983368121128
512.0,0.5194314680449259
512.0,0.5194645992777391
512.0,0.5194977305105523
512.0,0.5195308617433655
512.0,0.5195639929761786
512.0,0.5195971242089918
512.0,0.519630255441805
512.0,0.5196633866746182
512.0,0.5196965179074313
512.0,0.5197296491402446
512.0,0.5197627803730577
512.0,0.5197959116058709
512.0,0.519829042838684
512.0,0.5198621740714972
512.0,0.5198953053043104
512.0,0.5199284365371235
512.0,0.5199615677699367
512.0,0.5199946990027499
512.0,0.5200278302355631
512.0,0.5200609614683762
512.0,0.5200940927011894
512.0,0.5201272239340026
512.0,0.5201603551668158
512.0,0.5201934863996289
512.0,0.5202266176324422
512.0,0.5202597488652553
512.0,0.5202928800980684
512.0,0.5203260113308816
512.0,0.5203591425636948
512.0,0.520392273796508
512.0,0.5204254050293211
512.0,0.5204585362621343
512.0,0.5204916674949475
512.0,0.5205247987277607
512.0,0.5205579299605738
512.0,0.520591061193387
512.0,0.5206241924262002
512.0,0.5206573236590134
512.0,0.5206904548918265
512.0,0.5207235861246396
512.0,0.5207567173574529
512.0,0.520789848590266
512.0,0.5208229798230792
512.0,0.5208561110558924
512.0,0.5208892422887056
512.0,0.5209223735215187
512.0,0.5209555047543319
512.0,0.5209886359871451
512.0,0.5210217672199583
512.0,0.5210548984527714
512.0,0.5210880296855847
512.0,0.5211211609183978
512.0,0.5211542921512109
512.0,0.5211874233840241
512.0,0.5212205546168373
512.0,0.5212536858496505
512.0,0.5212868170824636
512.0,0.5213199483152768
512.0,0.52135307954809
512.0,0.5213862107809032
512.0,0.5214193420137163
512.0,0.5214524732465295
512.0,0.5214856044793427
512.0,0.5215187357121559
512.0,0.521551866944969
512.0,0.5215849981777821
512.0,0.5216181294105954
512.0,0.5216512606434085
512.0,0.5216843918762217
512.0,0.5217175231090349
512.0,0.5217506543418481
512.0,0.5217837855746612
512.0,0.5218169168074744
512.0,0.5218500480402876
512.0,0.5218831792731008
512.0,0.5219163105059139
512.0,0.5219494417387271
512.0,0.5219825729715403
512.0,0.5220157042043534
512.0,0.5220488354371666
512.0,0.5220819666699797
512.0,0.522115097902793
512.0,0.5221482291356061
512.0,0.5221813603684193
512.0,0.5222144916012325
512.0,0.5222476228340457
512.0,0.5222807540668588
512.0,0.522313885299672
512.0,0.5223470165324852
512.0,0.5223801477652984
512.0,0.5224132789981115
512.0,0.5224464102309246
512.0,0.5224795414637379
512.0,0.522512672696551
512.0,0.5225458039293642
512.0,0.5225789351621773
512.0,0.5226120663949906
512.0,0.5226451976278037
512.0,0.5226783288606169
512.0,0.5227114600934301
512.0,0.5227445913262433
512.0,0.5227777225590564
512.0,0.5228108537918696
512.0,0.5228439850246828
512.0,0.5228771162574959
512.0,0.5229102474903091
512.0,0.5229433787231222
512.0,0.5229765099559355
512.0,0.5230096411887486
512.0,0.5230427724215618
512.0,0.523075903654375
512.0,0.5231090348871882
512.0,0.5231421661200013
512.0,0.5231752973528145
512.0,0.5232084285856277
512.0,0.5232415598184409
512.0,0.523274691051254
512.0,0.5233078222840671
512.0,0.5233409535168804
512.0,0.5233740847496935
512.0,0.5234072159825067
512.0,0.5234403472153198
512.0,0.5234734784481331
512.0,0.5235066096809462
512.0,0.5235397409137594
512.0,0.5235728721465726
512.0,0.5236060033793858
512.0,0.5236391346121989
512.0,0.5236722658450121
512.0,0.5237053970778253
512.0,0.5237385283106384
512.0,0.5237716595434516
512.0,0.5238047907762647
512.0,0.523837922009078
512.0,0.5238710532418911
512.0,0.5239041844747043
512.0,0.5239373157075174
512.0,0.5239704469403307
512.0,0.5240035781731438
512.0,0.524036709405957
512.0,0.5240698406387702
512.0,0.5241029718715834
512.0,0.5241361031043965
512.0,0.5241692343372096
512.0,0.5242023655700229
512.0,0.524235496802836
512.0,0.5242686280356492
512.0,0.5243017592684623
512.0,0.5243348905012756
512.0,0.5243680217340887
512.0,0.5244011529669019
512.0,0.524434284199715
512.0,0.5244674154325283
512.0,0.5245005466653414
512.0,0.5245336778981546
512.0,0.5245668091309678
512.0,0.5245999403637809
512.0,0.5246330715965941
512.0,0.5246662028294072
512.0,0.5246993340622205
512.0,0.5247324652950336
512.0,0.5247655965278468
512.0,0.5247987277606599
512.0,0.5248318589934732
512.0,0.5248649902262863
512.0,0.5248981214590995
512.0,0.5249312526919127
512.0,0.5249643839247259
512.0,0.524997515157539
512.0,0.5250306463903522
512.0,0.5250637776231654
512.0,0.5250969088559785
512.0,0.5251300400887917
512.0,0.5251631713216048
512.0,0.5251963025544181
512.0,0.5252294337872312
512.0,0.5252625650200444
512.0,0.5252956962528575
512.0,0.5253288274856708
512.0,0.5253619587184839
512.0,0.5253950899512971
512.0,0.5254282211841103
512.0,0.5254613524169235
512.0,0.5254944836497366
512.0,0.5255276148825497
512.0,0.525560746115363
512.0,0.5255938773481761
512.0,0.5256270085809893
512.0,0.5256601398138024
512.0,0.5256932710466157
512.0,0.5257264022794288
512.0,0.525759533512242
512.0,0.5257926647450551
512.0,0.5258257959778684
512.0,0.5258589272106815
512.0,0.5258920584434947
512.0,0.5259251896763079
512.0,0.525958320909121
512.0,0.5259914521419342
512.0,0.5260245833747473
512.0,0.5260577146075606
512.0,0.5260908458403737
512.0,0.5261239770731869
512.0,0.526157108306
512.0,0.5261902395388133
512.0,0.5262233707716264
512.0,0.5262565020044396
512.0,0.5262896332372528
512.0,0.526322764470066
512.0,0.5263558957028791
512.0,0.5263890269356922
512.0,0.5264221581685055
512.0,0.5264552894013186
512.0,0.5264884206341318
512.0,0.5265215518669449
512.0,0.5265546830997582
512.0,0.5265878143325713
512.0,0.5266209455653845
512.0,0.5266540767981976
512.0,0.5266872080310109
512.0,0.526720339263824
512.0,0.5267534704966372
512.0,0.5267866017294504
512.0,0.5268197329622635
512.0,0.5268528641950767
512.0,0.5268859954278898
512.0,0.5269191266607031
512.0,0.5269522578935162
512.0,0.5269853891263294
512.0,0.5270185203591425
512.0,0.5270516515919558
512.0,0.5270847828247689
512.0,0.5271179140575821
512.0,0.5271510452903952
512.0,0.5271841765232085
512.0,0.5272173077560216
512.0,0.5272504389888347
512.0,0.527283570221648
512.0,0.5273167014544611
512.0,0.5273498326872743
512.0,0.5273829639200874
512.0,0.5274160951529007
512.0,0.5274492263857138
512.0,0.527482357618527
512.0,0.5275154888513401
512.0,0.5275486200841534
512.0,0.5275817513169665
512.0,0.5276148825497797
512.0,0.5276480137825929
512.0,0.527681145015406
512.0,0.5277142762482192
512.0,0.5277474074810323
512.0,0.5277805387138456
512.0,0.5278136699466587
512.0,0.5278468011794719
512.0,0.527879932412285
512.0,0.5279130636450983
512.0,0.5279461948779114
512.0,0.5279793261107246
512.0,0.5280124573435377
512.0,0.528045588576351
512.0,0.5280787198091641
512.0,0.5281118510419772
512.0,0.5281449822747905
512.0,0.5281781135076036
512.0,0.5282112447404168
512.0,0.5282443759732299
512.0,0.5282775072060432
512.0,0.5283106384388563
512.0,0.5283437696716695
512.0,0.5283769009044826
512.0,0.5284100321372959
512.0,0.528443163370109
512.0,0.5284762946029222
512.0,0.5285094258357353
512.0,0.5285425570685485
512.0,0.5285756883013617
512.0,0.5286088195341748
512.0,0.5286419507669881
512.0,0.5286750819998012
512.0,0.5287082132326144
512.0,0.5287413444654275
512.0,0.5287744756982408
512.0,0.5288076069310539
512.0,0.5288407381638671
512.0,0.5288738693966802
512.0,0.5289070006294935
512.0,0.5289401318623066
512.0,0.5289732630951197
512.0,0.529006394327933
512.0,0.5290395255607461
512.0,0.5290726567935593
512.0,0.5291057880263724
512.0,0.5291389192591857
512.0,0.5291720504919988
512.0,0.529205181724812
512.0,0.5292383129576251
512.0,0.5292714441904384
512.0,0.5293045754232515
512.0,0.5293377066560647
512.0,0.5293708378888778
512.0,0.529403969121691
512.0,0.5294371003545042
512.0,0.5294702315873173
512.0,0.5295033628201306
512.0,0.5295364940529437
512.0,0.5295696252857569
512.0,0.52960275651857
512.0,0.5296358877513833
512.0,0.5296690189841964
512.0,0.5297021502170096
512.0,0.5297352814498227
512.0,0.529768412682636
512.0,0.5298015439154491
512.0,0.5298346751482622
512.0,0.5298678063810754
512.0,0.5299009376138886
512.0,0.5299340688467018
512.0,0.5299672000795149
512.0,0.5300003313123282
512.0,0.5300334625451413
512.0,0.5300665937779545
512.0,0.5300997250107676
512.0,0.5301328562435809
512.0,0.530165987476394
512.0,0.5301991187092072
512.0,0.5302322499420203
512.0,0.5302653811748335
512.0,0.5302985124076467
512.0,0.5303316436404598
512.0,0.530364774873273
512.0,0.5303979061060862
512.0,0.5304310373388994
512.0,0.5304641685717125
512.0,0.5304972998045258
512.0,0.5305304310373389
512.0,0.5305635622701521
512.0,0.5305966935029652
512.0,0.5306298247357785
512.0,0.5306629559685916
512.0,0.5306960872014047
512.0,0.5307292184342179
512.0,0.5307623496670311
512.0,0.5307954808998443
512.0,0.5308286121326574
512.0,0.5308617433654707
512.0,0.5308948745982838
512.0,0.530928005831097
512.0,0.5309611370639101
512.0,0.5309942682967234
512.0,0.5310273995295365
512.0,0.5310605307623497
512.0,0.5310936619951628
512.0,0.5311267932279761
512.0,0.5311599244607892
512.0,0.5311930556936023
512.0,0.5312261869264155
512.0,0.5312593181592287
512.0,0.5312924493920419
512.0,0.531325580624855
512.0,0.5313587118576683
512.0,0.5313918430904814
512.0,0.5314249743232946
512.0,0.5314581055561077
512.0,0.531491236788921
512.0,0.5315243680217341
512.0,0.5315574992545473
512.0,0.5315906304873604
512.0,0.5316237617201736
512.0,0.5316568929529868
512.0,0.5316900241857999
512.0,0.5317231554186131
512.0,0.5317562866514263
512.0,0.5317894178842395
512.0,0.5318225491170526
512.0,0.5318556803498659
512.0,0.531888811582679
512.0,0.5319219428154922
512.0,0.5319550740483053
512.0,0.5319882052811186
512.0,0.5320213365139317
512.0,0.5320544677467448
512.0,0.532087598979558
512.0,0.5321207302123712
512.0,0.5321538614451844
512.0,0.5321869926779975
512.0,0.5322201239108107
512.0,0.5322532551436239
512.0,0.5322863863764371
512.0,0.5323195176092502
512.0,0.5323526488420635
512.0,0.5323857800748766
512.0,0.5324189113076898
512.0,0.5324520425405029
512.0,0.5324851737733161
512.0,0.5325183050061293
512.0,0.5325514362389424
512.0,0.5325845674717556
512.0,0.5326176987045688
512.0,0.532650829937382
512.0,0.5326839611701951
512.0,0.5327170924030084
512.0,0.5327502236358215
512.0,0.5327833548686347
512.0,0.5328164861014478
512.0,0.5328496173342611
512.0,0.5328827485670742
512.0,0.5329158797998873
512.0,0.5329490110327005
512.0,0.5329821422655137
512.0,0.5330152734983269
512.0,0.53304840473114
512.0,0.5330815359639532
512.0,0.5331146671967664
512.0,0.5331477984295796
512.0,0.5331809296623927
512.0,0.533214060895206
512.0,0.5332471921280191
512.0,0.5332803233608323
512.0,0.5333134545936454
512.0,0.5333465858264586
512.0,0.5333797170592718
512.0,0.5334128482920849
512.0,0.5334459795248981
512.0,0.5334791107577113
512.0,0.5335122419905245
512.0,0.5335453732233376
512.0,0.5335785044561508
512.0,0.533611635688964
512.0,0.5336447669217772
512.0,0.5336778981545903
512.0,0.5337110293874036
512.0,0.5337441606202167
512.0,0.5337772918530298
512.0,0.533810423085843
512.0,0.5338435543186562
512.0,0.5338766855514694
512.0,0.5339098167842825
512.0,0.5339429480170957
512.0,0.5339760792499089
512.0,0.5340092104827221
512.0,0.5340423417155352
512.0,0.5340754729483485
512.0,0.5341086041811616
512.0,0.5341417354139748
512.0,0.5341748666467879
512.0,0.534207997879601
512.0,0.5342411291124143
512.0,0.5342742603452274
512.0,0.5343073915780406
512.0,0.5343405228108538
512.0,0.534373654043667
512.0,0.5344067852764801
512.0,0.5344399165092933
512.0,0.5344730477421065
512.0,0.5345061789749197
512.0,0.5345393102077328
512.0,0.534572441440546
512.0,0.5346055726733592
512.0,0.5346387039061723
512.0,0.5346718351389855
512.0,0.5347049663717987
512.0,0.5347380976046119
512.0,0.534771228837425
512.0,0.5348043600702382
512.0,0.5348374913030514
512.0,0.5348706225358646
512.0,0.5349037537686777
512.0,0.534936885001491
512.0,0.5349700162343041
512.0,0.5350031474671173
512.0,0.5350362786999304
512.0,0.5350694099327435
512.0,0.5351025411655568
512.0,0.5351356723983699
512.0,0.5351688036311831
512.0,0.5352019348639963
512.0,0.5352350660968095
512.0,0.5352681973296226
512.0,0.5353013285624358
512.0,0.535334459795249
512.0,0.5353675910280622
512.0,0.5354007222608753
512.0,0.5354338534936885
512.0,0.5354669847265017
512.0,0.5355001159593148
512.0,0.535533247192128
512.0,0.5355663784249411
512.0,0.5355995096577544
512.0,0.5356326408905675
512.0,0.5356657721233807
512.0,0.5356989033561939
512.0,0.5357320345890071
512.0,0.5357651658218202
512.0,0.5357982970546334
512.0,0.5358314282874466
512.0,0.5358645595202598
512.0,0.5358976907530729
512.0,0.535930821985886
512.0,0.5359639532186993
512.0,0.5359970844515124
512.0,0.5360302156843256
512.0,0.5360633469171387
512.0,0.536096478149952
512.0,0.5361296093827651
512.0,0.5361627406155783
512.0,0.5361958718483915
512.0,0.5362290030812047
512.0,0.5362621343140178
512.0,0.536295265546831
512.0,0.5363283967796442
512.0,0.5363615280124573
512.0,0.5363946592452705
512.0,0.5364277904780836
512.0,0.5364609217108969
512.0,0.53649405294371
512.0,0.5365271841765232
512.0,0.5365603154093364
512.0,0.5365934466421496
512.0,0.5366265778749627
512.0,0.5366597091077759
512.0,0.5366928403405891
512.0,0.5367259715734023
512.0,0.5367591028062154
512.0,0.5367922340390285
512.0,0.5368253652718418
512.0,0.5368584965046549
512.0,0.5368916277374681
512.0,0.5369247589702812
512.0,0.5369578902030945
512.0,0.5369910214359076
512.0,0.5370241526687208
512.0,0.537057283901534
512.0,0.5370904151343472
512.0,0.5371235463671603
512.0,0.5371566775999735
512.0,0.5371898088327867
512.0,0.5372229400655998
512.0,0.537256071298413
512.0,0.5372892025312261
512.0,0.5373223337640394
512.0,0.5373554649968525
512.0,0.5373885962296657
512.0,0.5374217274624788
512.0,0.5374548586952921
512.0,0.5374879899281052
512.0,0.5375211211609184
512.0,0.5375542523937316
512.0,0.5375873836265448
512.0,0.5376205148593579
512.0,0.5376536460921711
512.0,0.5376867773249843
512.0,0.5377199085577974
512.0,0.5377530397906106
512.0,0.5377861710234237
512.0,0.537819302256237
512.0,0.5378524334890501
512.0,0.5378855647218633
512.0,0.5379186959546765
512.0,0.5379518271874897
512.0,0.5379849584203028
512.0,0.538018089653116
512.0,0.5380512208859292
512.0,0.5380843521187424
512.0,0.5381174833515555
512.0,0.5381506145843686
512.0,0.5381837458171819
512.0,0.538216877049995
512.0,0.5382500082828082
512.0,0.5382831395156213
512.0,0.5383162707484346
512.0,0.5383494019812477
512.0,0.5383825332140609
512.0,0.538415664446874
512.0,0.5384487956796873
512.0,0.5384819269125004
512.0,0.5385150581453136
512.0,0.5385481893781268
512.0,0.5385813206109399
512.0,0.5386144518437531
512.0,0.5386475830765662
512.0,0.5386807143093795
512.0,0.5387138455421926
512.0,0.5387469767750058
512.0,0.538780108007819
512.0,0.5388132392406322
512.0,0.5388463704734453
512.0,0.5388795017062585
512.0,0.5389126329390717
512.0,0.5389457641718849
512.0,0.538978895404698
512.0,0.5390120266375111
512.0,0.5390451578703244
512.0,0.5390782891031375
512.0,0.5391114203359507
512.0,0.5391445515687638
512.0,0.5391776828015771
512.0,0.5392108140343902
512.0,0.5392439452672034
512.0,0.5392770765000166
512.0,0.5393102077328298
512.0,0.5393433389656429
512.0,0.5393764701984561
512.0,0.5394096014312693
512.0,0.5394427326640824
512.0,0.5394758638968956
512.0,0.5395089951297087
512.0,0.539542126362522
512.0,0.5395752575953351
512.0,0.5396083888281483
512.0,0.5396415200609614
512.0,0.5396746512937747
512.0,0.5397077825265878
512.0,0.539740913759401
512.0,0.5397740449922142
512.0,0.5398071762250274
512.0,0.5398403074578405
512.0,0.5398734386906536
512.0,0.5399065699234669
512.0,0.53993970115628
512.0,0.5399728323890932
512.0,0.5400059636219063
512.0,0.5400390948547196
512.0,0.5400722260875327
512.0,0.5401053573203459
512.0,0.540138488553159
512.0,0.5401716197859723
512.0,0.5402047510187854
512.0,0.5402378822515986
512.0,0.5402710134844118
512.0,0.5403041447172249
512.0,0.5403372759500381
512.0,0.5403704071828512
512.0,0.5404035384156645
512.0,0.5404366696484776
512.0,0.5404698008812908
512.0,0.5405029321141039
512.0,0.5405360633469172
512.0,0.5405691945797303
512.0,0.5406023258125435
512.0,0.5406354570453566
512.0,0.5406685882781699
512.0,0.540701719510983
512.0,0.5407348507437961
512.0,0.5407679819766094
512.0,0.5408011132094225
512.0,0.5408342444422357
512.0,0.5408673756750488
512.0,0.5409005069078621
512.0,0.5409336381406752
512.0,0.5409667693734884
512.0,0.5409999006063015
512.0,0.5410330318391148
512.0,0.5410661630719279
512.0,0.5410992943047411
512.0,0.5411324255375543
512.0,0.5411655567703674
512.0,0.5411986880031806
512.0,0.5412318192359937
512.0,0.541264950468807
512.0,0.5412980817016201
512.0,0.5413312129344333
512.0,0.5413643441672464
512.0,0.5413974754000597
512.0,0.5414306066328728
512.0,0.541463737865686
512.0,0.5414968690984991
512.0,0.5415300003313124
512.0,0.5415631315641255
512.0,0.5415962627969386
512.0,0.5416293940297519
512.0,0.541662525262565
512.0,0.5416956564953782
512.0,0.5417287877281913
512.0,0.5417619189610046
512.0,0.5417950501938177
512.0,0.5418281814266309
512.0,0.541861312659444
512.0,0.5418944438922573
512.0,0.5419275751250704
512.0,0.5419607063578836
512.0,0.5419938375906967
512.0,0.5420269688235099
512.0,0.5420601000563231
512.0,0.5420932312891362
512.0,0.5421263625219495
512.0,0.5421594937547626
512.0,0.5421926249875758
512.0,0.5422257562203889
512.0,0.5422588874532022
512.0,0.5422920186860153
512.0,0.5423251499188285
512.0,0.5423582811516416
512.0,0.5423914123844549
512.0,0.542424543617268
512.0,0.5424576748500811
512.0,0.5424908060828944
512.0,0.5425239373157075
512.0,0.5425570685485207
512.0,0.5425901997813338
512.0,0.5426233310141471
512.0,0.5426564622469602
512.0,0.5426895934797734
512.0,0.5427227247125865
512.0,0.5427558559453998
512.0,0.5427889871782129
512.0,0.5428221184110261
512.0,0.5428552496438392
512.0,0.5428883808766524
512.0,0.5429215121094656
512.0,0.5429546433422787
512.0,0.542987774575092
512.0,0.5430209058079051
512.0,0.5430540370407183
512.0,0.5430871682735314
512.0,0.5431202995063447
512.0,0.5431534307391578
512.0,0.543186561971971
512.0,0.5432196932047841
512.0,0.5432528244375974
512.0,0.5432859556704105
512.0,0.5433190869032236
512.0,0.5433522181360368
512.0,0.54338534936885
512.0,0.5434184806016632
512.0,0.5434516118344763
512.0,0.5434847430672896
512.0,0.5435178743001027
512.0,0.5435510055329159
512.0,0.543584136765729
512.0,0.5436172679985423
512.0,0.5436503992313554
512.0,0.5436835304641686
512.0,0.5437166616969817
512.0,0.543749792929795
512.0,0.5437829241626081
512.0,0.5438160553954212
512.0,0.5438491866282344
512.0,0.5438823178610476
512.0,0.5439154490938608
512.0,0.5439485803266739
512.0,0.5439817115594872
512.0,0.5440148427923003
512.0,0.5440479740251135
512.0,0.5440811052579266
512.0,0.5441142364907399
512.0,0.544147367723553
512.0,0.5441804989563662
512.0,0.5442136301891793
512.0,0.5442467614219925
512.0,0.5442798926548057
512.0,0.5443130238876188
512.0,0.544346155120432
512.0,0.5443792863532452
512.0,0.5444124175860584
512.0,0.5444455488188715
512.0,0.5444786800516848
512.0,0.5445118112844979
512.0,0.5445449425173111
512.0,0.5445780737501242
512.0,0.5446112049829375
512.0,0.5446443362157506
512.0,0.5446774674485637
512.0,0.544710598681377
512.0,0.5447437299141901
512.0,0.5447768611470033
512.0,0.5448099923798164
512.0,0.5448431236126297
512.0,0.5448762548454428
512.0,0.544909386078256
512.0,0.5449425173110691
512.0,0.5449756485438824
512.0,0.5450087797766955
512.0,0.5450419110095087
512.0,0.5450750422423218
512.0,0.545108173475135
512.0,0.5451413047079482
512.0,0.5451744359407613
512.0,0.5452075671735745
512.0,0.5452406984063877
512.0,0.5452738296392009
512.0,0.545306960872014
512.0,0.5453400921048273
512.0,0.5453732233376404
512.0,0.5454063545704536
512.0,0.5454394858032667
512.0,0.54547261703608
512.0,0.5455057482688931
512.0,0.5455388795017062
512.0,0.5455720107345194
512.0,0.5456051419673326
512.0,0.5456382732001458
512.0,0.5456714044329589
512.0,0.5457045356657722
512.0,0.5457376668985853
512.0,0.5457707981313985
512.0,0.5458039293642116
512.0,0.5458370605970249
512.0,0.545870191829838
512.0,0.5459033230626512
512.0,0.5459364542954643
512.0,0.5459695855282775
512.0,0.5460027167610907
512.0,0.5460358479939038
512.0,0.546068979226717
512.0,0.5461021104595302
512.0,0.5461352416923434
512.0,0.5461683729251565
512.0,0.5462015041579698
512.0,0.5462346353907829
512.0,0.5462677666235961
512.0,0.5463008978564092
512.0,0.5463340290892225
512.0,0.5463671603220356
512.0,0.5464002915548487
512.0,0.5464334227876619
512.0,0.5464665540204751
512.0,0.5464996852532883
512.0,0.5465328164861014
512.0,0.5465659477189146
512.0,0.5465990789517278
512.0,0.546632210184541
512.0,0.5466653414173541
512.0,0.5466984726501674
512.0,0.5467316038829805
512.0,0.5467647351157937
512.0,0.5467978663486068
512.0,0.54683099758142
512.0,0.5468641288142332
512.0,0.5468972600470463
512.0,0.5469303912798595
512.0,0.5469635225126727
512.0,0.5469966537454859
512.0,0.547029784978299
512.0,0.5470629162111122
512.0,0.5470960474439254
512.0,0.5471291786767386
512.0,0.5471623099095517
512.0,0.547195441142365
512.0,0.5472285723751781
512.0,0.5472617036079912
512.0,0.5472948348408044
512.0,0.5473279660736176
512.0,0.5473610973064308
512.0,0.5473942285392439
512.0,0.5474273597720571
512.0,0.5474604910048703
512.0,0.5474936222376835
512.0,0.5475267534704966
512.0,0.5475598847033099
512.0,0.547593015936123
512.0,0.5476261471689362
512.0,0.5476592784017493
512.0,0.5476924096345624
512.0,0.5477255408673757
512.0,0.5477586721001888
512.0,0.547791803333002
512.0,0.5478249345658152
512.0,0.5478580657986284
512.0,0.5478911970314415
512.0,0.5479243282642547
512.0,0.5479574594970679
512.0,0.5479905907298811
512.0,0.5480237219626942
512.0,0.5480568531955075
512.0,0.5480899844283206
512.0,0.5481231156611337
512.0,0.5481562468939469
512.0,0.54818937812676
512.0,0.5482225093595733
512.0,0.5482556405923864
512.0,0.5482887718251996
512.0,0.5483219030580128
512.0,0.548355034290826
512.0,0.5483881655236391
512.0,0.5484212967564523
512.0,0.5484544279892655
512.0,0.5484875592220787
512.0,0.5485206904548918
512.0,0.548553821687705
512.0,0.5485869529205182
512.0,0.5486200841533313
512.0,0.5486532153861445
512.0,0.5486863466189577
512.0,0.5487194778517709
512.0,0.548752609084584
512.0,0.5487857403173972
512.0,0.5488188715502104
512.0,0.5488520027830236
512.0,0.5488851340158367
512.0,0.54891826524865
512.0,0.5489513964814631
512.0,0.5489845277142762
512.0,0.5490176589470894
512.0,0.5490507901799025
512.0,0.5490839214127158
512.0,0.5491170526455289
512.0,0.5491501838783421
512.0,0.5491833151111553
512.0,0.5492164463439685
512.0,0.5492495775767816
512.0,0.5492827088095948
512.0,0.549315840042408
512.0,0.5493489712752212
512.0,0.5493821025080343
512.0,0.5494152337408474
512.0,0.5494483649736607
512.0,0.5494814962064738
512.0,0.549514627439287
512.0,0.5495477586721002
512.0,0.5495808899049134
512.0,0.5496140211377265
512.0,0.5496471523705397
512.0,0.5496802836033529
512.0,0.5497134148361661
512.0,0.5497465460689792
512.0,0.5497796773017924
512.0,0.5498128085346056
512.0,0.5498459397674188
512.0,0.5498790710002319
512.0,0.549912202233045
512.0,0.5499453334658583
512.0,0.5499784646986714
512.0,0.5500115959314846
512.0,0.5500447271642978
512.0,0.550077858397111
512.0,0.5501109896299241
512.0,0.5501441208627373
512.0,0.5501772520955505
512.0,0.5502103833283637
512.0,0.5502435145611768
512.0,0.55027664579399
512.0,0.5503097770268032
512.0,0.5503429082596163
512.0,0.5503760394924295
512.0,0.5504091707252426
512.0,0.5504423019580559
512.0,0.550475433190869
512.0,0.5505085644236822
512.0,0.5505416956564954
512.0,0.5505748268893086
512.0,0.5506079581221217
512.0,0.5506410893549349
512.0,0.5506742205877481
512.0,0.5507073518205613
512.0,0.5507404830533744
512.0,0.5507736142861875
512.0,0.5508067455190008
512.0,0.5508398767518139
512.0,0.5508730079846271
512.0,0.5509061392174402
512.0,0.5509392704502535
512.0,0.5509724016830666
512.0,0.5510055329158798
512.0,0.551038664148693
512.0,0.5510717953815062
512.0,0.5511049266143193
512.0,0.5511380578471325
512.0,0.5511711890799457
512.0,0.5512043203127588
512.0,0.551237451545572
512.0,0.5512705827783851
512.0,0.5513037140111984
512.0,0.5513368452440115
512.0,0.5513699764768247
512.0,0.5514031077096379
512.0,0.5514362389424511
512.0,0.5514693701752642
512.0,0.5515025014080774
512.0,0.5515356326408906
512.0,0.5515687638737038
512.0,0.5516018951065169
512.0,0.55163502633933
512.0,0.5516681575721433
512.0,0.5517012888049564
512.0,0.5517344200377696
512.0,0.5517675512705827
512.0,0.551800682503396
512.0,0.5518338137362091
512.0,0.5518669449690223
512.0,0.5519000762018355
512.0,0.5519332074346487
512.0,0.5519663386674618
512.0,0.551999469900275
512.0,0.5520326011330882
512.0,0.5520657323659013
512.0,0.5520988635987145
512.0,0.5521319948315276
512.0,0.5521651260643409
512.0,0.552198257297154
512.0,0.5522313885299672
512.0,0.5522645197627803
512.0,0.5522976509955936
512.0,0.5523307822284067
512.0,0.5523639134612199
512.0,0.5523970446940331
512.0,0.5524301759268463
512.0,0.5524633071596594
512.0,0.5524964383924725
512.0,0.5525295696252858
512.0,0.5525627008580989
512.0,0.5525958320909121
512.0,0.5526289633237252
512.0,0.5526620945565385
512.0,0.5526952257893516
512.0,0.5527283570221648
512.0,0.552761488254978
512.0,0.5527946194877912
512.0,0.5528277507206043
512.0,0.5528608819534175
512.0,0.5528940131862307
512.0,0.5529271444190438
512.0,0.552960275651857
512.0,0.5529934068846701
512.0,0.5530265381174834
512.0,0.5530596693502965
512.0,0.5530928005831097
512.0,0.5531259318159228
512.0,0.5531590630487361
512.0,0.5531921942815492
512.0,0.5532253255143624
512.0,0.5532584567471756
512.0,0.5532915879799888
512.0,0.5533247192128019
512.0,0.553357850445615
512.0,0.5533909816784283
512.0,0.5534241129112414
512.0,0.5534572441440546
512.0,0.5534903753768677
512.0,0.553523506609681
512.0,0.5535566378424941
512.0,0.5535897690753073
512.0,0.5536229003081204
512.0,0.5536560315409337
512.0,0.5536891627737468
512.0,0.55372229400656
512.0,0.5537554252393732
512.0,0.5537885564721863
512.0,0.5538216877049995
512.0,0.5538548189378126
512.0,0.5538879501706259
512.0,0.553921081403439
512.0,0.5539542126362522
512.0,0.5539873438690653
512.0,0.5540204751018786
512.0,0.5540536063346917
512.0,0.5540867375675049
512.0,0.554119868800318
512.0,0.5541530000331313
512.0,0.5541861312659444
512.0,0.5542192624987575
512.0,0.5542523937315708
512.0,0.5542855249643839
512.0,0.5543186561971971
512.0,0.5543517874300102
512.0,0.5543849186628235
512.0,0.5544180498956366
512.0,0.5544511811284498
512.0,0.5544843123612629
512.0,0.5545174435940762
512.0,0.5545505748268893
512.0,0.5545837060597025
512.0,0.5546168372925157
512.0,0.5546499685253288
512.0,0.554683099758142
512.0,0.5547162309909551
512.0,0.5547493622237684
512.0,0.5547824934565815
512.0,0.5548156246893947
512.0,0.5548487559222078
512.0,0.5548818871550211
512.0,0.5549150183878342
512.0,0.5549481496206474
512.0,0.5549812808534605
512.0,0.5550144120862738
512.0,0.5550475433190869
512.0,0.5550806745519
512.0,0.5551138057847133
512.0,0.5551469370175264
512.0,0.5551800682503396
512.0,0.5552131994831527
512.0,0.555246330715966
512.0,0.5552794619487791
512.0,0.5553125931815923
512.0,0.5553457244144054
512.0,0.5553788556472187
512.0,0.5554119868800318
512.0,0.555445118112845
512.0,0.5554782493456581
512.0,0.5555113805784713
512.0,0.5555445118112845
512.0,0.5555776430440976
512.0,0.5556107742769109
512.0,0.555643905509724
512.0,0.5556770367425372
512.0,0.5557101679753503
512.0,0.5557432992081636
512.0,0.5557764304409767
512.0,0.5558095616737899
512.0,0.555842692906603
512.0,0.5558758241394163
512.0,0.5559089553722294
512.0,0.5559420866050426
512.0,0.5559752178378558
512.0,0.5560083490706689
512.0,0.5560414803034821
512.0,0.5560746115362952
512.0,0.5561077427691085
512.0,0.5561408740019216
512.0,0.5561740052347348
512.0,0.5562071364675479
512.0,0.5562402677003612
512.0,0.5562733989331743
512.0,0.5563065301659875
512.0,0.5563396613988006
512.0,0.5563727926316139
512.0,0.556405923864427
512.0,0.5564390550972401
512.0,0.5564721863300534
512.0,0.5565053175628665
512.0,0.5565384487956797
512.0,0.5565715800284928
512.0,0.5566047112613061
512.0,0.5566378424941192
512.0,0.5566709737269324
512.0,0.5567041049597455
512.0,0.5567372361925588
512.0,0.5567703674253719
512.0,0.5568034986581851
512.0,0.5568366298909982
512.0,0.5568697611238114
512.0,0.5569028923566246
512.0,0.5569360235894377
512.0,0.556969154822251
512.0,0.5570022860550641
512.0,0.5570354172878773
512.0,0.5570685485206904
512.0,0.5571016797535037
512.0,0.5571348109863168
512.0,0.55716794221913
512.0,0.5572010734519431
512.0,0.5572342046847564
512.0,0.5572673359175695
512.0,0.5573004671503826
512.0,0.5573335983831958
512.0,0.557366729616009
512.0,0.5573998608488222
512.0,0.5574329920816353
512.0,0.5574661233144486
512.0,0.5574992545472617
512.0,0.5575323857800749
512.0,0.557565517012888
512.0,0.5575986482457013
512.0,0.5576317794785144
512.0,0.5576649107113276
512.0,0.5576980419441407
512.0,0.5577311731769539
512.0,0.5577643044097671
512.0,0.5577974356425802
512.0,0.5578305668753935
512.0,0.5578636981082066
512.0,0.5578968293410198
512.0,0.5579299605738329
512.0,0.5579630918066462
512.0,0.5579962230394593
512.0,0.5580293542722725
512.0,0.5580624855050856
512.0,0.5580956167378989
512.0,0.558128747970712
512.0,0.5581618792035251
512.0,0.5581950104363383
512.0,0.5582281416691515
512.0,0.5582612729019647
512.0,0.5582944041347778
512.0,0.558327535367591
512.0,0.5583606666004042
512.0,0.5583937978332174
512.0,0.5584269290660305
512.0,0.5584600602988438
512.0,0.5584931915316569
512.0,0.5585263227644701
512.0,0.5585594539972832
512.0,0.5585925852300964
512.0,0.5586257164629096
512.0,0.5586588476957227
512.0,0.558691978928536
512.0,0.5587251101613491
512.0,0.5587582413941623
512.0,0.5587913726269754
512.0,0.5588245038597887
512.0,0.5588576350926018
512.0,0.558890766325415
512.0,0.5589238975582281
512.0,0.5589570287910414
512.0,0.5589901600238545
512.0,0.5590232912566676
512.0,0.5590564224894808
512.0,0.559089553722294
512.0,0.5591226849551072
512.0,0.5591558161879203
512.0,0.5591889474207336
512.0,0.5592220786535467
512.0,0.5592552098863599
512.0,0.559288341119173
512.0,0.5593214723519863
512.0,0.5593546035847994
512.0,0.5593877348176126
512.0,0.5594208660504257
512.0,0.5594539972832389
512.0,0.5594871285160521
512.0,0.5595202597488652
512.0,0.5595533909816784
512.0,0.5595865222144916
512.0,0.5596196534473048
512.0,0.5596527846801179
512.0,0.5596859159129312
512.0,0.5597190471457443
512.0,0.5597521783785575
512.0,0.5597853096113706
512.0,0.5598184408441839
512.0,0.559851572076997
512.0,0.5598847033098101
512.0,0.5599178345426233
512.0,0.5599509657754365
512.0,0.5599840970082497
512.0,0.5600172282410628
512.0,0.560050359473876
512.0,0.5600834907066892
512.0,0.5601166219395024
512.0,0.5601497531723155
512.0,0.5601828844051288
512.0,0.5602160156379419
512.0,0.5602491468707551
512.0,0.5602822781035682
512.0,0.5603154093363814
512.0,0.5603485405691946
512.0,0.5603816718020077
512.0,0.5604148030348209
512.0,0.5604479342676341
512.0,0.5604810655004473
512.0,0.5605141967332604
512.0,0.5605473279660736
512.0,0.5605804591988868
512.0,0.5606135904317
512.0,0.5606467216645131
512.0,0.5606798528973264
512.0,0.5607129841301395
512.0,0.5607461153629526
512.0,0.5607792465957658
512.0,0.560812377828579
512.0,0.5608455090613922
512.0,0.5608786402942053
512.0,0.5609117715270185
512.0,0.5609449027598317
512.0,0.5609780339926449
512.0,0.561011165225458
512.0,0.5610442964582713
512.0,0.5610774276910844
512.0,0.5611105589238976
512.0,0.5611436901567107
512.0,0.5611768213895238
512.0,0.5612099526223371
512.0,0.5612430838551502
512.0,0.5612762150879634
512.0,0.5613093463207766
512.0,0.5613424775535898
512.0,0.5613756087864029
512.0,0.5614087400192161
512.0,0.5614418712520293
512.0,0.5614750024848425
512.0,0.5615081337176556
512.0,0.5615412649504689
512.0,0.561574396183282
512.0,0.5616075274160951
512.0,0.5616406586489083
512.0,0.5616737898817215
512.0,0.5617069211145347
512.0,0.5617400523473478
512.0,0.561773183580161
512.0,0.5618063148129742
512.0,0.5618394460457874
512.0,0.5618725772786005
512.0,0.5619057085114137
512.0,0.5619388397442269
512.0,0.5619719709770401
512.0,0.5620051022098532
512.0,0.5620382334426663
512.0,0.5620713646754796
512.0,0.5621044959082927
512.0,0.5621376271411059
512.0,0.562170758373919
512.0,0.5622038896067323
512.0,0.5622370208395454
512.0,0.5622701520723586
512.0,0.5623032833051718
512.0,0.562336414537985
512.0,0.5623695457707981
512.0,0.5624026770036114
512.0,0.5624358082364245
512.0,0.5624689394692377
512.0,0.5625020707020508
512.0,0.562535201934864
512.0,0.5625683331676772
512.0,0.5626014644004903
512.0,0.5626345956333035
512.0,0.5626677268661167
512.0,0.5627008580989299
512.0,0.562733989331743
512.0,0.5627671205645562
512.0,0.5628002517973694
512.0,0.5628333830301826
512.0,0.5628665142629957
512.0,0.562899645495809
512.0,0.5629327767286221
512.0,0.5629659079614352
512.0,0.5629990391942484
512.0,0.5630321704270616
512.0,0.5630653016598748
512.0,0.5630984328926879
512.0,0.5631315641255011
512.0,0.5631646953583143
512.0,0.5631978265911275
512.0,0.5632309578239406
512.0,0.5632640890567538
512.0,0.563297220289567
512.0,0.5633303515223802
512.0,0.5633634827551933
512.0,0.5633966139880064
512.0,0.5634297452208197
512.0,0.5634628764536328
512.0,0.563496007686446
512.0,0.5635291389192592
512.0,0.5635622701520724
512.0,0.5635954013848855
512.0,0.5636285326176987
512.0,0.5636616638505119
512.0,0.5636947950833251
512.0,0.5637279263161382
512.0,0.5637610575489514
512.0,0.5637941887817646
512.0,0.5638273200145777
512.0,0.5638604512473909
512.0,0.563893582480204
512.0,0.5639267137130173
512.0,0.5639598449458304
512.0,0.5639929761786436
512.0,0.5640261074114568
512.0,0.56405923864427
512.0,0.5640923698770831
512.0,0.5641255011098963
512.0,0.5641586323427095
512.0,0.5641917635755227
512.0,0.5642248948083358
512.0,0.5642580260411489
512.0,0.5642911572739622
512.0,0.5643242885067753
512.0,0.5643574197395885
512.0,0.5643905509724017
512.0,0.5644236822052149
512.0,0.564456813438028
512.0,0.5644899446708412
512.0,0.5645230759036544
512.0,0.5645562071364676
512.0,0.5645893383692807
512.0,0.564622469602094
512.0,0.5646556008349071
512.0,0.5646887320677202
512.0,0.5647218633005334
512.0,0.5647549945333465
512.0,0.5647881257661598
512.0,0.5648212569989729
512.0,0.5648543882317861
512.0,0.5648875194645993
512.0,0.5649206506974125
512.0,0.5649537819302256
512.0,0.5649869131630388
512.0,0.565020044395852
512.0,0.5650531756286652
512.0,0.5650863068614783
512.0,0.5651194380942914
512.0,0.5651525693271047
512.0,0.5651857005599178
512.0,0.565218831792731
512.0,0.5652519630255441
512.0,0.5652850942583574
512.0,0.5653182254911705
512.0,0.5653513567239837
512.0,0.5653844879567969
512.0,0.5654176191896101
512.0,0.5654507504224232
512.0,0.5654838816552364
512.0,0.5655170128880496
512.0,0.5655501441208627
512.0,0.5655832753536759
512.0,0.565616406586489
512.0,0.5656495378193023
512.0,0.5656826690521154
512.0,0.5657158002849286
512.0,0.5657489315177417
512.0,0.565782062750555
512.0,0.5658151939833681
512.0,0.5658483252161813
512.0,0.5658814564489945
512.0,0.5659145876818077
512.0,0.5659477189146208
512.0,0.5659808501474339
512.0,0.5660139813802472
512.0,0.5660471126130603
512.0,0.5660802438458735
512.0,0.5661133750786866
512.0,0.5661465063114999
512.0,0.566179637544313
512.0,0.5662127687771262
512.0,0.5662459000099394
512.0,0.5662790312427526
512.0,0.5663121624755657
512.0,0.5663452937083789
512.0,0.5663784249411921
512.0,0.5664115561740052
512.0,0.5664446874068184
512.0,0.5664778186396315
512.0,0.5665109498724448
512.0,0.5665440811052579
512.0,0.5665772123380711
512.0,0.5666103435708842
512.0,0.5666434748036975
512.0,0.5666766060365106
512.0,0.5667097372693238
512.0,0.566742868502137
512.0,0.5667759997349502
512.0,0.5668091309677633
512.0,0.5668422622005764
512.0,0.5668753934333897
512.0,0.5669085246662028
512.0,0.566941655899016
512.0,0.5669747871318291
512.0,0.5670079183646424
512.0,0.5670410495974555
512.0,0.5670741808302687
512.0,0.5671073120630818
512.0,0.5671404432958951
512.0,0.5671735745287082
512.0,0.5672067057615214
512.0,0.5672398369943346
512.0,0.5672729682271477
512.0,0.5673060994599609
512.0,0.567339230692774
512.0,0.5673723619255873
512.0,0.5674054931584004
512.0,0.5674386243912136
512.0,0.5674717556240267
512.0,0.56750488685684
512.0,0.5675380180896531
512.0,0.5675711493224663
512.0,0.5676042805552795
512.0,0.5676374117880927
512.0,0.5676705430209058
512.0,0.5677036742537189
512.0,0.5677368054865322
512.0,0.5677699367193453
512.0,0.5678030679521585
512.0,0.5678361991849716
512.0,0.5678693304177849
512.0,0.567902461650598
512.0,0.5679355928834112
512.0,0.5679687241162243
512.0,0.5680018553490376
512.0,0.5680349865818507
512.0,0.5680681178146639
512.0,0.568101249047477
512.0,0.5681343802802902
512.0,0.5681675115131034
512.0,0.5682006427459165
512.0,0.5682337739787298
512.0,0.5682669052115429
512.0,0.5683000364443561
512.0,0.5683331676771692
512.0,0.5683662989099825
512.0,0.5683994301427956
512.0,0.5684325613756088
512.0,0.568465692608422
512.0,0.5684988238412352
512.0,0.5685319550740483
512.0,0.5685650863068615
512.0,0.5685982175396747
512.0,0.5686313487724878
512.0,0.568664480005301
512.0,0.5686976112381141
512.0,0.5687307424709274
512.0,0.5687638737037405
512.0,0.5687970049365537
512.0,0.5688301361693668
512.0,0.5688632674021801
512.0,0.5688963986349932
512.0,0.5689295298678064
512.0,0.5689626611006195
512.0,0.5689957923334328
512.0,0.5690289235662459
512.0,0.569062054799059
512.0,0.5690951860318723
512.0,0.5691283172646854
512.0,0.5691614484974986
512.0,0.5691945797303117
512.0,0.569227710963125
512.0,0.5692608421959381
512.0,0.5692939734287513
512.0,0.5693271046615644
512.0,0.5693602358943777
512.0,0.5693933671271908
512.0,0.569426498360004
512.0,0.5694596295928172
512.0,0.5694927608256303
512.0,0.5695258920584435
512.0,0.5695590232912566
512.0,0.5695921545240699
512.0,0.569625285756883
512.0,0.5696584169896962
512.0,0.5696915482225093
512.0,0.5697246794553226
512.0,0.5697578106881357
512.0,0.5697909419209489
512.0,0.569824073153762
512.0,0.5698572043865753
512.0,0.5698903356193884
512.0,0.5699234668522015
512.0,0.5699565980850148
512.0,0.5699897293178279
512.0,0.5700228605506411
512.0,0.5700559917834542
512.0,0.5700891230162675
512.0,0.5701222542490806
512.0,0.5701553854818938
512.0,0.5701885167147069
512.0,0.5702216479475202
512.0,0.5702547791803333
512.0,0.5702879104131465
512.0,0.5703210416459596
512.0,0.5703541728787728
512.0,0.570387304111586
512.0,0.5704204353443991
512.0,0.5704535665772124
512.0,0.5704866978100255
512.0,0.5705198290428387
512.0,0.5705529602756518
512.0,0.5705860915084651
512.0,0.5706192227412782
512.0,0.5706523539740914
512.0,0.5706854852069045
512.0,0.5707186164397178
512.0,0.5707517476725309
512.0,0.570784878905344
512.0,0.5708180101381573
512.0,0.5708511413709704
512.0,0.5708842726037836
512.0,0.5709174038365967
512.0,0.57095053506941
512.0,0.5709836663022231
512.0,0.5710167975350363
512.0,0.5710499287678494
512.0,0.5710830600006627
512.0,0.5711161912334758
512.0,0.571149322466289
512.0,0.5711824536991021
512.0,0.5712155849319153
512.0,0.5712487161647285
512.0,0.5712818473975416
512.0,0.5713149786303549
512.0,0.571348109863168
512.0,0.5713812410959812
512.0,0.5714143723287943
512.0,0.5714475035616076
512.0,0.5714806347944207
512.0,0.5715137660272339
512.0,0.571546897260047
512.0,0.5715800284928603
512.0,0.5716131597256734
512.0,0.5716462909584865
512.0,0.5716794221912997
512.0,0.5717125534241129
512.0,0.5717456846569261
512.0,0.5717788158897392
512.0,0.5718119471225525
512.0,0.5718450783553656
512.0,0.5718782095881788
512.0,0.5719113408209919
512.0,0.5719444720538052
512.0,0.5719776032866183
512.0,0.5720107345194315
512.0,0.5720438657522446
512.0,0.5720769969850578
512.0,0.572110128217871
512.0,0.5721432594506841
512.0,0.5721763906834973
512.0,0.5722095219163105
512.0,0.5722426531491237
512.0,0.5722757843819368
512.0,0.5723089156147501
512.0,0.5723420468475632
512.0,0.5723751780803764
512.0,0.5724083093131895
512.0,0.5724414405460028
512.0,0.5724745717788159
512.0,0.572507703011629
512.0,0.5725408342444422
512.0,0.5725739654772554
512.0,0.5726070967100686
512.0,0.5726402279428817
512.0,0.572673359175695
512.0,0.5727064904085081
512.0,0.5727396216413213
512.0,0.5727727528741344
512.0,0.5728058841069477
512.0,0.5728390153397608
512.0,0.572872146572574
512.0,0.5729052778053871
512.0,0.5729384090382003
512.0,0.5729715402710135
512.0,0.5730046715038266
512.0,0.5730378027366398
512.0,0.573070933969453
512.0,0.5731040652022662
512.0,0.5731371964350793
512.0,0.5731703276678926
512.0,0.5732034589007057
512.0,0.5732365901335189
512.0,0.573269721366332
512.0,0.5733028525991453
512.0,0.5733359838319584
512.0,0.5733691150647715
512.0,0.5734022462975847
512.0,0.5734353775303979
512.0,0.5734685087632111
512.0,0.5735016399960242
512.0,0.5735347712288374
512.0,0.5735679024616506
512.0,0.5736010336944638
512.0,0.5736341649272769
512.0,0.5736672961600902
512.0,0.5737004273929033
512.0,0.5737335586257165
512.0,0.5737666898585296
512.0,0.5737998210913428
512.0,0.573832952324156
512.0,0.5738660835569691
512.0,0.5738992147897823
512.0,0.5739323460225955
512.0,0.5739654772554087
512.0,0.5739986084882218
512.0,0.574031739721035
512.0,0.5740648709538482
512.0,0.5740980021866614
512.0,0.5741311334194745
512.0,0.5741642646522878
512.0,0.5741973958851009
512.0,0.574230527117914
512.0,0.5742636583507272
512.0,0.5742967895835404
512.0,0.5743299208163536
512.0,0.5743630520491667
512.0,0.5743961832819799
512.0,0.5744293145147931
512.0,0.5744624457476063
512.0,0.5744955769804194
512.0,0.5745287082132327
512.0,0.5745618394460458
512.0,0.574594970678859
512.0,0.5746281019116721
512.0,0.5746612331444854
512.0,0.5746943643772985
512.0,0.5747274956101116
512.0,0.5747606268429248
512.0,0.574793758075738
512.0,0.5748268893085512
512.0,0.5748600205413643
512.0,0.5748931517741775
512.0,0.5749262830069907
512.0,0.5749594142398039
512.0,0.574992545472617
512.0,0.5750256767054303
512.0,0.5750588079382434
512.0,0.5750919391710566
512.0,0.5751250704038697
512.0,0.5751582016366829
512.0,0.5751913328694961
512.0,0.5752244641023092
512.0,0.5752575953351224
512.0,0.5752907265679356
512.0,0.5753238578007488
512.0,0.5753569890335619
512.0,0.5753901202663751
512.0,0.5754232514991883
512.0,0.5754563827320015
512.0,0.5754895139648146
512.0,0.5755226451976279
512.0,0.575555776430441
512.0,0.5755889076632541
512.0,0.5756220388960673
512.0,0.5756551701288805
512.0,0.5756883013616937
512.0,0.5757214325945068
512.0,0.57575456382732
512.0,0.5757876950601332
512.0,0.5758208262929464
512.0,0.5758539575257595
512.0,0.5758870887585728
512.0,0.5759202199913859
512.0,0.5759533512241991
512.0,0.5759864824570122
512.0,0.5760196136898253
512.0,0.5760527449226386
512.0,0.5760858761554517
512.0,0.5761190073882649
512.0,0.5761521386210781
512.0,0.5761852698538913
512.0,0.5762184010867044
512.0,0.5762515323195176
512.0,0.5762846635523308
512.0,0.576317794785144
512.0,0.5763509260179571
512.0,0.5763840572507704
512.0,0.5764171884835835
512.0,0.5764503197163966
512.0,0.5764834509492098
512.0,0.576516582182023
512.0,0.5765497134148362
512.0,0.5765828446476493
512.0,0.5766159758804625
512.0,0.5766491071132757
512.0,0.5766822383460889
512.0,0.576715369578902
512.0,0.5767485008117152
512.0,0.5767816320445284
512.0,0.5768147632773416
512.0,0.5768478945101547
512.0,0.5768810257429678
512.0,0.5769141569757811
512.0,0.5769472882085942
512.0,0.5769804194414074
512.0,0.5770135506742206
512.0,0.5770466819070338
512.0,0.5770798131398469
512.0,0.5771129443726601
512.0,0.5771460756054733
512.0,0.5771792068382865
512.0,0.5772123380710996
512.0,0.5772454693039129
512.0,0.577278600536726
512.0,0.5773117317695391
512.0,0.5773448630023523
512.0,0.5773779942351654
512.0,0.5774111254679787
512.0,0.5774442567007918
512.0,0.577477387933605
512.0,0.5775105191664182
512.0,0.5775436503992314
512.0,0.5775767816320445
512.0,0.5776099128648577
512.0,0.5776430440976709
512.0,0.5776761753304841
512.0,0.5777093065632972
512.0,0.5777424377961103
512.0,0.5777755690289236
512.0,0.5778087002617367
512.0,0.5778418314945499
512.0,0.577874962727363
512.0,0.5779080939601763
512.0,0.5779412251929894
512.0,0.5779743564258026
512.0,0.5780074876586158
512.0,0.578040618891429
512.0,0.5780737501242421
512.0,0.5781068813570553
512.0,0.5781400125898685
512.0,0.5781731438226816
512.0,0.5782062750554948
512.0,0.5782394062883079
512.0,0.5782725375211212
512.0,0.5783056687539343
512.0,0.5783387999867475
512.0,0.5783719312195607
512.0,0.5784050624523739
512.0,0.578438193685187
512.0,0.5784713249180002
512.0,0.5785044561508134
512.0,0.5785375873836266
512.0,0.5785707186164397
512.0,0.5786038498492528
512.0,0.5786369810820661
512.0,0.5786701123148792
512.0,0.5787032435476924
512.0,0.5787363747805055
512.0,0.5787695060133188
512.0,0.5788026372461319
512.0,0.5788357684789451
512.0,0.5788688997117583
512.0,0.5789020309445715
512.0,0.5789351621773846
512.0,0.5789682934101978
512.0,0.579001424643011
512.0,0.5790345558758241
512.0,0.5790676871086373
512.0,0.5791008183414504
512.0,0.5791339495742637
512.0,0.5791670808070768
512.0,0.57920021203989
512.0,0.5792333432727031
512.0,0.5792664745055164
512.0,0.5792996057383295
512.0,0.5793327369711427
512.0,0.5793658682039559
512.0,0.5793989994367691
512.0,0.5794321306695822
512.0,0.5794652619023953
512.0,0.5794983931352086
512.0,0.5795315243680217
512.0,0.5795646556008349
512.0,0.579597786833648
512.0,0.5796309180664613
512.0,0.5796640492992744
512.0,0.5796971805320876
512.0,0.5797303117649008
512.0,0.579763442997714
512.0,0.5797965742305271
512.0,0.5798297054633403
512.0,0.5798628366961535
512.0,0.5798959679289666
512.0,0.5799290991617798
512.0,0.5799622303945929
512.0,0.5799953616274062
512.0,0.5800284928602193
512.0,0.5800616240930325
512.0,0.5800947553258456
512.0,0.5801278865586589
512.0,0.580161017791472
512.0,0.5801941490242852
512.0,0.5802272802570984
512.0,0.5802604114899116
512.0,0.5802935427227247
512.0,0.5803266739555378
512.0,0.5803598051883511
512.0,0.5803929364211642
512.0,0.5804260676539774
512.0,0.5804591988867905
512.0,0.5804923301196038
512.0,0.5805254613524169
512.0,0.5805585925852301
512.0,0.5805917238180432
512.0,0.5806248550508565
512.0,0.5806579862836696
512.0,0.5806911175164828
512.0,0.580724248749296
512.0,0.5807573799821092
512.0,0.5807905112149223
512.0,0.5808236424477354
512.0,0.5808567736805487
512.0,0.5808899049133618
512.0,0.580923036146175
512.0,0.5809561673789881
512.0,0.5809892986118014
512.0,0.5810224298446145
512.0,0.5810555610774277
512.0,0.5810886923102409
512.0,0.5811218235430541
512.0,0.5811549547758672
512.0,0.5811880860086804
512.0,0.5812212172414936
512.0,0.5812543484743067
512.0,0.5812874797071199
512.0,0.581320610939933
512.0,0.5813537421727463
512.0,0.5813868734055594
512.0,0.5814200046383726
512.0,0.5814531358711857
512.0,0.581486267103999
512.0,0.5815193983368121
512.0,0.5815525295696253
512.0,0.5815856608024385
512.0,0.5816187920352517
512.0,0.5816519232680648
512.0,0.5816850545008779
512.0,0.5817181857336912
512.0,0.5817513169665043
512.0,0.5817844481993175
512.0,0.5818175794321306
512.0,0.5818507106649439
512.0,0.581883841897757
512.0,0.5819169731305702
512.0,0.5819501043633833
512.0,0.5819832355961966
512.0,0.5820163668290097
512.0,0.5820494980618229
512.0,0.5820826292946361
512.0,0.5821157605274492
512.0,0.5821488917602624
512.0,0.5821820229930755
512.0,0.5822151542258888
512.0,0.5822482854587019
512.0,0.5822814166915151
512.0,0.5823145479243282
512.0,0.5823476791571415
512.0,0.5823808103899546
512.0,0.5824139416227678
512.0,0.582447072855581
512.0,0.5824802040883942
512.0,0.5825133353212073
512.0,0.5825464665540204
512.0,0.5825795977868337
512.0,0.5826127290196468
512.0,0.58264586025246
512.0,0.5826789914852731
512.0,0.5827121227180864
512.0,0.5827452539508995
512.0,0.5827783851837127
512.0,0.5828115164165258
512.0,0.5828446476493391
512.0,0.5828777788821522
512.0,0.5829109101149654
512.0,0.5829440413477786
512.0,0.5829771725805917
512.0,0.5830103038134049
512.0,0.583043435046218
512.0,0.5830765662790313
512.0,0.5831096975118444
512.0,0.5831428287446576
512.0,0.5831759599774707
512.0,0.583209091210284
512.0,0.5832422224430971
512.0,0.5832753536759103
512.0,0.5833084849087234
512.0,0.5833416161415367
512.0,0.5833747473743498
512.0,0.5834078786071629
512.0,0.5834410098399762
512.0,0.5834741410727893
512.0,0.5835072723056025
512.0,0.5835404035384156
512.0,0.5835735347712289
512.0,0.583606666004042
512.0,0.5836397972368552
512.0,0.5836729284696683
512.0,0.5837060597024816
512.0,0.5837391909352947
512.0,0.5837723221681079
512.0,0.583805453400921
512.0,0.5838385846337342
512.0,0.5838717158665474
512.0,0.5839048470993605
512.0,0.5839379783321738
512.0,0.5839711095649869
512.0,0.5840042407978001
512.0,0.5840373720306132
512.0,0.5840705032634265
512.0,0.5841036344962396
512.0,0.5841367657290528
512.0,0.5841698969618659
512.0,0.5842030281946792
512.0,0.5842361594274923
512.0,0.5842692906603054
512.0,0.5843024218931187
512.0,0.5843355531259318
512.0,0.584368684358745
512.0,0.5844018155915581
512.0,0.5844349468243714
512.0,0.5844680780571845
512.0,0.5845012092899977
512.0,0.5845343405228108
512.0,0.5845674717556241
512.0,0.5846006029884372
512.0,0.5846337342212504
512.0,0.5846668654540635
512.0,0.5846999966868767
512.0,0.5847331279196899
512.0,0.584766259152503
512.0,0.5847993903853163
512.0,0.5848325216181294
512.0,0.5848656528509426
512.0,0.5848987840837557
512.0,0.584931915316569
512.0,0.5849650465493821
512.0,0.5849981777821953
512.0,0.5850313090150084
512.0,0.5850644402478217
512.0,0.5850975714806348
512.0,0.5851307027134479
512.0,0.5851638339462611
512.0,0.5851969651790743
512.0,0.5852300964118875
512.0,0.5852632276447006
512.0,0.5852963588775139
512.0,0.585329490110327
512.0,0.5853626213431402
512.0,0.5853957525759533
512.0,0.5854288838087666
512.0,0.5854620150415797
512.0,0.5854951462743929
512.0,0.585528277507206
512.0,0.5855614087400192
512.0,0.5855945399728324
512.0,0.5856276712056455
512.0,0.5856608024384587
512.0,0.5856939336712719
512.0,0.5857270649040851
512.0,0.5857601961368982
512.0,0.5857933273697115
512.0,0.5858264586025246
512.0,0.5858595898353378
512.0,0.5858927210681509
512.0,0.5859258523009642
512.0,0.5859589835337773
512.0,0.5859921147665904
512.0,0.5860252459994036
512.0,0.5860583772322168
512.0,0.58609150846503
512.0,0.5861246396978431
512.0,0.5861577709306564
512.0,0.5861909021634695
512.0,0.5862240333962827
512.0,0.5862571646290958
512.0,0.5862902958619091
512.0,0.5863234270947222
512.0,0.5863565583275354
512.0,0.5863896895603485
512.0,0.5864228207931617
512.0,0.5864559520259749
512.0,0.586489083258788
512.0,0.5865222144916012
512.0,0.5865553457244144
512.0,0.5865884769572276
512.0,0.5866216081900407
512.0,0.586654739422854
512.0,0.5866878706556671
512.0,0.5867210018884803
512.0,0.5867541331212934
512.0,0.5867872643541067
512.0,0.5868203955869198
512.0,0.5868535268197329
512.0,0.5868866580525461
512.0,0.5869197892853593
512.0,0.5869529205181725
512.0,0.5869860517509856
512.0,0.5870191829837988
512.0,0.587052314216612
512.0,0.5870854454494252
512.0,0.5871185766822383
512.0,0.5871517079150516
512.0,0.5871848391478647
512.0,0.5872179703806779
512.0,0.587251101613491
512.0,0.5872842328463043
512.0,0.5873173640791174
512.0,0.5873504953119305
512.0,0.5873836265447437
512.0,0.5874167577775569
512.0,0.5874498890103701
512.0,0.5874830202431832
512.0,0.5875161514759965
512.0,0.5875492827088096
512.0,0.5875824139416228
512.0,0.5876155451744359
512.0,0.5876486764072492
512.0,0.5876818076400623
512.0,0.5877149388728755
512.0,0.5877480701056886
512.0,0.5877812013385018
512.0,0.587814332571315
512.0,0.5878474638041281
512.0,0.5878805950369413
512.0,0.5879137262697545
512.0,0.5879468575025677
512.0,0.5879799887353808
512.0,0.588013119968194
512.0,0.5880462512010072
512.0,0.5880793824338204
512.0,0.5881125136666335
512.0,0.5881456448994468
512.0,0.5881787761322599
512.0,0.588211907365073
512.0,0.5882450385978862
512.0,0.5882781698306994
512.0,0.5883113010635126
512.0,0.5883444322963257
512.0,0.588377563529139
512.0,0.5884106947619521
512.0,0.5884438259947653
512.0,0.5884769572275784
512.0,0.5885100884603917
512.0,0.5885432196932048
512.0,0.588576350926018
512.0,0.5886094821588311
512.0,0.5886426133916443
512.0,0.5886757446244575
512.0,0.5887088758572706
512.0,0.5887420070900838
512.0,0.588775138322897
512.0,0.5888082695557102
512.0,0.5888414007885233
512.0,0.5888745320213365
512.0,0.5889076632541497
512.0,0.5889407944869629
512.0,0.588973925719776
512.0,0.5890070569525893
512.0,0.5890401881854024
512.0,0.5890733194182155
512.0,0.5891064506510287
512.0,0.5891395818838419
512.0,0.5891727131166551
512.0,0.5892058443494682
512.0,0.5892389755822814
512.0,0.5892721068150946
512.0,0.5893052380479078
512.0,0.5893383692807209
512.0,0.5893715005135342
512.0,0.5894046317463473
512.0,0.5894377629791605
512.0,0.5894708942119736
512.0,0.5895040254447868
512.0,0.5895371566776
512.0,0.5895702879104131
512.0,0.5896034191432263
512.0,0.5896365503760395
512.0,0.5896696816088527
512.0,0.5897028128416658
512.0,0.589735944074479
512.0,0.5897690753072922
512.0,0.5898022065401054
512.0,0.5898353377729185
512.0,0.5898684690057318
512.0,0.5899016002385449
512.0,0.589934731471358
512.0,0.5899678627041712
512.0,0.5900009939369844
512.0,0.5900341251697976
512.0,0.5900672564026107
512.0,0.5901003876354239
512.0,0.5901335188682371
512.0,0.5901666501010503
512.0,0.5901997813338634
512.0,0.5902329125666766
512.0,0.5902660437994898
512.0,0.590299175032303
512.0,0.5903323062651161
512.0,0.5903654374979292
512.0,0.5903985687307425
512.0,0.5904316999635556
512.0,0.5904648311963688
512.0,0.590497962429182
512.0,0.5905310936619952
512.0,0.5905642248948083
512.0,0.5905973561276215
512.0,0.5906304873604347
512.0,0.5906636185932479
512.0,0.590696749826061
512.0,0.5907298810588743
512.0,0.5907630122916874
512.0,0.5907961435245005
512.0,0.5908292747573137
512.0,0.5908624059901268
512.0,0.5908955372229401
512.0,0.5909286684557532
512.0,0.5909617996885664
512.0,0.5909949309213796
512.0,0.5910280621541928
512.0,0.5910611933870059
512.0,0.5910943246198191
512.0,0.5911274558526323
512.0,0.5911605870854455
512.0,0.5911937183182586
512.0,0.5912268495510717
512.0,0.591259980783885
512.0,0.5912931120166981
512.0,0.5913262432495113
512.0,0.5913593744823245
512.0,0.5913925057151377
512.0,0.5914256369479508
512.0,0.591458768180764
512.0,0.5914918994135772
512.0,0.5915250306463904
512.0,0.5915581618792035
512.0,0.5915912931120167
512.0,0.5916244243448299
512.0,0.591657555577643
512.0,0.5916906868104562
512.0,0.5917238180432693
512.0,0.5917569492760826
512.0,0.5917900805088957
512.0,0.5918232117417089
512.0,0.591856342974522
512.0,0.5918894742073353
512.0,0.5919226054401484
512.0,0.5919557366729616
512.0,0.5919888679057748
512.0,0.592021999138588
512.0,0.5920551303714011
512.0,0.5920882616042142
512.0,0.5921213928370275
512.0,0.5921545240698406
512.0,0.5921876553026538
512.0,0.592220786535467
512.0,0.5922539177682802
512.0,0.5922870490010933
512.0,0.5923201802339065
512.0,0.5923533114667197
512.0,0.5923864426995329
512.0,0.592419573932346
512.0,0.5924527051651592
512.0,0.5924858363979724
512.0,0.5925189676307855
512.0,0.5925520988635987
512.0,0.5925852300964118
512.0,0.5926183613292251
512.0,0.5926514925620382
512.0,0.5926846237948514
512.0,0.5927177550276646
512.0,0.5927508862604778
512.0,0.5927840174932909
512.0,0.5928171487261041
512.0,0.5928502799589173
512.0,0.5928834111917305
512.0,0.5929165424245436
512.0,0.5929496736573567
512.0,0.59298280489017
512.0,0.5930159361229831
512.0,0.5930490673557963
512.0,0.5930821985886094
512.0,0.5931153298214227
512.0,0.5931484610542358
512.0,0.593181592287049
512.0,0.5932147235198622
512.0,0.5932478547526754
512.0,0.5932809859854885
512.0,0.5933141172183017
512.0,0.5933472484511149
512.0,0.5933803796839281
512.0,0.5934135109167412
512.0,0.5934466421495543
512.0,0.5934797733823676
512.0,0.5935129046151807
512.0,0.5935460358479939
512.0,0.593579167080807
512.0,0.5936122983136203
512.0,0.5936454295464334
512.0,0.5936785607792466
512.0,0.5937116920120598
512.0,0.593744823244873
512.0,0.5937779544776861
512.0,0.5938110857104993
512.0,0.5938442169433125
512.0,0.5938773481761256
512.0,0.5939104794089388
512.0,0.5939436106417519
512.0,0.5939767418745652
512.0,0.5940098731073783
512.0,0.5940430043401915
512.0,0.5940761355730046
512.0,0.5941092668058179
512.0,0.594142398038631
512.0,0.5941755292714442
512.0,0.5942086605042574
512.0,0.5942417917370706
512.0,0.5942749229698837
512.0,0.5943080542026968
512.0,0.5943411854355101
512.0,0.5943743166683232
512.0,0.5944074479011364
512.0,0.5944405791339495
512.0,0.5944737103667628
512.0,0.5945068415995759
512.0,0.5945399728323891
512.0,0.5945731040652023
512.0,0.5946062352980155
512.0,0.5946393665308286
512.0,0.5946724977636418
512.0,0.594705628996455
512.0,0.5947387602292681
512.0,0.5947718914620813
512.0,0.5948050226948944
512.0,0.5948381539277077
512.0,0.5948712851605208
512.0,0.594904416393334
512.0,0.5949375476261471
512.0,0.5949706788589604
512.0,0.5950038100917735
512.0,0.5950369413245867
512.0,0.5950700725573999
512.0,0.5951032037902131
512.0,0.5951363350230262
512.0,0.5951694662558393
512.0,0.5952025974886526
512.0,0.5952357287214657
512.0,0.5952688599542789
512.0,0.595301991187092
512.0,0.5953351224199053
512.0,0.5953682536527184
512.0,0.5954013848855316
512.0,0.5954345161183447
512.0,0.595467647351158
512.0,0.5955007785839711
512.0,0.5955339098167843
512.0,0.5955670410495975
512.0,0.5956001722824106
512.0,0.5956333035152238
512.0,0.5956664347480369
512.0,0.5956995659808502
512.0,0.5957326972136633
512.0,0.5957658284464765
512.0,0.5957989596792896
512.0,0.5958320909121029
512.0,0.595865222144916
512.0,0.5958983533777292
512.0,0.5959314846105424
512.0,0.5959646158433556
512.0,0.5959977470761687
512.0,0.5960308783089818
512.0,0.5960640095417951
512.0,0.5960971407746082
512.0,0.5961302720074214
512.0,0.5961634032402345
512.0,0.5961965344730478
512.0,0.5962296657058609
512.0,0.5962627969386741
512.0,0.5962959281714872
512.0,0.5963290594043005
512.0,0.5963621906371136
512.0,0.5963953218699268
512.0,0.59642845310274
512.0,0.5964615843355531
512.0,0.5964947155683663
512.0,0.5965278468011794
512.0,0.5965609780339927
512.0,0.5965941092668058
512.0,0.596627240499619
512.0,0.5966603717324321
512.0,0.5966935029652454
512.0,0.5967266341980585
512.0,0.5967597654308717
512.0,0.5967928966636848
512.0,0.5968260278964981
512.0,0.5968591591293112
512.0,0.5968922903621243
512.0,0.5969254215949376
512.0,0.5969585528277507
512.0,0.5969916840605639
512.0,0.597024815293377
512.0,0.5970579465261903
512.0,0.5970910777590034
512.0,0.5971242089918166
512.0,0.5971573402246297
512.0,0.597190471457443
512.0,0.5972236026902561
512.0,0.5972567339230693
512.0,0.5972898651558824
512.0,0.5973229963886956
512.0,0.5973561276215088
512.0,0.5973892588543219
512.0,0.5974223900871352
512.0,0.5974555213199483
512.0,0.5974886525527615
512.0,0.5975217837855746
512.0,0.5975549150183879
512.0,0.597588046251201
512.0,0.5976211774840142
512.0,0.5976543087168273
512.0,0.5976874399496406
512.0,0.5977205711824537
512.0,0.5977537024152668
512.0,0.59778683364808
512.0,0.5978199648808932
512.0,0.5978530961137064
512.0,0.5978862273465195
512.0,0.5979193585793328
512.0,0.5979524898121459
512.0,0.5979856210449591
512.0,0.5980187522777722
512.0,0.5980518835105855
512.0,0.5980850147433986
512.0,0.5981181459762118
512.0,0.598151277209025
512.0,0.5981844084418381
512.0,0.5982175396746513
512.0,0.5982506709074644
512.0,0.5982838021402777
512.0,0.5983169333730908
512.0,0.598350064605904
512.0,0.5983831958387171
512.0,0.5984163270715304
512.0,0.5984494583043435
512.0,0.5984825895371567
512.0,0.5985157207699698
512.0,0.5985488520027831
512.0,0.5985819832355962
512.0,0.5986151144684093
512.0,0.5986482457012225
512.0,0.5986813769340357
512.0,0.5987145081668489
512.0,0.598747639399662
512.0,0.5987807706324753
512.0,0.5988139018652884
512.0,0.5988470330981016
512.0,0.5988801643309147
512.0,0.598913295563728
512.0,0.5989464267965411
512.0,0.5989795580293543
512.0,0.5990126892621674
512.0,0.5990458204949806
512.0,0.5990789517277938
512.0,0.5991120829606069
512.0,0.5991452141934202
512.0,0.5991783454262333
512.0,0.5992114766590465
512.0,0.5992446078918596
512.0,0.5992777391246729
512.0,0.599310870357486
512.0,0.5993440015902992
512.0,0.5993771328231123
512.0,0.5994102640559256
512.0,0.5994433952887387
512.0,0.5994765265215519
512.0,0.599509657754365
512.0,0.5995427889871782
512.0,0.5995759202199914
512.0,0.5996090514528045
512.0,0.5996421826856178
512.0,0.5996753139184309
512.0,0.5997084451512441
512.0,0.5997415763840572
512.0,0.5997747076168705
512.0,0.5998078388496836
512.0,0.5998409700824968
512.0,0.5998741013153099
512.0,0.5999072325481232
512.0,0.5999403637809363
512.0,0.5999734950137494
512.0,0.6000066262465626
512.0,0.6000397574793758
512.0,0.600072888712189
512.0,0.6001060199450021
512.0,0.6001391511778154
512.0,0.6001722824106285
512.0,0.6002054136434417
512.0,0.6002385448762548
512.0,0.6002716761090681
512.0,0.6003048073418812
512.0,0.6003379385746944
512.0,0.6003710698075075
512.0,0.6004042010403207
512.0,0.6004373322731339
512.0,0.600470463505947
512.0,0.6005035947387602
512.0,0.6005367259715734
512.0,0.6005698572043866
512.0,0.6006029884371997
512.0,0.600636119670013
512.0,0.6006692509028261
512.0,0.6007023821356393
512.0,0.6007355133684524
512.0,0.6007686446012657
512.0,0.6008017758340788
512.0,0.6008349070668919
512.0,0.6008680382997051
512.0,0.6009011695325183
512.0,0.6009343007653315
512.0,0.6009674319981446
512.0,0.6010005632309579
512.0,0.601033694463771
512.0,0.6010668256965842
512.0,0.6010999569293973
512.0,0.6011330881622106
512.0,0.6011662193950237
512.0,0.6011993506278369
512.0,0.60123248186065
512.0,0.6012656130934632
512.0,0.6012987443262764
512.0,0.6013318755590895
512.0,0.6013650067919027
512.0,0.6013981380247159
512.0,0.6014312692575291
512.0,0.6014644004903422
512.0,0.6014975317231555
512.0,0.6015306629559686
512.0,0.6015637941887818
512.0,0.6015969254215949
512.0,0.6016300566544082
512.0,0.6016631878872213
512.0,0.6016963191200344
512.0,0.6017294503528476
512.0,0.6017625815856608
512.0,0.601795712818474
512.0,0.6018288440512871
512.0,0.6018619752841003
512.0,0.6018951065169135
512.0,0.6019282377497267
512.0,0.6019613689825398
512.0,0.6019945002153531
512.0,0.6020276314481662
512.0,0.6020607626809794
512.0,0.6020938939137925
512.0,0.6021270251466057
512.0,0.6021601563794189
512.0,0.602193287612232
512.0,0.6022264188450452
512.0,0.6022595500778584
512.0,0.6022926813106716
512.0,0.6023258125434847
512.0,0.602358943776298
512.0,0.6023920750091111
512.0,0.6024252062419243
512.0,0.6024583374747374
512.0,0.6024914687075507
512.0,0.6025245999403638
512.0,0.6025577311731769
512.0,0.6025908624059901
512.0,0.6026239936388033
512.0,0.6026571248716165
512.0,0.6026902561044296
512.0,0.6027233873372428
512.0,0.602756518570056
512.0,0.6027896498028692
512.0,0.6028227810356823
512.0,0.6028559122684956
512.0,0.6028890435013087
512.0,0.6029221747341219
512.0,0.602955305966935
512.0,0.6029884371997482
512.0,0.6030215684325614
512.0,0.6030546996653745
512.0,0.6030878308981877
512.0,0.6031209621310009
512.0,0.6031540933638141
512.0,0.6031872245966272
512.0,0.6032203558294404
512.0,0.6032534870622536
512.0,0.6032866182950668
512.0,0.6033197495278799
512.0,0.6033528807606932
512.0,0.6033860119935063
512.0,0.6034191432263194
512.0,0.6034522744591326
512.0,0.6034854056919458
512.0,0.603518536924759
512.0,0.6035516681575721
512.0,0.6035847993903853
512.0,0.6036179306231985
512.0,0.6036510618560117
512.0,0.6036841930888248
512.0,0.603717324321638
512.0,0.6037504555544512
512.0,0.6037835867872644
512.0,0.6038167180200775
512.0,0.6038498492528906
512.0,0.6038829804857039
512.0,0.603916111718517
512.0,0.6039492429513302
512.0,0.6039823741841434
512.0,0.6040155054169566
512.0,0.6040486366497697
512.0,0.6040817678825829
512.0,0.6041148991153961
512.0,0.6041480303482093
512.0,0.6041811615810224
512.0,0.6042142928138357
512.0,0.6042474240466488
512.0,0.6042805552794619
512.0,0.6043136865122751
512.0,0.6043468177450882
512.0,0.6043799489779015
512.0,0.6044130802107146
512.0,0.6044462114435278
512.0,0.604479342676341
512.0,0.6045124739091542
512.0,0.6045456051419673
512.0,0.6045787363747805
512.0,0.6046118676075937
512.0,0.6046449988404069
512.0,0.60467813007322
512.0,0.6047112613060331
512.0,0.6047443925388464
512.0,0.6047775237716595
512.0,0.6048106550044727
512.0,0.6048437862372859
512.0,0.6048769174700991
512.0,0.6049100487029122
512.0,0.6049431799357254
512.0,0.6049763111685386
512.0,0.6050094424013518
512.0,0.6050425736341649
512.0,0.6050757048669781
512.0,0.6051088360997913
512.0,0.6051419673326044
512.0,0.6051750985654176
512.0,0.6052082297982307
512.0,0.605241361031044
512.0,0.6052744922638571
512.0,0.6053076234966703
512.0,0.6053407547294835
512.0,0.6053738859622967
512.0,0.6054070171951098
512.0,0.605440148427923
512.0,0.6054732796607362
512.0,0.6055064108935494
512.0,0.6055395421263625
512.0,0.6055726733591756
512.0,0.6056058045919889
512.0,0.605638935824802
512.0,0.6056720670576152
512.0,0.6057051982904283
512.0,0.6057383295232416
512.0,0.6057714607560547
512.0,0.6058045919888679
512.0,0.6058377232216811
512.0,0.6058708544544943
512.0,0.6059039856873074
512.0,0.6059371169201206
512.0,0.6059702481529338
512.0,0.606003379385747
512.0,0.6060365106185601
512.0,0.6060696418513732
512.0,0.6061027730841865
512.0,0.6061359043169996
512.0,0.6061690355498128
512.0,0.606202166782626
512.0,0.6062352980154392
512.0,0.6062684292482523
512.0,0.6063015604810655
512.0,0.6063346917138787
512.0,0.6063678229466919
512.0,0.606400954179505
512.0,0.6064340854123182
512.0,0.6064672166451314
512.0,0.6065003478779445
512.0,0.6065334791107577
512.0,0.6065666103435708
512.0,0.6065997415763841
512.0,0.6066328728091972
512.0,0.6066660040420104
512.0,0.6066991352748236
512.0,0.6067322665076368
512.0,0.6067653977404499
512.0,0.6067985289732631
512.0,0.6068316602060763
512.0,0.6068647914388895
512.0,0.6068979226717026
512.0,0.6069310539045157
512.0,0.606964185137329
512.0,0.6069973163701421
512.0,0.6070304476029553
512.0,0.6070635788357684
512.0,0.6070967100685817
512.0,0.6071298413013948
512.0,0.607162972534208
512.0,0.6071961037670212
512.0,0.6072292349998344
512.0,0.6072623662326475
512.0,0.6072954974654607
512.0,0.6073286286982739
512.0,0.607361759931087
512.0,0.6073948911639002
512.0,0.6074280223967133
512.0,0.6074611536295266
512.0,0.6074942848623397
512.0,0.6075274160951529
512.0,0.607560547327966
512.0,0.6075936785607793
512.0,0.6076268097935924
512.0,0.6076599410264056
512.0,0.6076930722592188
512.0,0.607726203492032
512.0,0.6077593347248451
512.0,0.6077924659576582
512.0,0.6078255971904715
512.0,0.6078587284232846
512.0,0.6078918596560978
512.0,0.6079249908889109
512.0,0.6079581221217242
512.0,0.6079912533545373
512.0,0.6080243845873505
512.0,0.6080575158201637
512.0,0.6080906470529769
512.0,0.60812377828579
512.0,0.6081569095186032
512.0,0.6081900407514164
512.0,0.6082231719842295
512.0,0.6082563032170427
512.0,0.6082894344498558
512.0,0.6083225656826691
512.0,0.6083556969154822
512.0,0.6083888281482954
512.0,0.6084219593811085
512.0,0.6084550906139218
512.0,0.6084882218467349
512.0,0.6085213530795481
512.0,0.6085544843123613
512.0,0.6085876155451745
512.0,0.6086207467779876
512.0,0.6086538780108007
512.0,0.608687009243614
512.0,0.6087201404764271
512.0,0.6087532717092403
512.0,0.6087864029420534
512.0,0.6088195341748667
512.0,0.6088526654076798
512.0,0.608885796640493
512.0,0.6089189278733061
512.0,0.6089520591061194
512.0,0.6089851903389325
512.0,0.6090183215717457
512.0,0.6090514528045589
512.0,0.609084584037372
512.0,0.6091177152701852
512.0,0.6091508465029983
512.0,0.6091839777358116
512.0,0.6092171089686247
512.0,0.6092502402014379
512.0,0.609283371434251
512.0,0.6093165026670643
512.0,0.6093496338998774
512.0,0.6093827651326906
512.0,0.6094158963655038
512.0,0.609449027598317
512.0,0.6094821588311301
512.0,0.6095152900639432
512.0,0.6095484212967565
512.0,0.6095815525295696
512.0,0.6096146837623828
512.0,0.6096478149951959
512.0,0.6096809462280092
512.0,0.6097140774608223
512.0,0.6097472086936355
512.0,0.6097803399264486
512.0,0.6098134711592619
512.0,0.609846602392075
512.0,0.6098797336248882
512.0,0.6099128648577014
512.0,0.6099459960905145
512.0,0.6099791273233277
512.0,0.6100122585561408
512.0,0.6100453897889541
512.0,0.6100785210217672
512.0,0.6101116522545804
512.0,0.6101447834873935
512.0,0.6101779147202068
512.0,0.6102110459530199
512.0,0.6102441771858331
512.0,0.6102773084186462
512.0,0.6103104396514595
512.0,0.6103435708842726
512.0,0.6103767021170857
512.0,0.610409833349899
512.0,0.6104429645827121
512.0,0.6104760958155253
512.0,0.6105092270483384
512.0,0.6105423582811517
512.0,0.6105754895139648
512.0,0.610608620746778
512.0,0.6106417519795911
512.0,0.6106748832124044
512.0,0.6107080144452175
512.0,0.6107411456780307
512.0,0.6107742769108438
512.0,0.610807408143657
512.0,0.6108405393764702
512.0,0.6108736706092833
512.0,0.6109068018420966
512.0,0.6109399330749097
512.0,0.6109730643077229
512.0,0.611006195540536
512.0,0.6110393267733493
512.0,0.6110724580061624
512.0,0.6111055892389756
512.0,0.6111387204717887
512.0,0.611171851704602
512.0,0.6112049829374151
512.0,0.6112381141702282
512.0,0.6112712454030415
512.0,0.6113043766358546
512.0,0.6113375078686678
512.0,0.6113706391014809
512.0,0.6114037703342942
512.0,0.6114369015671073
512.0,0.6114700327999205
512.0,0.6115031640327336
512.0,0.6115362952655469
512.0,0.61156942649836
512.0,0.6116025577311732
512.0,0.6116356889639863
512.0,0.6116688201967995
512.0,0.6117019514296127
512.0,0.6117350826624258
512.0,0.611768213895239
512.0,0.6118013451280522
512.0,0.6118344763608654
512.0,0.6118676075936785
512.0,0.6119007388264918
512.0,0.6119338700593049
512.0,0.6119670012921181
512.0,0.6120001325249312
512.0,0.6120332637577445
512.0,0.6120663949905576
512.0,0.6120995262233708
512.0,0.612132657456184
512.0,0.6121657886889971
512.0,0.6121989199218103
512.0,0.6122320511546234
512.0,0.6122651823874367
512.0,0.6122983136202498
512.0,0.612331444853063
512.0,0.6123645760858761
512.0,0.6123977073186894
512.0,0.6124308385515025
512.0,0.6124639697843157
512.0,0.6124971010171288
512.0,0.6125302322499421
512.0,0.6125633634827552
512.0,0.6125964947155683
512.0,0.6126296259483816
512.0,0.6126627571811947
512.0,0.6126958884140079
512.0,0.612729019646821
512.0,0.6127621508796343
512.0,0.6127952821124474
512.0,0.6128284133452606
512.0,0.6128615445780737
512.0,0.612894675810887
512.0,0.6129278070437001
512.0,0.6129609382765133
512.0,0.6129940695093264
512.0,0.6130272007421396
512.0,0.6130603319749528
512.0,0.6130934632077659
512.0,0.6131265944405792
512.0,0.6131597256733923
512.0,0.6131928569062055
512.0,0.6132259881390186
512.0,0.6132591193718319
512.0,0.613292250604645
512.0,0.6133253818374582
512.0,0.6133585130702713
512.0,0.6133916443030846
512.0,0.6134247755358977
512.0,0.6134579067687108
512.0,0.613491038001524
512.0,0.6135241692343372
512.0,0.6135573004671504
512.0,0.6135904316999635
512.0,0.6136235629327768
512.0,0.6136566941655899
512.0,0.6136898253984031
512.0,0.6137229566312162
512.0,0.6137560878640295
512.0,0.6137892190968426
512.0,0.6138223503296558
512.0,0.6138554815624689
512.0,0.6138886127952821
512.0,0.6139217440280953
512.0,0.6139548752609084
512.0,0.6139880064937216
512.0,0.6140211377265348
512.0,0.614054268959348
512.0,0.6140874001921611
512.0,0.6141205314249744
512.0,0.6141536626577875
512.0,0.6141867938906007
512.0,0.6142199251234138
512.0,0.6142530563562271
512.0,0.6142861875890402
512.0,0.6143193188218533
512.0,0.6143524500546665
512.0,0.6143855812874797
512.0,0.6144187125202929
512.0,0.614451843753106
512.0,0.6144849749859193
512.0,0.6145181062187324
512.0,0.6145512374515456
512.0,0.6145843686843587
512.0,0.614617499917172
512.0,0.6146506311499851
512.0,0.6146837623827983
512.0,0.6147168936156114
512.0,0.6147500248484246
512.0,0.6147831560812378
512.0,0.6148162873140509
512.0,0.6148494185468641
512.0,0.6148825497796773
512.0,0.6149156810124905
512.0,0.6149488122453036
512.0,0.6149819434781169
512.0,0.61501507471093
512.0,0.6150482059437432
512.0,0.6150813371765563
512.0,0.6151144684093696
512.0,0.6151475996421827
512.0,0.6151807308749958
512.0,0.615213862107809
512.0,0.6152469933406222
512.0,0.6152801245734354
512.0,0.6153132558062485
512.0,0.6153463870390617
512.0,0.6153795182718749
512.0,0.6154126495046881
512.0,0.6154457807375012
512.0,0.6154789119703145
512.0,0.6155120432031276
512.0,0.6155451744359408
512.0,0.6155783056687539
512.0,0.615611436901567
512.0,0.6156445681343803
512.0,0.6156776993671934
512.0,0.6157108306000066
512.0,0.6157439618328198
512.0,0.615777093065633
512.0,0.6158102242984461
512.0,0.6158433555312594
512.0,0.6158764867640725
512.0,0.6159096179968857
512.0,0.6159427492296988
512.0,0.6159758804625121
512.0,0.6160090116953252
512.0,0.6160421429281383
512.0,0.6160752741609515
512.0,0.6161084053937647
512.0,0.6161415366265779
512.0,0.616174667859391
512.0,0.6162077990922042
512.0,0.6162409303250174
512.0,0.6162740615578306
512.0,0.6163071927906437
512.0,0.616340324023457
512.0,0.6163734552562701
512.0,0.6164065864890833
512.0,0.6164397177218964
512.0,0.6164728489547096
512.0,0.6165059801875228
512.0,0.6165391114203359
512.0,0.6165722426531491
512.0,0.6166053738859623
512.0,0.6166385051187755
512.0,0.6166716363515886
512.0,0.6167047675844018
512.0,0.616737898817215
512.0,0.6167710300500282
512.0,0.6168041612828413
512.0,0.6168372925156546
512.0,0.6168704237484677
512.0,0.6169035549812808
512.0,0.616936686214094
512.0,0.6169698174469072
512.0,0.6170029486797204
512.0,0.6170360799125335
512.0,0.6170692111453467
512.0,0.6171023423781599
512.0,0.6171354736109731
512.0,0.6171686048437862
512.0,0.6172017360765994
512.0,0.6172348673094126
512.0,0.6172679985422258
512.0,0.6173011297750389
512.0,0.617334261007852
512.0,0.6173673922406653
512.0,0.6174005234734784
512.0,0.6174336547062916
512.0,0.6174667859391048
512.0,0.617499917171918
512.0,0.6175330484047311
512.0,0.6175661796375443
512.0,0.6175993108703575
512.0,0.6176324421031707
512.0,0.6176655733359838
512.0,0.617698704568797
512.0,0.6177318358016102
512.0,0.6177649670344233
512.0,0.6177980982672365
512.0,0.6178312295000497
512.0,0.6178643607328629
512.0,0.617897491965676
512.0,0.6179306231984892
512.0,0.6179637544313024
512.0,0.6179968856641156
512.0,0.6180300168969287
512.0,0.618063148129742
512.0,0.6180962793625551
512.0,0.6181294105953683
512.0,0.6181625418281814
512.0,0.6181956730609947
512.0,0.6182288042938078
512.0,0.6182619355266209
512.0,0.6182950667594341
512.0,0.6183281979922473
512.0,0.6183613292250605
512.0,0.6183944604578736
512.0,0.6184275916906868
512.0,0.6184607229235
512.0,0.6184938541563132
512.0,0.6185269853891263
512.0,0.6185601166219395
512.0,0.6185932478547527
512.0,0.6186263790875659
512.0,0.618659510320379
512.0,0.6186926415531921
512.0,0.6187257727860054
512.0,0.6187589040188185
512.0,0.6187920352516317
512.0,0.6188251664844449
512.0,0.6188582977172581
512.0,0.6188914289500712
512.0,0.6189245601828844
512.0,0.6189576914156976
512.0,0.6189908226485108
512.0,0.6190239538813239
512.0,0.6190570851141372
512.0,0.6190902163469503
512.0,0.6191233475797634
512.0,0.6191564788125766
512.0,0.6191896100453897
512.0,0.619222741278203
512.0,0.6192558725110161
512.0,0.6192890037438293
512.0,0.6193221349766425
512.0,0.6193552662094557
512.0,0.6193883974422688
512.0,0.619421528675082
512.0,0.6194546599078952
512.0,0.6194877911407084
512.0,0.6195209223735215
512.0,0.6195540536063346
512.0,0.6195871848391479
512.0,0.619620316071961
512.0,0.6196534473047742
512.0,0.6196865785375874
512.0,0.6197197097704006
512.0,0.6197528410032137
512.0,0.6197859722360269
512.0,0.6198191034688401
512.0,0.6198522347016533
512.0,0.6198853659344664
512.0,0.6199184971672796
512.0,0.6199516284000928
512.0,0.6199847596329059
512.0,0.6200178908657191
512.0,0.6200510220985322
512.0,0.6200841533313455
512.0,0.6201172845641586
512.0,0.6201504157969718
512.0,0.620183547029785
512.0,0.6202166782625982
512.0,0.6202498094954113
512.0,0.6202829407282245
512.0,0.6203160719610377
512.0,0.6203492031938509
512.0,0.620382334426664
512.0,0.6204154656594771
512.0,0.6204485968922904
512.0,0.6204817281251035
512.0,0.6205148593579167
512.0,0.6205479905907298
512.0,0.6205811218235431
512.0,0.6206142530563562
512.0,0.6206473842891694
512.0,0.6206805155219826
512.0,0.6207136467547958
512.0,0.6207467779876089
512.0,0.6207799092204221
512.0,0.6208130404532353
512.0,0.6208461716860484
512.0,0.6208793029188616
512.0,0.6209124341516747
512.0,0.620945565384488
512.0,0.6209786966173011
512.0,0.6210118278501143
512.0,0.6210449590829275
512.0,0.6210780903157407
512.0,0.6211112215485538
512.0,0.621144352781367
512.0,0.6211774840141802
512.0,0.6212106152469934
512.0,0.6212437464798065
512.0,0.6212768777126196
512.0,0.6213100089454329
512.0,0.621343140178246
512.0,0.6213762714110592
512.0,0.6214094026438723
512.0,0.6214425338766856
512.0,0.6214756651094987
512.0,0.6215087963423119
512.0,0.621541927575125
512.0,0.6215750588079383
512.0,0.6216081900407514
512.0,0.6216413212735646
512.0,0.6216744525063778
512.0,0.6217075837391909
512.0,0.6217407149720041
512.0,0.6217738462048172
512.0,0.6218069774376305
512.0,0.6218401086704436
512.0,0.6218732399032568
512.0,0.62190637113607
512.0,0.6219395023688832
512.0,0.6219726336016963
512.0,0.6220057648345095
512.0,0.6220388960673227
512.0,0.6220720273001359
512.0,0.622105158532949
512.0,0.6221382897657621
512.0,0.6221714209985754
512.0,0.6222045522313885
512.0,0.6222376834642017
512.0,0.6222708146970148
512.0,0.6223039459298281
512.0,0.6223370771626412
512.0,0.6223702083954544
512.0,0.6224033396282675
512.0,0.6224364708610808
512.0,0.6224696020938939
512.0,0.6225027333267071
512.0,0.6225358645595203
512.0,0.6225689957923334
512.0,0.6226021270251466
512.0,0.6226352582579597
512.0,0.622668389490773
512.0,0.6227015207235861
512.0,0.6227346519563993
512.0,0.6227677831892124
512.0,0.6228009144220257
512.0,0.6228340456548388
512.0,0.622867176887652
512.0,0.6229003081204652
512.0,0.6229334393532784
512.0,0.6229665705860915
512.0,0.6229997018189046
512.0,0.6230328330517179
512.0,0.623065964284531
512.0,0.6230990955173442
512.0,0.6231322267501573
512.0,0.6231653579829706
512.0,0.6231984892157837
512.0,0.6232316204485969
512.0,0.62326475168141
512.0,0.6232978829142233
512.0,0.6233310141470364
512.0,0.6233641453798496
512.0,0.6233972766126628
512.0,0.6234304078454759
512.0,0.6234635390782891
512.0,0.6234966703111022
512.0,0.6235298015439155
512.0,0.6235629327767286
512.0,0.6235960640095418
512.0,0.6236291952423549
512.0,0.6236623264751682
512.0,0.6236954577079813
512.0,0.6237285889407945
512.0,0.6237617201736076
512.0,0.6237948514064209
512.0,0.623827982639234
512.0,0.6238611138720471
512.0,0.6238942451048604
512.0,0.6239273763376735
512.0,0.6239605075704867
512.0,0.6239936388032998
512.0,0.6240267700361131
512.0,0.6240599012689262
512.0,0.6240930325017394
512.0,0.6241261637345525
512.0,0.6241592949673658
512.0,0.6241924262001789
512.0,0.6242255574329921
512.0,0.6242586886658053
512.0,0.6242918198986185
512.0,0.6243249511314316
512.0,0.6243580823642447
512.0,0.624391213597058
512.0,0.6244243448298711
512.0,0.6244574760626843
512.0,0.6244906072954974
512.0,0.6245237385283107
512.0,0.6245568697611238
512.0,0.624590000993937
512.0,0.6246231322267501
512.0,0.6246562634595634
512.0,0.6246893946923765
512.0,0.6247225259251897
512.0,0.6247556571580029
512.0,0.624788788390816
512.0,0.6248219196236292
512.0,0.6248550508564423
512.0,0.6248881820892556
512.0,0.6249213133220687
512.0,0.6249544445548819
512.0,0.624987575787695
512.0,0.6250207070205083
512.0,0.6250538382533214
512.0,0.6250869694861346
512.0,0.6251201007189477
512.0,0.625153231951761
512.0,0.6251863631845741
512.0,0.6252194944173872
512.0,0.6252526256502005
512.0,0.6252857568830136
512.0,0.6253188881158268
512.0,0.6253520193486399
512.0,0.6253851505814532
512.0,0.6254182818142663
512.0,0.6254514130470795
512.0,0.6254845442798926
512.0,0.6255176755127059
512.0,0.625550806745519
512.0,0.6255839379783322
512.0,0.6256170692111453
512.0,0.6256502004439585
512.0,0.6256833316767717
512.0,0.6257164629095848
512.0,0.6257495941423981
512.0,0.6257827253752112
512.0,0.6258158566080244
512.0,0.6258489878408375
512.0,0.6258821190736508
512.0,0.6259152503064639
512.0,0.6259483815392771
512.0,0.6259815127720902
512.0,0.6260146440049035
512.0,0.6260477752377166
512.0,0.6260809064705297
512.0,0.626114037703343
512.0,0.6261471689361561
512.0,0.6261803001689693
512.0,0.6262134314017824
512.0,0.6262465626345957
512.0,0.6262796938674088
512.0,0.626312825100222
512.0,0.6263459563330351
512.0,0.6263790875658484
512.0,0.6264122187986615
512.0,0.6264453500314747
512.0,0.6264784812642878
512.0,0.626511612497101
512.0,0.6265447437299142
512.0,0.6265778749627273
512.0,0.6266110061955406
512.0,0.6266441374283537
512.0,0.6266772686611669
512.0,0.62671039989398
512.0,0.6267435311267933
512.0,0.6267766623596064
512.0,0.6268097935924196
512.0,0.6268429248252327
512.0,0.626876056058046
512.0,0.6269091872908591
512.0,0.6269423185236722
512.0,0.6269754497564854
512.0,0.6270085809892986
512.0,0.6270417122221118
512.0,0.6270748434549249
512.0,0.6271079746877382
512.0,0.6271411059205513
512.0,0.6271742371533645
512.0,0.6272073683861776
512.0,0.6272404996189909
512.0,0.627273630851804
512.0,0.6273067620846172
512.0,0.6273398933174303
512.0,0.6273730245502435
512.0,0.6274061557830567
512.0,0.6274392870158698
512.0,0.627472418248683
512.0,0.6275055494814962
512.0,0.6275386807143094
512.0,0.6275718119471225
512.0,0.6276049431799358
512.0,0.6276380744127489
512.0,0.6276712056455621
512.0,0.6277043368783752
512.0,0.6277374681111885
512.0,0.6277705993440016
512.0,0.6278037305768147
512.0,0.6278368618096279
512.0,0.6278699930424411
512.0,0.6279031242752543
512.0,0.6279362555080674
512.0,0.6279693867408807
512.0,0.6280025179736938
512.0,0.628035649206507
512.0,0.6280687804393201
512.0,0.6281019116721334
512.0,0.6281350429049465
512.0,0.6281681741377597
512.0,0.6282013053705728
512.0,0.628234436603386
512.0,0.6282675678361992
512.0,0.6283006990690123
512.0,0.6283338303018255
512.0,0.6283669615346387
512.0,0.6284000927674519
512.0,0.628433224000265
512.0,0.6284663552330783
512.0,0.6284994864658914
512.0,0.6285326176987046
512.0,0.6285657489315177
512.0,0.628598880164331
512.0,0.6286320113971441
512.0,0.6286651426299572
512.0,0.6286982738627704
512.0,0.6287314050955836
512.0,0.6287645363283968
512.0,0.6287976675612099
512.0,0.6288307987940231
512.0,0.6288639300268363
512.0,0.6288970612596495
512.0,0.6289301924924626
512.0,0.6289633237252759
512.0,0.628996454958089
512.0,0.6290295861909022
512.0,0.6290627174237153
512.0,0.6290958486565285
512.0,0.6291289798893417
512.0,0.6291621111221548
512.0,0.629195242354968
512.0,0.6292283735877812
512.0,0.6292615048205944
512.0,0.6292946360534075
512.0,0.6293277672862208
512.0,0.6293608985190339
512.0,0.6293940297518471
512.0,0.6294271609846602
512.0,0.6294602922174735
512.0,0.6294934234502866
512.0,0.6295265546830997
512.0,0.6295596859159129
512.0,0.6295928171487261
512.0,0.6296259483815393
512.0,0.6296590796143524
512.0,0.6296922108471656
512.0,0.6297253420799788
512.0,0.629758473312792
512.0,0.6297916045456051
512.0,0.6298247357784184
512.0,0.6298578670112315
512.0,0.6298909982440447
512.0,0.6299241294768578
512.0,0.629957260709671
512.0,0.6299903919424842
512.0,0.6300235231752973
512.0,0.6300566544081105
512.0,0.6300897856409237
512.0,0.6301229168737369
512.0,0.63015604810655
512.0,0.6301891793393632
512.0,0.6302223105721764
512.0,0.6302554418049896
512.0,0.6302885730378027
512.0,0.630321704270616
512.0,0.6303548355034291
512.0,0.6303879667362422
512.0,0.6304210979690554
512.0,0.6304542292018686
512.0,0.6304873604346818
512.0,0.6305204916674949
512.0,0.6305536229003081
512.0,0.6305867541331213
512.0,0.6306198853659345
512.0,0.6306530165987476
512.0,0.6306861478315609
512.0,0.630719279064374
512.0,0.6307524102971872
512.0,0.6307855415300003
512.0,0.6308186727628136
512.0,0.6308518039956267
512.0,0.6308849352284398
512.0,0.630918066461253
512.0,0.6309511976940662
512.0,0.6309843289268794
512.0,0.6310174601596925
512.0,0.6310505913925057
512.0,0.6310837226253189
512.0,0.6311168538581321
512.0,0.6311499850909452
512.0,0.6311831163237585
512.0,0.6312162475565716
512.0,0.6312493787893848
512.0,0.6312825100221979
512.0,0.631315641255011
512.0,0.6313487724878243
512.0,0.6313819037206374
512.0,0.6314150349534506
512.0,0.6314481661862638
512.0,0.631481297419077
512.0,0.6315144286518901
512.0,0.6315475598847033
512.0,0.6315806911175165
512.0,0.6316138223503297
512.0,0.6316469535831428
512.0,0.6316800848159561
512.0,0.6317132160487692
512.0,0.6317463472815823
512.0,0.6317794785143955
512.0,0.6318126097472087
512.0,0.6318457409800219
512.0,0.631878872212835
512.0,0.6319120034456482
512.0,0.6319451346784614
512.0,0.6319782659112746
512.0,0.6320113971440877
512.0,0.632044528376901
512.0,0.6320776596097141
512.0,0.6321107908425273
512.0,0.6321439220753404
512.0,0.6321770533081535
512.0,0.6322101845409668
512.0,0.6322433157737799
512.0,0.6322764470065931
512.0,0.6323095782394063
512.0,0.6323427094722195
512.0,0.6323758407050326
512.0,0.6324089719378458
512.0,0.632442103170659
512.0,0.6324752344034722
512.0,0.6325083656362853
512.0,0.6325414968690986
512.0,0.6325746281019117
512.0,0.6326077593347248
512.0,0.632640890567538
512.0,0.6326740218003511
512.0,0.6327071530331644
512.0,0.6327402842659775
512.0,0.6327734154987907
512.0,0.6328065467316039
512.0,0.6328396779644171
512.0,0.6328728091972302
512.0,0.6329059404300434
512.0,0.6329390716628566
512.0,0.6329722028956698
512.0,0.6330053341284829
512.0,0.633038465361296
512.0,0.6330715965941093
512.0,0.6331047278269224
512.0,0.6331378590597356
512.0,0.6331709902925488
512.0,0.633204121525362
512.0,0.6332372527581751
512.0,0.6332703839909883
512.0,0.6333035152238015
512.0,0.6333366464566147
512.0,0.6333697776894278
512.0,0.633402908922241
512.0,0.6334360401550542
512.0,0.6334691713878673
512.0,0.6335023026206805
512.0,0.6335354338534936
512.0,0.6335685650863069
512.0,0.63360169631912
512.0,0.6336348275519332
512.0,0.6336679587847464
512.0,0.6337010900175596
512.0,0.6337342212503727
512.0,0.6337673524831859
512.0,0.6338004837159991
512.0,0.6338336149488123
512.0,0.6338667461816254
512.0,0.6338998774144385
512.0,0.6339330086472518
512.0,0.6339661398800649
512.0,0.6339992711128781
512.0,0.6340324023456912
512.0,0.6340655335785045
512.0,0.6340986648113176
512.0,0.6341317960441308
512.0,0.634164927276944
512.0,0.6341980585097572
512.0,0.6342311897425703
512.0,0.6342643209753835
512.0,0.6342974522081967
512.0,0.6343305834410098
512.0,0.634363714673823
512.0,0.6343968459066361
512.0,0.6344299771394494
512.0,0.6344631083722625
512.0,0.6344962396050757
512.0,0.6345293708378889
512.0,0.6345625020707021
512.0,0.6345956333035152
512.0,0.6346287645363284
512.0,0.6346618957691416
512.0,0.6346950270019548
512.0,0.6347281582347679
512.0,0.634761289467581
512.0,0.6347944207003943
512.0,0.6348275519332074
512.0,0.6348606831660206
512.0,0.6348938143988337
512.0,0.634926945631647
512.0,0.6349600768644601
512.0,0.6349932080972733
512.0,0.6350263393300865
512.0,0.6350594705628997
512.0,0.6350926017957128
512.0,0.635125733028526
512.0,0.6351588642613392
512.0,0.6351919954941523
512.0,0.6352251267269655
512.0,0.6352582579597786
512.0,0.6352913891925919
512.0,0.635324520425405
512.0,0.6353576516582182
512.0,0.6353907828910313
512.0,0.6354239141238446
512.0,0.6354570453566577
512.0,0.6354901765894709
512.0,0.6355233078222841
512.0,0.6355564390550973
512.0,0.6355895702879104
512.0,0.6356227015207235
512.0,0.6356558327535368
512.0,0.6356889639863499
512.0,0.6357220952191631
512.0,0.6357552264519762
512.0,0.6357883576847895
512.0,0.6358214889176026
512.0,0.6358546201504158
512.0,0.635887751383229
512.0,0.6359208826160422
512.0,0.6359540138488553
512.0,0.6359871450816685
512.0,0.6360202763144817
512.0,0.6360534075472948
512.0,0.636086538780108
512.0,0.6361196700129211
512.0,0.6361528012457344
512.0,0.6361859324785475
512.0,0.6362190637113607
512.0,0.6362521949441738
512.0,0.6362853261769871
512.0,0.6363184574098002
512.0,0.6363515886426134
512.0,0.6363847198754266
512.0,0.6364178511082398
512.0,0.6364509823410529
512.0,0.636484113573866
512.0,0.6365172448066793
512.0,0.6365503760394924
512.0,0.6365835072723056
512.0,0.6366166385051187
512.0,0.636649769737932
512.0,0.6366829009707451
512.0,0.6367160322035583
512.0,0.6367491634363714
512.0,0.6367822946691847
512.0,0.6368154259019978
512.0,0.636848557134811
512.0,0.6368816883676242
512.0,0.6369148196004374
512.0,0.6369479508332505
512.0,0.6369810820660636
512.0,0.6370142132988769
512.0,0.63704734453169
512.0,0.6370804757645032
512.0,0.6371136069973163
512.0,0.6371467382301296
512.0,0.6371798694629427
512.0,0.6372130006957559
512.0,0.637246131928569
512.0,0.6372792631613823
512.0,0.6373123943941954
512.0,0.6373455256270086
512.0,0.6373786568598218
512.0,0.6374117880926349
512.0,0.6374449193254481
512.0,0.6374780505582612
512.0,0.6375111817910745
512.0,0.6375443130238876
512.0,0.6375774442567008
512.0,0.6376105754895139
512.0,0.6376437067223272
512.0,0.6376768379551403
512.0,0.6377099691879535
512.0,0.6377431004207667
512.0,0.6377762316535799
512.0,0.637809362886393
512.0,0.6378424941192061
512.0,0.6378756253520194
512.0,0.6379087565848325
512.0,0.6379418878176457
512.0,0.6379750190504588
512.0,0.6380081502832721
512.0,0.6380412815160852
512.0,0.6380744127488984
512.0,0.6381075439817115
512.0,0.6381406752145248
512.0,0.6381738064473379
512.0,0.6382069376801511
512.0,0.6382400689129643
512.0,0.6382732001457774
512.0,0.6383063313785906
512.0,0.6383394626114037
512.0,0.638372593844217
512.0,0.6384057250770301
512.0,0.6384388563098433
512.0,0.6384719875426564
512.0,0.6385051187754697
512.0,0.6385382500082828
512.0,0.638571381241096
512.0,0.6386045124739091
512.0,0.6386376437067224
512.0,0.6386707749395355
512.0,0.6387039061723486
512.0,0.6387370374051619
512.0,0.638770168637975
512.0,0.6388032998707882
512.0,0.6388364311036013
512.0,0.6388695623364146
512.0,0.6389026935692277
512.0,0.6389358248020409
512.0,0.638968956034854
512.0,0.6390020872676673
512.0,0.6390352185004804
512.0,0.6390683497332936
512.0,0.6391014809661067
512.0,0.6391346121989199
512.0,0.6391677434317331
512.0,0.6392008746645462
512.0,0.6392340058973595
512.0,0.6392671371301726
512.0,0.6393002683629858
512.0,0.6393333995957989
512.0,0.6393665308286122
512.0,0.6393996620614253
512.0,0.6394327932942385
512.0,0.6394659245270516
512.0,0.6394990557598649
512.0,0.639532186992678
512.0,0.6395653182254911
512.0,0.6395984494583044
512.0,0.6396315806911175
512.0,0.6396647119239307
512.0,0.6396978431567438
512.0,0.6397309743895571
512.0,0.6397641056223702
512.0,0.6397972368551834
512.0,0.6398303680879965
512.0,0.6398634993208098
512.0,0.6398966305536229
512.0,0.6399297617864361
512.0,0.6399628930192492
512.0,0.6399960242520624
512.0,0.6400291554848756
512.0,0.6400622867176887
512.0,0.640095417950502
512.0,0.6401285491833151
512.0,0.6401616804161283
512.0,0.6401948116489414
512.0,0.6402279428817547
512.0,0.6402610741145678
512.0,0.640294205347381
512.0,0.6403273365801941
512.0,0.6403604678130074
512.0,0.6403935990458205
512.0,0.6404267302786336
512.0,0.6404598615114468
512.0,0.64049299274426
512.0,0.6405261239770732
512.0,0.6405592552098863
512.0,0.6405923864426996
512.0,0.6406255176755127
512.0,0.6406586489083259
512.0,0.640691780141139
512.0,0.6407249113739523
512.0,0.6407580426067654
512.0,0.6407911738395786
512.0,0.6408243050723917
512.0,0.6408574363052049
512.0,0.6408905675380181
512.0,0.6409236987708312
512.0,0.6409568300036445
512.0,0.6409899612364576
512.0,0.6410230924692708
512.0,0.6410562237020839
512.0,0.6410893549348972
512.0,0.6411224861677103
512.0,0.6411556174005235
512.0,0.6411887486333366
512.0,0.6412218798661499
512.0,0.641255011098963
512.0,0.6412881423317761
512.0,0.6413212735645893
512.0,0.6413544047974025
512.0,0.6413875360302157
512.0,0.6414206672630288
512.0,0.641453798495842
512.0,0.6414869297286552
512.0,0.6415200609614684
512.0,0.6415531921942815
512.0,0.6415863234270948
512.0,0.6416194546599079
512.0,0.6416525858927211
512.0,0.6416857171255342
512.0,0.6417188483583474
512.0,0.6417519795911606
512.0,0.6417851108239737
512.0,0.641818242056787
512.0,0.6418513732896001
512.0,0.6418845045224133
512.0,0.6419176357552264
512.0,0.6419507669880397
512.0,0.6419838982208528
512.0,0.642017029453666
512.0,0.6420501606864791
512.0,0.6420832919192924
512.0,0.6421164231521055
512.0,0.6421495543849186
512.0,0.6421826856177318
512.0,0.642215816850545
512.0,0.6422489480833582
512.0,0.6422820793161713
512.0,0.6423152105489845
512.0,0.6423483417817977
512.0,0.6423814730146109
512.0,0.642414604247424
512.0,0.6424477354802373
512.0,0.6424808667130504
512.0,0.6425139979458636
512.0,0.6425471291786767
512.0,0.6425802604114899
512.0,0.6426133916443031
512.0,0.6426465228771162
512.0,0.6426796541099294
512.0,0.6427127853427426
512.0,0.6427459165755558
512.0,0.6427790478083689
512.0,0.6428121790411822
512.0,0.6428453102739953
512.0,0.6428784415068085
512.0,0.6429115727396216
512.0,0.6429447039724349
512.0,0.642977835205248
512.0,0.6430109664380612
512.0,0.6430440976708743
512.0,0.6430772289036875
512.0,0.6431103601365007
512.0,0.6431434913693138
512.0,0.643176622602127
512.0,0.6432097538349402
512.0,0.6432428850677534
512.0,0.6432760163005665
512.0,0.6433091475333798
512.0,0.6433422787661929
512.0,0.6433754099990061
512.0,0.6434085412318192
512.0,0.6434416724646325
512.0,0.6434748036974456
512.0,0.6435079349302587
512.0,0.6435410661630719
512.0,0.6435741973958851
512.0,0.6436073286286983
512.0,0.6436404598615114
512.0,0.6436735910943246
512.0,0.6437067223271378
512.0,0.643739853559951
512.0,0.6437729847927641
512.0,0.6438061160255774
512.0,0.6438392472583905
512.0,0.6438723784912037
512.0,0.6439055097240168
512.0,0.64393864095683
512.0,0.6439717721896432
512.0,0.6440049034224563
512.0,0.6440380346552695
512.0,0.6440711658880827
512.0,0.6441042971208959
512.0,0.644137428353709
512.0,0.6441705595865223
512.0,0.6442036908193354
512.0,0.6442368220521486
512.0,0.6442699532849617
512.0,0.644303084517775
512.0,0.6443362157505881
512.0,0.6443693469834012
512.0,0.6444024782162144
512.0,0.6444356094490276
512.0,0.6444687406818408
512.0,0.6445018719146539
512.0,0.6445350031474671
512.0,0.6445681343802803
512.0,0.6446012656130935
512.0,0.6446343968459066
512.0,0.6446675280787199
512.0,0.644700659311533
512.0,0.6447337905443462
512.0,0.6447669217771593
512.0,0.6448000530099725
512.0,0.6448331842427857
512.0,0.6448663154755988
512.0,0.644899446708412
512.0,0.6449325779412252
512.0,0.6449657091740384
512.0,0.6449988404068515
512.0,0.6450319716396647
512.0,0.6450651028724779
512.0,0.6450982341052911
512.0,0.6451313653381042
512.0,0.6451644965709175
512.0,0.6451976278037306
512.0,0.6452307590365437
512.0,0.6452638902693569
512.0,0.64529702150217
512.0,0.6453301527349833
512.0,0.6453632839677964
512.0,0.6453964152006096
512.0,0.6454295464334228
512.0,0.645462677666236
512.0,0.6454958088990491
512.0,0.6455289401318623
512.0,0.6455620713646755
512.0,0.6455952025974887
512.0,0.6456283338303018
512.0,0.645661465063115
512.0,0.6456945962959282
512.0,0.6457277275287413
512.0,0.6457608587615545
512.0,0.6457939899943677
512.0,0.6458271212271809
512.0,0.645860252459994
512.0,0.6458933836928072
512.0,0.6459265149256204
512.0,0.6459596461584336
512.0,0.6459927773912467
512.0,0.64602590862406
512.0,0.6460590398568731
512.0,0.6460921710896862
512.0,0.6461253023224994
512.0,0.6461584335553126
512.0,0.6461915647881258
512.0,0.6462246960209389
512.0,0.6462578272537521
512.0,0.6462909584865653
512.0,0.6463240897193785
512.0,0.6463572209521916
512.0,0.6463903521850048
512.0,0.646423483417818
512.0,0.6464566146506312
512.0,0.6464897458834443
512.0,0.6465228771162574
512.0,0.6465560083490707
512.0,0.6465891395818838
512.0,0.646622270814697
512.0,0.6466554020475102
512.0,0.6466885332803234
512.0,0.6467216645131365
512.0,0.6467547957459497
512.0,0.6467879269787629
512.0,0.6468210582115761
512.0,0.6468541894443892
512.0,0.6468873206772024
512.0,0.6469204519100156
512.0,0.6469535831428287
512.0,0.6469867143756419
512.0,0.647019845608455
512.0,0.6470529768412683
512.0,0.6470861080740814
512.0,0.6471192393068946
512.0,0.6471523705397078
512.0,0.647185501772521
512.0,0.6472186330053341
512.0,0.6472517642381473
512.0,0.6472848954709605
512.0,0.6473180267037737
512.0,0.6473511579365868
512.0,0.6473842891693999
512.0,0.6474174204022132
512.0,0.6474505516350263
512.0,0.6474836828678395
512.0,0.6475168141006526
512.0,0.6475499453334659
512.0,0.647583076566279
512.0,0.6476162077990922
512.0,0.6476493390319054
512.0,0.6476824702647186
512.0,0.6477156014975317
512.0,0.647748732730345
512.0,0.6477818639631581
512.0,0.6478149951959712
512.0,0.6478481264287844
512.0,0.6478812576615975
512.0,0.6479143888944108
512.0,0.6479475201272239
512.0,0.6479806513600371
512.0,0.6480137825928503
512.0,0.6480469138256635
512.0,0.6480800450584766
512.0,0.6481131762912898
512.0,0.648146307524103
512.0,0.6481794387569162
512.0,0.6482125699897293
512.0,0.6482457012225424
512.0,0.6482788324553557
512.0,0.6483119636881688
512.0,0.648345094920982
512.0,0.6483782261537951
512.0,0.6484113573866084
512.0,0.6484444886194215
512.0,0.6484776198522347
512.0,0.6485107510850479
512.0,0.6485438823178611
512.0,0.6485770135506742
512.0,0.6486101447834874
512.0,0.6486432760163006
512.0,0.6486764072491137
512.0,0.6487095384819269
512.0,0.64874266971474
512.0,0.6487758009475533
512.0,0.6488089321803664
512.0,0.6488420634131796
512.0,0.6488751946459927
512.0,0.648908325878806
512.0,0.6489414571116191
512.0,0.6489745883444323
512.0,0.6490077195772455
512.0,0.6490408508100587
512.0,0.6490739820428718
512.0,0.649107113275685
512.0,0.6491402445084982
512.0,0.6491733757413113
512.0,0.6492065069741245
512.0,0.6492396382069376
512.0,0.6492727694397509
512.0,0.649305900672564
512.0,0.6493390319053772
512.0,0.6493721631381904
512.0,0.6494052943710036
512.0,0.6494384256038167
512.0,0.6494715568366299
512.0,0.6495046880694431
512.0,0.6495378193022563
512.0,0.6495709505350694
512.0,0.6496040817678825
512.0,0.6496372130006958
512.0,0.6496703442335089
512.0,0.6497034754663221
512.0,0.6497366066991352
512.0,0.6497697379319485
512.0,0.6498028691647616
512.0,0.6498360003975748
512.0,0.649869131630388
512.0,0.6499022628632012
512.0,0.6499353940960143
512.0,0.6499685253288275
512.0,0.6500016565616407
512.0,0.6500347877944538
512.0,0.650067919027267
512.0,0.6501010502600801
512.0,0.6501341814928934
512.0,0.6501673127257065
512.0,0.6502004439585197
512.0,0.6502335751913328
512.0,0.6502667064241461
512.0,0.6502998376569592
512.0,0.6503329688897724
512.0,0.6503661001225856
512.0,0.6503992313553988
512.0,0.6504323625882119
512.0,0.650465493821025
512.0,0.6504986250538383
512.0,0.6505317562866514
512.0,0.6505648875194646
512.0,0.6505980187522777
512.0,0.650631149985091
512.0,0.6506642812179041
512.0,0.6506974124507173
512.0,0.6507305436835304
512.0,0.6507636749163437
512.0,0.6507968061491568
512.0,0.65082993738197
512.0,0.6508630686147832
512.0,0.6508961998475963
512.0,0.6509293310804095
512.0,0.6509624623132226
512.0,0.6509955935460359
512.0,0.651028724778849
512.0,0.6510618560116622
512.0,0.6510949872444753
512.0,0.6511281184772886
512.0,0.6511612497101017
512.0,0.6511943809429149
512.0,0.651227512175728
512.0,0.6512606434085413
512.0,0.6512937746413544
512.0,0.6513269058741675
512.0,0.6513600371069808
512.0,0.6513931683397939
512.0,0.6514262995726071
512.0,0.6514594308054202
512.0,0.6514925620382335
512.0,0.6515256932710466
512.0,0.6515588245038598
512.0,0.651591955736673
512.0,0.6516250869694862
512.0,0.6516582182022993
512.0,0.6516913494351125
512.0,0.6517244806679257
512.0,0.6517576119007388
512.0,0.651790743133552
512.0,0.6518238743663651
512.0,0.6518570055991784
512.0,0.6518901368319915
512.0,0.6519232680648047
512.0,0.6519563992976178
512.0,0.6519895305304311
512.0,0.6520226617632442
512.0,0.6520557929960574
512.0,0.6520889242288705
512.0,0.6521220554616838
512.0,0.6521551866944969
512.0,0.65218831792731
512.0,0.6522214491601233
512.0,0.6522545803929364
512.0,0.6522877116257496
512.0,0.6523208428585627
512.0,0.652353974091376
512.0,0.6523871053241891
512.0,0.6524202365570023
512.0,0.6524533677898154
512.0,0.6524864990226287
512.0,0.6525196302554418
512.0,0.652552761488255
512.0,0.6525858927210682
512.0,0.6526190239538813
512.0,0.6526521551866945
512.0,0.6526852864195076
512.0,0.6527184176523209
512.0,0.652751548885134
512.0,0.6527846801179472
512.0,0.6528178113507603
512.0,0.6528509425835736
512.0,0.6528840738163867
512.0,0.6529172050491999
512.0,0.652950336282013
512.0,0.6529834675148263
512.0,0.6530165987476394
512.0,0.6530497299804525
512.0,0.6530828612132658
512.0,0.6531159924460789
512.0,0.6531491236788921
512.0,0.6531822549117052
512.0,0.6532153861445185
512.0,0.6532485173773316
512.0,0.6532816486101448
512.0,0.6533147798429579
512.0,0.6533479110757712
512.0,0.6533810423085843
512.0,0.6534141735413975
512.0,0.6534473047742106
512.0,0.6534804360070238
512.0,0.653513567239837
512.0,0.6535466984726501
512.0,0.6535798297054634
512.0,0.6536129609382765
512.0,0.6536460921710897
512.0,0.6536792234039028
512.0,0.6537123546367161
512.0,0.6537454858695292
512.0,0.6537786171023424
512.0,0.6538117483351555
512.0,0.6538448795679688
512.0,0.6538780108007819
512.0,0.653911142033595
512.0,0.6539442732664082
512.0,0.6539774044992214
512.0,0.6540105357320346
512.0,0.6540436669648477
512.0,0.654076798197661
512.0,0.6541099294304741
512.0,0.6541430606632873
512.0,0.6541761918961004
512.0,0.6542093231289137
512.0,0.6542424543617268
512.0,0.65427558559454
512.0,0.6543087168273531
512.0,0.6543418480601663
512.0,0.6543749792929795
512.0,0.6544081105257926
512.0,0.6544412417586059
512.0,0.654474372991419
512.0,0.6545075042242322
512.0,0.6545406354570453
512.0,0.6545737666898586
512.0,0.6546068979226717
512.0,0.6546400291554849
512.0,0.654673160388298
512.0,0.6547062916211113
512.0,0.6547394228539244
512.0,0.6547725540867375
512.0,0.6548056853195507
512.0,0.6548388165523639
512.0,0.6548719477851771
512.0,0.6549050790179902
512.0,0.6549382102508035
512.0,0.6549713414836166
512.0,0.6550044727164298
512.0,0.6550376039492429
512.0,0.6550707351820562
512.0,0.6551038664148693
512.0,0.6551369976476825
512.0,0.6551701288804956
512.0,0.6552032601133088
512.0,0.655236391346122
512.0,0.6552695225789351
512.0,0.6553026538117483
512.0,0.6553357850445615
512.0,0.6553689162773747
512.0,0.6554020475101878
512.0,0.6554351787430011
512.0,0.6554683099758142
512.0,0.6555014412086274
512.0,0.6555345724414405
512.0,0.6555677036742538
512.0,0.6556008349070669
512.0,0.6556339661398801
512.0,0.6556670973726932
512.0,0.6557002286055064
512.0,0.6557333598383196
512.0,0.6557664910711327
512.0,0.655799622303946
512.0,0.6558327535367591
512.0,0.6558658847695723
512.0,0.6558990160023854
512.0,0.6559321472351987
512.0,0.6559652784680118
512.0,0.655998409700825
512.0,0.6560315409336381
512.0,0.6560646721664514
512.0,0.6560978033992645
512.0,0.6561309346320776
512.0,0.6561640658648908
512.0,0.656197197097704
512.0,0.6562303283305172
512.0,0.6562634595633303
512.0,0.6562965907961436
512.0,0.6563297220289567
512.0,0.6563628532617699
512.0,0.656395984494583
512.0,0.6564291157273963
512.0,0.6564622469602094
512.0,0.6564953781930226
512.0,0.6565285094258357
512.0,0.6565616406586489
512.0,0.6565947718914621
512.0,0.6566279031242752
512.0,0.6566610343570884
512.0,0.6566941655899016
512.0,0.6567272968227148
512.0,0.6567604280555279
512.0,0.6567935592883412
512.0,0.6568266905211543
512.0,0.6568598217539675
512.0,0.6568929529867806
512.0,0.6569260842195939
512.0,0.656959215452407
512.0,0.6569923466852201
512.0,0.6570254779180333
512.0,0.6570586091508465
512.0,0.6570917403836597
512.0,0.6571248716164728
512.0,0.657158002849286
512.0,0.6571911340820992
512.0,0.6572242653149124
512.0,0.6572573965477255
512.0,0.6572905277805388
512.0,0.6573236590133519
512.0,0.6573567902461651
512.0,0.6573899214789782
512.0,0.6574230527117914
512.0,0.6574561839446046
512.0,0.6574893151774177
512.0,0.6575224464102309
512.0,0.6575555776430441
512.0,0.6575887088758573
512.0,0.6576218401086704
512.0,0.6576549713414837
512.0,0.6576881025742968
512.0,0.65772123380711
512.0,0.6577543650399231
512.0,0.6577874962727364
512.0,0.6578206275055495
512.0,0.6578537587383626
512.0,0.6578868899711758
512.0,0.657920021203989
512.0,0.6579531524368022
512.0,0.6579862836696153
512.0,0.6580194149024285
512.0,0.6580525461352417
512.0,0.6580856773680549
512.0,0.658118808600868
512.0,0.6581519398336813
512.0,0.6581850710664944
512.0,0.6582182022993076
512.0,0.6582513335321207
512.0,0.6582844647649339
512.0,0.6583175959977471
512.0,0.6583507272305602
512.0,0.6583838584633734
512.0,0.6584169896961866
512.0,0.6584501209289998
512.0,0.6584832521618129
512.0,0.6585163833946261
512.0,0.6585495146274393
512.0,0.6585826458602525
512.0,0.6586157770930656
512.0,0.6586489083258789
512.0,0.658682039558692
512.0,0.6587151707915051
512.0,0.6587483020243183
512.0,0.6587814332571315
512.0,0.6588145644899447
512.0,0.6588476957227578
512.0,0.658880826955571
512.0,0.6589139581883842
512.0,0.6589470894211974
512.0,0.6589802206540105
512.0,0.6590133518868238
512.0,0.6590464831196369
512.0,0.6590796143524501
512.0,0.6591127455852632
512.0,0.6591458768180763
512.0,0.6591790080508896
512.0,0.6592121392837027
512.0,0.6592452705165159
512.0,0.6592784017493291
512.0,0.6593115329821423
512.0,0.6593446642149554
512.0,0.6593777954477686
512.0,0.6594109266805818
512.0,0.659444057913395
512.0,0.6594771891462081
512.0,0.6595103203790214
512.0,0.6595434516118345
512.0,0.6595765828446476
512.0,0.6596097140774608
512.0,0.659642845310274
512.0,0.6596759765430872
512.0,0.6597091077759003
512.0,0.6597422390087135
512.0,0.6597753702415267
512.0,0.6598085014743399
512.0,0.659841632707153
512.0,0.6598747639399662
512.0,0.6599078951727794
512.0,0.6599410264055926
512.0,0.6599741576384057
512.0,0.6600072888712188
512.0,0.6600404201040321
512.0,0.6600735513368452
512.0,0.6601066825696584
512.0,0.6601398138024716
512.0,0.6601729450352848
512.0,0.6602060762680979
512.0,0.6602392075009111
512.0,0.6602723387337243
512.0,0.6603054699665375
512.0,0.6603386011993506
512.0,0.6603717324321638
512.0,0.660404863664977
512.0,0.6604379948977901
512.0,0.6604711261306033
512.0,0.6605042573634164
512.0,0.6605373885962297
512.0,0.6605705198290428
512.0,0.660603651061856
512.0,0.6606367822946692
512.0,0.6606699135274824
512.0,0.6607030447602955
512.0,0.6607361759931087
512.0,0.6607693072259219
512.0,0.6608024384587351
512.0,0.6608355696915482
512.0,0.6608687009243613
512.0,0.6609018321571746
512.0,0.6609349633899877
512.0,0.6609680946228009
512.0,0.661001225855614
512.0,0.6610343570884273
512.0,0.6610674883212404
512.0,0.6611006195540536
512.0,0.6611337507868668
512.0,0.66116688201968
512.0,0.6612000132524931
512.0,0.6612331444853063
512.0,0.6612662757181195
512.0,0.6612994069509326
512.0,0.6613325381837458
512.0,0.6613656694165589
512.0,0.6613988006493722
512.0,0.6614319318821853
512.0,0.6614650631149985
512.0,0.6614981943478117
512.0,0.6615313255806249
512.0,0.661564456813438
512.0,0.6615975880462512
512.0,0.6616307192790644
512.0,0.6616638505118776
512.0,0.6616969817446907
512.0,0.661730112977504
512.0,0.6617632442103171
512.0,0.6617963754431302
512.0,0.6618295066759434
512.0,0.6618626379087565
512.0,0.6618957691415698
512.0,0.6619289003743829
512.0,0.6619620316071961
512.0,0.6619951628400093
512.0,0.6620282940728225
512.0,0.6620614253056356
512.0,0.6620945565384488
512.0,0.662127687771262
512.0,0.6621608190040752
512.0,0.6621939502368883
512.0,0.6622270814697014
512.0,0.6622602127025147
512.0,0.6622933439353278
512.0,0.662326475168141
512.0,0.6623596064009541
512.0,0.6623927376337674
512.0,0.6624258688665805
512.0,0.6624590000993937
512.0,0.6624921313322069
512.0,0.6625252625650201
512.0,0.6625583937978332
512.0,0.6625915250306464
512.0,0.6626246562634596
512.0,0.6626577874962727
512.0,0.6626909187290859
512.0,0.662724049961899
512.0,0.6627571811947123
512.0,0.6627903124275254
512.0,0.6628234436603386
512.0,0.6628565748931518
512.0,0.662889706125965
512.0,0.6629228373587781
512.0,0.6629559685915913
512.0,0.6629890998244045
512.0,0.6630222310572177
512.0,0.6630553622900308
512.0,0.6630884935228439
512.0,0.6631216247556572
512.0,0.6631547559884703
512.0,0.6631878872212835
512.0,0.6632210184540966
512.0,0.6632541496869099
512.0,0.663287280919723
512.0,0.6633204121525362
512.0,0.6633535433853494
512.0,0.6633866746181626
512.0,0.6634198058509757
512.0,0.6634529370837889
512.0,0.6634860683166021
512.0,0.6635191995494152
512.0,0.6635523307822284
512.0,0.6635854620150415
512.0,0.6636185932478548
512.0,0.6636517244806679
512.0,0.6636848557134811
512.0,0.6637179869462942
512.0,0.6637511181791075
512.0,0.6637842494119206
512.0,0.6638173806447338
512.0,0.663850511877547
512.0,0.6638836431103602
512.0,0.6639167743431733
512.0,0.6639499055759864
512.0,0.6639830368087997
512.0,0.6640161680416128
512.0,0.664049299274426
512.0,0.6640824305072391
512.0,0.6641155617400524
512.0,0.6641486929728655
512.0,0.6641818242056787
512.0,0.6642149554384918
512.0,0.6642480866713051
512.0,0.6642812179041182
512.0,0.6643143491369314
512.0,0.6643474803697446
512.0,0.6643806116025577
512.0,0.6644137428353709
512.0,0.664446874068184
512.0,0.6644800053009973
512.0,0.6645131365338104
512.0,0.6645462677666236
512.0,0.6645793989994367
512.0,0.66461253023225
512.0,0.6646456614650631
512.0,0.6646787926978763
512.0,0.6647119239306895
512.0,0.6647450551635027
512.0,0.6647781863963158
512.0,0.6648113176291289
512.0,0.6648444488619422
512.0,0.6648775800947553
512.0,0.6649107113275685
512.0,0.6649438425603816
512.0,0.6649769737931949
512.0,0.665010105026008
512.0,0.6650432362588212
512.0,0.6650763674916343
512.0,0.6651094987244476
512.0,0.6651426299572607
512.0,0.6651757611900739
512.0,0.665208892422887
512.0,0.6652420236557002
512.0,0.6652751548885134
512.0,0.6653082861213265
512.0,0.6653414173541398
512.0,0.6653745485869529
512.0,0.6654076798197661
512.0,0.6654408110525792
512.0,0.6654739422853925
512.0,0.6655070735182056
512.0,0.6655402047510188
512.0,0.665573335983832
512.0,0.6656064672166452
512.0,0.6656395984494583
512.0,0.6656727296822714
512.0,0.6657058609150847
512.0,0.6657389921478978
512.0,0.665772123380711
512.0,0.6658052546135241
512.0,0.6658383858463374
512.0,0.6658715170791505
512.0,0.6659046483119637
512.0,0.6659377795447768
512.0,0.6659709107775901
512.0,0.6660040420104032
512.0,0.6660371732432164
512.0,0.6660703044760296
512.0,0.6661034357088427
512.0,0.6661365669416559
512.0,0.666169698174469
512.0,0.6662028294072823
512.0,0.6662359606400954
512.0,0.6662690918729086
512.0,0.6663022231057217
512.0,0.666335354338535
512.0,0.6663684855713481
512.0,0.6664016168041613
512.0,0.6664347480369744
512.0,0.6664678792697877
512.0,0.6665010105026008
512.0,0.6665341417354139
512.0,0.6665672729682272
512.0,0.6666004042010403
512.0,0.6666335354338535
512.0,0.6666666666666666
512.0,0.6666997978994799
512.0,0.666732929132293
512.0,0.6667660603651062
512.0,0.6667991915979193
512.0,0.6668323228307326
512.0,0.6668654540635457
512.0,0.6668985852963589
512.0,0.666931716529172
512.0,0.6669648477619852
512.0,0.6669979789947984
512.0,0.6670311102276115
512.0,0.6670642414604248
512.0,0.6670973726932379
512.0,0.6671305039260511
512.0,0.6671636351588642
512.0,0.6671967663916775
512.0,0.6672298976244906
512.0,0.6672630288573038
512.0,0.6672961600901169
512.0,0.6673292913229302
512.0,0.6673624225557433
512.0,0.6673955537885564
512.0,0.6674286850213696
512.0,0.6674618162541828
512.0,0.667494947486996
512.0,0.6675280787198091
512.0,0.6675612099526224
512.0,0.6675943411854355
512.0,0.6676274724182487
512.0,0.6676606036510618
512.0,0.6676937348838751
512.0,0.6677268661166882
512.0,0.6677599973495014
512.0,0.6677931285823145
512.0,0.6678262598151278
512.0,0.6678593910479409
512.0,0.667892522280754
512.0,0.6679256535135673
512.0,0.6679587847463804
512.0,0.6679919159791936
512.0,0.6680250472120067
512.0,0.66805817844482
512.0,0.6680913096776331
512.0,0.6681244409104463
512.0,0.6681575721432594
512.0,0.6681907033760727
512.0,0.6682238346088858
512.0,0.668256965841699
512.0,0.6682900970745121
512.0,0.6683232283073253
512.0,0.6683563595401385
512.0,0.6683894907729516
512.0,0.6684226220057649
512.0,0.668455753238578
512.0,0.6684888844713912
512.0,0.6685220157042043
512.0,0.6685551469370176
512.0,0.6685882781698307
512.0,0.6686214094026439
512.0,0.668654540635457
512.0,0.6686876718682703
512.0,0.6687208031010834
512.0,0.6687539343338965
512.0,0.6687870655667097
512.0,0.6688201967995229
512.0,0.6688533280323361
512.0,0.6688864592651492
512.0,0.6689195904979625
512.0,0.6689527217307756
512.0,0.6689858529635888
512.0,0.6690189841964019
512.0,0.6690521154292152
512.0,0.6690852466620283
512.0,0.6691183778948415
512.0,0.6691515091276546
512.0,0.6691846403604678
512.0,0.669217771593281
512.0,0.6692509028260941
512.0,0.6692840340589074
512.0,0.6693171652917205
512.0,0.6693502965245337
512.0,0.6693834277573468
512.0,0.6694165589901601
512.0,0.6694496902229732
512.0,0.6694828214557864
512.0,0.6695159526885995
512.0,0.6695490839214128
512.0,0.6695822151542259
512.0,0.669615346387039
512.0,0.6696484776198522
512.0,0.6696816088526654
512.0,0.6697147400854786
512.0,0.6697478713182917
512.0,0.669781002551105
512.0,0.6698141337839181
512.0,0.6698472650167313
512.0,0.6698803962495444
512.0,0.6699135274823577
512.0,0.6699466587151708
512.0,0.669979789947984
512.0,0.6700129211807971
512.0,0.6700460524136103
512.0,0.6700791836464235
512.0,0.6701123148792366
512.0,0.6701454461120498
512.0,0.670178577344863
512.0,0.6702117085776762
512.0,0.6702448398104893
512.0,0.6702779710433026
512.0,0.6703111022761157
512.0,0.6703442335089289
512.0,0.670377364741742
512.0,0.6704104959745553
512.0,0.6704436272073684
512.0,0.6704767584401815
512.0,0.6705098896729947
512.0,0.6705430209058079
512.0,0.6705761521386211
512.0,0.6706092833714342
512.0,0.6706424146042474
512.0,0.6706755458370606
512.0,0.6707086770698738
512.0,0.6707418083026869
512.0,0.6707749395355002
512.0,0.6708080707683133
512.0,0.6708412020011265
512.0,0.6708743332339396
512.0,0.6709074644667528
512.0,0.670940595699566
512.0,0.6709737269323791
512.0,0.6710068581651923
512.0,0.6710399893980055
512.0,0.6710731206308187
512.0,0.6711062518636318
512.0,0.671139383096445
512.0,0.6711725143292582
512.0,0.6712056455620714
512.0,0.6712387767948845
512.0,0.6712719080276978
512.0,0.6713050392605109
512.0,0.671338170493324
512.0,0.6713713017261372
512.0,0.6714044329589504
512.0,0.6714375641917636
512.0,0.6714706954245767
512.0,0.67150382665739
512.0,0.6715369578902031
512.0,0.6715700891230163
512.0,0.6716032203558294
512.0,0.6716363515886427
512.0,0.6716694828214558
512.0,0.671702614054269
512.0,0.6717357452870821
512.0,0.6717688765198953
512.0,0.6718020077527085
512.0,0.6718351389855216
512.0,0.6718682702183348
512.0,0.671901401451148
512.0,0.6719345326839612
512.0,0.6719676639167743
512.0,0.6720007951495875
512.0,0.6720339263824007
512.0,0.6720670576152139
512.0,0.672100188848027
512.0,0.6721333200808403
512.0,0.6721664513136534
512.0,0.6721995825464665
512.0,0.6722327137792797
512.0,0.6722658450120929
512.0,0.6722989762449061
512.0,0.6723321074777192
512.0,0.6723652387105324
512.0,0.6723983699433456
512.0,0.6724315011761588
512.0,0.6724646324089719
512.0,0.6724977636417852
512.0,0.6725308948745983
512.0,0.6725640261074115
512.0,0.6725971573402246
512.0,0.6726302885730377
512.0,0.672663419805851
512.0,0.6726965510386641
512.0,0.6727296822714773
512.0,0.6727628135042905
512.0,0.6727959447371037
512.0,0.6728290759699168
512.0,0.67286220720273
512.0,0.6728953384355432
512.0,0.6729284696683564
512.0,0.6729616009011695
512.0,0.6729947321339828
512.0,0.6730278633667959
512.0,0.673060994599609
512.0,0.6730941258324222
512.0,0.6731272570652354
512.0,0.6731603882980486
512.0,0.6731935195308617
512.0,0.6732266507636749
512.0,0.6732597819964881
512.0,0.6732929132293013
512.0,0.6733260444621144
512.0,0.6733591756949276
512.0,0.6733923069277408
512.0,0.673425438160554
512.0,0.6734585693933671
512.0,0.6734917006261802
512.0,0.6735248318589935
512.0,0.6735579630918066
512.0,0.6735910943246198
512.0,0.673624225557433
512.0,0.6736573567902462
512.0,0.6736904880230593
512.0,0.6737236192558725
512.0,0.6737567504886857
512.0,0.6737898817214989
512.0,0.673823012954312
512.0,0.6738561441871252
512.0,0.6738892754199384
512.0,0.6739224066527516
512.0,0.6739555378855647
512.0,0.6739886691183778
512.0,0.6740218003511911
512.0,0.6740549315840042
512.0,0.6740880628168174
512.0,0.6741211940496306
512.0,0.6741543252824438
512.0,0.6741874565152569
512.0,0.6742205877480701
512.0,0.6742537189808833
512.0,0.6742868502136965
512.0,0.6743199814465096
512.0,0.6743531126793229
512.0,0.674386243912136
512.0,0.6744193751449491
512.0,0.6744525063777623
512.0,0.6744856376105755
512.0,0.6745187688433887
512.0,0.6745519000762018
512.0,0.674585031309015
512.0,0.6746181625418282
512.0,0.6746512937746414
512.0,0.6746844250074545
512.0,0.6747175562402677
512.0,0.6747506874730809
512.0,0.6747838187058941
512.0,0.6748169499387072
512.0,0.6748500811715203
512.0,0.6748832124043336
512.0,0.6749163436371467
512.0,0.6749494748699599
512.0,0.674982606102773
512.0,0.6750157373355863
512.0,0.6750488685683994
512.0,0.6750819998012126
512.0,0.6751151310340258
512.0,0.675148262266839
512.0,0.6751813934996521
512.0,0.6752145247324653
512.0,0.6752476559652785
512.0,0.6752807871980916
512.0,0.6753139184309048
512.0,0.675347049663718
512.0,0.6753801808965312
512.0,0.6754133121293443
512.0,0.6754464433621575
512.0,0.6754795745949707
512.0,0.6755127058277839
512.0,0.675545837060597
512.0,0.6755789682934102
512.0,0.6756120995262234
512.0,0.6756452307590366
512.0,0.6756783619918497
512.0,0.6757114932246628
512.0,0.6757446244574761
512.0,0.6757777556902892
512.0,0.6758108869231024
512.0,0.6758440181559155
512.0,0.6758771493887288
512.0,0.6759102806215419
512.0,0.6759434118543551
512.0,0.6759765430871683
512.0,0.6760096743199815
512.0,0.6760428055527946
512.0,0.6760759367856078
512.0,0.676109068018421
512.0,0.6761421992512341
512.0,0.6761753304840473
512.0,0.6762084617168604
512.0,0.6762415929496737
512.0,0.6762747241824868
512.0,0.6763078554153
512.0,0.6763409866481132
512.0,0.6763741178809264
512.0,0.6764072491137395
512.0,0.6764403803465527
512.0,0.6764735115793659
512.0,0.6765066428121791
512.0,0.6765397740449922
512.0,0.6765729052778053
512.0,0.6766060365106186
512.0,0.6766391677434317
512.0,0.6766722989762449
512.0,0.676705430209058
512.0,0.6767385614418713
512.0,0.6767716926746844
512.0,0.6768048239074976
512.0,0.6768379551403108
512.0,0.676871086373124
512.0,0.6769042176059371
512.0,0.6769373488387503
512.0,0.6769704800715635
512.0,0.6770036113043766
512.0,0.6770367425371898
512.0,0.6770698737700029
512.0,0.6771030050028162
512.0,0.6771361362356293
512.0,0.6771692674684425
512.0,0.6772023987012556
512.0,0.6772355299340689
512.0,0.677268661166882
512.0,0.6773017923996952
512.0,0.6773349236325084
512.0,0.6773680548653216
512.0,0.6774011860981347
512.0,0.6774343173309478
512.0,0.6774674485637611
512.0,0.6775005797965742
512.0,0.6775337110293874
512.0,0.6775668422622005
512.0,0.6775999734950138
512.0,0.6776331047278269
512.0,0.6776662359606401
512.0,0.6776993671934533
512.0,0.6777324984262665
512.0,0.6777656296590796
512.0,0.6777987608918928
512.0,0.677831892124706
512.0,0.6778650233575191
512.0,0.6778981545903323
512.0,0.6779312858231454
512.0,0.6779644170559587
512.0,0.6779975482887718
512.0,0.678030679521585
512.0,0.6780638107543981
512.0,0.6780969419872114
512.0,0.6781300732200245
512.0,0.6781632044528377
512.0,0.6781963356856509
512.0,0.6782294669184641
512.0,0.6782625981512772
512.0,0.6782957293840903
512.0,0.6783288606169036
512.0,0.6783619918497167
512.0,0.6783951230825299
512.0,0.678428254315343
512.0,0.6784613855481563
512.0,0.6784945167809694
512.0,0.6785276480137826
512.0,0.6785607792465957
512.0,0.678593910479409
512.0,0.6786270417122221
512.0,0.6786601729450353
512.0,0.6786933041778485
512.0,0.6787264354106616
512.0,0.6787595666434748
512.0,0.6787926978762879
512.0,0.6788258291091012
512.0,0.6788589603419143
512.0,0.6788920915747275
512.0,0.6789252228075406
512.0,0.6789583540403539
512.0,0.678991485273167
512.0,0.6790246165059802
512.0,0.6790577477387933
512.0,0.6790908789716066
512.0,0.6791240102044197
512.0,0.6791571414372328
512.0,0.6791902726700461
512.0,0.6792234039028592
512.0,0.6792565351356724
512.0,0.6792896663684855
512.0,0.6793227976012988
512.0,0.6793559288341119
512.0,0.6793890600669251
512.0,0.6794221912997382
512.0,0.6794553225325515
512.0,0.6794884537653646
512.0,0.6795215849981778
512.0,0.679554716230991
512.0,0.6795878474638041
512.0,0.6796209786966173
512.0,0.6796541099294304
512.0,0.6796872411622437
512.0,0.6797203723950568
512.0,0.67975350362787
512.0,0.6797866348606831
512.0,0.6798197660934964
512.0,0.6798528973263095
512.0,0.6798860285591227
512.0,0.6799191597919358
512.0,0.6799522910247491
512.0,0.6799854222575622
512.0,0.6800185534903753
512.0,0.6800516847231886
512.0,0.6800848159560017
512.0,0.6801179471888149
512.0,0.680151078421628
512.0,0.6801842096544413
512.0,0.6802173408872544
512.0,0.6802504721200676
512.0,0.6802836033528807
512.0,0.680316734585694
512.0,0.6803498658185071
512.0,0.6803829970513203
512.0,0.6804161282841334
512.0,0.6804492595169467
512.0,0.6804823907497598
512.0,0.6805155219825729
512.0,0.6805486532153862
512.0,0.6805817844481993
512.0,0.6806149156810125
512.0,0.6806480469138256
512.0,0.6806811781466389
512.0,0.680714309379452
512.0,0.6807474406122652
512.0,0.6807805718450783
512.0,0.6808137030778916
512.0,0.6808468343107047
512.0,0.6808799655435179
512.0,0.680913096776331
512.0,0.6809462280091442
512.0,0.6809793592419574
512.0,0.6810124904747705
512.0,0.6810456217075838
512.0,0.6810787529403969
512.0,0.6811118841732101
512.0,0.6811450154060232
512.0,0.6811781466388365
512.0,0.6812112778716496
512.0,0.6812444091044628
512.0,0.6812775403372759
512.0,0.6813106715700892
512.0,0.6813438028029023
512.0,0.6813769340357154
512.0,0.6814100652685287
512.0,0.6814431965013418
512.0,0.681476327734155
512.0,0.6815094589669681
512.0,0.6815425901997814
512.0,0.6815757214325945
512.0,0.6816088526654077
512.0,0.6816419838982208
512.0,0.6816751151310341
512.0,0.6817082463638472
512.0,0.6817413775966604
512.0,0.6817745088294735
512.0,0.6818076400622867
512.0,0.6818407712950999
512.0,0.681873902527913
512.0,0.6819070337607263
512.0,0.6819401649935394
512.0,0.6819732962263526
512.0,0.6820064274591657
512.0,0.682039558691979
512.0,0.6820726899247921
512.0,0.6821058211576053
512.0,0.6821389523904184
512.0,0.6821720836232317
512.0,0.6822052148560448
512.0,0.6822383460888579
512.0,0.6822714773216711
512.0,0.6823046085544843
512.0,0.6823377397872975
512.0,0.6823708710201106
512.0,0.6824040022529239
512.0,0.682437133485737
512.0,0.6824702647185502
512.0,0.6825033959513633
512.0,0.6825365271841766
512.0,0.6825696584169897
512.0,0.6826027896498029
512.0,0.682635920882616
512.0,0.6826690521154292
512.0,0.6827021833482424
512.0,0.6827353145810555
512.0,0.6827684458138688
512.0,0.6828015770466819
512.0,0.6828347082794951
512.0,0.6828678395123082
512.0,0.6829009707451215
512.0,0.6829341019779346
512.0,0.6829672332107478
512.0,0.6830003644435609
512.0,0.6830334956763742
512.0,0.6830666269091873
512.0,0.6830997581420004
512.0,0.6831328893748136
512.0,0.6831660206076268
512.0,0.68319915184044
512.0,0.6832322830732531
512.0,0.6832654143060664
512.0,0.6832985455388795
512.0,0.6833316767716927
512.0,0.6833648080045058
512.0,0.6833979392373191
512.0,0.6834310704701322
512.0,0.6834642017029454
512.0,0.6834973329357585
512.0,0.6835304641685717
512.0,0.6835635954013849
512.0,0.683596726634198
512.0,0.6836298578670112
512.0,0.6836629890998244
512.0,0.6836961203326376
512.0,0.6837292515654507
512.0,0.683762382798264
512.0,0.6837955140310771
512.0,0.6838286452638903
512.0,0.6838617764967034
512.0,0.6838949077295167
512.0,0.6839280389623298
512.0,0.6839611701951429
512.0,0.6839943014279561
512.0,0.6840274326607693
512.0,0.6840605638935825
512.0,0.6840936951263956
512.0,0.6841268263592089
512.0,0.684159957592022
512.0,0.6841930888248352
512.0,0.6842262200576483
512.0,0.6842593512904616
512.0,0.6842924825232747
512.0,0.6843256137560879
512.0,0.684358744988901
512.0,0.6843918762217142
512.0,0.6844250074545274
512.0,0.6844581386873405
512.0,0.6844912699201537
512.0,0.6845244011529669
512.0,0.6845575323857801
512.0,0.6845906636185932
512.0,0.6846237948514065
512.0,0.6846569260842196
512.0,0.6846900573170328
512.0,0.6847231885498459
512.0,0.6847563197826592
512.0,0.6847894510154723
512.0,0.6848225822482854
512.0,0.6848557134810986
512.0,0.6848888447139118
512.0,0.684921975946725
512.0,0.6849551071795381
512.0,0.6849882384123513
512.0,0.6850213696451645
512.0,0.6850545008779777
512.0,0.6850876321107908
512.0,0.6851207633436041
512.0,0.6851538945764172
512.0,0.6851870258092304
512.0,0.6852201570420435
512.0,0.6852532882748567
512.0,0.6852864195076699
512.0,0.685319550740483
512.0,0.6853526819732962
512.0,0.6853858132061094
512.0,0.6854189444389226
512.0,0.6854520756717357
512.0,0.685485206904549
512.0,0.6855183381373621
512.0,0.6855514693701753
512.0,0.6855846006029884
512.0,0.6856177318358017
512.0,0.6856508630686148
512.0,0.6856839943014279
512.0,0.6857171255342411
512.0,0.6857502567670543
512.0,0.6857833879998675
512.0,0.6858165192326806
512.0,0.6858496504654938
512.0,0.685882781698307
512.0,0.6859159129311202
512.0,0.6859490441639333
512.0,0.6859821753967466
512.0,0.6860153066295597
512.0,0.6860484378623729
512.0,0.686081569095186
512.0,0.6861147003279991
512.0,0.6861478315608124
512.0,0.6861809627936255
512.0,0.6862140940264387
512.0,0.6862472252592519
512.0,0.6862803564920651
512.0,0.6863134877248782
512.0,0.6863466189576914
512.0,0.6863797501905046
512.0,0.6864128814233178
512.0,0.6864460126561309
512.0,0.6864791438889442
512.0,0.6865122751217573
512.0,0.6865454063545705
512.0,0.6865785375873836
512.0,0.6866116688201968
512.0,0.68664480005301
512.0,0.6866779312858231
512.0,0.6867110625186363
512.0,0.6867441937514495
512.0,0.6867773249842627
512.0,0.6868104562170758
512.0,0.686843587449889
512.0,0.6868767186827022
512.0,0.6869098499155154
512.0,0.6869429811483285
512.0,0.6869761123811418
512.0,0.6870092436139549
512.0,0.687042374846768
512.0,0.6870755060795812
512.0,0.6871086373123944
512.0,0.6871417685452076
512.0,0.6871748997780207
512.0,0.6872080310108339
512.0,0.6872411622436471
512.0,0.6872742934764603
512.0,0.6873074247092734
512.0,0.6873405559420867
512.0,0.6873736871748998
512.0,0.687406818407713
512.0,0.6874399496405261
512.0,0.6874730808733392
512.0,0.6875062121061525
512.0,0.6875393433389656
512.0,0.6875724745717788
512.0,0.687605605804592
512.0,0.6876387370374052
512.0,0.6876718682702183
512.0,0.6877049995030315
512.0,0.6877381307358447
512.0,0.6877712619686579
512.0,0.687804393201471
512.0,0.6878375244342843
512.0,0.6878706556670974
512.0,0.6879037868999105
512.0,0.6879369181327237
512.0,0.6879700493655369
512.0,0.6880031805983501
512.0,0.6880363118311632
512.0,0.6880694430639764
512.0,0.6881025742967896
512.0,0.6881357055296028
512.0,0.6881688367624159
512.0,0.6882019679952291
512.0,0.6882350992280423
512.0,0.6882682304608555
512.0,0.6883013616936686
512.0,0.6883344929264817
512.0,0.688367624159295
512.0,0.6884007553921081
512.0,0.6884338866249213
512.0,0.6884670178577345
512.0,0.6885001490905477
512.0,0.6885332803233608
512.0,0.688566411556174
512.0,0.6885995427889872
512.0,0.6886326740218004
512.0,0.6886658052546135
512.0,0.6886989364874267
512.0,0.6887320677202399
512.0,0.688765198953053
512.0,0.6887983301858662
512.0,0.6888314614186793
512.0,0.6888645926514926
512.0,0.6888977238843057
512.0,0.6889308551171189
512.0,0.6889639863499321
512.0,0.6889971175827453
512.0,0.6890302488155584
512.0,0.6890633800483716
512.0,0.6890965112811848
512.0,0.689129642513998
512.0,0.6891627737468111
512.0,0.6891959049796242
512.0,0.6892290362124375
512.0,0.6892621674452506
512.0,0.6892952986780638
512.0,0.689328429910877
512.0,0.6893615611436902
512.0,0.6893946923765033
512.0,0.6894278236093165
512.0,0.6894609548421297
512.0,0.6894940860749429
512.0,0.689527217307756
512.0,0.6895603485405692
512.0,0.6895934797733824
512.0,0.6896266110061955
512.0,0.6896597422390087
512.0,0.6896928734718218
512.0,0.6897260047046351
512.0,0.6897591359374482
512.0,0.6897922671702614
512.0,0.6898253984030746
512.0,0.6898585296358878
512.0,0.6898916608687009
512.0,0.6899247921015141
512.0,0.6899579233343273
512.0,0.6899910545671405
512.0,0.6900241857999536
512.0,0.6900573170327667
512.0,0.69009044826558
512.0,0.6901235794983931
512.0,0.6901567107312063
512.0,0.6901898419640194
512.0,0.6902229731968327
512.0,0.6902561044296458
512.0,0.690289235662459
512.0,0.6903223668952722
512.0,0.6903554981280854
512.0,0.6903886293608985
512.0,0.6904217605937117
512.0,0.6904548918265249
512.0,0.690488023059338
512.0,0.6905211542921512
512.0,0.6905542855249643
512.0,0.6905874167577776
512.0,0.6906205479905907
512.0,0.6906536792234039
512.0,0.690686810456217
512.0,0.6907199416890303
512.0,0.6907530729218434
512.0,0.6907862041546566
512.0,0.6908193353874698
512.0,0.690852466620283
512.0,0.6908855978530961
512.0,0.6909187290859092
512.0,0.6909518603187225
512.0,0.6909849915515356
512.0,0.6910181227843488
512.0,0.6910512540171619
512.0,0.6910843852499752
512.0,0.6911175164827883
512.0,0.6911506477156015
512.0,0.6911837789484147
512.0,0.6912169101812279
512.0,0.691250041414041
512.0,0.6912831726468542
512.0,0.6913163038796674
512.0,0.6913494351124805
512.0,0.6913825663452937
512.0,0.6914156975781068
512.0,0.6914488288109201
512.0,0.6914819600437332
512.0,0.6915150912765464
512.0,0.6915482225093595
512.0,0.6915813537421728
512.0,0.6916144849749859
512.0,0.6916476162077991
512.0,0.6916807474406123
512.0,0.6917138786734255
512.0,0.6917470099062386
512.0,0.6917801411390517
512.0,0.691813272371865
512.0,0.6918464036046781
512.0,0.6918795348374913
512.0,0.6919126660703044
512.0,0.6919457973031177
512.0,0.6919789285359308
512.0,0.692012059768744
512.0,0.6920451910015571
512.0,0.6920783222343704
512.0,0.6921114534671835
512.0,0.6921445846999967
512.0,0.6921777159328099
512.0,0.692210847165623
512.0,0.6922439783984362
512.0,0.6922771096312493
512.0,0.6923102408640626
512.0,0.6923433720968757
512.0,0.6923765033296889
512.0,0.692409634562502
512.0,0.6924427657953153
512.0,0.6924758970281284
512.0,0.6925090282609416
512.0,0.6925421594937547
512.0,0.692575290726568
512.0,0.6926084219593811
512.0,0.6926415531921943
512.0,0.6926746844250075
512.0,0.6927078156578206
512.0,0.6927409468906338
512.0,0.6927740781234469
512.0,0.6928072093562602
512.0,0.6928403405890733
512.0,0.6928734718218865
512.0,0.6929066030546996
512.0,0.6929397342875129
512.0,0.692972865520326
512.0,0.6930059967531392
512.0,0.6930391279859524
512.0,0.6930722592187656
512.0,0.6931053904515787
512.0,0.6931385216843918
512.0,0.6931716529172051
512.0,0.6932047841500182
512.0,0.6932379153828314
512.0,0.6932710466156445
512.0,0.6933041778484578
512.0,0.6933373090812709
512.0,0.6933704403140841
512.0,0.6934035715468972
512.0,0.6934367027797105
512.0,0.6934698340125236
512.0,0.6935029652453368
512.0,0.69353609647815
512.0,0.6935692277109631
512.0,0.6936023589437763
512.0,0.6936354901765894
512.0,0.6936686214094027
512.0,0.6937017526422158
512.0,0.693734883875029
512.0,0.6937680151078421
512.0,0.6938011463406554
512.0,0.6938342775734685
512.0,0.6938674088062817
512.0,0.6939005400390948
512.0,0.6939336712719081
512.0,0.6939668025047212
512.0,0.6939999337375343
512.0,0.6940330649703476
512.0,0.6940661962031607
512.0,0.6940993274359739
512.0,0.694132458668787
512.0,0.6941655899016003
512.0,0.6941987211344134
512.0,0.6942318523672266
512.0,0.6942649836000397
512.0,0.694298114832853
512.0,0.6943312460656661
512.0,0.6943643772984793
512.0,0.6943975085312925
512.0,0.6944306397641056
512.0,0.6944637709969188
512.0,0.6944969022297319
512.0,0.6945300334625452
512.0,0.6945631646953583
512.0,0.6945962959281715
512.0,0.6946294271609846
512.0,0.6946625583937979
512.0,0.694695689626611
512.0,0.6947288208594242
512.0,0.6947619520922373
512.0,0.6947950833250506
512.0,0.6948282145578637
512.0,0.6948613457906768
512.0,0.69489447702349
512.0,0.6949276082563032
512.0,0.6949607394891164
512.0,0.6949938707219295
512.0,0.6950270019547428
512.0,0.6950601331875559
512.0,0.6950932644203691
512.0,0.6951263956531822
512.0,0.6951595268859955
512.0,0.6951926581188086
512.0,0.6952257893516218
512.0,0.695258920584435
512.0,0.6952920518172481
512.0,0.6953251830500613
512.0,0.6953583142828744
512.0,0.6953914455156877
512.0,0.6954245767485008
512.0,0.695457707981314
512.0,0.6954908392141271
512.0,0.6955239704469404
512.0,0.6955571016797535
512.0,0.6955902329125667
512.0,0.6956233641453798
512.0,0.6956564953781931
512.0,0.6956896266110062
512.0,0.6957227578438193
512.0,0.6957558890766325
512.0,0.6957890203094457
512.0,0.6958221515422589
512.0,0.695855282775072
512.0,0.6958884140078853
512.0,0.6959215452406984
512.0,0.6959546764735116
512.0,0.6959878077063247
512.0,0.696020938939138
512.0,0.6960540701719511
512.0,0.6960872014047643
512.0,0.6961203326375774
512.0,0.6961534638703906
512.0,0.6961865951032038
512.0,0.6962197263360169
512.0,0.6962528575688302
512.0,0.6962859888016433
512.0,0.6963191200344565
512.0,0.6963522512672696
512.0,0.6963853825000829
512.0,0.696418513732896
512.0,0.6964516449657092
512.0,0.6964847761985223
512.0,0.6965179074313356
512.0,0.6965510386641487
512.0,0.6965841698969618
512.0,0.696617301129775
512.0,0.6966504323625882
512.0,0.6966835635954014
512.0,0.6967166948282145
512.0,0.6967498260610278
512.0,0.6967829572938409
512.0,0.6968160885266541
512.0,0.6968492197594672
512.0,0.6968823509922805
512.0,0.6969154822250936
512.0,0.6969486134579068
512.0,0.6969817446907199
512.0,0.6970148759235331
512.0,0.6970480071563463
512.0,0.6970811383891594
512.0,0.6971142696219726
512.0,0.6971474008547858
512.0,0.697180532087599
512.0,0.6972136633204121
512.0,0.6972467945532254
512.0,0.6972799257860385
512.0,0.6973130570188517
512.0,0.6973461882516648
512.0,0.6973793194844781
512.0,0.6974124507172912
512.0,0.6974455819501043
512.0,0.6974787131829175
512.0,0.6975118444157307
512.0,0.6975449756485439
512.0,0.697578106881357
512.0,0.6976112381141703
512.0,0.6976443693469834
512.0,0.6976775005797966
512.0,0.6977106318126097
512.0,0.697743763045423
512.0,0.6977768942782361
512.0,0.6978100255110493
512.0,0.6978431567438624
512.0,0.6978762879766756
512.0,0.6979094192094888
512.0,0.6979425504423019
512.0,0.6979756816751151
512.0,0.6980088129079283
512.0,0.6980419441407415
512.0,0.6980750753735546
512.0,0.6981082066063679
512.0,0.698141337839181
512.0,0.6981744690719942
512.0,0.6982076003048073
512.0,0.6982407315376206
512.0,0.6982738627704337
512.0,0.6983069940032468
512.0,0.69834012523606
512.0,0.6983732564688732
512.0,0.6984063877016864
512.0,0.6984395189344995
512.0,0.6984726501673127
512.0,0.6985057814001259
512.0,0.6985389126329391
512.0,0.6985720438657522
512.0,0.6986051750985655
512.0,0.6986383063313786
512.0,0.6986714375641918
512.0,0.6987045687970049
512.0,0.698737700029818
512.0,0.6987708312626313
512.0,0.6988039624954444
512.0,0.6988370937282576
512.0,0.6988702249610708
512.0,0.698903356193884
512.0,0.6989364874266971
512.0,0.6989696186595103
512.0,0.6990027498923235
512.0,0.6990358811251367
512.0,0.6990690123579498
512.0,0.6991021435907631
512.0,0.6991352748235762
512.0,0.6991684060563894
512.0,0.6992015372892025
512.0,0.6992346685220157
512.0,0.6992677997548289
512.0,0.699300930987642
512.0,0.6993340622204552
512.0,0.6993671934532684
512.0,0.6994003246860816
512.0,0.6994334559188947
512.0,0.699466587151708
512.0,0.6994997183845211
512.0,0.6995328496173343
512.0,0.6995659808501474
512.0,0.6995991120829607
512.0,0.6996322433157738
512.0,0.6996653745485869
512.0,0.6996985057814001
512.0,0.6997316370142133
512.0,0.6997647682470265
512.0,0.6997978994798396
512.0,0.6998310307126528
512.0,0.699864161945466
512.0,0.6998972931782792
512.0,0.6999304244110923
512.0,0.6999635556439056
512.0,0.6999966868767187
512.0,0.7000298181095319
512.0,0.700062949342345
512.0,0.7000960805751582
512.0,0.7001292118079714
512.0,0.7001623430407845
512.0,0.7001954742735977
512.0,0.7002286055064109
512.0,0.7002617367392241
512.0,0.7002948679720372
512.0,0.7003279992048504
512.0,0.7003611304376636
512.0,0.7003942616704768
512.0,0.7004273929032899
512.0,0.7004605241361032
512.0,0.7004936553689163
512.0,0.7005267866017294
512.0,0.7005599178345426
512.0,0.7005930490673558
512.0,0.700626180300169
512.0,0.7006593115329821
512.0,0.7006924427657953
512.0,0.7007255739986085
512.0,0.7007587052314217
512.0,0.7007918364642348
512.0,0.700824967697048
512.0,0.7008580989298612
512.0,0.7008912301626744
512.0,0.7009243613954875
512.0,0.7009574926283006
512.0,0.7009906238611139
512.0,0.701023755093927
512.0,0.7010568863267402
512.0,0.7010900175595534
512.0,0.7011231487923666
512.0,0.7011562800251797
512.0,0.701189411257993
512.0,0.7012225424908061
512.0,0.7012556737236193
512.0,0.7012888049564324
512.0,0.7013219361892457
512.0,0.7013550674220588
512.0,0.7013881986548719
512.0,0.7014213298876851
512.0,0.7014544611204983
512.0,0.7014875923533115
512.0,0.7015207235861246
512.0,0.7015538548189378
512.0,0.701586986051751
512.0,0.7016201172845642
512.0,0.7016532485173773
512.0,0.7016863797501905
512.0,0.7017195109830037
512.0,0.7017526422158169
512.0,0.70178577344863
512.0,0.7018189046814431
512.0,0.7018520359142564
512.0,0.7018851671470695
512.0,0.7019182983798827
512.0,0.7019514296126959
512.0,0.7019845608455091
512.0,0.7020176920783222
512.0,0.7020508233111354
512.0,0.7020839545439486
512.0,0.7021170857767618
512.0,0.7021502170095749
512.0,0.7021833482423882
512.0,0.7022164794752013
512.0,0.7022496107080144
512.0,0.7022827419408276
512.0,0.7023158731736407
512.0,0.702349004406454
512.0,0.7023821356392671
512.0,0.7024152668720803
512.0,0.7024483981048935
512.0,0.7024815293377067
512.0,0.7025146605705198
512.0,0.702547791803333
512.0,0.7025809230361462
512.0,0.7026140542689594
512.0,0.7026471855017725
512.0,0.7026803167345856
512.0,0.7027134479673989
512.0,0.702746579200212
512.0,0.7027797104330252
512.0,0.7028128416658384
512.0,0.7028459728986516
512.0,0.7028791041314647
512.0,0.7029122353642779
512.0,0.7029453665970911
512.0,0.7029784978299043
512.0,0.7030116290627174
512.0,0.7030447602955306
512.0,0.7030778915283438
512.0,0.7031110227611569
512.0,0.7031441539939701
512.0,0.7031772852267832
512.0,0.7032104164595965
512.0,0.7032435476924096
512.0,0.7032766789252228
512.0,0.703309810158036
512.0,0.7033429413908492
512.0,0.7033760726236623
512.0,0.7034092038564755
512.0,0.7034423350892887
512.0,0.7034754663221019
512.0,0.703508597554915
512.0,0.7035417287877281
512.0,0.7035748600205414
512.0,0.7036079912533545
512.0,0.7036411224861677
512.0,0.7036742537189808
512.0,0.7037073849517941
512.0,0.7037405161846072
512.0,0.7037736474174204
512.0,0.7038067786502336
512.0,0.7038399098830468
512.0,0.7038730411158599
512.0,0.7039061723486731
512.0,0.7039393035814863
512.0,0.7039724348142994
512.0,0.7040055660471126
512.0,0.7040386972799257
512.0,0.704071828512739
512.0,0.7041049597455521
512.0,0.7041380909783653
512.0,0.7041712222111784
512.0,0.7042043534439917
512.0,0.7042374846768048
512.0,0.704270615909618
512.0,0.7043037471424312
512.0,0.7043368783752444
512.0,0.7043700096080575
512.0,0.7044031408408706
512.0,0.7044362720736839
512.0,0.704469403306497
512.0,0.7045025345393102
512.0,0.7045356657721233
512.0,0.7045687970049366
512.0,0.7046019282377497
512.0,0.7046350594705629
512.0,0.704668190703376
512.0,0.7047013219361893
512.0,0.7047344531690024
512.0,0.7047675844018156
512.0,0.7048007156346288
512.0,0.7048338468674419
512.0,0.7048669781002551
512.0,0.7049001093330682
512.0,0.7049332405658815
512.0,0.7049663717986946
512.0,0.7049995030315078
512.0,0.705032634264321
512.0,0.7050657654971342
512.0,0.7050988967299473
512.0,0.7051320279627605
512.0,0.7051651591955737
512.0,0.7051982904283869
512.0,0.7052314216612
512.0,0.7052645528940132
512.0,0.7052976841268264
512.0,0.7053308153596395
512.0,0.7053639465924527
512.0,0.7053970778252658
512.0,0.7054302090580791
512.0,0.7054633402908922
512.0,0.7054964715237054
512.0,0.7055296027565185
512.0,0.7055627339893318
512.0,0.7055958652221449
512.0,0.7056289964549581
512.0,0.7056621276877713
512.0,0.7056952589205845
512.0,0.7057283901533976
512.0,0.7057615213862107
512.0,0.705794652619024
512.0,0.7058277838518371
512.0,0.7058609150846503
512.0,0.7058940463174634
512.0,0.7059271775502767
512.0,0.7059603087830898
512.0,0.705993440015903
512.0,0.7060265712487162
512.0,0.7060597024815294
512.0,0.7060928337143425
512.0,0.7061259649471557
512.0,0.7061590961799689
512.0,0.706192227412782
512.0,0.7062253586455952
512.0,0.7062584898784083
512.0,0.7062916211112216
512.0,0.7063247523440347
512.0,0.7063578835768479
512.0,0.706391014809661
512.0,0.7064241460424743
512.0,0.7064572772752874
512.0,0.7064904085081006
512.0,0.7065235397409138
512.0,0.706556670973727
512.0,0.7065898022065401
512.0,0.7066229334393532
512.0,0.7066560646721665
512.0,0.7066891959049796
512.0,0.7067223271377928
512.0,0.7067554583706059
512.0,0.7067885896034192
512.0,0.7068217208362323
512.0,0.7068548520690455
512.0,0.7068879833018586
512.0,0.7069211145346719
512.0,0.706954245767485
512.0,0.7069873770002982
512.0,0.7070205082331114
512.0,0.7070536394659245
512.0,0.7070867706987377
512.0,0.7071199019315508
512.0,0.7071530331643641
512.0,0.7071861643971772
512.0,0.7072192956299904
512.0,0.7072524268628035
512.0,0.7072855580956168
512.0,0.7073186893284299
512.0,0.7073518205612431
512.0,0.7073849517940562
512.0,0.7074180830268695
512.0,0.7074512142596826
512.0,0.7074843454924957
512.0,0.707517476725309
512.0,0.7075506079581221
512.0,0.7075837391909353
512.0,0.7076168704237484
512.0,0.7076500016565617
512.0,0.7076831328893748
512.0,0.707716264122188
512.0,0.7077493953550011
512.0,0.7077825265878144
512.0,0.7078156578206275
512.0,0.7078487890534407
512.0,0.7078819202862539
512.0,0.707915051519067
512.0,0.7079481827518802
512.0,0.7079813139846933
512.0,0.7080144452175066
512.0,0.7080475764503197
512.0,0.7080807076831329
512.0,0.708113838915946
512.0,0.7081469701487593
512.0,0.7081801013815724
512.0,0.7082132326143856
512.0,0.7082463638471987
512.0,0.708279495080012
512.0,0.7083126263128251
512.0,0.7083457575456382
512.0,0.7083788887784515
512.0,0.7084120200112646
512.0,0.7084451512440778
512.0,0.7084782824768909
512.0,0.7085114137097042
512.0,0.7085445449425173
512.0,0.7085776761753305
512.0,0.7086108074081436
512.0,0.7086439386409569
512.0,0.70867706987377
512.0,0.7087102011065832
512.0,0.7087433323393963
512.0,0.7087764635722095
512.0,0.7088095948050227
512.0,0.7088427260378358
512.0,0.7088758572706491
512.0,0.7089089885034622
512.0,0.7089421197362754
512.0,0.7089752509690885
512.0,0.7090083822019018
512.0,0.7090415134347149
512.0,0.7090746446675281
512.0,0.7091077759003412
512.0,0.7091409071331545
512.0,0.7091740383659676
512.0,0.7092071695987807
512.0,0.709240300831594
512.0,0.7092734320644071
512.0,0.7093065632972203
512.0,0.7093396945300334
512.0,0.7093728257628467
512.0,0.7094059569956598
512.0,0.709439088228473
512.0,0.7094722194612861
512.0,0.7095053506940994
512.0,0.7095384819269125
512.0,0.7095716131597257
512.0,0.7096047443925388
512.0,0.709637875625352
512.0,0.7096710068581652
512.0,0.7097041380909783
512.0,0.7097372693237916
512.0,0.7097704005566047
512.0,0.7098035317894179
512.0,0.709836663022231
512.0,0.7098697942550443
512.0,0.7099029254878574
512.0,0.7099360567206706
512.0,0.7099691879534837
512.0,0.710002319186297
512.0,0.7100354504191101
512.0,0.7100685816519232
512.0,0.7101017128847364
512.0,0.7101348441175496
512.0,0.7101679753503628
512.0,0.7102011065831759
512.0,0.7102342378159892
512.0,0.7102673690488023
512.0,0.7103005002816155
512.0,0.7103336315144286
512.0,0.7103667627472419
512.0,0.710399893980055
512.0,0.7104330252128682
512.0,0.7104661564456813
512.0,0.7104992876784945
512.0,0.7105324189113077
512.0,0.7105655501441208
512.0,0.710598681376934
512.0,0.7106318126097472
512.0,0.7106649438425604
512.0,0.7106980750753735
512.0,0.7107312063081868
512.0,0.7107643375409999
512.0,0.7107974687738131
512.0,0.7108306000066262
512.0,0.7108637312394395
512.0,0.7108968624722526
512.0,0.7109299937050657
512.0,0.7109631249378789
512.0,0.7109962561706921
512.0,0.7110293874035053
512.0,0.7110625186363184
512.0,0.7110956498691317
512.0,0.7111287811019448
512.0,0.711161912334758
512.0,0.7111950435675711
512.0,0.7112281748003844
512.0,0.7112613060331975
512.0,0.7112944372660107
512.0,0.7113275684988238
512.0,0.7113606997316371
512.0,0.7113938309644502
512.0,0.7114269621972633
512.0,0.7114600934300765
512.0,0.7114932246628897
512.0,0.7115263558957029
512.0,0.711559487128516
512.0,0.7115926183613293
512.0,0.7116257495941424
512.0,0.7116588808269556
512.0,0.7116920120597687
512.0,0.711725143292582
512.0,0.7117582745253951
512.0,0.7117914057582083
512.0,0.7118245369910214
512.0,0.7118576682238346
512.0,0.7118907994566478
512.0,0.7119239306894609
512.0,0.7119570619222741
512.0,0.7119901931550873
512.0,0.7120233243879005
512.0,0.7120564556207136
512.0,0.7120895868535269
512.0,0.71212271808634
512.0,0.7121558493191532
512.0,0.7121889805519663
512.0,0.7122221117847796
512.0,0.7122552430175927
512.0,0.7122883742504058
512.0,0.712321505483219
512.0,0.7123546367160322
512.0,0.7123877679488454
512.0,0.7124208991816585
512.0,0.7124540304144718
512.0,0.7124871616472849
512.0,0.7125202928800981
512.0,0.7125534241129112
512.0,0.7125865553457245
512.0,0.7126196865785376
512.0,0.7126528178113508
512.0,0.7126859490441639
512.0,0.7127190802769771
512.0,0.7127522115097903
512.0,0.7127853427426034
512.0,0.7128184739754166
512.0,0.7128516052082298
512.0,0.712884736441043
512.0,0.7129178676738561
512.0,0.7129509989066694
512.0,0.7129841301394825
512.0,0.7130172613722957
512.0,0.7130503926051088
512.0,0.7130835238379221
512.0,0.7131166550707352
512.0,0.7131497863035483
512.0,0.7131829175363615
512.0,0.7132160487691747
512.0,0.7132491800019879
512.0,0.713282311234801
512.0,0.7133154424676142
512.0,0.7133485737004274
512.0,0.7133817049332406
512.0,0.7134148361660537
512.0,0.713447967398867
512.0,0.7134810986316801
512.0,0.7135142298644933
512.0,0.7135473610973064
512.0,0.7135804923301196
512.0,0.7136136235629328
512.0,0.7136467547957459
512.0,0.7136798860285591
512.0,0.7137130172613723
512.0,0.7137461484941855
512.0,0.7137792797269986
512.0,0.7138124109598118
512.0,0.713845542192625
512.0,0.7138786734254382
512.0,0.7139118046582513
512.0,0.7139449358910646
512.0,0.7139780671238777
512.0,0.7140111983566908
512.0,0.714044329589504
512.0,0.7140774608223172
512.0,0.7141105920551304
512.0,0.7141437232879435
512.0,0.7141768545207567
512.0,0.7142099857535699
512.0,0.7142431169863831
512.0,0.7142762482191962
512.0,0.7143093794520095
512.0,0.7143425106848226
512.0,0.7143756419176358
512.0,0.7144087731504489
512.0,0.714441904383262
512.0,0.7144750356160753
512.0,0.7145081668488884
512.0,0.7145412980817016
512.0,0.7145744293145148
512.0,0.714607560547328
512.0,0.7146406917801411
512.0,0.7146738230129543
512.0,0.7147069542457675
512.0,0.7147400854785807
512.0,0.7147732167113938
512.0,0.714806347944207
512.0,0.7148394791770202
512.0,0.7148726104098333
512.0,0.7149057416426465
512.0,0.7149388728754597
512.0,0.7149720041082729
512.0,0.715005135341086
512.0,0.7150382665738992
512.0,0.7150713978067124
512.0,0.7151045290395256
512.0,0.7151376602723387
512.0,0.715170791505152
512.0,0.7152039227379651
512.0,0.7152370539707783
512.0,0.7152701852035914
512.0,0.7153033164364045
512.0,0.7153364476692178
512.0,0.7153695789020309
512.0,0.7154027101348441
512.0,0.7154358413676573
512.0,0.7154689726004705
512.0,0.7155021038332836
512.0,0.7155352350660968
512.0,0.71556836629891
512.0,0.7156014975317232
512.0,0.7156346287645363
512.0,0.7156677599973496
512.0,0.7157008912301627
512.0,0.7157340224629758
512.0,0.715767153695789
512.0,0.7158002849286021
512.0,0.7158334161614154
512.0,0.7158665473942285
512.0,0.7158996786270417
512.0,0.7159328098598549
512.0,0.7159659410926681
512.0,0.7159990723254812
512.0,0.7160322035582944
512.0,0.7160653347911076
512.0,0.7160984660239208
512.0,0.7161315972567339
512.0,0.716164728489547
512.0,0.7161978597223603
512.0,0.7162309909551734
512.0,0.7162641221879866
512.0,0.7162972534207998
512.0,0.716330384653613
512.0,0.7163635158864261
512.0,0.7163966471192393
512.0,0.7164297783520525
512.0,0.7164629095848657
512.0,0.7164960408176788
512.0,0.716529172050492
512.0,0.7165623032833052
512.0,0.7165954345161183
512.0,0.7166285657489315
512.0,0.7166616969817446
512.0,0.7166948282145579
512.0,0.716727959447371
512.0,0.7167610906801842
512.0,0.7167942219129974
512.0,0.7168273531458106
512.0,0.7168604843786237
512.0,0.7168936156114369
512.0,0.7169267468442501
512.0,0.7169598780770633
512.0,0.7169930093098764
512.0,0.7170261405426895
512.0,0.7170592717755028
512.0,0.7170924030083159
512.0,0.7171255342411291
512.0,0.7171586654739422
512.0,0.7171917967067555
512.0,0.7172249279395686
512.0,0.7172580591723818
512.0,0.717291190405195
512.0,0.7173243216380082
512.0,0.7173574528708213
512.0,0.7173905841036345
512.0,0.7174237153364477
512.0,0.7174568465692609
512.0,0.717489977802074
512.0,0.7175231090348871
512.0,0.7175562402677004
512.0,0.7175893715005135
512.0,0.7176225027333267
512.0,0.7176556339661398
512.0,0.7176887651989531
512.0,0.7177218964317662
512.0,0.7177550276645794
512.0,0.7177881588973926
512.0,0.7178212901302058
512.0,0.7178544213630189
512.0,0.7178875525958321
512.0,0.7179206838286453
512.0,0.7179538150614584
512.0,0.7179869462942716
512.0,0.7180200775270847
512.0,0.718053208759898
512.0,0.7180863399927111
512.0,0.7181194712255243
512.0,0.7181526024583375
512.0,0.7181857336911507
512.0,0.7182188649239638
512.0,0.718251996156777
512.0,0.7182851273895902
512.0,0.7183182586224034
512.0,0.7183513898552165
512.0,0.7183845210880296
512.0,0.7184176523208429
512.0,0.718450783553656
512.0,0.7184839147864692
512.0,0.7185170460192823
512.0,0.7185501772520956
512.0,0.7185833084849087
512.0,0.7186164397177219
512.0,0.718649570950535
512.0,0.7186827021833483
512.0,0.7187158334161614
512.0,0.7187489646489746
512.0,0.7187820958817878
512.0,0.7188152271146009
512.0,0.7188483583474141
512.0,0.7188814895802272
512.0,0.7189146208130405
512.0,0.7189477520458536
512.0,0.7189808832786668
512.0,0.71901401451148
512.0,0.7190471457442932
512.0,0.7190802769771063
512.0,0.7191134082099195
512.0,0.7191465394427327
512.0,0.7191796706755459
512.0,0.719212801908359
512.0,0.7192459331411721
512.0,0.7192790643739854
512.0,0.7193121956067985
512.0,0.7193453268396117
512.0,0.7193784580724248
512.0,0.7194115893052381
512.0,0.7194447205380512
512.0,0.7194778517708644
512.0,0.7195109830036776
512.0,0.7195441142364908
512.0,0.7195772454693039
512.0,0.7196103767021171
512.0,0.7196435079349303
512.0,0.7196766391677434
512.0,0.7197097704005566
512.0,0.7197429016333697
512.0,0.719776032866183
512.0,0.7198091640989961
512.0,0.7198422953318093
512.0,0.7198754265646224
512.0,0.7199085577974357
512.0,0.7199416890302488
512.0,0.719974820263062
512.0,0.7200079514958752
512.0,0.7200410827286884
512.0,0.7200742139615015
512.0,0.7201073451943146
512.0,0.7201404764271279
512.0,0.720173607659941
512.0,0.7202067388927542
512.0,0.7202398701255673
512.0,0.7202730013583806
512.0,0.7203061325911937
512.0,0.7203392638240069
512.0,0.72037239505682
512.0,0.7204055262896333
512.0,0.7204386575224464
512.0,0.7204717887552596
512.0,0.7205049199880728
512.0,0.7205380512208859
512.0,0.7205711824536991
512.0,0.7206043136865122
512.0,0.7206374449193255
512.0,0.7206705761521386
512.0,0.7207037073849518
512.0,0.7207368386177649
512.0,0.7207699698505782
512.0,0.7208031010833913
512.0,0.7208362323162045
512.0,0.7208693635490176
512.0,0.7209024947818309
512.0,0.720935626014644
512.0,0.7209687572474571
512.0,0.7210018884802704
512.0,0.7210350197130835
512.0,0.7210681509458967
512.0,0.7211012821787098
512.0,0.7211344134115231
512.0,0.7211675446443362
512.0,0.7212006758771494
512.0,0.7212338071099625
512.0,0.7212669383427758
512.0,0.7213000695755889
512.0,0.7213332008084021
512.0,0.7213663320412153
512.0,0.7213994632740284
512.0,0.7214325945068416
512.0,0.7214657257396547
512.0,0.721498856972468
512.0,0.7215319882052811
512.0,0.7215651194380943
512.0,0.7215982506709074
512.0,0.7216313819037207
512.0,0.7216645131365338
512.0,0.721697644369347
512.0,0.7217307756021601
512.0,0.7217639068349734
512.0,0.7217970380677865
512.0,0.7218301693005996
512.0,0.7218633005334129
512.0,0.721896431766226
512.0,0.7219295629990392
512.0,0.7219626942318523
512.0,0.7219958254646656
512.0,0.7220289566974787
512.0,0.7220620879302919
512.0,0.722095219163105
512.0,0.7221283503959183
512.0,0.7221614816287314
512.0,0.7221946128615446
512.0,0.7222277440943577
512.0,0.7222608753271709
512.0,0.7222940065599841
512.0,0.7223271377927972
512.0,0.7223602690256105
512.0,0.7223934002584236
512.0,0.7224265314912368
512.0,0.7224596627240499
512.0,0.7224927939568632
512.0,0.7225259251896763
512.0,0.7225590564224895
512.0,0.7225921876553026
512.0,0.7226253188881159
512.0,0.722658450120929
512.0,0.7226915813537421
512.0,0.7227247125865554
512.0,0.7227578438193685
512.0,0.7227909750521817
512.0,0.7228241062849948
512.0,0.7228572375178081
512.0,0.7228903687506212
512.0,0.7229234999834344
512.0,0.7229566312162475
512.0,0.7229897624490608
512.0,0.7230228936818739
512.0,0.7230560249146871
512.0,0.7230891561475002
512.0,0.7231222873803134
512.0,0.7231554186131266
512.0,0.7231885498459397
512.0,0.723221681078753
512.0,0.7232548123115661
512.0,0.7232879435443793
512.0,0.7233210747771924
512.0,0.7233542060100057
512.0,0.7233873372428188
512.0,0.723420468475632
512.0,0.7234535997084451
512.0,0.7234867309412584
512.0,0.7235198621740715
512.0,0.7235529934068846
512.0,0.7235861246396978
512.0,0.723619255872511
512.0,0.7236523871053242
512.0,0.7236855183381373
512.0,0.7237186495709506
512.0,0.7237517808037637
512.0,0.7237849120365769
512.0,0.72381804326939
512.0,0.7238511745022033
512.0,0.7238843057350164
512.0,0.7239174369678296
512.0,0.7239505682006427
512.0,0.723983699433456
512.0,0.7240168306662691
512.0,0.7240499618990822
512.0,0.7240830931318954
512.0,0.7241162243647086
512.0,0.7241493555975218
512.0,0.7241824868303349
512.0,0.7242156180631482
512.0,0.7242487492959613
512.0,0.7242818805287745
512.0,0.7243150117615876
512.0,0.7243481429944009
512.0,0.724381274227214
512.0,0.7244144054600272
512.0,0.7244475366928403
512.0,0.7244806679256535
512.0,0.7245137991584667
512.0,0.7245469303912798
512.0,0.724580061624093
512.0,0.7246131928569062
512.0,0.7246463240897194
512.0,0.7246794553225325
512.0,0.7247125865553458
512.0,0.7247457177881589
512.0,0.7247788490209721
512.0,0.7248119802537852
512.0,0.7248451114865985
512.0,0.7248782427194116
512.0,0.7249113739522247
512.0,0.724944505185038
512.0,0.7249776364178511
512.0,0.7250107676506643
512.0,0.7250438988834774
512.0,0.7250770301162907
512.0,0.7251101613491038
512.0,0.725143292581917
512.0,0.7251764238147301
512.0,0.7252095550475434
512.0,0.7252426862803565
512.0,0.7252758175131697
512.0,0.7253089487459828
512.0,0.725342079978796
512.0,0.7253752112116092
512.0,0.7254083424444223
512.0,0.7254414736772355
512.0,0.7254746049100487
512.0,0.7255077361428619
512.0,0.725540867375675
512.0,0.7255739986084883
512.0,0.7256071298413014
512.0,0.7256402610741146
512.0,0.7256733923069277
512.0,0.725706523539741
512.0,0.7257396547725541
512.0,0.7257727860053672
512.0,0.7258059172381804
512.0,0.7258390484709936
512.0,0.7258721797038068
512.0,0.7259053109366199
512.0,0.7259384421694332
512.0,0.7259715734022463
512.0,0.7260047046350595
512.0,0.7260378358678726
512.0,0.7260709671006859
512.0,0.726104098333499
512.0,0.7261372295663122
512.0,0.7261703607991253
512.0,0.7262034920319385
512.0,0.7262366232647517
512.0,0.7262697544975648
512.0,0.726302885730378
512.0,0.7263360169631912
512.0,0.7263691481960044
512.0,0.7264022794288175
512.0,0.7264354106616308
512.0,0.7264685418944439
512.0,0.7265016731272571
512.0,0.7265348043600702
512.0,0.7265679355928835
512.0,0.7266010668256966
512.0,0.7266341980585097
512.0,0.7266673292913229
512.0,0.7267004605241361
512.0,0.7267335917569493
512.0,0.7267667229897624
512.0,0.7267998542225756
512.0,0.7268329854553888
512.0,0.726866116688202
512.0,0.7268992479210151
512.0,0.7269323791538284
512.0,0.7269655103866415
512.0,0.7269986416194547
512.0,0.7270317728522678
512.0,0.727064904085081
512.0,0.7270980353178942
512.0,0.7271311665507073
512.0,0.7271642977835205
512.0,0.7271974290163337
512.0,0.7272305602491469
512.0,0.72726369148196
512.0,0.7272968227147733
512.0,0.7273299539475864
512.0,0.7273630851803996
512.0,0.7273962164132127
512.0,0.727429347646026
512.0,0.7274624788788391
512.0,0.7274956101116522
512.0,0.7275287413444654
512.0,0.7275618725772786
512.0,0.7275950038100918
512.0,0.7276281350429049
512.0,0.7276612662757181
512.0,0.7276943975085313
512.0,0.7277275287413445
512.0,0.7277606599741576
512.0,0.7277937912069709
512.0,0.727826922439784
512.0,0.7278600536725972
512.0,0.7278931849054103
512.0,0.7279263161382235
512.0,0.7279594473710367
512.0,0.7279925786038498
512.0,0.728025709836663
512.0,0.7280588410694762
512.0,0.7280919723022894
512.0,0.7281251035351025
512.0,0.7281582347679157
512.0,0.7281913660007289
512.0,0.7282244972335421
512.0,0.7282576284663552
512.0,0.7282907596991685
512.0,0.7283238909319816
512.0,0.7283570221647947
512.0,0.7283901533976079
512.0,0.728423284630421
512.0,0.7284564158632343
512.0,0.7284895470960474
512.0,0.7285226783288606
512.0,0.7285558095616738
512.0,0.728588940794487
512.0,0.7286220720273001
512.0,0.7286552032601133
512.0,0.7286883344929265
512.0,0.7287214657257397
512.0,0.7287545969585528
512.0,0.728787728191366
512.0,0.7288208594241792
512.0,0.7288539906569923
512.0,0.7288871218898055
512.0,0.7289202531226187
512.0,0.7289533843554319
512.0,0.728986515588245
512.0,0.7290196468210582
512.0,0.7290527780538714
512.0,0.7290859092866846
512.0,0.7291190405194977
512.0,0.729152171752311
512.0,0.7291853029851241
512.0,0.7292184342179372
512.0,0.7292515654507504
512.0,0.7292846966835635
512.0,0.7293178279163768
512.0,0.7293509591491899
512.0,0.7293840903820031
512.0,0.7294172216148163
512.0,0.7294503528476295
512.0,0.7294834840804426
512.0,0.7295166153132558
512.0,0.729549746546069
512.0,0.7295828777788822
512.0,0.7296160090116953
512.0,0.7296491402445084
512.0,0.7296822714773217
512.0,0.7297154027101348
512.0,0.729748533942948
512.0,0.7297816651757612
512.0,0.7298147964085744
512.0,0.7298479276413875
512.0,0.7298810588742007
512.0,0.7299141901070139
512.0,0.7299473213398271
512.0,0.7299804525726402
512.0,0.7300135838054534
512.0,0.7300467150382666
512.0,0.7300798462710798
512.0,0.7301129775038929
512.0,0.730146108736706
512.0,0.7301792399695193
512.0,0.7302123712023324
512.0,0.7302455024351456
512.0,0.7302786336679588
512.0,0.730311764900772
512.0,0.7303448961335851
512.0,0.7303780273663983
512.0,0.7304111585992115
512.0,0.7304442898320247
512.0,0.7304774210648378
512.0,0.730510552297651
512.0,0.7305436835304642
512.0,0.7305768147632773
512.0,0.7306099459960905
512.0,0.7306430772289036
512.0,0.7306762084617169
512.0,0.73070933969453
512.0,0.7307424709273432
512.0,0.7307756021601564
512.0,0.7308087333929696
512.0,0.7308418646257827
512.0,0.7308749958585959
512.0,0.7309081270914091
512.0,0.7309412583242223
512.0,0.7309743895570354
512.0,0.7310075207898485
512.0,0.7310406520226618
512.0,0.7310737832554749
512.0,0.7311069144882881
512.0,0.7311400457211013
512.0,0.7311731769539145
512.0,0.7312063081867276
512.0,0.7312394394195408
512.0,0.731272570652354
512.0,0.7313057018851672
512.0,0.7313388331179803
512.0,0.7313719643507935
512.0,0.7314050955836067
512.0,0.7314382268164198
512.0,0.731471358049233
512.0,0.7315044892820461
512.0,0.7315376205148594
512.0,0.7315707517476725
512.0,0.7316038829804857
512.0,0.7316370142132989
512.0,0.7316701454461121
512.0,0.7317032766789252
512.0,0.7317364079117384
512.0,0.7317695391445516
512.0,0.7318026703773648
512.0,0.7318358016101779
512.0,0.731868932842991
512.0,0.7319020640758043
512.0,0.7319351953086174
512.0,0.7319683265414306
512.0,0.7320014577742437
512.0,0.732034589007057
512.0,0.7320677202398701
512.0,0.7321008514726833
512.0,0.7321339827054965
512.0,0.7321671139383097
512.0,0.7322002451711228
512.0,0.732233376403936
512.0,0.7322665076367492
512.0,0.7322996388695623
512.0,0.7323327701023755
512.0,0.7323659013351886
512.0,0.7323990325680019
512.0,0.732432163800815
512.0,0.7324652950336282
512.0,0.7324984262664413
512.0,0.7325315574992546
512.0,0.7325646887320677
512.0,0.7325978199648809
512.0,0.7326309511976941
512.0,0.7326640824305073
512.0,0.7326972136633204
512.0,0.7327303448961335
512.0,0.7327634761289468
512.0,0.7327966073617599
512.0,0.7328297385945731
512.0,0.7328628698273862
512.0,0.7328960010601995
512.0,0.7329291322930126
512.0,0.7329622635258258
512.0,0.732995394758639
512.0,0.7330285259914522
512.0,0.7330616572242653
512.0,0.7330947884570785
512.0,0.7331279196898917
512.0,0.7331610509227048
512.0,0.733194182155518
512.0,0.7332273133883311
512.0,0.7332604446211444
512.0,0.7332935758539575
512.0,0.7333267070867707
512.0,0.7333598383195838
512.0,0.7333929695523971
512.0,0.7334261007852102
512.0,0.7334592320180234
512.0,0.7334923632508366
512.0,0.7335254944836498
512.0,0.7335586257164629
512.0,0.733591756949276
512.0,0.7336248881820893
512.0,0.7336580194149024
512.0,0.7336911506477156
512.0,0.7337242818805287
512.0,0.733757413113342
512.0,0.7337905443461551
512.0,0.7338236755789683
512.0,0.7338568068117814
512.0,0.7338899380445947
512.0,0.7339230692774078
512.0,0.733956200510221
512.0,0.7339893317430342
512.0,0.7340224629758473
512.0,0.7340555942086605
512.0,0.7340887254414736
512.0,0.7341218566742869
512.0,0.7341549879071
512.0,0.7341881191399132
512.0,0.7342212503727263
512.0,0.7342543816055396
512.0,0.7342875128383527
512.0,0.7343206440711659
512.0,0.734353775303979
512.0,0.7343869065367923
512.0,0.7344200377696054
512.0,0.7344531690024185
512.0,0.7344863002352318
512.0,0.7345194314680449
512.0,0.7345525627008581
512.0,0.7345856939336712
512.0,0.7346188251664845
512.0,0.7346519563992976
512.0,0.7346850876321108
512.0,0.7347182188649239
512.0,0.7347513500977372
512.0,0.7347844813305503
512.0,0.7348176125633635
512.0,0.7348507437961767
512.0,0.7348838750289898
512.0,0.734917006261803
512.0,0.7349501374946161
512.0,0.7349832687274294
512.0,0.7350163999602425
512.0,0.7350495311930557
512.0,0.7350826624258688
512.0,0.7351157936586821
512.0,0.7351489248914952
512.0,0.7351820561243084
512.0,0.7352151873571215
512.0,0.7352483185899348
512.0,0.7352814498227479
512.0,0.735314581055561
512.0,0.7353477122883743
512.0,0.7353808435211874
512.0,0.7354139747540006
512.0,0.7354471059868137
512.0,0.735480237219627
512.0,0.7355133684524401
512.0,0.7355464996852533
512.0,0.7355796309180664
512.0,0.7356127621508797
512.0,0.7356458933836928
512.0,0.735679024616506
512.0,0.7357121558493191
512.0,0.7357452870821323
512.0,0.7357784183149455
512.0,0.7358115495477586
512.0,0.7358446807805719
512.0,0.735877812013385
512.0,0.7359109432461982
512.0,0.7359440744790113
512.0,0.7359772057118246
512.0,0.7360103369446377
512.0,0.7360434681774509
512.0,0.736076599410264
512.0,0.7361097306430773
512.0,0.7361428618758904
512.0,0.7361759931087036
512.0,0.7362091243415168
512.0,0.7362422555743299
512.0,0.7362753868071431
512.0,0.7363085180399562
512.0,0.7363416492727695
512.0,0.7363747805055826
512.0,0.7364079117383958
512.0,0.7364410429712089
512.0,0.7364741742040222
512.0,0.7365073054368353
512.0,0.7365404366696485
512.0,0.7365735679024616
512.0,0.7366066991352749
512.0,0.736639830368088
512.0,0.7366729616009011
512.0,0.7367060928337144
512.0,0.7367392240665275
512.0,0.7367723552993407
512.0,0.7368054865321538
512.0,0.7368386177649671
512.0,0.7368717489977802
512.0,0.7369048802305934
512.0,0.7369380114634065
512.0,0.7369711426962198
512.0,0.7370042739290329
512.0,0.7370374051618461
512.0,0.7370705363946592
512.0,0.7371036676274724
512.0,0.7371367988602856
512.0,0.7371699300930987
512.0,0.737203061325912
512.0,0.7372361925587251
512.0,0.7372693237915383
512.0,0.7373024550243514
512.0,0.7373355862571647
512.0,0.7373687174899778
512.0,0.737401848722791
512.0,0.7374349799556041
512.0,0.7374681111884174
512.0,0.7375012424212305
512.0,0.7375343736540436
512.0,0.7375675048868569
512.0,0.73760063611967
512.0,0.7376337673524832
512.0,0.7376668985852963
512.0,0.7377000298181096
512.0,0.7377331610509227
512.0,0.7377662922837359
512.0,0.737799423516549
512.0,0.7378325547493623
512.0,0.7378656859821754
512.0,0.7378988172149886
512.0,0.7379319484478017
512.0,0.7379650796806149
512.0,0.7379982109134281
512.0,0.7380313421462412
512.0,0.7380644733790545
512.0,0.7380976046118676
512.0,0.7381307358446808
512.0,0.7381638670774939
512.0,0.7381969983103072
512.0,0.7382301295431203
512.0,0.7382632607759335
512.0,0.7382963920087466
512.0,0.7383295232415599
512.0,0.738362654474373
512.0,0.7383957857071861
512.0,0.7384289169399993
512.0,0.7384620481728125
512.0,0.7384951794056257
512.0,0.7385283106384388
512.0,0.7385614418712521
512.0,0.7385945731040652
512.0,0.7386277043368784
512.0,0.7386608355696915
512.0,0.7386939668025048
512.0,0.7387270980353179
512.0,0.7387602292681311
512.0,0.7387933605009442
512.0,0.7388264917337574
512.0,0.7388596229665706
512.0,0.7388927541993837
512.0,0.738925885432197
512.0,0.7389590166650101
512.0,0.7389921478978233
512.0,0.7390252791306364
512.0,0.7390584103634497
512.0,0.7390915415962628
512.0,0.739124672829076
512.0,0.7391578040618891
512.0,0.7391909352947024
512.0,0.7392240665275155
512.0,0.7392571977603286
512.0,0.7392903289931418
512.0,0.739323460225955
512.0,0.7393565914587682
512.0,0.7393897226915813
512.0,0.7394228539243946
512.0,0.7394559851572077
512.0,0.7394891163900209
512.0,0.739522247622834
512.0,0.7395553788556473
512.0,0.7395885100884604
512.0,0.7396216413212736
512.0,0.7396547725540867
512.0,0.7396879037868999
512.0,0.7397210350197131
512.0,0.7397541662525262
512.0,0.7397872974853394
512.0,0.7398204287181526
512.0,0.7398535599509658
512.0,0.7398866911837789
512.0,0.7399198224165922
512.0,0.7399529536494053
512.0,0.7399860848822185
512.0,0.7400192161150316
512.0,0.7400523473478449
512.0,0.740085478580658
512.0,0.7401186098134711
512.0,0.7401517410462843
512.0,0.7401848722790975
512.0,0.7402180035119107
512.0,0.7402511347447238
512.0,0.740284265977537
512.0,0.7403173972103502
512.0,0.7403505284431634
512.0,0.7403836596759765
512.0,0.7404167909087898
512.0,0.7404499221416029
512.0,0.7404830533744161
512.0,0.7405161846072292
512.0,0.7405493158400424
512.0,0.7405824470728556
512.0,0.7406155783056687
512.0,0.7406487095384819
512.0,0.7406818407712951
512.0,0.7407149720041083
512.0,0.7407481032369214
512.0,0.7407812344697347
512.0,0.7408143657025478
512.0,0.740847496935361
512.0,0.7408806281681741
512.0,0.7409137594009874
512.0,0.7409468906338005
512.0,0.7409800218666136
512.0,0.7410131530994268
512.0,0.74104628433224
512.0,0.7410794155650532
512.0,0.7411125467978663
512.0,0.7411456780306795
512.0,0.7411788092634927
512.0,0.7412119404963059
512.0,0.741245071729119
512.0,0.7412782029619323
512.0,0.7413113341947454
512.0,0.7413444654275586
512.0,0.7413775966603717
512.0,0.7414107278931849
512.0,0.7414438591259981
512.0,0.7414769903588112
512.0,0.7415101215916244
512.0,0.7415432528244376
512.0,0.7415763840572508
512.0,0.7416095152900639
512.0,0.7416426465228771
512.0,0.7416757777556903
512.0,0.7417089089885035
512.0,0.7417420402213166
512.0,0.7417751714541299
512.0,0.741808302686943
512.0,0.7418414339197561
512.0,0.7418745651525693
512.0,0.7419076963853825
512.0,0.7419408276181957
512.0,0.7419739588510088
512.0,0.742007090083822
512.0,0.7420402213166352
512.0,0.7420733525494484
512.0,0.7421064837822615
512.0,0.7421396150150747
512.0,0.7421727462478879
512.0,0.7422058774807011
512.0,0.7422390087135142
512.0,0.7422721399463275
512.0,0.7423052711791406
512.0,0.7423384024119537
512.0,0.7423715336447669
512.0,0.7424046648775801
512.0,0.7424377961103933
512.0,0.7424709273432064
512.0,0.7425040585760196
512.0,0.7425371898088328
512.0,0.742570321041646
512.0,0.7426034522744591
512.0,0.7426365835072724
512.0,0.7426697147400855
512.0,0.7427028459728987
512.0,0.7427359772057118
512.0,0.742769108438525
512.0,0.7428022396713382
512.0,0.7428353709041513
512.0,0.7428685021369645
512.0,0.7429016333697777
512.0,0.7429347646025909
512.0,0.742967895835404
512.0,0.7430010270682172
512.0,0.7430341583010304
512.0,0.7430672895338436
512.0,0.7431004207666567
512.0,0.74313355199947
512.0,0.7431666832322831
512.0,0.7431998144650962
512.0,0.7432329456979094
512.0,0.7432660769307226
512.0,0.7432992081635358
512.0,0.7433323393963489
512.0,0.7433654706291621
512.0,0.7433986018619753
512.0,0.7434317330947885
512.0,0.7434648643276016
512.0,0.7434979955604148
512.0,0.743531126793228
512.0,0.7435642580260412
512.0,0.7435973892588543
512.0,0.7436305204916674
512.0,0.7436636517244807
512.0,0.7436967829572938
512.0,0.743729914190107
512.0,0.7437630454229202
512.0,0.7437961766557334
512.0,0.7438293078885465
512.0,0.7438624391213597
512.0,0.7438955703541729
512.0,0.7439287015869861
512.0,0.7439618328197992
512.0,0.7439949640526125
512.0,0.7440280952854256
512.0,0.7440612265182387
512.0,0.7440943577510519
512.0,0.744127488983865
512.0,0.7441606202166783
512.0,0.7441937514494914
512.0,0.7442268826823046
512.0,0.7442600139151178
512.0,0.744293145147931
512.0,0.7443262763807441
512.0,0.7443594076135573
512.0,0.7443925388463705
512.0,0.7444256700791837
512.0,0.7444588013119968
512.0,0.7444919325448099
512.0,0.7445250637776232
512.0,0.7445581950104363
512.0,0.7445913262432495
512.0,0.7446244574760627
512.0,0.7446575887088759
512.0,0.744690719941689
512.0,0.7447238511745022
512.0,0.7447569824073154
512.0,0.7447901136401286
512.0,0.7448232448729417
512.0,0.744856376105755
512.0,0.7448895073385681
512.0,0.7449226385713812
512.0,0.7449557698041944
512.0,0.7449889010370075
512.0,0.7450220322698208
512.0,0.7450551635026339
512.0,0.7450882947354471
512.0,0.7451214259682603
512.0,0.7451545572010735
512.0,0.7451876884338866
512.0,0.7452208196666998
512.0,0.745253950899513
512.0,0.7452870821323262
512.0,0.7453202133651393
512.0,0.7453533445979524
512.0,0.7453864758307657
512.0,0.7454196070635788
512.0,0.745452738296392
512.0,0.7454858695292051
512.0,0.7455190007620184
512.0,0.7455521319948315
512.0,0.7455852632276447
512.0,0.7456183944604579
512.0,0.7456515256932711
512.0,0.7456846569260842
512.0,0.7457177881588974
512.0,0.7457509193917106
512.0,0.7457840506245237
512.0,0.7458171818573369
512.0,0.74585031309015
512.0,0.7458834443229633
512.0,0.7459165755557764
512.0,0.7459497067885896
512.0,0.7459828380214027
512.0,0.746015969254216
512.0,0.7460491004870291
512.0,0.7460822317198423
512.0,0.7461153629526555
512.0,0.7461484941854687
512.0,0.7461816254182818
512.0,0.7462147566510949
512.0,0.7462478878839082
512.0,0.7462810191167213
512.0,0.7463141503495345
512.0,0.7463472815823476
512.0,0.7463804128151609
512.0,0.746413544047974
512.0,0.7464466752807872
512.0,0.7464798065136004
512.0,0.7465129377464136
512.0,0.7465460689792267
512.0,0.7465792002120399
512.0,0.7466123314448531
512.0,0.7466454626776662
512.0,0.7466785939104794
512.0,0.7467117251432925
512.0,0.7467448563761058
512.0,0.7467779876089189
512.0,0.7468111188417321
512.0,0.7468442500745452
512.0,0.7468773813073585
512.0,0.7469105125401716
512.0,0.7469436437729848
512.0,0.746976775005798
512.0,0.7470099062386112
512.0,0.7470430374714243
512.0,0.7470761687042374
512.0,0.7471092999370507
512.0,0.7471424311698638
512.0,0.747175562402677
512.0,0.7472086936354901
512.0,0.7472418248683034
512.0,0.7472749561011165
512.0,0.7473080873339297
512.0,0.7473412185667428
512.0,0.7473743497995561
512.0,0.7474074810323692
512.0,0.7474406122651824
512.0,0.7474737434979956
512.0,0.7475068747308087
512.0,0.7475400059636219
512.0,0.747573137196435
512.0,0.7476062684292483
512.0,0.7476393996620614
512.0,0.7476725308948746
512.0,0.7477056621276877
512.0,0.747738793360501
512.0,0.7477719245933141
512.0,0.7478050558261273
512.0,0.7478381870589405
512.0,0.7478713182917537
512.0,0.7479044495245668
512.0,0.7479375807573799
512.0,0.7479707119901932
512.0,0.7480038432230063
512.0,0.7480369744558195
512.0,0.7480701056886326
512.0,0.7481032369214459
512.0,0.748136368154259
512.0,0.7481694993870722
512.0,0.7482026306198853
512.0,0.7482357618526986
512.0,0.7482688930855117
512.0,0.7483020243183249
512.0,0.748335155551138
512.0,0.7483682867839512
512.0,0.7484014180167644
512.0,0.7484345492495775
512.0,0.7484676804823908
512.0,0.7485008117152039
512.0,0.7485339429480171
512.0,0.7485670741808302
512.0,0.7486002054136435
512.0,0.7486333366464566
512.0,0.7486664678792698
512.0,0.748699599112083
512.0,0.7487327303448962
512.0,0.7487658615777093
512.0,0.7487989928105225
512.0,0.7488321240433357
512.0,0.7488652552761488
512.0,0.748898386508962
512.0,0.7489315177417751
512.0,0.7489646489745884
512.0,0.7489977802074015
512.0,0.7490309114402147
512.0,0.7490640426730278
512.0,0.7490971739058411
512.0,0.7491303051386542
512.0,0.7491634363714674
512.0,0.7491965676042805
512.0,0.7492296988370938
512.0,0.7492628300699069
512.0,0.74929596130272
512.0,0.7493290925355333
512.0,0.7493622237683464
512.0,0.7493953550011596
512.0,0.7494284862339727
512.0,0.749461617466786
512.0,0.7494947486995991
512.0,0.7495278799324123
512.0,0.7495610111652254
512.0,0.7495941423980387
512.0,0.7496272736308518
512.0,0.749660404863665
512.0,0.7496935360964782
512.0,0.7497266673292913
512.0,0.7497597985621045
512.0,0.7497929297949176
512.0,0.7498260610277309
512.0,0.749859192260544
512.0,0.7498923234933572
512.0,0.7499254547261703
512.0,0.7499585859589836
512.0,0.7499917171917967
512.0,0.7500248484246099
512.0,0.750057979657423
512.0,0.7500911108902363
512.0,0.7501242421230494
512.0,0.7501573733558625
512.0,0.7501905045886758
512.0,0.7502236358214889
512.0,0.7502567670543021
512.0,0.7502898982871152
512.0,0.7503230295199285
512.0,0.7503561607527416
512.0,0.7503892919855548
512.0,0.7504224232183679
512.0,0.7504555544511812
512.0,0.7504886856839943
512.0,0.7505218169168075
512.0,0.7505549481496206
512.0,0.7505880793824338
512.0,0.750621210615247
512.0,0.7506543418480601
512.0,0.7506874730808734
512.0,0.7507206043136865
512.0,0.7507537355464997
512.0,0.7507868667793128
512.0,0.7508199980121261
512.0,0.7508531292449392
512.0,0.7508862604777524
512.0,0.7509193917105655
512.0,0.7509525229433788
512.0,0.7509856541761919
512.0,0.751018785409005
512.0,0.7510519166418183
512.0,0.7510850478746314
512.0,0.7511181791074446
512.0,0.7511513103402577
512.0,0.751184441573071
512.0,0.7512175728058841
512.0,0.7512507040386973
512.0,0.7512838352715104
512.0,0.7513169665043237
512.0,0.7513500977371368
512.0,0.75138322896995
512.0,0.7514163602027631
512.0,0.7514494914355763
512.0,0.7514826226683895
512.0,0.7515157539012026
512.0,0.7515488851340159
512.0,0.751582016366829
512.0,0.7516151475996422
512.0,0.7516482788324553
512.0,0.7516814100652686
512.0,0.7517145412980817
512.0,0.7517476725308949
512.0,0.751780803763708
512.0,0.7518139349965213
512.0,0.7518470662293344
512.0,0.7518801974621475
512.0,0.7519133286949607
512.0,0.7519464599277739
512.0,0.7519795911605871
512.0,0.7520127223934002
512.0,0.7520458536262135
512.0,0.7520789848590266
512.0,0.7521121160918398
512.0,0.7521452473246529
512.0,0.7521783785574662
512.0,0.7522115097902793
512.0,0.7522446410230925
512.0,0.7522777722559056
512.0,0.7523109034887188
512.0,0.752344034721532
512.0,0.7523771659543451
512.0,0.7524102971871584
512.0,0.7524434284199715
512.0,0.7524765596527847
512.0,0.7525096908855978
512.0,0.7525428221184111
512.0,0.7525759533512242
512.0,0.7526090845840374
512.0,0.7526422158168505
512.0,0.7526753470496638
512.0,0.7527084782824769
512.0,0.75274160951529
512.0,0.7527747407481032
512.0,0.7528078719809164
512.0,0.7528410032137296
512.0,0.7528741344465427
512.0,0.752907265679356
512.0,0.7529403969121691
512.0,0.7529735281449823
512.0,0.7530066593777954
512.0,0.7530397906106087
512.0,0.7530729218434218
512.0,0.753106053076235
512.0,0.7531391843090481
512.0,0.7531723155418613
512.0,0.7532054467746745
512.0,0.7532385780074876
512.0,0.7532717092403008
512.0,0.753304840473114
512.0,0.7533379717059272
512.0,0.7533711029387403
512.0,0.7534042341715536
512.0,0.7534373654043667
512.0,0.7534704966371799
512.0,0.753503627869993
512.0,0.7535367591028063
512.0,0.7535698903356194
512.0,0.7536030215684325
512.0,0.7536361528012457
512.0,0.7536692840340589
512.0,0.7537024152668721
512.0,0.7537355464996852
512.0,0.7537686777324984
512.0,0.7538018089653116
512.0,0.7538349401981248
512.0,0.7538680714309379
512.0,0.7539012026637512
512.0,0.7539343338965643
512.0,0.7539674651293775
512.0,0.7540005963621906
512.0,0.7540337275950038
512.0,0.754066858827817
512.0,0.7540999900606301
512.0,0.7541331212934433
512.0,0.7541662525262565
512.0,0.7541993837590697
512.0,0.7542325149918828
512.0,0.754265646224696
512.0,0.7542987774575092
512.0,0.7543319086903224
512.0,0.7543650399231355
512.0,0.7543981711559488
512.0,0.7544313023887619
512.0,0.754464433621575
512.0,0.7544975648543882
512.0,0.7545306960872014
512.0,0.7545638273200146
512.0,0.7545969585528277
512.0,0.754630089785641
512.0,0.7546632210184541
512.0,0.7546963522512673
512.0,0.7547294834840804
512.0,0.7547626147168937
512.0,0.7547957459497068
512.0,0.75482887718252
512.0,0.7548620084153331
512.0,0.7548951396481464
512.0,0.7549282708809595
512.0,0.7549614021137726
512.0,0.7549945333465858
512.0,0.755027664579399
512.0,0.7550607958122122
512.0,0.7550939270450253
512.0,0.7551270582778385
512.0,0.7551601895106517
512.0,0.7551933207434649
512.0,0.755226451976278
512.0,0.7552595832090913
512.0,0.7552927144419044
512.0,0.7553258456747176
512.0,0.7553589769075307
512.0,0.7553921081403439
512.0,0.7554252393731571
512.0,0.7554583706059702
512.0,0.7554915018387834
512.0,0.7555246330715966
512.0,0.7555577643044098
512.0,0.7555908955372229
512.0,0.7556240267700362
512.0,0.7556571580028493
512.0,0.7556902892356625
512.0,0.7557234204684756
512.0,0.7557565517012889
512.0,0.755789682934102
512.0,0.7558228141669151
512.0,0.7558559453997283
512.0,0.7558890766325415
512.0,0.7559222078653547
512.0,0.7559553390981678
512.0,0.755988470330981
512.0,0.7560216015637942
512.0,0.7560547327966074
512.0,0.7560878640294205
512.0,0.7561209952622338
512.0,0.7561541264950469
512.0,0.7561872577278601
512.0,0.7562203889606732
512.0,0.7562535201934864
512.0,0.7562866514262996
512.0,0.7563197826591127
512.0,0.7563529138919259
512.0,0.7563860451247391
512.0,0.7564191763575523
512.0,0.7564523075903654
512.0,0.7564854388231786
512.0,0.7565185700559918
512.0,0.756551701288805
512.0,0.7565848325216181
512.0,0.7566179637544314
512.0,0.7566510949872445
512.0,0.7566842262200576
512.0,0.7567173574528708
512.0,0.756750488685684
512.0,0.7567836199184972
512.0,0.7568167511513103
512.0,0.7568498823841235
512.0,0.7568830136169367
512.0,0.7569161448497499
512.0,0.756949276082563
512.0,0.7569824073153762
512.0,0.7570155385481894
512.0,0.7570486697810026
512.0,0.7570818010138157
512.0,0.7571149322466288
512.0,0.7571480634794421
512.0,0.7571811947122552
512.0,0.7572143259450684
512.0,0.7572474571778816
512.0,0.7572805884106948
512.0,0.7573137196435079
512.0,0.7573468508763211
512.0,0.7573799821091343
512.0,0.7574131133419475
512.0,0.7574462445747606
512.0,0.7574793758075739
512.0,0.757512507040387
512.0,0.7575456382732001
512.0,0.7575787695060133
512.0,0.7576119007388264
512.0,0.7576450319716397
512.0,0.7576781632044528
512.0,0.757711294437266
512.0,0.7577444256700792
512.0,0.7577775569028924
512.0,0.7578106881357055
512.0,0.7578438193685187
512.0,0.7578769506013319
512.0,0.7579100818341451
512.0,0.7579432130669582
512.0,0.7579763442997713
512.0,0.7580094755325846
512.0,0.7580426067653977
512.0,0.7580757379982109
512.0,0.758108869231024
512.0,0.7581420004638373
512.0,0.7581751316966504
512.0,0.7582082629294636
512.0,0.7582413941622768
512.0,0.75827452539509
512.0,0.7583076566279031
512.0,0.7583407878607163
512.0,0.7583739190935295
512.0,0.7584070503263426
512.0,0.7584401815591558
512.0,0.758473312791969
512.0,0.7585064440247822
512.0,0.7585395752575953
512.0,0.7585727064904085
512.0,0.7586058377232217
512.0,0.7586389689560349
512.0,0.758672100188848
512.0,0.7587052314216612
512.0,0.7587383626544744
512.0,0.7587714938872876
512.0,0.7588046251201007
512.0,0.7588377563529138
512.0,0.7588708875857271
512.0,0.7589040188185402
512.0,0.7589371500513534
512.0,0.7589702812841665
512.0,0.7590034125169798
512.0,0.7590365437497929
512.0,0.7590696749826061
512.0,0.7591028062154193
512.0,0.7591359374482325
512.0,0.7591690686810456
512.0,0.7592021999138588
512.0,0.759235331146672
512.0,0.7592684623794851
512.0,0.7593015936122983
512.0,0.7593347248451114
512.0,0.7593678560779247
512.0,0.7594009873107378
512.0,0.759434118543551
512.0,0.7594672497763642
512.0,0.7595003810091774
512.0,0.7595335122419905
512.0,0.7595666434748037
512.0,0.7595997747076169
512.0,0.7596329059404301
512.0,0.7596660371732432
512.0,0.7596991684060563
512.0,0.7597322996388696
512.0,0.7597654308716827
512.0,0.7597985621044959
512.0,0.759831693337309
512.0,0.7598648245701223
512.0,0.7598979558029354
512.0,0.7599310870357486
512.0,0.7599642182685618
512.0,0.759997349501375
512.0,0.7600304807341881
512.0,0.7600636119670013
512.0,0.7600967431998145
512.0,0.7601298744326276
512.0,0.7601630056654408
512.0,0.7601961368982539
512.0,0.7602292681310672
512.0,0.7602623993638803
512.0,0.7602955305966935
512.0,0.7603286618295066
512.0,0.7603617930623199
512.0,0.760394924295133
512.0,0.7604280555279462
512.0,0.7604611867607594
512.0,0.7604943179935726
512.0,0.7605274492263857
512.0,0.7605605804591988
512.0,0.7605937116920121
512.0,0.7606268429248252
512.0,0.7606599741576384
512.0,0.7606931053904515
512.0,0.7607262366232648
512.0,0.7607593678560779
512.0,0.7607924990888911
512.0,0.7608256303217042
512.0,0.7608587615545175
512.0,0.7608918927873306
512.0,0.7609250240201438
512.0,0.760958155252957
512.0,0.7609912864857702
512.0,0.7610244177185833
512.0,0.7610575489513964
512.0,0.7610906801842097
512.0,0.7611238114170228
512.0,0.761156942649836
512.0,0.7611900738826491
512.0,0.7612232051154624
512.0,0.7612563363482755
512.0,0.7612894675810887
512.0,0.7613225988139019
512.0,0.7613557300467151
512.0,0.7613888612795282
512.0,0.7614219925123414
512.0,0.7614551237451546
512.0,0.7614882549779677
512.0,0.7615213862107809
512.0,0.761554517443594
512.0,0.7615876486764073
512.0,0.7616207799092204
512.0,0.7616539111420336
512.0,0.7616870423748467
512.0,0.76172017360766
512.0,0.7617533048404731
512.0,0.7617864360732863
512.0,0.7618195673060995
512.0,0.7618526985389127
512.0,0.7618858297717258
512.0,0.7619189610045389
512.0,0.7619520922373522
512.0,0.7619852234701653
512.0,0.7620183547029785
512.0,0.7620514859357916
512.0,0.7620846171686049
512.0,0.762117748401418
512.0,0.7621508796342312
512.0,0.7621840108670443
512.0,0.7622171420998576
512.0,0.7622502733326707
512.0,0.7622834045654839
512.0,0.7623165357982971
512.0,0.7623496670311102
512.0,0.7623827982639234
512.0,0.7624159294967365
512.0,0.7624490607295498
512.0,0.7624821919623629
512.0,0.7625153231951761
512.0,0.7625484544279892
512.0,0.7625815856608025
512.0,0.7626147168936156
512.0,0.7626478481264288
512.0,0.762680979359242
512.0,0.7627141105920552
512.0,0.7627472418248683
512.0,0.7627803730576814
512.0,0.7628135042904947
512.0,0.7628466355233078
512.0,0.762879766756121
512.0,0.7629128979889341
512.0,0.7629460292217474
512.0,0.7629791604545605
512.0,0.7630122916873737
512.0,0.7630454229201868
512.0,0.7630785541530001
512.0,0.7631116853858132
512.0,0.7631448166186264
512.0,0.7631779478514396
512.0,0.7632110790842527
512.0,0.7632442103170659
512.0,0.763277341549879
512.0,0.7633104727826923
512.0,0.7633436040155054
512.0,0.7633767352483186
512.0,0.7634098664811317
512.0,0.763442997713945
512.0,0.7634761289467581
512.0,0.7635092601795713
512.0,0.7635423914123844
512.0,0.7635755226451977
512.0,0.7636086538780108
512.0,0.7636417851108239
512.0,0.7636749163436372
512.0,0.7637080475764503
512.0,0.7637411788092635
512.0,0.7637743100420766
512.0,0.7638074412748899
512.0,0.763840572507703
512.0,0.7638737037405162
512.0,0.7639068349733293
512.0,0.7639399662061426
512.0,0.7639730974389557
512.0,0.7640062286717689
512.0,0.764039359904582
512.0,0.7640724911373952
512.0,0.7641056223702084
512.0,0.7641387536030215
512.0,0.7641718848358348
512.0,0.7642050160686479
512.0,0.7642381473014611
512.0,0.7642712785342742
512.0,0.7643044097670875
512.0,0.7643375409999006
512.0,0.7643706722327138
512.0,0.7644038034655269
512.0,0.7644369346983402
512.0,0.7644700659311533
512.0,0.7645031971639664
512.0,0.7645363283967797
512.0,0.7645694596295928
512.0,0.764602590862406
512.0,0.7646357220952191
512.0,0.7646688533280324
512.0,0.7647019845608455
512.0,0.7647351157936587
512.0,0.7647682470264718
512.0,0.7648013782592851
512.0,0.7648345094920982
512.0,0.7648676407249114
512.0,0.7649007719577245
512.0,0.7649339031905377
512.0,0.7649670344233509
512.0,0.765000165656164
512.0,0.7650332968889773
512.0,0.7650664281217904
512.0,0.7650995593546036
512.0,0.7651326905874167
512.0,0.76516582182023
512.0,0.7651989530530431
512.0,0.7652320842858563
512.0,0.7652652155186694
512.0,0.7652983467514827
512.0,0.7653314779842958
512.0,0.7653646092171089
512.0,0.7653977404499221
512.0,0.7654308716827353
512.0,0.7654640029155485
512.0,0.7654971341483616
512.0,0.7655302653811749
512.0,0.765563396613988
512.0,0.7655965278468012
512.0,0.7656296590796143
512.0,0.7656627903124276
512.0,0.7656959215452407
512.0,0.7657290527780539
512.0,0.765762184010867
512.0,0.7657953152436802
512.0,0.7658284464764934
512.0,0.7658615777093065
512.0,0.7658947089421198
512.0,0.7659278401749329
512.0,0.7659609714077461
512.0,0.7659941026405592
512.0,0.7660272338733725
512.0,0.7660603651061856
512.0,0.7660934963389988
512.0,0.7661266275718119
512.0,0.7661597588046252
512.0,0.7661928900374383
512.0,0.7662260212702514
512.0,0.7662591525030646
512.0,0.7662922837358778
512.0,0.766325414968691
512.0,0.7663585462015041
512.0,0.7663916774343174
512.0,0.7664248086671305
512.0,0.7664579398999437
512.0,0.7664910711327568
512.0,0.7665242023655701
512.0,0.7665573335983832
512.0,0.7665904648311964
512.0,0.7666235960640095
512.0,0.7666567272968227
512.0,0.7666898585296359
512.0,0.766722989762449
512.0,0.7667561209952622
512.0,0.7667892522280754
512.0,0.7668223834608886
512.0,0.7668555146937017
512.0,0.766888645926515
512.0,0.7669217771593281
512.0,0.7669549083921413
512.0,0.7669880396249544
512.0,0.7670211708577677
512.0,0.7670543020905808
512.0,0.767087433323394
512.0,0.7671205645562071
512.0,0.7671536957890203
512.0,0.7671868270218335
512.0,0.7672199582546466
512.0,0.7672530894874598
512.0,0.767286220720273
512.0,0.7673193519530862
512.0,0.7673524831858993
512.0,0.7673856144187126
512.0,0.7674187456515257
512.0,0.7674518768843389
512.0,0.767485008117152
512.0,0.7675181393499653
512.0,0.7675512705827784
512.0,0.7675844018155915
512.0,0.7676175330484047
512.0,0.7676506642812179
512.0,0.7676837955140311
512.0,0.7677169267468442
512.0,0.7677500579796575
512.0,0.7677831892124706
512.0,0.7678163204452838
512.0,0.7678494516780969
512.0,0.7678825829109102
512.0,0.7679157141437233
512.0,0.7679488453765365
512.0,0.7679819766093496
512.0,0.7680151078421628
512.0,0.768048239074976
512.0,0.7680813703077891
512.0,0.7681145015406023
512.0,0.7681476327734155
512.0,0.7681807640062287
512.0,0.7682138952390418
512.0,0.768247026471855
512.0,0.7682801577046682
512.0,0.7683132889374814
512.0,0.7683464201702945
512.0,0.7683795514031078
512.0,0.7684126826359209
512.0,0.768445813868734
512.0,0.7684789451015472
512.0,0.7685120763343604
512.0,0.7685452075671736
512.0,0.7685783387999867
512.0,0.7686114700328
512.0,0.7686446012656131
512.0,0.7686777324984263
512.0,0.7687108637312394
512.0,0.7687439949640527
512.0,0.7687771261968658
512.0,0.768810257429679
512.0,0.7688433886624921
512.0,0.7688765198953053
512.0,0.7689096511281185
512.0,0.7689427823609316
512.0,0.7689759135937448
512.0,0.769009044826558
512.0,0.7690421760593712
512.0,0.7690753072921843
512.0,0.7691084385249976
512.0,0.7691415697578107
512.0,0.7691747009906239
512.0,0.769207832223437
512.0,0.7692409634562503
512.0,0.7692740946890634
512.0,0.7693072259218765
512.0,0.7693403571546897
512.0,0.7693734883875029
512.0,0.7694066196203161
512.0,0.7694397508531292
512.0,0.7694728820859424
512.0,0.7695060133187556
512.0,0.7695391445515688
512.0,0.7695722757843819
512.0,0.7696054070171952
512.0,0.7696385382500083
512.0,0.7696716694828215
512.0,0.7697048007156346
512.0,0.7697379319484478
512.0,0.769771063181261
512.0,0.7698041944140741
512.0,0.7698373256468873
512.0,0.7698704568797005
512.0,0.7699035881125137
512.0,0.7699367193453268
512.0,0.76996985057814
512.0,0.7700029818109532
512.0,0.7700361130437664
512.0,0.7700692442765795
512.0,0.7701023755093928
512.0,0.7701355067422059
512.0,0.770168637975019
512.0,0.7702017692078322
512.0,0.7702349004406454
512.0,0.7702680316734586
512.0,0.7703011629062717
512.0,0.7703342941390849
512.0,0.7703674253718981
512.0,0.7704005566047113
512.0,0.7704336878375244
512.0,0.7704668190703376
512.0,0.7704999503031508
512.0,0.770533081535964
512.0,0.7705662127687771
512.0,0.7705993440015902
512.0,0.7706324752344035
512.0,0.7706656064672166
512.0,0.7706987377000298
512.0,0.770731868932843
512.0,0.7707650001656562
512.0,0.7707981313984693
512.0,0.7708312626312825
512.0,0.7708643938640957
512.0,0.7708975250969089
512.0,0.770930656329722
512.0,0.7709637875625353
512.0,0.7709969187953484
512.0,0.7710300500281615
512.0,0.7710631812609747
512.0,0.7710963124937878
512.0,0.7711294437266011
512.0,0.7711625749594142
512.0,0.7711957061922274
512.0,0.7712288374250406
512.0,0.7712619686578538
512.0,0.7712950998906669
512.0,0.7713282311234801
512.0,0.7713613623562933
512.0,0.7713944935891065
512.0,0.7714276248219196
512.0,0.7714607560547327
512.0,0.771493887287546
512.0,0.7715270185203591
512.0,0.7715601497531723
512.0,0.7715932809859855
512.0,0.7716264122187987
512.0,0.7716595434516118
512.0,0.771692674684425
512.0,0.7717258059172382
512.0,0.7717589371500514
512.0,0.7717920683828645
512.0,0.7718251996156777
512.0,0.7718583308484909
512.0,0.771891462081304
512.0,0.7719245933141172
512.0,0.7719577245469303
512.0,0.7719908557797436
512.0,0.7720239870125567
512.0,0.7720571182453699
512.0,0.772090249478183
512.0,0.7721233807109963
512.0,0.7721565119438094
512.0,0.7721896431766226
512.0,0.7722227744094358
512.0,0.772255905642249
512.0,0.7722890368750621
512.0,0.7723221681078752
512.0,0.7723552993406885
512.0,0.7723884305735016
512.0,0.7724215618063148
512.0,0.772454693039128
512.0,0.7724878242719412
512.0,0.7725209555047543
512.0,0.7725540867375675
512.0,0.7725872179703807
512.0,0.7726203492031939
512.0,0.772653480436007
512.0,0.7726866116688202
512.0,0.7727197429016334
512.0,0.7727528741344465
512.0,0.7727860053672597
512.0,0.7728191366000728
512.0,0.7728522678328861
512.0,0.7728853990656992
512.0,0.7729185302985124
512.0,0.7729516615313256
512.0,0.7729847927641388
512.0,0.7730179239969519
512.0,0.7730510552297651
512.0,0.7730841864625783
512.0,0.7731173176953915
512.0,0.7731504489282046
512.0,0.7731835801610177
512.0,0.773216711393831
512.0,0.7732498426266441
512.0,0.7732829738594573
512.0,0.7733161050922704
512.0,0.7733492363250837
512.0,0.7733823675578968
512.0,0.77341549879071
512.0,0.7734486300235232
512.0,0.7734817612563364
512.0,0.7735148924891495
512.0,0.7735480237219627
512.0,0.7735811549547759
512.0,0.7736142861875891
512.0,0.7736474174204022
512.0,0.7736805486532153
512.0,0.7737136798860286
512.0,0.7737468111188417
512.0,0.7737799423516549
512.0,0.773813073584468
512.0,0.7738462048172813
512.0,0.7738793360500944
512.0,0.7739124672829076
512.0,0.7739455985157208
512.0,0.773978729748534
512.0,0.7740118609813471
512.0,0.7740449922141603
512.0,0.7740781234469735
512.0,0.7741112546797866
512.0,0.7741443859125998
512.0,0.7741775171454129
512.0,0.7742106483782262
512.0,0.7742437796110393
512.0,0.7742769108438525
512.0,0.7743100420766656
512.0,0.7743431733094789
512.0,0.774376304542292
512.0,0.7744094357751052
512.0,0.7744425670079184
512.0,0.7744756982407316
512.0,0.7745088294735447
512.0,0.7745419607063578
512.0,0.7745750919391711
512.0,0.7746082231719842
512.0,0.7746413544047974
512.0,0.7746744856376105
512.0,0.7747076168704238
512.0,0.7747407481032369
512.0,0.7747738793360501
512.0,0.7748070105688633
512.0,0.7748401418016765
512.0,0.7748732730344896
512.0,0.7749064042673028
512.0,0.774939535500116
512.0,0.7749726667329291
512.0,0.7750057979657423
512.0,0.7750389291985554
512.0,0.7750720604313687
512.0,0.7751051916641818
512.0,0.775138322896995
512.0,0.7751714541298081
512.0,0.7752045853626214
512.0,0.7752377165954345
512.0,0.7752708478282477
512.0,0.7753039790610609
512.0,0.7753371102938741
512.0,0.7753702415266872
512.0,0.7754033727595003
512.0,0.7754365039923136
512.0,0.7754696352251267
512.0,0.7755027664579399
512.0,0.775535897690753
512.0,0.7755690289235663
512.0,0.7756021601563794
512.0,0.7756352913891926
512.0,0.7756684226220057
512.0,0.775701553854819
512.0,0.7757346850876321
512.0,0.7757678163204453
512.0,0.7758009475532585
512.0,0.7758340787860716
512.0,0.7758672100188848
512.0,0.7759003412516979
512.0,0.7759334724845112
512.0,0.7759666037173243
512.0,0.7759997349501375
512.0,0.7760328661829506
512.0,0.7760659974157639
512.0,0.776099128648577
512.0,0.7761322598813902
512.0,0.7761653911142034
512.0,0.7761985223470166
512.0,0.7762316535798297
512.0,0.7762647848126428
512.0,0.7762979160454561
512.0,0.7763310472782692
512.0,0.7763641785110824
512.0,0.7763973097438955
512.0,0.7764304409767088
512.0,0.7764635722095219
512.0,0.7764967034423351
512.0,0.7765298346751482
512.0,0.7765629659079615
512.0,0.7765960971407746
512.0,0.7766292283735878
512.0,0.776662359606401
512.0,0.7766954908392141
512.0,0.7767286220720273
512.0,0.7767617533048404
512.0,0.7767948845376537
512.0,0.7768280157704668
512.0,0.77686114700328
512.0,0.7768942782360931
512.0,0.7769274094689064
512.0,0.7769605407017195
512.0,0.7769936719345327
512.0,0.7770268031673458
512.0,0.7770599344001591
512.0,0.7770930656329722
512.0,0.7771261968657853
512.0,0.7771593280985986
512.0,0.7771924593314117
512.0,0.7772255905642249
512.0,0.777258721797038
512.0,0.7772918530298513
512.0,0.7773249842626644
512.0,0.7773581154954776
512.0,0.7773912467282907
512.0,0.777424377961104
512.0,0.7774575091939171
512.0,0.7774906404267303
512.0,0.7775237716595435
512.0,0.7775569028923566
512.0,0.7775900341251698
512.0,0.7776231653579829
512.0,0.7776562965907962
512.0,0.7776894278236093
512.0,0.7777225590564225
512.0,0.7777556902892356
512.0,0.7777888215220489
512.0,0.777821952754862
512.0,0.7778550839876752
512.0,0.7778882152204883
512.0,0.7779213464533016
512.0,0.7779544776861147
512.0,0.7779876089189278
512.0,0.778020740151741
512.0,0.7780538713845542
512.0,0.7780870026173674
512.0,0.7781201338501805
512.0,0.7781532650829938
512.0,0.7781863963158069
512.0,0.7782195275486201
512.0,0.7782526587814332
512.0,0.7782857900142465
512.0,0.7783189212470596
512.0,0.7783520524798728
512.0,0.778385183712686
512.0,0.7784183149454991
512.0,0.7784514461783123
512.0,0.7784845774111254
512.0,0.7785177086439387
512.0,0.7785508398767518
512.0,0.778583971109565
512.0,0.7786171023423781
512.0,0.7786502335751914
512.0,0.7786833648080045
512.0,0.7787164960408177
512.0,0.7787496272736308
512.0,0.7787827585064441
512.0,0.7788158897392572
512.0,0.7788490209720703
512.0,0.7788821522048835
512.0,0.7789152834376967
512.0,0.7789484146705099
512.0,0.778981545903323
512.0,0.7790146771361363
512.0,0.7790478083689494
512.0,0.7790809396017626
512.0,0.7791140708345757
512.0,0.779147202067389
512.0,0.7791803333002021
512.0,0.7792134645330153
512.0,0.7792465957658284
512.0,0.7792797269986416
512.0,0.7793128582314548
512.0,0.7793459894642679
512.0,0.7793791206970812
512.0,0.7794122519298943
512.0,0.7794453831627075
512.0,0.7794785143955206
512.0,0.7795116456283339
512.0,0.779544776861147
512.0,0.7795779080939602
512.0,0.7796110393267733
512.0,0.7796441705595866
512.0,0.7796773017923997
512.0,0.7797104330252129
512.0,0.779743564258026
512.0,0.7797766954908392
512.0,0.7798098267236524
512.0,0.7798429579564655
512.0,0.7798760891892788
512.0,0.7799092204220919
512.0,0.7799423516549051
512.0,0.7799754828877182
512.0,0.7800086141205315
512.0,0.7800417453533446
512.0,0.7800748765861578
512.0,0.7801080078189709
512.0,0.7801411390517842
512.0,0.7801742702845973
512.0,0.7802074015174104
512.0,0.7802405327502236
512.0,0.7802736639830368
512.0,0.78030679521585
512.0,0.7803399264486631
512.0,0.7803730576814764
512.0,0.7804061889142895
512.0,0.7804393201471027
512.0,0.7804724513799158
512.0,0.7805055826127291
512.0,0.7805387138455422
512.0,0.7805718450783554
512.0,0.7806049763111685
512.0,0.7806381075439817
512.0,0.7806712387767949
512.0,0.780704370009608
512.0,0.7807375012424213
512.0,0.7807706324752344
512.0,0.7808037637080476
512.0,0.7808368949408607
512.0,0.780870026173674
512.0,0.7809031574064871
512.0,0.7809362886393003
512.0,0.7809694198721134
512.0,0.7810025511049267
512.0,0.7810356823377398
512.0,0.7810688135705529
512.0,0.7811019448033661
512.0,0.7811350760361793
512.0,0.7811682072689925
512.0,0.7812013385018056
512.0,0.7812344697346189
512.0,0.781267600967432
512.0,0.7813007322002452
512.0,0.7813338634330583
512.0,0.7813669946658716
512.0,0.7814001258986847
512.0,0.7814332571314979
512.0,0.781466388364311
512.0,0.7814995195971242
512.0,0.7815326508299374
512.0,0.7815657820627505
512.0,0.7815989132955637
512.0,0.7816320445283769
512.0,0.7816651757611901
512.0,0.7816983069940032
512.0,0.7817314382268165
512.0,0.7817645694596296
512.0,0.7817977006924428
512.0,0.7818308319252559
512.0,0.7818639631580692
512.0,0.7818970943908823
512.0,0.7819302256236954
512.0,0.7819633568565086
512.0,0.7819964880893218
512.0,0.782029619322135
512.0,0.7820627505549481
512.0,0.7820958817877613
512.0,0.7821290130205745
512.0,0.7821621442533877
512.0,0.7821952754862008
512.0,0.7822284067190141
512.0,0.7822615379518272
512.0,0.7822946691846404
512.0,0.7823278004174535
512.0,0.7823609316502667
512.0,0.7823940628830799
512.0,0.782427194115893
512.0,0.7824603253487062
512.0,0.7824934565815194
512.0,0.7825265878143326
512.0,0.7825597190471457
512.0,0.782592850279959
512.0,0.7826259815127721
512.0,0.7826591127455853
512.0,0.7826922439783984
512.0,0.7827253752112117
512.0,0.7827585064440248
512.0,0.7827916376768379
512.0,0.7828247689096511
512.0,0.7828579001424643
512.0,0.7828910313752775
512.0,0.7829241626080906
512.0,0.7829572938409038
512.0,0.782990425073717
512.0,0.7830235563065302
512.0,0.7830566875393433
512.0,0.7830898187721566
512.0,0.7831229500049697
512.0,0.7831560812377829
512.0,0.783189212470596
512.0,0.7832223437034092
512.0,0.7832554749362224
512.0,0.7832886061690355
512.0,0.7833217374018487
512.0,0.7833548686346619
512.0,0.7833879998674751
512.0,0.7834211311002882
512.0,0.7834542623331014
512.0,0.7834873935659146
512.0,0.7835205247987278
512.0,0.7835536560315409
512.0,0.7835867872643542
512.0,0.7836199184971673
512.0,0.7836530497299804
512.0,0.7836861809627936
512.0,0.7837193121956068
512.0,0.78375244342842
512.0,0.7837855746612331
512.0,0.7838187058940463
512.0,0.7838518371268595
512.0,0.7838849683596727
512.0,0.7839180995924858
512.0,0.783951230825299
512.0,0.7839843620581122
512.0,0.7840174932909254
512.0,0.7840506245237385
512.0,0.7840837557565516
512.0,0.7841168869893649
512.0,0.784150018222178
512.0,0.7841831494549912
512.0,0.7842162806878044
512.0,0.7842494119206176
512.0,0.7842825431534307
512.0,0.7843156743862439
512.0,0.7843488056190571
512.0,0.7843819368518703
512.0,0.7844150680846834
512.0,0.7844481993174967
512.0,0.7844813305503098
512.0,0.7845144617831229
512.0,0.7845475930159361
512.0,0.7845807242487493
512.0,0.7846138554815625
512.0,0.7846469867143756
512.0,0.7846801179471888
512.0,0.784713249180002
512.0,0.7847463804128152
512.0,0.7847795116456283
512.0,0.7848126428784415
512.0,0.7848457741112547
512.0,0.7848789053440679
512.0,0.784912036576881
512.0,0.7849451678096941
512.0,0.7849782990425074
512.0,0.7850114302753205
512.0,0.7850445615081337
512.0,0.7850776927409469
512.0,0.7851108239737601
512.0,0.7851439552065732
512.0,0.7851770864393864
512.0,0.7852102176721996
512.0,0.7852433489050128
512.0,0.7852764801378259
512.0,0.7853096113706391
512.0,0.7853427426034523
512.0,0.7853758738362654
512.0,0.7854090050690786
512.0,0.7854421363018917
512.0,0.785475267534705
512.0,0.7855083987675181
512.0,0.7855415300003313
512.0,0.7855746612331445
512.0,0.7856077924659577
512.0,0.7856409236987708
512.0,0.785674054931584
512.0,0.7857071861643972
512.0,0.7857403173972104
512.0,0.7857734486300235
512.0,0.7858065798628368
512.0,0.7858397110956499
512.0,0.785872842328463
512.0,0.7859059735612762
512.0,0.7859391047940893
512.0,0.7859722360269026
512.0,0.7860053672597157
512.0,0.7860384984925289
512.0,0.7860716297253421
512.0,0.7861047609581553
512.0,0.7861378921909684
512.0,0.7861710234237816
512.0,0.7862041546565948
512.0,0.786237285889408
512.0,0.7862704171222211
512.0,0.7863035483550342
512.0,0.7863366795878475
512.0,0.7863698108206606
512.0,0.7864029420534738
512.0,0.786436073286287
512.0,0.7864692045191002
512.0,0.7865023357519133
512.0,0.7865354669847265
512.0,0.7865685982175397
512.0,0.7866017294503529
512.0,0.786634860683166
512.0,0.7866679919159792
512.0,0.7867011231487924
512.0,0.7867342543816055
512.0,0.7867673856144187
512.0,0.7868005168472318
512.0,0.7868336480800451
512.0,0.7868667793128582
512.0,0.7868999105456714
512.0,0.7869330417784846
512.0,0.7869661730112978
512.0,0.7869993042441109
512.0,0.7870324354769241
512.0,0.7870655667097373
512.0,0.7870986979425505
512.0,0.7871318291753636
512.0,0.7871649604081767
512.0,0.78719809164099
512.0,0.7872312228738031
512.0,0.7872643541066163
512.0,0.7872974853394294
512.0,0.7873306165722427
512.0,0.7873637478050558
512.0,0.787396879037869
512.0,0.7874300102706822
512.0,0.7874631415034954
512.0,0.7874962727363085
512.0,0.7875294039691217
512.0,0.7875625352019349
512.0,0.787595666434748
512.0,0.7876287976675612
512.0,0.7876619289003743
512.0,0.7876950601331876
512.0,0.7877281913660007
512.0,0.7877613225988139
512.0,0.787794453831627
512.0,0.7878275850644403
512.0,0.7878607162972534
512.0,0.7878938475300666
512.0,0.7879269787628798
512.0,0.787960109995693
512.0,0.7879932412285061
512.0,0.7880263724613192
512.0,0.7880595036941325
512.0,0.7880926349269456
512.0,0.7881257661597588
512.0,0.7881588973925719
512.0,0.7881920286253852
512.0,0.7882251598581983
512.0,0.7882582910910115
512.0,0.7882914223238247
512.0,0.7883245535566379
512.0,0.788357684789451
512.0,0.7883908160222642
512.0,0.7884239472550774
512.0,0.7884570784878905
512.0,0.7884902097207037
512.0,0.7885233409535168
512.0,0.7885564721863301
512.0,0.7885896034191432
512.0,0.7886227346519564
512.0,0.7886558658847695
512.0,0.7886889971175828
512.0,0.7887221283503959
512.0,0.7887552595832091
512.0,0.7887883908160223
512.0,0.7888215220488355
512.0,0.7888546532816486
512.0,0.7888877845144617
512.0,0.788920915747275
512.0,0.7889540469800881
512.0,0.7889871782129013
512.0,0.7890203094457144
512.0,0.7890534406785277
512.0,0.7890865719113408
512.0,0.789119703144154
512.0,0.7891528343769671
512.0,0.7891859656097804
512.0,0.7892190968425935
512.0,0.7892522280754067
512.0,0.7892853593082199
512.0,0.789318490541033
512.0,0.7893516217738462
512.0,0.7893847530066593
512.0,0.7894178842394726
512.0,0.7894510154722857
512.0,0.7894841467050989
512.0,0.789517277937912
512.0,0.7895504091707253
512.0,0.7895835404035384
512.0,0.7896166716363516
512.0,0.7896498028691648
512.0,0.789682934101978
512.0,0.7897160653347911
512.0,0.7897491965676042
512.0,0.7897823278004175
512.0,0.7898154590332306
512.0,0.7898485902660438
512.0,0.7898817214988569
512.0,0.7899148527316702
512.0,0.7899479839644833
512.0,0.7899811151972965
512.0,0.7900142464301096
512.0,0.7900473776629229
512.0,0.790080508895736
512.0,0.7901136401285492
512.0,0.7901467713613624
512.0,0.7901799025941755
512.0,0.7902130338269887
512.0,0.7902461650598018
512.0,0.7902792962926151
512.0,0.7903124275254282
512.0,0.7903455587582414
512.0,0.7903786899910545
512.0,0.7904118212238678
512.0,0.7904449524566809
512.0,0.7904780836894941
512.0,0.7905112149223072
512.0,0.7905443461551205
512.0,0.7905774773879336
512.0,0.7906106086207467
512.0,0.79064373985356
512.0,0.7906768710863731
512.0,0.7907100023191863
512.0,0.7907431335519994
512.0,0.7907762647848127
512.0,0.7908093960176258
512.0,0.790842527250439
512.0,0.7908756584832521
512.0,0.7909087897160654
512.0,0.7909419209488785
512.0,0.7909750521816917
512.0,0.7910081834145049
512.0,0.791041314647318
512.0,0.7910744458801312
512.0,0.7911075771129443
512.0,0.7911407083457576
512.0,0.7911738395785707
512.0,0.7912069708113839
512.0,0.791240102044197
512.0,0.7912732332770103
512.0,0.7913063645098234
512.0,0.7913394957426366
512.0,0.7913726269754497
512.0,0.791405758208263
512.0,0.7914388894410761
512.0,0.7914720206738892
512.0,0.7915051519067025
512.0,0.7915382831395156
512.0,0.7915714143723288
512.0,0.7916045456051419
512.0,0.7916376768379552
512.0,0.7916708080707683
512.0,0.7917039393035815
512.0,0.7917370705363946
512.0,0.7917702017692079
512.0,0.791803333002021
512.0,0.7918364642348342
512.0,0.7918695954676473
512.0,0.7919027267004605
512.0,0.7919358579332737
512.0,0.7919689891660868
512.0,0.7920021203989001
512.0,0.7920352516317132
512.0,0.7920683828645264
512.0,0.7921015140973395
512.0,0.7921346453301528
512.0,0.7921677765629659
512.0,0.7922009077957791
512.0,0.7922340390285922
512.0,0.7922671702614055
512.0,0.7923003014942186
512.0,0.7923334327270318
512.0,0.792366563959845
512.0,0.7923996951926581
512.0,0.7924328264254713
512.0,0.7924659576582844
512.0,0.7924990888910977
512.0,0.7925322201239108
512.0,0.792565351356724
512.0,0.7925984825895371
512.0,0.7926316138223504
512.0,0.7926647450551635
512.0,0.7926978762879767
512.0,0.7927310075207898
512.0,0.7927641387536031
512.0,0.7927972699864162
512.0,0.7928304012192293
512.0,0.7928635324520426
512.0,0.7928966636848557
512.0,0.7929297949176689
512.0,0.792962926150482
512.0,0.7929960573832953
512.0,0.7930291886161084
512.0,0.7930623198489216
512.0,0.7930954510817347
512.0,0.793128582314548
512.0,0.7931617135473611
512.0,0.7931948447801743
512.0,0.7932279760129874
512.0,0.7932611072458006
512.0,0.7932942384786138
512.0,0.7933273697114269
512.0,0.7933605009442402
512.0,0.7933936321770533
512.0,0.7934267634098665
512.0,0.7934598946426796
512.0,0.7934930258754929
512.0,0.793526157108306
512.0,0.7935592883411192
512.0,0.7935924195739323
512.0,0.7936255508067456
512.0,0.7936586820395587
512.0,0.7936918132723718
512.0,0.793724944505185
512.0,0.7937580757379982
512.0,0.7937912069708114
512.0,0.7938243382036245
512.0,0.7938574694364378
512.0,0.7938906006692509
512.0,0.7939237319020641
512.0,0.7939568631348772
512.0,0.7939899943676905
512.0,0.7940231256005036
512.0,0.7940562568333168
512.0,0.7940893880661299
512.0,0.7941225192989431
512.0,0.7941556505317563
512.0,0.7941887817645694
512.0,0.7942219129973827
512.0,0.7942550442301958
512.0,0.794288175463009
512.0,0.7943213066958221
512.0,0.7943544379286354
512.0,0.7943875691614485
512.0,0.7944207003942617
512.0,0.7944538316270748
512.0,0.7944869628598881
512.0,0.7945200940927012
512.0,0.7945532253255143
512.0,0.7945863565583275
512.0,0.7946194877911407
512.0,0.7946526190239539
512.0,0.794685750256767
512.0,0.7947188814895803
512.0,0.7947520127223934
512.0,0.7947851439552066
512.0,0.7948182751880197
512.0,0.794851406420833
512.0,0.7948845376536461
512.0,0.7949176688864593
512.0,0.7949508001192724
512.0,0.7949839313520856
512.0,0.7950170625848988
512.0,0.7950501938177119
512.0,0.7950833250505251
512.0,0.7951164562833383
512.0,0.7951495875161515
512.0,0.7951827187489646
512.0,0.7952158499817779
512.0,0.795248981214591
512.0,0.7952821124474042
512.0,0.7953152436802173
512.0,0.7953483749130306
512.0,0.7953815061458437
512.0,0.7954146373786568
512.0,0.79544776861147
512.0,0.7954808998442832
512.0,0.7955140310770964
512.0,0.7955471623099095
512.0,0.7955802935427227
512.0,0.7956134247755359
512.0,0.7956465560083491
512.0,0.7956796872411622
512.0,0.7957128184739755
512.0,0.7957459497067886
512.0,0.7957790809396018
512.0,0.7958122121724149
512.0,0.7958453434052281
512.0,0.7958784746380413
512.0,0.7959116058708544
512.0,0.7959447371036676
512.0,0.7959778683364808
512.0,0.796010999569294
512.0,0.7960441308021071
512.0,0.7960772620349204
512.0,0.7961103932677335
512.0,0.7961435245005467
512.0,0.7961766557333598
512.0,0.7962097869661731
512.0,0.7962429181989862
512.0,0.7962760494317993
512.0,0.7963091806646125
512.0,0.7963423118974257
512.0,0.7963754431302389
512.0,0.796408574363052
512.0,0.7964417055958652
512.0,0.7964748368286784
512.0,0.7965079680614916
512.0,0.7965410992943047
512.0,0.796574230527118
512.0,0.7966073617599311
512.0,0.7966404929927443
512.0,0.7966736242255574
512.0,0.7967067554583706
512.0,0.7967398866911838
512.0,0.7967730179239969
512.0,0.7968061491568101
512.0,0.7968392803896233
512.0,0.7968724116224365
512.0,0.7969055428552496
512.0,0.7969386740880628
512.0,0.796971805320876
512.0,0.7970049365536892
512.0,0.7970380677865023
512.0,0.7970711990193156
512.0,0.7971043302521287
512.0,0.7971374614849418
512.0,0.797170592717755
512.0,0.7972037239505682
512.0,0.7972368551833814
512.0,0.7972699864161945
512.0,0.7973031176490077
512.0,0.7973362488818209
512.0,0.7973693801146341
512.0,0.7974025113474472
512.0,0.7974356425802605
512.0,0.7974687738130736
512.0,0.7975019050458868
512.0,0.7975350362786999
512.0,0.797568167511513
512.0,0.7976012987443263
512.0,0.7976344299771394
512.0,0.7976675612099526
512.0,0.7977006924427658
512.0,0.797733823675579
512.0,0.7977669549083921
512.0,0.7978000861412053
512.0,0.7978332173740185
512.0,0.7978663486068317
512.0,0.7978994798396448
512.0,0.797932611072458
512.0,0.7979657423052712
512.0,0.7979988735380843
512.0,0.7980320047708975
512.0,0.7980651360037107
512.0,0.7980982672365239
512.0,0.798131398469337
512.0,0.7981645297021502
512.0,0.7981976609349634
512.0,0.7982307921677766
512.0,0.7982639234005897
512.0,0.798297054633403
512.0,0.7983301858662161
512.0,0.7983633170990293
512.0,0.7983964483318424
512.0,0.7984295795646557
512.0,0.7984627107974688
512.0,0.7984958420302819
512.0,0.7985289732630951
512.0,0.7985621044959083
512.0,0.7985952357287215
512.0,0.7986283669615346
512.0,0.7986614981943478
512.0,0.798694629427161
512.0,0.7987277606599742
512.0,0.7987608918927873
512.0,0.7987940231256005
512.0,0.7988271543584137
512.0,0.7988602855912269
512.0,0.79889341682404
512.0,0.7989265480568531
512.0,0.7989596792896664
512.0,0.7989928105224795
512.0,0.7990259417552927
512.0,0.7990590729881059
512.0,0.7990922042209191
512.0,0.7991253354537322
512.0,0.7991584666865454
512.0,0.7991915979193586
512.0,0.7992247291521718
512.0,0.7992578603849849
512.0,0.7992909916177982
512.0,0.7993241228506113
512.0,0.7993572540834244
512.0,0.7993903853162376
512.0,0.7994235165490507
512.0,0.799456647781864
512.0,0.7994897790146771
512.0,0.7995229102474903
512.0,0.7995560414803035
512.0,0.7995891727131167
512.0,0.7996223039459298
512.0,0.799655435178743
512.0,0.7996885664115562
512.0,0.7997216976443694
512.0,0.7997548288771825
512.0,0.7997879601099956
512.0,0.7998210913428089
512.0,0.799854222575622
512.0,0.7998873538084352
512.0,0.7999204850412484
512.0,0.7999536162740616
512.0,0.7999867475068747
512.0,0.8000198787396879
512.0,0.8000530099725011
512.0,0.8000861412053143
512.0,0.8001192724381274
512.0,0.8001524036709406
512.0,0.8001855349037538
512.0,0.8002186661365669
512.0,0.8002517973693801
512.0,0.8002849286021932
512.0,0.8003180598350065
512.0,0.8003511910678196
512.0,0.8003843223006328
512.0,0.800417453533446
512.0,0.8004505847662592
512.0,0.8004837159990723
512.0,0.8005168472318855
512.0,0.8005499784646987
512.0,0.8005831096975119
512.0,0.800616240930325
512.0,0.8006493721631381
512.0,0.8006825033959514
512.0,0.8007156346287645
512.0,0.8007487658615777
512.0,0.8007818970943908
512.0,0.8008150283272041
512.0,0.8008481595600172
512.0,0.8008812907928304
512.0,0.8009144220256436
512.0,0.8009475532584568
512.0,0.8009806844912699
512.0,0.8010138157240831
512.0,0.8010469469568963
512.0,0.8010800781897094
512.0,0.8011132094225226
512.0,0.8011463406553357
512.0,0.801179471888149
512.0,0.8012126031209621
512.0,0.8012457343537753
512.0,0.8012788655865885
512.0,0.8013119968194017
512.0,0.8013451280522148
512.0,0.801378259285028
512.0,0.8014113905178412
512.0,0.8014445217506544
512.0,0.8014776529834675
512.0,0.8015107842162806
512.0,0.8015439154490939
512.0,0.801577046681907
512.0,0.8016101779147202
512.0,0.8016433091475333
512.0,0.8016764403803466
512.0,0.8017095716131597
512.0,0.8017427028459729
512.0,0.801775834078786
512.0,0.8018089653115993
512.0,0.8018420965444124
512.0,0.8018752277772256
512.0,0.8019083590100388
512.0,0.8019414902428519
512.0,0.8019746214756651
512.0,0.8020077527084782
512.0,0.8020408839412915
512.0,0.8020740151741046
512.0,0.8021071464069178
512.0,0.802140277639731
512.0,0.8021734088725442
512.0,0.8022065401053573
512.0,0.8022396713381705
512.0,0.8022728025709837
512.0,0.8023059338037969
512.0,0.80233906503661
512.0,0.8023721962694231
512.0,0.8024053275022364
512.0,0.8024384587350495
512.0,0.8024715899678627
512.0,0.8025047212006758
512.0,0.8025378524334891
512.0,0.8025709836663022
512.0,0.8026041148991154
512.0,0.8026372461319286
512.0,0.8026703773647418
512.0,0.8027035085975549
512.0,0.8027366398303681
512.0,0.8027697710631813
512.0,0.8028029022959944
512.0,0.8028360335288076
512.0,0.8028691647616207
512.0,0.802902295994434
512.0,0.8029354272272471
512.0,0.8029685584600603
512.0,0.8030016896928734
512.0,0.8030348209256867
512.0,0.8030679521584998
512.0,0.803101083391313
512.0,0.8031342146241262
512.0,0.8031673458569394
512.0,0.8032004770897525
512.0,0.8032336083225656
512.0,0.8032667395553789
512.0,0.803299870788192
512.0,0.8033330020210052
512.0,0.8033661332538183
512.0,0.8033992644866316
512.0,0.8034323957194447
512.0,0.8034655269522579
512.0,0.803498658185071
512.0,0.8035317894178843
512.0,0.8035649206506974
512.0,0.8035980518835106
512.0,0.8036311831163238
512.0,0.8036643143491369
512.0,0.8036974455819501
512.0,0.8037305768147632
512.0,0.8037637080475765
512.0,0.8037968392803896
512.0,0.8038299705132028
512.0,0.8038631017460159
512.0,0.8038962329788292
512.0,0.8039293642116423
512.0,0.8039624954444555
512.0,0.8039956266772686
512.0,0.8040287579100819
512.0,0.804061889142895
512.0,0.8040950203757081
512.0,0.8041281516085214
512.0,0.8041612828413345
512.0,0.8041944140741477
512.0,0.8042275453069608
512.0,0.8042606765397741
512.0,0.8042938077725872
512.0,0.8043269390054004
512.0,0.8043600702382135
512.0,0.8043932014710268
512.0,0.8044263327038399
512.0,0.8044594639366531
512.0,0.8044925951694663
512.0,0.8045257264022795
512.0,0.8045588576350926
512.0,0.8045919888679057
512.0,0.804625120100719
512.0,0.8046582513335321
512.0,0.8046913825663453
512.0,0.8047245137991584
512.0,0.8047576450319717
512.0,0.8047907762647848
512.0,0.804823907497598
512.0,0.8048570387304111
512.0,0.8048901699632244
512.0,0.8049233011960375
512.0,0.8049564324288507
512.0,0.8049895636616639
512.0,0.805022694894477
512.0,0.8050558261272902
512.0,0.8050889573601033
512.0,0.8051220885929166
512.0,0.8051552198257297
512.0,0.8051883510585429
512.0,0.805221482291356
512.0,0.8052546135241693
512.0,0.8052877447569824
512.0,0.8053208759897956
512.0,0.8053540072226087
512.0,0.805387138455422
512.0,0.8054202696882351
512.0,0.8054534009210482
512.0,0.8054865321538615
512.0,0.8055196633866746
512.0,0.8055527946194878
512.0,0.8055859258523009
512.0,0.8056190570851142
512.0,0.8056521883179273
512.0,0.8056853195507405
512.0,0.8057184507835536
512.0,0.8057515820163669
512.0,0.80578471324918
512.0,0.8058178444819932
512.0,0.8058509757148064
512.0,0.8058841069476195
512.0,0.8059172381804327
512.0,0.8059503694132458
512.0,0.8059835006460591
512.0,0.8060166318788722
512.0,0.8060497631116854
512.0,0.8060828943444985
512.0,0.8061160255773118
512.0,0.8061491568101249
512.0,0.8061822880429381
512.0,0.8062154192757512
512.0,0.8062485505085645
512.0,0.8062816817413776
512.0,0.8063148129741907
512.0,0.806347944207004
512.0,0.8063810754398171
512.0,0.8064142066726303
512.0,0.8064473379054434
512.0,0.8064804691382567
512.0,0.8065136003710698
512.0,0.806546731603883
512.0,0.8065798628366961
512.0,0.8066129940695094
512.0,0.8066461253023225
512.0,0.8066792565351357
512.0,0.8067123877679488
512.0,0.806745519000762
512.0,0.8067786502335752
512.0,0.8068117814663883
512.0,0.8068449126992016
512.0,0.8068780439320147
512.0,0.8069111751648279
512.0,0.806944306397641
512.0,0.8069774376304543
512.0,0.8070105688632674
512.0,0.8070437000960806
512.0,0.8070768313288937
512.0,0.807109962561707
512.0,0.8071430937945201
512.0,0.8071762250273332
512.0,0.8072093562601464
512.0,0.8072424874929596
512.0,0.8072756187257728
512.0,0.8073087499585859
512.0,0.8073418811913992
512.0,0.8073750124242123
512.0,0.8074081436570255
512.0,0.8074412748898386
512.0,0.8074744061226519
512.0,0.807507537355465
512.0,0.8075406685882782
512.0,0.8075737998210913
512.0,0.8076069310539045
512.0,0.8076400622867177
512.0,0.8076731935195308
512.0,0.807706324752344
512.0,0.8077394559851572
512.0,0.8077725872179704
512.0,0.8078057184507835
512.0,0.8078388496835968
512.0,0.8078719809164099
512.0,0.8079051121492231
512.0,0.8079382433820362
512.0,0.8079713746148495
512.0,0.8080045058476626
512.0,0.8080376370804757
512.0,0.808070768313289
512.0,0.8081038995461021
512.0,0.8081370307789153
512.0,0.8081701620117284
512.0,0.8082032932445417
512.0,0.8082364244773548
512.0,0.808269555710168
512.0,0.8083026869429811
512.0,0.8083358181757944
512.0,0.8083689494086075
512.0,0.8084020806414207
512.0,0.8084352118742338
512.0,0.808468343107047
512.0,0.8085014743398602
512.0,0.8085346055726733
512.0,0.8085677368054865
512.0,0.8086008680382997
512.0,0.8086339992711129
512.0,0.808667130503926
512.0,0.8087002617367393
512.0,0.8087333929695524
512.0,0.8087665242023656
512.0,0.8087996554351787
512.0,0.808832786667992
512.0,0.8088659179008051
512.0,0.8088990491336182
512.0,0.8089321803664314
512.0,0.8089653115992446
512.0,0.8089984428320578
512.0,0.8090315740648709
512.0,0.8090647052976842
512.0,0.8090978365304973
512.0,0.8091309677633105
512.0,0.8091640989961236
512.0,0.8091972302289369
512.0,0.80923036146175
512.0,0.8092634926945632
512.0,0.8092966239273763
512.0,0.8093297551601895
512.0,0.8093628863930027
512.0,0.8093960176258158
512.0,0.809429148858629
512.0,0.8094622800914422
512.0,0.8094954113242554
512.0,0.8095285425570685
512.0,0.8095616737898818
512.0,0.8095948050226949
512.0,0.8096279362555081
512.0,0.8096610674883212
512.0,0.8096941987211345
512.0,0.8097273299539476
512.0,0.8097604611867607
512.0,0.8097935924195739
512.0,0.8098267236523871
512.0,0.8098598548852003
512.0,0.8098929861180134
512.0,0.8099261173508266
512.0,0.8099592485836398
512.0,0.809992379816453
512.0,0.8100255110492661
512.0,0.8100586422820794
512.0,0.8100917735148925
512.0,0.8101249047477057
512.0,0.8101580359805188
512.0,0.810191167213332
512.0,0.8102242984461452
512.0,0.8102574296789583
512.0,0.8102905609117715
512.0,0.8103236921445847
512.0,0.8103568233773979
512.0,0.810389954610211
512.0,0.8104230858430242
512.0,0.8104562170758374
512.0,0.8104893483086506
512.0,0.8105224795414637
512.0,0.810555610774277
512.0,0.8105887420070901
512.0,0.8106218732399033
512.0,0.8106550044727164
512.0,0.8106881357055296
512.0,0.8107212669383428
512.0,0.8107543981711559
512.0,0.8107875294039691
512.0,0.8108206606367823
512.0,0.8108537918695955
512.0,0.8108869231024086
512.0,0.8109200543352219
512.0,0.810953185568035
512.0,0.8109863168008482
512.0,0.8110194480336613
512.0,0.8110525792664746
512.0,0.8110857104992877
512.0,0.8111188417321008
512.0,0.811151972964914
512.0,0.8111851041977272
512.0,0.8112182354305404
512.0,0.8112513666633535
512.0,0.8112844978961667
512.0,0.8113176291289799
512.0,0.8113507603617931
512.0,0.8113838915946062
512.0,0.8114170228274195
512.0,0.8114501540602326
512.0,0.8114832852930458
512.0,0.8115164165258589
512.0,0.811549547758672
512.0,0.8115826789914853
512.0,0.8116158102242984
512.0,0.8116489414571116
512.0,0.8116820726899248
512.0,0.811715203922738
512.0,0.8117483351555511
512.0,0.8117814663883643
512.0,0.8118145976211775
512.0,0.8118477288539907
512.0,0.8118808600868038
512.0,0.8119139913196171
512.0,0.8119471225524302
512.0,0.8119802537852433
512.0,0.8120133850180565
512.0,0.8120465162508697
512.0,0.8120796474836829
512.0,0.812112778716496
512.0,0.8121459099493092
512.0,0.8121790411821224
512.0,0.8122121724149356
512.0,0.8122453036477487
512.0,0.812278434880562
512.0,0.8123115661133751
512.0,0.8123446973461883
512.0,0.8123778285790014
512.0,0.8124109598118145
512.0,0.8124440910446278
512.0,0.8124772222774409
512.0,0.8125103535102541
512.0,0.8125434847430673
512.0,0.8125766159758805
512.0,0.8126097472086936
512.0,0.8126428784415068
512.0,0.81267600967432
512.0,0.8127091409071332
512.0,0.8127422721399463
512.0,0.8127754033727596
512.0,0.8128085346055727
512.0,0.8128416658383858
512.0,0.812874797071199
512.0,0.8129079283040122
512.0,0.8129410595368254
512.0,0.8129741907696385
512.0,0.8130073220024517
512.0,0.8130404532352649
512.0,0.8130735844680781
512.0,0.8131067157008912
512.0,0.8131398469337044
512.0,0.8131729781665176
512.0,0.8132061093993308
512.0,0.8132392406321439
512.0,0.813272371864957
512.0,0.8133055030977703
512.0,0.8133386343305834
512.0,0.8133717655633966
512.0,0.8134048967962098
512.0,0.813438028029023
512.0,0.8134711592618361
512.0,0.8135042904946493
512.0,0.8135374217274625
512.0,0.8135705529602757
512.0,0.8136036841930888
512.0,0.813636815425902
512.0,0.8136699466587152
512.0,0.8137030778915283
512.0,0.8137362091243415
512.0,0.8137693403571546
512.0,0.8138024715899679
512.0,0.813835602822781
512.0,0.8138687340555942
512.0,0.8139018652884074
512.0,0.8139349965212206
512.0,0.8139681277540337
512.0,0.8140012589868469
512.0,0.8140343902196601
512.0,0.8140675214524733
512.0,0.8141006526852864
512.0,0.8141337839180995
512.0,0.8141669151509128
512.0,0.8142000463837259
512.0,0.8142331776165391
512.0,0.8142663088493522
512.0,0.8142994400821655
512.0,0.8143325713149786
512.0,0.8143657025477918
512.0,0.814398833780605
512.0,0.8144319650134182
512.0,0.8144650962462313
512.0,0.8144982274790445
512.0,0.8145313587118577
512.0,0.8145644899446708
512.0,0.814597621177484
512.0,0.8146307524102971
512.0,0.8146638836431104
512.0,0.8146970148759235
512.0,0.8147301461087367
512.0,0.8147632773415499
512.0,0.8147964085743631
512.0,0.8148295398071762
512.0,0.8148626710399894
512.0,0.8148958022728026
512.0,0.8149289335056158
512.0,0.8149620647384289
512.0,0.814995195971242
512.0,0.8150283272040553
512.0,0.8150614584368684
512.0,0.8150945896696816
512.0,0.8151277209024947
512.0,0.815160852135308
512.0,0.8151939833681211
512.0,0.8152271146009343
512.0,0.8152602458337475
512.0,0.8152933770665607
512.0,0.8153265082993738
512.0,0.815359639532187
512.0,0.8153927707650002
512.0,0.8154259019978133
512.0,0.8154590332306265
512.0,0.8154921644634396
512.0,0.8155252956962529
512.0,0.815558426929066
512.0,0.8155915581618792
512.0,0.8156246893946923
512.0,0.8156578206275056
512.0,0.8156909518603187
512.0,0.8157240830931319
512.0,0.8157572143259451
512.0,0.8157903455587583
512.0,0.8158234767915714
512.0,0.8158566080243845
512.0,0.8158897392571978
512.0,0.8159228704900109
512.0,0.8159560017228241
512.0,0.8159891329556372
512.0,0.8160222641884505
512.0,0.8160553954212636
512.0,0.8160885266540768
512.0,0.81612165788689
512.0,0.8161547891197032
512.0,0.8161879203525163
512.0,0.8162210515853295
512.0,0.8162541828181427
512.0,0.8162873140509558
512.0,0.816320445283769
512.0,0.8163535765165821
512.0,0.8163867077493954
512.0,0.8164198389822085
512.0,0.8164529702150217
512.0,0.8164861014478348
512.0,0.8165192326806481
512.0,0.8165523639134612
512.0,0.8165854951462744
512.0,0.8166186263790876
512.0,0.8166517576119008
512.0,0.8166848888447139
512.0,0.816718020077527
512.0,0.8167511513103403
512.0,0.8167842825431534
512.0,0.8168174137759666
512.0,0.8168505450087797
512.0,0.816883676241593
512.0,0.8169168074744061
512.0,0.8169499387072193
512.0,0.8169830699400324
512.0,0.8170162011728457
512.0,0.8170493324056588
512.0,0.817082463638472
512.0,0.8171155948712852
512.0,0.8171487261040984
512.0,0.8171818573369115
512.0,0.8172149885697246
512.0,0.8172481198025379
512.0,0.817281251035351
512.0,0.8173143822681642
512.0,0.8173475135009773
512.0,0.8173806447337906
512.0,0.8174137759666037
512.0,0.8174469071994169
512.0,0.81748003843223
512.0,0.8175131696650433
512.0,0.8175463008978564
512.0,0.8175794321306696
512.0,0.8176125633634828
512.0,0.8176456945962959
512.0,0.8176788258291091
512.0,0.8177119570619222
512.0,0.8177450882947355
512.0,0.8177782195275486
512.0,0.8178113507603618
512.0,0.8178444819931749
512.0,0.8178776132259882
512.0,0.8179107444588013
512.0,0.8179438756916145
512.0,0.8179770069244277
512.0,0.8180101381572409
512.0,0.818043269390054
512.0,0.8180764006228671
512.0,0.8181095318556804
512.0,0.8181426630884935
512.0,0.8181757943213067
512.0,0.8182089255541198
512.0,0.8182420567869331
512.0,0.8182751880197462
512.0,0.8183083192525594
512.0,0.8183414504853725
512.0,0.8183745817181858
512.0,0.8184077129509989
512.0,0.8184408441838121
512.0,0.8184739754166253
512.0,0.8185071066494384
512.0,0.8185402378822516
512.0,0.8185733691150647
512.0,0.818606500347878
512.0,0.8186396315806911
512.0,0.8186727628135043
512.0,0.8187058940463174
512.0,0.8187390252791307
512.0,0.8187721565119438
512.0,0.818805287744757
512.0,0.8188384189775701
512.0,0.8188715502103834
512.0,0.8189046814431965
512.0,0.8189378126760096
512.0,0.8189709439088229
512.0,0.819004075141636
512.0,0.8190372063744492
512.0,0.8190703376072623
512.0,0.8191034688400756
512.0,0.8191366000728887
512.0,0.8191697313057019
512.0,0.819202862538515
512.0,0.8192359937713283
512.0,0.8192691250041414
512.0,0.8193022562369546
512.0,0.8193353874697678
512.0,0.8193685187025809
512.0,0.8194016499353941
512.0,0.8194347811682072
512.0,0.8194679124010205
512.0,0.8195010436338336
512.0,0.8195341748666468
512.0,0.8195673060994599
512.0,0.8196004373322732
512.0,0.8196335685650863
512.0,0.8196666997978995
512.0,0.8196998310307126
512.0,0.8197329622635259
512.0,0.819766093496339
512.0,0.8197992247291521
512.0,0.8198323559619654
512.0,0.8198654871947785
512.0,0.8198986184275917
512.0,0.8199317496604048
512.0,0.8199648808932181
512.0,0.8199980121260312
512.0,0.8200311433588444
512.0,0.8200642745916575
512.0,0.8200974058244708
512.0,0.8201305370572839
512.0,0.8201636682900971
512.0,0.8201967995229102
512.0,0.8202299307557234
512.0,0.8202630619885366
512.0,0.8202961932213497
512.0,0.820329324454163
512.0,0.8203624556869761
512.0,0.8203955869197893
512.0,0.8204287181526024
512.0,0.8204618493854157
512.0,0.8204949806182288
512.0,0.820528111851042
512.0,0.8205612430838551
512.0,0.8205943743166684
512.0,0.8206275055494815
512.0,0.8206606367822946
512.0,0.8206937680151078
512.0,0.820726899247921
512.0,0.8207600304807342
512.0,0.8207931617135473
512.0,0.8208262929463606
512.0,0.8208594241791737
512.0,0.8208925554119869
512.0,0.8209256866448
512.0,0.8209588178776133
512.0,0.8209919491104264
512.0,0.8210250803432396
512.0,0.8210582115760527
512.0,0.8210913428088659
512.0,0.8211244740416791
512.0,0.8211576052744922
512.0,0.8211907365073055
512.0,0.8212238677401186
512.0,0.8212569989729318
512.0,0.8212901302057449
512.0,0.8213232614385582
512.0,0.8213563926713713
512.0,0.8213895239041845
512.0,0.8214226551369976
512.0,0.8214557863698109
512.0,0.821488917602624
512.0,0.8215220488354371
512.0,0.8215551800682503
512.0,0.8215883113010635
512.0,0.8216214425338767
512.0,0.8216545737666898
512.0,0.821687704999503
512.0,0.8217208362323162
512.0,0.8217539674651294
512.0,0.8217870986979425
512.0,0.8218202299307558
512.0,0.8218533611635689
512.0,0.8218864923963821
512.0,0.8219196236291952
512.0,0.8219527548620084
512.0,0.8219858860948216
512.0,0.8220190173276347
512.0,0.822052148560448
512.0,0.8220852797932611
512.0,0.8221184110260743
512.0,0.8221515422588874
512.0,0.8221846734917007
512.0,0.8222178047245138
512.0,0.822250935957327
512.0,0.8222840671901401
512.0,0.8223171984229534
512.0,0.8223503296557665
512.0,0.8223834608885796
512.0,0.8224165921213928
512.0,0.822449723354206
512.0,0.8224828545870192
512.0,0.8225159858198323
512.0,0.8225491170526456
512.0,0.8225822482854587
512.0,0.8226153795182719
512.0,0.822648510751085
512.0,0.8226816419838983
512.0,0.8227147732167114
512.0,0.8227479044495246
512.0,0.8227810356823377
512.0,0.8228141669151509
512.0,0.8228472981479641
512.0,0.8228804293807772
512.0,0.8229135606135904
512.0,0.8229466918464036
512.0,0.8229798230792168
512.0,0.8230129543120299
512.0,0.8230460855448432
512.0,0.8230792167776563
512.0,0.8231123480104695
512.0,0.8231454792432826
512.0,0.8231786104760959
512.0,0.823211741708909
512.0,0.8232448729417222
512.0,0.8232780041745353
512.0,0.8233111354073485
512.0,0.8233442666401617
512.0,0.8233773978729748
512.0,0.823410529105788
512.0,0.8234436603386012
512.0,0.8234767915714144
512.0,0.8235099228042275
512.0,0.8235430540370408
512.0,0.8235761852698539
512.0,0.8236093165026671
512.0,0.8236424477354802
512.0,0.8236755789682935
512.0,0.8237087102011066
512.0,0.8237418414339197
512.0,0.8237749726667329
512.0,0.8238081038995461
512.0,0.8238412351323593
512.0,0.8238743663651724
512.0,0.8239074975979856
512.0,0.8239406288307988
512.0,0.823973760063612
512.0,0.8240068912964251
512.0,0.8240400225292384
512.0,0.8240731537620515
512.0,0.8241062849948647
512.0,0.8241394162276778
512.0,0.824172547460491
512.0,0.8242056786933042
512.0,0.8242388099261173
512.0,0.8242719411589305
512.0,0.8243050723917437
512.0,0.8243382036245569
512.0,0.82437133485737
512.0,0.8244044660901833
512.0,0.8244375973229964
512.0,0.8244707285558096
512.0,0.8245038597886227
512.0,0.824536991021436
512.0,0.8245701222542491
512.0,0.8246032534870622
512.0,0.8246363847198754
512.0,0.8246695159526886
512.0,0.8247026471855018
512.0,0.8247357784183149
512.0,0.8247689096511281
512.0,0.8248020408839413
512.0,0.8248351721167545
512.0,0.8248683033495676
512.0,0.8249014345823809
512.0,0.824934565815194
512.0,0.8249676970480072
512.0,0.8250008282808203
512.0,0.8250339595136335
512.0,0.8250670907464467
512.0,0.8251002219792598
512.0,0.825133353212073
512.0,0.8251664844448862
512.0,0.8251996156776994
512.0,0.8252327469105125
512.0,0.8252658781433257
512.0,0.8252990093761389
512.0,0.8253321406089521
512.0,0.8253652718417652
512.0,0.8253984030745785
512.0,0.8254315343073916
512.0,0.8254646655402047
512.0,0.8254977967730179
512.0,0.825530928005831
512.0,0.8255640592386443
512.0,0.8255971904714574
512.0,0.8256303217042706
512.0,0.8256634529370838
512.0,0.825696584169897
512.0,0.8257297154027101
512.0,0.8257628466355234
512.0,0.8257959778683365
512.0,0.8258291091011497
512.0,0.8258622403339628
512.0,0.825895371566776
512.0,0.8259285027995892
512.0,0.8259616340324023
512.0,0.8259947652652155
512.0,0.8260278964980287
512.0,0.8260610277308419
512.0,0.826094158963655
512.0,0.8261272901964682
512.0,0.8261604214292814
512.0,0.8261935526620946
512.0,0.8262266838949077
512.0,0.826259815127721
512.0,0.8262929463605341
512.0,0.8263260775933472
512.0,0.8263592088261604
512.0,0.8263923400589736
512.0,0.8264254712917868
512.0,0.8264586025245999
512.0,0.8264917337574131
512.0,0.8265248649902263
512.0,0.8265579962230395
512.0,0.8265911274558526
512.0,0.8266242586886658
512.0,0.826657389921479
512.0,0.8266905211542922
512.0,0.8267236523871053
512.0,0.8267567836199184
512.0,0.8267899148527317
512.0,0.8268230460855448
512.0,0.826856177318358
512.0,0.8268893085511712
512.0,0.8269224397839844
512.0,0.8269555710167975
512.0,0.8269887022496107
512.0,0.8270218334824239
512.0,0.8270549647152371
512.0,0.8270880959480502
512.0,0.8271212271808634
512.0,0.8271543584136766
512.0,0.8271874896464897
512.0,0.8272206208793029
512.0,0.827253752112116
512.0,0.8272868833449293
512.0,0.8273200145777424
512.0,0.8273531458105556
512.0,0.8273862770433688
512.0,0.827419408276182
512.0,0.8274525395089951
512.0,0.8274856707418083
512.0,0.8275188019746215
512.0,0.8275519332074347
512.0,0.8275850644402478
512.0,0.8276181956730609
512.0,0.8276513269058742
512.0,0.8276844581386873
512.0,0.8277175893715005
512.0,0.8277507206043137
512.0,0.8277838518371269
512.0,0.82781698306994
512.0,0.8278501143027532
512.0,0.8278832455355664
512.0,0.8279163767683796
512.0,0.8279495080011927
512.0,0.827982639234006
512.0,0.8280157704668191
512.0,0.8280489016996322
512.0,0.8280820329324454
512.0,0.8281151641652585
512.0,0.8281482953980718
512.0,0.8281814266308849
512.0,0.8282145578636981
512.0,0.8282476890965113
512.0,0.8282808203293245
512.0,0.8283139515621376
512.0,0.8283470827949508
512.0,0.828380214027764
512.0,0.8284133452605772
512.0,0.8284464764933903
512.0,0.8284796077262034
512.0,0.8285127389590167
512.0,0.8285458701918298
512.0,0.828579001424643
512.0,0.8286121326574561
512.0,0.8286452638902694
512.0,0.8286783951230825
512.0,0.8287115263558957
512.0,0.8287446575887089
512.0,0.8287777888215221
512.0,0.8288109200543352
512.0,0.8288440512871484
512.0,0.8288771825199616
512.0,0.8289103137527747
512.0,0.8289434449855879
512.0,0.828976576218401
512.0,0.8290097074512143
512.0,0.8290428386840274
512.0,0.8290759699168406
512.0,0.8291091011496537
512.0,0.829142232382467
512.0,0.8291753636152801
512.0,0.8292084948480933
512.0,0.8292416260809065
512.0,0.8292747573137197
512.0,0.8293078885465328
512.0,0.829341019779346
512.0,0.8293741510121592
512.0,0.8294072822449723
512.0,0.8294404134777855
512.0,0.8294735447105986
512.0,0.8295066759434119
512.0,0.829539807176225
512.0,0.8295729384090382
512.0,0.8296060696418514
512.0,0.8296392008746646
512.0,0.8296723321074777
512.0,0.8297054633402909
512.0,0.8297385945731041
512.0,0.8297717258059173
512.0,0.8298048570387304
512.0,0.8298379882715435
512.0,0.8298711195043568
512.0,0.8299042507371699
512.0,0.8299373819699831
512.0,0.8299705132027962
512.0,0.8300036444356095
512.0,0.8300367756684226
512.0,0.8300699069012358
512.0,0.830103038134049
512.0,0.8301361693668622
512.0,0.8301693005996753
512.0,0.8302024318324885
512.0,0.8302355630653017
512.0,0.8302686942981148
512.0,0.830301825530928
512.0,0.8303349567637411
512.0,0.8303680879965544
512.0,0.8304012192293675
512.0,0.8304343504621807
512.0,0.8304674816949938
512.0,0.8305006129278071
512.0,0.8305337441606202
512.0,0.8305668753934334
512.0,0.8306000066262466
512.0,0.8306331378590598
512.0,0.8306662690918729
512.0,0.830699400324686
512.0,0.8307325315574993
512.0,0.8307656627903124
512.0,0.8307987940231256
512.0,0.8308319252559387
512.0,0.830865056488752
512.0,0.8308981877215651
512.0,0.8309313189543783
512.0,0.8309644501871915
512.0,0.8309975814200047
512.0,0.8310307126528178
512.0,0.831063843885631
512.0,0.8310969751184442
512.0,0.8311301063512573
512.0,0.8311632375840705
512.0,0.8311963688168836
512.0,0.8312295000496969
512.0,0.83126263128251
512.0,0.8312957625153232
512.0,0.8313288937481363
512.0,0.8313620249809496
512.0,0.8313951562137627
512.0,0.8314282874465759
512.0,0.831461418679389
512.0,0.8314945499122023
512.0,0.8315276811450154
512.0,0.8315608123778285
512.0,0.8315939436106418
512.0,0.8316270748434549
512.0,0.8316602060762681
512.0,0.8316933373090812
512.0,0.8317264685418945
512.0,0.8317595997747076
512.0,0.8317927310075208
512.0,0.831825862240334
512.0,0.8318589934731472
512.0,0.8318921247059603
512.0,0.8319252559387735
512.0,0.8319583871715867
512.0,0.8319915184043998
512.0,0.832024649637213
512.0,0.8320577808700261
512.0,0.8320909121028394
512.0,0.8321240433356525
512.0,0.8321571745684657
512.0,0.8321903058012788
512.0,0.8322234370340921
512.0,0.8322565682669052
512.0,0.8322896994997184
512.0,0.8323228307325315
512.0,0.8323559619653448
512.0,0.8323890931981579
512.0,0.832422224430971
512.0,0.8324553556637843
512.0,0.8324884868965974
512.0,0.8325216181294106
512.0,0.8325547493622237
512.0,0.832587880595037
512.0,0.8326210118278501
512.0,0.8326541430606633
512.0,0.8326872742934764
512.0,0.8327204055262897
512.0,0.8327535367591028
512.0,0.832786667991916
512.0,0.8328197992247292
512.0,0.8328529304575423
512.0,0.8328860616903555
512.0,0.8329191929231686
512.0,0.8329523241559819
512.0,0.832985455388795
512.0,0.8330185866216082
512.0,0.8330517178544213
512.0,0.8330848490872346
512.0,0.8331179803200477
512.0,0.8331511115528609
512.0,0.833184242785674
512.0,0.8332173740184873
512.0,0.8332505052513004
512.0,0.8332836364841135
512.0,0.8333167677169268
512.0,0.8333498989497399
512.0,0.8333830301825531
512.0,0.8334161614153662
512.0,0.8334492926481795
512.0,0.8334824238809926
512.0,0.8335155551138058
512.0,0.8335486863466189
512.0,0.8335818175794322
512.0,0.8336149488122453
512.0,0.8336480800450585
512.0,0.8336812112778716
512.0,0.8337143425106848
512.0,0.833747473743498
512.0,0.8337806049763111
512.0,0.8338137362091244
512.0,0.8338468674419375
512.0,0.8338799986747507
512.0,0.8339131299075638
512.0,0.8339462611403771
512.0,0.8339793923731902
512.0,0.8340125236060034
512.0,0.8340456548388165
512.0,0.8340787860716298
512.0,0.8341119173044429
512.0,0.834145048537256
512.0,0.8341781797700693
512.0,0.8342113110028824
512.0,0.8342444422356956
512.0,0.8342775734685087
512.0,0.834310704701322
512.0,0.8343438359341351
512.0,0.8343769671669483
512.0,0.8344100983997614
512.0,0.8344432296325747
512.0,0.8344763608653878
512.0,0.834509492098201
512.0,0.8345426233310141
512.0,0.8345757545638273
512.0,0.8346088857966405
512.0,0.8346420170294536
512.0,0.8346751482622669
512.0,0.83470827949508
512.0,0.8347414107278932
512.0,0.8347745419607063
512.0,0.8348076731935196
512.0,0.8348408044263327
512.0,0.8348739356591459
512.0,0.834907066891959
512.0,0.8349401981247723
512.0,0.8349733293575854
512.0,0.8350064605903985
512.0,0.8350395918232117
512.0,0.8350727230560249
512.0,0.8351058542888381
512.0,0.8351389855216512
512.0,0.8351721167544645
512.0,0.8352052479872776
512.0,0.8352383792200908
512.0,0.8352715104529039
512.0,0.8353046416857172
512.0,0.8353377729185303
512.0,0.8353709041513435
512.0,0.8354040353841566
512.0,0.8354371666169699
512.0,0.835470297849783
512.0,0.8355034290825961
512.0,0.8355365603154093
512.0,0.8355696915482225
512.0,0.8356028227810357
512.0,0.8356359540138488
512.0,0.8356690852466621
512.0,0.8357022164794752
512.0,0.8357353477122884
512.0,0.8357684789451015
512.0,0.8358016101779148
512.0,0.8358347414107279
512.0,0.8358678726435411
512.0,0.8359010038763542
512.0,0.8359341351091674
512.0,0.8359672663419806
512.0,0.8360003975747937
512.0,0.836033528807607
512.0,0.8360666600404201
512.0,0.8360997912732333
512.0,0.8361329225060464
512.0,0.8361660537388597
512.0,0.8361991849716728
512.0,0.836232316204486
512.0,0.8362654474372991
512.0,0.8362985786701124
512.0,0.8363317099029255
512.0,0.8363648411357386
512.0,0.8363979723685518
512.0,0.836431103601365
512.0,0.8364642348341782
512.0,0.8364973660669913
512.0,0.8365304972998046
512.0,0.8365636285326177
512.0,0.8365967597654309
512.0,0.836629890998244
512.0,0.8366630222310573
512.0,0.8366961534638704
512.0,0.8367292846966836
512.0,0.8367624159294967
512.0,0.8367955471623099
512.0,0.8368286783951231
512.0,0.8368618096279362
512.0,0.8368949408607494
512.0,0.8369280720935626
512.0,0.8369612033263758
512.0,0.8369943345591889
512.0,0.8370274657920022
512.0,0.8370605970248153
512.0,0.8370937282576285
512.0,0.8371268594904416
512.0,0.8371599907232549
512.0,0.837193121956068
512.0,0.8372262531888811
512.0,0.8372593844216943
512.0,0.8372925156545075
512.0,0.8373256468873207
512.0,0.8373587781201338
512.0,0.837391909352947
512.0,0.8374250405857602
512.0,0.8374581718185734
512.0,0.8374913030513865
512.0,0.8375244342841998
512.0,0.8375575655170129
512.0,0.8375906967498261
512.0,0.8376238279826392
512.0,0.8376569592154524
512.0,0.8376900904482656
512.0,0.8377232216810787
512.0,0.8377563529138919
512.0,0.8377894841467051
512.0,0.8378226153795183
512.0,0.8378557466123314
512.0,0.8378888778451447
512.0,0.8379220090779578
512.0,0.837955140310771
512.0,0.8379882715435841
512.0,0.8380214027763974
512.0,0.8380545340092105
512.0,0.8380876652420236
512.0,0.8381207964748368
512.0,0.83815392770765
512.0,0.8381870589404632
512.0,0.8382201901732763
512.0,0.8382533214060895
512.0,0.8382864526389027
512.0,0.8383195838717159
512.0,0.838352715104529
512.0,0.8383858463373423
512.0,0.8384189775701554
512.0,0.8384521088029686
512.0,0.8384852400357817
512.0,0.8385183712685949
512.0,0.8385515025014081
512.0,0.8385846337342212
512.0,0.8386177649670344
512.0,0.8386508961998476
512.0,0.8386840274326608
512.0,0.8387171586654739
512.0,0.8387502898982871
512.0,0.8387834211311003
512.0,0.8388165523639135
512.0,0.8388496835967266
512.0,0.8388828148295399
512.0,0.838915946062353
512.0,0.8389490772951661
512.0,0.8389822085279793
512.0,0.8390153397607925
512.0,0.8390484709936057
512.0,0.8390816022264188
512.0,0.839114733459232
512.0,0.8391478646920452
512.0,0.8391809959248584
512.0,0.8392141271576715
512.0,0.8392472583904848
512.0,0.8392803896232979
512.0,0.8393135208561111
512.0,0.8393466520889242
512.0,0.8393797833217373
512.0,0.8394129145545506
512.0,0.8394460457873637
512.0,0.8394791770201769
512.0,0.8395123082529901
512.0,0.8395454394858033
512.0,0.8395785707186164
512.0,0.8396117019514296
512.0,0.8396448331842428
512.0,0.839677964417056
512.0,0.8397110956498691
512.0,0.8397442268826824
512.0,0.8397773581154955
512.0,0.8398104893483086
512.0,0.8398436205811218
512.0,0.839876751813935
512.0,0.8399098830467482
512.0,0.8399430142795613
512.0,0.8399761455123745
512.0,0.8400092767451877
512.0,0.8400424079780009
512.0,0.840075539210814
512.0,0.8401086704436272
512.0,0.8401418016764404
512.0,0.8401749329092536
512.0,0.8402080641420667
512.0,0.8402411953748798
512.0,0.8402743266076931
512.0,0.8403074578405062
512.0,0.8403405890733194
512.0,0.8403737203061326
512.0,0.8404068515389458
512.0,0.8404399827717589
512.0,0.8404731140045721
512.0,0.8405062452373853
512.0,0.8405393764701985
512.0,0.8405725077030116
512.0,0.8406056389358249
512.0,0.840638770168638
512.0,0.8406719014014511
512.0,0.8407050326342643
512.0,0.8407381638670774
512.0,0.8407712950998907
512.0,0.8408044263327038
512.0,0.840837557565517
512.0,0.8408706887983302
512.0,0.8409038200311434
512.0,0.8409369512639565
512.0,0.8409700824967697
512.0,0.8410032137295829
512.0,0.8410363449623961
512.0,0.8410694761952092
512.0,0.8411026074280223
512.0,0.8411357386608356
512.0,0.8411688698936487
512.0,0.8412020011264619
512.0,0.841235132359275
512.0,0.8412682635920883
512.0,0.8413013948249014
512.0,0.8413345260577146
512.0,0.8413676572905278
512.0,0.841400788523341
512.0,0.8414339197561541
512.0,0.8414670509889673
512.0,0.8415001822217805
512.0,0.8415333134545936
512.0,0.8415664446874068
512.0,0.8415995759202199
512.0,0.8416327071530332
512.0,0.8416658383858463
512.0,0.8416989696186595
512.0,0.8417321008514727
512.0,0.8417652320842859
512.0,0.841798363317099
512.0,0.8418314945499122
512.0,0.8418646257827254
512.0,0.8418977570155386
512.0,0.8419308882483517
512.0,0.841964019481165
512.0,0.8419971507139781
512.0,0.8420302819467912
512.0,0.8420634131796044
512.0,0.8420965444124175
512.0,0.8421296756452308
512.0,0.8421628068780439
512.0,0.8421959381108571
512.0,0.8422290693436703
512.0,0.8422622005764835
512.0,0.8422953318092966
512.0,0.8423284630421098
512.0,0.842361594274923
512.0,0.8423947255077362
512.0,0.8424278567405493
512.0,0.8424609879733624
512.0,0.8424941192061757
512.0,0.8425272504389888
512.0,0.842560381671802
512.0,0.8425935129046151
512.0,0.8426266441374284
512.0,0.8426597753702415
512.0,0.8426929066030547
512.0,0.8427260378358679
512.0,0.8427591690686811
512.0,0.8427923003014942
512.0,0.8428254315343074
512.0,0.8428585627671206
512.0,0.8428916939999337
512.0,0.8429248252327469
512.0,0.84295795646556
512.0,0.8429910876983733
512.0,0.8430242189311864
512.0,0.8430573501639996
512.0,0.8430904813968128
512.0,0.843123612629626
512.0,0.8431567438624391
512.0,0.8431898750952523
512.0,0.8432230063280655
512.0,0.8432561375608787
512.0,0.8432892687936918
512.0,0.8433224000265049
512.0,0.8433555312593182
512.0,0.8433886624921313
512.0,0.8434217937249445
512.0,0.8434549249577576
512.0,0.8434880561905709
512.0,0.843521187423384
512.0,0.8435543186561972
512.0,0.8435874498890104
512.0,0.8436205811218236
512.0,0.8436537123546367
512.0,0.8436868435874499
512.0,0.8437199748202631
512.0,0.8437531060530762
512.0,0.8437862372858894
512.0,0.8438193685187025
512.0,0.8438524997515158
512.0,0.8438856309843289
512.0,0.8439187622171421
512.0,0.8439518934499552
512.0,0.8439850246827685
512.0,0.8440181559155816
512.0,0.8440512871483948
512.0,0.844084418381208
512.0,0.8441175496140212
512.0,0.8441506808468343
512.0,0.8441838120796474
512.0,0.8442169433124607
512.0,0.8442500745452738
512.0,0.844283205778087
512.0,0.8443163370109001
512.0,0.8443494682437134
512.0,0.8443825994765265
512.0,0.8444157307093397
512.0,0.8444488619421529
512.0,0.8444819931749661
512.0,0.8445151244077792
512.0,0.8445482556405924
512.0,0.8445813868734056
512.0,0.8446145181062187
512.0,0.8446476493390319
512.0,0.844680780571845
512.0,0.8447139118046583
512.0,0.8447470430374714
512.0,0.8447801742702846
512.0,0.8448133055030977
512.0,0.844846436735911
512.0,0.8448795679687241
512.0,0.8449126992015373
512.0,0.8449458304343505
512.0,0.8449789616671637
512.0,0.8450120928999768
512.0,0.8450452241327899
512.0,0.8450783553656032
512.0,0.8451114865984163
512.0,0.8451446178312295
512.0,0.8451777490640426
512.0,0.8452108802968559
512.0,0.845244011529669
512.0,0.8452771427624822
512.0,0.8453102739952953
512.0,0.8453434052281086
512.0,0.8453765364609217
512.0,0.8454096676937349
512.0,0.8454427989265481
512.0,0.8454759301593612
512.0,0.8455090613921744
512.0,0.8455421926249875
512.0,0.8455753238578008
512.0,0.8456084550906139
512.0,0.8456415863234271
512.0,0.8456747175562402
512.0,0.8457078487890535
512.0,0.8457409800218666
512.0,0.8457741112546798
512.0,0.845807242487493
512.0,0.8458403737203062
512.0,0.8458735049531193
512.0,0.8459066361859324
512.0,0.8459397674187457
512.0,0.8459728986515588
512.0,0.846006029884372
512.0,0.8460391611171851
512.0,0.8460722923499984
512.0,0.8461054235828115
512.0,0.8461385548156247
512.0,0.8461716860484378
512.0,0.8462048172812511
512.0,0.8462379485140642
512.0,0.8462710797468774
512.0,0.8463042109796906
512.0,0.8463373422125037
512.0,0.8463704734453169
512.0,0.84640360467813
512.0,0.8464367359109433
512.0,0.8464698671437564
512.0,0.8465029983765696
512.0,0.8465361296093827
512.0,0.846569260842196
512.0,0.8466023920750091
512.0,0.8466355233078223
512.0,0.8466686545406354
512.0,0.8467017857734487
512.0,0.8467349170062618
512.0,0.8467680482390749
512.0,0.8468011794718882
512.0,0.8468343107047013
512.0,0.8468674419375145
512.0,0.8469005731703276
512.0,0.8469337044031409
512.0,0.846966835635954
512.0,0.8469999668687672
512.0,0.8470330981015803
512.0,0.8470662293343936
512.0,0.8470993605672067
512.0,0.8471324918000199
512.0,0.847165623032833
512.0,0.8471987542656462
512.0,0.8472318854984594
512.0,0.8472650167312725
512.0,0.8472981479640858
512.0,0.8473312791968989
512.0,0.8473644104297121
512.0,0.8473975416625252
512.0,0.8474306728953385
512.0,0.8474638041281516
512.0,0.8474969353609648
512.0,0.8475300665937779
512.0,0.8475631978265912
512.0,0.8475963290594043
512.0,0.8476294602922174
512.0,0.8476625915250307
512.0,0.8476957227578438
512.0,0.847728853990657
512.0,0.8477619852234701
512.0,0.8477951164562834
512.0,0.8478282476890965
512.0,0.8478613789219097
512.0,0.8478945101547228
512.0,0.8479276413875361
512.0,0.8479607726203492
512.0,0.8479939038531624
512.0,0.8480270350859755
512.0,0.8480601663187888
512.0,0.8480932975516019
512.0,0.848126428784415
512.0,0.8481595600172283
512.0,0.8481926912500414
512.0,0.8482258224828546
512.0,0.8482589537156677
512.0,0.848292084948481
512.0,0.8483252161812941
512.0,0.8483583474141073
512.0,0.8483914786469204
512.0,0.8484246098797337
512.0,0.8484577411125468
512.0,0.84849087234536
512.0,0.8485240035781731
512.0,0.8485571348109863
512.0,0.8485902660437995
512.0,0.8486233972766126
512.0,0.8486565285094259
512.0,0.848689659742239
512.0,0.8487227909750522
512.0,0.8487559222078653
512.0,0.8487890534406786
512.0,0.8488221846734917
512.0,0.8488553159063049
512.0,0.848888447139118
512.0,0.8489215783719313
512.0,0.8489547096047444
512.0,0.8489878408375575
512.0,0.8490209720703707
512.0,0.8490541033031839
512.0,0.8490872345359971
512.0,0.8491203657688102
512.0,0.8491534970016235
512.0,0.8491866282344366
512.0,0.8492197594672498
512.0,0.8492528907000629
512.0,0.8492860219328762
512.0,0.8493191531656893
512.0,0.8493522843985025
512.0,0.8493854156313156
512.0,0.8494185468641288
512.0,0.849451678096942
512.0,0.8494848093297551
512.0,0.8495179405625684
512.0,0.8495510717953815
512.0,0.8495842030281947
512.0,0.8496173342610078
512.0,0.8496504654938211
512.0,0.8496835967266342
512.0,0.8497167279594474
512.0,0.8497498591922605
512.0,0.8497829904250738
512.0,0.8498161216578869
512.0,0.8498492528907
512.0,0.8498823841235132
512.0,0.8499155153563264
512.0,0.8499486465891396
512.0,0.8499817778219527
512.0,0.850014909054766
512.0,0.8500480402875791
512.0,0.8500811715203923
512.0,0.8501143027532054
512.0,0.8501474339860187
512.0,0.8501805652188318
512.0,0.850213696451645
512.0,0.8502468276844581
512.0,0.8502799589172713
512.0,0.8503130901500845
512.0,0.8503462213828976
512.0,0.8503793526157108
512.0,0.850412483848524
512.0,0.8504456150813372
512.0,0.8504787463141503
512.0,0.8505118775469636
512.0,0.8505450087797767
512.0,0.8505781400125899
512.0,0.850611271245403
512.0,0.8506444024782163
512.0,0.8506775337110294
512.0,0.8507106649438425
512.0,0.8507437961766557
512.0,0.8507769274094689
512.0,0.8508100586422821
512.0,0.8508431898750952
512.0,0.8508763211079085
512.0,0.8509094523407216
512.0,0.8509425835735348
512.0,0.8509757148063479
512.0,0.8510088460391612
512.0,0.8510419772719743
512.0,0.8510751085047875
512.0,0.8511082397376006
512.0,0.8511413709704138
512.0,0.851174502203227
512.0,0.8512076334360401
512.0,0.8512407646688533
512.0,0.8512738959016665
512.0,0.8513070271344797
512.0,0.8513401583672928
512.0,0.851373289600106
512.0,0.8514064208329192
512.0,0.8514395520657324
512.0,0.8514726832985455
512.0,0.8515058145313588
512.0,0.8515389457641719
512.0,0.851572076996985
512.0,0.8516052082297982
512.0,0.8516383394626114
512.0,0.8516714706954246
512.0,0.8517046019282377
512.0,0.851737733161051
512.0,0.8517708643938641
512.0,0.8518039956266773
512.0,0.8518371268594904
512.0,0.8518702580923037
512.0,0.8519033893251168
512.0,0.85193652055793
512.0,0.8519696517907431
512.0,0.8520027830235563
512.0,0.8520359142563695
512.0,0.8520690454891826
512.0,0.8521021767219958
512.0,0.852135307954809
512.0,0.8521684391876222
512.0,0.8522015704204353
512.0,0.8522347016532485
512.0,0.8522678328860617
512.0,0.8523009641188749
512.0,0.852334095351688
512.0,0.8523672265845013
512.0,0.8524003578173144
512.0,0.8524334890501275
512.0,0.8524666202829407
512.0,0.8524997515157539
512.0,0.8525328827485671
512.0,0.8525660139813802
512.0,0.8525991452141934
512.0,0.8526322764470066
512.0,0.8526654076798198
512.0,0.8526985389126329
512.0,0.8527316701454462
512.0,0.8527648013782593
512.0,0.8527979326110725
512.0,0.8528310638438856
512.0,0.8528641950766988
512.0,0.852897326309512
512.0,0.8529304575423251
512.0,0.8529635887751383
512.0,0.8529967200079515
512.0,0.8530298512407647
512.0,0.8530629824735778
512.0,0.853096113706391
512.0,0.8531292449392042
512.0,0.8531623761720174
512.0,0.8531955074048305
512.0,0.8532286386376438
512.0,0.8532617698704569
512.0,0.85329490110327
512.0,0.8533280323360832
512.0,0.8533611635688964
512.0,0.8533942948017096
512.0,0.8534274260345227
512.0,0.8534605572673359
512.0,0.8534936885001491
512.0,0.8535268197329623
512.0,0.8535599509657754
512.0,0.8535930821985886
512.0,0.8536262134314018
512.0,0.853659344664215
512.0,0.8536924758970281
512.0,0.8537256071298412
512.0,0.8537587383626545
512.0,0.8537918695954676
512.0,0.8538250008282808
512.0,0.853858132061094
512.0,0.8538912632939072
512.0,0.8539243945267203
512.0,0.8539575257595335
512.0,0.8539906569923467
512.0,0.8540237882251599
512.0,0.854056919457973
512.0,0.8540900506907863
512.0,0.8541231819235994
512.0,0.8541563131564126
512.0,0.8541894443892257
512.0,0.8542225756220388
512.0,0.8542557068548521
512.0,0.8542888380876652
512.0,0.8543219693204784
512.0,0.8543551005532916
512.0,0.8543882317861048
512.0,0.8544213630189179
512.0,0.8544544942517311
512.0,0.8544876254845443
512.0,0.8545207567173575
512.0,0.8545538879501706
512.0,0.8545870191829839
512.0,0.854620150415797
512.0,0.8546532816486101
512.0,0.8546864128814233
512.0,0.8547195441142365
512.0,0.8547526753470497
512.0,0.8547858065798628
512.0,0.854818937812676
512.0,0.8548520690454892
512.0,0.8548852002783024
512.0,0.8549183315111155
512.0,0.8549514627439287
512.0,0.8549845939767419
512.0,0.8550177252095551
512.0,0.8550508564423682
512.0,0.8550839876751813
512.0,0.8551171189079946
512.0,0.8551502501408077
512.0,0.8551833813736209
512.0,0.855216512606434
512.0,0.8552496438392473
512.0,0.8552827750720604
512.0,0.8553159063048736
512.0,0.8553490375376868
512.0,0.8553821687705
512.0,0.8554153000033131
512.0,0.8554484312361263
512.0,0.8554815624689395
512.0,0.8555146937017526
512.0,0.8555478249345658
512.0,0.855580956167379
512.0,0.8556140874001922
512.0,0.8556472186330053
512.0,0.8556803498658185
512.0,0.8557134810986317
512.0,0.8557466123314449
512.0,0.855779743564258
512.0,0.8558128747970712
512.0,0.8558460060298844
512.0,0.8558791372626976
512.0,0.8559122684955107
512.0,0.8559453997283238
512.0,0.8559785309611371
512.0,0.8560116621939502
512.0,0.8560447934267634
512.0,0.8560779246595766
512.0,0.8561110558923898
512.0,0.8561441871252029
512.0,0.8561773183580161
512.0,0.8562104495908293
512.0,0.8562435808236425
512.0,0.8562767120564556
512.0,0.8563098432892688
512.0,0.856342974522082
512.0,0.8563761057548951
512.0,0.8564092369877083
512.0,0.8564423682205214
512.0,0.8564754994533347
512.0,0.8565086306861478
512.0,0.856541761918961
512.0,0.8565748931517742
512.0,0.8566080243845874
512.0,0.8566411556174005
512.0,0.8566742868502137
512.0,0.8567074180830269
512.0,0.8567405493158401
512.0,0.8567736805486532
512.0,0.8568068117814663
512.0,0.8568399430142796
512.0,0.8568730742470927
512.0,0.8569062054799059
512.0,0.856939336712719
512.0,0.8569724679455323
512.0,0.8570055991783454
512.0,0.8570387304111586
512.0,0.8570718616439718
512.0,0.857104992876785
512.0,0.8571381241095981
512.0,0.8571712553424113
512.0,0.8572043865752245
512.0,0.8572375178080376
512.0,0.8572706490408508
512.0,0.8573037802736639
512.0,0.8573369115064772
512.0,0.8573700427392903
512.0,0.8574031739721035
512.0,0.8574363052049166
512.0,0.8574694364377299
512.0,0.857502567670543
512.0,0.8575356989033562
512.0,0.8575688301361694
512.0,0.8576019613689826
512.0,0.8576350926017957
512.0,0.8576682238346088
512.0,0.8577013550674221
512.0,0.8577344863002352
512.0,0.8577676175330484
512.0,0.8578007487658615
512.0,0.8578338799986748
512.0,0.8578670112314879
512.0,0.8579001424643011
512.0,0.8579332736971143
512.0,0.8579664049299275
512.0,0.8579995361627406
512.0,0.8580326673955538
512.0,0.858065798628367
512.0,0.8580989298611801
512.0,0.8581320610939933
512.0,0.8581651923268064
512.0,0.8581983235596197
512.0,0.8582314547924328
512.0,0.858264586025246
512.0,0.8582977172580591
512.0,0.8583308484908724
512.0,0.8583639797236855
512.0,0.8583971109564987
512.0,0.8584302421893119
512.0,0.8584633734221251
512.0,0.8584965046549382
512.0,0.8585296358877513
512.0,0.8585627671205646
512.0,0.8585958983533777
512.0,0.8586290295861909
512.0,0.858662160819004
512.0,0.8586952920518173
512.0,0.8587284232846304
512.0,0.8587615545174436
512.0,0.8587946857502567
512.0,0.85882781698307
512.0,0.8588609482158831
512.0,0.8588940794486963
512.0,0.8589272106815095
512.0,0.8589603419143226
512.0,0.8589934731471358
512.0,0.8590266043799489
512.0,0.8590597356127622
512.0,0.8590928668455753
512.0,0.8591259980783885
512.0,0.8591591293112016
512.0,0.8591922605440149
512.0,0.859225391776828
512.0,0.8592585230096412
512.0,0.8592916542424544
512.0,0.8593247854752676
512.0,0.8593579167080807
512.0,0.8593910479408938
512.0,0.8594241791737071
512.0,0.8594573104065202
512.0,0.8594904416393334
512.0,0.8595235728721465
512.0,0.8595567041049598
512.0,0.8595898353377729
512.0,0.8596229665705861
512.0,0.8596560978033992
512.0,0.8596892290362125
512.0,0.8597223602690256
512.0,0.8597554915018388
512.0,0.859788622734652
512.0,0.8598217539674651
512.0,0.8598548852002783
512.0,0.8598880164330914
512.0,0.8599211476659047
512.0,0.8599542788987178
512.0,0.859987410131531
512.0,0.8600205413643441
512.0,0.8600536725971574
512.0,0.8600868038299705
512.0,0.8601199350627837
512.0,0.8601530662955968
512.0,0.8601861975284101
512.0,0.8602193287612232
512.0,0.8602524599940364
512.0,0.8602855912268496
512.0,0.8603187224596627
512.0,0.8603518536924759
512.0,0.860384984925289
512.0,0.8604181161581023
512.0,0.8604512473909154
512.0,0.8604843786237286
512.0,0.8605175098565417
512.0,0.860550641089355
512.0,0.8605837723221681
512.0,0.8606169035549813
512.0,0.8606500347877944
512.0,0.8606831660206077
512.0,0.8607162972534208
512.0,0.8607494284862339
512.0,0.8607825597190472
512.0,0.8608156909518603
512.0,0.8608488221846735
512.0,0.8608819534174866
512.0,0.8609150846502999
512.0,0.860948215883113
512.0,0.8609813471159262
512.0,0.8610144783487393
512.0,0.8610476095815526
512.0,0.8610807408143657
512.0,0.8611138720471789
512.0,0.861147003279992
512.0,0.8611801345128052
512.0,0.8612132657456184
512.0,0.8612463969784315
512.0,0.8612795282112448
512.0,0.8613126594440579
512.0,0.8613457906768711
512.0,0.8613789219096842
512.0,0.8614120531424975
512.0,0.8614451843753106
512.0,0.8614783156081238
512.0,0.861511446840937
512.0,0.8615445780737502
512.0,0.8615777093065633
512.0,0.8616108405393764
512.0,0.8616439717721897
512.0,0.8616771030050028
512.0,0.861710234237816
512.0,0.8617433654706291
512.0,0.8617764967034424
512.0,0.8618096279362555
512.0,0.8618427591690687
512.0,0.8618758904018818
512.0,0.8619090216346951
512.0,0.8619421528675082
512.0,0.8619752841003214
512.0,0.8620084153331345
512.0,0.8620415465659477
512.0,0.8620746777987609
512.0,0.862107809031574
512.0,0.8621409402643873
512.0,0.8621740714972004
512.0,0.8622072027300136
512.0,0.8622403339628267
512.0,0.86227346519564
512.0,0.8623065964284531
512.0,0.8623397276612663
512.0,0.8623728588940794
512.0,0.8624059901268927
512.0,0.8624391213597058
512.0,0.8624722525925189
512.0,0.8625053838253322
512.0,0.8625385150581453
512.0,0.8625716462909585
512.0,0.8626047775237716
512.0,0.8626379087565849
512.0,0.862671039989398
512.0,0.8627041712222112
512.0,0.8627373024550243
512.0,0.8627704336878376
512.0,0.8628035649206507
512.0,0.8628366961534639
512.0,0.862869827386277
512.0,0.8629029586190902
512.0,0.8629360898519034
512.0,0.8629692210847165
512.0,0.8630023523175298
512.0,0.8630354835503429
512.0,0.8630686147831561
512.0,0.8631017460159692
512.0,0.8631348772487825
512.0,0.8631680084815956
512.0,0.8632011397144088
512.0,0.8632342709472219
512.0,0.8632674021800352
512.0,0.8633005334128483
512.0,0.8633336646456614
512.0,0.8633667958784746
512.0,0.8633999271112878
512.0,0.863433058344101
512.0,0.8634661895769141
512.0,0.8634993208097274
512.0,0.8635324520425405
512.0,0.8635655832753537
512.0,0.8635987145081668
512.0,0.8636318457409801
512.0,0.8636649769737932
512.0,0.8636981082066064
512.0,0.8637312394394195
512.0,0.8637643706722327
512.0,0.8637975019050459
512.0,0.863830633137859
512.0,0.8638637643706722
512.0,0.8638968956034854
512.0,0.8639300268362986
512.0,0.8639631580691117
512.0,0.863996289301925
512.0,0.8640294205347381
512.0,0.8640625517675513
512.0,0.8640956830003644
512.0,0.8641288142331777
512.0,0.8641619454659908
512.0,0.8641950766988039
512.0,0.8642282079316171
512.0,0.8642613391644303
512.0,0.8642944703972435
512.0,0.8643276016300566
512.0,0.8643607328628699
512.0,0.864393864095683
512.0,0.8644269953284962
512.0,0.8644601265613093
512.0,0.8644932577941226
512.0,0.8645263890269357
512.0,0.8645595202597489
512.0,0.864592651492562
512.0,0.8646257827253752
512.0,0.8646589139581884
512.0,0.8646920451910015
512.0,0.8647251764238147
512.0,0.8647583076566279
512.0,0.8647914388894411
512.0,0.8648245701222542
512.0,0.8648577013550675
512.0,0.8648908325878806
512.0,0.8649239638206938
512.0,0.8649570950535069
512.0,0.8649902262863202
512.0,0.8650233575191333
512.0,0.8650564887519464
512.0,0.8650896199847596
512.0,0.8651227512175728
512.0,0.865155882450386
512.0,0.8651890136831991
512.0,0.8652221449160123
512.0,0.8652552761488255
512.0,0.8652884073816387
512.0,0.8653215386144518
512.0,0.8653546698472651
512.0,0.8653878010800782
512.0,0.8654209323128914
512.0,0.8654540635457045
512.0,0.8654871947785177
512.0,0.8655203260113309
512.0,0.865553457244144
512.0,0.8655865884769572
512.0,0.8656197197097704
512.0,0.8656528509425836
512.0,0.8656859821753967
512.0,0.86571911340821
512.0,0.8657522446410231
512.0,0.8657853758738363
512.0,0.8658185071066494
512.0,0.8658516383394627
512.0,0.8658847695722758
512.0,0.8659179008050889
512.0,0.8659510320379021
512.0,0.8659841632707153
512.0,0.8660172945035285
512.0,0.8660504257363416
512.0,0.8660835569691548
512.0,0.866116688201968
512.0,0.8661498194347812
512.0,0.8661829506675943
512.0,0.8662160819004076
512.0,0.8662492131332207
512.0,0.8662823443660339
512.0,0.866315475598847
512.0,0.8663486068316602
512.0,0.8663817380644734
512.0,0.8664148692972865
512.0,0.8664480005300997
512.0,0.8664811317629129
512.0,0.8665142629957261
512.0,0.8665473942285392
512.0,0.8665805254613524
512.0,0.8666136566941656
512.0,0.8666467879269788
512.0,0.8666799191597919
512.0,0.8667130503926052
512.0,0.8667461816254183
512.0,0.8667793128582315
512.0,0.8668124440910446
512.0,0.8668455753238578
512.0,0.866878706556671
512.0,0.8669118377894841
512.0,0.8669449690222973
512.0,0.8669781002551105
512.0,0.8670112314879237
512.0,0.8670443627207368
512.0,0.86707749395355
512.0,0.8671106251863632
512.0,0.8671437564191764
512.0,0.8671768876519895
512.0,0.8672100188848028
512.0,0.8672431501176159
512.0,0.867276281350429
512.0,0.8673094125832422
512.0,0.8673425438160554
512.0,0.8673756750488686
512.0,0.8674088062816817
512.0,0.8674419375144949
512.0,0.8674750687473081
512.0,0.8675081999801213
512.0,0.8675413312129344
512.0,0.8675744624457477
512.0,0.8676075936785608
512.0,0.867640724911374
512.0,0.8676738561441871
512.0,0.8677069873770002
512.0,0.8677401186098135
512.0,0.8677732498426266
512.0,0.8678063810754398
512.0,0.867839512308253
512.0,0.8678726435410662
512.0,0.8679057747738793
512.0,0.8679389060066925
512.0,0.8679720372395057
512.0,0.8680051684723189
512.0,0.868038299705132
512.0,0.8680714309379453
512.0,0.8681045621707584
512.0,0.8681376934035715
512.0,0.8681708246363847
512.0,0.8682039558691979
512.0,0.8682370871020111
512.0,0.8682702183348242
512.0,0.8683033495676374
512.0,0.8683364808004506
512.0,0.8683696120332638
512.0,0.8684027432660769
512.0,0.8684358744988901
512.0,0.8684690057317033
512.0,0.8685021369645165
512.0,0.8685352681973296
512.0,0.8685683994301427
512.0,0.868601530662956
512.0,0.8686346618957691
512.0,0.8686677931285823
512.0,0.8687009243613955
512.0,0.8687340555942087
512.0,0.8687671868270218
512.0,0.868800318059835
512.0,0.8688334492926482
512.0,0.8688665805254614
512.0,0.8688997117582745
512.0,0.8689328429910878
512.0,0.8689659742239009
512.0,0.868999105456714
512.0,0.8690322366895272
512.0,0.8690653679223403
512.0,0.8690984991551536
512.0,0.8691316303879667
512.0,0.8691647616207799
512.0,0.8691978928535931
512.0,0.8692310240864063
512.0,0.8692641553192194
512.0,0.8692972865520326
512.0,0.8693304177848458
512.0,0.869363549017659
512.0,0.8693966802504721
512.0,0.8694298114832852
512.0,0.8694629427160985
512.0,0.8694960739489116
512.0,0.8695292051817248
512.0,0.869562336414538
512.0,0.8695954676473512
512.0,0.8696285988801643
512.0,0.8696617301129775
512.0,0.8696948613457907
512.0,0.8697279925786039
512.0,0.869761123811417
512.0,0.8697942550442302
512.0,0.8698273862770434
512.0,0.8698605175098565
512.0,0.8698936487426697
512.0,0.8699267799754828
512.0,0.8699599112082961
512.0,0.8699930424411092
512.0,0.8700261736739224
512.0,0.8700593049067356
512.0,0.8700924361395488
512.0,0.8701255673723619
512.0,0.8701586986051751
512.0,0.8701918298379883
512.0,0.8702249610708015
512.0,0.8702580923036146
512.0,0.8702912235364277
512.0,0.870324354769241
512.0,0.8703574860020541
512.0,0.8703906172348673
512.0,0.8704237484676804
512.0,0.8704568797004937
512.0,0.8704900109333068
512.0,0.87052314216612
512.0,0.8705562733989332
512.0,0.8705894046317464
512.0,0.8706225358645595
512.0,0.8706556670973727
512.0,0.8706887983301859
512.0,0.870721929562999
512.0,0.8707550607958122
512.0,0.8707881920286253
512.0,0.8708213232614386
512.0,0.8708544544942517
512.0,0.8708875857270649
512.0,0.870920716959878
512.0,0.8709538481926913
512.0,0.8709869794255044
512.0,0.8710201106583176
512.0,0.8710532418911308
512.0,0.871086373123944
512.0,0.8711195043567571
512.0,0.8711526355895702
512.0,0.8711857668223835
512.0,0.8712188980551966
512.0,0.8712520292880098
512.0,0.8712851605208229
512.0,0.8713182917536362
512.0,0.8713514229864493
512.0,0.8713845542192625
512.0,0.8714176854520757
512.0,0.8714508166848889
512.0,0.871483947917702
512.0,0.8715170791505152
512.0,0.8715502103833284
512.0,0.8715833416161415
512.0,0.8716164728489547
512.0,0.8716496040817678
512.0,0.8716827353145811
512.0,0.8717158665473942
512.0,0.8717489977802074
512.0,0.8717821290130205
512.0,0.8718152602458338
512.0,0.8718483914786469
512.0,0.8718815227114601
512.0,0.8719146539442733
512.0,0.8719477851770865
512.0,0.8719809164098996
512.0,0.8720140476427127
512.0,0.872047178875526
512.0,0.8720803101083391
512.0,0.8721134413411523
512.0,0.8721465725739654
512.0,0.8721797038067787
512.0,0.8722128350395918
512.0,0.872245966272405
512.0,0.8722790975052181
512.0,0.8723122287380314
512.0,0.8723453599708445
512.0,0.8723784912036577
512.0,0.8724116224364709
512.0,0.872444753669284
512.0,0.8724778849020972
512.0,0.8725110161349103
512.0,0.8725441473677236
512.0,0.8725772786005367
512.0,0.8726104098333499
512.0,0.872643541066163
512.0,0.8726766722989763
512.0,0.8727098035317894
512.0,0.8727429347646026
512.0,0.8727760659974158
512.0,0.872809197230229
512.0,0.8728423284630421
512.0,0.8728754596958553
512.0,0.8729085909286685
512.0,0.8729417221614816
512.0,0.8729748533942948
512.0,0.8730079846271079
512.0,0.8730411158599212
512.0,0.8730742470927343
512.0,0.8731073783255475
512.0,0.8731405095583606
512.0,0.8731736407911739
512.0,0.873206772023987
512.0,0.8732399032568002
512.0,0.8732730344896134
512.0,0.8733061657224266
512.0,0.8733392969552397
512.0,0.8733724281880528
512.0,0.8734055594208661
512.0,0.8734386906536792
512.0,0.8734718218864924
512.0,0.8735049531193055
512.0,0.8735380843521188
512.0,0.8735712155849319
512.0,0.8736043468177451
512.0,0.8736374780505582
512.0,0.8736706092833715
512.0,0.8737037405161846
512.0,0.8737368717489978
512.0,0.873770002981811
512.0,0.8738031342146241
512.0,0.8738362654474373
512.0,0.8738693966802504
512.0,0.8739025279130637
512.0,0.8739356591458768
512.0,0.87396879037869
512.0,0.8740019216115031
512.0,0.8740350528443164
512.0,0.8740681840771295
512.0,0.8741013153099427
512.0,0.8741344465427558
512.0,0.8741675777755691
512.0,0.8742007090083822
512.0,0.8742338402411953
512.0,0.8742669714740086
512.0,0.8743001027068217
512.0,0.8743332339396349
512.0,0.874366365172448
512.0,0.8743994964052613
512.0,0.8744326276380744
512.0,0.8744657588708876
512.0,0.8744988901037007
512.0,0.874532021336514
512.0,0.8745651525693271
512.0,0.8745982838021403
512.0,0.8746314150349535
512.0,0.8746645462677666
512.0,0.8746976775005798
512.0,0.8747308087333929
512.0,0.8747639399662062
512.0,0.8747970711990193
512.0,0.8748302024318325
512.0,0.8748633336646456
512.0,0.8748964648974589
512.0,0.874929596130272
512.0,0.8749627273630852
512.0,0.8749958585958983
512.0,0.8750289898287116
512.0,0.8750621210615247
512.0,0.8750952522943378
512.0,0.875128383527151
512.0,0.8751615147599642
512.0,0.8751946459927774
512.0,0.8752277772255905
512.0,0.8752609084584038
512.0,0.8752940396912169
512.0,0.8753271709240301
512.0,0.8753603021568432
512.0,0.8753934333896565
512.0,0.8754265646224696
512.0,0.8754596958552828
512.0,0.875492827088096
512.0,0.8755259583209091
512.0,0.8755590895537223
512.0,0.8755922207865354
512.0,0.8756253520193487
512.0,0.8756584832521618
512.0,0.875691614484975
512.0,0.8757247457177881
512.0,0.8757578769506014
512.0,0.8757910081834145
512.0,0.8758241394162277
512.0,0.8758572706490408
512.0,0.8758904018818541
512.0,0.8759235331146672
512.0,0.8759566643474803
512.0,0.8759897955802936
512.0,0.8760229268131067
512.0,0.8760560580459199
512.0,0.876089189278733
512.0,0.8761223205115463
512.0,0.8761554517443594
512.0,0.8761885829771726
512.0,0.8762217142099857
512.0,0.876254845442799
512.0,0.8762879766756121
512.0,0.8763211079084253
512.0,0.8763542391412384
512.0,0.8763873703740516
512.0,0.8764205016068648
512.0,0.8764536328396779
512.0,0.8764867640724912
512.0,0.8765198953053043
512.0,0.8765530265381175
512.0,0.8765861577709306
512.0,0.8766192890037439
512.0,0.876652420236557
512.0,0.8766855514693702
512.0,0.8767186827021833
512.0,0.8767518139349966
512.0,0.8767849451678097
512.0,0.8768180764006228
512.0,0.876851207633436
512.0,0.8768843388662492
512.0,0.8769174700990624
512.0,0.8769506013318755
512.0,0.8769837325646888
512.0,0.8770168637975019
512.0,0.8770499950303151
512.0,0.8770831262631282
512.0,0.8771162574959415
512.0,0.8771493887287546
512.0,0.8771825199615678
512.0,0.8772156511943809
512.0,0.8772487824271941
512.0,0.8772819136600073
512.0,0.8773150448928204
512.0,0.8773481761256336
512.0,0.8773813073584468
512.0,0.87741443859126
512.0,0.8774475698240731
512.0,0.8774807010568864
512.0,0.8775138322896995
512.0,0.8775469635225127
512.0,0.8775800947553258
512.0,0.8776132259881391
512.0,0.8776463572209522
512.0,0.8776794884537653
512.0,0.8777126196865785
512.0,0.8777457509193917
512.0,0.8777788821522049
512.0,0.877812013385018
512.0,0.8778451446178313
512.0,0.8778782758506444
512.0,0.8779114070834576
512.0,0.8779445383162707
512.0,0.877977669549084
512.0,0.8780108007818971
512.0,0.8780439320147103
512.0,0.8780770632475234
512.0,0.8781101944803366
512.0,0.8781433257131498
512.0,0.8781764569459629
512.0,0.8782095881787761
512.0,0.8782427194115893
512.0,0.8782758506444025
512.0,0.8783089818772156
512.0,0.8783421131100289
512.0,0.878375244342842
512.0,0.8784083755756552
512.0,0.8784415068084683
512.0,0.8784746380412816
512.0,0.8785077692740947
512.0,0.8785409005069078
512.0,0.878574031739721
512.0,0.8786071629725342
512.0,0.8786402942053474
512.0,0.8786734254381605
512.0,0.8787065566709737
512.0,0.8787396879037869
512.0,0.8787728191366001
512.0,0.8788059503694132
512.0,0.8788390816022265
512.0,0.8788722128350396
512.0,0.8789053440678528
512.0,0.8789384753006659
512.0,0.8789716065334792
512.0,0.8790047377662923
512.0,0.8790378689991054
512.0,0.8790710002319186
512.0,0.8791041314647318
512.0,0.879137262697545
512.0,0.8791703939303581
512.0,0.8792035251631714
512.0,0.8792366563959845
512.0,0.8792697876287977
512.0,0.8793029188616108
512.0,0.8793360500944241
512.0,0.8793691813272372
512.0,0.8794023125600504
512.0,0.8794354437928635
512.0,0.8794685750256767
512.0,0.8795017062584899
512.0,0.879534837491303
512.0,0.8795679687241162
512.0,0.8796010999569294
512.0,0.8796342311897426
512.0,0.8796673624225557
512.0,0.879700493655369
512.0,0.8797336248881821
512.0,0.8797667561209953
512.0,0.8797998873538084
512.0,0.8798330185866217
512.0,0.8798661498194348
512.0,0.8798992810522479
512.0,0.8799324122850611
512.0,0.8799655435178743
512.0,0.8799986747506875
512.0,0.8800318059835006
512.0,0.8800649372163138
512.0,0.880098068449127
512.0,0.8801311996819402
512.0,0.8801643309147533
512.0,0.8801974621475666
512.0,0.8802305933803797
512.0,0.8802637246131929
512.0,0.880296855846006
512.0,0.8803299870788192
512.0,0.8803631183116324
512.0,0.8803962495444455
512.0,0.8804293807772587
512.0,0.8804625120100719
512.0,0.8804956432428851
512.0,0.8805287744756982
512.0,0.8805619057085114
512.0,0.8805950369413246
512.0,0.8806281681741378
512.0,0.8806612994069509
512.0,0.8806944306397642
512.0,0.8807275618725773
512.0,0.8807606931053904
512.0,0.8807938243382036
512.0,0.8808269555710168
512.0,0.88086008680383
512.0,0.8808932180366431
512.0,0.8809263492694563
512.0,0.8809594805022695
512.0,0.8809926117350827
512.0,0.8810257429678958
512.0,0.881058874200709
512.0,0.8810920054335222
512.0,0.8811251366663354
512.0,0.8811582678991485
512.0,0.8811913991319617
512.0,0.8812245303647749
512.0,0.881257661597588
512.0,0.8812907928304012
512.0,0.8813239240632144
512.0,0.8813570552960276
512.0,0.8813901865288407
512.0,0.881423317761654
512.0,0.8814564489944671
512.0,0.8814895802272803
512.0,0.8815227114600934
512.0,0.8815558426929067
512.0,0.8815889739257198
512.0,0.8816221051585329
512.0,0.8816552363913461
512.0,0.8816883676241593
512.0,0.8817214988569725
512.0,0.8817546300897856
512.0,0.8817877613225988
512.0,0.881820892555412
512.0,0.8818540237882252
512.0,0.8818871550210383
512.0,0.8819202862538515
512.0,0.8819534174866647
512.0,0.8819865487194779
512.0,0.882019679952291
512.0,0.8820528111851041
512.0,0.8820859424179174
512.0,0.8821190736507305
512.0,0.8821522048835437
512.0,0.8821853361163569
512.0,0.8822184673491701
512.0,0.8822515985819832
512.0,0.8822847298147964
512.0,0.8823178610476096
512.0,0.8823509922804228
512.0,0.8823841235132359
512.0,0.8824172547460492
512.0,0.8824503859788623
512.0,0.8824835172116754
512.0,0.8825166484444886
512.0,0.8825497796773017
512.0,0.882582910910115
512.0,0.8826160421429281
512.0,0.8826491733757413
512.0,0.8826823046085545
512.0,0.8827154358413677
512.0,0.8827485670741808
512.0,0.882781698306994
512.0,0.8828148295398072
512.0,0.8828479607726204
512.0,0.8828810920054335
512.0,0.8829142232382466
512.0,0.8829473544710599
512.0,0.882980485703873
512.0,0.8830136169366862
512.0,0.8830467481694994
512.0,0.8830798794023126
512.0,0.8831130106351257
512.0,0.8831461418679389
512.0,0.8831792731007521
512.0,0.8832124043335653
512.0,0.8832455355663784
512.0,0.8832786667991916
512.0,0.8833117980320048
512.0,0.8833449292648179
512.0,0.8833780604976311
512.0,0.8834111917304442
512.0,0.8834443229632575
512.0,0.8834774541960706
512.0,0.8835105854288838
512.0,0.883543716661697
512.0,0.8835768478945102
512.0,0.8836099791273233
512.0,0.8836431103601365
512.0,0.8836762415929497
512.0,0.8837093728257629
512.0,0.883742504058576
512.0,0.8837756352913891
512.0,0.8838087665242024
512.0,0.8838418977570155
512.0,0.8838750289898287
512.0,0.8839081602226418
512.0,0.8839412914554551
512.0,0.8839744226882682
512.0,0.8840075539210814
512.0,0.8840406851538946
512.0,0.8840738163867078
512.0,0.8841069476195209
512.0,0.8841400788523341
512.0,0.8841732100851473
512.0,0.8842063413179604
512.0,0.8842394725507736
512.0,0.8842726037835867
512.0,0.8843057350164
512.0,0.8843388662492131
512.0,0.8843719974820263
512.0,0.8844051287148395
512.0,0.8844382599476527
512.0,0.8844713911804658
512.0,0.884504522413279
512.0,0.8845376536460922
512.0,0.8845707848789054
512.0,0.8846039161117185
512.0,0.8846370473445316
512.0,0.8846701785773449
512.0,0.884703309810158
512.0,0.8847364410429712
512.0,0.8847695722757843
512.0,0.8848027035085976
512.0,0.8848358347414107
512.0,0.8848689659742239
512.0,0.884902097207037
512.0,0.8849352284398503
512.0,0.8849683596726634
512.0,0.8850014909054766
512.0,0.8850346221382898
512.0,0.8850677533711029
512.0,0.8851008846039161
512.0,0.8851340158367292
512.0,0.8851671470695425
512.0,0.8852002783023556
512.0,0.8852334095351688
512.0,0.885266540767982
512.0,0.8852996720007952
512.0,0.8853328032336083
512.0,0.8853659344664215
512.0,0.8853990656992347
512.0,0.8854321969320479
512.0,0.885465328164861
512.0,0.8854984593976742
512.0,0.8855315906304874
512.0,0.8855647218633005
512.0,0.8855978530961137
512.0,0.8856309843289268
512.0,0.8856641155617401
512.0,0.8856972467945532
512.0,0.8857303780273664
512.0,0.8857635092601795
512.0,0.8857966404929928
512.0,0.8858297717258059
512.0,0.8858629029586191
512.0,0.8858960341914323
512.0,0.8859291654242455
512.0,0.8859622966570586
512.0,0.8859954278898717
512.0,0.886028559122685
512.0,0.8860616903554981
512.0,0.8860948215883113
512.0,0.8861279528211244
512.0,0.8861610840539377
512.0,0.8861942152867508
512.0,0.886227346519564
512.0,0.8862604777523772
512.0,0.8862936089851904
512.0,0.8863267402180035
512.0,0.8863598714508167
512.0,0.8863930026836299
512.0,0.886426133916443
512.0,0.8864592651492562
512.0,0.8864923963820693
512.0,0.8865255276148826
512.0,0.8865586588476957
512.0,0.8865917900805089
512.0,0.886624921313322
512.0,0.8866580525461353
512.0,0.8866911837789484
512.0,0.8867243150117616
512.0,0.8867574462445748
512.0,0.886790577477388
512.0,0.8868237087102011
512.0,0.8868568399430142
512.0,0.8868899711758275
512.0,0.8869231024086406
512.0,0.8869562336414538
512.0,0.8869893648742669
512.0,0.8870224961070802
512.0,0.8870556273398933
512.0,0.8870887585727065
512.0,0.8871218898055196
512.0,0.8871550210383329
512.0,0.887188152271146
512.0,0.8872212835039592
512.0,0.8872544147367724
512.0,0.8872875459695855
512.0,0.8873206772023987
512.0,0.8873538084352118
512.0,0.8873869396680251
512.0,0.8874200709008382
512.0,0.8874532021336514
512.0,0.8874863333664645
512.0,0.8875194645992778
512.0,0.8875525958320909
512.0,0.8875857270649041
512.0,0.8876188582977173
512.0,0.8876519895305305
512.0,0.8876851207633436
512.0,0.8877182519961567
512.0,0.88775138322897
512.0,0.8877845144617831
512.0,0.8878176456945963
512.0,0.8878507769274094
512.0,0.8878839081602227
512.0,0.8879170393930358
512.0,0.887950170625849
512.0,0.8879833018586621
512.0,0.8880164330914754
512.0,0.8880495643242885
512.0,0.8880826955571017
512.0,0.8881158267899149
512.0,0.888148958022728
512.0,0.8881820892555412
512.0,0.8882152204883543
512.0,0.8882483517211676
512.0,0.8882814829539807
512.0,0.8883146141867939
512.0,0.888347745419607
512.0,0.8883808766524203
512.0,0.8884140078852334
512.0,0.8884471391180466
512.0,0.8884802703508597
512.0,0.888513401583673
512.0,0.8885465328164861
512.0,0.8885796640492992
512.0,0.8886127952821125
512.0,0.8886459265149256
512.0,0.8886790577477388
512.0,0.8887121889805519
512.0,0.8887453202133652
512.0,0.8887784514461783
512.0,0.8888115826789915
512.0,0.8888447139118046
512.0,0.8888778451446179
512.0,0.888910976377431
512.0,0.8889441076102442
512.0,0.8889772388430573
512.0,0.8890103700758705
512.0,0.8890435013086837
512.0,0.8890766325414968
512.0,0.8891097637743101
512.0,0.8891428950071232
512.0,0.8891760262399364
512.0,0.8892091574727495
512.0,0.8892422887055628
512.0,0.8892754199383759
512.0,0.8893085511711891
512.0,0.8893416824040022
512.0,0.8893748136368155
512.0,0.8894079448696286
512.0,0.8894410761024417
512.0,0.889474207335255
512.0,0.8895073385680681
512.0,0.8895404698008813
512.0,0.8895736010336944
512.0,0.8896067322665077
512.0,0.8896398634993208
512.0,0.889672994732134
512.0,0.8897061259649471
512.0,0.8897392571977604
512.0,0.8897723884305735
512.0,0.8898055196633867
512.0,0.8898386508961998
512.0,0.889871782129013
512.0,0.8899049133618262
512.0,0.8899380445946393
512.0,0.8899711758274526
512.0,0.8900043070602657
512.0,0.8900374382930789
512.0,0.890070569525892
512.0,0.8901037007587053
512.0,0.8901368319915184
512.0,0.8901699632243316
512.0,0.8902030944571447
512.0,0.890236225689958
512.0,0.8902693569227711
512.0,0.8903024881555842
512.0,0.8903356193883974
512.0,0.8903687506212106
512.0,0.8904018818540238
512.0,0.8904350130868369
512.0,0.8904681443196502
512.0,0.8905012755524633
512.0,0.8905344067852765
512.0,0.8905675380180896
512.0,0.8906006692509029
512.0,0.890633800483716
512.0,0.8906669317165292
512.0,0.8907000629493423
512.0,0.8907331941821555
512.0,0.8907663254149687
512.0,0.8907994566477818
512.0,0.890832587880595
512.0,0.8908657191134082
512.0,0.8908988503462214
512.0,0.8909319815790345
512.0,0.8909651128118478
512.0,0.8909982440446609
512.0,0.8910313752774741
512.0,0.8910645065102872
512.0,0.8910976377431005
512.0,0.8911307689759136
512.0,0.8911639002087267
512.0,0.8911970314415399
512.0,0.8912301626743531
512.0,0.8912632939071663
512.0,0.8912964251399794
512.0,0.8913295563727927
512.0,0.8913626876056058
512.0,0.891395818838419
512.0,0.8914289500712321
512.0,0.8914620813040454
512.0,0.8914952125368585
512.0,0.8915283437696717
512.0,0.8915614750024848
512.0,0.8915946062352981
512.0,0.8916277374681112
512.0,0.8916608687009243
512.0,0.8916939999337375
512.0,0.8917271311665507
512.0,0.8917602623993639
512.0,0.891793393632177
512.0,0.8918265248649903
512.0,0.8918596560978034
512.0,0.8918927873306166
512.0,0.8919259185634297
512.0,0.891959049796243
512.0,0.8919921810290561
512.0,0.8920253122618693
512.0,0.8920584434946824
512.0,0.8920915747274956
512.0,0.8921247059603088
512.0,0.8921578371931219
512.0,0.8921909684259351
512.0,0.8922240996587483
512.0,0.8922572308915615
512.0,0.8922903621243746
512.0,0.8923234933571879
512.0,0.892356624590001
512.0,0.8923897558228142
512.0,0.8924228870556273
512.0,0.8924560182884406
512.0,0.8924891495212537
512.0,0.8925222807540668
512.0,0.89255541198688
512.0,0.8925885432196932
512.0,0.8926216744525064
512.0,0.8926548056853195
512.0,0.8926879369181328
512.0,0.8927210681509459
512.0,0.8927541993837591
512.0,0.8927873306165722
512.0,0.8928204618493855
512.0,0.8928535930821986
512.0,0.8928867243150118
512.0,0.8929198555478249
512.0,0.8929529867806381
512.0,0.8929861180134513
512.0,0.8930192492462644
512.0,0.8930523804790776
512.0,0.8930855117118908
512.0,0.893118642944704
512.0,0.8931517741775171
512.0,0.8931849054103304
512.0,0.8932180366431435
512.0,0.8932511678759567
512.0,0.8932842991087698
512.0,0.8933174303415831
512.0,0.8933505615743962
512.0,0.8933836928072093
512.0,0.8934168240400225
512.0,0.8934499552728357
512.0,0.8934830865056489
512.0,0.893516217738462
512.0,0.8935493489712752
512.0,0.8935824802040884
512.0,0.8936156114369016
512.0,0.8936487426697147
512.0,0.893681873902528
512.0,0.8937150051353411
512.0,0.8937481363681543
512.0,0.8937812676009674
512.0,0.8938143988337806
512.0,0.8938475300665938
512.0,0.8938806612994069
512.0,0.8939137925322201
512.0,0.8939469237650333
512.0,0.8939800549978465
512.0,0.8940131862306596
512.0,0.8940463174634729
512.0,0.894079448696286
512.0,0.8941125799290992
512.0,0.8941457111619123
512.0,0.8941788423947256
512.0,0.8942119736275387
512.0,0.8942451048603518
512.0,0.894278236093165
512.0,0.8943113673259782
512.0,0.8943444985587914
512.0,0.8943776297916045
512.0,0.8944107610244177
512.0,0.8944438922572309
512.0,0.8944770234900441
512.0,0.8945101547228572
512.0,0.8945432859556705
512.0,0.8945764171884836
512.0,0.8946095484212968
512.0,0.8946426796541099
512.0,0.894675810886923
512.0,0.8947089421197363
512.0,0.8947420733525494
512.0,0.8947752045853626
512.0,0.8948083358181758
512.0,0.894841467050989
512.0,0.8948745982838021
512.0,0.8949077295166153
512.0,0.8949408607494285
512.0,0.8949739919822417
512.0,0.8950071232150548
512.0,0.8950402544478681
512.0,0.8950733856806812
512.0,0.8951065169134943
512.0,0.8951396481463075
512.0,0.8951727793791207
512.0,0.8952059106119339
512.0,0.895239041844747
512.0,0.8952721730775602
512.0,0.8953053043103734
512.0,0.8953384355431866
512.0,0.8953715667759997
512.0,0.895404698008813
512.0,0.8954378292416261
512.0,0.8954709604744393
512.0,0.8955040917072524
512.0,0.8955372229400655
512.0,0.8955703541728788
512.0,0.8956034854056919
512.0,0.8956366166385051
512.0,0.8956697478713183
512.0,0.8957028791041315
512.0,0.8957360103369446
512.0,0.8957691415697578
512.0,0.895802272802571
512.0,0.8958354040353842
512.0,0.8958685352681973
512.0,0.8959016665010106
512.0,0.8959347977338237
512.0,0.8959679289666368
512.0,0.89600106019945
512.0,0.8960341914322631
512.0,0.8960673226650764
512.0,0.8961004538978895
512.0,0.8961335851307027
512.0,0.8961667163635159
512.0,0.8961998475963291
512.0,0.8962329788291422
512.0,0.8962661100619554
512.0,0.8962992412947686
512.0,0.8963323725275818
512.0,0.8963655037603949
512.0,0.896398634993208
512.0,0.8964317662260213
512.0,0.8964648974588344
512.0,0.8964980286916476
512.0,0.8965311599244608
512.0,0.896564291157274
512.0,0.8965974223900871
512.0,0.8966305536229003
512.0,0.8966636848557135
512.0,0.8966968160885267
512.0,0.8967299473213398
512.0,0.896763078554153
512.0,0.8967962097869662
512.0,0.8968293410197793
512.0,0.8968624722525925
512.0,0.8968956034854056
512.0,0.8969287347182189
512.0,0.896961865951032
512.0,0.8969949971838452
512.0,0.8970281284166584
512.0,0.8970612596494716
512.0,0.8970943908822847
512.0,0.8971275221150979
512.0,0.8971606533479111
512.0,0.8971937845807243
512.0,0.8972269158135374
512.0,0.8972600470463505
512.0,0.8972931782791638
512.0,0.8973263095119769
512.0,0.8973594407447901
512.0,0.8973925719776032
512.0,0.8974257032104165
512.0,0.8974588344432296
512.0,0.8974919656760428
512.0,0.897525096908856
512.0,0.8975582281416692
512.0,0.8975913593744823
512.0,0.8976244906072955
512.0,0.8976576218401087
512.0,0.8976907530729219
512.0,0.897723884305735
512.0,0.8977570155385481
512.0,0.8977901467713614
512.0,0.8978232780041745
512.0,0.8978564092369877
512.0,0.8978895404698009
512.0,0.8979226717026141
512.0,0.8979558029354272
512.0,0.8979889341682404
512.0,0.8980220654010536
512.0,0.8980551966338668
512.0,0.8980883278666799
512.0,0.8981214590994931
512.0,0.8981545903323063
512.0,0.8981877215651194
512.0,0.8982208527979326
512.0,0.8982539840307457
512.0,0.898287115263559
512.0,0.8983202464963721
512.0,0.8983533777291853
512.0,0.8983865089619985
512.0,0.8984196401948117
512.0,0.8984527714276248
512.0,0.898485902660438
512.0,0.8985190338932512
512.0,0.8985521651260644
512.0,0.8985852963588775
512.0,0.8986184275916906
512.0,0.8986515588245039
512.0,0.898684690057317
512.0,0.8987178212901302
512.0,0.8987509525229433
512.0,0.8987840837557566
512.0,0.8988172149885697
512.0,0.8988503462213829
512.0,0.8988834774541961
512.0,0.8989166086870093
512.0,0.8989497399198224
512.0,0.8989828711526356
512.0,0.8990160023854488
512.0,0.8990491336182619
512.0,0.8990822648510751
512.0,0.8991153960838882
512.0,0.8991485273167015
512.0,0.8991816585495146
512.0,0.8992147897823278
512.0,0.899247921015141
512.0,0.8992810522479542
512.0,0.8993141834807673
512.0,0.8993473147135805
512.0,0.8993804459463937
512.0,0.8994135771792069
512.0,0.89944670841202
512.0,0.8994798396448331
512.0,0.8995129708776464
512.0,0.8995461021104595
512.0,0.8995792333432727
512.0,0.8996123645760858
512.0,0.8996454958088991
512.0,0.8996786270417122
512.0,0.8997117582745254
512.0,0.8997448895073386
512.0,0.8997780207401518
512.0,0.8998111519729649
512.0,0.8998442832057781
512.0,0.8998774144385913
512.0,0.8999105456714044
512.0,0.8999436769042176
512.0,0.8999768081370307
512.0,0.900009939369844
512.0,0.9000430706026571
512.0,0.9000762018354703
512.0,0.9001093330682834
512.0,0.9001424643010967
512.0,0.9001755955339098
512.0,0.900208726766723
512.0,0.9002418579995362
512.0,0.9002749892323494
512.0,0.9003081204651625
512.0,0.9003412516979756
512.0,0.9003743829307889
512.0,0.900407514163602
512.0,0.9004406453964152
512.0,0.9004737766292283
512.0,0.9005069078620416
512.0,0.9005400390948547
512.0,0.9005731703276679
512.0,0.900606301560481
512.0,0.9006394327932943
512.0,0.9006725640261074
512.0,0.9007056952589206
512.0,0.9007388264917338
512.0,0.9007719577245469
512.0,0.9008050889573601
512.0,0.9008382201901732
512.0,0.9008713514229865
512.0,0.9009044826557996
512.0,0.9009376138886128
512.0,0.9009707451214259
512.0,0.9010038763542392
512.0,0.9010370075870523
512.0,0.9010701388198655
512.0,0.9011032700526787
512.0,0.9011364012854919
512.0,0.901169532518305
512.0,0.9012026637511181
512.0,0.9012357949839314
512.0,0.9012689262167445
512.0,0.9013020574495577
512.0,0.9013351886823708
512.0,0.9013683199151841
512.0,0.9014014511479972
512.0,0.9014345823808104
512.0,0.9014677136136235
512.0,0.9015008448464368
512.0,0.9015339760792499
512.0,0.9015671073120631
512.0,0.9016002385448763
512.0,0.9016333697776894
512.0,0.9016665010105026
512.0,0.9016996322433157
512.0,0.901732763476129
512.0,0.9017658947089421
512.0,0.9017990259417553
512.0,0.9018321571745684
512.0,0.9018652884073817
512.0,0.9018984196401948
512.0,0.901931550873008
512.0,0.9019646821058211
512.0,0.9019978133386344
512.0,0.9020309445714475
512.0,0.9020640758042606
512.0,0.9020972070370739
512.0,0.902130338269887
512.0,0.9021634695027002
512.0,0.9021966007355133
512.0,0.9022297319683266
512.0,0.9022628632011397
512.0,0.9022959944339529
512.0,0.902329125666766
512.0,0.9023622568995793
512.0,0.9023953881323924
512.0,0.9024285193652056
512.0,0.9024616505980187
512.0,0.9024947818308319
512.0,0.9025279130636451
512.0,0.9025610442964582
512.0,0.9025941755292715
512.0,0.9026273067620846
512.0,0.9026604379948978
512.0,0.9026935692277109
512.0,0.9027267004605242
512.0,0.9027598316933373
512.0,0.9027929629261505
512.0,0.9028260941589636
512.0,0.9028592253917769
512.0,0.90289235662459
512.0,0.9029254878574031
512.0,0.9029586190902164
512.0,0.9029917503230295
512.0,0.9030248815558427
512.0,0.9030580127886558
512.0,0.9030911440214691
512.0,0.9031242752542822
512.0,0.9031574064870954
512.0,0.9031905377199085
512.0,0.9032236689527218
512.0,0.9032568001855349
512.0,0.9032899314183481
512.0,0.9033230626511612
512.0,0.9033561938839744
512.0,0.9033893251167876
512.0,0.9034224563496007
512.0,0.903455587582414
512.0,0.9034887188152271
512.0,0.9035218500480403
512.0,0.9035549812808534
512.0,0.9035881125136667
512.0,0.9036212437464798
512.0,0.903654374979293
512.0,0.9036875062121061
512.0,0.9037206374449194
512.0,0.9037537686777325
512.0,0.9037868999105457
512.0,0.9038200311433588
512.0,0.903853162376172
512.0,0.9038862936089852
512.0,0.9039194248417983
512.0,0.9039525560746116
512.0,0.9039856873074247
512.0,0.9040188185402379
512.0,0.904051949773051
512.0,0.9040850810058643
512.0,0.9041182122386774
512.0,0.9041513434714906
512.0,0.9041844747043037
512.0,0.904217605937117
512.0,0.9042507371699301
512.0,0.9042838684027432
512.0,0.9043169996355565
512.0,0.9043501308683696
512.0,0.9043832621011828
512.0,0.9044163933339959
512.0,0.9044495245668092
512.0,0.9044826557996223
512.0,0.9045157870324355
512.0,0.9045489182652486
512.0,0.9045820494980619
512.0,0.904615180730875
512.0,0.9046483119636882
512.0,0.9046814431965013
512.0,0.9047145744293145
512.0,0.9047477056621277
512.0,0.9047808368949408
512.0,0.904813968127754
512.0,0.9048470993605672
512.0,0.9048802305933804
512.0,0.9049133618261935
512.0,0.9049464930590068
512.0,0.9049796242918199
512.0,0.9050127555246331
512.0,0.9050458867574462
512.0,0.9050790179902595
512.0,0.9051121492230726
512.0,0.9051452804558857
512.0,0.905178411688699
512.0,0.9052115429215121
512.0,0.9052446741543253
512.0,0.9052778053871384
512.0,0.9053109366199517
512.0,0.9053440678527648
512.0,0.905377199085578
512.0,0.9054103303183911
512.0,0.9054434615512044
512.0,0.9054765927840175
512.0,0.9055097240168307
512.0,0.9055428552496438
512.0,0.905575986482457
512.0,0.9056091177152702
512.0,0.9056422489480833
512.0,0.9056753801808965
512.0,0.9057085114137097
512.0,0.9057416426465229
512.0,0.905774773879336
512.0,0.9058079051121493
512.0,0.9058410363449624
512.0,0.9058741675777756
512.0,0.9059072988105887
512.0,0.905940430043402
512.0,0.9059735612762151
512.0,0.9060066925090282
512.0,0.9060398237418414
512.0,0.9060729549746546
512.0,0.9061060862074678
512.0,0.9061392174402809
512.0,0.9061723486730942
512.0,0.9062054799059073
512.0,0.9062386111387205
512.0,0.9062717423715336
512.0,0.9063048736043469
512.0,0.90633800483716
512.0,0.9063711360699732
512.0,0.9064042673027863
512.0,0.9064373985355995
512.0,0.9064705297684127
512.0,0.9065036610012258
512.0,0.906536792234039
512.0,0.9065699234668522
512.0,0.9066030546996654
512.0,0.9066361859324785
512.0,0.9066693171652918
512.0,0.9067024483981049
512.0,0.9067355796309181
512.0,0.9067687108637312
512.0,0.9068018420965445
512.0,0.9068349733293576
512.0,0.9068681045621707
512.0,0.9069012357949839
512.0,0.9069343670277971
512.0,0.9069674982606103
512.0,0.9070006294934234
512.0,0.9070337607262366
512.0,0.9070668919590498
512.0,0.907100023191863
512.0,0.9071331544246761
512.0,0.9071662856574894
512.0,0.9071994168903025
512.0,0.9072325481231157
512.0,0.9072656793559288
512.0,0.907298810588742
512.0,0.9073319418215552
512.0,0.9073650730543683
512.0,0.9073982042871815
512.0,0.9074313355199947
512.0,0.9074644667528079
512.0,0.907497597985621
512.0,0.9075307292184343
512.0,0.9075638604512474
512.0,0.9075969916840606
512.0,0.9076301229168737
512.0,0.907663254149687
512.0,0.9076963853825001
512.0,0.9077295166153132
512.0,0.9077626478481264
512.0,0.9077957790809396
512.0,0.9078289103137528
512.0,0.9078620415465659
512.0,0.9078951727793791
512.0,0.9079283040121923
512.0,0.9079614352450055
512.0,0.9079945664778186
512.0,0.9080276977106319
512.0,0.908060828943445
512.0,0.9080939601762582
512.0,0.9081270914090713
512.0,0.9081602226418845
512.0,0.9081933538746977
512.0,0.9082264851075108
512.0,0.908259616340324
512.0,0.9082927475731372
512.0,0.9083258788059504
512.0,0.9083590100387635
512.0,0.9083921412715767
512.0,0.9084252725043899
512.0,0.9084584037372031
512.0,0.9084915349700162
512.0,0.9085246662028295
512.0,0.9085577974356426
512.0,0.9085909286684557
512.0,0.9086240599012689
512.0,0.908657191134082
512.0,0.9086903223668953
512.0,0.9087234535997084
512.0,0.9087565848325216
512.0,0.9087897160653348
512.0,0.908822847298148
512.0,0.9088559785309611
512.0,0.9088891097637743
512.0,0.9089222409965875
512.0,0.9089553722294007
512.0,0.9089885034622138
512.0,0.909021634695027
512.0,0.9090547659278402
512.0,0.9090878971606533
512.0,0.9091210283934665
512.0,0.9091541596262797
512.0,0.9091872908590929
512.0,0.909220422091906
512.0,0.9092535533247192
512.0,0.9092866845575324
512.0,0.9093198157903456
512.0,0.9093529470231587
512.0,0.909386078255972
512.0,0.9094192094887851
512.0,0.9094523407215982
512.0,0.9094854719544114
512.0,0.9095186031872246
512.0,0.9095517344200378
512.0,0.9095848656528509
512.0,0.9096179968856641
512.0,0.9096511281184773
512.0,0.9096842593512905
512.0,0.9097173905841036
512.0,0.9097505218169168
512.0,0.90978365304973
512.0,0.9098167842825432
512.0,0.9098499155153563
512.0,0.9098830467481694
512.0,0.9099161779809827
512.0,0.9099493092137958
512.0,0.909982440446609
512.0,0.9100155716794222
512.0,0.9100487029122354
512.0,0.9100818341450485
512.0,0.9101149653778617
512.0,0.9101480966106749
512.0,0.9101812278434881
512.0,0.9102143590763012
512.0,0.9102474903091144
512.0,0.9102806215419276
512.0,0.9103137527747408
512.0,0.9103468840075539
512.0,0.910380015240367
512.0,0.9104131464731803
512.0,0.9104462777059934
512.0,0.9104794089388066
512.0,0.9105125401716198
512.0,0.910545671404433
512.0,0.9105788026372461
512.0,0.9106119338700593
512.0,0.9106450651028725
512.0,0.9106781963356857
512.0,0.9107113275684988
512.0,0.910744458801312
512.0,0.9107775900341252
512.0,0.9108107212669383
512.0,0.9108438524997515
512.0,0.9108769837325646
512.0,0.9109101149653779
512.0,0.910943246198191
512.0,0.9109763774310042
512.0,0.9110095086638174
512.0,0.9110426398966306
512.0,0.9110757711294437
512.0,0.911108902362257
512.0,0.9111420335950701
512.0,0.9111751648278833
512.0,0.9112082960606964
512.0,0.9112414272935095
512.0,0.9112745585263228
512.0,0.9113076897591359
512.0,0.9113408209919491
512.0,0.9113739522247623
512.0,0.9114070834575755
512.0,0.9114402146903886
512.0,0.9114733459232018
512.0,0.911506477156015
512.0,0.9115396083888282
512.0,0.9115727396216413
512.0,0.9116058708544545
512.0,0.9116390020872677
512.0,0.9116721333200808
512.0,0.911705264552894
512.0,0.9117383957857071
512.0,0.9117715270185204
512.0,0.9118046582513335
512.0,0.9118377894841467
512.0,0.9118709207169599
512.0,0.9119040519497731
512.0,0.9119371831825862
512.0,0.9119703144153994
512.0,0.9120034456482126
512.0,0.9120365768810258
512.0,0.9120697081138389
512.0,0.912102839346652
512.0,0.9121359705794653
512.0,0.9121691018122784
512.0,0.9122022330450916
512.0,0.9122353642779047
512.0,0.912268495510718
512.0,0.9123016267435311
512.0,0.9123347579763443
512.0,0.9123678892091575
512.0,0.9124010204419707
512.0,0.9124341516747838
512.0,0.912467282907597
512.0,0.9125004141404102
512.0,0.9125335453732233
512.0,0.9125666766060365
512.0,0.9125998078388496
512.0,0.9126329390716629
512.0,0.912666070304476
512.0,0.9126992015372892
512.0,0.9127323327701024
512.0,0.9127654640029156
512.0,0.9127985952357287
512.0,0.9128317264685419
512.0,0.9128648577013551
512.0,0.9128979889341683
512.0,0.9129311201669814
512.0,0.9129642513997945
512.0,0.9129973826326078
512.0,0.9130305138654209
512.0,0.9130636450982341
512.0,0.9130967763310472
512.0,0.9131299075638605
512.0,0.9131630387966736
512.0,0.9131961700294868
512.0,0.9132293012623
512.0,0.9132624324951132
512.0,0.9132955637279263
512.0,0.9133286949607395
512.0,0.9133618261935527
512.0,0.9133949574263658
512.0,0.913428088659179
512.0,0.9134612198919921
512.0,0.9134943511248054
512.0,0.9135274823576185
512.0,0.9135606135904317
512.0,0.9135937448232448
512.0,0.9136268760560581
512.0,0.9136600072888712
512.0,0.9136931385216844
512.0,0.9137262697544976
512.0,0.9137594009873108
512.0,0.9137925322201239
512.0,0.913825663452937
512.0,0.9138587946857503
512.0,0.9138919259185634
512.0,0.9139250571513766
512.0,0.9139581883841897
512.0,0.913991319617003
512.0,0.9140244508498161
512.0,0.9140575820826293
512.0,0.9140907133154424
512.0,0.9141238445482557
512.0,0.9141569757810688
512.0,0.914190107013882
512.0,0.9142232382466952
512.0,0.9142563694795083
512.0,0.9142895007123215
512.0,0.9143226319451346
512.0,0.9143557631779479
512.0,0.914388894410761
512.0,0.9144220256435742
512.0,0.9144551568763873
512.0,0.9144882881092006
512.0,0.9145214193420137
512.0,0.9145545505748269
512.0,0.91458768180764
512.0,0.9146208130404533
512.0,0.9146539442732664
512.0,0.9146870755060795
512.0,0.9147202067388928
512.0,0.9147533379717059
512.0,0.9147864692045191
512.0,0.9148196004373322
512.0,0.9148527316701455
512.0,0.9148858629029586
512.0,0.9149189941357718
512.0,0.914952125368585
512.0,0.9149852566013982
512.0,0.9150183878342113
512.0,0.9150515190670245
512.0,0.9150846502998377
512.0,0.9151177815326508
512.0,0.915150912765464
512.0,0.9151840439982771
512.0,0.9152171752310904
512.0,0.9152503064639035
512.0,0.9152834376967167
512.0,0.9153165689295298
512.0,0.9153497001623431
512.0,0.9153828313951562
512.0,0.9154159626279694
512.0,0.9154490938607825
512.0,0.9154822250935958
512.0,0.9155153563264089
512.0,0.915548487559222
512.0,0.9155816187920353
512.0,0.9156147500248484
512.0,0.9156478812576616
512.0,0.9156810124904747
512.0,0.915714143723288
512.0,0.9157472749561011
512.0,0.9157804061889143
512.0,0.9158135374217274
512.0,0.9158466686545407
512.0,0.9158797998873538
512.0,0.915912931120167
512.0,0.9159460623529802
512.0,0.9159791935857933
512.0,0.9160123248186065
512.0,0.9160454560514196
512.0,0.9160785872842329
512.0,0.916111718517046
512.0,0.9161448497498592
512.0,0.9161779809826723
512.0,0.9162111122154856
512.0,0.9162442434482987
512.0,0.9162773746811119
512.0,0.916310505913925
512.0,0.9163436371467383
512.0,0.9163767683795514
512.0,0.9164098996123646
512.0,0.9164430308451778
512.0,0.9164761620779909
512.0,0.9165092933108041
512.0,0.9165424245436172
512.0,0.9165755557764305
512.0,0.9166086870092436
512.0,0.9166418182420568
512.0,0.9166749494748699
512.0,0.9167080807076832
512.0,0.9167412119404963
512.0,0.9167743431733095
512.0,0.9168074744061226
512.0,0.9168406056389359
512.0,0.916873736871749
512.0,0.9169068681045621
512.0,0.9169399993373754
512.0,0.9169731305701885
512.0,0.9170062618030017
512.0,0.9170393930358148
512.0,0.9170725242686281
512.0,0.9171056555014412
512.0,0.9171387867342544
512.0,0.9171719179670675
512.0,0.9172050491998808
512.0,0.9172381804326939
512.0,0.9172713116655071
512.0,0.9173044428983202
512.0,0.9173375741311334
512.0,0.9173707053639466
512.0,0.9174038365967597
512.0,0.917436967829573
512.0,0.9174700990623861
512.0,0.9175032302951993
512.0,0.9175363615280124
512.0,0.9175694927608257
512.0,0.9176026239936388
512.0,0.917635755226452
512.0,0.9176688864592651
512.0,0.9177020176920784
512.0,0.9177351489248915
512.0,0.9177682801577046
512.0,0.9178014113905179
512.0,0.917834542623331
512.0,0.9178676738561442
512.0,0.9179008050889573
512.0,0.9179339363217706
512.0,0.9179670675545837
512.0,0.9180001987873969
512.0,0.91803333002021
512.0,0.9180664612530233
512.0,0.9180995924858364
512.0,0.9181327237186496
512.0,0.9181658549514627
512.0,0.9181989861842759
512.0,0.9182321174170891
512.0,0.9182652486499022
512.0,0.9182983798827155
512.0,0.9183315111155286
512.0,0.9183646423483418
512.0,0.9183977735811549
512.0,0.9184309048139682
512.0,0.9184640360467813
512.0,0.9184971672795945
512.0,0.9185302985124076
512.0,0.9185634297452209
512.0,0.918596560978034
512.0,0.9186296922108471
512.0,0.9186628234436603
512.0,0.9186959546764735
512.0,0.9187290859092867
512.0,0.9187622171420998
512.0,0.9187953483749131
512.0,0.9188284796077262
512.0,0.9188616108405394
512.0,0.9188947420733525
512.0,0.9189278733061658
512.0,0.9189610045389789
512.0,0.9189941357717921
512.0,0.9190272670046052
512.0,0.9190603982374184
512.0,0.9190935294702316
512.0,0.9191266607030447
512.0,0.919159791935858
512.0,0.9191929231686711
512.0,0.9192260544014843
512.0,0.9192591856342974
512.0,0.9192923168671107
512.0,0.9193254480999238
512.0,0.919358579332737
512.0,0.9193917105655501
512.0,0.9194248417983634
512.0,0.9194579730311765
512.0,0.9194911042639896
512.0,0.9195242354968028
512.0,0.919557366729616
512.0,0.9195904979624292
512.0,0.9196236291952423
512.0,0.9196567604280556
512.0,0.9196898916608687
512.0,0.9197230228936819
512.0,0.919756154126495
512.0,0.9197892853593083
512.0,0.9198224165921214
512.0,0.9198555478249346
512.0,0.9198886790577477
512.0,0.9199218102905609
512.0,0.9199549415233741
512.0,0.9199880727561872
512.0,0.9200212039890004
512.0,0.9200543352218136
512.0,0.9200874664546268
512.0,0.9201205976874399
512.0,0.9201537289202532
512.0,0.9201868601530663
512.0,0.9202199913858795
512.0,0.9202531226186926
512.0,0.9202862538515059
512.0,0.920319385084319
512.0,0.9203525163171321
512.0,0.9203856475499453
512.0,0.9204187787827585
512.0,0.9204519100155717
512.0,0.9204850412483848
512.0,0.920518172481198
512.0,0.9205513037140112
512.0,0.9205844349468244
512.0,0.9206175661796375
512.0,0.9206506974124508
512.0,0.9206838286452639
512.0,0.9207169598780771
512.0,0.9207500911108902
512.0,0.9207832223437034
512.0,0.9208163535765166
512.0,0.9208494848093297
512.0,0.9208826160421429
512.0,0.9209157472749561
512.0,0.9209488785077693
512.0,0.9209820097405824
512.0,0.9210151409733957
512.0,0.9210482722062088
512.0,0.921081403439022
512.0,0.9211145346718351
512.0,0.9211476659046484
512.0,0.9211807971374615
512.0,0.9212139283702746
512.0,0.9212470596030878
512.0,0.921280190835901
512.0,0.9213133220687142
512.0,0.9213464533015273
512.0,0.9213795845343405
512.0,0.9214127157671537
512.0,0.9214458469999669
512.0,0.92147897823278
512.0,0.9215121094655933
512.0,0.9215452406984064
512.0,0.9215783719312196
512.0,0.9216115031640327
512.0,0.9216446343968459
512.0,0.9216777656296591
512.0,0.9217108968624722
512.0,0.9217440280952854
512.0,0.9217771593280986
512.0,0.9218102905609118
512.0,0.9218434217937249
512.0,0.9218765530265381
512.0,0.9219096842593513
512.0,0.9219428154921645
512.0,0.9219759467249776
512.0,0.9220090779577909
512.0,0.922042209190604
512.0,0.9220753404234171
512.0,0.9221084716562303
512.0,0.9221416028890435
512.0,0.9221747341218567
512.0,0.9222078653546698
512.0,0.922240996587483
512.0,0.9222741278202962
512.0,0.9223072590531094
512.0,0.9223403902859225
512.0,0.9223735215187358
512.0,0.9224066527515489
512.0,0.9224397839843621
512.0,0.9224729152171752
512.0,0.9225060464499885
512.0,0.9225391776828016
512.0,0.9225723089156147
512.0,0.9226054401484279
512.0,0.9226385713812411
512.0,0.9226717026140543
512.0,0.9227048338468674
512.0,0.9227379650796806
512.0,0.9227710963124938
512.0,0.922804227545307
512.0,0.9228373587781201
512.0,0.9228704900109334
512.0,0.9229036212437465
512.0,0.9229367524765597
512.0,0.9229698837093728
512.0,0.923003014942186
512.0,0.9230361461749992
512.0,0.9230692774078123
512.0,0.9231024086406255
512.0,0.9231355398734387
512.0,0.9231686711062519
512.0,0.923201802339065
512.0,0.9232349335718782
512.0,0.9232680648046914
512.0,0.9233011960375046
512.0,0.9233343272703177
512.0,0.923367458503131
512.0,0.9234005897359441
512.0,0.9234337209687572
512.0,0.9234668522015704
512.0,0.9234999834343836
512.0,0.9235331146671968
512.0,0.9235662459000099
512.0,0.9235993771328231
512.0,0.9236325083656363
512.0,0.9236656395984495
512.0,0.9236987708312626
512.0,0.9237319020640758
512.0,0.923765033296889
512.0,0.9237981645297022
512.0,0.9238312957625153
512.0,0.9238644269953284
512.0,0.9238975582281417
512.0,0.9239306894609548
512.0,0.923963820693768
512.0,0.9239969519265812
512.0,0.9240300831593944
512.0,0.9240632143922075
512.0,0.9240963456250207
512.0,0.9241294768578339
512.0,0.9241626080906471
512.0,0.9241957393234602
512.0,0.9242288705562735
512.0,0.9242620017890866
512.0,0.9242951330218997
512.0,0.9243282642547129
512.0,0.924361395487526
512.0,0.9243945267203393
512.0,0.9244276579531524
512.0,0.9244607891859656
512.0,0.9244939204187788
512.0,0.924527051651592
512.0,0.9245601828844051
512.0,0.9245933141172183
512.0,0.9246264453500315
512.0,0.9246595765828447
512.0,0.9246927078156578
512.0,0.9247258390484709
512.0,0.9247589702812842
512.0,0.9247921015140973
512.0,0.9248252327469105
512.0,0.9248583639797237
512.0,0.9248914952125369
512.0,0.92492462644535
512.0,0.9249577576781632
512.0,0.9249908889109764
512.0,0.9250240201437896
512.0,0.9250571513766027
512.0,0.925090282609416
512.0,0.9251234138422291
512.0,0.9251565450750422
512.0,0.9251896763078554
512.0,0.9252228075406685
512.0,0.9252559387734818
512.0,0.9252890700062949
512.0,0.9253222012391081
512.0,0.9253553324719213
512.0,0.9253884637047345
512.0,0.9254215949375476
512.0,0.9254547261703608
512.0,0.925487857403174
512.0,0.9255209886359872
512.0,0.9255541198688003
512.0,0.9255872511016134
512.0,0.9256203823344267
512.0,0.9256535135672398
512.0,0.925686644800053
512.0,0.9257197760328661
512.0,0.9257529072656794
512.0,0.9257860384984925
512.0,0.9258191697313057
512.0,0.9258523009641189
512.0,0.9258854321969321
512.0,0.9259185634297452
512.0,0.9259516946625584
512.0,0.9259848258953716
512.0,0.9260179571281847
512.0,0.9260510883609979
512.0,0.926084219593811
512.0,0.9261173508266243
512.0,0.9261504820594374
512.0,0.9261836132922506
512.0,0.9262167445250638
512.0,0.926249875757877
512.0,0.9262830069906901
512.0,0.9263161382235033
512.0,0.9263492694563165
512.0,0.9263824006891297
512.0,0.9264155319219428
512.0,0.9264486631547559
512.0,0.9264817943875692
512.0,0.9265149256203823
512.0,0.9265480568531955
512.0,0.9265811880860086
512.0,0.9266143193188219
512.0,0.926647450551635
512.0,0.9266805817844482
512.0,0.9267137130172614
512.0,0.9267468442500746
512.0,0.9267799754828877
512.0,0.9268131067157009
512.0,0.9268462379485141
512.0,0.9268793691813272
512.0,0.9269125004141404
512.0,0.9269456316469535
512.0,0.9269787628797668
512.0,0.9270118941125799
512.0,0.9270450253453931
512.0,0.9270781565782062
512.0,0.9271112878110195
512.0,0.9271444190438326
512.0,0.9271775502766458
512.0,0.927210681509459
512.0,0.9272438127422722
512.0,0.9272769439750853
512.0,0.9273100752078984
512.0,0.9273432064407117
512.0,0.9273763376735248
512.0,0.927409468906338
512.0,0.9274426001391511
512.0,0.9274757313719644
512.0,0.9275088626047775
512.0,0.9275419938375907
512.0,0.9275751250704038
512.0,0.9276082563032171
512.0,0.9276413875360302
512.0,0.9276745187688434
512.0,0.9277076500016566
512.0,0.9277407812344697
512.0,0.9277739124672829
512.0,0.927807043700096
512.0,0.9278401749329093
512.0,0.9278733061657224
512.0,0.9279064373985356
512.0,0.9279395686313487
512.0,0.927972699864162
512.0,0.9280058310969751
512.0,0.9280389623297883
512.0,0.9280720935626015
512.0,0.9281052247954147
512.0,0.9281383560282278
512.0,0.9281714872610409
512.0,0.9282046184938542
512.0,0.9282377497266673
512.0,0.9282708809594805
512.0,0.9283040121922936
512.0,0.9283371434251069
512.0,0.92837027465792
512.0,0.9284034058907332
512.0,0.9284365371235463
512.0,0.9284696683563596
512.0,0.9285027995891727
512.0,0.9285359308219859
512.0,0.928569062054799
512.0,0.9286021932876123
512.0,0.9286353245204254
512.0,0.9286684557532385
512.0,0.9287015869860518
512.0,0.9287347182188649
512.0,0.9287678494516781
512.0,0.9288009806844912
512.0,0.9288341119173045
512.0,0.9288672431501176
512.0,0.9289003743829308
512.0,0.928933505615744
512.0,0.9289666368485572
512.0,0.9289997680813703
512.0,0.9290328993141835
512.0,0.9290660305469967
512.0,0.9290991617798098
512.0,0.929132293012623
512.0,0.9291654242454361
512.0,0.9291985554782494
512.0,0.9292316867110625
512.0,0.9292648179438757
512.0,0.9292979491766888
512.0,0.9293310804095021
512.0,0.9293642116423152
512.0,0.9293973428751284
512.0,0.9294304741079416
512.0,0.9294636053407548
512.0,0.9294967365735679
512.0,0.929529867806381
512.0,0.9295629990391943
512.0,0.9295961302720074
512.0,0.9296292615048206
512.0,0.9296623927376337
512.0,0.929695523970447
512.0,0.9297286552032601
512.0,0.9297617864360733
512.0,0.9297949176688864
512.0,0.9298280489016997
512.0,0.9298611801345128
512.0,0.929894311367326
512.0,0.9299274426001392
512.0,0.9299605738329523
512.0,0.9299937050657655
512.0,0.9300268362985786
512.0,0.9300599675313919
512.0,0.930093098764205
512.0,0.9301262299970182
512.0,0.9301593612298313
512.0,0.9301924924626446
512.0,0.9302256236954577
512.0,0.9302587549282709
512.0,0.930291886161084
512.0,0.9303250173938973
512.0,0.9303581486267104
512.0,0.9303912798595235
512.0,0.9304244110923368
512.0,0.9304575423251499
512.0,0.9304906735579631
512.0,0.9305238047907762
512.0,0.9305569360235895
512.0,0.9305900672564026
512.0,0.9306231984892158
512.0,0.9306563297220289
512.0,0.9306894609548422
512.0,0.9307225921876553
512.0,0.9307557234204685
512.0,0.9307888546532816
512.0,0.9308219858860948
512.0,0.930855117118908
512.0,0.9308882483517211
512.0,0.9309213795845344
512.0,0.9309545108173475
512.0,0.9309876420501607
512.0,0.9310207732829738
512.0,0.9310539045157871
512.0,0.9310870357486002
512.0,0.9311201669814134
512.0,0.9311532982142265
512.0,0.9311864294470398
512.0,0.9312195606798529
512.0,0.931252691912666
512.0,0.9312858231454793
512.0,0.9313189543782924
512.0,0.9313520856111056
512.0,0.9313852168439187
512.0,0.931418348076732
512.0,0.9314514793095451
512.0,0.9314846105423583
512.0,0.9315177417751714
512.0,0.9315508730079847
512.0,0.9315840042407978
512.0,0.931617135473611
512.0,0.9316502667064241
512.0,0.9316833979392373
512.0,0.9317165291720505
512.0,0.9317496604048636
512.0,0.9317827916376769
512.0,0.93181592287049
512.0,0.9318490541033032
512.0,0.9318821853361163
512.0,0.9319153165689296
512.0,0.9319484478017427
512.0,0.9319815790345559
512.0,0.932014710267369
512.0,0.9320478415001823
512.0,0.9320809727329954
512.0,0.9321141039658085
512.0,0.9321472351986217
512.0,0.9321803664314349
512.0,0.9322134976642481
512.0,0.9322466288970612
512.0,0.9322797601298745
512.0,0.9323128913626876
512.0,0.9323460225955008
512.0,0.9323791538283139
512.0,0.9324122850611272
512.0,0.9324454162939403
512.0,0.9324785475267535
512.0,0.9325116787595666
512.0,0.9325448099923798
512.0,0.932577941225193
512.0,0.9326110724580061
512.0,0.9326442036908194
512.0,0.9326773349236325
512.0,0.9327104661564457
512.0,0.9327435973892588
512.0,0.9327767286220721
512.0,0.9328098598548852
512.0,0.9328429910876984
512.0,0.9328761223205115
512.0,0.9329092535533248
512.0,0.9329423847861379
512.0,0.932975516018951
512.0,0.9330086472517642
512.0,0.9330417784845774
512.0,0.9330749097173906
512.0,0.9331080409502037
512.0,0.933141172183017
512.0,0.9331743034158301
512.0,0.9332074346486433
512.0,0.9332405658814564
512.0,0.9332736971142697
512.0,0.9333068283470828
512.0,0.933339959579896
512.0,0.9333730908127091
512.0,0.9334062220455223
512.0,0.9334393532783355
512.0,0.9334724845111486
512.0,0.9335056157439618
512.0,0.933538746976775
512.0,0.9335718782095882
512.0,0.9336050094424013
512.0,0.9336381406752146
512.0,0.9336712719080277
512.0,0.9337044031408409
512.0,0.933737534373654
512.0,0.9337706656064673
512.0,0.9338037968392804
512.0,0.9338369280720935
512.0,0.9338700593049067
512.0,0.9339031905377199
512.0,0.9339363217705331
512.0,0.9339694530033462
512.0,0.9340025842361594
512.0,0.9340357154689726
512.0,0.9340688467017858
512.0,0.9341019779345989
512.0,0.9341351091674122
512.0,0.9341682404002253
512.0,0.9342013716330385
512.0,0.9342345028658516
512.0,0.9342676340986648
512.0,0.934300765331478
512.0,0.9343338965642911
512.0,0.9343670277971043
512.0,0.9344001590299175
512.0,0.9344332902627307
512.0,0.9344664214955438
512.0,0.934499552728357
512.0,0.9345326839611702
512.0,0.9345658151939834
512.0,0.9345989464267965
512.0,0.9346320776596098
512.0,0.9346652088924229
512.0,0.934698340125236
512.0,0.9347314713580492
512.0,0.9347646025908624
512.0,0.9347977338236756
512.0,0.9348308650564887
512.0,0.934863996289302
512.0,0.9348971275221151
512.0,0.9349302587549283
512.0,0.9349633899877414
512.0,0.9349965212205547
512.0,0.9350296524533678
512.0,0.935062783686181
512.0,0.9350959149189941
512.0,0.9351290461518074
512.0,0.9351621773846205
512.0,0.9351953086174336
512.0,0.9352284398502468
512.0,0.93526157108306
512.0,0.9352947023158732
512.0,0.9353278335486863
512.0,0.9353609647814995
512.0,0.9353940960143127
512.0,0.9354272272471259
512.0,0.935460358479939
512.0,0.9354934897127523
512.0,0.9355266209455654
512.0,0.9355597521783786
512.0,0.9355928834111917
512.0,0.9356260146440049
512.0,0.9356591458768181
512.0,0.9356922771096312
512.0,0.9357254083424444
512.0,0.9357585395752576
512.0,0.9357916708080708
512.0,0.9358248020408839
512.0,0.9358579332736972
512.0,0.9358910645065103
512.0,0.9359241957393235
512.0,0.9359573269721366
512.0,0.9359904582049499
512.0,0.936023589437763
512.0,0.9360567206705761
512.0,0.9360898519033893
512.0,0.9361229831362025
512.0,0.9361561143690157
512.0,0.9361892456018288
512.0,0.936222376834642
512.0,0.9362555080674552
512.0,0.9362886393002684
512.0,0.9363217705330815
512.0,0.9363549017658948
512.0,0.9363880329987079
512.0,0.9364211642315211
512.0,0.9364542954643342
512.0,0.9364874266971474
512.0,0.9365205579299606
512.0,0.9365536891627737
512.0,0.9365868203955869
512.0,0.9366199516284001
512.0,0.9366530828612133
512.0,0.9366862140940264
512.0,0.9367193453268396
512.0,0.9367524765596528
512.0,0.936785607792466
512.0,0.9368187390252791
512.0,0.9368518702580924
512.0,0.9368850014909055
512.0,0.9369181327237186
512.0,0.9369512639565318
512.0,0.936984395189345
512.0,0.9370175264221582
512.0,0.9370506576549713
512.0,0.9370837888877845
512.0,0.9371169201205977
512.0,0.9371500513534109
512.0,0.937183182586224
512.0,0.9372163138190372
512.0,0.9372494450518504
512.0,0.9372825762846636
512.0,0.9373157075174767
512.0,0.9373488387502898
512.0,0.9373819699831031
512.0,0.9374151012159162
512.0,0.9374482324487294
512.0,0.9374813636815426
512.0,0.9375144949143558
512.0,0.9375476261471689
512.0,0.9375807573799821
512.0,0.9376138886127953
512.0,0.9376470198456085
512.0,0.9376801510784216
512.0,0.9377132823112349
512.0,0.937746413544048
512.0,0.9377795447768611
512.0,0.9378126760096743
512.0,0.9378458072424875
512.0,0.9378789384753007
512.0,0.9379120697081138
512.0,0.937945200940927
512.0,0.9379783321737402
512.0,0.9380114634065534
512.0,0.9380445946393665
512.0,0.9380777258721797
512.0,0.9381108571049929
512.0,0.9381439883378061
512.0,0.9381771195706192
512.0,0.9382102508034323
512.0,0.9382433820362456
512.0,0.9382765132690587
512.0,0.9383096445018719
512.0,0.938342775734685
512.0,0.9383759069674983
512.0,0.9384090382003114
512.0,0.9384421694331246
512.0,0.9384753006659378
512.0,0.938508431898751
512.0,0.9385415631315641
512.0,0.9385746943643773
512.0,0.9386078255971905
512.0,0.9386409568300036
512.0,0.9386740880628168
512.0,0.93870721929563
512.0,0.9387403505284432
512.0,0.9387734817612563
512.0,0.9388066129940695
512.0,0.9388397442268827
512.0,0.9388728754596959
512.0,0.938906006692509
512.0,0.9389391379253222
512.0,0.9389722691581354
512.0,0.9390054003909486
512.0,0.9390385316237617
512.0,0.9390716628565748
512.0,0.9391047940893881
512.0,0.9391379253222012
512.0,0.9391710565550144
512.0,0.9392041877878275
512.0,0.9392373190206408
512.0,0.9392704502534539
512.0,0.9393035814862671
512.0,0.9393367127190803
512.0,0.9393698439518935
512.0,0.9394029751847066
512.0,0.9394361064175198
512.0,0.939469237650333
512.0,0.9395023688831461
512.0,0.9395355001159593
512.0,0.9395686313487724
512.0,0.9396017625815857
512.0,0.9396348938143988
512.0,0.939668025047212
512.0,0.9397011562800252
512.0,0.9397342875128384
512.0,0.9397674187456515
512.0,0.9398005499784647
512.0,0.9398336812112779
512.0,0.9398668124440911
512.0,0.9398999436769042
512.0,0.9399330749097173
512.0,0.9399662061425306
512.0,0.9399993373753437
512.0,0.9400324686081569
512.0,0.94006559984097
512.0,0.9400987310737833
512.0,0.9401318623065964
512.0,0.9401649935394096
512.0,0.9401981247722228
512.0,0.940231256005036
512.0,0.9402643872378491
512.0,0.9402975184706623
512.0,0.9403306497034755
512.0,0.9403637809362886
512.0,0.9403969121691018
512.0,0.9404300434019149
512.0,0.9404631746347282
512.0,0.9404963058675413
512.0,0.9405294371003545
512.0,0.9405625683331676
512.0,0.9405956995659809
512.0,0.940628830798794
512.0,0.9406619620316072
512.0,0.9406950932644204
512.0,0.9407282244972336
512.0,0.9407613557300467
512.0,0.9407944869628598
512.0,0.9408276181956731
512.0,0.9408607494284862
512.0,0.9408938806612994
512.0,0.9409270118941125
512.0,0.9409601431269258
512.0,0.9409932743597389
512.0,0.9410264055925521
512.0,0.9410595368253653
512.0,0.9410926680581785
512.0,0.9411257992909916
512.0,0.9411589305238048
512.0,0.941192061756618
512.0,0.9412251929894312
512.0,0.9412583242222443
512.0,0.9412914554550574
512.0,0.9413245866878707
512.0,0.9413577179206838
512.0,0.941390849153497
512.0,0.9414239803863101
512.0,0.9414571116191234
512.0,0.9414902428519365
512.0,0.9415233740847497
512.0,0.9415565053175629
512.0,0.9415896365503761
512.0,0.9416227677831892
512.0,0.9416558990160024
512.0,0.9416890302488156
512.0,0.9417221614816287
512.0,0.9417552927144419
512.0,0.941788423947255
512.0,0.9418215551800683
512.0,0.9418546864128814
512.0,0.9418878176456946
512.0,0.9419209488785077
512.0,0.941954080111321
512.0,0.9419872113441341
512.0,0.9420203425769473
512.0,0.9420534738097605
512.0,0.9420866050425737
512.0,0.9421197362753868
512.0,0.9421528675081999
512.0,0.9421859987410132
512.0,0.9422191299738263
512.0,0.9422522612066395
512.0,0.9422853924394526
512.0,0.9423185236722659
512.0,0.942351654905079
512.0,0.9423847861378922
512.0,0.9424179173707053
512.0,0.9424510486035186
512.0,0.9424841798363317
512.0,0.9425173110691449
512.0,0.9425504423019581
512.0,0.9425835735347712
512.0,0.9426167047675844
512.0,0.9426498360003975
512.0,0.9426829672332108
512.0,0.9427160984660239
512.0,0.9427492296988371
512.0,0.9427823609316502
512.0,0.9428154921644635
512.0,0.9428486233972766
512.0,0.9428817546300898
512.0,0.942914885862903
512.0,0.9429480170957162
512.0,0.9429811483285293
512.0,0.9430142795613424
512.0,0.9430474107941557
512.0,0.9430805420269688
512.0,0.943113673259782
512.0,0.9431468044925951
512.0,0.9431799357254084
512.0,0.9432130669582215
512.0,0.9432461981910347
512.0,0.9432793294238478
512.0,0.9433124606566611
512.0,0.9433455918894742
512.0,0.9433787231222874
512.0,0.9434118543551006
512.0,0.9434449855879137
512.0,0.9434781168207269
512.0,0.94351124805354
512.0,0.9435443792863533
512.0,0.9435775105191664
512.0,0.9436106417519796
512.0,0.9436437729847927
512.0,0.943676904217606
512.0,0.9437100354504191
512.0,0.9437431666832323
512.0,0.9437762979160454
512.0,0.9438094291488587
512.0,0.9438425603816718
512.0,0.9438756916144849
512.0,0.9439088228472982
512.0,0.9439419540801113
512.0,0.9439750853129245
512.0,0.9440082165457376
512.0,0.9440413477785509
512.0,0.944074479011364
512.0,0.9441076102441772
512.0,0.9441407414769903
512.0,0.9441738727098036
512.0,0.9442070039426167
512.0,0.9442401351754299
512.0,0.944273266408243
512.0,0.9443063976410562
512.0,0.9443395288738694
512.0,0.9443726601066825
512.0,0.9444057913394958
512.0,0.9444389225723089
512.0,0.9444720538051221
512.0,0.9445051850379352
512.0,0.9445383162707485
512.0,0.9445714475035616
512.0,0.9446045787363748
512.0,0.9446377099691879
512.0,0.9446708412020012
512.0,0.9447039724348143
512.0,0.9447371036676274
512.0,0.9447702349004407
512.0,0.9448033661332538
512.0,0.944836497366067
512.0,0.9448696285988801
512.0,0.9449027598316934
512.0,0.9449358910645065
512.0,0.9449690222973197
512.0,0.9450021535301328
512.0,0.9450352847629461
512.0,0.9450684159957592
512.0,0.9451015472285724
512.0,0.9451346784613855
512.0,0.9451678096941987
512.0,0.9452009409270119
512.0,0.945234072159825
512.0,0.9452672033926383
512.0,0.9453003346254514
512.0,0.9453334658582646
512.0,0.9453665970910777
512.0,0.945399728323891
512.0,0.9454328595567041
512.0,0.9454659907895173
512.0,0.9454991220223304
512.0,0.9455322532551437
512.0,0.9455653844879568
512.0,0.9455985157207699
512.0,0.9456316469535831
512.0,0.9456647781863963
512.0,0.9456979094192095
512.0,0.9457310406520226
512.0,0.9457641718848359
512.0,0.945797303117649
512.0,0.9458304343504622
512.0,0.9458635655832753
512.0,0.9458966968160886
512.0,0.9459298280489017
512.0,0.9459629592817149
512.0,0.945996090514528
512.0,0.9460292217473412
512.0,0.9460623529801544
512.0,0.9460954842129675
512.0,0.9461286154457808
512.0,0.9461617466785939
512.0,0.9461948779114071
512.0,0.9462280091442202
512.0,0.9462611403770335
512.0,0.9462942716098466
512.0,0.9463274028426598
512.0,0.9463605340754729
512.0,0.9463936653082862
512.0,0.9464267965410993
512.0,0.9464599277739124
512.0,0.9464930590067256
512.0,0.9465261902395388
512.0,0.946559321472352
512.0,0.9465924527051651
512.0,0.9466255839379784
512.0,0.9466587151707915
512.0,0.9466918464036047
512.0,0.9467249776364178
512.0,0.9467581088692311
512.0,0.9467912401020442
512.0,0.9468243713348574
512.0,0.9468575025676705
512.0,0.9468906338004837
512.0,0.9469237650332969
512.0,0.94695689626611
512.0,0.9469900274989232
512.0,0.9470231587317364
512.0,0.9470562899645496
512.0,0.9470894211973627
512.0,0.947122552430176
512.0,0.9471556836629891
512.0,0.9471888148958023
512.0,0.9472219461286154
512.0,0.9472550773614287
512.0,0.9472882085942418
512.0,0.947321339827055
512.0,0.9473544710598681
512.0,0.9473876022926813
512.0,0.9474207335254945
512.0,0.9474538647583076
512.0,0.9474869959911209
512.0,0.947520127223934
512.0,0.9475532584567472
512.0,0.9475863896895603
512.0,0.9476195209223736
512.0,0.9476526521551867
512.0,0.9476857833879999
512.0,0.947718914620813
512.0,0.9477520458536263
512.0,0.9477851770864394
512.0,0.9478183083192525
512.0,0.9478514395520657
512.0,0.9478845707848789
512.0,0.9479177020176921
512.0,0.9479508332505052
512.0,0.9479839644833185
512.0,0.9480170957161316
512.0,0.9480502269489448
512.0,0.9480833581817579
512.0,0.9481164894145712
512.0,0.9481496206473843
512.0,0.9481827518801975
512.0,0.9482158831130106
512.0,0.9482490143458238
512.0,0.948282145578637
512.0,0.9483152768114501
512.0,0.9483484080442633
512.0,0.9483815392770765
512.0,0.9484146705098897
512.0,0.9484478017427028
512.0,0.9484809329755161
512.0,0.9485140642083292
512.0,0.9485471954411424
512.0,0.9485803266739555
512.0,0.9486134579067688
512.0,0.9486465891395819
512.0,0.948679720372395
512.0,0.9487128516052082
512.0,0.9487459828380214
512.0,0.9487791140708346
512.0,0.9488122453036477
512.0,0.948845376536461
512.0,0.9488785077692741
512.0,0.9489116390020873
512.0,0.9489447702349004
512.0,0.9489779014677137
512.0,0.9490110327005268
512.0,0.94904416393334
512.0,0.9490772951661531
512.0,0.9491104263989663
512.0,0.9491435576317795
512.0,0.9491766888645926
512.0,0.9492098200974058
512.0,0.949242951330219
512.0,0.9492760825630322
512.0,0.9493092137958453
512.0,0.9493423450286586
512.0,0.9493754762614717
512.0,0.9494086074942849
512.0,0.949441738727098
512.0,0.9494748699599113
512.0,0.9495080011927244
512.0,0.9495411324255375
512.0,0.9495742636583507
512.0,0.9496073948911639
512.0,0.9496405261239771
512.0,0.9496736573567902
512.0,0.9497067885896034
512.0,0.9497399198224166
512.0,0.9497730510552298
512.0,0.9498061822880429
512.0,0.9498393135208562
512.0,0.9498724447536693
512.0,0.9499055759864825
512.0,0.9499387072192956
512.0,0.9499718384521088
512.0,0.950004969684922
512.0,0.9500381009177351
512.0,0.9500712321505483
512.0,0.9501043633833615
512.0,0.9501374946161747
512.0,0.9501706258489878
512.0,0.950203757081801
512.0,0.9502368883146142
512.0,0.9502700195474274
512.0,0.9503031507802405
512.0,0.9503362820130538
512.0,0.9503694132458669
512.0,0.95040254447868
512.0,0.9504356757114932
512.0,0.9504688069443064
512.0,0.9505019381771196
512.0,0.9505350694099327
512.0,0.9505682006427459
512.0,0.9506013318755591
512.0,0.9506344631083723
512.0,0.9506675943411854
512.0,0.9507007255739987
512.0,0.9507338568068118
512.0,0.950766988039625
512.0,0.9508001192724381
512.0,0.9508332505052512
512.0,0.9508663817380645
512.0,0.9508995129708776
512.0,0.9509326442036908
512.0,0.950965775436504
512.0,0.9509989066693172
512.0,0.9510320379021303
512.0,0.9510651691349435
512.0,0.9510983003677567
512.0,0.9511314316005699
512.0,0.951164562833383
512.0,0.9511976940661963
512.0,0.9512308252990094
512.0,0.9512639565318225
512.0,0.9512970877646357
512.0,0.9513302189974489
512.0,0.9513633502302621
512.0,0.9513964814630752
512.0,0.9514296126958884
512.0,0.9514627439287016
512.0,0.9514958751615148
512.0,0.9515290063943279
512.0,0.9515621376271411
512.0,0.9515952688599543
512.0,0.9516284000927675
512.0,0.9516615313255806
512.0,0.9516946625583937
512.0,0.951727793791207
512.0,0.9517609250240201
512.0,0.9517940562568333
512.0,0.9518271874896465
512.0,0.9518603187224597
512.0,0.9518934499552728
512.0,0.951926581188086
512.0,0.9519597124208992
512.0,0.9519928436537124
512.0,0.9520259748865255
512.0,0.9520591061193387
512.0,0.9520922373521519
512.0,0.952125368584965
512.0,0.9521584998177782
512.0,0.9521916310505913
512.0,0.9522247622834046
512.0,0.9522578935162177
512.0,0.9522910247490309
512.0,0.9523241559818441
512.0,0.9523572872146573
512.0,0.9523904184474704
512.0,0.9524235496802836
512.0,0.9524566809130968
512.0,0.95248981214591
512.0,0.9525229433787231
512.0,0.9525560746115362
512.0,0.9525892058443495
512.0,0.9526223370771626
512.0,0.9526554683099758
512.0,0.952688599542789
512.0,0.9527217307756022
512.0,0.9527548620084153
512.0,0.9527879932412285
512.0,0.9528211244740417
512.0,0.9528542557068549
512.0,0.952887386939668
512.0,0.9529205181724812
512.0,0.9529536494052944
512.0,0.9529867806381075
512.0,0.9530199118709207
512.0,0.9530530431037338
512.0,0.9530861743365471
512.0,0.9531193055693602
512.0,0.9531524368021734
512.0,0.9531855680349866
512.0,0.9532186992677998
512.0,0.9532518305006129
512.0,0.9532849617334261
512.0,0.9533180929662393
512.0,0.9533512241990525
512.0,0.9533843554318656
512.0,0.9534174866646788
512.0,0.953450617897492
512.0,0.9534837491303051
512.0,0.9535168803631183
512.0,0.9535500115959314
512.0,0.9535831428287447
512.0,0.9536162740615578
512.0,0.953649405294371
512.0,0.9536825365271842
512.0,0.9537156677599974
512.0,0.9537487989928105
512.0,0.9537819302256237
512.0,0.9538150614584369
512.0,0.9538481926912501
512.0,0.9538813239240632
512.0,0.9539144551568763
512.0,0.9539475863896896
512.0,0.9539807176225027
512.0,0.9540138488553159
512.0,0.954046980088129
512.0,0.9540801113209423
512.0,0.9541132425537554
512.0,0.9541463737865686
512.0,0.9541795050193818
512.0,0.954212636252195
512.0,0.9542457674850081
512.0,0.9542788987178213
512.0,0.9543120299506345
512.0,0.9543451611834476
512.0,0.9543782924162608
512.0,0.9544114236490739
512.0,0.9544445548818872
512.0,0.9544776861147003
512.0,0.9545108173475135
512.0,0.9545439485803267
512.0,0.9545770798131399
512.0,0.954610211045953
512.0,0.9546433422787662
513.0,0.9546764735115794
513.0,0.9547096047443926
513.0,0.9547427359772057
514.0,0.9547758672100188
514.0,0.9548089984428321
514.0,0.9548421296756452
514.0,0.9548752609084584
514.0,0.9549083921412715
514.0,0.9549415233740848
514.0,0.9549746546068979
514.0,0.9550077858397111
514.0,0.9550409170725243
514.0,0.9550740483053375
514.0,0.9551071795381506
514.0,0.9551403107709638
515.0,0.955173442003777
515.0,0.9552065732365901
515.0,0.9552397044694033
515.0,0.9552728357022164
515.0,0.9553059669350297
515.0,0.9553390981678428
515.0,0.955372229400656
515.0,0.9554053606334691
515.0,0.9554384918662824
515.0,0.9554716230990955
515.0,0.9555047543319087
515.0,0.9555378855647219
516.0,0.9555710167975351
516.0,0.9556041480303482
516.0,0.9556372792631613
516.0,0.9556704104959746
516.0,0.9557035417287877
516.0,0.9557366729616009
516.0,0.955769804194414
516.0,0.9558029354272273
516.0,0.9558360666600404
516.0,0.9558691978928536
516.0,0.9559023291256667
516.0,0.95593546035848
516.0,0.9559685915912931
516.0,0.9560017228241063
516.0,0.9560348540569195
516.0,0.9560679852897326
516.0,0.9561011165225458
517.0,0.9561342477553589
517.0,0.9561673789881722
517.0,0.9562005102209853
517.0,0.9562336414537985
517.0,0.9562667726866116
517.0,0.9562999039194249
517.0,0.956333035152238
517.0,0.9563661663850512
517.0,0.9563992976178644
517.0,0.9564324288506776
517.0,0.9564655600834907
517.0,0.9564986913163038
517.0,0.9565318225491171
518.0,0.9565649537819302
518.0,0.9565980850147434
518.0,0.9566312162475565
518.0,0.9566643474803698
518.0,0.9566974787131829
518.0,0.9567306099459961
518.0,0.9567637411788092
518.0,0.9567968724116225
519.0,0.9568300036444356
520.0,0.9568631348772488
520.0,0.956896266110062
520.0,0.9569293973428751
520.0,0.9569625285756883
520.0,0.9569956598085014
520.0,0.9570287910413147
520.0,0.9570619222741278
520.0,0.957095053506941
521.0,0.9571281847397541
521.0,0.9571613159725674
521.0,0.9571944472053805
521.0,0.9572275784381937
521.0,0.9572607096710068
521.0,0.9572938409038201
521.0,0.9573269721366332
521.0,0.9573601033694463
521.0,0.9573932346022596
522.0,0.9574263658350727
522.0,0.9574594970678859
522.0,0.957492628300699
522.0,0.9575257595335123
522.0,0.9575588907663254
522.0,0.9575920219991386
522.0,0.9576251532319517
522.0,0.957658284464765
522.0,0.9576914156975781
523.0,0.9577245469303913
523.0,0.9577576781632045
523.0,0.9577908093960176
523.0,0.9578239406288308
523.0,0.9578570718616439
523.0,0.9578902030944572
524.0,0.9579233343272703
524.0,0.9579564655600835
524.0,0.9579895967928966
525.0,0.9580227280257099
525.0,0.958055859258523
525.0,0.9580889904913362
525.0,0.9581221217241493
525.0,0.9581552529569626
525.0,0.9581883841897757
525.0,0.9582215154225888
525.0,0.958254646655402
525.0,0.9582877778882152
525.0,0.9583209091210284
525.0,0.9583540403538415
525.0,0.9583871715866548
526.0,0.9584203028194679
526.0,0.9584534340522811
526.0,0.9584865652850942
526.0,0.9585196965179075
526.0,0.9585528277507206
526.0,0.9585859589835338
526.0,0.958619090216347
526.0,0.9586522214491601
526.0,0.9586853526819733
526.0,0.9587184839147864
527.0,0.9587516151475997
527.0,0.9587847463804128
527.0,0.958817877613226
527.0,0.9588510088460391
527.0,0.9588841400788524
527.0,0.9589172713116655
527.0,0.9589504025444787
527.0,0.9589835337772918
527.0,0.9590166650101051
528.0,0.9590497962429182
528.0,0.9590829274757313
528.0,0.9591160587085445
528.0,0.9591491899413577
528.0,0.9591823211741709
528.0,0.959215452406984
528.0,0.9592485836397973
528.0,0.9592817148726104
528.0,0.9593148461054236
528.0,0.9593479773382367
528.0,0.95938110857105
528.0,0.9594142398038631
528.0,0.9594473710366763
528.0,0.9594805022694894
528.0,0.9595136335023026
528.0,0.9595467647351158
529.0,0.9595798959679289
529.0,0.9596130272007422
529.0,0.9596461584335553
529.0,0.9596792896663685
529.0,0.9597124208991816
529.0,0.9597455521319949
529.0,0.959778683364808
529.0,0.9598118145976212
529.0,0.9598449458304343
529.0,0.9598780770632476
529.0,0.9599112082960607
529.0,0.9599443395288739
529.0,0.959977470761687
530.0,0.9600106019945002
530.0,0.9600437332273134
530.0,0.9600768644601265
530.0,0.9601099956929398
530.0,0.9601431269257529
530.0,0.9601762581585661
530.0,0.9602093893913792
530.0,0.9602425206241925
530.0,0.9602756518570056
530.0,0.9603087830898188
530.0,0.9603419143226319
530.0,0.9603750455554452
530.0,0.9604081767882583
531.0,0.9604413080210714
531.0,0.9604744392538846
531.0,0.9605075704866978
531.0,0.960540701719511
531.0,0.9605738329523241
531.0,0.9606069641851374
531.0,0.9606400954179505
531.0,0.9606732266507637
531.0,0.9607063578835768
531.0,0.9607394891163901
531.0,0.9607726203492032
531.0,0.9608057515820164
531.0,0.9608388828148295
531.0,0.9608720140476427
532.0,0.9609051452804559
532.0,0.960938276513269
532.0,0.9609714077460823
532.0,0.9610045389788954
532.0,0.9610376702117086
532.0,0.9610708014445217
532.0,0.961103932677335
532.0,0.9611370639101481
532.0,0.9611701951429613
532.0,0.9612033263757744
532.0,0.9612364576085877
532.0,0.9612695888414008
532.0,0.9613027200742139
532.0,0.9613358513070271
532.0,0.9613689825398403
533.0,0.9614021137726535
533.0,0.9614352450054666
533.0,0.9614683762382799
533.0,0.961501507471093
533.0,0.9615346387039062
533.0,0.9615677699367193
533.0,0.9616009011695326
533.0,0.9616340324023457
533.0,0.9616671636351589
533.0,0.961700294867972
534.0,0.9617334261007852
534.0,0.9617665573335984
534.0,0.9617996885664115
534.0,0.9618328197992247
534.0,0.9618659510320379
534.0,0.9618990822648511
534.0,0.9619322134976642
534.0,0.9619653447304775
534.0,0.9619984759632906
534.0,0.9620316071961038
534.0,0.9620647384289169
534.0,0.9620978696617302
535.0,0.9621310008945433
535.0,0.9621641321273564
535.0,0.9621972633601696
535.0,0.9622303945929828
535.0,0.962263525825796
535.0,0.9622966570586091
535.0,0.9623297882914223
535.0,0.9623629195242355
535.0,0.9623960507570487
535.0,0.9624291819898618
535.0,0.9624623132226751
535.0,0.9624954444554882
535.0,0.9625285756883014
535.0,0.9625617069211145
535.0,0.9625948381539277
535.0,0.9626279693867409
535.0,0.962661100619554
535.0,0.9626942318523672
535.0,0.9627273630851804
535.0,0.9627604943179936
536.0,0.9627936255508067
536.0,0.96282675678362
536.0,0.9628598880164331
536.0,0.9628930192492463
536.0,0.9629261504820594
536.0,0.9629592817148727
536.0,0.9629924129476858
536.0,0.9630255441804989
536.0,0.9630586754133121
536.0,0.9630918066461253
536.0,0.9631249378789385
536.0,0.9631580691117516
536.0,0.9631912003445648
536.0,0.963224331577378
536.0,0.9632574628101912
536.0,0.9632905940430043
536.0,0.9633237252758176
536.0,0.9633568565086307
536.0,0.9633899877414439
536.0,0.963423118974257
536.0,0.9634562502070702
536.0,0.9634893814398834
537.0,0.9635225126726965
537.0,0.9635556439055097
537.0,0.9635887751383229
537.0,0.9636219063711361
537.0,0.9636550376039492
537.0,0.9636881688367624
537.0,0.9637213000695756
537.0,0.9637544313023888
537.0,0.9637875625352019
537.0,0.9638206937680152
537.0,0.9638538250008283
537.0,0.9638869562336414
538.0,0.9639200874664546
538.0,0.9639532186992678
538.0,0.963986349932081
538.0,0.9640194811648941
538.0,0.9640526123977073
538.0,0.9640857436305205
538.0,0.9641188748633337
538.0,0.9641520060961468
538.0,0.96418513732896
538.0,0.9642182685617732
538.0,0.9642513997945864
538.0,0.9642845310273995
538.0,0.9643176622602126
538.0,0.9643507934930259
538.0,0.964383924725839
538.0,0.9644170559586522
538.0,0.9644501871914654
538.0,0.9644833184242786
538.0,0.9645164496570917
538.0,0.964549580889905
538.0,0.9645827121227181
538.0,0.9646158433555313
538.0,0.9646489745883444
539.0,0.9646821058211577
539.0,0.9647152370539708
539.0,0.9647483682867839
539.0,0.9647814995195971
539.0,0.9648146307524103
539.0,0.9648477619852235
539.0,0.9648808932180366
539.0,0.9649140244508498
539.0,0.964947155683663
539.0,0.9649802869164762
539.0,0.9650134181492893
539.0,0.9650465493821025
539.0,0.9650796806149157
539.0,0.9651128118477289
539.0,0.965145943080542
539.0,0.9651790743133551
539.0,0.9652122055461684
539.0,0.9652453367789815
539.0,0.9652784680117947
539.0,0.9653115992446079
539.0,0.9653447304774211
539.0,0.9653778617102342
539.0,0.9654109929430474
539.0,0.9654441241758606
540.0,0.9654772554086738
540.0,0.9655103866414869
540.0,0.9655435178743002
540.0,0.9655766491071133
540.0,0.9656097803399264
540.0,0.9656429115727396
540.0,0.9656760428055527
540.0,0.965709174038366
540.0,0.9657423052711791
540.0,0.9657754365039923
540.0,0.9658085677368055
540.0,0.9658416989696187
540.0,0.9658748302024318
540.0,0.965907961435245
540.0,0.9659410926680582
540.0,0.9659742239008714
540.0,0.9660073551336845
540.0,0.9660404863664978
540.0,0.9660736175993109
540.0,0.966106748832124
540.0,0.9661398800649372
540.0,0.9661730112977504
540.0,0.9662061425305636
540.0,0.9662392737633767
540.0,0.9662724049961899
540.0,0.9663055362290031
540.0,0.9663386674618163
540.0,0.9663717986946294
540.0,0.9664049299274426
540.0,0.9664380611602558
541.0,0.966471192393069
541.0,0.9665043236258821
541.0,0.9665374548586952
541.0,0.9665705860915085
541.0,0.9666037173243216
541.0,0.9666368485571348
541.0,0.966669979789948
541.0,0.9667031110227612
541.0,0.9667362422555743
541.0,0.9667693734883875
541.0,0.9668025047212007
541.0,0.9668356359540139
541.0,0.966868767186827
541.0,0.9669018984196402
541.0,0.9669350296524534
541.0,0.9669681608852665
541.0,0.9670012921180797
541.0,0.9670344233508928
541.0,0.9670675545837061
541.0,0.9671006858165192
542.0,0.9671338170493324
542.0,0.9671669482821456
542.0,0.9672000795149588
542.0,0.9672332107477719
542.0,0.9672663419805851
542.0,0.9672994732133983
542.0,0.9673326044462115
542.0,0.9673657356790246
542.0,0.9673988669118377
542.0,0.967431998144651
542.0,0.9674651293774641
542.0,0.9674982606102773
542.0,0.9675313918430904
542.0,0.9675645230759037
542.0,0.9675976543087168
542.0,0.96763078554153
542.0,0.9676639167743432
542.0,0.9676970480071564
542.0,0.9677301792399695
542.0,0.9677633104727827
542.0,0.9677964417055959
542.0,0.967829572938409
542.0,0.9678627041712222
542.0,0.9678958354040353
542.0,0.9679289666368486
542.0,0.9679620978696617
542.0,0.9679952291024749
542.0,0.968028360335288
543.0,0.9680614915681013
543.0,0.9680946228009144
543.0,0.9681277540337276
543.0,0.9681608852665408
543.0,0.968194016499354
543.0,0.9682271477321671
543.0,0.9682602789649802
543.0,0.9682934101977935
543.0,0.9683265414306066
543.0,0.9683596726634198
543.0,0.968392803896233
543.0,0.9684259351290462
543.0,0.9684590663618593
543.0,0.9684921975946725
543.0,0.9685253288274857
543.0,0.9685584600602989
543.0,0.968591591293112
543.0,0.9686247225259252
543.0,0.9686578537587384
543.0,0.9686909849915515
544.0,0.9687241162243647
544.0,0.9687572474571778
544.0,0.9687903786899911
544.0,0.9688235099228042
544.0,0.9688566411556174
544.0,0.9688897723884305
544.0,0.9689229036212438
544.0,0.9689560348540569
544.0,0.9689891660868701
544.0,0.9690222973196833
544.0,0.9690554285524965
544.0,0.9690885597853096
544.0,0.9691216910181227
544.0,0.969154822250936
544.0,0.9691879534837491
544.0,0.9692210847165623
544.0,0.9692542159493754
544.0,0.9692873471821887
544.0,0.9693204784150018
544.0,0.969353609647815
544.0,0.9693867408806282
544.0,0.9694198721134414
544.0,0.9694530033462545
544.0,0.9694861345790677
544.0,0.9695192658118809
544.0,0.969552397044694
544.0,0.9695855282775072
544.0,0.9696186595103203
544.0,0.9696517907431336
544.0,0.9696849219759467
544.0,0.9697180532087599
544.0,0.969751184441573
544.0,0.9697843156743863
545.0,0.9698174469071994
545.0,0.9698505781400126
545.0,0.9698837093728258
545.0,0.969916840605639
545.0,0.9699499718384521
545.0,0.9699831030712652
545.0,0.9700162343040785
545.0,0.9700493655368916
545.0,0.9700824967697048
545.0,0.9701156280025179
545.0,0.9701487592353312
545.0,0.9701818904681443
545.0,0.9702150217009575
546.0,0.9702481529337706
546.0,0.9702812841665839
546.0,0.970314415399397
546.0,0.9703475466322102
546.0,0.9703806778650234
546.0,0.9704138090978365
546.0,0.9704469403306497
546.0,0.9704800715634628
546.0,0.9705132027962761
546.0,0.9705463340290892
546.0,0.9705794652619024
546.0,0.9706125964947155
546.0,0.9706457277275288
546.0,0.9706788589603419
546.0,0.9707119901931551
547.0,0.9707451214259682
547.0,0.9707782526587815
547.0,0.9708113838915946
547.0,0.9708445151244077
547.0,0.970877646357221
547.0,0.9709107775900341
547.0,0.9709439088228473
547.0,0.9709770400556604
547.0,0.9710101712884737
547.0,0.9710433025212868
547.0,0.9710764337541
548.0,0.9711095649869131
548.0,0.9711426962197264
548.0,0.9711758274525395
548.0,0.9712089586853527
548.0,0.9712420899181659
548.0,0.971275221150979
548.0,0.9713083523837922
548.0,0.9713414836166053
548.0,0.9713746148494186
548.0,0.9714077460822317
548.0,0.9714408773150449
548.0,0.971474008547858
548.0,0.9715071397806713
548.0,0.9715402710134844
548.0,0.9715734022462976
548.0,0.9716065334791107
548.0,0.971639664711924
548.0,0.9716727959447371
549.0,0.9717059271775502
549.0,0.9717390584103635
549.0,0.9717721896431766
549.0,0.9718053208759898
550.0,0.9718384521088029
550.0,0.9718715833416162
550.0,0.9719047145744293
550.0,0.9719378458072425
550.0,0.9719709770400556
550.0,0.9720041082728689
550.0,0.972037239505682
550.0,0.9720703707384952
550.0,0.9721035019713083
550.0,0.9721366332041216
550.0,0.9721697644369347
550.0,0.9722028956697478
550.0,0.9722360269025611
551.0,0.9722691581353742
552.0,0.9723022893681874
552.0,0.9723354206010005
552.0,0.9723685518338138
552.0,0.9724016830666269
552.0,0.9724348142994401
552.0,0.9724679455322532
552.0,0.9725010767650665
552.0,0.9725342079978796
552.0,0.9725673392306928
552.0,0.972600470463506
552.0,0.9726336016963191
552.0,0.9726667329291323
552.0,0.9726998641619454
552.0,0.9727329953947587
552.0,0.9727661266275718
552.0,0.972799257860385
552.0,0.9728323890931981
552.0,0.9728655203260114
552.0,0.9728986515588245
552.0,0.9729317827916377
552.0,0.9729649140244508
552.0,0.9729980452572641
552.0,0.9730311764900772
552.0,0.9730643077228903
553.0,0.9730974389557036
553.0,0.9731305701885167
553.0,0.9731637014213299
553.0,0.973196832654143
554.0,0.9732299638869563
554.0,0.9732630951197694
554.0,0.9732962263525826
554.0,0.9733293575853957
554.0,0.973362488818209
554.0,0.9733956200510221
554.0,0.9734287512838353
554.0,0.9734618825166484
554.0,0.9734950137494616
554.0,0.9735281449822748
554.0,0.9735612762150879
554.0,0.9735944074479012
554.0,0.9736275386807143
554.0,0.9736606699135275
554.0,0.9736938011463406
554.0,0.9737269323791539
554.0,0.973760063611967
554.0,0.9737931948447802
554.0,0.9738263260775933
554.0,0.9738594573104066
554.0,0.9738925885432197
554.0,0.9739257197760328
555.0,0.973958851008846
555.0,0.9739919822416592
555.0,0.9740251134744724
555.0,0.9740582447072855
555.0,0.9740913759400988
556.0,0.9741245071729119
556.0,0.9741576384057251
556.0,0.9741907696385382
556.0,0.9742239008713515
556.0,0.9742570321041646
556.0,0.9742901633369778
556.0,0.9743232945697909
556.0,0.9743564258026041
556.0,0.9743895570354173
556.0,0.9744226882682304
556.0,0.9744558195010437
556.0,0.9744889507338568
556.0,0.97452208196667
556.0,0.9745552131994831
556.0,0.9745883444322964
556.0,0.9746214756651095
556.0,0.9746546068979227
556.0,0.9746877381307358
556.0,0.9747208693635491
556.0,0.9747540005963622
557.0,0.9747871318291753
557.0,0.9748202630619885
557.0,0.9748533942948017
557.0,0.9748865255276149
557.0,0.974919656760428
557.0,0.9749527879932413
557.0,0.9749859192260544
557.0,0.9750190504588676
558.0,0.9750521816916807
558.0,0.975085312924494
558.0,0.9751184441573071
558.0,0.9751515753901203
558.0,0.9751847066229334
558.0,0.9752178378557466
558.0,0.9752509690885598
558.0,0.9752841003213729
558.0,0.9753172315541861
558.0,0.9753503627869993
558.0,0.9753834940198125
558.0,0.9754166252526256
558.0,0.9754497564854389
559.0,0.975482887718252
559.0,0.9755160189510652
559.0,0.9755491501838783
560.0,0.9755822814166916
560.0,0.9756154126495047
560.0,0.9756485438823178
560.0,0.975681675115131
560.0,0.9757148063479442
560.0,0.9757479375807574
560.0,0.9757810688135705
560.0,0.9758142000463838
560.0,0.9758473312791969
560.0,0.9758804625120101
560.0,0.9759135937448232
560.0,0.9759467249776365
560.0,0.9759798562104496
560.0,0.9760129874432628
560.0,0.9760461186760759
560.0,0.9760792499088891
560.0,0.9761123811417023
561.0,0.9761455123745154
561.0,0.9761786436073286
561.0,0.9762117748401418
561.0,0.976244906072955
562.0,0.9762780373057681
562.0,0.9763111685385814
562.0,0.9763442997713945
562.0,0.9763774310042077
562.0,0.9764105622370208
562.0,0.9764436934698341
562.0,0.9764768247026472
562.0,0.9765099559354603
562.0,0.9765430871682735
562.0,0.9765762184010867
563.0,0.9766093496338999
563.0,0.976642480866713
563.0,0.9766756120995262
563.0,0.9767087433323394
563.0,0.9767418745651526
564.0,0.9767750057979657
564.0,0.976808137030779
564.0,0.9768412682635921
564.0,0.9768743994964053
564.0,0.9769075307292184
564.0,0.9769406619620316
564.0,0.9769737931948448
564.0,0.9770069244276579
564.0,0.9770400556604711
564.0,0.9770731868932843
564.0,0.9771063181260975
564.0,0.9771394493589106
564.0,0.9771725805917238
565.0,0.977205711824537
565.0,0.9772388430573502
565.0,0.9772719742901633
566.0,0.9773051055229766
566.0,0.9773382367557897
566.0,0.9773713679886028
566.0,0.977404499221416
566.0,0.9774376304542292
566.0,0.9774707616870424
566.0,0.9775038929198555
566.0,0.9775370241526687
566.0,0.9775701553854819
566.0,0.9776032866182951
567.0,0.9776364178511082
568.0,0.9776695490839215
568.0,0.9777026803167346
569.0,0.9777358115495478
569.0,0.9777689427823609
569.0,0.977802074015174
569.0,0.9778352052479873
569.0,0.9778683364808004
569.0,0.9779014677136136
569.0,0.9779345989464268
569.0,0.97796773017924
570.0,0.9780008614120531
570.0,0.9780339926448663
570.0,0.9780671238776795
570.0,0.9781002551104927
572.0,0.9781333863433058
572.0,0.978166517576119
572.0,0.9781996488089322
572.0,0.9782327800417453
572.0,0.9782659112745585
572.0,0.9782990425073717
572.0,0.9783321737401849
572.0,0.978365304972998
572.0,0.9783984362058112
572.0,0.9784315674386244
572.0,0.9784646986714376
572.0,0.9784978299042507
572.0,0.978530961137064
574.0,0.9785640923698771
574.0,0.9785972236026903
574.0,0.9786303548355034
575.0,0.9786634860683167
575.0,0.9786966173011298
575.0,0.9787297485339429
576.0,0.9787628797667561
576.0,0.9787960109995693
576.0,0.9788291422323825
576.0,0.9788622734651956
576.0,0.9788954046980088
576.0,0.978928535930822
577.0,0.9789616671636352
578.0,0.9789947983964483
578.0,0.9790279296292616
578.0,0.9790610608620747
578.0,0.9790941920948879
578.0,0.979127323327701
578.0,0.9791604545605141
578.0,0.9791935857933274
579.0,0.9792267170261405
579.0,0.9792598482589537
580.0,0.9792929794917669
580.0,0.9793261107245801
580.0,0.9793592419573932
580.0,0.9793923731902064
580.0,0.9794255044230196
581.0,0.9794586356558328
581.0,0.9794917668886459
582.0,0.9795248981214592
583.0,0.9795580293542723
584.0,0.9795911605870854
584.0,0.9796242918198986
584.0,0.9796574230527118
584.0,0.979690554285525
584.0,0.9797236855183381
584.0,0.9797568167511513
584.0,0.9797899479839645
585.0,0.9798230792167777
586.0,0.9798562104495908
586.0,0.979889341682404
586.0,0.9799224729152172
587.0,0.9799556041480304
587.0,0.9799887353808435
587.0,0.9800218666136566
587.0,0.9800549978464699
588.0,0.980088129079283
588.0,0.9801212603120962
589.0,0.9801543915449094
589.0,0.9801875227777226
589.0,0.9802206540105357
590.0,0.9802537852433489
590.0,0.9802869164761621
590.0,0.9803200477089753
590.0,0.9803531789417884
590.0,0.9803863101746016
590.0,0.9804194414074148
590.0,0.9804525726402279
590.0,0.9804857038730411
591.0,0.9805188351058542
591.0,0.9805519663386675
592.0,0.9805850975714806
592.0,0.9806182288042938
592.0,0.980651360037107
592.0,0.9806844912699202
593.0,0.9807176225027333
593.0,0.9807507537355465
593.0,0.9807838849683597
594.0,0.9808170162011729
594.0,0.980850147433986
595.0,0.9808832786667991
596.0,0.9809164098996124
598.0,0.9809495411324255
599.0,0.9809826723652387
599.0,0.9810158035980518
599.0,0.9810489348308651
599.0,0.9810820660636782
599.0,0.9811151972964914
599.0,0.9811483285293046
599.0,0.9811814597621178
600.0,0.9812145909949309
600.0,0.9812477222277441
600.0,0.9812808534605573
602.0,0.9813139846933704
602.0,0.9813471159261836
602.0,0.9813802471589967
602.0,0.98141337839181
602.0,0.9814465096246231
602.0,0.9814796408574363
602.0,0.9815127720902495
602.0,0.9815459033230627
603.0,0.9815790345558758
603.0,0.981612165788689
604.0,0.9816452970215022
604.0,0.9816784282543154
604.0,0.9817115594871285
604.0,0.9817446907199416
605.0,0.9817778219527549
605.0,0.981810953185568
605.0,0.9818440844183812
606.0,0.9818772156511943
607.0,0.9819103468840076
607.0,0.9819434781168207
608.0,0.9819766093496339
608.0,0.982009740582447
608.0,0.9820428718152603
608.0,0.9820760030480734
609.0,0.9821091342808866
609.0,0.9821422655136998
609.0,0.9821753967465129
609.0,0.9822085279793261
611.0,0.9822416592121392
611.0,0.9822747904449525
611.0,0.9823079216777656
611.0,0.9823410529105788
612.0,0.982374184143392
612.0,0.9824073153762052
612.0,0.9824404466090183
612.0,0.9824735778418315
612.0,0.9825067090746447
612.0,0.9825398403074579
613.0,0.982572971540271
614.0,0.9826061027730841
614.0,0.9826392340058974
615.0,0.9826723652387105
615.0,0.9827054964715237
615.0,0.9827386277043368
615.0,0.9827717589371501
615.0,0.9828048901699632
617.0,0.9828380214027764
618.0,0.9828711526355896
619.0,0.9829042838684028
619.0,0.9829374151012159
620.0,0.9829705463340291
620.0,0.9830036775668423
620.0,0.9830368087996554
620.0,0.9830699400324686
621.0,0.9831030712652817
621.0,0.983136202498095
622.0,0.9831693337309081
622.0,0.9832024649637213
624.0,0.9832355961965344
624.0,0.9832687274293477
624.0,0.9833018586621608
624.0,0.983334989894974
624.0,0.9833681211277872
624.0,0.9834012523606004
625.0,0.9834343835934135
626.0,0.9834675148262266
627.0,0.9835006460590399
628.0,0.983533777291853
628.0,0.9835669085246662
628.0,0.9836000397574793
628.0,0.9836331709902926
628.0,0.9836663022231057
628.0,0.9836994334559189
629.0,0.983732564688732
629.0,0.9837656959215453
629.0,0.9837988271543584
631.0,0.9838319583871716
631.0,0.9838650896199848
632.0,0.9838982208527979
632.0,0.9839313520856111
632.0,0.9839644833184242
632.0,0.9839976145512375
632.0,0.9840307457840506
633.0,0.9840638770168638
633.0,0.9840970082496769
634.0,0.9841301394824902
634.0,0.9841632707153033
634.0,0.9841964019481165
635.0,0.9842295331809296
636.0,0.9842626644137429
636.0,0.984295795646556
636.0,0.9843289268793691
636.0,0.9843620581121824
636.0,0.9843951893449955
639.0,0.9844283205778087
639.0,0.9844614518106218
640.0,0.9844945830434351
640.0,0.9845277142762482
640.0,0.9845608455090614
641.0,0.9845939767418745
641.0,0.9846271079746878
642.0,0.9846602392075009
642.0,0.9846933704403141
642.0,0.9847265016731273
644.0,0.9847596329059405
644.0,0.9847927641387536
644.0,0.9848258953715667
645.0,0.98485902660438
646.0,0.9848921578371931
647.0,0.9849252890700063
648.0,0.9849584203028194
649.0,0.9849915515356327
650.0,0.9850246827684458
650.0,0.985057814001259
650.0,0.9850909452340721
650.0,0.9851240764668854
650.0,0.9851572076996985
651.0,0.9851903389325117
651.0,0.9852234701653249
652.0,0.985256601398138
652.0,0.9852897326309512
652.0,0.9853228638637643
653.0,0.9853559950965776
655.0,0.9853891263293907
655.0,0.9854222575622039
655.0,0.985455388795017
656.0,0.9854885200278303
656.0,0.9855216512606434
656.0,0.9855547824934566
656.0,0.9855879137262697
657.0,0.985621044959083
657.0,0.9856541761918961
659.0,0.9856873074247092
659.0,0.9857204386575225
659.0,0.9857535698903356
659.0,0.9857867011231488
662.0,0.9858198323559619
662.0,0.9858529635887752
662.0,0.9858860948215883
662.0,0.9859192260544015
662.0,0.9859523572872146
662.0,0.9859854885200279
662.0,0.986018619752841
663.0,0.9860517509856542
663.0,0.9860848822184674
664.0,0.9861180134512805
664.0,0.9861511446840937
664.0,0.9861842759169068
664.0,0.9862174071497201
665.0,0.9862505383825332
665.0,0.9862836696153464
665.0,0.9863168008481595
666.0,0.9863499320809728
666.0,0.9863830633137859
668.0,0.9864161945465991
668.0,0.9864493257794122
668.0,0.9864824570122255
669.0,0.9865155882450386
670.0,0.9865487194778517
670.0,0.986581850710665
670.0,0.9866149819434781
671.0,0.9866481131762913
671.0,0.9866812444091044
671.0,0.9867143756419177
672.0,0.9867475068747308
672.0,0.986780638107544
675.0,0.9868137693403571
676.0,0.9868469005731704
676.0,0.9868800318059835
677.0,0.9869131630387967
678.0,0.9869462942716098
678.0,0.986979425504423
679.0,0.9870125567372362
679.0,0.9870456879700493
680.0,0.9870788192028626
682.0,0.9871119504356757
683.0,0.9871450816684889
684.0,0.987178212901302
685.0,0.9872113441341153
686.0,0.9872444753669284
687.0,0.9872776065997416
687.0,0.9873107378325547
687.0,0.987343869065368
688.0,0.9873770002981811
689.0,0.9874101315309942
689.0,0.9874432627638074
689.0,0.9874763939966206
690.0,0.9875095252294338
691.0,0.9875426564622469
692.0,0.9875757876950602
692.0,0.9876089189278733
692.0,0.9876420501606865
692.0,0.9876751813934996
692.0,0.9877083126263129
692.0,0.987741443859126
692.0,0.9877745750919392
692.0,0.9878077063247523
693.0,0.9878408375575655
694.0,0.9878739687903787
694.0,0.9879071000231918
694.0,0.987940231256005
695.0,0.9879733624888182
695.0,0.9880064937216314
695.0,0.9880396249544445
695.0,0.9880727561872578
696.0,0.9881058874200709
698.0,0.9881390186528841
698.0,0.9881721498856972
700.0,0.9882052811185105
700.0,0.9882384123513236
700.0,0.9882715435841367
700.0,0.98830467481695
700.0,0.9883378060497631
704.0,0.9883709372825763
704.0,0.9884040685153894
704.0,0.9884371997482027
706.0,0.9884703309810158
706.0,0.988503462213829
706.0,0.9885365934466421
706.0,0.9885697246794554
707.0,0.9886028559122685
708.0,0.9886359871450817
710.0,0.9886691183778948
711.0,0.988702249610708
711.0,0.9887353808435212
712.0,0.9887685120763343
713.0,0.9888016433091475
713.0,0.9888347745419607
715.0,0.9888679057747739
716.0,0.988901037007587
717.0,0.9889341682404003
717.0,0.9889672994732134
717.0,0.9890004307060266
719.0,0.9890335619388397
719.0,0.989066693171653
719.0,0.9890998244044661
720.0,0.9891329556372792
722.0,0.9891660868700924
722.0,0.9891992181029056
722.0,0.9892323493357188
722.0,0.9892654805685319
722.0,0.9892986118013452
723.0,0.9893317430341583
725.0,0.9893648742669715
725.0,0.9893980054997846
725.0,0.9894311367325979
728.0,0.989464267965411
729.0,0.9894973991982242
729.0,0.9895305304310373
730.0,0.9895636616638505
732.0,0.9895967928966637
732.0,0.9896299241294768
732.0,0.98966305536229
732.0,0.9896961865951032
733.0,0.9897293178279164
733.0,0.9897624490607295
733.0,0.9897955802935428
734.0,0.9898287115263559
734.0,0.9898618427591691
736.0,0.9898949739919822
738.0,0.9899281052247955
739.0,0.9899612364576086
740.0,0.9899943676904217
741.0,0.9900274989232349
742.0,0.9900606301560481
743.0,0.9900937613888613
743.0,0.9901268926216744
744.0,0.9901600238544876
744.0,0.9901931550873008
745.0,0.990226286320114
745.0,0.9902594175529271
745.0,0.9902925487857404
745.0,0.9903256800185535
746.0,0.9903588112513667
747.0,0.9903919424841798
749.0,0.990425073716993
749.0,0.9904582049498062
749.0,0.9904913361826193
750.0,0.9905244674154325
752.0,0.9905575986482457
752.0,0.9905907298810589
752.0,0.990623861113872
755.0,0.9906569923466853
755.0,0.9906901235794984
756.0,0.9907232548123116
757.0,0.9907563860451247
757.0,0.990789517277938
758.0,0.9908226485107511
758.0,0.9908557797435643
758.0,0.9908889109763774
759.0,0.9909220422091906
759.0,0.9909551734420038
761.0,0.9909883046748169
762.0,0.9910214359076301
762.0,0.9910545671404433
762.0,0.9910876983732565
762.0,0.9911208296060696
763.0,0.9911539608388829
764.0,0.991187092071696
764.0,0.9912202233045092
764.0,0.9912533545373223
764.0,0.9912864857701356
765.0,0.9913196170029487
765.0,0.9913527482357618
766.0,0.991385879468575
769.0,0.9914190107013882
769.0,0.9914521419342014
769.0,0.9914852731670145
771.0,0.9915184043998277
772.0,0.9915515356326409
772.0,0.9915846668654541
772.0,0.9916177980982672
773.0,0.9916509293310805
773.0,0.9916840605638936
773.0,0.9917171917967068
773.0,0.9917503230295199
776.0,0.991783454262333
776.0,0.9918165854951463
776.0,0.9918497167279594
777.0,0.9918828479607726
779.0,0.9919159791935858
780.0,0.991949110426399
780.0,0.9919822416592121
781.0,0.9920153728920253
782.0,0.9920485041248385
783.0,0.9920816353576517
783.0,0.9921147665904648
784.0,0.9921478978232781
784.0,0.9921810290560912
784.0,0.9922141602889043
784.0,0.9922472915217175
784.0,0.9922804227545307
785.0,0.9923135539873439
785.0,0.992346685220157
786.0,0.9923798164529702
786.0,0.9924129476857834
787.0,0.9924460789185966
788.0,0.9924792101514097
788.0,0.992512341384223
792.0,0.9925454726170361
793.0,0.9925786038498493
793.0,0.9926117350826624
794.0,0.9926448663154755
794.0,0.9926779975482888
796.0,0.9927111287811019
796.0,0.9927442600139151
797.0,0.9927773912467283
798.0,0.9928105224795415
798.0,0.9928436537123546
802.0,0.9928767849451678
803.0,0.992909916177981
803.0,0.9929430474107942
803.0,0.9929761786436073
804.0,0.9930093098764206
804.0,0.9930424411092337
805.0,0.9930755723420468
806.0,0.99310870357486
809.0,0.9931418348076732
810.0,0.9931749660404864
811.0,0.9932080972732995
811.0,0.9932412285061127
812.0,0.9932743597389259
812.0,0.9933074909717391
813.0,0.9933406222045522
814.0,0.9933737534373654
815.0,0.9934068846701786
816.0,0.9934400159029918
817.0,0.9934731471358049
817.0,0.993506278368618
818.0,0.9935394096014313
821.0,0.9935725408342444
822.0,0.9936056720670576
823.0,0.9936388032998708
824.0,0.993671934532684
825.0,0.9937050657654971
825.0,0.9937381969983103
826.0,0.9937713282311235
828.0,0.9938044594639367
829.0,0.9938375906967498
830.0,0.993870721929563
832.0,0.9939038531623762
834.0,0.9939369843951893
837.0,0.9939701156280025
837.0,0.9940032468608156
841.0,0.9940363780936289
842.0,0.994069509326442
843.0,0.9941026405592552
843.0,0.9941357717920684
844.0,0.9941689030248816
844.0,0.9942020342576947
846.0,0.9942351654905079
847.0,0.9942682967233211
847.0,0.9943014279561343
848.0,0.9943345591889474
849.0,0.9943676904217605
849.0,0.9944008216545738
850.0,0.9944339528873869
851.0,0.9944670841202001
852.0,0.9945002153530133
852.0,0.9945333465858265
852.0,0.9945664778186396
855.0,0.9945996090514528
856.0,0.994632740284266
856.0,0.9946658715170792
857.0,0.9946990027498923
860.0,0.9947321339827055
860.0,0.9947652652155187
860.0,0.9947983964483318
860.0,0.994831527681145
860.0,0.9948646589139581
861.0,0.9948977901467714
861.0,0.9949309213795845
862.0,0.9949640526123977
862.0,0.9949971838452109
864.0,0.9950303150780241
864.0,0.9950634463108372
865.0,0.9950965775436504
866.0,0.9951297087764636
866.0,0.9951628400092768
866.0,0.9951959712420899
867.0,0.995229102474903
868.0,0.9952622337077163
868.0,0.9952953649405294
869.0,0.9953284961733426
869.0,0.9953616274061557
870.0,0.995394758638969
871.0,0.9954278898717821
872.0,0.9954610211045953
873.0,0.9954941523374085
874.0,0.9955272835702217
874.0,0.9955604148030348
875.0,0.995593546035848
877.0,0.9956266772686612
878.0,0.9956598085014743
879.0,0.9956929397342875
879.0,0.9957260709671006
879.0,0.9957592021999139
879.0,0.995792333432727
880.0,0.9958254646655402
880.0,0.9958585958983533
880.0,0.9958917271311666
880.0,0.9959248583639797
881.0,0.9959579895967929
881.0,0.9959911208296061
881.0,0.9960242520624193
881.0,0.9960573832952324
881.0,0.9960905145280455
882.0,0.9961236457608588
882.0,0.9961567769936719
884.0,0.9961899082264851
884.0,0.9962230394592982
884.0,0.9962561706921115
884.0,0.9962893019249246
885.0,0.9963224331577378
886.0,0.996355564390551
887.0,0.9963886956233642
889.0,0.9964218268561773
890.0,0.9964549580889905
891.0,0.9964880893218037
891.0,0.9965212205546168
892.0,0.99655435178743
893.0,0.9965874830202431
894.0,0.9966206142530564
894.0,0.9966537454858695
894.0,0.9966868767186827
894.0,0.9967200079514958
894.0,0.9967531391843091
896.0,0.9967862704171222
897.0,0.9968194016499354
898.0,0.9968525328827486
898.0,0.9968856641155618
898.0,0.9969187953483749
899.0,0.9969519265811881
900.0,0.9969850578140013
902.0,0.9970181890468144
902.0,0.9970513202796276
902.0,0.9970844515124407
903.0,0.997117582745254
903.0,0.9971507139780671
904.0,0.9971838452108803
908.0,0.9972169764436934
908.0,0.9972501076765067
909.0,0.9972832389093198
911.0,0.997316370142133
911.0,0.9973495013749462
912.0,0.9973826326077594
912.0,0.9974157638405725
913.0,0.9974488950733856
913.0,0.9974820263061989
913.0,0.997515157539012
914.0,0.9975482887718252
915.0,0.9975814200046383
916.0,0.9976145512374516
916.0,0.9976476824702647
920.0,0.9976808137030779
921.0,0.997713944935891
924.0,0.9977470761687043
924.0,0.9977802074015174
924.0,0.9978133386343306
926.0,0.9978464698671438
926.0,0.9978796010999569
927.0,0.9979127323327701
929.0,0.9979458635655832
930.0,0.9979789947983965
933.0,0.9980121260312096
934.0,0.9980452572640228
934.0,0.9980783884968359
935.0,0.9981115197296492
938.0,0.9981446509624623
941.0,0.9981777821952755
943.0,0.9982109134280887
945.0,0.9982440446609019
945.0,0.998277175893715
946.0,0.9983103071265281
947.0,0.9983434383593414
950.0,0.9983765695921545
952.0,0.9984097008249677
953.0,0.9984428320577808
954.0,0.9984759632905941
956.0,0.9985090945234072
956.0,0.9985422257562204
957.0,0.9985753569890335
957.0,0.9986084882218468
958.0,0.9986416194546599
959.0,0.9986747506874731
959.0,0.9987078819202863
961.0,0.9987410131530994
961.0,0.9987741443859126
963.0,0.9988072756187257
964.0,0.998840406851539
964.0,0.9988735380843521
965.0,0.9989066693171653
970.0,0.9989398005499784
970.0,0.9989729317827917
970.0,0.9990060630156048
972.0,0.999039194248418
972.0,0.9990723254812311
973.0,0.9991054567140444
976.0,0.9991385879468575
977.0,0.9991717191796706
978.0,0.9992048504124839
980.0,0.999237981645297
982.0,0.9992711128781102
984.0,0.9993042441109233
986.0,0.9993373753437366
986.0,0.9993705065765497
987.0,0.9994036378093629
987.0,0.999436769042176
988.0,0.9994699002749893
988.0,0.9995030315078024
988.0,0.9995361627406156
988.0,0.9995692939734288
989.0,0.9996024252062419
990.0,0.9996355564390551
990.0,0.9996686876718682
991.0,0.9997018189046815
994.0,0.9997349501374946
1001.0,0.9997680813703078
1003.0,0.9998012126031209
1003.0,0.9998343438359342
1004.0,0.9998674750687473
1005.0,0.9999006063015605
1007.0,0.9999337375343736
1009.0,0.9999668687671869
1010.0,1.0
