batch_execution_time,cdf
0.01424264907836914,7.304601899196493e-05
0.014244318008422852,0.00014609203798392987
0.01425623893737793,0.0002191380569758948
0.014260053634643555,0.00029218407596785974
0.014269113540649414,0.0003652300949598247
0.014270782470703125,0.0004382761139517896
0.014279365539550781,0.0005113221329437546
0.014280080795288086,0.0005843681519357195
0.014281034469604492,0.0006574141709276845
0.014281749725341797,0.0007304601899196494
0.014282941818237305,0.0008035062089116143
0.01428675651550293,0.0008765522279035792
0.014287233352661133,0.0009495982468955442
0.014288663864135742,0.0010226442658875091
0.014297008514404297,0.001095690284879474
0.014297008514404297,0.001168736303871439
0.014299631118774414,0.0012417823228634038
0.014302492141723633,0.001314828341855369
0.014304161071777344,0.0013878743608473339
0.014304399490356445,0.0014609203798392988
0.014305591583251953,0.0015339663988312637
0.014307260513305664,0.0016070124178232286
0.01430821418762207,0.0016800584368151935
0.014308691024780273,0.0017531044558071584
0.014312505722045898,0.0018261504747991235
0.014312982559204102,0.0018991964937910884
0.014313697814941406,0.0019722425127830534
0.014314413070678711,0.0020452885317750183
0.014315366744995117,0.002118334550766983
0.014315605163574219,0.002191380569758948
0.014315605163574219,0.002264426588750913
0.014316082000732422,0.002337472607742878
0.014316558837890625,0.002410518626734843
0.01431727409362793,0.0024835646457268077
0.014323234558105469,0.002556610664718773
0.014325141906738281,0.002629656683710738
0.014325857162475586,0.002702702702702703
0.014326810836791992,0.0027757487216946678
0.014329910278320312,0.0028487947406866327
0.014331579208374023,0.0029218407596785976
0.014332056045532227,0.0029948867786705625
0.014333248138427734,0.0030679327976625274
0.014333724975585938,0.0031409788166544923
0.014333724975585938,0.003214024835646457
0.014334440231323242,0.003287070854638422
0.014334917068481445,0.003360116873630387
0.014335155487060547,0.003433162892622352
0.014336824417114258,0.003506208911614317
0.014337539672851562,0.003579254930606282
0.014337778091430664,0.003652300949598247
0.014337778091430664,0.003725346968590212
0.014337778091430664,0.003798392987582177
0.014340400695800781,0.003871439006574142
0.014340877532958984,0.003944485025566107
0.014341592788696289,0.004017531044558071
0.01434183120727539,0.0040905770635500365
0.014342308044433594,0.004163623082542002
0.01434326171875,0.004236669101533966
0.014343738555908203,0.004309715120525932
0.014345645904541016,0.004382761139517896
0.014347553253173828,0.0044558071585098615
0.01434779167175293,0.004528853177501826
0.014348030090332031,0.004601899196493791
0.014351367950439453,0.004674945215485756
0.014353036880493164,0.004747991234477721
0.014353752136230469,0.004821037253469686
0.014354944229125977,0.004894083272461651
0.014354944229125977,0.004967129291453615
0.014355897903442383,0.005040175310445581
0.014358043670654297,0.005113221329437546
0.014358043670654297,0.0051862673484295106
0.014358282089233398,0.005259313367421476
0.01435995101928711,0.00533235938641344
0.014360666275024414,0.005405405405405406
0.014360904693603516,0.00547845142439737
0.014361381530761719,0.0055514974433893355
0.01436161994934082,0.0056245434623813
0.014362812042236328,0.005697589481373265
0.01436471939086914,0.00577063550036523
0.01436471939086914,0.005843681519357195
0.014365196228027344,0.00591672753834916
0.014365911483764648,0.005989773557341125
0.01436614990234375,0.006062819576333089
0.01436614990234375,0.006135865595325055
0.014367103576660156,0.00620891161431702
0.014368057250976562,0.006281957633308985
0.014368057250976562,0.00635500365230095
0.014368295669555664,0.006428049671292914
0.01436924934387207,0.00650109569028488
0.014369964599609375,0.006574141709276844
0.01437067985534668,0.0066471877282688096
0.014373064041137695,0.006720233747260774
0.014373302459716797,0.006793279766252739
0.014373302459716797,0.006866325785244704
0.014373779296875,0.006939371804236669
0.014374256134033203,0.007012417823228634
0.014374732971191406,0.007085463842220599
0.014375686645507812,0.007158509861212564
0.014380216598510742,0.007231555880204529
0.014382123947143555,0.007304601899196494
0.014382123947143555,0.007377647918188459
0.014384031295776367,0.007450693937180424
0.014384269714355469,0.0075237399561723884
0.014384746551513672,0.007596785975164354
0.014384746551513672,0.007669831994156318
0.014384984970092773,0.007742878013148284
0.014389514923095703,0.007815924032140249
0.014389991760253906,0.007888970051132213
0.014389991760253906,0.007962016070124178
0.014390230178833008,0.008035062089116142
0.01439046859741211,0.008108108108108109
0.014391422271728516,0.008181154127100073
0.014392852783203125,0.008254200146092038
0.014395713806152344,0.008327246165084004
0.014395713806152344,0.008400292184075968
0.014397144317626953,0.008473338203067933
0.014397382736206055,0.008546384222059897
0.01439976692199707,0.008619430241051863
0.014400243759155273,0.008692476260043828
0.014401674270629883,0.008765522279035792
0.014401912689208984,0.008838568298027757
0.014403581619262695,0.008911614317019723
0.014406204223632812,0.008984660336011687
0.014406681060791016,0.009057706355003652
0.014413118362426758,0.009130752373995616
0.014413595199584961,0.009203798392987583
0.01441502571105957,0.009276844411979547
0.01441502571105957,0.009349890430971512
0.0144195556640625,0.009422936449963478
0.014420270919799805,0.009495982468955442
0.014420747756958008,0.009569028487947407
0.014421463012695312,0.009642074506939371
0.014421939849853516,0.009715120525931337
0.014422416687011719,0.009788166544923302
0.014424324035644531,0.009861212563915266
0.014424562454223633,0.00993425858290723
0.014425039291381836,0.010007304601899197
0.01442575454711914,0.010080350620891161
0.014425992965698242,0.010153396639883126
0.014427423477172852,0.010226442658875092
0.014427900314331055,0.010299488677867057
0.014429807662963867,0.010372534696859021
0.014432668685913086,0.010445580715850986
0.014432907104492188,0.010518626734842952
0.014432907104492188,0.010591672753834916
0.014433145523071289,0.01066471877282688
0.014434814453125,0.010737764791818845
0.014435291290283203,0.010810810810810811
0.014437198638916016,0.010883856829802776
0.014437437057495117,0.01095690284879474
0.014437437057495117,0.011029948867786705
0.01443791389465332,0.011102994886778671
0.014438390731811523,0.011176040905770636
0.014438867568969727,0.0112490869247626
0.01443934440612793,0.011322132943754566
0.01443934440612793,0.01139517896274653
0.014440774917602539,0.011468224981738495
0.014442205429077148,0.01154127100073046
0.014442920684814453,0.011614317019722426
0.014442920684814453,0.01168736303871439
0.014443635940551758,0.011760409057706355
0.014443635940551758,0.01183345507669832
0.014444828033447266,0.011906501095690285
0.014448165893554688,0.01197954711468225
0.014449357986450195,0.012052593133674214
0.014450311660766602,0.012125639152666179
0.014450550079345703,0.012198685171658145
0.014451980590820312,0.01227173119065011
0.014454126358032227,0.012344777209642074
0.014455318450927734,0.01241782322863404
0.014456748962402344,0.012490869247626005
0.01445770263671875,0.01256391526661797
0.014457941055297852,0.012636961285609934
0.014457941055297852,0.0127100073046019
0.014457941055297852,0.012783053323593864
0.014458179473876953,0.012856099342585829
0.014458656311035156,0.012929145361577793
0.014458656311035156,0.01300219138056976
0.014458894729614258,0.013075237399561724
0.014460563659667969,0.013148283418553688
0.014461755752563477,0.013221329437545653
0.014461755752563477,0.013294375456537619
0.014462709426879883,0.013367421475529584
0.014462709426879883,0.013440467494521548
0.014463186264038086,0.013513513513513514
0.014464139938354492,0.013586559532505479
0.014464378356933594,0.013659605551497443
0.014464855194091797,0.013732651570489408
0.014466285705566406,0.013805697589481374
0.01446676254272461,0.013878743608473338
0.01446843147277832,0.013951789627465303
0.014472246170043945,0.014024835646457267
0.014473438262939453,0.014097881665449234
0.014475107192993164,0.014170927684441198
0.01447606086730957,0.014243973703433162
0.014479875564575195,0.014317019722425129
0.014480352401733398,0.014390065741417093
0.014483213424682617,0.014463111760409058
0.01448369026184082,0.014536157779401022
0.014483928680419922,0.014609203798392988
0.014484167098999023,0.014682249817384953
0.014484643936157227,0.014755295836376917
0.014486551284790039,0.014828341855368882
0.01448822021484375,0.014901387874360848
0.01448965072631836,0.014974433893352812
0.014490365982055664,0.015047479912344777
0.014493227005004883,0.015120525931336741
0.014493465423583984,0.015193571950328708
0.014496088027954102,0.015266617969320672
0.014496564865112305,0.015339663988312637
0.014497518539428711,0.015412710007304603
0.014497756958007812,0.015485756026296567
0.014500617980957031,0.015558802045288532
0.014503002166748047,0.015631848064280498
0.014503955841064453,0.015704894083272462
0.014504432678222656,0.015777940102264427
0.014505624771118164,0.01585098612125639
0.014505863189697266,0.015924032140248356
0.01450800895690918,0.01599707815924032
0.014509201049804688,0.016070124178232285
0.014509439468383789,0.016143170197224253
0.01450967788696289,0.016216216216216217
0.014509916305541992,0.01628926223520818
0.014511585235595703,0.016362308254200146
0.014513015747070312,0.01643535427319211
0.014515161514282227,0.016508400292184075
0.014519214630126953,0.01658144631117604
0.014521598815917969,0.016654492330168007
0.014523506164550781,0.016727538349159972
0.014525413513183594,0.016800584368151936
0.014526605606079102,0.0168736303871439
0.014530420303344727,0.016946676406135865
0.01453089714050293,0.01701972242512783
0.014531135559082031,0.017092768444119794
0.014533042907714844,0.01716581446311176
0.014539718627929688,0.017238860482103727
0.014542579650878906,0.01731190650109569
0.014542818069458008,0.017384952520087656
0.014543294906616211,0.01745799853907962
0.014544486999511719,0.017531044558071585
0.014545679092407227,0.01760409057706355
0.014546632766723633,0.017677136596055514
0.014556646347045898,0.01775018261504748
0.014556646347045898,0.017823228634039446
0.014556884765625,0.01789627465303141
0.014557123184204102,0.017969320672023375
0.014559030532836914,0.01804236669101534
0.014559030532836914,0.018115412710007304
0.014559268951416016,0.01818845872899927
0.014559268951416016,0.018261504747991233
0.014562606811523438,0.0183345507669832
0.014564037322998047,0.018407596785975165
0.014564275741577148,0.01848064280496713
0.014565229415893555,0.018553688823959094
0.014566183090209961,0.01862673484295106
0.014566183090209961,0.018699780861943023
0.014566421508789062,0.018772826880934988
0.014566898345947266,0.018845872899926955
0.014567852020263672,0.01891891891891892
0.014574766159057617,0.018991964937910884
0.014575719833374023,0.01906501095690285
0.014575719833374023,0.019138056975894813
0.014576911926269531,0.019211102994886778
0.01457977294921875,0.019284149013878742
0.014582395553588867,0.01935719503287071
0.014583826065063477,0.019430241051862675
0.014585018157958984,0.01950328707085464
0.014585494995117188,0.019576333089846604
0.014587879180908203,0.019649379108838568
0.01458883285522461,0.019722425127830533
0.014592885971069336,0.019795471146822497
0.014592885971069336,0.01986851716581446
0.01459360122680664,0.01994156318480643
0.014594554901123047,0.020014609203798394
0.014594554901123047,0.02008765522279036
0.014595746994018555,0.020160701241782323
0.014600515365600586,0.020233747260774287
0.014600515365600586,0.020306793279766252
0.014604806900024414,0.020379839298758216
0.014606475830078125,0.020452885317750184
0.014607667922973633,0.02052593133674215
0.01460886001586914,0.020598977355734113
0.014609098434448242,0.020672023374726078
0.014610052108764648,0.020745069393718042
0.014611244201660156,0.020818115412710007
0.014611482620239258,0.02089116143170197
0.014615058898925781,0.020964207450693936
0.014616727828979492,0.021037253469685904
0.01462101936340332,0.021110299488677868
0.014624357223510742,0.021183345507669833
0.014624357223510742,0.021256391526661797
0.014625310897827148,0.02132943754565376
0.014628171920776367,0.021402483564645726
0.014630794525146484,0.02147552958363769
0.01463174819946289,0.02154857560262966
0.014636993408203125,0.021621621621621623
0.014637470245361328,0.021694667640613587
0.014638423919677734,0.021767713659605552
0.014639616012573242,0.021840759678597516
0.014639616012573242,0.02191380569758948
0.014644384384155273,0.021986851716581445
0.014648199081420898,0.02205989773557341
0.014650583267211914,0.022132943754565378
0.014650821685791016,0.022205989773557342
0.01465296745300293,0.022279035792549307
0.014653682708740234,0.02235208181154127
0.014656543731689453,0.022425127830533235
0.014661073684692383,0.0224981738495252
0.014664173126220703,0.022571219868517164
0.014665603637695312,0.022644265887509132
0.014665842056274414,0.022717311906501097
0.014665842056274414,0.02279035792549306
0.014666318893432617,0.022863403944485026
0.01467132568359375,0.02293644996347699
0.01467132568359375,0.023009495982468955
0.014671564102172852,0.02308254200146092
0.014672040939331055,0.023155588020452884
0.014673471450805664,0.02322863403944485
0.014674186706542969,0.023301680058436816
0.014675617218017578,0.02337472607742878
0.014681339263916016,0.023447772096420745
0.014682531356811523,0.02352081811541271
0.014686346054077148,0.023593864134404674
0.014686346054077148,0.02366691015339664
0.014687299728393555,0.023739956172388606
0.014687538146972656,0.02381300219138057
0.01468968391418457,0.023886048210372535
0.014692306518554688,0.0239590942293645
0.014695405960083008,0.024032140248356464
0.014702320098876953,0.02410518626734843
0.014705419540405273,0.024178232286340393
0.01471090316772461,0.024251278305332358
0.014717340469360352,0.024324324324324326
0.014719963073730469,0.02439737034331629
0.01472020149230957,0.024470416362308255
0.014722347259521484,0.02454346238130022
0.014722585678100586,0.024616508400292184
0.01472783088684082,0.024689554419284148
0.014728784561157227,0.024762600438276113
0.014730215072631836,0.02483564645726808
0.014730691909790039,0.024908692476260045
0.01473236083984375,0.02498173849525201
0.014732837677001953,0.025054784514243974
0.014735937118530273,0.02512783053323594
0.014739036560058594,0.025200876552227903
0.01474142074584961,0.025273922571219867
0.014743328094482422,0.025346968590211832
0.014744043350219727,0.0254200146092038
0.014745950698852539,0.025493060628195764
0.01474618911743164,0.02556610664718773
0.014751911163330078,0.025639152666179693
0.014752388000488281,0.025712198685171658
0.014752626419067383,0.025785244704163622
0.014755487442016602,0.025858290723155587
0.014755487442016602,0.025931336742147554
0.014757394790649414,0.02600438276113952
0.014762163162231445,0.026077428780131483
0.0147705078125,0.026150474799123448
0.014776945114135742,0.026223520818115412
0.014780044555664062,0.026296566837107377
0.014780998229980469,0.02636961285609934
0.014784097671508789,0.026442658875091306
0.014787912368774414,0.026515704894083274
0.014797687530517578,0.026588750913075238
0.014800310134887695,0.026661796932067203
0.014801502227783203,0.026734842951059167
0.014803647994995117,0.02680788897005113
0.014805793762207031,0.026880934989043096
0.014806509017944336,0.02695398100803506
0.01481175422668457,0.02702702702702703
0.014817237854003906,0.027100073046018993
0.014818191528320312,0.027173119065010957
0.014818191528320312,0.027246165084002922
0.014824628829956055,0.027319211102994886
0.01482534408569336,0.02739225712198685
0.014825820922851562,0.027465303140978815
0.01482701301574707,0.027538349159970783
0.014830827713012695,0.027611395178962748
0.014835596084594727,0.027684441197954712
0.014835834503173828,0.027757487216946677
0.014836788177490234,0.02783053323593864
0.014841794967651367,0.027903579254930606
0.014842033386230469,0.02797662527392257
0.014844894409179688,0.028049671292914535
0.014844894409179688,0.028122717311906503
0.014847517013549805,0.028195763330898467
0.014847993850708008,0.02826880934989043
0.014848470687866211,0.028341855368882396
0.014848470687866211,0.02841490138787436
0.014850854873657227,0.028487947406866325
0.014854907989501953,0.02856099342585829
0.014855384826660156,0.028634039444850257
0.014855623245239258,0.028707085463842222
0.014857053756713867,0.028780131482834186
0.014861583709716797,0.02885317750182615
0.014863967895507812,0.028926223520818115
0.014867544174194336,0.02899926953981008
0.014868021011352539,0.029072315558802044
0.014873027801513672,0.02914536157779401
0.014873743057250977,0.029218407596785977
0.01487421989440918,0.02929145361577794
0.014874696731567383,0.029364499634769906
0.01487588882446289,0.02943754565376187
0.01487588882446289,0.029510591672753834
0.014877080917358398,0.0295836376917458
0.0148773193359375,0.029656683710737763
0.014880180358886719,0.02972972972972973
0.014880657196044922,0.029802775748721696
0.014880895614624023,0.02987582176771366
0.014885425567626953,0.029948867786705625
0.014886617660522461,0.03002191380569759
0.014888286590576172,0.030094959824689554
0.014888525009155273,0.030168005843681518
0.014889717102050781,0.030241051862673483
0.014890670776367188,0.03031409788166545
0.014890670776367188,0.030387143900657415
0.014890909194946289,0.03046018991964938
0.014894247055053711,0.030533235938641344
0.014895915985107422,0.03060628195763331
0.014896154403686523,0.030679327976625273
0.014897346496582031,0.030752373995617237
0.014898061752319336,0.030825420014609205
0.01489877700805664,0.03089846603360117
0.014899492263793945,0.030971512052593134
0.014901399612426758,0.0310445580715851
0.014901399612426758,0.031117604090577063
0.014907598495483398,0.031190650109569028
0.014907598495483398,0.031263696128560996
0.014909982681274414,0.03133674214755296
0.014910459518432617,0.031409788166544925
0.014910697937011719,0.031482834185536886
0.014911174774169922,0.031555880204528854
0.014911413192749023,0.03162892622352082
0.014918804168701172,0.03170197224251278
0.014919042587280273,0.03177501826150475
0.014923095703125,0.03184806428049671
0.014923334121704102,0.03192111029948868
0.014924287796020508,0.03199415631848064
0.014927387237548828,0.03206720233747261
0.014929771423339844,0.03214024835646457
0.01493215560913086,0.03221329437545654
0.014932394027709961,0.032286340394448505
0.014935016632080078,0.032359386413440466
0.014935731887817383,0.032432432432432434
0.014937639236450195,0.032505478451424395
0.0149383544921875,0.03257852447041636
0.014940738677978516,0.032651570489408324
0.014942646026611328,0.03272461650840029
0.014943122863769531,0.03279766252739226
0.014944076538085938,0.03287070854638422
0.01494598388671875,0.03294375456537619
0.014954566955566406,0.03301680058436815
0.014954566955566406,0.03308984660336012
0.014954805374145508,0.03316289262235208
0.01495671272277832,0.03323593864134405
0.014959573745727539,0.033308984660336015
0.014960050582885742,0.033382030679327976
0.014960527420043945,0.033455076698319944
0.014961719512939453,0.033528122717311905
0.014963626861572266,0.03360116873630387
0.014965534210205078,0.033674214755295834
0.01496577262878418,0.0337472607742878
0.01496577262878418,0.03382030679327977
0.014967203140258789,0.03389335281227173
0.014971017837524414,0.0339663988312637
0.014972448348999023,0.03403944485025566
0.014972925186157227,0.03411249086924763
0.014973163604736328,0.03418553688823959
0.01497340202331543,0.034258582907231556
0.014973878860473633,0.03433162892622352
0.014974355697631836,0.034404674945215485
0.014974832534790039,0.03447772096420745
0.01497507095336914,0.034550766983199414
0.014975309371948242,0.03462381300219138
0.014975547790527344,0.03469685902118334
0.01497650146484375,0.03476990504017531
0.014979839324951172,0.03484295105916727
0.014984846115112305,0.03491599707815924
0.014987945556640625,0.03498904309715121
0.014988183975219727,0.03506208911614317
0.014988422393798828,0.03513513513513514
0.014990806579589844,0.0352081811541271
0.014993429183959961,0.035281227173119066
0.014993667602539062,0.03535427319211103
0.014994621276855469,0.035427319211102995
0.01499485969543457,0.03550036523009496
0.014995813369750977,0.035573411249086924
0.01499629020690918,0.03564645726807889
0.014997482299804688,0.03571950328707085
0.014998197555541992,0.03579254930606282
0.014999628067016602,0.03586559532505478
0.015000104904174805,0.03593864134404675
0.015001296997070312,0.03601168736303872
0.015002965927124023,0.03608473338203068
0.01500391960144043,0.03615777940102265
0.015004158020019531,0.03623082542001461
0.015004634857177734,0.036303871439006576
0.015006780624389648,0.03637691745799854
0.01500844955444336,0.036449963476990505
0.01500844955444336,0.036523009495982466
0.01501154899597168,0.036596055514974433
0.015012502670288086,0.0366691015339664
0.015012741088867188,0.03674214755295836
0.015012979507446289,0.03681519357195033
0.015014171600341797,0.03688823959094229
0.015015602111816406,0.03696128560993426
0.015016555786132812,0.03703433162892622
0.015017509460449219,0.03710737764791819
0.015017986297607422,0.037180423666910156
0.015018701553344727,0.03725346968590212
0.015018939971923828,0.037326515704894085
0.015019655227661133,0.037399561723886046
0.015019893646240234,0.037472607742878014
0.015022039413452148,0.037545653761869975
0.015022754669189453,0.03761869978086194
0.01502370834350586,0.03769174579985391
0.015024185180664062,0.03776479181884587
0.015025854110717773,0.03783783783783784
0.015025854110717773,0.0379108838568298
0.01502847671508789,0.03798392987582177
0.0150299072265625,0.03805697589481373
0.015030145645141602,0.0381300219138057
0.015032052993774414,0.038203067932797666
0.015033721923828125,0.03827611395178963
0.015033721923828125,0.038349159970781595
0.015035867691040039,0.038422205989773556
0.015036344528198242,0.038495252008765524
0.015038013458251953,0.038568298027757485
0.015039205551147461,0.03864134404674945
0.015039443969726562,0.03871439006574142
0.015039682388305664,0.03878743608473338
0.015039682388305664,0.03886048210372535
0.015040874481201172,0.03893352812271731
0.015040874481201172,0.03900657414170928
0.015040874481201172,0.03907962016070124
0.015042304992675781,0.03915266617969321
0.015043497085571289,0.03922571219868517
0.015045881271362305,0.039298758217677136
0.015046834945678711,0.039371804236669104
0.015050649642944336,0.039444850255661065
0.015052080154418945,0.03951789627465303
0.015052318572998047,0.039590942293644994
0.015052556991577148,0.03966398831263696
0.015053749084472656,0.03973703433162892
0.015053749084472656,0.03981008035062089
0.015054464340209961,0.03988312636961286
0.015055418014526367,0.03995617238860482
0.015055418014526367,0.04002921840759679
0.015056133270263672,0.04010226442658875
0.015058517456054688,0.04017531044558072
0.015059232711791992,0.04024835646457268
0.015060901641845703,0.040321402483564646
0.015061616897583008,0.040394448502556614
0.015062808990478516,0.040467494521548575
0.015064001083374023,0.04054054054054054
0.015064716339111328,0.040613586559532504
0.01506495475769043,0.04068663257852447
0.015065431594848633,0.04075967859751643
0.01506662368774414,0.0408327246165084
0.01506805419921875,0.04090577063550037
0.015069723129272461,0.04097881665449233
0.015070915222167969,0.0410518626734843
0.015071392059326172,0.04112490869247626
0.015072345733642578,0.041197954711468227
0.015072345733642578,0.04127100073046019
0.015072345733642578,0.041344046749452155
0.015072822570800781,0.041417092768444116
0.015072822570800781,0.041490138787436084
0.015073537826538086,0.04156318480642805
0.015073776245117188,0.04163623082542001
0.01507425308227539,0.04170927684441198
0.015074729919433594,0.04178232286340394
0.015075206756591797,0.04185536888239591
0.015076160430908203,0.04192841490138787
0.015076398849487305,0.04200146092037984
0.015077352523803711,0.04207450693937181
0.015077590942382812,0.04214755295836377
0.015080451965332031,0.042220598977355736
0.01508188247680664,0.0422936449963477
0.015082836151123047,0.042366691015339665
0.015082836151123047,0.042439737034331626
0.015083074569702148,0.042512783053323594
0.015084266662597656,0.04258582907231556
0.015084505081176758,0.04265887509130752
0.015084505081176758,0.04273192111029949
0.01508641242980957,0.04280496712929145
0.015088081359863281,0.04287801314828342
0.015088558197021484,0.04295105916727538
0.0150909423828125,0.04302410518626735
0.01509237289428711,0.04309715120525932
0.015094280242919922,0.04317019722425128
0.015094518661499023,0.043243243243243246
0.015095949172973633,0.04331628926223521
0.015095949172973633,0.043389335281227175
0.015096187591552734,0.043462381300219136
0.015096426010131836,0.043535427319211104
0.015096664428710938,0.043608473338203065
0.015097618103027344,0.04368151935719503
0.015098810195922852,0.043754565376187
0.015099048614501953,0.04382761139517896
0.015103340148925781,0.04390065741417093
0.01510477066040039,0.04397370343316289
0.015105247497558594,0.04404674945215486
0.015105247497558594,0.04411979547114682
0.015106201171875,0.04419284149013879
0.015107154846191406,0.044265887509130755
0.015107870101928711,0.044338933528122716
0.015107870101928711,0.044411979547114684
0.015107870101928711,0.044485025566106645
0.015108108520507812,0.04455807158509861
0.015108108520507812,0.044631117604090574
0.015108346939086914,0.04470416362308254
0.015108823776245117,0.04477720964207451
0.01510930061340332,0.04485025566106647
0.015109539031982422,0.04492330168005844
0.015110492706298828,0.0449963476990504
0.015111207962036133,0.04506939371804237
0.015111446380615234,0.04514243973703433
0.015111446380615234,0.0452154857560263
0.015111923217773438,0.045288531775018265
0.015113115310668945,0.045361577794010226
0.015113592147827148,0.045434623813002194
0.015114307403564453,0.045507669831994155
0.015114545822143555,0.04558071585098612
0.015115737915039062,0.045653761869978084
0.01511693000793457,0.04572680788897005
0.015118598937988281,0.04579985390796201
0.015119075775146484,0.04587289992695398
0.015119314193725586,0.04594594594594595
0.015119791030883789,0.04601899196493791
0.015120744705200195,0.04609203798392988
0.015121698379516602,0.04616508400292184
0.015122413635253906,0.046238130021913806
0.015122652053833008,0.04631117604090577
0.015123128890991211,0.046384222059897735
0.015124082565307617,0.0464572680788897
0.015125751495361328,0.046530314097881664
0.015126943588256836,0.04660336011687363
0.015126943588256836,0.04667640613586559
0.015127182006835938,0.04674945215485756
0.01512765884399414,0.04682249817384952
0.015129804611206055,0.04689554419284149
0.015130043029785156,0.04696859021183346
0.015131711959838867,0.04704163623082542
0.015132427215576172,0.04711468224981739
0.015132665634155273,0.04718772826880935
0.015133142471313477,0.047260774287801316
0.015133857727050781,0.04733382030679328
0.015135526657104492,0.047406866325785245
0.015135765075683594,0.04747991234477721
0.015136241912841797,0.047552958363769174
0.015136957168579102,0.04762600438276114
0.015137434005737305,0.0476990504017531
0.015137910842895508,0.04777209642074507
0.015141725540161133,0.04784514243973703
0.015142440795898438,0.047918188458729
0.015142440795898438,0.04799123447772097
0.015143156051635742,0.04806428049671293
0.015143394470214844,0.0481373265157049
0.015143871307373047,0.04821037253469686
0.015144586563110352,0.048283418553688826
0.015145063400268555,0.048356464572680787
0.015146017074584961,0.048429510591672754
0.01514744758605957,0.048502556610664715
0.015147686004638672,0.04857560262965668
0.015149354934692383,0.04864864864864865
0.015149831771850586,0.04872169466764061
0.015150070190429688,0.04879474068663258
0.015150308609008789,0.04886778670562454
0.015151739120483398,0.04894083272461651
0.0151519775390625,0.04901387874360847
0.01515340805053711,0.04908692476260044
0.015155553817749023,0.049159970781592406
0.015156984329223633,0.04923301680058437
0.015158414840698242,0.049306062819576335
0.015159130096435547,0.049379108838568296
0.015159368515014648,0.049452154857560264
0.015163183212280273,0.049525200876552225
0.015164375305175781,0.04959824689554419
0.015164613723754883,0.04967129291453616
0.015166997909545898,0.04974433893352812
0.015167474746704102,0.04981738495252009
0.015168428421020508,0.04989043097151205
0.015169620513916016,0.04996347699050402
0.015170812606811523,0.05003652300949598
0.015171527862548828,0.05010956902848795
0.015172004699707031,0.050182615047479916
0.015172481536865234,0.05025566106647188
0.015172719955444336,0.050328707085463845
0.015172719955444336,0.050401753104455806
0.015173196792602539,0.050474799123447774
0.015174388885498047,0.050547845142439735
0.015175342559814453,0.0506208911614317
0.015175580978393555,0.050693937180423664
0.015176057815551758,0.05076698319941563
0.015177249908447266,0.0508400292184076
0.015178442001342773,0.05091307523739956
0.015178680419921875,0.05098612125639153
0.01517939567565918,0.05105916727538349
0.015179872512817383,0.05113221329437546
0.015180587768554688,0.05120525931336742
0.015180826187133789,0.051278305332359386
0.015181541442871094,0.051351351351351354
0.015181779861450195,0.051424397370343315
0.015182733535766602,0.05149744338933528
0.015182733535766602,0.051570489408327244
0.015182733535766602,0.05164353542731921
0.015183210372924805,0.05171658144631117
0.01518392562866211,0.05178962746530314
0.015184402465820312,0.05186267348429511
0.015184879302978516,0.05193571950328707
0.015185117721557617,0.05200876552227904
0.015186548233032227,0.052081811541271
0.015187740325927734,0.05215485756026297
0.015189647674560547,0.05222790357925493
0.015190839767456055,0.052300949598246896
0.01519155502319336,0.052373995617238864
0.015192508697509766,0.052447041636230825
0.015192985534667969,0.05252008765522279
0.015192985534667969,0.052593133674214754
0.015192985534667969,0.05266617969320672
0.015193462371826172,0.05273922571219868
0.015193700790405273,0.05281227173119065
0.015193939208984375,0.05288531775018261
0.015195608139038086,0.05295836376917458
0.015198230743408203,0.05303140978816655
0.015199661254882812,0.05310445580715851
0.015200138092041016,0.053177501826150476
0.015200614929199219,0.05325054784514244
0.01520085334777832,0.053323593864134405
0.015201091766357422,0.053396639883126366
0.015201330184936523,0.053469685902118334
0.015201330184936523,0.0535427319211103
0.015201568603515625,0.05361577794010226
0.015203475952148438,0.05368882395909423
0.015203475952148438,0.05376186997808619
0.01520848274230957,0.05383491599707816
0.015209436416625977,0.05390796201607012
0.01520991325378418,0.05398100803506209
0.015210151672363281,0.05405405405405406
0.015210390090942383,0.05412710007304602
0.015211105346679688,0.054200146092037986
0.015213251113891602,0.05427319211102995
0.015213727951049805,0.054346238130021915
0.015213966369628906,0.054419284149013876
0.015214204788208008,0.054492330168005844
0.015215158462524414,0.05456537618699781
0.015215873718261719,0.05463842220598977
0.015215873718261719,0.05471146822498174
0.015216827392578125,0.0547845142439737
0.015218734741210938,0.05485756026296567
0.015218973159790039,0.05493060628195763
0.01521921157836914,0.0550036523009496
0.015220165252685547,0.05507669831994157
0.015221834182739258,0.05514974433893353
0.015222549438476562,0.055222790357925496
0.015225648880004883,0.05529583637691746
0.015227556228637695,0.055368882395909425
0.015227556228637695,0.055441928414901386
0.015228033065795898,0.05551497443389335
0.015228748321533203,0.055588020452885314
0.015232086181640625,0.05566106647187728
0.015233278274536133,0.05573411249086925
0.01523447036743164,0.05580715850986121
0.01523590087890625,0.05588020452885318
0.015236139297485352,0.05595325054784514
0.015237092971801758,0.05602629656683711
0.015237092971801758,0.05609934258582907
0.015238523483276367,0.05617238860482104
0.015238523483276367,0.056245434623813005
0.01523900032043457,0.056318480642804966
0.015239953994750977,0.056391526661796934
0.01524043083190918,0.056464572680788895
0.015240669250488281,0.05653761869978086
0.015241384506225586,0.056610664718772824
0.015242338180541992,0.05668371073776479
0.015242815017700195,0.05675675675675676
0.015245437622070312,0.05682980277574872
0.015245437622070312,0.05690284879474069
0.015245437622070312,0.05697589481373265
0.015248537063598633,0.05704894083272462
0.01524972915649414,0.05712198685171658
0.015252113342285156,0.05719503287070855
0.015253067016601562,0.057268078889700515
0.015255451202392578,0.057341124908692476
0.015255928039550781,0.057414170927684444
0.015255928039550781,0.057487216946676405
0.015258550643920898,0.05756026296566837
0.015262126922607422,0.057633308984660334
0.015262365341186523,0.0577063550036523
0.015263557434082031,0.05777940102264426
0.015264749526977539,0.05785244704163623
0.015265226364135742,0.0579254930606282
0.015265464782714844,0.05799853907962016
0.015265464782714844,0.05807158509861213
0.015266656875610352,0.05814463111760409
0.01526784896850586,0.058217677136596056
0.015272140502929688,0.05829072315558802
0.015275955200195312,0.058363769174579985
0.015280723571777344,0.05843681519357195
0.015283346176147461,0.058509861212563914
0.015284061431884766,0.05858290723155588
0.015285491943359375,0.05865595325054784
0.015285491943359375,0.05872899926953981
0.015285968780517578,0.05880204528853177
0.015286922454833984,0.05887509130752374
0.015287399291992188,0.05894813732651571
0.015290498733520508,0.05902118334550767
0.015290498733520508,0.05909422936449964
0.015292167663574219,0.0591672753834916
0.015292882919311523,0.059240321402483566
0.015292882919311523,0.05931336742147553
0.015295267105102539,0.059386413440467495
0.015295982360839844,0.05945945945945946
0.015298128128051758,0.059532505478451424
0.015298843383789062,0.05960555149744339
0.015299081802368164,0.05967859751643535
0.015299081802368164,0.05975164353542732
0.015299320220947266,0.05982468955441928
0.015301704406738281,0.05989773557341125
0.015301704406738281,0.05997078159240321
0.015305280685424805,0.06004382761139518
0.015305519104003906,0.060116873630387146
0.015305757522583008,0.06018991964937911
0.01530599594116211,0.060262965668371075
0.015310525894165039,0.060336011687363036
0.01531076431274414,0.060409057706355004
0.015312671661376953,0.060482103725346965
0.015313863754272461,0.06055514974433893
0.015313863754272461,0.0606281957633309
0.015314102172851562,0.06070124178232286
0.01531529426574707,0.06077428780131483
0.01531529426574707,0.06084733382030679
0.015317201614379883,0.06092037983929876
0.015318870544433594,0.06099342585829072
0.015319347381591797,0.06106647187728269
0.015319585800170898,0.061139517896274656
0.01531982421875,0.06121256391526662
0.015320539474487305,0.061285609934258585
0.015320539474487305,0.061358655953250546
0.015324115753173828,0.061431701972242514
0.01532602310180664,0.061504747991234475
0.015326976776123047,0.06157779401022644
0.01532745361328125,0.06165084002921841
0.015327692031860352,0.06172388604821037
0.015327930450439453,0.06179693206720234
0.015328407287597656,0.0618699780861943
0.01532888412475586,0.06194302410518627
0.01532888412475586,0.06201607012417823
0.015330314636230469,0.0620891161431702
0.015330791473388672,0.062162162162162166
0.015331745147705078,0.06223520818115413
0.015332460403442383,0.062308254200146095
0.015333890914916992,0.062381300219138056
0.015335321426391602,0.062454346238130024
0.015335559844970703,0.06252739225712199
0.015339374542236328,0.06260043827611395
0.01533961296081543,0.06267348429510591
0.015339851379394531,0.06274653031409788
0.015340089797973633,0.06281957633308985
0.015340566635131836,0.06289262235208182
0.01534128189086914,0.06296566837107377
0.015341520309448242,0.06303871439006574
0.015341520309448242,0.06311176040905771
0.01534414291381836,0.06318480642804968
0.015344381332397461,0.06325785244704164
0.015345573425292969,0.0633308984660336
0.015346050262451172,0.06340394448502557
0.015346288681030273,0.06347699050401753
0.015348434448242188,0.0635500365230095
0.015348672866821289,0.06362308254200146
0.015349149703979492,0.06369612856099342
0.015350341796875,0.06376917457998539
0.015352487564086914,0.06384222059897736
0.015352725982666016,0.06391526661796933
0.015354156494140625,0.06398831263696128
0.015355825424194336,0.06406135865595325
0.015356063842773438,0.06413440467494522
0.015358448028564453,0.06420745069393718
0.015359163284301758,0.06428049671292914
0.015359640121459961,0.0643535427319211
0.015360832214355469,0.06442658875091307
0.015361309051513672,0.06449963476990504
0.015362739562988281,0.06457268078889701
0.015363454818725586,0.06464572680788896
0.015363931655883789,0.06471877282688093
0.01536417007446289,0.0647918188458729
0.01536417007446289,0.06486486486486487
0.015364646911621094,0.06493791088385684
0.015364885330200195,0.06501095690284879
0.015364885330200195,0.06508400292184076
0.015365123748779297,0.06515704894083273
0.015366077423095703,0.0652300949598247
0.015366792678833008,0.06530314097881665
0.015367984771728516,0.06537618699780862
0.015368223190307617,0.06544923301680058
0.01536870002746582,0.06552227903579255
0.015370368957519531,0.06559532505478452
0.015371322631835938,0.06566837107377647
0.01537322998046875,0.06574141709276844
0.015373468399047852,0.06581446311176041
0.015374183654785156,0.06588750913075238
0.01537466049194336,0.06596055514974433
0.015376091003417969,0.0660336011687363
0.015376567840576172,0.06610664718772827
0.015377044677734375,0.06617969320672024
0.01537775993347168,0.0662527392257122
0.01537775993347168,0.06632578524470416
0.015378713607788086,0.06639883126369613
0.015379190444946289,0.0664718772826881
0.015379667282104492,0.06654492330168006
0.015379905700683594,0.06661796932067203
0.015382051467895508,0.06669101533966398
0.015382528305053711,0.06676406135865595
0.015384435653686523,0.06683710737764792
0.015386581420898438,0.06691015339663989
0.015386819839477539,0.06698319941563184
0.015387535095214844,0.06705624543462381
0.015387535095214844,0.06712929145361578
0.015387773513793945,0.06720233747260775
0.015388011932373047,0.06727538349159971
0.015388250350952148,0.06734842951059167
0.015390396118164062,0.06742147552958364
0.015390634536743164,0.0674945215485756
0.015392303466796875,0.06756756756756757
0.015392541885375977,0.06764061358655954
0.015393495559692383,0.0677136596055515
0.015393495559692383,0.06778670562454346
0.015393495559692383,0.06785975164353543
0.015394210815429688,0.0679327976625274
0.015394449234008789,0.06800584368151935
0.015394449234008789,0.06807888970051132
0.01539468765258789,0.06815193571950329
0.015394926071166992,0.06822498173849526
0.015395164489746094,0.06829802775748722
0.015395402908325195,0.06837107377647918
0.015395402908325195,0.06844411979547114
0.015395641326904297,0.06851716581446311
0.015395641326904297,0.06859021183345508
0.015395879745483398,0.06866325785244703
0.015397310256958008,0.068736303871439
0.01539754867553711,0.06880934989043097
0.015397787094116211,0.06888239590942294
0.015398263931274414,0.0689554419284149
0.015398740768432617,0.06902848794740686
0.015399694442749023,0.06910153396639883
0.015400171279907227,0.0691745799853908
0.015401363372802734,0.06924762600438276
0.015402078628540039,0.06932067202337473
0.015403032302856445,0.06939371804236669
0.015403509140014648,0.06946676406135865
0.015404224395751953,0.06953981008035062
0.015404701232910156,0.06961285609934259
0.015406370162963867,0.06968590211833454
0.015406370162963867,0.06975894813732651
0.015407800674438477,0.06983199415631848
0.01540827751159668,0.06990504017531045
0.015408515930175781,0.06997808619430242
0.015408992767333984,0.07005113221329437
0.015409231185913086,0.07012417823228634
0.015409231185913086,0.0701972242512783
0.015411376953125,0.07027027027027027
0.015411853790283203,0.07034331628926224
0.015412569046020508,0.0704163623082542
0.015412569046020508,0.07048940832724616
0.01541280746459961,0.07056245434623813
0.01541280746459961,0.0706355003652301
0.015413522720336914,0.07070854638422205
0.01541447639465332,0.07078159240321402
0.01541447639465332,0.07085463842220599
0.01541447639465332,0.07092768444119796
0.015415668487548828,0.07100073046018993
0.015415668487548828,0.07107377647918188
0.01541590690612793,0.07114682249817385
0.015416860580444336,0.07121986851716582
0.015417098999023438,0.07129291453615778
0.015417337417602539,0.07136596055514974
0.015418767929077148,0.0714390065741417
0.015418767929077148,0.07151205259313367
0.015419721603393555,0.07158509861212564
0.015419960021972656,0.07165814463111761
0.015420913696289062,0.07173119065010956
0.015420913696289062,0.07180423666910153
0.015420913696289062,0.0718772826880935
0.015421152114868164,0.07195032870708547
0.015422344207763672,0.07202337472607744
0.015422344207763672,0.07209642074506939
0.015424251556396484,0.07216946676406136
0.015424728393554688,0.07224251278305333
0.01542520523071289,0.0723155588020453
0.015425443649291992,0.07238860482103725
0.015427589416503906,0.07246165084002922
0.01542806625366211,0.07253469685902118
0.01542806625366211,0.07260774287801315
0.01542806625366211,0.07268078889700512
0.015429019927978516,0.07275383491599707
0.01542973518371582,0.07282688093498904
0.015429973602294922,0.07289992695398101
0.015430927276611328,0.07297297297297298
0.015431404113769531,0.07304601899196493
0.015431642532348633,0.0731190650109569
0.015431880950927734,0.07319211102994887
0.015432119369506836,0.07326515704894083
0.015432119369506836,0.0733382030679328
0.015432119369506836,0.07341124908692476
0.015432357788085938,0.07348429510591672
0.015432596206665039,0.07355734112490869
0.015433073043823242,0.07363038714390066
0.015433073043823242,0.07370343316289263
0.015433311462402344,0.07377647918188458
0.015433788299560547,0.07384952520087655
0.01543426513671875,0.07392257121986852
0.015434980392456055,0.07399561723886049
0.015435457229614258,0.07406866325785244
0.015435457229614258,0.07414170927684441
0.015437602996826172,0.07421475529583638
0.01543879508972168,0.07428780131482834
0.015439271926879883,0.07436084733382031
0.015439748764038086,0.07443389335281227
0.015439987182617188,0.07450693937180423
0.015440225601196289,0.0745799853907962
0.01544046401977539,0.07465303140978817
0.015441179275512695,0.07472607742878014
0.015442371368408203,0.07479912344777209
0.015444040298461914,0.07487216946676406
0.015444278717041016,0.07494521548575603
0.015444278717041016,0.075018261504748
0.015444517135620117,0.07509130752373995
0.015444517135620117,0.07516435354273192
0.015444755554199219,0.07523739956172389
0.015445470809936523,0.07531044558071585
0.015446186065673828,0.07538349159970782
0.01544642448425293,0.07545653761869978
0.015447139739990234,0.07552958363769174
0.015447378158569336,0.07560262965668371
0.015447616577148438,0.07567567567567568
0.015447854995727539,0.07574872169466763
0.015449047088623047,0.0758217677136596
0.015449047088623047,0.07589481373265157
0.015449047088623047,0.07596785975164354
0.015449285507202148,0.0760409057706355
0.015449762344360352,0.07611395178962746
0.015450239181518555,0.07618699780861943
0.015450239181518555,0.0762600438276114
0.015450477600097656,0.07633308984660336
0.015451192855834961,0.07640613586559533
0.015451192855834961,0.07647918188458729
0.015451431274414062,0.07655222790357925
0.015452146530151367,0.07662527392257122
0.015452146530151367,0.07669831994156319
0.015452861785888672,0.07677136596055514
0.01545405387878418,0.07684441197954711
0.015454769134521484,0.07691745799853908
0.015455007553100586,0.07699050401753105
0.01545572280883789,0.07706355003652302
0.015456914901733398,0.07713659605551497
0.015456914901733398,0.07720964207450694
0.015457630157470703,0.0772826880934989
0.015458106994628906,0.07735573411249087
0.015458345413208008,0.07742878013148284
0.015458822250366211,0.0775018261504748
0.015458822250366211,0.07757487216946676
0.01546025276184082,0.07764791818845873
0.015461921691894531,0.0777209642074507
0.015462398529052734,0.07779401022644265
0.015463113784790039,0.07786705624543462
0.01546335220336914,0.07794010226442659
0.01546335220336914,0.07801314828341856
0.015463829040527344,0.07808619430241052
0.015464067459106445,0.07815924032140248
0.015464305877685547,0.07823228634039445
0.015464544296264648,0.07830533235938641
0.01546478271484375,0.07837837837837838
0.015465497970581055,0.07845142439737034
0.015465974807739258,0.0785244704163623
0.01546621322631836,0.07859751643535427
0.015466451644897461,0.07867056245434624
0.015466928482055664,0.07874360847333821
0.01546788215637207,0.07881665449233016
0.015469074249267578,0.07888970051132213
0.015469074249267578,0.0789627465303141
0.01546931266784668,0.07903579254930607
0.01546931266784668,0.07910883856829803
0.01546931266784668,0.07918188458728999
0.015470027923583984,0.07925493060628196
0.015470743179321289,0.07932797662527392
0.01547098159790039,0.07940102264426589
0.015471935272216797,0.07947406866325785
0.015472173690795898,0.07954711468224981
0.015472650527954102,0.07962016070124178
0.015472888946533203,0.07969320672023375
0.015472888946533203,0.07976625273922572
0.015474319458007812,0.07983929875821767
0.015474319458007812,0.07991234477720964
0.015475034713745117,0.07998539079620161
0.015475034713745117,0.08005843681519358
0.015475749969482422,0.08013148283418553
0.015475988388061523,0.0802045288531775
0.01547861099243164,0.08027757487216947
0.015479564666748047,0.08035062089116143
0.015480518341064453,0.0804236669101534
0.015480756759643555,0.08049671292914536
0.015480995178222656,0.08056975894813732
0.015482187271118164,0.08064280496712929
0.015482664108276367,0.08071585098612126
0.015482902526855469,0.08078889700511323
0.015483856201171875,0.08086194302410518
0.015485525131225586,0.08093498904309715
0.015485525131225586,0.08100803506208912
0.015486001968383789,0.08108108108108109
0.01548624038696289,0.08115412710007304
0.01548624038696289,0.08122717311906501
0.015487909317016602,0.08130021913805698
0.015488624572753906,0.08137326515704894
0.01548910140991211,0.08144631117604091
0.015493154525756836,0.08151935719503287
0.015493392944335938,0.08159240321402483
0.015493392944335938,0.0816654492330168
0.015493392944335938,0.08173849525200877
0.015494823455810547,0.08181154127100074
0.015496253967285156,0.08188458728999269
0.015496492385864258,0.08195763330898466
0.01549673080444336,0.08203067932797663
0.015498638153076172,0.0821037253469686
0.015498638153076172,0.08217677136596055
0.015499114990234375,0.08224981738495252
0.015499591827392578,0.08232286340394449
0.015499591827392578,0.08239590942293645
0.01549983024597168,0.08246895544192842
0.01549983024597168,0.08254200146092038
0.01549983024597168,0.08261504747991234
0.015500068664550781,0.08268809349890431
0.015500307083129883,0.08276113951789628
0.015500307083129883,0.08283418553688823
0.015500545501708984,0.0829072315558802
0.015501022338867188,0.08298027757487217
0.01550149917602539,0.08305332359386414
0.015502452850341797,0.0831263696128561
0.0155029296875,0.08319941563184806
0.015503168106079102,0.08327246165084003
0.015503406524658203,0.083345507669832
0.01550436019897461,0.08341855368882396
0.015506267547607422,0.08349159970781593
0.015506982803344727,0.08356464572680788
0.01550745964050293,0.08363769174579985
0.015508890151977539,0.08371073776479182
0.015508890151977539,0.08378378378378379
0.01550912857055664,0.08385682980277574
0.015510082244873047,0.08392987582176771
0.01551055908203125,0.08400292184075968
0.015510797500610352,0.08407596785975165
0.015511274337768555,0.08414901387874361
0.015511512756347656,0.08422205989773557
0.015512466430664062,0.08429510591672754
0.015512943267822266,0.0843681519357195
0.015513181686401367,0.08444119795471147
0.015513896942138672,0.08451424397370343
0.015514135360717773,0.0845872899926954
0.015514135360717773,0.08466033601168736
0.015514373779296875,0.08473338203067933
0.015514850616455078,0.0848064280496713
0.01551508903503418,0.08487947406866325
0.015516042709350586,0.08495252008765522
0.015516042709350586,0.08502556610664719
0.015516519546508789,0.08509861212563916
0.015516519546508789,0.08517165814463112
0.015517473220825195,0.08524470416362308
0.0155181884765625,0.08531775018261505
0.015518426895141602,0.08539079620160701
0.015518665313720703,0.08546384222059898
0.015518903732299805,0.08553688823959094
0.015519142150878906,0.0856099342585829
0.015519142150878906,0.08568298027757487
0.01551961898803711,0.08575602629656684
0.015519857406616211,0.08582907231555881
0.015520334243774414,0.08590211833455076
0.015520811080932617,0.08597516435354273
0.015520811080932617,0.0860482103725347
0.015521049499511719,0.08612125639152667
0.015521764755249023,0.08619430241051863
0.015522241592407227,0.08626734842951059
0.015523433685302734,0.08634039444850256
0.015523433685302734,0.08641344046749452
0.015523672103881836,0.08648648648648649
0.015523910522460938,0.08655953250547845
0.015524148941040039,0.08663257852447041
0.015524148941040039,0.08670562454346238
0.015524625778198242,0.08677867056245435
0.015524864196777344,0.08685171658144632
0.015525102615356445,0.08692476260043827
0.015525579452514648,0.08699780861943024
0.01552581787109375,0.08707085463842221
0.015526533126831055,0.08714390065741418
0.015526533126831055,0.08721694667640613
0.015528202056884766,0.0872899926953981
0.015528440475463867,0.08736303871439006
0.015529870986938477,0.08743608473338203
0.015531301498413086,0.087509130752374
0.015531301498413086,0.08758217677136595
0.015532493591308594,0.08765522279035792
0.015532732009887695,0.08772826880934989
0.015532732009887695,0.08780131482834186
0.015532970428466797,0.08787436084733383
0.015532970428466797,0.08794740686632578
0.015533208847045898,0.08802045288531775
0.015533208847045898,0.08809349890430972
0.015533924102783203,0.08816654492330168
0.015534162521362305,0.08823959094229364
0.015534639358520508,0.0883126369612856
0.015535354614257812,0.08838568298027757
0.015535831451416016,0.08845872899926954
0.015536308288574219,0.08853177501826151
0.015536308288574219,0.08860482103725346
0.01553797721862793,0.08867786705624543
0.015538215637207031,0.0887509130752374
0.015539169311523438,0.08882395909422937
0.015540361404418945,0.08889700511322134
0.015541553497314453,0.08897005113221329
0.015541791915893555,0.08904309715120526
0.015542030334472656,0.08911614317019723
0.015542268753051758,0.0891891891891892
0.015543937683105469,0.08926223520818115
0.015544414520263672,0.08933528122717312
0.015545129776000977,0.08940832724616508
0.015546083450317383,0.08948137326515705
0.015547037124633789,0.08955441928414902
0.015547513961791992,0.08962746530314097
0.015547513961791992,0.08970051132213294
0.015547990798950195,0.08977355734112491
0.015548467636108398,0.08984660336011688
0.015549182891845703,0.08991964937910883
0.015549421310424805,0.0899926953981008
0.015549659729003906,0.09006574141709277
0.015550374984741211,0.09013878743608474
0.015551567077636719,0.0902118334550767
0.015551567077636719,0.09028487947406866
0.01555180549621582,0.09035792549306063
0.015552043914794922,0.0904309715120526
0.015552997589111328,0.09050401753104456
0.01555323600769043,0.09057706355003653
0.01555323600769043,0.09065010956902848
0.015553951263427734,0.09072315558802045
0.015554428100585938,0.09079620160701242
0.01555490493774414,0.09086924762600439
0.01555633544921875,0.09094229364499634
0.015557289123535156,0.09101533966398831
0.01555776596069336,0.09108838568298028
0.015558242797851562,0.09116143170197225
0.015559673309326172,0.09123447772096421
0.015559673309326172,0.09130752373995617
0.01556086540222168,0.09138056975894814
0.01556086540222168,0.0914536157779401
0.015562057495117188,0.09152666179693207
0.015562295913696289,0.09159970781592403
0.015564203262329102,0.091672753834916
0.015566110610961914,0.09174579985390796
0.015566110610961914,0.09181884587289993
0.015566349029541016,0.0918918918918919
0.015567541122436523,0.09196493791088385
0.015568017959594727,0.09203798392987582
0.015569925308227539,0.09211102994886779
0.015569925308227539,0.09218407596785975
0.015570640563964844,0.09225712198685172
0.015571355819702148,0.09233016800584368
0.01557159423828125,0.09240321402483564
0.015572309494018555,0.09247626004382761
0.015574455261230469,0.09254930606281958
0.015574455261230469,0.09262235208181153
0.015575647354125977,0.0926953981008035
0.015576839447021484,0.09276844411979547
0.015578269958496094,0.09284149013878744
0.015578508377075195,0.0929145361577794
0.015578746795654297,0.09298758217677136
0.015579700469970703,0.09306062819576333
0.015579938888549805,0.0931336742147553
0.015580415725708008,0.09320672023374726
0.015581607818603516,0.09327976625273923
0.015582561492919922,0.09335281227173119
0.015582799911499023,0.09342585829072315
0.015585184097290039,0.09349890430971512
0.015585660934448242,0.09357195032870709
0.015586614608764648,0.09364499634769904
0.015586614608764648,0.09371804236669101
0.01558685302734375,0.09379108838568298
0.015587091445922852,0.09386413440467495
0.015587568283081055,0.09393718042366692
0.015588521957397461,0.09401022644265887
0.015588760375976562,0.09408327246165084
0.015589475631713867,0.0941563184806428
0.015590190887451172,0.09422936449963477
0.015593290328979492,0.09430241051862673
0.015594720840454102,0.0943754565376187
0.015594959259033203,0.09444850255661066
0.015596389770507812,0.09452154857560263
0.015596389770507812,0.0945945945945946
0.015599966049194336,0.09466764061358655
0.015601158142089844,0.09474068663257852
0.015603065490722656,0.09481373265157049
0.01560354232788086,0.09488677867056246
0.015604734420776367,0.09495982468955443
0.015605926513671875,0.09503287070854638
0.015607357025146484,0.09510591672753835
0.015607833862304688,0.09517896274653032
0.015608549118041992,0.09525200876552228
0.015608787536621094,0.09532505478451424
0.015609502792358398,0.0953981008035062
0.015610694885253906,0.09547114682249817
0.015611410140991211,0.09554419284149014
0.015612363815307617,0.09561723886048211
0.015614032745361328,0.09569028487947406
0.015615224838256836,0.09576333089846603
0.015616893768310547,0.095836376917458
0.015617132186889648,0.09590942293644997
0.01561737060546875,0.09598246895544194
0.01561880111694336,0.09605551497443389
0.015620231628417969,0.09612856099342586
0.015621423721313477,0.09620160701241783
0.015621423721313477,0.0962746530314098
0.015621423721313477,0.09634769905040175
0.01562356948852539,0.09642074506939372
0.015624284744262695,0.09649379108838568
0.015624761581420898,0.09656683710737765
0.015625,0.09663988312636962
0.015627622604370117,0.09671292914536157
0.01562786102294922,0.09678597516435354
0.015628814697265625,0.09685902118334551
0.015630245208740234,0.09693206720233748
0.015631914138793945,0.09700511322132943
0.015631914138793945,0.0970781592403214
0.01563286781311035,0.09715120525931337
0.015633583068847656,0.09722425127830533
0.015635013580322266,0.0972972972972973
0.01563549041748047,0.09737034331628926
0.01563549041748047,0.09744338933528122
0.015636920928955078,0.09751643535427319
0.015638351440429688,0.09758948137326516
0.015639066696166992,0.09766252739225713
0.015639305114746094,0.09773557341124908
0.015639781951904297,0.09780861943024105
0.015639781951904297,0.09788166544923302
0.015641450881958008,0.09795471146822499
0.015643596649169922,0.09802775748721694
0.01564502716064453,0.09810080350620891
0.015647172927856445,0.09817384952520088
0.015650272369384766,0.09824689554419284
0.015654325485229492,0.09831994156318481
0.0156552791595459,0.09839298758217677
0.015657424926757812,0.09846603360116873
0.015657663345336914,0.0985390796201607
0.015657901763916016,0.09861212563915267
0.015658855438232422,0.09868517165814462
0.015659332275390625,0.09875821767713659
0.015661239624023438,0.09883126369612856
0.015664339065551758,0.09890430971512053
0.015665292739868164,0.0989773557341125
0.015665292739868164,0.09905040175310445
0.015665769577026367,0.09912344777209642
0.015666723251342773,0.09919649379108839
0.015666961669921875,0.09926953981008035
0.015667438507080078,0.09934258582907232
0.01566791534423828,0.09941563184806428
0.0156707763671875,0.09948867786705624
0.015671253204345703,0.09956172388604821
0.015671253204345703,0.09963476990504018
0.015671968460083008,0.09970781592403213
0.015672683715820312,0.0997808619430241
0.01567387580871582,0.09985390796201607
0.015674352645874023,0.09992695398100804
0.015674591064453125,0.1
0.01567530632019043,0.10007304601899196
0.01567554473876953,0.10014609203798393
0.01567983627319336,0.1002191380569759
0.015680789947509766,0.10029218407596786
0.015681028366088867,0.10036523009495983
0.01568126678466797,0.10043827611395179
0.015685081481933594,0.10051132213294375
0.015686511993408203,0.10058436815193572
0.015686511993408203,0.10065741417092769
0.015694141387939453,0.10073046018991964
0.01569509506225586,0.10080350620891161
0.015695810317993164,0.10087655222790358
0.015697479248046875,0.10094959824689555
0.015698671340942383,0.10102264426588752
0.015701770782470703,0.10109569028487947
0.015702247619628906,0.10116873630387144
0.01570296287536621,0.1012417823228634
0.01570296287536621,0.10131482834185537
0.01570415496826172,0.10138787436084733
0.01570415496826172,0.1014609203798393
0.015704870223999023,0.10153396639883126
0.015708208084106445,0.10160701241782323
0.015709400177001953,0.1016800584368152
0.015711069107055664,0.10175310445580715
0.01572418212890625,0.10182615047479912
0.015724658966064453,0.10189919649379109
0.015731096267700195,0.10197224251278306
0.015731096267700195,0.10204528853177502
0.015732288360595703,0.10211833455076698
0.015735864639282227,0.10219138056975895
0.01573801040649414,0.10226442658875091
0.015744924545288086,0.10233747260774288
0.01574563980102539,0.10241051862673484
0.01574563980102539,0.1024835646457268
0.0157470703125,0.10255661066471877
0.01576066017150879,0.10262965668371074
0.0157623291015625,0.10270270270270271
0.0157623291015625,0.10277574872169466
0.015766143798828125,0.10284879474068663
0.01576972007751465,0.1029218407596786
0.015776634216308594,0.10299488677867057
0.015781402587890625,0.10306793279766253
0.015781402587890625,0.10314097881665449
0.015787124633789062,0.10321402483564646
0.015788555145263672,0.10328707085463842
0.015790462493896484,0.10336011687363039
0.015791654586791992,0.10343316289262235
0.015791654586791992,0.10350620891161431
0.01579451560974121,0.10357925493060628
0.015794992446899414,0.10365230094959825
0.015796661376953125,0.10372534696859022
0.015798091888427734,0.10379839298758217
0.01580357551574707,0.10387143900657414
0.01580667495727539,0.10394448502556611
0.015811681747436523,0.10401753104455808
0.01581263542175293,0.10409057706355003
0.015814542770385742,0.104163623082542
0.015815258026123047,0.10423666910153397
0.01581549644470215,0.10430971512052593
0.01581549644470215,0.1043827611395179
0.015821218490600586,0.10445580715850986
0.015822887420654297,0.10452885317750182
0.015827178955078125,0.10460189919649379
0.015827417373657227,0.10467494521548576
0.01582813262939453,0.10474799123447773
0.015833377838134766,0.10482103725346968
0.01583409309387207,0.10489408327246165
0.01583552360534668,0.10496712929145362
0.01583552360534668,0.10504017531044559
0.01583552360534668,0.10511322132943754
0.015839099884033203,0.10518626734842951
0.015839576721191406,0.10525931336742148
0.01584005355834961,0.10533235938641344
0.01584148406982422,0.10540540540540541
0.015843868255615234,0.10547845142439737
0.015845060348510742,0.10555149744338933
0.015845298767089844,0.1056245434623813
0.015847206115722656,0.10569758948137327
0.015850067138671875,0.10577063550036522
0.015851259231567383,0.10584368151935719
0.015851497650146484,0.10591672753834916
0.01585221290588379,0.10598977355734113
0.01585245132446289,0.1060628195763331
0.015854597091674805,0.10613586559532505
0.015856027603149414,0.10620891161431702
0.01585698127746582,0.10628195763330898
0.015857219696044922,0.10635500365230095
0.01585865020751953,0.10642804967129292
0.01586461067199707,0.10650109569028487
0.01586461067199707,0.10657414170927684
0.015865325927734375,0.10664718772826881
0.015865564346313477,0.10672023374726078
0.01586604118347168,0.10679327976625273
0.01586627960205078,0.1068663257852447
0.015866994857788086,0.10693937180423667
0.01587080955505371,0.10701241782322864
0.015873193740844727,0.1070854638422206
0.015874862670898438,0.10715850986121256
0.015876054763793945,0.10723155588020453
0.015876293182373047,0.1073046018991965
0.015880346298217773,0.10737764791818846
0.015880584716796875,0.10745069393718043
0.015882492065429688,0.10752373995617238
0.015885114669799805,0.10759678597516435
0.015886306762695312,0.10766983199415632
0.01588749885559082,0.10774287801314829
0.015889883041381836,0.10781592403214024
0.015891551971435547,0.10788897005113221
0.01589512825012207,0.10796201607012418
0.015897035598754883,0.10803506208911615
0.015898466110229492,0.10810810810810811
0.015900135040283203,0.10818115412710007
0.015902280807495117,0.10825420014609204
0.015903234481811523,0.108327246165084
0.015903711318969727,0.10840029218407597
0.015909433364868164,0.10847333820306793
0.015910863876342773,0.1085463842220599
0.015911102294921875,0.10861943024105186
0.015913724899291992,0.10869247626004383
0.015920400619506836,0.1087655222790358
0.015933990478515625,0.10883856829802775
0.01593470573425293,0.10891161431701972
0.015936613082885742,0.10898466033601169
0.015937089920043945,0.10905770635500366
0.01593756675720215,0.10913075237399562
0.015940427780151367,0.10920379839298758
0.015947341918945312,0.10927684441197955
0.015952587127685547,0.10934989043097151
0.01595926284790039,0.10942293644996348
0.01596999168395996,0.10949598246895544
0.015974760055541992,0.1095690284879474
0.015975475311279297,0.10964207450693937
0.015975475311279297,0.10971512052593134
0.015976428985595703,0.10978816654492331
0.015976667404174805,0.10986121256391526
0.015979528427124023,0.10993425858290723
0.01598072052001953,0.1100073046018992
0.015987873077392578,0.11008035062089117
0.01598811149597168,0.11015339663988313
0.01599264144897461,0.11022644265887509
0.01599740982055664,0.11029948867786706
0.016003131866455078,0.11037253469685902
0.016005516052246094,0.11044558071585099
0.016009807586669922,0.11051862673484295
0.016010522842407227,0.11059167275383491
0.016011714935302734,0.11066471877282688
0.01601409912109375,0.11073776479181885
0.016018390655517578,0.11081081081081082
0.016019582748413086,0.11088385682980277
0.016020774841308594,0.11095690284879474
0.0160219669342041,0.1110299488677867
0.016022205352783203,0.11110299488677867
0.016022443771362305,0.11117604090577063
0.016027450561523438,0.1112490869247626
0.01602768898010254,0.11132213294375456
0.016031265258789062,0.11139517896274653
0.016034841537475586,0.1114682249817385
0.016036272048950195,0.11154127100073045
0.016039609909057617,0.11161431701972242
0.016039609909057617,0.11168736303871439
0.016040802001953125,0.11176040905770636
0.016044139862060547,0.11183345507669833
0.01604628562927246,0.11190650109569028
0.01604747772216797,0.11197954711468225
0.016054630279541016,0.11205259313367422
0.016057491302490234,0.11212563915266618
0.016057968139648438,0.11219868517165814
0.01605844497680664,0.1122717311906501
0.01606011390686035,0.11234477720964207
0.01606273651123047,0.11241782322863404
0.01606273651123047,0.11249086924762601
0.016063213348388672,0.11256391526661796
0.01606440544128418,0.11263696128560993
0.0160672664642334,0.1127100073046019
0.0160672664642334,0.11278305332359387
0.016074419021606445,0.11285609934258582
0.01607823371887207,0.11292914536157779
0.016078948974609375,0.11300219138056976
0.016081571578979492,0.11307523739956173
0.016087770462036133,0.1131482834185537
0.016089439392089844,0.11322132943754565
0.016093969345092773,0.11329437545653762
0.01609492301940918,0.11336742147552958
0.016095876693725586,0.11344046749452155
0.016097307205200195,0.11351351351351352
0.016099214553833008,0.11358655953250547
0.016100645065307617,0.11365960555149744
0.01610255241394043,0.11373265157048941
0.016103506088256836,0.11380569758948138
0.01610589027404785,0.11387874360847333
0.016106843948364258,0.1139517896274653
0.016111373901367188,0.11402483564645727
0.016112565994262695,0.11409788166544924
0.016113996505737305,0.1141709276844412
0.016115188598632812,0.11424397370343316
0.016116857528686523,0.11431701972242513
0.016117095947265625,0.1143900657414171
0.016119956970214844,0.11446311176040906
0.016126632690429688,0.11453615777940103
0.016129493713378906,0.11460920379839298
0.016130685806274414,0.11468224981738495
0.016130924224853516,0.11475529583637692
0.016133785247802734,0.11482834185536889
0.016136884689331055,0.11490138787436084
0.016136884689331055,0.11497443389335281
0.016136884689331055,0.11504747991234478
0.01614093780517578,0.11512052593133675
0.016141891479492188,0.11519357195032871
0.016147136688232422,0.11526661796932067
0.01615142822265625,0.11533966398831264
0.01615309715270996,0.1154127100073046
0.016154050827026367,0.11548575602629657
0.016156911849975586,0.11555880204528853
0.016158342361450195,0.11563184806428049
0.016171693801879883,0.11570489408327246
0.016175270080566406,0.11577794010226443
0.016175508499145508,0.1158509861212564
0.016175508499145508,0.11592403214024835
0.01617908477783203,0.11599707815924032
0.01618790626525879,0.11607012417823229
0.016193151473999023,0.11614317019722425
0.016195058822631836,0.11621621621621622
0.01619744300842285,0.11628926223520818
0.016197681427001953,0.11636230825420014
0.01620626449584961,0.11643535427319211
0.01621103286743164,0.11650840029218408
0.01621723175048828,0.11658144631117603
0.016223669052124023,0.116654492330168
0.016229629516601562,0.11672753834915997
0.016233205795288086,0.11680058436815194
0.0162355899810791,0.1168736303871439
0.01623845100402832,0.11694667640613586
0.01624274253845215,0.11701972242512783
0.016243696212768555,0.1170927684441198
0.01624584197998047,0.11716581446311176
0.01624584197998047,0.11723886048210373
0.01624917984008789,0.11731190650109569
0.016252994537353516,0.11738495252008765
0.016254425048828125,0.11745799853907962
0.016254901885986328,0.11753104455807159
0.016257762908935547,0.11760409057706354
0.016262292861938477,0.11767713659605551
0.016263246536254883,0.11775018261504748
0.016268014907836914,0.11782322863403945
0.01627349853515625,0.11789627465303142
0.016273975372314453,0.11796932067202337
0.016274213790893555,0.11804236669101534
0.01627492904663086,0.1181154127100073
0.016277074813842773,0.11818845872899927
0.016287565231323242,0.11826150474799123
0.016291141510009766,0.1183345507669832
0.016292572021484375,0.11840759678597516
0.016295194625854492,0.11848064280496713
0.016297101974487305,0.1185536888239591
0.016297578811645508,0.11862673484295105
0.01629781723022461,0.11869978086194302
0.016298770904541016,0.11877282688093499
0.016299962997436523,0.11884587289992696
0.016304492950439453,0.11891891891891893
0.016307353973388672,0.11899196493791088
0.016311168670654297,0.11906501095690285
0.0163114070892334,0.11913805697589482
0.016314029693603516,0.11921110299488678
0.01631951332092285,0.11928414901387874
0.016321182250976562,0.1193571950328707
0.01632380485534668,0.11943024105186267
0.016329526901245117,0.11950328707085464
0.01633286476135254,0.11957633308984661
0.016333818435668945,0.11964937910883856
0.01634359359741211,0.11972242512783053
0.016344308853149414,0.1197954711468225
0.01634502410888672,0.11986851716581447
0.01634526252746582,0.11994156318480642
0.016349077224731445,0.12001460920379839
0.01635122299194336,0.12008765522279036
0.016353845596313477,0.12016070124178233
0.016356706619262695,0.12023374726077429
0.016361236572265625,0.12030679327976625
0.016361236572265625,0.12037983929875821
0.016361236572265625,0.12045288531775018
0.01636195182800293,0.12052593133674215
0.016362667083740234,0.12059897735573412
0.016368389129638672,0.12067202337472607
0.016369104385375977,0.12074506939371804
0.016369342803955078,0.12081811541271001
0.016370534896850586,0.12089116143170198
0.016370534896850586,0.12096420745069393
0.016371488571166992,0.1210372534696859
0.016374588012695312,0.12111029948867787
0.01637578010559082,0.12118334550766983
0.01637578010559082,0.1212563915266618
0.01638031005859375,0.12132943754565376
0.016384363174438477,0.12140248356464572
0.016385555267333984,0.12147552958363769
0.016387939453125,0.12154857560262966
0.016388416290283203,0.12162162162162163
0.016394615173339844,0.12169466764061358
0.016399383544921875,0.12176771365960555
0.016399621963500977,0.12184075967859752
0.016399860382080078,0.12191380569758949
0.016402006149291992,0.12198685171658144
0.016404151916503906,0.12205989773557341
0.01641249656677246,0.12213294375456538
0.016412973403930664,0.12220598977355734
0.016423940658569336,0.12227903579254931
0.01642465591430664,0.12235208181154127
0.016425371170043945,0.12242512783053323
0.016425371170043945,0.1224981738495252
0.016427278518676758,0.12257121986851717
0.016429662704467773,0.12264426588750912
0.01643061637878418,0.12271731190650109
0.016432762145996094,0.12279035792549306
0.016433238983154297,0.12286340394448503
0.0164339542388916,0.122936449963477
0.01643514633178711,0.12300949598246895
0.016437530517578125,0.12308254200146092
0.016437530517578125,0.12315558802045289
0.01644277572631836,0.12322863403944485
0.016444683074951172,0.12330168005843682
0.016450881958007812,0.12337472607742878
0.016452550888061523,0.12344777209642074
0.016453981399536133,0.12352081811541271
0.016458988189697266,0.12359386413440468
0.016465187072753906,0.12366691015339663
0.01646590232849121,0.1237399561723886
0.016469955444335938,0.12381300219138057
0.01647019386291504,0.12388604821037254
0.016472339630126953,0.1239590942293645
0.01647353172302246,0.12403214024835646
0.016474246978759766,0.12410518626734843
0.01647496223449707,0.1241782322863404
0.016476154327392578,0.12425127830533236
0.01647639274597168,0.12432432432432433
0.016477346420288086,0.12439737034331629
0.016478300094604492,0.12447041636230825
0.01648259162902832,0.12454346238130022
0.016483068466186523,0.12461650840029219
0.016483545303344727,0.12468955441928414
0.016483783721923828,0.12476260043827611
0.01648545265197754,0.12483564645726808
0.016488313674926758,0.12490869247626005
0.016489028930664062,0.12498173849525201
0.016494274139404297,0.12505478451424398
0.016497135162353516,0.12512783053323595
0.01650071144104004,0.1252008765522279
0.016501903533935547,0.12527392257121986
0.01650214195251465,0.12534696859021183
0.016502857208251953,0.1254200146092038
0.01650381088256836,0.12549306062819576
0.01650381088256836,0.12556610664718773
0.016509056091308594,0.1256391526661797
0.016515731811523438,0.12571219868517167
0.016516447067260742,0.12578524470416363
0.016518115997314453,0.12585829072315557
0.016521215438842773,0.12593133674214754
0.016521215438842773,0.1260043827611395
0.016521930694580078,0.12607742878013148
0.016524314880371094,0.12615047479912345
0.016524553298950195,0.12622352081811541
0.016525745391845703,0.12629656683710738
0.01652693748474121,0.12636961285609935
0.01653122901916504,0.12644265887509132
0.01653265953063965,0.1265157048940833
0.01653456687927246,0.12658875091307523
0.01653575897216797,0.1266617969320672
0.01653766632080078,0.12673484295105916
0.016539812088012695,0.12680788897005113
0.016541242599487305,0.1268809349890431
0.016542434692382812,0.12695398100803507
0.016542911529541016,0.12702702702702703
0.016543149948120117,0.127100073046019
0.01654362678527832,0.12717311906501097
0.016544342041015625,0.1272461650840029
0.01654672622680664,0.12731921110299488
0.016546964645385742,0.12739225712198685
0.016549348831176758,0.12746530314097881
0.016550540924072266,0.12753834915997078
0.016557693481445312,0.12761139517896275
0.016558170318603516,0.12768444119795472
0.016559362411499023,0.12775748721694669
0.01656055450439453,0.12783053323593865
0.01656484603881836,0.1279035792549306
0.016570568084716797,0.12797662527392256
0.016571998596191406,0.12804967129291453
0.016572952270507812,0.1281227173119065
0.016577720642089844,0.12819576333089847
0.01658153533935547,0.12826880934989043
0.016584396362304688,0.1283418553688824
0.01658463478088379,0.12841490138787437
0.01658463478088379,0.12848794740686634
0.0165860652923584,0.12856099342585828
0.0165863037109375,0.12863403944485025
0.016594886779785156,0.1287070854638422
0.016594886779785156,0.12878013148283418
0.016595125198364258,0.12885317750182615
0.016596317291259766,0.12892622352081812
0.016597270965576172,0.12899926953981009
0.016600370407104492,0.12907231555880205
0.016601085662841797,0.12914536157779402
0.0166018009185791,0.12921840759678596
0.016605615615844727,0.12929145361577793
0.016605854034423828,0.1293644996347699
0.01660752296447754,0.12943754565376187
0.016609668731689453,0.12951059167275383
0.0166168212890625,0.1295836376917458
0.0166168212890625,0.12965668371073777
0.016618967056274414,0.12972972972972974
0.016624927520751953,0.1298027757487217
0.016625165939331055,0.12987582176771367
0.016627788543701172,0.1299488677867056
0.016629934310913086,0.13002191380569758
0.016632556915283203,0.13009495982468955
0.016634225845336914,0.13016800584368152
0.01664257049560547,0.13024105186267348
0.016644001007080078,0.13031409788166545
0.016646146774291992,0.13038714390065742
0.0166473388671875,0.1304601899196494
0.016648530960083008,0.13053323593864136
0.016650915145874023,0.1306062819576333
0.016652345657348633,0.13067932797662526
0.016658782958984375,0.13075237399561723
0.016659259796142578,0.1308254200146092
0.016663789749145508,0.13089846603360117
0.016669273376464844,0.13097151205259314
0.016669750213623047,0.1310445580715851
0.01667332649230957,0.13111760409057707
0.016673803329467773,0.13119065010956904
0.016674280166625977,0.13126369612856098
0.016675710678100586,0.13133674214755295
0.016678333282470703,0.13140978816654492
0.016683101654052734,0.13148283418553688
0.016683101654052734,0.13155588020452885
0.016684770584106445,0.13162892622352082
0.016689062118530273,0.1317019722425128
0.01669144630432129,0.13177501826150476
0.016697406768798828,0.13184806428049672
0.016698837280273438,0.13192111029948866
0.016714811325073242,0.13199415631848063
0.01671576499938965,0.1320672023374726
0.016720294952392578,0.13214024835646457
0.0167233943939209,0.13221329437545654
0.01672959327697754,0.1322863403944485
0.01673126220703125,0.13235938641344047
0.01673293113708496,0.13243243243243244
0.01673746109008789,0.1325054784514244
0.016741275787353516,0.13257852447041638
0.016741514205932617,0.13265157048940832
0.016742467880249023,0.13272461650840028
0.016742467880249023,0.13279766252739225
0.016742706298828125,0.13287070854638422
0.016744136810302734,0.1329437545653762
0.01674509048461914,0.13301680058436816
0.01674795150756836,0.13308984660336012
0.016749143600463867,0.1331628926223521
0.016753435134887695,0.13323593864134406
0.016753673553466797,0.133308984660336
0.016754865646362305,0.13338203067932797
0.016755342483520508,0.13345507669831994
0.016757965087890625,0.1335281227173119
0.016757965087890625,0.13360116873630387
0.016762495040893555,0.13367421475529584
0.01676321029663086,0.1337472607742878
0.016765832901000977,0.13382030679327978
0.01676630973815918,0.13389335281227174
0.016767024993896484,0.13396639883126368
0.016769886016845703,0.13403944485025565
0.016769886016845703,0.13411249086924762
0.016771316528320312,0.1341855368882396
0.016772031784057617,0.13425858290723156
0.016774654388427734,0.13433162892622352
0.016776084899902344,0.1344046749452155
0.01677680015563965,0.13447772096420746
0.01677727699279785,0.13455076698319943
0.016778230667114258,0.13462381300219137
0.01677846908569336,0.13469685902118333
0.016778945922851562,0.1347699050401753
0.016779661178588867,0.13484295105916727
0.01677989959716797,0.13491599707815924
0.016781091690063477,0.1349890430971512
0.01678323745727539,0.13506208911614317
0.016786813735961914,0.13513513513513514
0.016788005828857422,0.1352081811541271
0.01678943634033203,0.13528122717311908
0.016789913177490234,0.13535427319211102
0.016793489456176758,0.135427319211103
0.016795635223388672,0.13550036523009495
0.016796588897705078,0.13557341124908692
0.016797304153442383,0.1356464572680789
0.016799211502075195,0.13571950328707086
0.0167999267578125,0.13579254930606283
0.016800642013549805,0.1358655953250548
0.016801834106445312,0.13593864134404676
0.016802072525024414,0.1360116873630387
0.016802072525024414,0.13608473338203067
0.01680469512939453,0.13615777940102264
0.01680588722229004,0.1362308254200146
0.016808748245239258,0.13630387143900657
0.01681065559387207,0.13637691745799854
0.01681065559387207,0.1364499634769905
0.016811847686767578,0.13652300949598248
0.01681232452392578,0.13659605551497445
0.016814708709716797,0.1366691015339664
0.0168154239654541,0.13674214755295835
0.016817331314086914,0.13681519357195032
0.01682281494140625,0.1368882395909423
0.016823291778564453,0.13696128560993426
0.016826629638671875,0.13703433162892623
0.016827106475830078,0.1371073776479182
0.016828298568725586,0.13718042366691016
0.016830921173095703,0.13725346968590213
0.016830921173095703,0.13732651570489407
0.016831398010253906,0.13739956172388604
0.016831398010253906,0.137472607742878
0.016834259033203125,0.13754565376186997
0.01683807373046875,0.13761869978086194
0.01683831214904785,0.1376917457998539
0.016839027404785156,0.13776479181884588
0.01683974266052246,0.13783783783783785
0.01684093475341797,0.1379108838568298
0.01684093475341797,0.13798392987582178
0.01684284210205078,0.13805697589481372
0.016847848892211914,0.1381300219138057
0.016854047775268555,0.13820306793279766
0.016856908798217773,0.13827611395178963
0.016857624053955078,0.1383491599707816
0.01685786247253418,0.13842220598977356
0.0168607234954834,0.13849525200876553
0.016862869262695312,0.1385682980277575
0.016863346099853516,0.13864134404674947
0.016865968704223633,0.1387143900657414
0.016866207122802734,0.13878743608473337
0.016867399215698242,0.13886048210372534
0.01687169075012207,0.1389335281227173
0.01687169075012207,0.13900657414170928
0.01687312126159668,0.13907962016070125
0.01687312126159668,0.1391526661796932
0.01687335968017578,0.13922571219868518
0.01687479019165039,0.13929875821767715
0.0168764591217041,0.1393718042366691
0.016877412796020508,0.13944485025566106
0.016881465911865234,0.13951789627465302
0.01688528060913086,0.139590942293645
0.01688671112060547,0.13966398831263696
0.01688861846923828,0.13973703433162893
0.01689314842224121,0.1398100803506209
0.016895771026611328,0.13988312636961286
0.01690053939819336,0.13995617238860483
0.016904115676879883,0.14002921840759677
0.01690530776977539,0.14010226442658874
0.016905546188354492,0.1401753104455807
0.0169064998626709,0.14024835646457268
0.016907691955566406,0.14032140248356464
0.01690959930419922,0.1403944485025566
0.016910076141357422,0.14046749452154858
0.016910076141357422,0.14054054054054055
0.016910791397094727,0.14061358655953252
0.01691150665283203,0.14068663257852448
0.016917943954467773,0.14075967859751642
0.016918182373046875,0.1408327246165084
0.016920804977416992,0.14090577063550036
0.016921043395996094,0.14097881665449233
0.016922712326049805,0.1410518626734843
0.01692342758178711,0.14112490869247626
0.016930103302001953,0.14119795471146823
0.016930103302001953,0.1412710007304602
0.016930580139160156,0.14134404674945217
0.016930580139160156,0.1414170927684441
0.016930580139160156,0.14149013878743608
0.016930818557739258,0.14156318480642804
0.016930818557739258,0.14163623082542
0.016931772232055664,0.14170927684441198
0.016931772232055664,0.14178232286340395
0.016933202743530273,0.14185536888239592
0.016933441162109375,0.14192841490138788
0.016936063766479492,0.14200146092037985
0.016936540603637695,0.1420745069393718
0.016939163208007812,0.14214755295836376
0.016942262649536133,0.14222059897735573
0.016943931579589844,0.1422936449963477
0.01694464683532715,0.14236669101533966
0.01694464683532715,0.14243973703433163
0.016945838928222656,0.1425127830533236
0.016950607299804688,0.14258582907231557
0.016951560974121094,0.14265887509130754
0.016952037811279297,0.14273192111029948
0.016953229904174805,0.14280496712929144
0.01695418357849121,0.1428780131482834
0.01695561408996582,0.14295105916727538
0.01695704460144043,0.14302410518626735
0.01695728302001953,0.14309715120525932
0.016957998275756836,0.14317019722425128
0.016958951950073242,0.14324324324324325
0.01695990562438965,0.14331628926223522
0.01696038246154785,0.14338933528122716
0.01696300506591797,0.14346238130021913
0.016964197158813477,0.1435354273192111
0.016964435577392578,0.14360847333820306
0.016965150833129883,0.14368151935719503
0.016968488693237305,0.143754565376187
0.016969919204711914,0.14382761139517897
0.016971826553344727,0.14390065741417093
0.01697254180908203,0.1439737034331629
0.016973257064819336,0.14404674945215487
0.016974687576293945,0.1441197954711468
0.01697540283203125,0.14419284149013878
0.016977310180664062,0.14426588750913075
0.016978740692138672,0.14433893352812271
0.016979217529296875,0.14441197954711468
0.016980409622192383,0.14448502556610665
0.016980648040771484,0.14455807158509862
0.016982078552246094,0.1446311176040906
0.0169827938079834,0.14470416362308255
0.016983747482299805,0.1447772096420745
0.016983747482299805,0.14485025566106646
0.016984224319458008,0.14492330168005843
0.01698470115661621,0.1449963476990504
0.01698470115661621,0.14506939371804237
0.016985654830932617,0.14514243973703433
0.016986370086669922,0.1452154857560263
0.016986846923828125,0.14528853177501827
0.01698780059814453,0.14536157779401024
0.016988039016723633,0.14543462381300218
0.016989946365356445,0.14550766983199415
0.016990184783935547,0.14558071585098611
0.016990184783935547,0.14565376186997808
0.016991376876831055,0.14572680788897005
0.016991615295410156,0.14579985390796202
0.016991615295410156,0.14587289992695399
0.016992568969726562,0.14594594594594595
0.016995668411254883,0.14601899196493792
0.01699686050415039,0.14609203798392986
0.016997098922729492,0.14616508400292183
0.016997098922729492,0.1462381300219138
0.016997814178466797,0.14631117604090577
0.0169980525970459,0.14638422205989773
0.016998291015625,0.1464572680788897
0.0169985294342041,0.14653031409788167
0.016998767852783203,0.14660336011687364
0.016999483108520508,0.1466764061358656
0.01699972152709961,0.14674945215485757
0.01700115203857422,0.1468224981738495
0.01700139045715332,0.14689554419284148
0.01700305938720703,0.14696859021183345
0.017003774642944336,0.14704163623082542
0.017006397247314453,0.14711468224981739
0.017006635665893555,0.14718772826880935
0.017006874084472656,0.14726077428780132
0.017008066177368164,0.1473338203067933
0.017008304595947266,0.14740686632578526
0.017009496688842773,0.1474799123447772
0.017010211944580078,0.14755295836376917
0.01701068878173828,0.14762600438276113
0.017011165618896484,0.1476990504017531
0.017011404037475586,0.14777209642074507
0.017012357711791992,0.14784514243973704
0.017012834548950195,0.147918188458729
0.017013072967529297,0.14799123447772097
0.0170135498046875,0.14806428049671294
0.0170137882232666,0.14813732651570488
0.017014265060424805,0.14821037253469685
0.01701521873474121,0.14828341855368882
0.017015933990478516,0.14835646457268079
0.017015933990478516,0.14842951059167275
0.017015933990478516,0.14850255661066472
0.01701641082763672,0.1485756026296567
0.01701831817626953,0.14864864864864866
0.01701831817626953,0.14872169466764062
0.01701831817626953,0.14879474068663257
0.017018795013427734,0.14886778670562453
0.017019987106323242,0.1489408327246165
0.017020463943481445,0.14901387874360847
0.01702094078063965,0.14908692476260044
0.01702141761779785,0.1491599707815924
0.01702404022216797,0.14923301680058437
0.017024993896484375,0.14930606281957634
0.01702570915222168,0.1493791088385683
0.01702570915222168,0.14945215485756028
0.017026662826538086,0.14952520087655222
0.017026901245117188,0.14959824689554418
0.01702713966369629,0.14967129291453615
0.01702737808227539,0.14974433893352812
0.017027616500854492,0.1498173849525201
0.017027854919433594,0.14989043097151206
0.017028093338012695,0.14996347699050402
0.01702880859375,0.150036523009496
0.017031192779541016,0.15010956902848796
0.01703190803527832,0.1501826150474799
0.017032146453857422,0.15025566106647187
0.017032623291015625,0.15032870708546384
0.017032861709594727,0.1504017531044558
0.017033100128173828,0.15047479912344777
0.01703333854675293,0.15054784514243974
0.01703333854675293,0.1506208911614317
0.01703333854675293,0.15069393718042368
0.017033815383911133,0.15076698319941564
0.017034053802490234,0.15084002921840758
0.017034292221069336,0.15091307523739955
0.01703500747680664,0.15098612125639152
0.01703500747680664,0.1510591672753835
0.017035484313964844,0.15113221329437546
0.01703667640686035,0.15120525931336742
0.017036914825439453,0.1512783053323594
0.01703786849975586,0.15135135135135136
0.017038822174072266,0.15142439737034333
0.017038822174072266,0.15149744338933527
0.01703929901123047,0.15157048940832724
0.017040014266967773,0.1516435354273192
0.017041444778442383,0.15171658144631117
0.017041683197021484,0.15178962746530314
0.017042160034179688,0.1518626734842951
0.017042160034179688,0.15193571950328708
0.01704239845275879,0.15200876552227904
0.01704549789428711,0.152081811541271
0.01704692840576172,0.15215485756026298
0.01704692840576172,0.15222790357925492
0.017049074172973633,0.1523009495982469
0.017049074172973633,0.15237399561723886
0.01705002784729004,0.15244704163623082
0.017050981521606445,0.1525200876552228
0.01705169677734375,0.15259313367421476
0.01705193519592285,0.15266617969320673
0.017052412033081055,0.1527392257121987
0.01705312728881836,0.15281227173119066
0.01705336570739746,0.1528853177501826
0.017055034637451172,0.15295836376917457
0.017055511474609375,0.15303140978816654
0.017055749893188477,0.1531044558071585
0.01705646514892578,0.15317750182615048
0.017056941986083984,0.15325054784514244
0.017056941986083984,0.1533235938641344
0.017057418823242188,0.15339663988312638
0.017057418823242188,0.15346968590211835
0.01705765724182129,0.1535427319211103
0.017058372497558594,0.15361577794010225
0.017058610916137695,0.15368882395909422
0.017059326171875,0.1537618699780862
0.017059326171875,0.15383491599707816
0.0170595645904541,0.15390796201607013
0.017059803009033203,0.1539810080350621
0.017060041427612305,0.15405405405405406
0.017060279846191406,0.15412710007304603
0.017060279846191406,0.15420014609203797
0.017060518264770508,0.15427319211102994
0.01706099510192871,0.1543462381300219
0.017061948776245117,0.15441928414901387
0.017062664031982422,0.15449233016800584
0.017062902450561523,0.1545653761869978
0.017062902450561523,0.15463842220598978
0.01706552505493164,0.15471146822498175
0.01706719398498535,0.15478451424397371
0.017067432403564453,0.15485756026296568
0.017069339752197266,0.15493060628195762
0.017070770263671875,0.1550036523009496
0.01707148551940918,0.15507669831994156
0.01707601547241211,0.15514974433893353
0.017076969146728516,0.1552227903579255
0.017077207565307617,0.15529583637691746
0.01707744598388672,0.15536888239590943
0.01707768440246582,0.1554419284149014
0.01707768440246582,0.15551497443389337
0.017078399658203125,0.1555880204528853
0.017078399658203125,0.15566106647187727
0.017078638076782227,0.15573411249086924
0.01707911491394043,0.1558071585098612
0.01707935333251953,0.15588020452885318
0.017079830169677734,0.15595325054784515
0.017081737518310547,0.1560262965668371
0.017081737518310547,0.15609934258582908
0.017081737518310547,0.15617238860482105
0.01708221435546875,0.156245434623813
0.017083168029785156,0.15631848064280496
0.01708388328552246,0.15639152666179693
0.017084598541259766,0.1564645726807889
0.017084836959838867,0.15653761869978086
0.017085552215576172,0.15661066471877283
0.017085790634155273,0.1566837107377648
0.01708698272705078,0.15675675675675677
0.017087459564208984,0.15682980277574873
0.017087697982788086,0.15690284879474067
0.017088651657104492,0.15697589481373264
0.017091751098632812,0.1570489408327246
0.017091989517211914,0.15712198685171658
0.01709294319152832,0.15719503287070855
0.01709294319152832,0.1572680788897005
0.017093896865844727,0.15734112490869248
0.01709437370300293,0.15741417092768445
0.01709461212158203,0.15748721694667642
0.017094850540161133,0.15756026296566836
0.017096281051635742,0.15763330898466033
0.01709723472595215,0.1577063550036523
0.017102956771850586,0.15777940102264426
0.01710343360900879,0.15785244704163623
0.017104625701904297,0.1579254930606282
0.0171053409576416,0.15799853907962016
0.017108678817749023,0.15807158509861213
0.017108917236328125,0.1581446311176041
0.017110109329223633,0.15821767713659607
0.017110586166381836,0.158290723155588
0.017110586166381836,0.15836376917457998
0.01711106300354004,0.15843681519357194
0.017111539840698242,0.1585098612125639
0.017115354537963867,0.15858290723155588
0.017116069793701172,0.15865595325054785
0.017116308212280273,0.15872899926953982
0.017116308212280273,0.15880204528853178
0.017116546630859375,0.15887509130752375
0.017116785049438477,0.1589481373265157
0.01711750030517578,0.15902118334550766
0.01711869239807129,0.15909422936449963
0.017119407653808594,0.1591672753834916
0.017119646072387695,0.15924032140248356
0.01712203025817871,0.15931336742147553
0.017122745513916016,0.1593864134404675
0.01712512969970703,0.15945945945945947
0.01712775230407715,0.15953250547845144
0.01712822914123535,0.15960555149744338
0.017130613327026367,0.15967859751643534
0.017130613327026367,0.1597516435354273
0.01713252067565918,0.15982468955441928
0.017132997512817383,0.15989773557341125
0.017133712768554688,0.15997078159240322
0.017133712768554688,0.16004382761139518
0.017133712768554688,0.16011687363038715
0.017134428024291992,0.16018991964937912
0.0171356201171875,0.16026296566837106
0.0171356201171875,0.16033601168736303
0.01713728904724121,0.160409057706355
0.01713728904724121,0.16048210372534696
0.017137527465820312,0.16055514974433893
0.017137765884399414,0.1606281957633309
0.017139911651611328,0.16070124178232287
0.01714015007019043,0.16077428780131484
0.017141342163085938,0.1608473338203068
0.017142772674560547,0.16092037983929877
0.017143964767456055,0.1609934258582907
0.017145872116088867,0.16106647187728268
0.01714611053466797,0.16113951789627465
0.017146587371826172,0.16121256391526662
0.017147064208984375,0.16128560993425858
0.017147064208984375,0.16135865595325055
0.017147302627563477,0.16143170197224252
0.01714777946472168,0.1615047479912345
0.01714801788330078,0.16157779401022646
0.017148494720458984,0.1616508400292184
0.017149686813354492,0.16172388604821036
0.01715230941772461,0.16179693206720233
0.017152786254882812,0.1618699780861943
0.017153263092041016,0.16194302410518627
0.017155885696411133,0.16201607012417824
0.017156362533569336,0.1620891161431702
0.017157554626464844,0.16216216216216217
0.017158031463623047,0.16223520818115414
0.017159700393676758,0.16230825420014608
0.017159700393676758,0.16238130021913805
0.017161846160888672,0.16245434623813002
0.017162084579467773,0.16252739225712198
0.017162561416625977,0.16260043827611395
0.017164230346679688,0.16267348429510592
0.017164945602416992,0.1627465303140979
0.017165184020996094,0.16281957633308985
0.0171658992767334,0.16289262235208182
0.0171663761138916,0.16296566837107376
0.017168045043945312,0.16303871439006573
0.01716899871826172,0.1631117604090577
0.01717066764831543,0.16318480642804967
0.01717066764831543,0.16325785244704163
0.017171144485473633,0.1633308984660336
0.017171144485473633,0.16340394448502557
0.017171859741210938,0.16347699050401754
0.01717209815979004,0.1635500365230095
0.017172574996948242,0.16362308254200147
0.017174482345581055,0.16369612856099341
0.01717543601989746,0.16376917457998538
0.017179012298583984,0.16384222059897735
0.01717972755432129,0.16391526661796932
0.0171816349029541,0.1639883126369613
0.0171816349029541,0.16406135865595325
0.017185211181640625,0.16413440467494522
0.017185688018798828,0.1642074506939372
0.017185688018798828,0.16428049671292916
0.017186641693115234,0.1643535427319211
0.017187118530273438,0.16442658875091307
0.01718926429748535,0.16449963476990503
0.017190217971801758,0.164572680788897
0.017192840576171875,0.16464572680788897
0.017194032669067383,0.16471877282688094
0.017194271087646484,0.1647918188458729
0.017195463180541992,0.16486486486486487
0.017197370529174805,0.16493791088385684
0.017198562622070312,0.16501095690284878
0.017200946807861328,0.16508400292184075
0.01720118522644043,0.16515704894083272
0.01720142364501953,0.16523009495982469
0.017201662063598633,0.16530314097881665
0.01720285415649414,0.16537618699780862
0.01720428466796875,0.1654492330168006
0.017206192016601562,0.16552227903579256
0.017207860946655273,0.16559532505478453
0.017209529876708984,0.16566837107377647
0.0172116756439209,0.16574141709276843
0.0172121524810791,0.1658144631117604
0.017214536666870117,0.16588750913075237
0.01721644401550293,0.16596055514974434
0.017217636108398438,0.1660336011687363
0.01721787452697754,0.16610664718772827
0.017222166061401367,0.16617969320672024
0.017223119735717773,0.1662527392257122
0.017223358154296875,0.16632578524470418
0.017223596572875977,0.16639883126369612
0.01722407341003418,0.16647187728268809
0.017225980758666992,0.16654492330168005
0.0172274112701416,0.16661796932067202
0.017227888107299805,0.166691015339664
0.01723003387451172,0.16676406135865596
0.01723194122314453,0.16683710737764793
0.017232894897460938,0.1669101533966399
0.01723337173461914,0.16698319941563186
0.017233848571777344,0.1670562454346238
0.017235755920410156,0.16712929145361577
0.01723623275756836,0.16720233747260774
0.017238855361938477,0.1672753834915997
0.017238855361938477,0.16734842951059167
0.017243385314941406,0.16742147552958364
0.01724529266357422,0.1674945215485756
0.01724720001220703,0.16756756756756758
0.017248153686523438,0.16764061358655954
0.017248868942260742,0.16771365960555148
0.017252206802368164,0.16778670562454345
0.017253398895263672,0.16785975164353542
0.017261981964111328,0.1679327976625274
0.01726245880126953,0.16800584368151936
0.01726245880126953,0.16807888970051132
0.01726531982421875,0.1681519357195033
0.01726675033569336,0.16822498173849526
0.017271757125854492,0.16829802775748723
0.017272233963012695,0.16837107377647917
0.01727294921875,0.16844411979547114
0.01727581024169922,0.1685171658144631
0.017277002334594727,0.16859021183345507
0.017277240753173828,0.16866325785244704
0.017281055450439453,0.168736303871439
0.017282485961914062,0.16880934989043098
0.017282962799072266,0.16888239590942294
0.017283916473388672,0.1689554419284149
0.017284393310546875,0.16902848794740685
0.017284631729125977,0.16910153396639882
0.01728677749633789,0.1691745799853908
0.01728677749633789,0.16924762600438276
0.0172879695892334,0.16932067202337472
0.0172882080078125,0.1693937180423667
0.017294883728027344,0.16946676406135866
0.017295360565185547,0.16953981008035063
0.017296791076660156,0.1696128560993426
0.01729750633239746,0.16968590211833456
0.01730060577392578,0.1697589481373265
0.01730179786682129,0.16983199415631847
0.01730179786682129,0.16990504017531044
0.017302513122558594,0.1699780861943024
0.017304658889770508,0.17005113221329438
0.017306089401245117,0.17012417823228634
0.01730966567993164,0.1701972242512783
0.017312288284301758,0.17027027027027028
0.017312288284301758,0.17034331628926225
0.017312288284301758,0.1704163623082542
0.017313003540039062,0.17048940832724616
0.017313003540039062,0.17056245434623812
0.017313480377197266,0.1706355003652301
0.017313718795776367,0.17070854638422206
0.017315149307250977,0.17078159240321403
0.017315387725830078,0.170854638422206
0.01731729507446289,0.17092768444119796
0.0173187255859375,0.17100073046018993
0.017321109771728516,0.17107377647918187
0.017322063446044922,0.17114682249817384
0.01732349395751953,0.1712198685171658
0.017325162887573242,0.17129291453615778
0.017327308654785156,0.17136596055514974
0.01732802391052246,0.1714390065741417
0.017329931259155273,0.17151205259313368
0.01733088493347168,0.17158509861212565
0.017331838607788086,0.17165814463111762
0.017331838607788086,0.17173119065010956
0.01733231544494629,0.17180423666910152
0.017336606979370117,0.1718772826880935
0.017339468002319336,0.17195032870708546
0.01734018325805664,0.17202337472607743
0.01734185218811035,0.1720964207450694
0.017343997955322266,0.17216946676406136
0.01734471321105957,0.17224251278305333
0.017344951629638672,0.1723155588020453
0.017345190048217773,0.17238860482103727
0.01734614372253418,0.1724616508400292
0.017348766326904297,0.17253469685902117
0.0173490047454834,0.17260774287801314
0.017350435256958008,0.1726807888970051
0.017354249954223633,0.17275383491599708
0.01735687255859375,0.17282688093498905
0.017358064651489258,0.17289992695398101
0.017359256744384766,0.17297297297297298
0.01735997200012207,0.17304601899196495
0.01736140251159668,0.1731190650109569
0.01736283302307129,0.17319211102994886
0.01736283302307129,0.17326515704894083
0.01736307144165039,0.1733382030679328
0.01736593246459961,0.17341124908692476
0.01736760139465332,0.17348429510591673
0.017367839813232422,0.1735573411249087
0.017368555068969727,0.17363038714390067
0.017371177673339844,0.17370343316289263
0.01737213134765625,0.17377647918188457
0.01737236976623535,0.17384952520087654
0.01737809181213379,0.1739225712198685
0.017379283905029297,0.17399561723886048
0.017380714416503906,0.17406866325785245
0.017383337020874023,0.17414170927684441
0.017385482788085938,0.17421475529583638
0.017389774322509766,0.17428780131482835
0.017392396926879883,0.17436084733382032
0.017392873764038086,0.17443389335281226
0.01739358901977539,0.17450693937180423
0.017394542694091797,0.1745799853907962
0.017395734786987305,0.17465303140978816
0.017398595809936523,0.17472607742878013
0.01739954948425293,0.1747991234477721
0.017400264739990234,0.17487216946676407
0.01740241050720215,0.17494521548575603
0.017403602600097656,0.175018261504748
0.017404556274414062,0.17509130752373997
0.017405271530151367,0.1751643535427319
0.01740574836730957,0.17523739956172388
0.017415523529052734,0.17531044558071585
0.017418384552001953,0.1753834915997078
0.017421245574951172,0.17545653761869978
0.017421960830688477,0.17552958363769175
0.017425060272216797,0.17560262965668372
0.017426729202270508,0.17567567567567569
0.017432212829589844,0.17574872169466765
0.017432451248168945,0.1758217677136596
0.017433643341064453,0.17589481373265156
0.017433643341064453,0.17596785975164353
0.017434358596801758,0.1760409057706355
0.017435312271118164,0.17611395178962747
0.01743602752685547,0.17618699780861943
0.017436742782592773,0.1762600438276114
0.017436981201171875,0.17633308984660337
0.017438650131225586,0.17640613586559534
0.0174407958984375,0.17647918188458728
0.01744246482849121,0.17655222790357925
0.01744532585144043,0.1766252739225712
0.017446041107177734,0.17669831994156318
0.017447710037231445,0.17677136596055515
0.01745152473449707,0.17684441197954712
0.017453670501708984,0.17691745799853908
0.017453670501708984,0.17699050401753105
0.017453670501708984,0.17706355003652302
0.017454862594604492,0.17713659605551496
0.017455577850341797,0.17720964207450693
0.01745891571044922,0.1772826880934989
0.017459869384765625,0.17735573411249086
0.01746082305908203,0.17742878013148283
0.017463207244873047,0.1775018261504748
0.01746511459350586,0.17757487216946677
0.017470121383666992,0.17764791818845874
0.017472267150878906,0.1777209642074507
0.01747274398803711,0.17779401022644267
0.01747298240661621,0.1778670562454346
0.017478227615356445,0.17794010226442658
0.01747918128967285,0.17801314828341855
0.017479419708251953,0.17808619430241052
0.017481088638305664,0.17815924032140248
0.017481327056884766,0.17823228634039445
0.017481565475463867,0.17830533235938642
0.017482280731201172,0.1783783783783784
0.017482757568359375,0.17845142439737036
0.01748371124267578,0.1785244704163623
0.017483949661254883,0.17859751643535426
0.017484188079833984,0.17867056245434623
0.017484188079833984,0.1787436084733382
0.017484664916992188,0.17881665449233017
0.017486095428466797,0.17888970051132214
0.0174863338470459,0.1789627465303141
0.017490863800048828,0.17903579254930607
0.017492055892944336,0.17910883856829804
0.017492055892944336,0.17918188458728998
0.01749396324157715,0.17925493060628195
0.017494678497314453,0.17932797662527392
0.017496824264526367,0.17940102264426588
0.017497539520263672,0.17947406866325785
0.017497539520263672,0.17954711468224982
0.017497539520263672,0.1796201607012418
0.017498493194580078,0.17969320672023376
0.01750016212463379,0.17976625273922572
0.01750040054321289,0.17983929875821766
0.0175018310546875,0.17991234477720963
0.01750349998474121,0.1799853907962016
0.017503738403320312,0.18005843681519357
0.017503976821899414,0.18013148283418554
0.01750469207763672,0.1802045288531775
0.017507314682006836,0.18027757487216947
0.01750779151916504,0.18035062089116144
0.01750946044921875,0.1804236669101534
0.017512083053588867,0.18049671292914538
0.017514705657958984,0.18056975894813732
0.017515897750854492,0.18064280496712928
0.017516613006591797,0.18071585098612125
0.01751708984375,0.18078889700511322
0.0175173282623291,0.1808619430241052
0.017519712448120117,0.18093498904309716
0.017519712448120117,0.18100803506208912
0.017520427703857422,0.1810810810810811
0.017520427703857422,0.18115412710007306
0.017520666122436523,0.181227173119065
0.017523527145385742,0.18130021913805697
0.017525672912597656,0.18137326515704894
0.017525911331176758,0.1814463111760409
0.01752614974975586,0.18151935719503287
0.01752638816833496,0.18159240321402484
0.01752781867980957,0.1816654492330168
0.017529010772705078,0.18173849525200877
0.017529726028442383,0.18181154127100074
0.0175321102142334,0.18188458728999268
0.017533540725708008,0.18195763330898465
0.017534971237182617,0.18203067932797662
0.01753711700439453,0.1821037253469686
0.017539262771606445,0.18217677136596055
0.017540931701660156,0.18224981738495252
0.017542123794555664,0.1823228634039445
0.017542362213134766,0.18239590942293646
0.017542600631713867,0.18246895544192843
0.017543315887451172,0.18254200146092037
0.017545223236083984,0.18261504747991233
0.017545461654663086,0.1826880934989043
0.017548322677612305,0.18276113951789627
0.017548561096191406,0.18283418553688824
0.017549991607666016,0.1829072315558802
0.01755237579345703,0.18298027757487217
0.017556190490722656,0.18305332359386414
0.017557859420776367,0.1831263696128561
0.01755809783935547,0.18319941563184805
0.0175626277923584,0.18327246165084002
0.0175628662109375,0.183345507669832
0.017566442489624023,0.18341855368882395
0.01756763458251953,0.18349159970781592
0.017567873001098633,0.1835646457268079
0.017568349838256836,0.18363769174579986
0.017576217651367188,0.18371073776479183
0.01757979393005371,0.1837837837837838
0.017580509185791016,0.18385682980277576
0.01758265495300293,0.1839298758217677
0.017583370208740234,0.18400292184075967
0.017583847045898438,0.18407596785975164
0.017587661743164062,0.1841490138787436
0.01758885383605957,0.18422205989773557
0.01759195327758789,0.18429510591672754
0.01759624481201172,0.1843681519357195
0.017596721649169922,0.18444119795471148
0.017597675323486328,0.18451424397370345
0.01760101318359375,0.18458728999269539
0.01760125160217285,0.18466033601168735
0.01760125160217285,0.18473338203067932
0.017604351043701172,0.1848064280496713
0.01760721206665039,0.18487947406866326
0.01761174201965332,0.18495252008765523
0.01761174201965332,0.1850255661066472
0.017611980438232422,0.18509861212563916
0.017611980438232422,0.18517165814463113
0.017615079879760742,0.18524470416362307
0.01761603355407715,0.18531775018261504
0.01761627197265625,0.185390796201607
0.017621755599975586,0.18546384222059897
0.017623186111450195,0.18553688823959094
0.017624855041503906,0.1856099342585829
0.017626285552978516,0.18568298027757488
0.01762700080871582,0.18575602629656685
0.017627716064453125,0.1858290723155588
0.01763010025024414,0.18590211833455075
0.01763010025024414,0.18597516435354272
0.017630577087402344,0.1860482103725347
0.017630577087402344,0.18612125639152666
0.01763319969177246,0.18619430241051863
0.01763463020324707,0.1862673484295106
0.01763629913330078,0.18634039444850256
0.017638206481933594,0.18641344046749453
0.01764225959777832,0.1864864864864865
0.017644405364990234,0.18655953250547846
0.017647743225097656,0.1866325785244704
0.017647981643676758,0.18670562454346237
0.017658233642578125,0.18677867056245434
0.017658710479736328,0.1868517165814463
0.017661333084106445,0.18692476260043828
0.017663002014160156,0.18699780861943024
0.01766347885131836,0.1870708546384222
0.017668962478637695,0.18714390065741418
0.017670631408691406,0.18721694667640615
0.017670869827270508,0.1872899926953981
0.017673730850219727,0.18736303871439006
0.017676591873168945,0.18743608473338202
0.017677783966064453,0.187509130752374
0.017681360244750977,0.18758217677136596
0.017682313919067383,0.18765522279035793
0.017690658569335938,0.1877282688093499
0.01769399642944336,0.18780131482834186
0.017701148986816406,0.18787436084733383
0.017703533172607422,0.18794740686632577
0.017707347869873047,0.18802045288531774
0.01770758628845215,0.1880934989043097
0.017708301544189453,0.18816654492330168
0.017708301544189453,0.18823959094229364
0.017714977264404297,0.1883126369612856
0.017719030380249023,0.18838568298027758
0.017729997634887695,0.18845872899926955
0.017729997634887695,0.18853177501826152
0.017729997634887695,0.18860482103725346
0.017731189727783203,0.18867786705624542
0.017733335494995117,0.1887509130752374
0.017737150192260742,0.18882395909422936
0.017737627029418945,0.18889700511322133
0.017746686935424805,0.1889700511322133
0.01774740219116211,0.18904309715120526
0.017749786376953125,0.18911614317019723
0.017750024795532227,0.1891891891891892
0.01775074005126953,0.18926223520818117
0.017751455307006836,0.1893352812271731
0.017751693725585938,0.18940832724616508
0.017754316329956055,0.18948137326515704
0.017754554748535156,0.189554419284149
0.017759084701538086,0.18962746530314098
0.017759323120117188,0.18970051132213295
0.017763853073120117,0.18977355734112492
0.017763853073120117,0.18984660336011688
0.01777029037475586,0.18991964937910885
0.01777338981628418,0.1899926953981008
0.017774581909179688,0.19006574141709276
0.017776012420654297,0.19013878743608473
0.017777442932128906,0.1902118334550767
0.017780065536499023,0.19028487947406866
0.017781496047973633,0.19035792549306063
0.017781734466552734,0.1904309715120526
0.01778554916381836,0.19050401753104457
0.01778578758239746,0.19057706355003654
0.017791271209716797,0.19065010956902848
0.017795562744140625,0.19072315558802044
0.01779770851135254,0.1907962016070124
0.017798662185668945,0.19086924762600438
0.01779913902282715,0.19094229364499635
0.017801284790039062,0.19101533966398831
0.017805814743041992,0.19108838568298028
0.017807960510253906,0.19116143170197225
0.01781153678894043,0.19123447772096422
0.017812728881835938,0.19130752373995616
0.01781749725341797,0.19138056975894813
0.017818689346313477,0.1914536157779401
0.017822980880737305,0.19152666179693206
0.017823219299316406,0.19159970781592403
0.01782369613647461,0.191672753834916
0.017828941345214844,0.19174579985390797
0.017830371856689453,0.19181884587289993
0.017832517623901367,0.1918918918918919
0.017844676971435547,0.19196493791088387
0.017845869064331055,0.1920379839298758
0.01784992218017578,0.19211102994886778
0.01785731315612793,0.19218407596785975
0.017858028411865234,0.19225712198685171
0.017858266830444336,0.19233016800584368
0.017861604690551758,0.19240321402483565
0.01786327362060547,0.19247626004382762
0.017864227294921875,0.1925493060628196
0.017865896224975586,0.19262235208181155
0.01787400245666504,0.1926953981008035
0.01788163185119629,0.19276844411979546
0.01788187026977539,0.19284149013878743
0.017889022827148438,0.1929145361577794
0.017894983291625977,0.19298758217677137
0.017902374267578125,0.19306062819576333
0.017905473709106445,0.1931336742147553
0.017919063568115234,0.19320672023374727
0.017919301986694336,0.19327976625273924
0.01792001724243164,0.19335281227173118
0.017920255661010742,0.19342585829072315
0.017923355102539062,0.19349890430971511
0.017939329147338867,0.19357195032870708
0.017940759658813477,0.19364499634769905
0.017943382263183594,0.19371804236669102
0.017943382263183594,0.19379108838568299
0.017945051193237305,0.19386413440467495
0.01795220375061035,0.19393718042366692
0.017952919006347656,0.19401022644265886
0.017965078353881836,0.19408327246165083
0.01796698570251465,0.1941563184806428
0.017971277236938477,0.19422936449963477
0.01797175407409668,0.19430241051862673
0.017981529235839844,0.1943754565376187
0.01798272132873535,0.19444850255661067
0.01799154281616211,0.19452154857560264
0.01799154281616211,0.1945945945945946
0.017995119094848633,0.19466764061358657
0.017997026443481445,0.1947406866325785
0.01800680160522461,0.19481373265157048
0.01800680160522461,0.19488677867056245
0.01800704002380371,0.19495982468955442
0.018018007278442383,0.19503287070854639
0.018019437789916992,0.19510591672753835
0.018023967742919922,0.19517896274653032
0.018027305603027344,0.1952520087655223
0.01803135871887207,0.19532505478451426
0.018042325973510742,0.1953981008035062
0.0180513858795166,0.19547114682249817
0.0180513858795166,0.19554419284149013
0.018068790435791016,0.1956172388604821
0.018076181411743164,0.19569028487947407
0.018079280853271484,0.19576333089846604
0.018079757690429688,0.195836376917458
0.018080949783325195,0.19590942293644997
0.018086671829223633,0.19598246895544194
0.018094539642333984,0.19605551497443388
0.018112897872924805,0.19612856099342585
0.01811385154724121,0.19620160701241782
0.01812291145324707,0.19627465303140978
0.018142223358154297,0.19634769905040175
0.018153905868530273,0.19642074506939372
0.01819443702697754,0.1964937910883857
0.01820206642150879,0.19656683710737766
0.018219947814941406,0.19663988312636962
0.018227815628051758,0.19671292914536156
0.018228530883789062,0.19678597516435353
0.01824355125427246,0.1968590211833455
0.018252134323120117,0.19693206720233747
0.01825428009033203,0.19700511322132944
0.01825737953186035,0.1970781592403214
0.018257856369018555,0.19715120525931337
0.01826643943786621,0.19722425127830534
0.01826953887939453,0.1972972972972973
0.01828145980834961,0.19737034331628925
0.018284320831298828,0.19744338933528122
0.018288850784301758,0.19751643535427318
0.018289804458618164,0.19758948137326515
0.01830458641052246,0.19766252739225712
0.01830911636352539,0.1977355734112491
0.018314361572265625,0.19780861943024106
0.018314838409423828,0.19788166544923302
0.018325090408325195,0.197954711468225
0.018336057662963867,0.19802775748721696
0.01833796501159668,0.1981008035062089
0.01837301254272461,0.19817384952520087
0.01837754249572754,0.19824689554419284
0.01838994026184082,0.1983199415631848
0.018390893936157227,0.19839298758217677
0.018466949462890625,0.19846603360116874
0.01851058006286621,0.1985390796201607
0.0185239315032959,0.19861212563915268
0.01856088638305664,0.19868517165814464
0.018570661544799805,0.19875821767713658
0.01857447624206543,0.19883126369612855
0.01858234405517578,0.19890430971512052
0.018584251403808594,0.1989773557341125
0.018594741821289062,0.19905040175310446
0.018599510192871094,0.19912344777209642
0.018604040145874023,0.1991964937910884
0.018616676330566406,0.19926953981008036
0.018636703491210938,0.19934258582907233
0.018639564514160156,0.19941563184806427
0.01866626739501953,0.19948867786705624
0.01867508888244629,0.1995617238860482
0.01867842674255371,0.19963476990504017
0.018679141998291016,0.19970781592403214
0.0186917781829834,0.1997808619430241
0.018698692321777344,0.19985390796201608
0.01871657371520996,0.19992695398100804
0.018726587295532227,0.2
0.01873016357421875,0.20007304601899195
0.018730878829956055,0.20014609203798392
0.01873159408569336,0.2002191380569759
0.01873302459716797,0.20029218407596786
0.01873469352722168,0.20036523009495982
0.01873922348022461,0.2004382761139518
0.018742084503173828,0.20051132213294376
0.018748044967651367,0.20058436815193573
0.018761157989501953,0.2006574141709277
0.01876378059387207,0.20073046018991966
0.018765687942504883,0.2008035062089116
0.018774986267089844,0.20087655222790357
0.01880788803100586,0.20094959824689554
0.018808841705322266,0.2010226442658875
0.018815040588378906,0.20109569028487947
0.01881551742553711,0.20116873630387144
0.018817424774169922,0.2012417823228634
0.018821239471435547,0.20131482834185538
0.018823862075805664,0.20138787436084735
0.0188291072845459,0.2014609203798393
0.018838882446289062,0.20153396639883125
0.018839597702026367,0.20160701241782322
0.018840312957763672,0.2016800584368152
0.0188448429107666,0.20175310445580716
0.018865346908569336,0.20182615047479913
0.018866777420043945,0.2018991964937911
0.01886773109436035,0.20197224251278306
0.018867969512939453,0.20204528853177503
0.018869876861572266,0.20211833455076697
0.018888473510742188,0.20219138056975894
0.01889491081237793,0.2022644265887509
0.018906831741333008,0.20233747260774287
0.018912076950073242,0.20241051862673484
0.018913745880126953,0.2024835646457268
0.018918991088867188,0.20255661066471878
0.01891946792602539,0.20262965668371075
0.018919706344604492,0.20270270270270271
0.018920183181762695,0.20277574872169465
0.018920421600341797,0.20284879474068662
0.018924236297607422,0.2029218407596786
0.018924951553344727,0.20299488677867056
0.018924951553344727,0.20306793279766253
0.018924951553344727,0.2031409788166545
0.018930435180664062,0.20321402483564646
0.01893472671508789,0.20328707085463843
0.018935203552246094,0.2033601168736304
0.018935441970825195,0.20343316289262237
0.018935680389404297,0.2035062089116143
0.01894521713256836,0.20357925493060627
0.018947362899780273,0.20365230094959824
0.018951892852783203,0.2037253469685902
0.018956422805786133,0.20379839298758218
0.018960952758789062,0.20387143900657415
0.01896524429321289,0.2039444850255661
0.018970727920532227,0.20401753104455808
0.018971681594848633,0.20409057706355005
0.018972396850585938,0.204163623082542
0.018977880477905273,0.20423666910153396
0.018980026245117188,0.20430971512052593
0.018981218338012695,0.2043827611395179
0.01898479461669922,0.20445580715850986
0.018987655639648438,0.20452885317750183
0.0189974308013916,0.2046018991964938
0.01900005340576172,0.20467494521548577
0.019003629684448242,0.20474799123447773
0.0190122127532959,0.20482103725346967
0.019018173217773438,0.20489408327246164
0.019018888473510742,0.2049671292914536
0.01902461051940918,0.20504017531044558
0.019025087356567383,0.20511322132943755
0.019025564193725586,0.2051862673484295
0.019027233123779297,0.20525931336742148
0.019042015075683594,0.20533235938641345
0.019049406051635742,0.20540540540540542
0.019049644470214844,0.20547845142439736
0.019051790237426758,0.20555149744338932
0.019074678421020508,0.2056245434623813
0.019090652465820312,0.20569758948137326
0.01909470558166504,0.20577063550036523
0.01909947395324707,0.2058436815193572
0.019103050231933594,0.20591672753834916
0.01910543441772461,0.20598977355734113
0.019106149673461914,0.2060628195763331
0.01911187171936035,0.20613586559532507
0.01911759376525879,0.206208911614317
0.01911783218383789,0.20628195763330898
0.019120454788208008,0.20635500365230094
0.01913928985595703,0.2064280496712929
0.019148588180541992,0.20650109569028488
0.019150972366333008,0.20657414170927685
0.01915287971496582,0.20664718772826882
0.019158363342285156,0.20672023374726078
0.01916813850402832,0.20679327976625275
0.019170761108398438,0.2068663257852447
0.019177675247192383,0.20693937180423666
0.01918339729309082,0.20701241782322863
0.019190311431884766,0.2070854638422206
0.01919078826904297,0.20715850986121256
0.019191265106201172,0.20723155588020453
0.019191980361938477,0.2073046018991965
0.01919269561767578,0.20737764791818847
0.019194364547729492,0.20745069393718044
0.01920175552368164,0.20752373995617238
0.019205570220947266,0.20759678597516434
0.01920771598815918,0.2076698319941563
0.01920914649963379,0.20774287801314828
0.019211292266845703,0.20781592403214025
0.019213438034057617,0.20788897005113222
0.019214391708374023,0.20796201607012418
0.019214630126953125,0.20803506208911615
0.019215106964111328,0.20810810810810812
0.01921844482421875,0.20818115412710006
0.019220352172851562,0.20825420014609203
0.01922130584716797,0.208327246165084
0.01922130584716797,0.20840029218407596
0.01922297477722168,0.20847333820306793
0.019223451614379883,0.2085463842220599
0.019224166870117188,0.20861943024105187
0.019225120544433594,0.20869247626004384
0.019225597381591797,0.2087655222790358
0.019226551055908203,0.20883856829802777
0.019227266311645508,0.2089116143170197
0.019227981567382812,0.20898466033601168
0.019228458404541016,0.20905770635500365
0.019230365753173828,0.20913075237399562
0.019230365753173828,0.20920379839298758
0.01923084259033203,0.20927684441197955
0.019231796264648438,0.20934989043097152
0.019232511520385742,0.2094229364499635
0.01923656463623047,0.20949598246895546
0.01923966407775879,0.2095690284879474
0.01923966407775879,0.20964207450693936
0.019242286682128906,0.20971512052593133
0.019247055053710938,0.2097881665449233
0.019250869750976562,0.20986121256391527
0.019254446029663086,0.20993425858290723
0.019254684448242188,0.2100073046018992
0.019255876541137695,0.21008035062089117
0.019261837005615234,0.21015339663988314
0.019261837005615234,0.21022644265887508
0.019262075424194336,0.21029948867786705
0.019263267517089844,0.21037253469685901
0.019264936447143555,0.21044558071585098
0.019266605377197266,0.21051862673484295
0.01926708221435547,0.21059167275383492
0.01926708221435547,0.2106647187728269
0.01926732063293457,0.21073776479181885
0.019270896911621094,0.21081081081081082
0.0192718505859375,0.21088385682980276
0.019275426864624023,0.21095690284879473
0.01927781105041504,0.2110299488677867
0.019278287887573242,0.21110299488677867
0.019278764724731445,0.21117604090577063
0.019280195236206055,0.2112490869247626
0.019284963607788086,0.21132213294375457
0.01928544044494629,0.21139517896274654
0.019291400909423828,0.2114682249817385
0.01929306983947754,0.21154127100073045
0.01929450035095215,0.21161431701972241
0.019299745559692383,0.21168736303871438
0.019301652908325195,0.21176040905770635
0.0193021297454834,0.21183345507669832
0.0193026065826416,0.2119065010956903
0.0193026065826416,0.21197954711468225
0.019303560256958008,0.21205259313367422
0.01930403709411621,0.2121256391526662
0.01930689811706543,0.21219868517165816
0.01930999755859375,0.2122717311906501
0.01931023597717285,0.21234477720964207
0.019318342208862305,0.21241782322863403
0.019321680068969727,0.212490869247626
0.019321918487548828,0.21256391526661797
0.01932239532470703,0.21263696128560994
0.01932382583618164,0.2127100073046019
0.019326448440551758,0.21278305332359387
0.01932692527770996,0.21285609934258584
0.019327640533447266,0.21292914536157778
0.019329309463500977,0.21300219138056975
0.01932978630065918,0.21307523739956172
0.019330263137817383,0.21314828341855369
0.0193326473236084,0.21322132943754565
0.019334793090820312,0.21329437545653762
0.01933574676513672,0.2133674214755296
0.01933741569519043,0.21344046749452156
0.019338607788085938,0.21351351351351353
0.01933908462524414,0.21358655953250547
0.019339561462402344,0.21365960555149743
0.01934027671813965,0.2137326515704894
0.019341707229614258,0.21380569758948137
0.01934218406677246,0.21387874360847334
0.01934337615966797,0.2139517896274653
0.019344806671142578,0.21402483564645727
0.019347190856933594,0.21409788166544924
0.0193483829498291,0.2141709276844412
0.019350051879882812,0.21424397370343315
0.019350528717041016,0.21431701972242512
0.019352436065673828,0.21439006574141709
0.01935410499572754,0.21446311176040905
0.01935553550720215,0.21453615777940102
0.01935577392578125,0.214609203798393
0.019359350204467773,0.21468224981738496
0.019362688064575195,0.21475529583637692
0.0193631649017334,0.2148283418553689
0.0193634033203125,0.21490138787436086
0.019366741180419922,0.2149744338933528
0.019368410110473633,0.21504747991234477
0.01937127113342285,0.21512052593133674
0.019371986389160156,0.2151935719503287
0.019376754760742188,0.21526661796932067
0.0193784236907959,0.21533966398831264
0.019379854202270508,0.2154127100073046
0.019381046295166016,0.21548575602629658
0.019381999969482422,0.21555880204528854
0.019387483596801758,0.21563184806428048
0.01938796043395996,0.21570489408327245
0.019388437271118164,0.21577794010226442
0.019391298294067383,0.2158509861212564
0.019392728805541992,0.21592403214024836
0.019393205642700195,0.21599707815924032
0.0193936824798584,0.2160701241782323
0.0193939208984375,0.21614317019722426
0.0193941593170166,0.21621621621621623
0.019394636154174805,0.21628926223520817
0.019396066665649414,0.21636230825420014
0.01940178871154785,0.2164353542731921
0.01940298080444336,0.21650840029218407
0.01940321922302246,0.21658144631117604
0.01940631866455078,0.216654492330168
0.019410133361816406,0.21672753834915998
0.019412517547607422,0.21680058436815194
0.01941370964050293,0.2168736303871439
0.019414186477661133,0.21694667640613585
0.019414901733398438,0.21701972242512782
0.019418716430664062,0.2170927684441198
0.01941967010498047,0.21716581446311176
0.019420385360717773,0.21723886048210372
0.01942157745361328,0.2173119065010957
0.019422531127929688,0.21738495252008766
0.019423723220825195,0.21745799853907963
0.0194242000579834,0.2175310445580716
0.0194244384765625,0.21760409057706356
0.019425392150878906,0.2176771365960555
0.019426822662353516,0.21775018261504747
0.019427061080932617,0.21782322863403944
0.019428014755249023,0.2178962746530314
0.019428730010986328,0.21796932067202338
0.019430160522460938,0.21804236669101534
0.019432783126831055,0.2181154127100073
0.019437074661254883,0.21818845872899928
0.019438505172729492,0.21826150474799125
0.0194399356842041,0.2183345507669832
0.01944589614868164,0.21840759678597516
0.01944756507873535,0.21848064280496712
0.01944875717163086,0.2185536888239591
0.019451141357421875,0.21862673484295106
0.019451379776000977,0.21869978086194303
0.019455909729003906,0.218772826880935
0.019458293914794922,0.21884587289992696
0.019459009170532227,0.21891891891891893
0.01946282386779785,0.21899196493791087
0.019463777542114258,0.21906501095690284
0.019465923309326172,0.2191380569758948
0.019465923309326172,0.21921110299488678
0.019473552703857422,0.21928414901387874
0.019475221633911133,0.2193571950328707
0.01947617530822754,0.21943024105186268
0.019482851028442383,0.21950328707085465
0.019484996795654297,0.21957633308984661
0.01948714256286621,0.21964937910883855
0.01950216293334961,0.21972242512783052
0.019502639770507812,0.2197954711468225
0.019503355026245117,0.21986851716581446
0.01950383186340332,0.21994156318480643
0.019504785537719727,0.2200146092037984
0.01951432228088379,0.22008765522279036
0.01952052116394043,0.22016070124178233
0.019529342651367188,0.2202337472607743
0.01953864097595215,0.22030679327976627
0.019545793533325195,0.2203798392987582
0.01955580711364746,0.22045288531775017
0.019556522369384766,0.22052593133674214
0.019568920135498047,0.2205989773557341
0.01957416534423828,0.22067202337472608
0.019577741622924805,0.22074506939371805
0.01958012580871582,0.22081811541271001
0.019580602645874023,0.22089116143170198
0.019589662551879883,0.22096420745069395
0.019591808319091797,0.2210372534696859
0.019593477249145508,0.22111029948867786
0.01959371566772461,0.22118334550766983
0.01959514617919922,0.2212563915266618
0.01960015296936035,0.22132943754565376
0.01960444450378418,0.22140248356464573
0.019606590270996094,0.2214755295836377
0.019608736038208008,0.22154857560262967
0.019609689712524414,0.22162162162162163
0.01961064338684082,0.22169466764061357
0.019615650177001953,0.22176771365960554
0.019620656967163086,0.2218407596785975
0.019622802734375,0.22191380569758948
0.01962733268737793,0.22198685171658145
0.01962876319885254,0.2220598977355734
0.019629955291748047,0.22213294375456538
0.01963186264038086,0.22220598977355735
0.019639015197753906,0.22227903579254932
0.01964569091796875,0.22235208181154126
0.019664525985717773,0.22242512783053323
0.01966571807861328,0.2224981738495252
0.019666194915771484,0.22257121986851716
0.0196685791015625,0.22264426588750913
0.019669294357299805,0.2227173119065011
0.019673824310302734,0.22279035792549307
0.019674301147460938,0.22286340394448503
0.019678592681884766,0.222936449963477
0.019678592681884766,0.22300949598246894
0.01968073844909668,0.2230825420014609
0.019682645797729492,0.22315558802045288
0.019682645797729492,0.22322863403944485
0.019685745239257812,0.2233016800584368
0.019685983657836914,0.22337472607742878
0.01968836784362793,0.22344777209642075
0.019692182540893555,0.22352081811541272
0.01970052719116211,0.22359386413440469
0.01970982551574707,0.22366691015339665
0.019710302352905273,0.2237399561723886
0.019711732864379883,0.22381300219138056
0.019715070724487305,0.22388604821037253
0.019716739654541016,0.2239590942293645
0.019727230072021484,0.22403214024835647
0.019731998443603516,0.22410518626734843
0.019733428955078125,0.2241782322863404
0.01973414421081543,0.22425127830533237
0.01973581314086914,0.22432432432432434
0.019738435745239258,0.22439737034331628
0.019744396209716797,0.22447041636230824
0.019745826721191406,0.2245434623813002
0.019751548767089844,0.22461650840029218
0.01977396011352539,0.22468955441928415
0.0197751522064209,0.22476260043827612
0.019776344299316406,0.22483564645726808
0.019777774810791016,0.22490869247626005
0.019789457321166992,0.22498173849525202
0.01979517936706543,0.22505478451424396
0.019799232482910156,0.22512783053323593
0.019809722900390625,0.2252008765522279
0.019823551177978516,0.22527392257121986
0.01983356475830078,0.22534696859021183
0.019837617874145508,0.2254200146092038
0.019838333129882812,0.22549306062819577
0.019849777221679688,0.22556610664718774
0.019858360290527344,0.2256391526661797
0.019888639450073242,0.22571219868517164
0.019906044006347656,0.2257852447041636
0.01991128921508789,0.22585829072315558
0.019920825958251953,0.22593133674214755
0.019923925399780273,0.22600438276113952
0.019930362701416016,0.22607742878013148
0.01994013786315918,0.22615047479912345
0.019951581954956055,0.22622352081811542
0.019953489303588867,0.2262965668371074
0.01995396614074707,0.22636961285609936
0.019955873489379883,0.2264426588750913
0.019956350326538086,0.22651570489408326
0.01995992660522461,0.22658875091307523
0.019963502883911133,0.2266617969320672
0.019968748092651367,0.22673484295105917
0.019970417022705078,0.22680788897005114
0.019979238510131836,0.2268809349890431
0.019986867904663086,0.22695398100803507
0.01999044418334961,0.22702702702702704
0.019993066787719727,0.22710007304601898
0.01999354362487793,0.22717311906501095
0.01999640464782715,0.22724616508400292
0.01999664306640625,0.22731921110299488
0.01999950408935547,0.22739225712198685
0.020000934600830078,0.22746530314097882
0.020006656646728516,0.2275383491599708
0.02000737190246582,0.22761139517896276
0.020009279251098633,0.22768444119795472
0.02001047134399414,0.22775748721694666
0.02001166343688965,0.22783053323593863
0.020012617111206055,0.2279035792549306
0.02001476287841797,0.22797662527392257
0.020015954971313477,0.22804967129291454
0.020017623901367188,0.2281227173119065
0.020018815994262695,0.22819576333089847
0.020024776458740234,0.22826880934989044
0.020027875900268555,0.2283418553688824
0.02002882957458496,0.22841490138787435
0.020032644271850586,0.22848794740686632
0.020035505294799805,0.22856099342585828
0.02003622055053711,0.22863403944485025
0.020038604736328125,0.22870708546384222
0.020039796829223633,0.2287801314828342
0.020041465759277344,0.22885317750182615
0.02004384994506836,0.22892622352081812
0.020048856735229492,0.2289992695398101
0.020052433013916016,0.22907231555880206
0.020055770874023438,0.229145361577794
0.020056724548339844,0.22921840759678597
0.020057201385498047,0.22929145361577793
0.020058155059814453,0.2293644996347699
0.02006053924560547,0.22943754565376187
0.020061016082763672,0.22951059167275384
0.020061254501342773,0.2295836376917458
0.020061254501342773,0.22965668371073777
0.02006244659423828,0.22972972972972974
0.020062923431396484,0.22980277574872168
0.020062923431396484,0.22987582176771365
0.020064830780029297,0.22994886778670562
0.020068883895874023,0.2300219138056976
0.020076513290405273,0.23009495982468955
0.02008366584777832,0.23016800584368152
0.020087718963623047,0.2302410518626735
0.020092248916625977,0.23031409788166546
0.020099401473999023,0.23038714390065743
0.020099401473999023,0.23046018991964937
0.020100831985473633,0.23053323593864133
0.020102500915527344,0.2306062819576333
0.020105361938476562,0.23067932797662527
0.020106077194213867,0.23075237399561724
0.02010655403137207,0.2308254200146092
0.020107507705688477,0.23089846603360117
0.020109891891479492,0.23097151205259314
0.02011394500732422,0.2310445580715851
0.02011871337890625,0.23111760409057705
0.020120620727539062,0.23119065010956902
0.02012157440185547,0.23126369612856099
0.020123958587646484,0.23133674214755295
0.020125389099121094,0.23140978816654492
0.02012777328491211,0.2314828341855369
0.020134925842285156,0.23155588020452886
0.020137786865234375,0.23162892622352083
0.020139217376708984,0.2317019722425128
0.020140647888183594,0.23177501826150476
0.0201418399810791,0.2318480642804967
0.02014636993408203,0.23192111029948867
0.020148277282714844,0.23199415631848064
0.02014899253845215,0.2320672023374726
0.020149946212768555,0.23214024835646457
0.020149946212768555,0.23221329437545654
0.020149946212768555,0.2322863403944485
0.020150423049926758,0.23235938641344048
0.020151853561401367,0.23243243243243245
0.020159244537353516,0.23250547845142439
0.02016282081604004,0.23257852447041635
0.02016735076904297,0.23265157048940832
0.020171403884887695,0.2327246165084003
0.02017354965209961,0.23279766252739226
0.020175695419311523,0.23287070854638423
0.020176172256469727,0.2329437545653762
0.02017998695373535,0.23301680058436816
0.020181894302368164,0.23308984660336013
0.020188570022583008,0.23316289262235207
0.02018904685974121,0.23323593864134404
0.020189285278320312,0.233308984660336
0.020197391510009766,0.23338203067932797
0.020198345184326172,0.23345507669831994
0.02019953727722168,0.2335281227173119
0.02020549774169922,0.23360116873630388
0.020206451416015625,0.23367421475529584
0.020209789276123047,0.2337472607742878
0.020213842391967773,0.23382030679327975
0.020213842391967773,0.23389335281227172
0.02021622657775879,0.2339663988312637
0.0202176570892334,0.23403944485025566
0.020220041275024414,0.23411249086924762
0.02022075653076172,0.2341855368882396
0.02022099494934082,0.23425858290723156
0.020221710205078125,0.23433162892622353
0.020221948623657227,0.2344046749452155
0.02022385597229004,0.23447772096420746
0.02022695541381836,0.2345507669831994
0.02023458480834961,0.23462381300219137
0.020235776901245117,0.23469685902118334
0.020246028900146484,0.2347699050401753
0.02025151252746582,0.23484295105916728
0.020254135131835938,0.23491599707815924
0.020255565643310547,0.2349890430971512
0.02025771141052246,0.23506208911614318
0.02026081085205078,0.23513513513513515
0.0202639102935791,0.2352081811541271
0.02027297019958496,0.23528122717311906
0.02027440071105957,0.23535427319211102
0.020277023315429688,0.235427319211103
0.020277738571166992,0.23550036523009496
0.02028679847717285,0.23557341124908693
0.020289897918701172,0.2356464572680789
0.020290136337280273,0.23571950328707086
0.020293712615966797,0.23579254930606283
0.020295381546020508,0.23586559532505477
0.02030467987060547,0.23593864134404674
0.02030491828918457,0.2360116873630387
0.020307302474975586,0.23608473338203068
0.02030777931213379,0.23615777940102264
0.02031540870666504,0.2362308254200146
0.020319223403930664,0.23630387143900658
0.020319700241088867,0.23637691745799855
0.02032017707824707,0.23644996347699052
0.02032613754272461,0.23652300949598246
0.02032756805419922,0.23659605551497442
0.020348787307739258,0.2366691015339664
0.02035665512084961,0.23674214755295836
0.020357370376586914,0.23681519357195033
0.020360231399536133,0.2368882395909423
0.020363330841064453,0.23696128560993426
0.020364046096801758,0.23703433162892623
0.0203702449798584,0.2371073776479182
0.02037644386291504,0.23718042366691014
0.020377397537231445,0.2372534696859021
0.0203857421875,0.23732651570489408
0.020388126373291016,0.23739956172388604
0.020390748977661133,0.237472607742878
0.020395755767822266,0.23754565376186998
0.020400285720825195,0.23761869978086195
0.020401954650878906,0.23769174579985392
0.020402908325195312,0.23776479181884588
0.02041149139404297,0.23783783783783785
0.020412921905517578,0.2379108838568298
0.020416259765625,0.23798392987582176
0.020416259765625,0.23805697589481373
0.020419836044311523,0.2381300219138057
0.020421981811523438,0.23820306793279766
0.020423173904418945,0.23827611395178963
0.020428895950317383,0.2383491599707816
0.020429611206054688,0.23842220598977357
0.020433902740478516,0.23849525200876553
0.020441055297851562,0.23856829802775747
0.020442724227905273,0.23864134404674944
0.020445823669433594,0.2387143900657414
0.02044820785522461,0.23878743608473338
0.02044987678527832,0.23886048210372535
0.020452260971069336,0.23893352812271731
0.02045297622680664,0.23900657414170928
0.020456790924072266,0.23907962016070125
0.020461082458496094,0.23915266617969322
0.020478487014770508,0.23922571219868516
0.020484209060668945,0.23929875821767713
0.02048516273498535,0.2393718042366691
0.020485639572143555,0.23944485025566106
0.020489931106567383,0.23951789627465303
0.020493507385253906,0.239590942293645
0.020496368408203125,0.23966398831263697
0.02050018310546875,0.23973703433162893
0.02050018310546875,0.2398100803506209
0.020508289337158203,0.23988312636961284
0.020509004592895508,0.2399561723886048
0.020512819290161133,0.24002921840759678
0.020513057708740234,0.24010226442658875
0.020517587661743164,0.24017531044558071
0.020519495010375977,0.24024835646457268
0.020520687103271484,0.24032140248356465
0.020520925521850586,0.24039444850255662
0.020532608032226562,0.24046749452154859
0.0205380916595459,0.24054054054054055
0.02053976058959961,0.2406135865595325
0.02055191993713379,0.24068663257852446
0.020552873611450195,0.24075967859751643
0.020555496215820312,0.2408327246165084
0.020560503005981445,0.24090577063550037
0.020560741424560547,0.24097881665449233
0.020561933517456055,0.2410518626734843
0.020565271377563477,0.24112490869247627
0.020565509796142578,0.24119795471146824
0.02056717872619629,0.24127100073046018
0.02057504653930664,0.24134404674945215
0.02057671546936035,0.2414170927684441
0.020580291748046875,0.24149013878743608
0.020589351654052734,0.24156318480642805
0.020590782165527344,0.24163623082542002
0.02059459686279297,0.24170927684441199
0.020600080490112305,0.24178232286340395
0.02060222625732422,0.24185536888239592
0.02060842514038086,0.24192841490138786
0.020613431930541992,0.24200146092037983
0.0206143856048584,0.2420745069393718
0.020615339279174805,0.24214755295836377
0.020621299743652344,0.24222059897735573
0.020623207092285156,0.2422936449963477
0.02062535285949707,0.24236669101533967
0.020625829696655273,0.24243973703433164
0.02063274383544922,0.2425127830533236
0.02063298225402832,0.24258582907231555
0.02063608169555664,0.2426588750913075
0.02063751220703125,0.24273192111029948
0.02064037322998047,0.24280496712929145
0.020640850067138672,0.24287801314828342
0.02064347267150879,0.24295105916727538
0.02064347267150879,0.24302410518626735
0.0206449031829834,0.24309715120525932
0.0206451416015625,0.2431701972242513
0.020645856857299805,0.24324324324324326
0.020648479461669922,0.2433162892622352
0.02065110206604004,0.24338933528122716
0.02065587043762207,0.24346238130021913
0.02065587043762207,0.2435354273192111
0.020656347274780273,0.24360847333820307
0.020656585693359375,0.24368151935719504
0.020661592483520508,0.243754565376187
0.020662546157836914,0.24382761139517897
0.020664215087890625,0.24390065741417094
0.020664691925048828,0.24397370343316288
0.02066826820373535,0.24404674945215485
0.02066946029663086,0.24411979547114682
0.02067112922668457,0.24419284149013878
0.02067255973815918,0.24426588750913075
0.020677566528320312,0.24433893352812272
0.020679473876953125,0.2444119795471147
0.020679712295532227,0.24448502556610666
0.020680665969848633,0.24455807158509862
0.020683765411376953,0.24463111760409056
0.020690202713012695,0.24470416362308253
0.020696401596069336,0.2447772096420745
0.020702123641967773,0.24485025566106647
0.020702838897705078,0.24492330168005844
0.020704984664916992,0.2449963476990504
0.020705699920654297,0.24506939371804237
0.02070903778076172,0.24514243973703434
0.020709991455078125,0.2452154857560263
0.020714759826660156,0.24528853177501825
0.020723581314086914,0.24536157779401022
0.020730018615722656,0.24543462381300218
0.020731687545776367,0.24550766983199415
0.020732402801513672,0.24558071585098612
0.020734548568725586,0.2456537618699781
0.020740747451782227,0.24572680788897006
0.020745515823364258,0.24579985390796202
0.02075052261352539,0.245872899926954
0.02075815200805664,0.24594594594594596
0.020758390426635742,0.2460189919649379
0.02076125144958496,0.24609203798392987
0.020763874053955078,0.24616508400292184
0.02077031135559082,0.2462381300219138
0.020778894424438477,0.24631117604090577
0.0207827091217041,0.24638422205989774
0.020783424377441406,0.2464572680788897
0.02078533172607422,0.24653031409788168
0.020788192749023438,0.24660336011687364
0.020792007446289062,0.24667640613586558
0.02079486846923828,0.24674945215485755
0.02079606056213379,0.24682249817384952
0.020802021026611328,0.2468955441928415
0.020802736282348633,0.24696859021183346
0.020802736282348633,0.24704163623082542
0.02080368995666504,0.2471146822498174
0.020806312561035156,0.24718772826880936
0.02080678939819336,0.24726077428780133
0.020810604095458984,0.24733382030679327
0.020812511444091797,0.24740686632578524
0.02081751823425293,0.2474799123447772
0.020821332931518555,0.24755295836376917
0.020821809768676758,0.24762600438276114
0.020830392837524414,0.2476990504017531
0.020833969116210938,0.24777209642074507
0.020843505859375,0.24784514243973704
0.020843505859375,0.247918188458729
0.020850419998168945,0.24799123447772095
0.0208585262298584,0.24806428049671292
0.020867347717285156,0.2481373265157049
0.02087712287902832,0.24821037253469685
0.02088141441345215,0.24828341855368882
0.02088332176208496,0.2483564645726808
0.020886659622192383,0.24842951059167276
0.020891904830932617,0.24850255661066473
0.020894289016723633,0.2485756026296567
0.020894765853881836,0.24864864864864866
0.020898818969726562,0.2487216946676406
0.020914077758789062,0.24879474068663257
0.020914316177368164,0.24886778670562454
0.020914793014526367,0.2489408327246165
0.020933151245117188,0.24901387874360847
0.020937204360961914,0.24908692476260044
0.02093958854675293,0.2491599707815924
0.020941972732543945,0.24923301680058438
0.020943880081176758,0.24930606281957635
0.020946025848388672,0.2493791088385683
0.020952463150024414,0.24945215485756025
0.020961999893188477,0.24952520087655222
0.020970582962036133,0.2495982468955442
0.02097940444946289,0.24967129291453616
0.02098250389099121,0.24974433893352813
0.020986557006835938,0.2498173849525201
0.020989179611206055,0.24989043097151206
0.020990371704101562,0.24996347699050403
0.021003246307373047,0.25003652300949597
0.02100992202758789,0.25010956902848797
0.021014690399169922,0.2501826150474799
0.021015405654907227,0.2502556610664719
0.02101755142211914,0.25032870708546384
0.021017789840698242,0.2504017531044558
0.021018266677856445,0.2504747991234478
0.02102065086364746,0.2505478451424397
0.021021127700805664,0.2506208911614317
0.021022558212280273,0.25069393718042365
0.021022558212280273,0.25076698319941565
0.02102494239807129,0.2508400292184076
0.021038293838500977,0.2509130752373996
0.021044492721557617,0.2509861212563915
0.02105879783630371,0.25105916727538347
0.021063804626464844,0.25113221329437546
0.021063804626464844,0.2512052593133674
0.02107071876525879,0.2512783053323594
0.021071195602416992,0.25135135135135134
0.021071434020996094,0.25142439737034333
0.02107381820678711,0.2514974433893353
0.02107405662536621,0.25157048940832727
0.02107858657836914,0.2516435354273192
0.021079301834106445,0.25171658144631115
0.021080970764160156,0.25178962746530315
0.02108311653137207,0.2518626734842951
0.0210878849029541,0.2519357195032871
0.02109670639038086,0.252008765522279
0.021109580993652344,0.252081811541271
0.021111488342285156,0.25215485756026296
0.02111983299255371,0.25222790357925495
0.021120786666870117,0.2523009495982469
0.02112269401550293,0.25237399561723883
0.021130800247192383,0.25244704163623083
0.0211334228515625,0.25252008765522277
0.021154165267944336,0.25259313367421476
0.021157503128051758,0.2526661796932067
0.021170854568481445,0.2527392257121987
0.021172046661376953,0.25281227173119064
0.021175384521484375,0.25288531775018264
0.021175622940063477,0.2529583637691746
0.02117633819580078,0.2530314097881666
0.02117919921875,0.2531044558071585
0.021185636520385742,0.25317750182615045
0.021194934844970703,0.25325054784514245
0.021200180053710938,0.2533235938641344
0.021202802658081055,0.2533966398831264
0.02120494842529297,0.2534696859021183
0.021205663681030273,0.2535427319211103
0.02121114730834961,0.25361577794010226
0.02121591567993164,0.25368882395909426
0.021218061447143555,0.2537618699780862
0.021224498748779297,0.25383491599707814
0.021229028701782227,0.25390796201607013
0.021244287490844727,0.2539810080350621
0.021249055862426758,0.25405405405405407
0.02125096321105957,0.254127100073046
0.021255016326904297,0.254200146092038
0.02125835418701172,0.25427319211102994
0.02125835418701172,0.25434623813002194
0.021260738372802734,0.2544192841490139
0.021266460418701172,0.2544923301680058
0.021270751953125,0.2545653761869978
0.021274566650390625,0.25463842220598976
0.021277189254760742,0.25471146822498175
0.021277904510498047,0.2547845142439737
0.02128291130065918,0.2548575602629657
0.021283626556396484,0.25493060628195763
0.02128434181213379,0.2550036523009496
0.02129387855529785,0.25507669831994156
0.021294116973876953,0.2551497443389335
0.021298646926879883,0.2552227903579255
0.02130126953125,0.25529583637691744
0.021305322647094727,0.25536888239590944
0.02131056785583496,0.2554419284149014
0.021338701248168945,0.25551497443389337
0.021356582641601562,0.2555880204528853
0.02135777473449707,0.2556610664718773
0.021364927291870117,0.25573411249086925
0.021377086639404297,0.2558071585098612
0.021384239196777344,0.2558802045288532
0.02138662338256836,0.2559532505478451
0.02140188217163086,0.2560262965668371
0.02143549919128418,0.25609934258582906
0.021445512771606445,0.25617238860482106
0.02145242691040039,0.256245434623813
0.021466970443725586,0.256318480642805
0.021481037139892578,0.25639152666179693
0.021489620208740234,0.25646457268078887
0.021495819091796875,0.25653761869978087
0.021496295928955078,0.2566106647187728
0.021534442901611328,0.2566837107377648
0.02154088020324707,0.25675675675675674
0.021548986434936523,0.25682980277574874
0.021553516387939453,0.2569028487947407
0.021570682525634766,0.2569758948137327
0.02162909507751465,0.2570489408327246
0.02163386344909668,0.25712198685171656
0.021636247634887695,0.25719503287070855
0.021662473678588867,0.2572680788897005
0.021703004837036133,0.2573411249086925
0.021720409393310547,0.2574141709276844
0.02172708511352539,0.2574872169466764
0.021727323532104492,0.25756026296566836
0.021731138229370117,0.25763330898466036
0.021738052368164062,0.2577063550036523
0.021743297576904297,0.25777940102264424
0.02176380157470703,0.25785244704163623
0.021767854690551758,0.2579254930606282
0.02176952362060547,0.25799853907962017
0.021775007247924805,0.2580715850986121
0.021776437759399414,0.2581446311176041
0.021778583526611328,0.25821767713659605
0.021782636642456055,0.25829072315558804
0.021783113479614258,0.25836376917458
0.02179265022277832,0.2584368151935719
0.021795988082885742,0.2585098612125639
0.021795988082885742,0.25858290723155586
0.021796703338623047,0.25865595325054785
0.02179861068725586,0.2587289992695398
0.02180933952331543,0.2588020452885318
0.021811723709106445,0.25887509130752373
0.021816730499267578,0.2589481373265157
0.021820068359375,0.25902118334550767
0.02182626724243164,0.25909422936449966
0.02182769775390625,0.2591672753834916
0.021832704544067383,0.25924032140248354
0.021834135055541992,0.25931336742147554
0.021843910217285156,0.2593864134404675
0.021847963333129883,0.2594594594594595
0.021855592727661133,0.2595325054784514
0.021871566772460938,0.2596055514974434
0.021872282028198242,0.25967859751643535
0.02187323570251465,0.25975164353542735
0.021877765655517578,0.2598246895544193
0.021887779235839844,0.2598977355734112
0.02189040184020996,0.2599707815924032
0.021898508071899414,0.26004382761139516
0.021911144256591797,0.26011687363038716
0.021919965744018555,0.2601899196493791
0.021941661834716797,0.2602629656683711
0.021944284439086914,0.26033601168736303
0.021946430206298828,0.26040905770635503
0.021947622299194336,0.26048210372534697
0.02196216583251953,0.2605551497443389
0.021963119506835938,0.2606281957633309
0.021966218948364258,0.26070124178232285
0.021967649459838867,0.26077428780131484
0.021969079971313477,0.2608473338203068
0.021975994110107422,0.2609203798392988
0.021976232528686523,0.2609934258582907
0.021976709365844727,0.2610664718772827
0.021981000900268555,0.26113951789627465
0.02198314666748047,0.2612125639152666
0.021983623504638672,0.2612856099342586
0.021985530853271484,0.26135865595325053
0.0219876766204834,0.2614317019722425
0.02199530601501465,0.26150474799123447
0.02199721336364746,0.26157779401022646
0.0220029354095459,0.2616508400292184
0.02200627326965332,0.2617238860482104
0.02200627326965332,0.26179693206720234
0.0220186710357666,0.2618699780861943
0.022019386291503906,0.2619430241051863
0.022022247314453125,0.2620160701241782
0.02202582359313965,0.2620891161431702
0.022028684616088867,0.26216216216216215
0.022031545639038086,0.26223520818115414
0.022037029266357422,0.2623082542001461
0.02204275131225586,0.2623813002191381
0.022045612335205078,0.26245434623813
0.02205181121826172,0.26252739225712196
0.022063016891479492,0.26260043827611396
0.02207016944885254,0.2626734842951059
0.02207159996032715,0.2627465303140979
0.022073984146118164,0.26281957633308983
0.022075414657592773,0.26289262235208183
0.022083282470703125,0.26296566837107377
0.022089004516601562,0.26303871439006576
0.02209019660949707,0.2631117604090577
0.022091388702392578,0.26318480642804964
0.022092103958129883,0.26325785244704164
0.022092342376708984,0.2633308984660336
0.022102832794189453,0.2634039444850256
0.02210855484008789,0.2634769905040175
0.022109508514404297,0.2635500365230095
0.022110939025878906,0.26362308254200145
0.022117137908935547,0.26369612856099345
0.022119522094726562,0.2637691745799854
0.02212071418762207,0.26384222059897733
0.022121191024780273,0.2639152666179693
0.02212977409362793,0.26398831263696126
0.022134780883789062,0.26406135865595326
0.02213883399963379,0.2641344046749452
0.0221407413482666,0.2642074506939372
0.022142648696899414,0.26428049671292914
0.022153615951538086,0.26435354273192113
0.022156476974487305,0.26442658875091307
0.022157669067382812,0.26449963476990507
0.022160768508911133,0.264572680788897
0.02216958999633789,0.26464572680788895
0.022176504135131836,0.26471877282688094
0.022179603576660156,0.2647918188458729
0.022179841995239258,0.2648648648648649
0.022183656692504883,0.2649379108838568
0.02221536636352539,0.2650109569028488
0.022217750549316406,0.26508400292184076
0.022220373153686523,0.26515704894083275
0.022243261337280273,0.2652300949598247
0.022244691848754883,0.26530314097881663
0.02225327491760254,0.2653761869978086
0.02225351333618164,0.26544923301680057
0.02225971221923828,0.26552227903579256
0.022261381149291992,0.2655953250547845
0.0222625732421875,0.2656683710737765
0.02227497100830078,0.26574141709276844
0.02227497100830078,0.26581446311176044
0.0222775936126709,0.2658875091307524
0.022280216217041016,0.2659605551497443
0.022284269332885742,0.2660336011687363
0.02228546142578125,0.26610664718772825
0.022297143936157227,0.26617969320672025
0.022302627563476562,0.2662527392257122
0.02230691909790039,0.2663257852447042
0.022307634353637695,0.2663988312636961
0.022308349609375,0.2664718772826881
0.022310733795166016,0.26654492330168006
0.022312402725219727,0.266617969320672
0.022313356399536133,0.266691015339664
0.02231621742248535,0.26676406135865594
0.022317171096801758,0.26683710737764793
0.022317886352539062,0.26691015339663987
0.02231884002685547,0.26698319941563187
0.02231884002685547,0.2670562454346238
0.02232527732849121,0.2671292914536158
0.022326946258544922,0.26720233747260774
0.02233433723449707,0.2672753834915997
0.02233576774597168,0.2673484295105917
0.02233719825744629,0.2674214755295836
0.0223386287689209,0.2674945215485756
0.02234339714050293,0.26756756756756755
0.022346973419189453,0.26764061358655955
0.022347211837768555,0.2677136596055515
0.022347688674926758,0.2677867056245435
0.022351980209350586,0.2678597516435354
0.022353410720825195,0.26793279766252737
0.022359371185302734,0.26800584368151936
0.02236032485961914,0.2680788897005113
0.022366762161254883,0.2681519357195033
0.022373676300048828,0.26822498173849524
0.022374629974365234,0.26829802775748723
0.022374629974365234,0.2683710737764792
0.022377967834472656,0.26844411979547117
0.022379636764526367,0.2685171658144631
0.022383689880371094,0.26859021183345505
0.022392749786376953,0.26866325785244705
0.02239847183227539,0.268736303871439
0.022399187088012695,0.268809349890431
0.02241039276123047,0.2688823959094229
0.022441387176513672,0.2689554419284149
0.022441625595092773,0.26902848794740686
0.02244281768798828,0.26910153396639885
0.0224456787109375,0.2691745799853908
0.022456645965576172,0.26924762600438273
0.0224611759185791,0.26932067202337473
0.02247905731201172,0.26939371804236667
0.022481441497802734,0.26946676406135867
0.022485733032226562,0.2695398100803506
0.02248835563659668,0.2696128560993426
0.022500991821289062,0.26968590211833454
0.0225069522857666,0.26975894813732654
0.022507429122924805,0.2698319941563185
0.02250814437866211,0.2699050401753105
0.022508621215820312,0.2699780861943024
0.02251410484313965,0.27005113221329435
0.022515535354614258,0.27012417823228635
0.022517681121826172,0.2701972242512783
0.02252507209777832,0.2702702702702703
0.022529125213623047,0.2703433162892622
0.02252960205078125,0.2704163623082542
0.022530794143676758,0.27048940832724616
0.02253103256225586,0.27056245434623816
0.022558927536010742,0.2706355003652301
0.022562742233276367,0.27070854638422204
0.022573471069335938,0.27078159240321403
0.022576570510864258,0.270854638422206
0.02257990837097168,0.27092768444119797
0.022582530975341797,0.2710007304601899
0.022583723068237305,0.2710737764791819
0.02258777618408203,0.27114682249817385
0.022596359252929688,0.27121986851716584
0.022597789764404297,0.2712929145361578
0.022605180740356445,0.2713659605551497
0.022606372833251953,0.2714390065741417
0.022609710693359375,0.27151205259313366
0.022612571716308594,0.27158509861212565
0.022612810134887695,0.2716581446311176
0.022616147994995117,0.2717311906501096
0.022624492645263672,0.27180423666910153
0.022634506225585938,0.2718772826880935
0.022635221481323242,0.27195032870708546
0.022641420364379883,0.2720233747260774
0.02264261245727539,0.2720964207450694
0.022644996643066406,0.27216946676406134
0.02264547348022461,0.27224251278305334
0.022653818130493164,0.2723155588020453
0.02265453338623047,0.2723886048210373
0.02265644073486328,0.2724616508400292
0.022656917572021484,0.2725346968590212
0.022658109664916992,0.27260774287801315
0.022660017013549805,0.2726807888970051
0.022666215896606445,0.2727538349159971
0.022667646408081055,0.272826880934989
0.022670507431030273,0.272899926953981
0.022673368453979492,0.27297297297297296
0.022678375244140625,0.27304601899196496
0.022678613662719727,0.2731190650109569
0.022681236267089844,0.2731921110299489
0.022689342498779297,0.27326515704894083
0.022691011428833008,0.2733382030679328
0.022696733474731445,0.27341124908692477
0.022707700729370117,0.2734842951059167
0.02271294593811035,0.2735573411249087
0.02271723747253418,0.27363038714390064
0.022718191146850586,0.27370343316289264
0.02272200584411621,0.2737764791818846
0.022730350494384766,0.2738495252008766
0.02273273468017578,0.2739225712198685
0.022732973098754883,0.27399561723886046
0.022736310958862305,0.27406866325785245
0.022737503051757812,0.2741417092768444
0.02273845672607422,0.2742147552958364
0.02276468276977539,0.27428780131482833
0.022774696350097656,0.2743608473338203
0.022798776626586914,0.27443389335281226
0.022800445556640625,0.27450693937180426
0.02280449867248535,0.2745799853907962
0.022813796997070312,0.27465303140978814
0.022817134857177734,0.27472607742878014
0.022820472717285156,0.2747991234477721
0.022822141647338867,0.27487216946676407
0.022832393646240234,0.274945215485756
0.022834062576293945,0.275018261504748
0.022843360900878906,0.27509130752373995
0.022845745086669922,0.27516435354273194
0.022854328155517578,0.2752373995617239
0.02288055419921875,0.2753104455807158
0.02288675308227539,0.2753834915997078
0.02288675308227539,0.27545653761869976
0.022898197174072266,0.27552958363769176
0.022908926010131836,0.2756026296566837
0.022911787033081055,0.2756756756756757
0.022922277450561523,0.27574872169466763
0.02293705940246582,0.2758217677136596
0.02294445037841797,0.27589481373265157
0.022968769073486328,0.27596785975164356
0.0229794979095459,0.2760409057706355
0.02299213409423828,0.27611395178962744
0.02301478385925293,0.27618699780861944
0.023017406463623047,0.2762600438276114
0.02301812171936035,0.2763330898466034
0.02302408218383789,0.2764061358655953
0.023029088973999023,0.2764791818845873
0.02304387092590332,0.27655222790357925
0.0230710506439209,0.27662527392257125
0.02312755584716797,0.2766983199415632
0.02312779426574707,0.2767713659605551
0.02314019203186035,0.2768444119795471
0.023157358169555664,0.27691745799853906
0.02320265769958496,0.27699050401753106
0.02323317527770996,0.277063550036523
0.023406505584716797,0.277136596055515
0.02350759506225586,0.27720964207450693
0.023520708084106445,0.27728268809349893
0.02411937713623047,0.27735573411249087
0.024205684661865234,0.2774287801314828
0.02429366111755371,0.2775018261504748
0.02434825897216797,0.27757487216946675
0.024372577667236328,0.27764791818845874
0.02438807487487793,0.2777209642074507
0.024459362030029297,0.2777940102264427
0.024480581283569336,0.2778670562454346
0.024504423141479492,0.2779401022644266
0.0245206356048584,0.27801314828341855
0.02452397346496582,0.2780861943024105
0.024599552154541016,0.2781592403214025
0.024631738662719727,0.27823228634039443
0.024632930755615234,0.2783053323593864
0.024801015853881836,0.27837837837837837
0.024829864501953125,0.27845142439737036
0.024842023849487305,0.2785244704163623
0.024859905242919922,0.2785975164353543
0.024860143661499023,0.27867056245434624
0.024871349334716797,0.2787436084733382
0.024881601333618164,0.2788166544923302
0.02488398551940918,0.2788897005113221
0.024904966354370117,0.2789627465303141
0.0249173641204834,0.27903579254930605
0.024953365325927734,0.27910883856829805
0.024985790252685547,0.27918188458729
0.02498602867126465,0.279254930606282
0.025016069412231445,0.2793279766252739
0.02507305145263672,0.27940102264426586
0.02508687973022461,0.27947406866325786
0.025124549865722656,0.2795471146822498
0.025162935256958008,0.2796201607012418
0.025191068649291992,0.27969320672023373
0.025192737579345703,0.27976625273922573
0.025203943252563477,0.27983929875821767
0.02525043487548828,0.27991234477720967
0.025252342224121094,0.2799853907962016
0.02528667449951172,0.28005843681519355
0.025295734405517578,0.28013148283418554
0.02546525001525879,0.2802045288531775
0.02559828758239746,0.2802775748721695
0.02562713623046875,0.2803506208911614
0.02562737464904785,0.2804236669101534
0.02563929557800293,0.28049671292914535
0.025650739669799805,0.28056975894813735
0.025652408599853516,0.2806428049671293
0.025656938552856445,0.28071585098612123
0.025680065155029297,0.2807888970051132
0.025681734085083008,0.28086194302410517
0.025708675384521484,0.28093498904309716
0.02572488784790039,0.2810080350620891
0.025805950164794922,0.2810810810810811
0.025827407836914062,0.28115412710007304
0.025836706161499023,0.28122717311906503
0.025840282440185547,0.281300219138057
0.02593827247619629,0.28137326515704897
0.025946855545043945,0.2814463111760409
0.025951862335205078,0.28151935719503285
0.025956392288208008,0.28159240321402484
0.025957584381103516,0.2816654492330168
0.025958538055419922,0.2817384952520088
0.02596259117126465,0.2818115412710007
0.02597212791442871,0.2818845872899927
0.02598261833190918,0.28195763330898466
0.025989055633544922,0.28203067932797665
0.025992870330810547,0.2821037253469686
0.025995731353759766,0.28217677136596053
0.02599644660949707,0.28224981738495253
0.02599811553955078,0.28232286340394447
0.026004791259765625,0.28239590942293646
0.026009798049926758,0.2824689554419284
0.02601027488708496,0.2825420014609204
0.0260317325592041,0.28261504747991234
0.02603459358215332,0.28268809349890434
0.02603936195373535,0.2827611395178963
0.02604389190673828,0.2828341855368882
0.026046037673950195,0.2829072315558802
0.026061058044433594,0.28298027757487215
0.026086807250976562,0.28305332359386415
0.0260927677154541,0.2831263696128561
0.02609419822692871,0.2831994156318481
0.026099205017089844,0.28327246165084
0.026114940643310547,0.283345507669832
0.02612018585205078,0.28341855368882396
0.026128530502319336,0.2834915997078159
0.02613687515258789,0.2835646457268079
0.026137351989746094,0.28363769174579984
0.026140213012695312,0.28371073776479183
0.026140689849853516,0.28378378378378377
0.026151657104492188,0.28385682980277577
0.026152610778808594,0.2839298758217677
0.02617025375366211,0.2840029218407597
0.02617669105529785,0.28407596785975164
0.026182889938354492,0.2841490138787436
0.026182889938354492,0.2842220598977356
0.026183366775512695,0.2842951059167275
0.026198625564575195,0.2843681519357195
0.026200532913208008,0.28444119795471146
0.02620220184326172,0.28451424397370345
0.026223182678222656,0.2845872899926954
0.026235342025756836,0.2846603360116874
0.026237010955810547,0.2847333820306793
0.026253700256347656,0.28480642804967127
0.026255130767822266,0.28487947406866326
0.026262760162353516,0.2849525200876552
0.026274919509887695,0.2850255661066472
0.026289939880371094,0.28509861212563914
0.026306629180908203,0.28517165814463113
0.02631211280822754,0.2852447041636231
0.026318788528442383,0.28531775018261507
0.026323318481445312,0.285390796201607
0.026333093643188477,0.28546384222059895
0.026340723037719727,0.28553688823959095
0.026352405548095703,0.2856099342585829
0.02635955810546875,0.2856829802775749
0.02637004852294922,0.2857560262965668
0.026375532150268555,0.2858290723155588
0.026381254196166992,0.28590211833455076
0.026391029357910156,0.28597516435354275
0.026413917541503906,0.2860482103725347
0.02641773223876953,0.28612125639152663
0.026430606842041016,0.28619430241051863
0.02643585205078125,0.28626734842951057
0.026440858840942383,0.28634039444850257
0.02646160125732422,0.2864134404674945
0.026464462280273438,0.2864864864864865
0.02647089958190918,0.28655953250547844
0.026489973068237305,0.28663257852447044
0.02649998664855957,0.2867056245434624
0.026500225067138672,0.2867786705624543
0.026505231857299805,0.2868517165814463
0.02652287483215332,0.28692476260043825
0.026532411575317383,0.28699780861943025
0.026537418365478516,0.2870708546384222
0.02653813362121582,0.2871439006574142
0.026546239852905273,0.2872169466764061
0.02656102180480957,0.2872899926953981
0.0265653133392334,0.28736303871439006
0.02658534049987793,0.28743608473338206
0.02658843994140625,0.287509130752374
0.026596784591674805,0.28758217677136594
0.02660989761352539,0.28765522279035793
0.02661895751953125,0.2877282688093499
0.026624679565429688,0.28780131482834187
0.026625633239746094,0.2878743608473338
0.026628732681274414,0.2879474068663258
0.02665233612060547,0.28802045288531775
0.0266568660736084,0.28809349890430974
0.026670455932617188,0.2881665449233017
0.026690244674682617,0.2882395909422936
0.02671194076538086,0.2883126369612856
0.0267179012298584,0.28838568298027756
0.02672553062438965,0.28845872899926955
0.02672886848449707,0.2885317750182615
0.026736736297607422,0.2886048210372535
0.026793718338012695,0.28867786705624543
0.02680659294128418,0.2887509130752374
0.026814699172973633,0.28882395909422937
0.026821613311767578,0.2888970051132213
0.026825666427612305,0.2889700511322133
0.02683091163635254,0.28904309715120524
0.026836156845092773,0.28911614317019724
0.026839017868041992,0.2891891891891892
0.0268402099609375,0.2892622352081812
0.026844024658203125,0.2893352812271731
0.026844501495361328,0.2894083272461651
0.026906967163085938,0.28948137326515705
0.026927709579467773,0.289554419284149
0.026938438415527344,0.289627465303141
0.02706623077392578,0.2897005113221329
0.027067184448242188,0.2897735573411249
0.027095794677734375,0.28984660336011686
0.0270993709564209,0.28991964937910886
0.02711653709411621,0.2899926953981008
0.02726125717163086,0.2900657414170928
0.027476787567138672,0.29013878743608473
0.027603626251220703,0.2902118334550767
0.02768707275390625,0.29028487947406867
0.027807235717773438,0.2903579254930606
0.027921438217163086,0.2904309715120526
0.028289794921875,0.29050401753104454
0.028362512588500977,0.29057706355003654
0.028419971466064453,0.2906501095690285
0.028475046157836914,0.2907231555880205
0.028544902801513672,0.2907962016070124
0.02854609489440918,0.29086924762600436
0.028618335723876953,0.29094229364499635
0.028618812561035156,0.2910153396639883
0.028669118881225586,0.2910883856829803
0.02867889404296875,0.29116143170197223
0.028709888458251953,0.2912344777209642
0.028714418411254883,0.29130752373995616
0.028795480728149414,0.29138056975894816
0.028801918029785156,0.2914536157779401
0.028810501098632812,0.29152666179693204
0.028815746307373047,0.29159970781592404
0.028868675231933594,0.291672753834916
0.028939247131347656,0.29174579985390797
0.02893972396850586,0.2918188458728999
0.02894759178161621,0.2918918918918919
0.02895331382751465,0.29196493791088385
0.02895498275756836,0.29203798392987584
0.028978347778320312,0.2921110299488678
0.028983592987060547,0.2921840759678597
0.028991222381591797,0.2922571219868517
0.029042482376098633,0.29233016800584366
0.02904796600341797,0.29240321402483566
0.029081344604492188,0.2924762600438276
0.029091358184814453,0.2925493060628196
0.029117345809936523,0.29262235208181153
0.02914261817932129,0.2926953981008035
0.02921605110168457,0.29276844411979547
0.029231548309326172,0.29284149013878746
0.029248714447021484,0.2929145361577794
0.029248952865600586,0.29298758217677134
0.029291629791259766,0.29306062819576334
0.02933216094970703,0.2931336742147553
0.02934885025024414,0.2932067202337473
0.029374361038208008,0.2932797662527392
0.029407739639282227,0.2933528122717312
0.029510498046875,0.29342585829072315
0.029554128646850586,0.29349890430971515
0.029555797576904297,0.2935719503287071
0.029576778411865234,0.293644996347699
0.02958536148071289,0.293718042366691
0.02968454360961914,0.29379108838568296
0.029698848724365234,0.29386413440467496
0.02969980239868164,0.2939371804236669
0.02970719337463379,0.2940102264426589
0.029742956161499023,0.29408327246165084
0.029758691787719727,0.29415631848064283
0.029781341552734375,0.29422936449963477
0.02979302406311035,0.2943024105186267
0.029793262481689453,0.2943754565376187
0.029798507690429688,0.29444850255661065
0.029801130294799805,0.29452154857560264
0.029819011688232422,0.2945945945945946
0.0298306941986084,0.2946676406135866
0.029839515686035156,0.2947406866325785
0.029873132705688477,0.2948137326515705
0.029873371124267578,0.29488677867056245
0.029878854751586914,0.2949598246895544
0.02987957000732422,0.2950328707085464
0.029898405075073242,0.29510591672753833
0.029901742935180664,0.2951789627465303
0.02992868423461914,0.29525200876552227
0.029934167861938477,0.29532505478451426
0.02994227409362793,0.2953981008035062
0.029944419860839844,0.2954711468224982
0.02995133399963379,0.29554419284149014
0.029966354370117188,0.2956172388604821
0.02996826171875,0.2956902848794741
0.02996993064880371,0.295763330898466
0.029989957809448242,0.295836376917458
0.030013084411621094,0.29590942293644995
0.030024051666259766,0.29598246895544195
0.030027389526367188,0.2960555149744339
0.03004002571105957,0.2961285609934259
0.030063629150390625,0.2962016070124178
0.030063629150390625,0.29627465303140976
0.030071735382080078,0.29634769905040176
0.03008103370666504,0.2964207450693937
0.03008580207824707,0.2964937910883857
0.030130863189697266,0.29656683710737763
0.0301363468170166,0.29663988312636963
0.03014206886291504,0.29671292914536157
0.030153989791870117,0.29678597516435357
0.03015923500061035,0.2968590211833455
0.030179738998413086,0.29693206720233745
0.030181407928466797,0.29700511322132944
0.03018641471862793,0.2970781592403214
0.030211210250854492,0.2971512052593134
0.030211687088012695,0.2972242512783053
0.030215978622436523,0.2972972972972973
0.030224323272705078,0.29737034331628925
0.03022623062133789,0.29744338933528125
0.030231475830078125,0.2975164353542732
0.03023982048034668,0.29758948137326513
0.03024458885192871,0.2976625273922571
0.030245304107666016,0.29773557341124907
0.030252933502197266,0.29780861943024106
0.0302584171295166,0.297881665449233
0.03025960922241211,0.297954711468225
0.030267715454101562,0.29802775748721694
0.030271291732788086,0.29810080350620893
0.030278444290161133,0.2981738495252009
0.030282020568847656,0.2982468955441928
0.030291080474853516,0.2983199415631848
0.03029155731201172,0.29839298758217675
0.03031468391418457,0.29846603360116875
0.030316829681396484,0.2985390796201607
0.03032064437866211,0.2986121256391527
0.030323028564453125,0.2986851716581446
0.03033161163330078,0.2987582176771366
0.03033447265625,0.29883126369612856
0.030338764190673828,0.29890430971512055
0.030342817306518555,0.2989773557341125
0.03034353256225586,0.29905040175310443
0.030349016189575195,0.29912344777209643
0.030353307723999023,0.29919649379108837
0.030353784561157227,0.29926953981008036
0.03035879135131836,0.2993425858290723
0.030359983444213867,0.2994156318480643
0.03037095069885254,0.29948867786705624
0.03037405014038086,0.29956172388604824
0.03037714958190918,0.2996347699050402
0.03037738800048828,0.2997078159240321
0.030379056930541992,0.2997808619430241
0.030385971069335938,0.29985390796201605
0.030398845672607422,0.29992695398100805
0.030401229858398438,0.3
0.03040480613708496,0.300073046018992
0.03041386604309082,0.3001460920379839
0.03041839599609375,0.3002191380569759
0.03042745590209961,0.30029218407596786
0.03043198585510254,0.3003652300949598
0.030434370040893555,0.3004382761139518
0.030444622039794922,0.30051132213294374
0.03044891357421875,0.30058436815193573
0.030449390411376953,0.3006574141709277
0.030457735061645508,0.30073046018991967
0.030480623245239258,0.3008035062089116
0.03048110008239746,0.3008765522279036
0.030481815338134766,0.30094959824689554
0.03048229217529297,0.3010226442658875
0.030490398406982422,0.3010956902848795
0.030496835708618164,0.3011687363038714
0.03050541877746582,0.3012417823228634
0.030512332916259766,0.30131482834185536
0.030514240264892578,0.30138787436084735
0.030514955520629883,0.3014609203798393
0.0305178165435791,0.3015339663988313
0.030518531799316406,0.30160701241782323
0.030524015426635742,0.30168005843681517
0.030527114868164062,0.30175310445580716
0.0305328369140625,0.3018261504747991
0.030539751052856445,0.3018991964937911
0.03054523468017578,0.30197224251278304
0.03065180778503418,0.30204528853177504
0.030697345733642578,0.302118334550767
0.030715227127075195,0.30219138056975897
0.030731916427612305,0.3022644265887509
0.030775070190429688,0.30233747260774285
0.030791521072387695,0.30241051862673485
0.030818462371826172,0.3024835646457268
0.03081965446472168,0.3025566106647188
0.03087639808654785,0.3026296566837107
0.03090190887451172,0.3027027027027027
0.030936002731323242,0.30277574872169466
0.030977964401245117,0.30284879474068666
0.031039953231811523,0.3029218407596786
0.03137779235839844,0.30299488677867054
0.03139185905456543,0.30306793279766253
0.03157687187194824,0.30314097881665447
0.031708717346191406,0.30321402483564647
0.032187461853027344,0.3032870708546384
0.03282976150512695,0.3033601168736304
0.03289484977722168,0.30343316289262234
0.03371477127075195,0.30350620891161434
0.03459429740905762,0.3035792549306063
0.03487253189086914,0.3036523009495982
0.035875797271728516,0.3037253469685902
0.036241769790649414,0.30379839298758216
0.03676009178161621,0.30387143900657415
0.03757119178771973,0.3039444850255661
0.037653446197509766,0.3040175310445581
0.03778386116027832,0.30409057706355
0.03778719902038574,0.304163623082542
0.03787970542907715,0.30423666910153396
0.03813338279724121,0.30430971512052596
0.038355350494384766,0.3043827611395179
0.03838825225830078,0.30445580715850984
0.03849172592163086,0.30452885317750183
0.03870272636413574,0.3046018991964938
0.03871560096740723,0.30467494521548577
0.038964271545410156,0.3047479912344777
0.039012908935546875,0.3048210372534697
0.03904867172241211,0.30489408327246165
0.039099693298339844,0.30496712929145364
0.03917527198791504,0.3050401753104456
0.03928565979003906,0.3051132213294375
0.039345502853393555,0.3051862673484295
0.03935718536376953,0.30525931336742146
0.039414405822753906,0.30533235938641345
0.039467811584472656,0.3054054054054054
0.03954052925109863,0.3054784514243974
0.039551734924316406,0.30555149744338933
0.03957557678222656,0.3056245434623813
0.039580345153808594,0.30569758948137327
0.039652109146118164,0.3057706355003652
0.039661407470703125,0.3058436815193572
0.03970813751220703,0.30591672753834914
0.03973269462585449,0.30598977355734114
0.0397486686706543,0.3060628195763331
0.03975415229797363,0.3061358655953251
0.03985142707824707,0.306208911614317
0.03988218307495117,0.306281957633309
0.0400238037109375,0.30635500365230095
0.040097713470458984,0.3064280496712929
0.04012584686279297,0.3065010956902849
0.04017210006713867,0.3065741417092768
0.04018735885620117,0.3066471877282688
0.04025459289550781,0.30672023374726076
0.04029250144958496,0.30679327976625276
0.040303945541381836,0.3068663257852447
0.04030728340148926,0.3069393718042367
0.04044747352600098,0.30701241782322863
0.04050111770629883,0.3070854638422206
0.04050707817077637,0.30715850986121257
0.040531158447265625,0.3072315558802045
0.04060697555541992,0.3073046018991965
0.04062199592590332,0.30737764791818845
0.04067230224609375,0.30745069393718044
0.040695905685424805,0.3075237399561724
0.0407099723815918,0.3075967859751644
0.040726661682128906,0.3076698319941563
0.04079294204711914,0.30774287801314826
0.04090285301208496,0.30781592403214025
0.040932655334472656,0.3078889700511322
0.041027069091796875,0.3079620160701242
0.041118621826171875,0.30803506208911613
0.04112601280212402,0.3081081081081081
0.04113602638244629,0.30818115412710007
0.04114580154418945,0.30825420014609206
0.04116058349609375,0.308327246165084
0.04122805595397949,0.30840029218407594
0.04125547409057617,0.30847333820306794
0.04127144813537598,0.3085463842220599
0.04127812385559082,0.3086194302410519
0.041288137435913086,0.3086924762600438
0.04132223129272461,0.3087655222790358
0.04132819175720215,0.30883856829802775
0.041347503662109375,0.30891161431701974
0.041361093521118164,0.3089846603360117
0.041382789611816406,0.3090577063550036
0.041388750076293945,0.3091307523739956
0.041399240493774414,0.30920379839298756
0.04145026206970215,0.30927684441197956
0.04148674011230469,0.3093498904309715
0.041491031646728516,0.3094229364499635
0.04149746894836426,0.30949598246895543
0.0415034294128418,0.30956902848794743
0.04151630401611328,0.30964207450693937
0.04154706001281738,0.30971512052593136
0.04158306121826172,0.3097881665449233
0.041597604751586914,0.30986121256391524
0.04165315628051758,0.30993425858290724
0.04168701171875,0.3100073046018992
0.04173612594604492,0.3100803506208912
0.04173731803894043,0.3101533966398831
0.04177284240722656,0.3102264426588751
0.041780948638916016,0.31029948867786705
0.04178166389465332,0.31037253469685905
0.04181718826293945,0.310445580715851
0.04185962677001953,0.31051862673484293
0.041864871978759766,0.3105916727538349
0.041905879974365234,0.31066471877282686
0.04192018508911133,0.31073776479181886
0.04198050498962402,0.3108108108108108
0.04198718070983887,0.3108838568298028
0.04199028015136719,0.31095690284879474
0.041991472244262695,0.31102994886778673
0.04203033447265625,0.31110299488677867
0.0420527458190918,0.3111760409057706
0.04207730293273926,0.3112490869247626
0.04209399223327637,0.31132213294375455
0.042111873626708984,0.31139517896274654
0.04211997985839844,0.3114682249817385
0.04213738441467285,0.3115412710007305
0.042163848876953125,0.3116143170197224
0.04217219352722168,0.3116873630387144
0.04218935966491699,0.31176040905770636
0.042233943939208984,0.3118334550766983
0.04224967956542969,0.3119065010956903
0.042252540588378906,0.31197954711468223
0.042264699935913086,0.3120525931336742
0.04229283332824707,0.31212563915266617
0.042314767837524414,0.31219868517165816
0.042318105697631836,0.3122717311906501
0.04237103462219238,0.3123447772096421
0.04239678382873535,0.31241782322863404
0.04241657257080078,0.312490869247626
0.04243063926696777,0.312563915266618
0.04243326187133789,0.3126369612856099
0.04244685173034668,0.3127100073046019
0.04245400428771973,0.31278305332359385
0.042497873306274414,0.31285609934258585
0.04250788688659668,0.3129291453615778
0.04253983497619629,0.3130021913805698
0.042546749114990234,0.3130752373995617
0.04255819320678711,0.31314828341855366
0.04256939888000488,0.31322132943754566
0.04258084297180176,0.3132943754565376
0.04259324073791504,0.3133674214755296
0.042627811431884766,0.31344046749452154
0.042629241943359375,0.31351351351351353
0.042630910873413086,0.31358655953250547
0.04263901710510254,0.31365960555149747
0.04268956184387207,0.3137326515704894
0.04272341728210449,0.31380569758948135
0.04274249076843262,0.31387874360847334
0.042783260345458984,0.3139517896274653
0.04279828071594238,0.3140248356464573
0.04280877113342285,0.3140978816654492
0.042810916900634766,0.3141709276844412
0.04281163215637207,0.31424397370343315
0.04283452033996582,0.31431701972242515
0.042886972427368164,0.3143900657414171
0.04290366172790527,0.31446311176040903
0.042912960052490234,0.314536157779401
0.04293203353881836,0.31460920379839297
0.042934417724609375,0.31468224981738496
0.04298138618469238,0.3147552958363769
0.04302167892456055,0.3148283418553689
0.04302573204040527,0.31490138787436084
0.043061256408691406,0.31497443389335283
0.04306459426879883,0.3150474799123448
0.043097496032714844,0.3151205259313367
0.04310274124145508,0.3151935719503287
0.04312300682067871,0.31526661796932065
0.04315042495727539,0.31533966398831265
0.04315304756164551,0.3154127100073046
0.043169498443603516,0.3154857560262966
0.043177127838134766,0.3155588020452885
0.0431971549987793,0.3156318480642805
0.04320883750915527,0.31570489408327246
0.04326319694519043,0.31577794010226445
0.04327726364135742,0.3158509861212564
0.043296098709106445,0.31592403214024833
0.043311357498168945,0.31599707815924033
0.04331851005554199,0.31607012417823227
0.043318748474121094,0.31614317019722427
0.043325185775756836,0.3162162162162162
0.04339027404785156,0.3162892622352082
0.04339885711669922,0.31636230825420014
0.043402671813964844,0.31643535427319214
0.04341483116149902,0.3165084002921841
0.04343557357788086,0.316581446311176
0.043447017669677734,0.316654492330168
0.04345202445983887,0.31672753834915995
0.043486595153808594,0.31680058436815195
0.04351496696472168,0.3168736303871439
0.04354071617126465,0.3169466764061359
0.04356098175048828,0.3170197224251278
0.0435636043548584,0.3170927684441198
0.04356527328491211,0.31716581446311176
0.04356694221496582,0.3172388604821037
0.04357314109802246,0.3173119065010957
0.04361748695373535,0.31738495252008764
0.0436398983001709,0.31745799853907963
0.043656110763549805,0.3175310445580716
0.043669939041137695,0.31760409057706357
0.04369783401489258,0.3176771365960555
0.04372429847717285,0.3177501826150475
0.04375338554382324,0.31782322863403945
0.04376792907714844,0.3178962746530314
0.043770790100097656,0.3179693206720234
0.04377484321594238,0.3180423666910153
0.043778181076049805,0.3181154127100073
0.043784141540527344,0.31818845872899926
0.043792724609375,0.31826150474799125
0.04381275177001953,0.3183345507669832
0.04385089874267578,0.3184075967859752
0.04386591911315918,0.31848064280496713
0.04386782646179199,0.31855368882395907
0.0438690185546875,0.31862673484295106
0.04387712478637695,0.318699780861943
0.04388785362243652,0.318772826880935
0.043923377990722656,0.31884587289992694
0.04392409324645996,0.31891891891891894
0.04394030570983887,0.3189919649379109
0.04398036003112793,0.3190650109569029
0.044000864028930664,0.3191380569758948
0.04402303695678711,0.31921110299488675
0.044037580490112305,0.31928414901387875
0.04405045509338379,0.3193571950328707
0.044051170349121094,0.3194302410518627
0.04406261444091797,0.3195032870708546
0.04407143592834473,0.3195763330898466
0.04407358169555664,0.31964937910883856
0.04407835006713867,0.31972242512783056
0.04407930374145508,0.3197954711468225
0.0440826416015625,0.31986851716581444
0.044089555740356445,0.31994156318480643
0.0440974235534668,0.3200146092037984
0.04412364959716797,0.32008765522279037
0.04412984848022461,0.3201607012417823
0.044145822525024414,0.3202337472607743
0.04415321350097656,0.32030679327976624
0.04417729377746582,0.32037983929875824
0.04417991638183594,0.3204528853177502
0.04422187805175781,0.3205259313367421
0.04422569274902344,0.3205989773557341
0.04423165321350098,0.32067202337472606
0.04423260688781738,0.32074506939371805
0.04423880577087402,0.32081811541271
0.04424881935119629,0.320891161431702
0.04426765441894531,0.32096420745069393
0.04427313804626465,0.3210372534696859
0.04430341720581055,0.32111029948867786
0.04431033134460449,0.32118334550766986
0.0443112850189209,0.3212563915266618
0.0443117618560791,0.32132943754565374
0.04431343078613281,0.32140248356464574
0.044318199157714844,0.3214755295836377
0.04432058334350586,0.32154857560262967
0.044324636459350586,0.3216216216216216
0.04434967041015625,0.3216946676406136
0.04435014724731445,0.32176771365960555
0.04435992240905762,0.32184075967859754
0.04436159133911133,0.3219138056975895
0.04437661170959473,0.3219868517165814
0.04440045356750488,0.3220598977355734
0.044400930404663086,0.32213294375456536
0.0444025993347168,0.32220598977355736
0.04441213607788086,0.3222790357925493
0.0444338321685791,0.3223520818115413
0.04443502426147461,0.32242512783053323
0.04443931579589844,0.3224981738495252
0.04444146156311035,0.32257121986851717
0.04446601867675781,0.3226442658875091
0.044476985931396484,0.3227173119065011
0.044480323791503906,0.32279035792549304
0.044510602951049805,0.32286340394448504
0.044528961181640625,0.322936449963477
0.04453396797180176,0.323009495982469
0.04453444480895996,0.3230825420014609
0.0445406436920166,0.3231555880204529
0.044541358947753906,0.32322863403944485
0.04459834098815918,0.3233016800584368
0.04459977149963379,0.3233747260774288
0.04460024833679199,0.3234477720964207
0.044600725173950195,0.3235208181154127
0.04462695121765137,0.32359386413440466
0.04462933540344238,0.32366691015339666
0.04463362693786621,0.3237399561723886
0.04463386535644531,0.3238130021913806
0.04463386535644531,0.32388604821037253
0.04464006423950195,0.3239590942293645
0.04464101791381836,0.32403214024835647
0.0446469783782959,0.3241051862673484
0.04468584060668945,0.3241782322863404
0.04470324516296387,0.32425127830533235
0.04470324516296387,0.32432432432432434
0.044722557067871094,0.3243973703433163
0.04472541809082031,0.3244704163623083
0.04474139213562012,0.3245434623813002
0.044748783111572266,0.32461650840029216
0.04476213455200195,0.32468955441928415
0.044770002365112305,0.3247626004382761
0.044771671295166016,0.3248356464572681
0.04478120803833008,0.32490869247626003
0.04479336738586426,0.324981738495252
0.04480481147766113,0.32505478451424397
0.044806718826293945,0.32512783053323596
0.04482269287109375,0.3252008765522279
0.04483461380004883,0.32527392257121984
0.044838666915893555,0.32534696859021184
0.04483914375305176,0.3254200146092038
0.04483914375305176,0.3254930606281958
0.044855356216430664,0.3255661066471877
0.044855356216430664,0.3256391526661797
0.04486894607543945,0.32571219868517165
0.04487276077270508,0.32578524470416365
0.04487752914428711,0.3258582907231556
0.04490017890930176,0.3259313367421475
0.04490160942077637,0.3260043827611395
0.0449216365814209,0.32607742878013146
0.04494595527648926,0.32615047479912346
0.04494905471801758,0.3262235208181154
0.044970035552978516,0.3262965668371074
0.044991493225097656,0.32636961285609933
0.045022010803222656,0.32644265887509133
0.04502511024475098,0.32651570489408327
0.04502677917480469,0.3265887509130752
0.0450289249420166,0.3266617969320672
0.04503202438354492,0.32673484295105915
0.04503750801086426,0.32680788897005114
0.04504251480102539,0.3268809349890431
0.045044660568237305,0.3269539810080351
0.045083045959472656,0.327027027027027
0.04509592056274414,0.327100073046019
0.04509878158569336,0.32717311906501095
0.04511260986328125,0.32724616508400295
0.04512596130371094,0.3273192111029949
0.04513382911682129,0.32739225712198683
0.04514741897583008,0.3274653031409788
0.04517698287963867,0.32753834915997077
0.04517769813537598,0.32761139517896276
0.04519510269165039,0.3276844411979547
0.045195817947387695,0.3277574872169467
0.045217275619506836,0.32783053323593864
0.045228004455566406,0.32790357925493063
0.04526114463806152,0.3279766252739226
0.045271873474121094,0.3280496712929145
0.04527926445007324,0.3281227173119065
0.045284271240234375,0.32819576333089845
0.04528522491455078,0.32826880934989044
0.04529404640197754,0.3283418553688824
0.04529881477355957,0.3284149013878744
0.045319318771362305,0.3284879474068663
0.04532432556152344,0.3285609934258583
0.045327186584472656,0.32863403944485026
0.04532933235168457,0.3287070854638422
0.04535412788391113,0.3287801314828342
0.045354366302490234,0.32885317750182613
0.04536271095275879,0.32892622352081813
0.04537177085876465,0.32899926953981007
0.04537391662597656,0.32907231555880206
0.045386552810668945,0.329145361577794
0.045439958572387695,0.329218407596786
0.04546928405761719,0.32929145361577794
0.04547262191772461,0.3293644996347699
0.04551267623901367,0.3294375456537619
0.04551553726196289,0.3295105916727538
0.0455775260925293,0.3295836376917458
0.045580387115478516,0.32965668371073775
0.04560399055480957,0.32972972972972975
0.04561901092529297,0.3298027757487217
0.0456235408782959,0.3298758217677137
0.04564690589904785,0.3299488677867056
0.04565548896789551,0.33002191380569756
0.04565930366516113,0.33009495982468956
0.04567575454711914,0.3301680058436815
0.0456852912902832,0.3302410518626735
0.045697927474975586,0.33031409788166544
0.045714616775512695,0.33038714390065743
0.045731306076049805,0.33046018991964937
0.04573464393615723,0.33053323593864137
0.045737266540527344,0.3306062819576333
0.04575657844543457,0.33067932797662525
0.04576468467712402,0.33075237399561724
0.04581737518310547,0.3308254200146092
0.04581856727600098,0.3308984660336012
0.045825958251953125,0.3309715120525931
0.04583311080932617,0.3310445580715851
0.04584622383117676,0.33111760409057706
0.04584813117980957,0.33119065010956905
0.04586195945739746,0.331263696128561
0.045862436294555664,0.33133674214755293
0.045868873596191406,0.3314097881665449
0.0458836555480957,0.33148283418553687
0.04590463638305664,0.33155588020452886
0.04591083526611328,0.3316289262235208
0.04591846466064453,0.3317019722425128
0.04592156410217285,0.33177501826150474
0.045922279357910156,0.33184806428049674
0.04596114158630371,0.3319211102994887
0.045979976654052734,0.3319941563184806
0.04599189758300781,0.3320672023374726
0.04600024223327637,0.33214024835646455
0.04600238800048828,0.33221329437545655
0.0460047721862793,0.3322863403944485
0.04601335525512695,0.3323593864134405
0.046016693115234375,0.3324324324324324
0.04602789878845215,0.3325054784514244
0.04603266716003418,0.33257852447041636
0.046034812927246094,0.33265157048940835
0.046036481857299805,0.3327246165084003
0.04604649543762207,0.33279766252739224
0.04604673385620117,0.33287070854638423
0.04604697227478027,0.33294375456537617
0.0460507869720459,0.33301680058436817
0.046088218688964844,0.3330898466033601
0.046089887619018555,0.3331628926223521
0.04609322547912598,0.33323593864134404
0.04609346389770508,0.33330898466033604
0.046103477478027344,0.333382030679328
0.04610443115234375,0.3334550766983199
0.04610562324523926,0.3335281227173119
0.04613065719604492,0.33360116873630385
0.04613780975341797,0.33367421475529585
0.04615592956542969,0.3337472607742878
0.04616212844848633,0.3338203067932798
0.04617190361022949,0.3338933528122717
0.04619789123535156,0.3339663988312637
0.0462644100189209,0.33403944485025566
0.046265363693237305,0.3341124908692476
0.046282052993774414,0.3341855368882396
0.04628467559814453,0.33425858290723154
0.046288490295410156,0.33433162892622353
0.04633355140686035,0.3344046749452155
0.04634284973144531,0.33447772096420747
0.04634547233581543,0.3345507669831994
0.046347618103027344,0.3346238130021914
0.0463557243347168,0.33469685902118335
0.0463714599609375,0.3347699050401753
0.04638338088989258,0.3348429510591673
0.0463871955871582,0.3349159970781592
0.04640531539916992,0.3349890430971512
0.04641151428222656,0.33506208911614316
0.04641556739807129,0.33513513513513515
0.046423912048339844,0.3352081811541271
0.0464327335357666,0.3352812271731191
0.046440839767456055,0.33535427319211103
0.04644584655761719,0.33542731921110297
0.04644966125488281,0.33550036523009497
0.046465396881103516,0.3355734112490869
0.04656529426574707,0.3356464572680789
0.04658937454223633,0.33571950328707084
0.0466001033782959,0.33579254930606284
0.04660773277282715,0.3358655953250548
0.04661750793457031,0.3359386413440468
0.046655893325805664,0.3360116873630387
0.04665803909301758,0.33608473338203065
0.046659231185913086,0.33615777940102265
0.04665994644165039,0.3362308254200146
0.046660661697387695,0.3363038714390066
0.04668068885803223,0.3363769174579985
0.046681880950927734,0.3364499634769905
0.04668593406677246,0.33652300949598246
0.04668998718261719,0.33659605551497446
0.04670596122741699,0.3366691015339664
0.04671287536621094,0.33674214755295834
0.04672980308532715,0.33681519357195033
0.04674577713012695,0.3368882395909423
0.04675936698913574,0.33696128560993427
0.04676699638366699,0.3370343316289262
0.04676961898803711,0.3371073776479182
0.046784400939941406,0.33718042366691015
0.04680275917053223,0.33725346968590214
0.04680299758911133,0.3373265157048941
0.04680919647216797,0.337399561723886
0.0468142032623291,0.337472607742878
0.04682326316833496,0.33754565376186996
0.04683256149291992,0.33761869978086195
0.04683542251586914,0.3376917457998539
0.04684281349182129,0.3377647918188459
0.04686689376831055,0.33783783783783783
0.04687166213989258,0.3379108838568298
0.04689145088195801,0.33798392987582176
0.04689383506774902,0.3380569758948137
0.046898841857910156,0.3381300219138057
0.046906232833862305,0.33820306793279764
0.046912193298339844,0.33827611395178964
0.046915531158447266,0.3383491599707816
0.04691648483276367,0.3384222059897736
0.04693198204040527,0.3384952520087655
0.04694342613220215,0.3385682980277575
0.04694724082946777,0.33864134404674945
0.04695630073547363,0.33871439006574144
0.046956777572631836,0.3387874360847334
0.04695892333984375,0.3388604821037253
0.04697704315185547,0.3389335281227173
0.04699230194091797,0.33900657414170926
0.04700160026550293,0.33907962016070126
0.047013044357299805,0.3391526661796932
0.04701399803161621,0.3392257121986852
0.04702186584472656,0.33929875821767713
0.04702186584472656,0.33937180423666913
0.047029972076416016,0.33944485025566107
0.04704403877258301,0.339517896274653
0.04704570770263672,0.339590942293645
0.047063350677490234,0.33966398831263694
0.04707741737365723,0.33973703433162894
0.04707837104797363,0.3398100803506209
0.04708075523376465,0.3398831263696129
0.04709005355834961,0.3399561723886048
0.04709506034851074,0.3400292184075968
0.0471041202545166,0.34010226442658875
0.047106027603149414,0.3401753104455807
0.04713726043701172,0.3402483564645727
0.04715251922607422,0.34032140248356463
0.04715466499328613,0.3403944485025566
0.04716181755065918,0.34046749452154856
0.04718613624572754,0.34054054054054056
0.04719138145446777,0.3406135865595325
0.04720783233642578,0.3406866325785245
0.047223567962646484,0.34075967859751644
0.047232866287231445,0.3408327246165084
0.04723691940307617,0.34090577063550037
0.04724287986755371,0.3409788166544923
0.04725384712219238,0.3410518626734843
0.047255516052246094,0.34112490869247625
0.04725980758666992,0.34119795471146824
0.04726767539978027,0.3412710007304602
0.04727292060852051,0.3413440467494522
0.047276973724365234,0.3414170927684441
0.04727768898010254,0.34149013878743606
0.047280311584472656,0.34156318480642806
0.0472867488861084,0.34163623082542
0.04730653762817383,0.341709276844412
0.047313690185546875,0.34178232286340393
0.047322988510131836,0.3418553688823959
0.04733562469482422,0.34192841490138787
0.04735922813415527,0.34200146092037986
0.04736661911010742,0.3420745069393718
0.047380685806274414,0.34214755295836374
0.04738759994506836,0.34222059897735574
0.04739952087402344,0.3422936449963477
0.04742741584777832,0.3423666910153397
0.04745364189147949,0.3424397370343316
0.04745650291442871,0.3425127830533236
0.04746866226196289,0.34258582907231555
0.04747295379638672,0.34265887509130755
0.047478437423706055,0.3427319211102995
0.04747891426086426,0.3428049671292914
0.04748368263244629,0.3428780131482834
0.047495365142822266,0.34295105916727536
0.047498464584350586,0.34302410518626736
0.04752469062805176,0.3430971512052593
0.04752755165100098,0.3431701972242513
0.04752922058105469,0.34324324324324323
0.047537803649902344,0.34331628926223523
0.04754495620727539,0.34338933528122717
0.04754638671875,0.3434623813002191
0.047571420669555664,0.3435354273192111
0.047571659088134766,0.34360847333820305
0.047583818435668945,0.34368151935719504
0.04758405685424805,0.343754565376187
0.04759550094604492,0.343827611395179
0.04760003089904785,0.3439006574141709
0.04761481285095215,0.3439737034331629
0.04761815071105957,0.34404674945215485
0.0476384162902832,0.34411979547114685
0.047643423080444336,0.3441928414901388
0.047655582427978516,0.34426588750913073
0.047660112380981445,0.3443389335281227
0.04766392707824707,0.34441197954711467
0.047669172286987305,0.34448502556610666
0.04768872261047363,0.3445580715850986
0.047688961029052734,0.3446311176040906
0.047696590423583984,0.34470416362308254
0.047705888748168945,0.34477720964207453
0.047705888748168945,0.3448502556610665
0.04770636558532715,0.3449233016800584
0.04770994186401367,0.3449963476990504
0.047711849212646484,0.34506939371804235
0.04772591590881348,0.34514243973703435
0.04772591590881348,0.3452154857560263
0.04773092269897461,0.3452885317750183
0.04773879051208496,0.3453615777940102
0.0477447509765625,0.3454346238130022
0.04774737358093262,0.34550766983199416
0.047760725021362305,0.3455807158509861
0.0477757453918457,0.3456537618699781
0.047775983810424805,0.34572680788897003
0.04777860641479492,0.34579985390796203
0.04777956008911133,0.34587289992695397
0.04778766632080078,0.34594594594594597
0.04782891273498535,0.3460189919649379
0.04783058166503906,0.3460920379839299
0.04784750938415527,0.34616508400292184
0.047850847244262695,0.3462381300219138
0.047857046127319336,0.3463111760409058
0.047858238220214844,0.3463842220598977
0.047873735427856445,0.3464572680788897
0.04788780212402344,0.34653031409788165
0.047892093658447266,0.34660336011687365
0.04789280891418457,0.3466764061358656
0.04789614677429199,0.3467494521548576
0.047905921936035156,0.3468224981738495
0.04790616035461426,0.34689554419284147
0.04790902137756348,0.34696859021183346
0.04793262481689453,0.3470416362308254
0.047937870025634766,0.3471146822498174
0.047953128814697266,0.34718772826880934
0.047966718673706055,0.34726077428780133
0.04797768592834473,0.3473338203067933
0.04797959327697754,0.34740686632578527
0.04798126220703125,0.3474799123447772
0.0479884147644043,0.34755295836376915
0.047995805740356445,0.34762600438276114
0.04800128936767578,0.3476990504017531
0.0480036735534668,0.3477720964207451
0.04800915718078613,0.347845142439737
0.048012495040893555,0.347918188458729
0.04802298545837402,0.34799123447772096
0.04802346229553223,0.34806428049671295
0.04803180694580078,0.3481373265157049
0.04804491996765137,0.34821037253469683
0.04804563522338867,0.34828341855368883
0.04805159568786621,0.34835646457268077
0.04806160926818848,0.34842951059167276
0.048067331314086914,0.3485025566106647
0.04806828498840332,0.3485756026296567
0.04809308052062988,0.34864864864864864
0.0480954647064209,0.34872169466764064
0.04809880256652832,0.3487947406866326
0.04810285568237305,0.3488677867056245
0.04812121391296387,0.3489408327246165
0.04812502861022949,0.34901387874360845
0.04813194274902344,0.34908692476260045
0.04813432693481445,0.3491599707815924
0.048137664794921875,0.3492330168005844
0.048139333724975586,0.3493060628195763
0.048158884048461914,0.3493791088385683
0.04815983772277832,0.34945215485756026
0.04816770553588867,0.34952520087655226
0.04817700386047363,0.3495982468955442
0.04820442199707031,0.34967129291453614
0.04821276664733887,0.34974433893352813
0.0482182502746582,0.34981738495252007
0.04822111129760742,0.34989043097151207
0.04823136329650879,0.349963476990504
0.04824495315551758,0.350036523009496
0.04825639724731445,0.35010956902848794
0.04825854301452637,0.35018261504747994
0.0482792854309082,0.3502556610664719
0.048287153244018555,0.3503287070854638
0.04830479621887207,0.3504017531044558
0.04832005500793457,0.35047479912344776
0.04832315444946289,0.35054784514243975
0.04832959175109863,0.3506208911614317
0.04833340644836426,0.3506939371804237
0.04833674430847168,0.3507669831994156
0.04834485054016113,0.3508400292184076
0.04835915565490723,0.35091307523739956
0.04836678504943848,0.3509861212563915
0.04836916923522949,0.3510591672753835
0.048380136489868164,0.35113221329437544
0.0483851432800293,0.35120525931336743
0.04838848114013672,0.3512783053323594
0.048398733139038086,0.35135135135135137
0.04840493202209473,0.3514243973703433
0.04840493202209473,0.3514974433893353
0.048407554626464844,0.35157048940832725
0.04841804504394531,0.3516435354273192
0.04842710494995117,0.3517165814463112
0.04843473434448242,0.3517896274653031
0.04843640327453613,0.3518626734842951
0.048441410064697266,0.35193571950328706
0.04845905303955078,0.35200876552227905
0.048474788665771484,0.352081811541271
0.04851484298706055,0.352154857560263
0.04853320121765137,0.35222790357925493
0.04854631423950195,0.35230094959824687
0.04855012893676758,0.35237399561723887
0.04856705665588379,0.3524470416362308
0.048575639724731445,0.3525200876552228
0.04857802391052246,0.35259313367421474
0.0485842227935791,0.35266617969320674
0.048596858978271484,0.3527392257121987
0.04859757423400879,0.3528122717311907
0.048599958419799805,0.3528853177501826
0.04860353469848633,0.35295836376917455
0.04860973358154297,0.35303140978816655
0.0486147403717041,0.3531044558071585
0.04863095283508301,0.3531775018261505
0.04863429069519043,0.3532505478451424
0.04865622520446777,0.3533235938641344
0.04865694046020508,0.35339663988312636
0.04866957664489746,0.35346968590211836
0.0486757755279541,0.3535427319211103
0.04867863655090332,0.35361577794010224
0.04868197441101074,0.35368882395909423
0.048683881759643555,0.3537618699780862
0.04868507385253906,0.35383491599707817
0.0486910343170166,0.3539079620160701
0.04869389533996582,0.3539810080350621
0.04870128631591797,0.35405405405405405
0.04870796203613281,0.35412710007304604
0.048709869384765625,0.354200146092038
0.048714637756347656,0.3542731921110299
0.04871487617492676,0.3543462381300219
0.04872012138366699,0.35441928414901386
0.04873013496398926,0.35449233016800585
0.04873514175415039,0.3545653761869978
0.048735857009887695,0.3546384222059898
0.048737525939941406,0.35471146822498173
0.04877638816833496,0.3547845142439737
0.048778533935546875,0.35485756026296567
0.04877901077270508,0.3549306062819576
0.04877948760986328,0.3550036523009496
0.0487825870513916,0.35507669831994154
0.048802852630615234,0.35514974433893354
0.04881167411804199,0.3552227903579255
0.04881572723388672,0.3552958363769175
0.04881596565246582,0.3553688823959094
0.04881739616394043,0.3554419284149014
0.04883217811584473,0.35551497443389335
0.048839569091796875,0.35558802045288534
0.04884958267211914,0.3556610664718773
0.04885554313659668,0.3557341124908692
0.04885554313659668,0.3558071585098612
0.048856258392333984,0.35588020452885316
0.04886054992675781,0.35595325054784516
0.04886293411254883,0.3560262965668371
0.04886317253112793,0.3560993425858291
0.048872947692871094,0.35617238860482103
0.04887819290161133,0.35624543462381303
0.04888200759887695,0.35631848064280497
0.048883914947509766,0.3563915266617969
0.048892974853515625,0.3564645726807889
0.04889655113220215,0.35653761869978084
0.04889845848083496,0.35661066471877284
0.048898935317993164,0.3566837107377648
0.048906564712524414,0.3567567567567568
0.04891085624694824,0.3568298027757487
0.04891395568847656,0.3569028487947407
0.048917531967163086,0.35697589481373265
0.0489351749420166,0.3570489408327246
0.04893684387207031,0.3571219868517166
0.04894208908081055,0.35719503287070853
0.04894542694091797,0.3572680788897005
0.0489497184753418,0.35734112490869246
0.04895329475402832,0.35741417092768446
0.048954010009765625,0.3574872169466764
0.048955440521240234,0.3575602629656684
0.04896068572998047,0.35763330898466034
0.0489656925201416,0.3577063550036523
0.0489656925201416,0.3577794010226443
0.04897260665893555,0.3578524470416362
0.04897594451904297,0.3579254930606282
0.048981666564941406,0.35799853907962015
0.04898500442504883,0.35807158509861214
0.048989057540893555,0.3581446311176041
0.04900312423706055,0.3582176771365961
0.04900789260864258,0.358290723155588
0.0490114688873291,0.35836376917457996
0.04902195930480957,0.35843681519357196
0.04902505874633789,0.3585098612125639
0.04906129837036133,0.3585829072315559
0.049062252044677734,0.35865595325054783
0.04906892776489258,0.3587289992695398
0.049071550369262695,0.35880204528853177
0.04907655715942383,0.35887509130752376
0.04908394813537598,0.3589481373265157
0.04911398887634277,0.35902118334550764
0.0491185188293457,0.35909422936449964
0.04912281036376953,0.3591672753834916
0.04912304878234863,0.3592403214024836
0.04912424087524414,0.3593133674214755
0.049129486083984375,0.3593864134404675
0.04913592338562012,0.35945945945945945
0.04913902282714844,0.35953250547845145
0.04914045333862305,0.3596055514974434
0.04914379119873047,0.3596785975164353
0.04914712905883789,0.3597516435354273
0.04915356636047363,0.35982468955441926
0.04915356636047363,0.35989773557341126
0.049155235290527344,0.3599707815924032
0.0491642951965332,0.3600438276113952
0.04916501045227051,0.36011687363038714
0.049173831939697266,0.36018991964937913
0.04919934272766113,0.36026296566837107
0.04920482635498047,0.360336011687363
0.04920530319213867,0.360409057706355
0.04920625686645508,0.36048210372534695
0.04921150207519531,0.36055514974433894
0.049219369888305664,0.3606281957633309
0.04922056198120117,0.3607012417823229
0.04922652244567871,0.3607742878013148
0.049230337142944336,0.3608473338203068
0.04923391342163086,0.36092037983929875
0.049246788024902344,0.36099342585829075
0.049250125885009766,0.3610664718772827
0.04925394058227539,0.36113951789627463
0.04926443099975586,0.3612125639152666
0.04926609992980957,0.36128560993425857
0.04927325248718262,0.36135865595325056
0.049279212951660156,0.3614317019722425
0.04927945137023926,0.3615047479912345
0.04928183555603027,0.36157779401022644
0.049292802810668945,0.36165084002921843
0.049303293228149414,0.3617238860482104
0.04930591583251953,0.3617969320672023
0.04931330680847168,0.3618699780861943
0.04931759834289551,0.36194302410518625
0.04932212829589844,0.36201607012417825
0.049329280853271484,0.3620891161431702
0.04933285713195801,0.3621621621621622
0.049353837966918945,0.3622352081811541
0.04935956001281738,0.3623082542001461
0.04936099052429199,0.36238130021913806
0.04936337471008301,0.36245434623813
0.04936814308166504,0.362527392257122
0.049368858337402344,0.36260043827611393
0.04936981201171875,0.36267348429510593
0.0493769645690918,0.36274653031409787
0.04938149452209473,0.36281957633308987
0.04938220977783203,0.3628926223520818
0.0493929386138916,0.3629656683710738
0.04939460754394531,0.36303871439006574
0.049394845962524414,0.3631117604090577
0.04939627647399902,0.3631848064280497
0.04939627647399902,0.3632578524470416
0.04940009117126465,0.3633308984660336
0.049401044845581055,0.36340394448502555
0.049402475357055664,0.36347699050401755
0.049402713775634766,0.3635500365230095
0.04942822456359863,0.3636230825420015
0.04942893981933594,0.3636961285609934
0.04943442344665527,0.36376917457998537
0.04944276809692383,0.36384222059897736
0.04944920539855957,0.3639152666179693
0.0494542121887207,0.3639883126369613
0.04946160316467285,0.36406135865595324
0.04946470260620117,0.36413440467494523
0.049466848373413086,0.3642074506939372
0.04947066307067871,0.36428049671292917
0.04948139190673828,0.3643535427319211
0.04948163032531738,0.36442658875091305
0.0494837760925293,0.36449963476990505
0.049486637115478516,0.364572680788897
0.04948759078979492,0.364645726807889
0.04948902130126953,0.3647187728268809
0.0494999885559082,0.3647918188458729
0.049500465393066406,0.36486486486486486
0.04951000213623047,0.36493791088385685
0.049510955810546875,0.3650109569028488
0.04951190948486328,0.36508400292184073
0.04951310157775879,0.36515704894083273
0.04952120780944824,0.36523009495982467
0.049532413482666016,0.36530314097881667
0.04953289031982422,0.3653761869978086
0.04953455924987793,0.3654492330168006
0.04953789710998535,0.36552227903579254
0.049538373947143555,0.36559532505478454
0.04954099655151367,0.3656683710737765
0.049543142318725586,0.3657414170927684
0.0495455265045166,0.3658144631117604
0.04954695701599121,0.36588750913075235
0.04955291748046875,0.36596055514974435
0.049558401107788086,0.3660336011687363
0.049560546875,0.3661066471877283
0.049590349197387695,0.3661796932067202
0.04959464073181152,0.3662527392257122
0.04959583282470703,0.36632578524470416
0.04959678649902344,0.3663988312636961
0.049608707427978516,0.3664718772826881
0.04961085319519043,0.36654492330168004
0.04961800575256348,0.36661796932067203
0.049619436264038086,0.366691015339664
0.04962015151977539,0.36676406135865597
0.049622297286987305,0.3668371073776479
0.04962897300720215,0.3669101533966399
0.049631357192993164,0.36698319941563184
0.049637556076049805,0.36705624543462384
0.04964494705200195,0.3671292914536158
0.04964613914489746,0.3672023374726077
0.04964637756347656,0.3672753834915997
0.04964733123779297,0.36734842951059166
0.04964756965637207,0.36742147552958365
0.04965043067932129,0.3674945215485756
0.0496523380279541,0.3675675675675676
0.04965949058532715,0.36764061358655953
0.04965972900390625,0.3677136596055515
0.049665212631225586,0.36778670562454346
0.0496673583984375,0.3678597516435354
0.04966878890991211,0.3679327976625274
0.049669742584228516,0.36800584368151934
0.04967236518859863,0.36807888970051134
0.04967641830444336,0.3681519357195033
0.04969429969787598,0.36822498173849527
0.0496981143951416,0.3682980277574872
0.04969978332519531,0.3683710737764792
0.049700021743774414,0.36844411979547115
0.049700260162353516,0.3685171658144631
0.04970383644104004,0.3685902118334551
0.04970669746398926,0.368663257852447
0.04970693588256836,0.368736303871439
0.04971146583557129,0.36880934989043096
0.0497126579284668,0.36888239590942296
0.04971718788146973,0.3689554419284149
0.04972553253173828,0.3690284879474069
0.04973959922790527,0.36910153396639883
0.0497434139251709,0.36917457998539077
0.04975318908691406,0.36924762600438277
0.04975605010986328,0.3693206720233747
0.04975605010986328,0.3693937180423667
0.04976463317871094,0.36946676406135864
0.04978036880493164,0.36953981008035064
0.049781084060668945,0.3696128560993426
0.049782752990722656,0.3696859021183346
0.04978442192077637,0.3697589481373265
0.04978489875793457,0.36983199415631846
0.049787044525146484,0.36990504017531045
0.049788713455200195,0.3699780861943024
0.049790143966674805,0.3700511322132944
0.049791812896728516,0.3701241782322863
0.04979538917541504,0.3701972242512783
0.04979991912841797,0.37027027027027026
0.04980897903442383,0.37034331628926226
0.04981184005737305,0.3704163623082542
0.049813270568847656,0.37048940832724614
0.04981875419616699,0.37056245434623813
0.0498194694519043,0.3706355003652301
0.049820661544799805,0.37070854638422207
0.04982423782348633,0.370781592403214
0.0498356819152832,0.370854638422206
0.04983997344970703,0.37092768444119795
0.04984545707702637,0.37100073046018994
0.04984736442565918,0.3710737764791819
0.04985356330871582,0.3711468224981738
0.049855947494506836,0.3712198685171658
0.049860477447509766,0.37129291453615776
0.04986405372619629,0.37136596055514975
0.04987215995788574,0.3714390065741417
0.049880027770996094,0.3715120525931337
0.049883127212524414,0.37158509861212563
0.04988408088684082,0.3716581446311176
0.04988980293273926,0.37173119065010957
0.049890995025634766,0.3718042366691015
0.0498964786529541,0.3718772826880935
0.049910783767700195,0.37195032870708544
0.049915313720703125,0.37202337472607744
0.04991626739501953,0.3720964207450694
0.04991745948791504,0.3721694667640614
0.049922943115234375,0.3722425127830533
0.04992961883544922,0.3723155588020453
0.04992985725402832,0.37238860482103725
0.04993271827697754,0.37246165084002925
0.04993724822998047,0.3725346968590212
0.049941301345825195,0.3726077428780131
0.049944400787353516,0.3726807888970051
0.04995226860046387,0.37275383491599706
0.04996919631958008,0.37282688093498906
0.04996967315673828,0.372899926953981
0.0499720573425293,0.372972972972973
0.049973249435424805,0.37304601899196493
0.04997730255126953,0.37311906501095693
0.04998159408569336,0.37319211102994887
0.04998660087585449,0.3732651570489408
0.0499880313873291,0.3733382030679328
0.049993038177490234,0.37341124908692475
0.04999852180480957,0.37348429510591674
0.05000805854797363,0.3735573411249087
0.05001091957092285,0.3736303871439007
0.05002117156982422,0.3737034331628926
0.05002427101135254,0.3737764791818846
0.050024986267089844,0.37384952520087655
0.050025224685668945,0.3739225712198685
0.050032854080200195,0.3739956172388605
0.05004286766052246,0.37406866325785243
0.050043582916259766,0.3741417092768444
0.050046443939208984,0.37421475529583637
0.05004763603210449,0.37428780131482836
0.050048112869262695,0.3743608473338203
0.050048828125,0.3744338933528123
0.05007815361022949,0.37450693937180424
0.05008578300476074,0.3745799853907962
0.050086021423339844,0.3746530314097882
0.05008649826049805,0.3747260774287801
0.05008816719055176,0.3747991234477721
0.05009150505065918,0.37487216946676405
0.0500943660736084,0.37494521548575604
0.05010104179382324,0.375018261504748
0.05010271072387695,0.37509130752374
0.050103187561035156,0.3751643535427319
0.05010795593261719,0.37523739956172386
0.0501093864440918,0.37531044558071586
0.05011177062988281,0.3753834915997078
0.05011320114135742,0.3754565376186998
0.05011391639709473,0.37552958363769173
0.05011558532714844,0.37560262965668373
0.05011630058288574,0.37567567567567567
0.05011796951293945,0.37574872169466766
0.05012059211730957,0.3758217677136596
0.050122737884521484,0.37589481373265154
0.05012321472167969,0.37596785975164354
0.05012369155883789,0.3760409057706355
0.0501251220703125,0.3761139517896275
0.050125837326049805,0.3761869978086194
0.05012917518615723,0.3762600438276114
0.05013632774353027,0.37633308984660335
0.050141334533691406,0.37640613586559535
0.05014467239379883,0.3764791818845873
0.05014801025390625,0.37655222790357923
0.0501558780670166,0.3766252739225712
0.05016016960144043,0.37669831994156316
0.05016374588012695,0.37677136596055516
0.05016803741455078,0.3768444119795471
0.05016803741455078,0.3769174579985391
0.05017805099487305,0.37699050401753104
0.05017876625061035,0.37706355003652303
0.0501856803894043,0.37713659605551497
0.050193071365356445,0.3772096420745069
0.050193071365356445,0.3772826880934989
0.05019545555114746,0.37735573411249085
0.05020594596862793,0.37742878013148284
0.05020928382873535,0.3775018261504748
0.05021929740905762,0.3775748721694668
0.05022120475769043,0.3776479181884587
0.050223588943481445,0.3777209642074507
0.05022406578063965,0.37779401022644266
0.05022859573364258,0.37786705624543465
0.050234317779541016,0.3779401022644266
0.050237178802490234,0.37801314828341853
0.05023932456970215,0.3780861943024105
0.05024313926696777,0.37815924032140247
0.050245046615600586,0.37823228634039446
0.05025362968444824,0.3783053323593864
0.050254106521606445,0.3783783783783784
0.05025482177734375,0.37845142439737034
0.05025815963745117,0.37852447041636234
0.050263166427612305,0.3785975164353543
0.05026531219482422,0.3786705624543462
0.05027937889099121,0.3787436084733382
0.050284385681152344,0.37881665449233015
0.05028486251831055,0.37888970051132215
0.050286054611206055,0.3789627465303141
0.05028891563415527,0.3790357925493061
0.050293922424316406,0.379108838568298
0.050296783447265625,0.37918188458729
0.05030012130737305,0.37925493060628196
0.05030512809753418,0.3793279766252739
0.05031108856201172,0.3794010226442659
0.050312042236328125,0.37947406866325784
0.05031275749206543,0.37954711468224983
0.050314903259277344,0.37962016070124177
0.050318002700805664,0.37969320672023377
0.050323486328125,0.3797662527392257
0.05032491683959961,0.3798392987582177
0.05032491683959961,0.37991234477720964
0.05032515525817871,0.3799853907962016
0.05032634735107422,0.3800584368151936
0.05032920837402344,0.3801314828341855
0.05032992362976074,0.3802045288531775
0.050336599349975586,0.38027757487216945
0.050340890884399414,0.38035062089116145
0.050341129302978516,0.3804236669101534
0.05034184455871582,0.3804967129291454
0.05034184455871582,0.3805697589481373
0.050356149673461914,0.38064280496712927
0.05035901069641113,0.38071585098612126
0.05036425590515137,0.3807888970051132
0.05036425590515137,0.3808619430241052
0.0503687858581543,0.38093498904309714
0.0503687858581543,0.38100803506208913
0.0503697395324707,0.3810810810810811
0.050369977951049805,0.38115412710007307
0.05037355422973633,0.381227173119065
0.05037879943847656,0.38130021913805695
0.05038118362426758,0.38137326515704895
0.050386667251586914,0.3814463111760409
0.05039191246032715,0.3815193571950329
0.050397634506225586,0.3815924032140248
0.05039858818054199,0.3816654492330168
0.05040335655212402,0.38173849525200876
0.05040550231933594,0.38181154127100075
0.05041170120239258,0.3818845872899927
0.0504150390625,0.38195763330898463
0.05042266845703125,0.38203067932797663
0.05042409896850586,0.38210372534696857
0.050425052642822266,0.38217677136596057
0.0504302978515625,0.3822498173849525
0.05043959617614746,0.3823228634039445
0.05044054985046387,0.38239590942293644
0.05044674873352051,0.38246895544192844
0.050447702407836914,0.3825420014609204
0.05044817924499512,0.3826150474799123
0.05045032501220703,0.3826880934989043
0.05045366287231445,0.38276113951789625
0.05045461654663086,0.38283418553688825
0.05045723915100098,0.3829072315558802
0.05046224594116211,0.3829802775748722
0.050463199615478516,0.3830533235938641
0.05046868324279785,0.3831263696128561
0.05046987533569336,0.38319941563184806
0.05047011375427246,0.38327246165084
0.0504758358001709,0.383345507669832
0.050478219985961914,0.38341855368882394
0.05050086975097656,0.38349159970781593
0.050504446029663086,0.3835646457268079
0.05050516128540039,0.38363769174579987
0.05052947998046875,0.3837107377647918
0.050530433654785156,0.3837837837837838
0.050531864166259766,0.38385682980277575
0.05053853988647461,0.38392987582176774
0.05053877830505371,0.3840029218407597
0.050539255142211914,0.3840759678597516
0.05054020881652832,0.3841490138787436
0.05054306983947754,0.38422205989773556
0.05054759979248047,0.38429510591672755
0.05054783821105957,0.3843681519357195
0.05054831504821777,0.3844411979547115
0.050548553466796875,0.38451424397370343
0.050554752349853516,0.3845872899926954
0.05055570602416992,0.38466033601168736
0.05056142807006836,0.3847333820306793
0.050566911697387695,0.3848064280496713
0.0505681037902832,0.38487947406866324
0.05057215690612793,0.38495252008765524
0.050573110580444336,0.3850255661066472
0.050586700439453125,0.3850986121256392
0.05058741569519043,0.3851716581446311
0.05058932304382324,0.3852447041636231
0.050589799880981445,0.38531775018261505
0.05059313774108887,0.385390796201607
0.05059337615966797,0.385463842220599
0.05059623718261719,0.3855368882395909
0.05059957504272461,0.3856099342585829
0.05060076713562012,0.38568298027757486
0.05060172080993652,0.38575602629656686
0.05061078071594238,0.3858290723155588
0.0506136417388916,0.3859021183345508
0.05061507225036621,0.38597516435354273
0.05062246322631836,0.3860482103725347
0.05062460899353027,0.38612125639152667
0.05062603950500488,0.3861943024105186
0.050626516342163086,0.3862673484295106
0.0506284236907959,0.38634039444850254
0.050632476806640625,0.38641344046749454
0.05063796043395996,0.3864864864864865
0.0506434440612793,0.3865595325054785
0.05064511299133301,0.3866325785244704
0.05064749717712402,0.38670562454346236
0.050658464431762695,0.38677867056245435
0.05066251754760742,0.3868517165814463
0.050667762756347656,0.3869247626004383
0.05066847801208496,0.38699780861943023
0.050670623779296875,0.3870708546384222
0.0506749153137207,0.38714390065741416
0.05068325996398926,0.38721694667640616
0.05068516731262207,0.3872899926953981
0.05069589614868164,0.38736303871439004
0.050696611404418945,0.38743608473338204
0.05069684982299805,0.387509130752374
0.05069708824157715,0.38758217677136597
0.050698041915893555,0.3876552227903579
0.050699710845947266,0.3877282688093499
0.05069994926452637,0.38780131482834185
0.050704240798950195,0.38787436084733384
0.05071210861206055,0.3879474068663258
0.05071234703063965,0.3880204528853177
0.05071234703063965,0.3880934989043097
0.050713300704956055,0.38816654492330166
0.05071544647216797,0.38823959094229366
0.05071854591369629,0.3883126369612856
0.05073094367980957,0.3883856829802776
0.05073237419128418,0.38845872899926953
0.05073380470275879,0.3885317750182615
0.050736188888549805,0.38860482103725347
0.050745248794555664,0.3886778670562454
0.05074715614318848,0.3887509130752374
0.05074954032897949,0.38882395909422934
0.05075263977050781,0.38889700511322134
0.050759315490722656,0.3889700511322133
0.05076169967651367,0.3890430971512053
0.05076265335083008,0.3891161431701972
0.05076313018798828,0.3891891891891892
0.05076479911804199,0.38926223520818115
0.0507662296295166,0.38933528122717315
0.05076789855957031,0.3894083272461651
0.050768136978149414,0.389481373265157
0.05076909065246582,0.389554419284149
0.05076956748962402,0.38962746530314096
0.050772905349731445,0.38970051132213296
0.05077552795410156,0.3897735573411249
0.050777435302734375,0.3898466033601169
0.05077815055847168,0.38991964937910883
0.05077958106994629,0.38999269539810083
0.0507817268371582,0.39006574141709277
0.050782203674316406,0.3901387874360847
0.05078482627868652,0.3902118334550767
0.05078625679016113,0.39028487947406865
0.050786733627319336,0.39035792549306064
0.05081677436828613,0.3904309715120526
0.05083036422729492,0.3905040175310446
0.05083751678466797,0.3905770635500365
0.05084085464477539,0.3906501095690285
0.05085301399230957,0.39072315558802045
0.050870418548583984,0.3907962016070124
0.05088043212890625,0.3908692476260044
0.05088090896606445,0.39094229364499633
0.05088162422180176,0.3910153396639883
0.050882816314697266,0.39108838568298027
0.0508880615234375,0.39116143170197226
0.05088925361633301,0.3912344777209642
0.05089378356933594,0.3913075237399562
0.05089521408081055,0.39138056975894814
0.05089569091796875,0.3914536157779401
0.05090665817260742,0.3915266617969321
0.05090761184692383,0.391599707815924
0.05090951919555664,0.391672753834916
0.05091094970703125,0.39174579985390795
0.05091094970703125,0.39181884587289995
0.05091142654418945,0.3918918918918919
0.050916194915771484,0.3919649379108839
0.05092477798461914,0.3920379839298758
0.05092668533325195,0.39211102994886776
0.05092740058898926,0.39218407596785976
0.05092787742614746,0.3922571219868517
0.05093717575073242,0.3923301680058437
0.05093789100646973,0.39240321402483563
0.05094575881958008,0.39247626004382763
0.05095219612121582,0.39254930606281957
0.050954580307006836,0.39262235208181157
0.05095648765563965,0.3926953981008035
0.05095648765563965,0.39276844411979545
0.05096793174743652,0.39284149013878744
0.05097317695617676,0.3929145361577794
0.05097317695617676,0.3929875821767714
0.05097675323486328,0.3930606281957633
0.050978899002075195,0.3931336742147553
0.05099058151245117,0.39320672023374725
0.050991058349609375,0.39327976625273925
0.05099844932556152,0.3933528122717312
0.051003456115722656,0.39342585829072313
0.051004648208618164,0.3934989043097151
0.05100750923156738,0.39357195032870707
0.05101513862609863,0.39364499634769906
0.051017045974731445,0.393718042366691
0.05101776123046875,0.393791088385683
0.05103421211242676,0.39386413440467494
0.05103492736816406,0.39393718042366693
0.05103802680969238,0.3940102264426589
0.051039934158325195,0.3940832724616508
0.0510411262512207,0.3941563184806428
0.051047563552856445,0.39422936449963475
0.05105233192443848,0.39430241051862674
0.05105328559875488,0.3943754565376187
0.05105853080749512,0.3944485025566107
0.051064252853393555,0.3945215485756026
0.05106520652770996,0.3945945945945946
0.05106663703918457,0.39466764061358656
0.0510714054107666,0.3947406866325785
0.051073551177978516,0.3948137326515705
0.051078081130981445,0.39488677867056243
0.05108070373535156,0.39495982468955443
0.05109095573425293,0.39503287070854637
0.05109429359436035,0.39510591672753836
0.05109524726867676,0.3951789627465303
0.05109524726867676,0.3952520087655223
0.05109739303588867,0.39532505478451424
0.0511016845703125,0.39539810080350624
0.05110621452331543,0.3954711468224982
0.051110029220581055,0.3955441928414901
0.051111459732055664,0.3956172388604821
0.051116228103637695,0.39569028487947405
0.0511167049407959,0.39576333089846605
0.051117658615112305,0.395836376917458
0.051117658615112305,0.39590942293645
0.05111813545227051,0.3959824689554419
0.05111956596374512,0.3960555149744339
0.051125288009643555,0.39612856099342586
0.051126956939697266,0.3962016070124178
0.05112814903259277,0.3962746530314098
0.05112814903259277,0.39634769905040174
0.05112814903259277,0.39642074506939373
0.05113101005554199,0.39649379108838567
0.051131248474121094,0.39656683710737767
0.05114293098449707,0.3966398831263696
0.05114388465881348,0.3967129291453616
0.05114555358886719,0.39678597516435354
0.05114912986755371,0.3968590211833455
0.051151275634765625,0.3969320672023375
0.05115485191345215,0.3970051132213294
0.05115938186645508,0.3970781592403214
0.05116128921508789,0.39715120525931336
0.05116128921508789,0.39722425127830535
0.05116438865661621,0.3972972972972973
0.05116581916809082,0.3973703433162893
0.05116605758666992,0.3974433893352812
0.0511775016784668,0.39751643535427317
0.0511777400970459,0.39758948137326516
0.051180362701416016,0.3976625273922571
0.051184892654418945,0.3977355734112491
0.05119037628173828,0.39780861943024104
0.05119609832763672,0.39788166544923304
0.05120372772216797,0.397954711468225
0.05120372772216797,0.39802775748721697
0.05120396614074707,0.3981008035062089
0.0512089729309082,0.39817384952520085
0.051219940185546875,0.39824689554419285
0.05122041702270508,0.3983199415631848
0.0512232780456543,0.3983929875821768
0.051224708557128906,0.3984660336011687
0.05122542381286621,0.3985390796201607
0.05122733116149902,0.39861212563915266
0.051227569580078125,0.39868517165814465
0.051229000091552734,0.3987582176771366
0.051230669021606445,0.39883126369612854
0.05123758316040039,0.39890430971512053
0.05124235153198242,0.39897735573411247
0.05124545097351074,0.39905040175310447
0.051249027252197266,0.3991234477720964
0.05124926567077637,0.3991964937910884
0.05125713348388672,0.39926953981008034
0.05125904083251953,0.39934258582907234
0.051261186599731445,0.3994156318480643
0.05126214027404785,0.3994886778670562
0.051264286041259766,0.3995617238860482
0.051267385482788086,0.39963476990504015
0.051268577575683594,0.39970781592403215
0.05127239227294922,0.3997808619430241
0.05128026008605957,0.3998539079620161
0.05128622055053711,0.399926953981008
0.05128788948059082,0.4
0.05129122734069824,0.40007304601899196
0.05130624771118164,0.4001460920379839
0.05130648612976074,0.4002191380569759
0.05130791664123535,0.40029218407596784
0.05131030082702637,0.40036523009495983
0.051314592361450195,0.4004382761139518
0.0513153076171875,0.40051132213294377
0.05131721496582031,0.4005843681519357
0.05131816864013672,0.4006574141709277
0.05131840705871582,0.40073046018991965
0.051320552825927734,0.40080350620891164
0.051322221755981445,0.4008765522279036
0.051337242126464844,0.4009495982468955
0.05134153366088867,0.4010226442658875
0.05134272575378418,0.40109569028487946
0.0513458251953125,0.40116873630387145
0.05134725570678711,0.4012417823228634
0.05135011672973633,0.4013148283418554
0.05135536193847656,0.40138787436084733
0.05135655403137207,0.4014609203798393
0.05135774612426758,0.40153396639883127
0.05135917663574219,0.4016070124178232
0.05135941505432129,0.4016800584368152
0.051363229751586914,0.40175310445580714
0.05136704444885254,0.40182615047479914
0.05137276649475098,0.4018991964937911
0.05137753486633301,0.4019722425127831
0.05138754844665527,0.402045288531775
0.05138874053955078,0.402118334550767
0.0513918399810791,0.40219138056975895
0.05139303207397461,0.4022644265887509
0.05139732360839844,0.4023374726077429
0.051398515701293945,0.4024105186267348
0.05139946937561035,0.4024835646457268
0.051400184631347656,0.40255661066471876
0.05140423774719238,0.40262965668371076
0.0514070987701416,0.4027027027027027
0.05140829086303711,0.4027757487216947
0.051409244537353516,0.40284879474068663
0.05140995979309082,0.4029218407596786
0.05141472816467285,0.40299488677867057
0.051415443420410156,0.4030679327976625
0.051422119140625,0.4031409788166545
0.05142402648925781,0.40321402483564645
0.05142521858215332,0.40328707085463844
0.05144190788269043,0.4033601168736304
0.051445960998535156,0.4034331628926224
0.05144667625427246,0.4035062089116143
0.051447391510009766,0.40357925493060626
0.051459312438964844,0.40365230094959825
0.05146479606628418,0.4037253469685902
0.0514674186706543,0.4037983929875822
0.0514683723449707,0.40387143900657413
0.05147051811218262,0.4039444850255661
0.05147075653076172,0.40401753104455806
0.05147194862365723,0.40409057706355006
0.05147385597229004,0.404163623082542
0.051480770111083984,0.40423666910153394
0.051496028900146484,0.40430971512052594
0.051497697830200195,0.4043827611395179
0.05149984359741211,0.4044558071585099
0.05150103569030762,0.4045288531775018
0.05150198936462402,0.4046018991964938
0.051502227783203125,0.40467494521548575
0.05151176452636719,0.40474799123447774
0.05151772499084473,0.4048210372534697
0.05152010917663574,0.4048940832724616
0.05152297019958496,0.4049671292914536
0.05152416229248047,0.40504017531044556
0.0515291690826416,0.40511322132943756
0.05153059959411621,0.4051862673484295
0.051534175872802734,0.4052593133674215
0.05153799057006836,0.40533235938641343
0.05154085159301758,0.40540540540540543
0.051542043685913086,0.40547845142439737
0.05154252052307129,0.4055514974433893
0.051549673080444336,0.4056245434623813
0.05155038833618164,0.40569758948137324
0.051554203033447266,0.40577063550036524
0.05155777931213379,0.4058436815193572
0.05156207084655762,0.4059167275383492
0.05156660079956055,0.4059897735573411
0.05156755447387695,0.4060628195763331
0.05157065391540527,0.40613586559532505
0.051572322845458984,0.406208911614317
0.051572561264038086,0.406281957633309
0.05157303810119629,0.40635500365230093
0.05157351493835449,0.4064280496712929
0.05157613754272461,0.40650109569028486
0.05157613754272461,0.40657414170927686
0.05157828330993652,0.4066471877282688
0.05159187316894531,0.4067202337472608
0.05159258842468262,0.40679327976625274
0.051593780517578125,0.40686632578524473
0.051598310470581055,0.40693937180423667
0.051598548889160156,0.4070124178232286
0.05159902572631836,0.4070854638422206
0.051604509353637695,0.40715850986121255
0.0516049861907959,0.40723155588020454
0.05160641670227051,0.4073046018991965
0.05160999298095703,0.4073776479181885
0.051613569259643555,0.4074506939371804
0.05161428451538086,0.4075237399561724
0.05161881446838379,0.40759678597516436
0.0516207218170166,0.4076698319941563
0.051625728607177734,0.4077428780131483
0.05162692070007324,0.40781592403214023
0.051627159118652344,0.4078889700511322
0.05162811279296875,0.40796201607012417
0.05162954330444336,0.40803506208911616
0.05163002014160156,0.4081081081081081
0.05163860321044922,0.4081811541271001
0.05164027214050293,0.40825420014609204
0.051642417907714844,0.408327246165084
0.05164647102355957,0.408400292184076
0.05164670944213867,0.4084733382030679
0.05164766311645508,0.4085463842220599
0.0516514778137207,0.40861943024105185
0.05165266990661621,0.40869247626004385
0.05165505409240723,0.4087655222790358
0.05165600776672363,0.4088385682980278
0.05165696144104004,0.4089116143170197
0.05165743827819824,0.40898466033601166
0.051662445068359375,0.40905770635500366
0.05166435241699219,0.4091307523739956
0.05166816711425781,0.4092037983929876
0.051670074462890625,0.40927684441197953
0.05167102813720703,0.40934989043097153
0.05167126655578613,0.40942293644996347
0.051671743392944336,0.40949598246895547
0.05167961120605469,0.4095690284879474
0.051683664321899414,0.40964207450693935
0.05168437957763672,0.40971512052593134
0.05169200897216797,0.4097881665449233
0.05169510841369629,0.4098612125639153
0.051708221435546875,0.4099342585829072
0.05171084403991699,0.4100073046018992
0.05171918869018555,0.41008035062089115
0.05172109603881836,0.41015339663988315
0.05172324180603027,0.4102264426588751
0.05173063278198242,0.41029948867786703
0.05173063278198242,0.410372534696859
0.05173325538635254,0.41044558071585097
0.05173468589782715,0.41051862673484296
0.05173635482788086,0.4105916727538349
0.05173659324645996,0.4106647187728269
0.05173802375793457,0.41073776479181884
0.05173969268798828,0.41081081081081083
0.05173993110656738,0.4108838568298028
0.051740169525146484,0.4109569028487947
0.05174708366394043,0.4110299488677867
0.051747798919677734,0.41110299488677865
0.051749229431152344,0.41117604090577065
0.051755666732788086,0.4112490869247626
0.05175948143005371,0.4113221329437546
0.05175971984863281,0.4113951789627465
0.05176186561584473,0.4114682249817385
0.05176377296447754,0.41154127100073046
0.05177140235900879,0.4116143170197224
0.0517730712890625,0.4116873630387144
0.051775455474853516,0.41176040905770633
0.05178022384643555,0.41183345507669833
0.05178236961364746,0.41190650109569027
0.051784515380859375,0.41197954711468227
0.05178499221801758,0.4120525931336742
0.051788330078125,0.4121256391526662
0.05179929733276367,0.41219868517165814
0.05180096626281738,0.41227173119065014
0.05180168151855469,0.4123447772096421
0.051802873611450195,0.412417823228634
0.05180692672729492,0.412490869247626
0.05181121826171875,0.41256391526661795
0.05181145668029785,0.41263696128560995
0.05181169509887695,0.4127100073046019
0.051816463470458984,0.4127830533235939
0.051817893981933594,0.4128560993425858
0.0518183708190918,0.4129291453615778
0.05182027816772461,0.41300219138056976
0.05182170867919922,0.4130752373995617
0.05182290077209473,0.4131482834185537
0.051824092864990234,0.41322132943754564
0.05182647705078125,0.41329437545653763
0.05182695388793945,0.4133674214755296
0.05182766914367676,0.41344046749452157
0.05182790756225586,0.4135135135135135
0.05183148384094238,0.4135865595325055
0.05183291435241699,0.41365960555149744
0.05183529853820801,0.4137326515704894
0.05183744430541992,0.4138056975894814
0.05184030532836914,0.4138787436084733
0.051842451095581055,0.4139517896274653
0.05184316635131836,0.41402483564645726
0.051847219467163086,0.41409788166544925
0.051848411560058594,0.4141709276844412
0.051848411560058594,0.4142439737034332
0.051849365234375,0.41431701972242513
0.05185079574584961,0.41439006574141707
0.05185103416442871,0.41446311176040906
0.051863908767700195,0.414536157779401
0.051863908767700195,0.414609203798393
0.051865577697753906,0.41468224981738494
0.051870107650756836,0.41475529583637694
0.051870107650756836,0.4148283418553689
0.051876068115234375,0.41490138787436087
0.05187630653381348,0.4149744338933528
0.05187797546386719,0.41504747991234475
0.05187869071960449,0.41512052593133675
0.051880836486816406,0.4151935719503287
0.05188131332397461,0.4152666179693207
0.051882028579711914,0.4153396639883126
0.05188488960266113,0.4154127100073046
0.05188703536987305,0.41548575602629656
0.051888227462768555,0.41555880204528856
0.05188870429992676,0.4156318480642805
0.05189156532287598,0.41570489408327244
0.051896095275878906,0.41577794010226443
0.051897287368774414,0.41585098612125637
0.051902055740356445,0.41592403214024837
0.05190634727478027,0.4159970781592403
0.051912784576416016,0.4160701241782323
0.05191493034362793,0.41614317019722424
0.051915645599365234,0.41621621621621624
0.05191636085510254,0.4162892622352082
0.0519256591796875,0.4163623082542001
0.0519258975982666,0.4164353542731921
0.051927804946899414,0.41650840029218406
0.051929473876953125,0.41658144631117605
0.05193018913269043,0.416654492330168
0.05193185806274414,0.41672753834916
0.05193281173706055,0.4168005843681519
0.05193352699279785,0.4168736303871439
0.051934003829956055,0.41694667640613586
0.05193591117858887,0.4170197224251278
0.05193662643432617,0.4170927684441198
0.0519406795501709,0.41716581446311174
0.051941633224487305,0.41723886048210374
0.05194211006164551,0.4173119065010957
0.05194377899169922,0.41738495252008767
0.05194520950317383,0.4174579985390796
0.05194664001464844,0.4175310445580716
0.051947593688964844,0.41760409057706355
0.05194854736328125,0.41767713659605554
0.05195212364196777,0.4177501826150475
0.0519561767578125,0.4178232286340394
0.051956892013549805,0.4178962746530314
0.051957130432128906,0.41796932067202336
0.05196022987365723,0.41804236669101535
0.05196070671081543,0.4181154127100073
0.05196070671081543,0.4181884587289993
0.051963090896606445,0.41826150474799123
0.05196332931518555,0.4183345507669832
0.05196833610534668,0.41840759678597517
0.05198192596435547,0.4184806428049671
0.05198359489440918,0.4185536888239591
0.051984310150146484,0.41862673484295104
0.051990509033203125,0.41869978086194304
0.05199480056762695,0.418772826880935
0.05199551582336426,0.418845872899927
0.05199623107910156,0.4189189189189189
0.05199837684631348,0.4189919649379109
0.05200004577636719,0.41906501095690285
0.052001237869262695,0.4191380569758948
0.052001237869262695,0.4192111029948868
0.0520017147064209,0.4192841490138787
0.052001953125,0.4193571950328707
0.0520021915435791,0.41943024105186266
0.05200457572937012,0.41950328707085466
0.052007436752319336,0.4195763330898466
0.05200934410095215,0.4196493791088386
0.05201387405395508,0.41972242512783053
0.05201435089111328,0.4197954711468225
0.05201554298400879,0.41986851716581447
0.0520176887512207,0.4199415631848064
0.05201840400695801,0.4200146092037984
0.05201888084411621,0.42008765522279035
0.05202770233154297,0.42016070124178234
0.05202794075012207,0.4202337472607743
0.05202937126159668,0.4203067932797663
0.05203080177307129,0.4203798392987582
0.05203843116760254,0.42045288531775016
0.05204129219055176,0.42052593133674215
0.05204582214355469,0.4205989773557341
0.05205035209655762,0.4206720233747261
0.05205345153808594,0.42074506939371803
0.052057504653930664,0.42081811541271
0.05205988883972168,0.42089116143170197
0.05206131935119629,0.42096420745069396
0.052062273025512695,0.4210372534696859
0.0520634651184082,0.42111029948867784
0.05206441879272461,0.42118334550766984
0.052065134048461914,0.4212563915266618
0.05206799507141113,0.4213294375456538
0.05207061767578125,0.4214024835646457
0.0520782470703125,0.4214755295836377
0.052080392837524414,0.42154857560262965
0.05208086967468262,0.42162162162162165
0.05208301544189453,0.4216946676406136
0.05208754539489746,0.4217677136596055
0.05208873748779297,0.4218407596785975
0.052092790603637695,0.42191380569758946
0.052093505859375,0.42198685171658146
0.05209612846374512,0.4220598977355734
0.05209612846374512,0.4221329437545654
0.05209851264953613,0.42220598977355733
0.052098751068115234,0.42227903579254933
0.05209994316101074,0.42235208181154127
0.05209994316101074,0.4224251278305332
0.052100419998168945,0.4224981738495252
0.05210065841674805,0.42257121986851715
0.052102088928222656,0.42264426588750914
0.05210447311401367,0.4227173119065011
0.052104949951171875,0.4227903579254931
0.05210614204406738,0.422863403944485
0.05210709571838379,0.422936449963477
0.0521082878112793,0.42300949598246895
0.0521087646484375,0.4230825420014609
0.052112579345703125,0.4231555880204529
0.05211496353149414,0.42322863403944483
0.05211782455444336,0.4233016800584368
0.05211782455444336,0.42337472607742876
0.05212211608886719,0.42344777209642076
0.05212283134460449,0.4235208181154127
0.052123308181762695,0.4235938641344047
0.052124738693237305,0.42366691015339664
0.05212664604187012,0.42373995617238863
0.05212736129760742,0.4238130021913806
0.05212831497192383,0.4238860482103725
0.05212855339050293,0.4239590942293645
0.052129507064819336,0.42403214024835645
0.05213165283203125,0.42410518626734844
0.05213356018066406,0.4241782322863404
0.05213618278503418,0.4242512783053324
0.0521388053894043,0.4243243243243243
0.05214118957519531,0.4243973703433163
0.05214238166809082,0.42447041636230826
0.052143096923828125,0.4245434623813002
0.05214333534240723,0.4246165084002922
0.05214357376098633,0.42468955441928413
0.05214500427246094,0.42476260043827613
0.05214810371398926,0.42483564645726807
0.05214858055114746,0.42490869247626006
0.052149295806884766,0.424981738495252
0.05215096473693848,0.425054784514244
0.05215263366699219,0.42512783053323594
0.05215287208557129,0.4252008765522279
0.05215764045715332,0.4252739225712199
0.05216503143310547,0.4253469685902118
0.05216622352600098,0.4254200146092038
0.05216670036315918,0.42549306062819575
0.052167415618896484,0.42556610664718775
0.05216789245605469,0.4256391526661797
0.05216813087463379,0.4257121986851717
0.052169084548950195,0.4257852447041636
0.05217146873474121,0.42585829072315556
0.052172183990478516,0.42593133674214756
0.052172183990478516,0.4260043827611395
0.052173614501953125,0.4260774287801315
0.05217599868774414,0.42615047479912344
0.05217933654785156,0.42622352081811543
0.05218029022216797,0.42629656683710737
0.05218362808227539,0.42636961285609937
0.052187204360961914,0.4264426588750913
0.052187442779541016,0.42651570489408325
0.052187442779541016,0.42658875091307524
0.052187442779541016,0.4266617969320672
0.052190542221069336,0.4267348429510592
0.05219125747680664,0.4268078889700511
0.052191734313964844,0.4268809349890431
0.05219721794128418,0.42695398100803506
0.05219841003417969,0.42702702702702705
0.0522005558013916,0.427100073046019
0.052201271057128906,0.42717311906501093
0.05220437049865723,0.4272461650840029
0.05220532417297363,0.42731921110299487
0.05220651626586914,0.42739225712198686
0.05220651626586914,0.4274653031409788
0.05221295356750488,0.4275383491599708
0.05221676826477051,0.42761139517896274
0.052221059799194336,0.42768444119795473
0.05222272872924805,0.4277574872169467
0.05222272872924805,0.4278305332359386
0.05222368240356445,0.4279035792549306
0.052225351333618164,0.42797662527392255
0.0522303581237793,0.42804967129291455
0.05223202705383301,0.4281227173119065
0.05223822593688965,0.4281957633308985
0.05223870277404785,0.4282688093498904
0.0522465705871582,0.4283418553688824
0.05224728584289551,0.42841490138787436
0.05224919319152832,0.4284879474068663
0.05225324630737305,0.4285609934258583
0.052255868911743164,0.42863403944485023
0.052258968353271484,0.42870708546384223
0.0522611141204834,0.42878013148283417
0.0522613525390625,0.42885317750182617
0.052262306213378906,0.4289262235208181
0.052263736724853516,0.4289992695398101
0.05226445198059082,0.42907231555880204
0.05226469039916992,0.42914536157779404
0.05226612091064453,0.429218407596786
0.05226635932922363,0.4292914536157779
0.052266597747802734,0.4293644996347699
0.052266597747802734,0.42943754565376185
0.052266836166381836,0.42951059167275385
0.052271366119384766,0.4295836376917458
0.05227184295654297,0.4296566837107378
0.05227375030517578,0.4297297297297297
0.052280426025390625,0.4298027757487217
0.05228281021118164,0.42987582176771366
0.05228781700134277,0.4299488677867056
0.05228924751281738,0.4300219138056976
0.052292823791503906,0.43009495982468954
0.05229592323303223,0.43016800584368153
0.05229926109313965,0.4302410518626735
0.05230283737182617,0.43031409788166547
0.05230355262756348,0.4303871439006574
0.052304744720458984,0.4304601899196494
0.05230545997619629,0.43053323593864135
0.05230903625488281,0.4306062819576333
0.05230998992919922,0.4306793279766253
0.05231213569641113,0.4307523739956172
0.05231285095214844,0.4308254200146092
0.05231308937072754,0.43089846603360116
0.052314043045043945,0.43097151205259315
0.05231666564941406,0.4310445580715851
0.05231666564941406,0.4311176040905771
0.05231928825378418,0.43119065010956903
0.05231976509094238,0.43126369612856097
0.052321434020996094,0.43133674214755297
0.052323341369628906,0.4314097881665449
0.05232834815979004,0.4314828341855369
0.05232858657836914,0.43155588020452884
0.052329301834106445,0.43162892622352084
0.05232977867126465,0.4317019722425128
0.05233001708984375,0.4317750182615048
0.05233049392700195,0.4318480642804967
0.05233192443847656,0.43192111029948865
0.05233454704284668,0.43199415631848065
0.052344560623168945,0.4320672023374726
0.05234980583190918,0.4321402483564646
0.05235028266906738,0.4322132943754565
0.05235028266906738,0.4322863403944485
0.0523533821105957,0.43235938641344046
0.05236077308654785,0.43243243243243246
0.05236101150512695,0.4325054784514244
0.052361249923706055,0.43257852447041634
0.05236530303955078,0.43265157048940833
0.05236697196960449,0.4327246165084003
0.05237150192260742,0.43279766252739227
0.05237269401550293,0.4328707085463842
0.05237317085266113,0.4329437545653762
0.052373647689819336,0.43301680058436814
0.052373647689819336,0.43308984660336014
0.05237531661987305,0.4331628926223521
0.052378177642822266,0.433235938641344
0.05237984657287598,0.433308984660336
0.05238771438598633,0.43338203067932796
0.05239582061767578,0.43345507669831995
0.05239677429199219,0.4335281227173119
0.05240011215209961,0.4336011687363039
0.05240130424499512,0.43367421475529583
0.05240154266357422,0.4337472607742878
0.05240345001220703,0.43382030679327976
0.052407264709472656,0.4338933528122717
0.05240964889526367,0.4339663988312637
0.05241203308105469,0.43403944485025564
0.05241250991821289,0.43411249086924764
0.052416086196899414,0.4341855368882396
0.052416086196899414,0.43425858290723157
0.05241894721984863,0.4343316289262235
0.05241990089416504,0.4344046749452155
0.05241990089416504,0.43447772096420745
0.05242180824279785,0.4345507669831994
0.05242466926574707,0.4346238130021914
0.05242514610290527,0.4346968590211833
0.0524294376373291,0.4347699050401753
0.05243182182312012,0.43484295105916726
0.05243206024169922,0.43491599707815926
0.05243420600891113,0.4349890430971512
0.052434444427490234,0.4350620891161432
0.05243802070617676,0.43513513513513513
0.05244112014770508,0.4352081811541271
0.05244159698486328,0.43528122717311907
0.05244255065917969,0.435354273192111
0.0524444580078125,0.435427319211103
0.052445173263549805,0.43550036523009494
0.052445173263549805,0.43557341124908694
0.052445173263549805,0.4356464572680789
0.052445411682128906,0.4357195032870709
0.05244565010070801,0.4357925493060628
0.05244779586791992,0.4358655953250548
0.05245065689086914,0.43593864134404675
0.052453041076660156,0.4360116873630387
0.05245327949523926,0.4360847333820307
0.05245471000671387,0.4361577794010226
0.05245780944824219,0.4362308254200146
0.0524592399597168,0.43630387143900656
0.0524599552154541,0.43637691745799856
0.052461862564086914,0.4364499634769905
0.05246257781982422,0.4365230094959825
0.05246400833129883,0.43659605551497443
0.05246686935424805,0.4366691015339664
0.05246734619140625,0.43674214755295837
0.05246877670288086,0.4368151935719503
0.052469730377197266,0.4368882395909423
0.05247092247009277,0.43696128560993425
0.05247139930725098,0.43703433162892624
0.052474260330200195,0.4371073776479182
0.0524749755859375,0.4371804236669102
0.05247688293457031,0.4372534696859021
0.05247855186462402,0.43732651570489406
0.052478790283203125,0.43739956172388605
0.052480459213256836,0.437472607742878
0.05248260498046875,0.43754565376187
0.05248451232910156,0.43761869978086193
0.05248737335205078,0.4376917457998539
0.05248904228210449,0.43776479181884587
0.05249285697937012,0.43783783783783786
0.05249381065368652,0.4379108838568298
0.05249667167663574,0.43798392987582174
0.05249762535095215,0.43805697589481374
0.05249810218811035,0.4381300219138057
0.05249834060668945,0.4382030679327977
0.05249953269958496,0.4382761139517896
0.05250144004821777,0.4383491599707816
0.05250406265258789,0.43842220598977355
0.0525057315826416,0.43849525200876555
0.052506208419799805,0.4385682980277575
0.05251121520996094,0.4386413440467494
0.05251336097717285,0.4387143900657414
0.05251359939575195,0.43878743608473336
0.05251455307006836,0.43886048210372536
0.05251884460449219,0.4389335281227173
0.05251908302307129,0.4390065741417093
0.05252194404602051,0.43907962016070123
0.05252337455749512,0.43915266617969323
0.05252432823181152,0.43922571219868517
0.05252718925476074,0.4392987582176771
0.052527427673339844,0.4393718042366691
0.05253100395202637,0.43944485025566105
0.052538394927978516,0.43951789627465304
0.05254173278808594,0.439590942293645
0.052542924880981445,0.439663988312637
0.05254364013671875,0.4397370343316289
0.05254650115966797,0.4398100803506209
0.05254650115966797,0.43988312636961285
0.052550315856933594,0.4399561723886048
0.05255126953125,0.4400292184075968
0.05255317687988281,0.44010226442658873
0.05255556106567383,0.4401753104455807
0.05256175994873047,0.44024835646457267
0.05256390571594238,0.44032140248356466
0.0525662899017334,0.4403944485025566
0.052567481994628906,0.4404674945215486
0.052570343017578125,0.44054054054054054
0.052572011947631836,0.44061358655953253
0.05257439613342285,0.4406866325785245
0.052575111389160156,0.4407596785975164
0.052576541900634766,0.4408327246165084
0.05257773399353027,0.44090577063550035
0.052577972412109375,0.44097881665449234
0.05257892608642578,0.4410518626734843
0.05257987976074219,0.4411249086924763
0.05258464813232422,0.4411979547114682
0.05258584022521973,0.4412710007304602
0.05258965492248535,0.44134404674945216
0.05258989334106445,0.4414170927684441
0.05259418487548828,0.4414901387874361
0.052596092224121094,0.44156318480642803
0.0525965690612793,0.44163623082542003
0.0525970458984375,0.44170927684441197
0.0525972843170166,0.44178232286340396
0.0525972843170166,0.4418553688823959
0.0525972843170166,0.4419284149013879
0.05260062217712402,0.44200146092037984
0.05260419845581055,0.4420745069393718
0.05260610580444336,0.4421475529583638
0.05260634422302246,0.4422205989773557
0.05260658264160156,0.4422936449963477
0.05260944366455078,0.44236669101533965
0.05261373519897461,0.44243973703433165
0.052619218826293945,0.4425127830533236
0.05261993408203125,0.4425858290723156
0.05262160301208496,0.4426588750913075
0.052622318267822266,0.44273192111029946
0.05262255668640137,0.44280496712929146
0.05262494087219238,0.4428780131482834
0.05263805389404297,0.4429510591672754
0.05263853073120117,0.44302410518626734
0.05263853073120117,0.44309715120525933
0.05263972282409668,0.44317019722425127
0.0526425838470459,0.44324324324324327
0.05264568328857422,0.4433162892622352
0.05264592170715332,0.44338933528122715
0.052646636962890625,0.44346238130021914
0.052648067474365234,0.4435354273192111
0.052648305892944336,0.4436084733382031
0.05265069007873535,0.443681519357195
0.052651166915893555,0.443754565376187
0.052652835845947266,0.44382761139517896
0.052652835845947266,0.44390065741417095
0.05265498161315918,0.4439737034331629
0.05265665054321289,0.44404674945215483
0.0526576042175293,0.4441197954711468
0.05265927314758301,0.44419284149013877
0.05265951156616211,0.44426588750913076
0.052660226821899414,0.4443389335281227
0.052661895751953125,0.4444119795471147
0.05266237258911133,0.44448502556610664
0.05266284942626953,0.44455807158509864
0.052663326263427734,0.4446311176040906
0.05266404151916504,0.4447041636230825
0.052669525146484375,0.4447772096420745
0.05266976356506348,0.44485025566106645
0.052674055099487305,0.44492330168005845
0.05267930030822754,0.4449963476990504
0.05267930030822754,0.4450693937180424
0.05268549919128418,0.4451424397370343
0.052689552307128906,0.4452154857560263
0.05269002914428711,0.44528853177501826
0.05269122123718262,0.4453615777940102
0.05269169807434082,0.4454346238130022
0.05269479751586914,0.44550766983199414
0.052698373794555664,0.44558071585098613
0.05269908905029297,0.44565376186997807
0.052701473236083984,0.44572680788897007
0.0527043342590332,0.445799853907962
0.05270671844482422,0.445872899926954
0.05270671844482422,0.44594594594594594
0.052707672119140625,0.4460189919649379
0.052709341049194336,0.4460920379839299
0.05271005630493164,0.4461650840029218
0.052710771560668945,0.4462381300219138
0.05271410942077637,0.44631117604090575
0.05271434783935547,0.44638422205989775
0.052718162536621094,0.4464572680788897
0.0527191162109375,0.4465303140978817
0.05272364616394043,0.4466033601168736
0.05272412300109863,0.4466764061358656
0.05272412300109863,0.44674945215485756
0.052724599838256836,0.4468224981738495
0.05272531509399414,0.4468955441928415
0.052726030349731445,0.44696859021183344
0.05272650718688965,0.44704163623082543
0.05272841453552246,0.4471146822498174
0.052729129791259766,0.44718772826880937
0.0527338981628418,0.4472607742878013
0.052736520767211914,0.4473338203067933
0.05273795127868652,0.44740686632578525
0.052739620208740234,0.4474799123447772
0.05274152755737305,0.4475529583637692
0.05274343490600586,0.4476260043827611
0.05274391174316406,0.4476990504017531
0.052745819091796875,0.44777209642074506
0.0527498722076416,0.44784514243973705
0.05275321006774902,0.447918188458729
0.05275321006774902,0.447991234477721
0.05275607109069824,0.44806428049671293
0.052756309509277344,0.44813732651570487
0.05275702476501465,0.44821037253469687
0.05275726318359375,0.4482834185536888
0.052757978439331055,0.4483564645726808
0.05276346206665039,0.44842951059167274
0.052767038345336914,0.44850255661066474
0.05276989936828613,0.4485756026296567
0.05277228355407715,0.4486486486486487
0.05277752876281738,0.4487216946676406
0.05277824401855469,0.44879474068663255
0.05278134346008301,0.44886778670562455
0.05278420448303223,0.4489408327246165
0.052785396575927734,0.4490138787436085
0.05278825759887695,0.4490869247626004
0.05278897285461426,0.4491599707815924
0.05278897285461426,0.44923301680058436
0.05279064178466797,0.44930606281957636
0.05279803276062012,0.4493791088385683
0.05279850959777832,0.44945215485756024
0.05279898643493652,0.44952520087655223
0.05279898643493652,0.4495982468955442
0.05280160903930664,0.44967129291453617
0.052802324295043945,0.4497443389335281
0.05280327796936035,0.4498173849525201
0.05280423164367676,0.44989043097151205
0.05280447006225586,0.44996347699050404
0.052808523178100586,0.450036523009496
0.05280947685241699,0.4501095690284879
0.0528104305267334,0.4501826150474799
0.05281257629394531,0.45025566106647186
0.05282139778137207,0.45032870708546385
0.05282473564147949,0.4504017531044558
0.05282878875732422,0.4504747991234478
0.05283021926879883,0.45054784514243973
0.05283379554748535,0.4506208911614317
0.052834272384643555,0.45069393718042366
0.052834510803222656,0.4507669831994156
0.05283546447753906,0.4508400292184076
0.05283713340759277,0.45091307523739954
0.052839040756225586,0.45098612125639154
0.05284309387207031,0.4510591672753835
0.05284523963928223,0.4511322132943755
0.05284690856933594,0.4512052593133674
0.05285000801086426,0.4512783053323594
0.05285215377807617,0.45135135135135135
0.05285358428955078,0.4514243973703433
0.0528562068939209,0.4514974433893353
0.0528569221496582,0.4515704894083272
0.05285978317260742,0.4516435354273192
0.05286359786987305,0.45171658144631116
0.05286574363708496,0.45178962746530316
0.05286717414855957,0.4518626734842951
0.05286765098571777,0.4519357195032871
0.05286765098571777,0.45200876552227903
0.0528712272644043,0.45208181154127103
0.0528719425201416,0.45215485756026297
0.0528721809387207,0.4522279035792549
0.0528721809387207,0.4523009495982469
0.05287313461303711,0.45237399561723884
0.05287766456604004,0.45244704163623084
0.052881717681884766,0.4525200876552228
0.05288839340209961,0.4525931336742148
0.05288887023925781,0.4526661796932067
0.05289006233215332,0.4527392257121987
0.05289101600646973,0.45281227173119065
0.05289316177368164,0.4528853177501826
0.05289483070373535,0.4529583637691746
0.05289506912231445,0.45303140978816653
0.05289769172668457,0.4531044558071585
0.05289769172668457,0.45317750182615046
0.05290341377258301,0.45325054784514246
0.05290341377258301,0.4533235938641344
0.05291295051574707,0.4533966398831264
0.05291414260864258,0.45346968590211834
0.052915334701538086,0.4535427319211103
0.05291557312011719,0.45361577794010227
0.0529179573059082,0.4536888239590942
0.05292248725891113,0.4537618699780862
0.05292701721191406,0.45383491599707815
0.05292820930480957,0.45390796201607014
0.05292940139770508,0.4539810080350621
0.05293130874633789,0.4540540540540541
0.05293679237365723,0.454127100073046
0.05293750762939453,0.45420014609203796
0.05293774604797363,0.45427319211102996
0.052938222885131836,0.4543462381300219
0.05293989181518555,0.4544192841490139
0.05294084548950195,0.45449233016800583
0.052941083908081055,0.4545653761869978
0.052950143814086914,0.45463842220598977
0.05295443534851074,0.45471146822498176
0.05295443534851074,0.4547845142439737
0.05295538902282715,0.45485756026296564
0.05295610427856445,0.45493060628195764
0.052957773208618164,0.4550036523009496
0.05296063423156738,0.4550766983199416
0.052960872650146484,0.4551497443389335
0.052962303161621094,0.4552227903579255
0.0529627799987793,0.45529583637691745
0.0529632568359375,0.45536888239590945
0.05296468734741211,0.4554419284149014
0.05296730995178223,0.4555149744338933
0.05296826362609863,0.4555880204528853
0.052968740463256836,0.45566106647187726
0.05296897888183594,0.45573411249086926
0.05296969413757324,0.4558071585098612
0.052969932556152344,0.4558802045288532
0.05297112464904785,0.45595325054784513
0.05297207832336426,0.45602629656683713
0.05297207832336426,0.45609934258582907
0.052977561950683594,0.456172388604821
0.052977800369262695,0.456245434623813
0.052979469299316406,0.45631848064280495
0.05298161506652832,0.45639152666179694
0.05298328399658203,0.4564645726807889
0.05298447608947754,0.4565376186997809
0.05298638343811035,0.4566106647187728
0.05298781394958496,0.4566837107377648
0.05299115180969238,0.45675675675675675
0.05299186706542969,0.4568298027757487
0.05299234390258789,0.4569028487947407
0.05299234390258789,0.45697589481373263
0.052994489669799805,0.4570489408327246
0.05299806594848633,0.45712198685171657
0.053000688552856445,0.45719503287070856
0.053003549575805664,0.4572680788897005
0.05300712585449219,0.4573411249086925
0.053009748458862305,0.45741417092768444
0.05301165580749512,0.45748721694667643
0.05301308631896973,0.4575602629656684
0.05301403999328613,0.4576333089846603
0.053014516830444336,0.4577063550036523
0.053015708923339844,0.45777940102264425
0.05301642417907715,0.45785244704163625
0.053017377853393555,0.4579254930606282
0.05301785469055176,0.4579985390796202
0.0530242919921875,0.4580715850986121
0.053026437759399414,0.4581446311176041
0.05302762985229492,0.45821767713659606
0.05302786827087402,0.458290723155588
0.05302786827087402,0.45836376917458
0.053028106689453125,0.45843681519357193
0.05303144454956055,0.45850986121256393
0.05303502082824707,0.45858290723155587
0.0530397891998291,0.45865595325054787
0.05304217338562012,0.4587289992695398
0.05304455757141113,0.4588020452885318
0.053045034408569336,0.45887509130752374
0.053045034408569336,0.4589481373265157
0.053046226501464844,0.4590211833455077
0.05304861068725586,0.4590942293644996
0.053052663803100586,0.4591672753834916
0.053055763244628906,0.45924032140248355
0.05305671691894531,0.45931336742147555
0.053057193756103516,0.4593864134404675
0.053058624267578125,0.4594594594594595
0.053058624267578125,0.4595325054784514
0.05305910110473633,0.45960555149744337
0.05305981636047363,0.45967859751643536
0.053061723709106445,0.4597516435354273
0.05306506156921387,0.4598246895544193
0.05306553840637207,0.45989773557341124
0.053066253662109375,0.45997078159240323
0.05306696891784668,0.4600438276113952
0.05306839942932129,0.46011687363038717
0.05306863784790039,0.4601899196493791
0.0530695915222168,0.46026296566837105
0.0530703067779541,0.46033601168736304
0.053073883056640625,0.460409057706355
0.05307888984680176,0.460482103725347
0.05308222770690918,0.4605551497443389
0.053084611892700195,0.4606281957633309
0.05308675765991211,0.46070124178232286
0.053089141845703125,0.46077428780131485
0.05308961868286133,0.4608473338203068
0.05309009552001953,0.46092037983929873
0.05309152603149414,0.46099342585829073
0.05309152603149414,0.46106647187728267
0.05309486389160156,0.46113951789627466
0.053095102310180664,0.4612125639152666
0.053096771240234375,0.4612856099342586
0.05309891700744629,0.46135865595325054
0.05310249328613281,0.46143170197224254
0.053102731704711914,0.4615047479912345
0.05310368537902832,0.4615777940102264
0.05310392379760742,0.4616508400292184
0.05310487747192383,0.46172388604821035
0.05310535430908203,0.46179693206720235
0.05311107635498047,0.4618699780861943
0.05311131477355957,0.4619430241051863
0.053114891052246094,0.4620160701241782
0.053115129470825195,0.4620891161431702
0.0531156063079834,0.46216216216216216
0.0531158447265625,0.4622352081811541
0.05311894416809082,0.4623082542001461
0.05311989784240723,0.46238130021913804
0.05312085151672363,0.46245434623813003
0.053121089935302734,0.46252739225712197
0.05312228202819824,0.46260043827611397
0.05312299728393555,0.4626734842951059
0.05312776565551758,0.4627465303140979
0.053130149841308594,0.46281957633308984
0.053131818771362305,0.4628926223520818
0.05313539505004883,0.4629656683710738
0.053136348724365234,0.4630387143900657
0.053136348724365234,0.4631117604090577
0.053136587142944336,0.46318480642804966
0.053137779235839844,0.46325785244704165
0.05313873291015625,0.4633308984660336
0.05314135551452637,0.4634039444850256
0.05314278602600098,0.4634769905040175
0.05314350128173828,0.4635500365230095
0.05314445495605469,0.46362308254200146
0.053145408630371094,0.4636961285609934
0.05314803123474121,0.4637691745799854
0.053148508071899414,0.46384222059897734
0.053148746490478516,0.46391526661796934
0.05314946174621582,0.4639883126369613
0.053150177001953125,0.46406135865595327
0.053151607513427734,0.4641344046749452
0.05315256118774414,0.4642074506939372
0.05315446853637695,0.46428049671292915
0.053154706954956055,0.4643535427319211
0.05315542221069336,0.4644265887509131
0.053159236907958984,0.464499634769905
0.053159475326538086,0.464572680788897
0.053160667419433594,0.46464572680788896
0.053160905838012695,0.46471877282688095
0.053162336349487305,0.4647918188458729
0.05316448211669922,0.4648648648648649
0.05316519737243652,0.46493791088385683
0.053168535232543945,0.46501095690284877
0.053168535232543945,0.46508400292184077
0.053169965744018555,0.4651570489408327
0.05317378044128418,0.4652300949598247
0.05317974090576172,0.46530314097881664
0.05318021774291992,0.46537618699780864
0.05318498611450195,0.4654492330168006
0.053185224533081055,0.4655222790357926
0.053186893463134766,0.4655953250547845
0.05318784713745117,0.46566837107377645
0.05318808555603027,0.46574141709276845
0.05319023132324219,0.4658144631117604
0.053192853927612305,0.4658875091307524
0.05319333076477051,0.4659605551497443
0.05319476127624512,0.4660336011687363
0.05320167541503906,0.46610664718772826
0.05320596694946289,0.46617969320672026
0.0532071590423584,0.4662527392257122
0.053208112716674805,0.46632578524470414
0.053208351135253906,0.46639883126369613
0.05320930480957031,0.4664718772826881
0.05320930480957031,0.46654492330168007
0.053209543228149414,0.466617969320672
0.05321192741394043,0.466691015339664
0.05321311950683594,0.46676406135865595
0.053214073181152344,0.46683710737764794
0.05321502685546875,0.4669101533966399
0.05321550369262695,0.4669831994156318
0.053215980529785156,0.4670562454346238
0.05321931838989258,0.46712929145361576
0.05322003364562988,0.46720233747260775
0.0532224178314209,0.4672753834915997
0.053223609924316406,0.4673484295105917
0.053225040435791016,0.46742147552958363
0.05322670936584473,0.4674945215485756
0.05322837829589844,0.46756756756756757
0.05323028564453125,0.4676406135865595
0.05323219299316406,0.4677136596055515
0.05323505401611328,0.46778670562454344
0.05323529243469238,0.46785975164353544
0.05323672294616699,0.4679327976625274
0.053238630294799805,0.4680058436815194
0.05323910713195801,0.4680788897005113
0.05324077606201172,0.4681519357195033
0.05324149131774902,0.46822498173849525
0.05324506759643555,0.4682980277574872
0.05324578285217285,0.4683710737764792
0.05325031280517578,0.4684441197954711
0.05326056480407715,0.4685171658144631
0.05326128005981445,0.46859021183345506
0.053261518478393555,0.46866325785244706
0.05326557159423828,0.468736303871439
0.0532679557800293,0.468809349890431
0.0532684326171875,0.46888239590942293
0.0532686710357666,0.46895544192841493
0.053269147872924805,0.46902848794740687
0.05327200889587402,0.4691015339663988
0.05327415466308594,0.4691745799853908
0.05327486991882324,0.46924762600438275
0.05327606201171875,0.46932067202337474
0.05328035354614258,0.4693937180423667
0.05328059196472168,0.4694667640613587
0.0532841682434082,0.4695398100803506
0.05328536033630371,0.4696128560993426
0.05329132080078125,0.46968590211833455
0.05329298973083496,0.4697589481373265
0.05329418182373047,0.4698319941563185
0.05329418182373047,0.46990504017531043
0.053299903869628906,0.4699780861943024
0.05330157279968262,0.47005113221329436
0.05330181121826172,0.47012417823228636
0.05330228805541992,0.4701972242512783
0.05330324172973633,0.4702702702702703
0.05330371856689453,0.47034331628926224
0.05330491065979004,0.4704163623082542
0.05330777168273926,0.4704894083272462
0.05330777168273926,0.4705624543462381
0.05330824851989746,0.4706355003652301
0.05330944061279297,0.47070854638422205
0.05331134796142578,0.47078159240321404
0.0533139705657959,0.470854638422206
0.05331683158874512,0.470927684441198
0.05331683158874512,0.4710007304601899
0.05331897735595703,0.47107377647918186
0.05331897735595703,0.47114682249817386
0.05331921577453613,0.4712198685171658
0.053322553634643555,0.4712929145361578
0.053322792053222656,0.47136596055514973
0.053325653076171875,0.47143900657414173
0.05332589149475098,0.47151205259313367
0.05332756042480469,0.47158509861212566
0.053339242935180664,0.4716581446311176
0.05333971977233887,0.47173119065010954
0.05334138870239258,0.47180423666910154
0.053342342376708984,0.4718772826880935
0.05334281921386719,0.4719503287070855
0.05334329605102539,0.4720233747260774
0.05335354804992676,0.4720964207450694
0.05336189270019531,0.47216946676406135
0.053362131118774414,0.47224251278305335
0.053362369537353516,0.4723155588020453
0.05336260795593262,0.47238860482103723
0.05336403846740723,0.4724616508400292
0.05336642265319824,0.47253469685902116
0.053366899490356445,0.47260774287801316
0.05336952209472656,0.4726807888970051
0.05337262153625488,0.4727538349159971
0.053373098373413086,0.47282688093498904
0.05337405204772949,0.47289992695398103
0.05337405204772949,0.47297297297297297
0.0533750057220459,0.4730460189919649
0.053375244140625,0.4731190650109569
0.053375959396362305,0.47319211102994885
0.05337977409362793,0.47326515704894084
0.053380489349365234,0.4733382030679328
0.05338311195373535,0.4734112490869248
0.053383588790893555,0.4734842951059167
0.0533900260925293,0.4735573411249087
0.05339169502258301,0.47363038714390066
0.05339455604553223,0.4737034331628926
0.05339503288269043,0.4737764791818846
0.05339550971984863,0.47384952520087653
0.053400278091430664,0.4739225712198685
0.053400516510009766,0.47399561723886047
0.05340242385864258,0.47406866325785246
0.05340886116027832,0.4741417092768444
0.05340933799743652,0.4742147552958364
0.05341172218322754,0.47428780131482834
0.05341219902038574,0.4743608473338203
0.05341506004333496,0.4744338933528123
0.053415775299072266,0.4745069393718042
0.053417205810546875,0.4745799853907962
0.05342364311218262,0.47465303140978815
0.053424835205078125,0.47472607742878015
0.05342531204223633,0.4747991234477721
0.05342745780944824,0.4748721694667641
0.053429603576660156,0.474945215485756
0.053430795669555664,0.475018261504748
0.053432464599609375,0.47509130752373996
0.05343270301818848,0.4751643535427319
0.05343461036682129,0.4752373995617239
0.053435325622558594,0.47531044558071583
0.05343818664550781,0.47538349159970783
0.05343890190124512,0.47545653761869977
0.053441762924194336,0.47552958363769177
0.05344414710998535,0.4756026296566837
0.05344700813293457,0.4756756756756757
0.05344820022583008,0.47574872169466764
0.05345010757446289,0.4758217677136596
0.0534517765045166,0.4758948137326516
0.05345439910888672,0.4759678597516435
0.05345463752746582,0.4760409057706355
0.05345487594604492,0.47611395178962745
0.05345654487609863,0.47618699780861945
0.053457021713256836,0.4762600438276114
0.053460121154785156,0.4763330898466034
0.05346083641052246,0.4764061358655953
0.05346274375915527,0.47647918188458727
0.05346798896789551,0.47655222790357926
0.05346798896789551,0.4766252739225712
0.05347299575805664,0.4766983199415632
0.053473472595214844,0.47677136596055514
0.053475379943847656,0.47684441197954713
0.05347561836242676,0.4769174579985391
0.05347633361816406,0.47699050401753107
0.053478240966796875,0.477063550036523
0.053479671478271484,0.47713659605551495
0.053479909896850586,0.47720964207450695
0.0534820556640625,0.4772826880934989
0.05348324775695801,0.4773557341124909
0.05348348617553711,0.4774287801314828
0.05348467826843262,0.4775018261504748
0.05348706245422363,0.47757487216946676
0.053487539291381836,0.47764791818845875
0.05348944664001465,0.4777209642074507
0.05348944664001465,0.47779401022644263
0.05348968505859375,0.47786705624543463
0.053490400314331055,0.47794010226442657
0.05349326133728027,0.47801314828341857
0.05349421501159668,0.4780861943024105
0.05349540710449219,0.4781592403214025
0.0534970760345459,0.47823228634039444
0.05350017547607422,0.47830533235938644
0.05350065231323242,0.4783783783783784
0.05350136756896973,0.4784514243973703
0.05350375175476074,0.4785244704163623
0.053504228591918945,0.47859751643535425
0.053505659103393555,0.47867056245434625
0.05350637435913086,0.4787436084733382
0.05350685119628906,0.4788166544923302
0.05350804328918457,0.4788897005113221
0.053510189056396484,0.4789627465303141
0.05351114273071289,0.47903579254930606
0.053511857986450195,0.479108838568298
0.0535123348236084,0.47918188458729
0.0535130500793457,0.47925493060628194
0.05351400375366211,0.47932797662527393
0.05351829528808594,0.4794010226442659
0.05352020263671875,0.47947406866325787
0.053520917892456055,0.4795471146822498
0.05352640151977539,0.4796201607012418
0.053527116775512695,0.47969320672023374
0.053527116775512695,0.4797662527392257
0.0535280704498291,0.4798392987582177
0.05353045463562012,0.4799123447772096
0.053531646728515625,0.4799853907962016
0.05353283882141113,0.48005843681519356
0.053534507751464844,0.48013148283418555
0.05353498458862305,0.4802045288531775
0.05353879928588867,0.4802775748721695
0.05353951454162598,0.48035062089116143
0.05353951454162598,0.4804236669101534
0.05354022979736328,0.48049671292914536
0.0535435676574707,0.4805697589481373
0.05354452133178711,0.4806428049671293
0.053545236587524414,0.48071585098612124
0.05354571342468262,0.48078889700511324
0.05354952812194824,0.4808619430241052
0.053549766540527344,0.48093498904309717
0.05355119705200195,0.4810080350620891
0.053551435470581055,0.4810810810810811
0.053551673889160156,0.48115412710007305
0.05355405807495117,0.481227173119065
0.05355477333068848,0.481300219138057
0.053558349609375,0.4813732651570489
0.053559303283691406,0.4814463111760409
0.053563833236694336,0.48151935719503286
0.05356431007385254,0.48159240321402486
0.053565263748168945,0.4816654492330168
0.05356621742248535,0.4817384952520088
0.05356907844543457,0.48181154127100073
0.05357050895690918,0.48188458728999267
0.05357646942138672,0.48195763330898467
0.05357646942138672,0.4820306793279766
0.05357861518859863,0.4821037253469686
0.05357980728149414,0.48217677136596054
0.053580522537231445,0.48224981738495254
0.05358123779296875,0.4823228634039445
0.05358123779296875,0.4823959094229365
0.05358266830444336,0.4824689554419284
0.05358314514160156,0.48254200146092036
0.053583383560180664,0.48261504747991235
0.05358433723449707,0.4826880934989043
0.05358433723449707,0.4827611395178963
0.05358481407165527,0.4828341855368882
0.05358624458312988,0.4829072315558802
0.05358719825744629,0.48298027757487216
0.0535886287689209,0.48305332359386416
0.053591012954711914,0.4831263696128561
0.05359148979187012,0.48319941563184804
0.05359244346618652,0.48327246165084004
0.05359339714050293,0.483345507669832
0.05359363555908203,0.48341855368882397
0.053594350814819336,0.4834915997078159
0.05359649658203125,0.4835646457268079
0.05359673500061035,0.48363769174579985
0.05359697341918945,0.48371073776479184
0.05359697341918945,0.4837837837837838
0.05359768867492676,0.4838568298027757
0.05359816551208496,0.4839298758217677
0.053598880767822266,0.48400292184075966
0.05359911918640137,0.48407596785975165
0.05360054969787598,0.4841490138787436
0.05360102653503418,0.4842220598977356
0.05360150337219238,0.48429510591672753
0.05360150337219238,0.4843681519357195
0.05360245704650879,0.48444119795471147
0.053604841232299805,0.4845142439737034
0.05360984802246094,0.4845872899926954
0.053610801696777344,0.48466033601168734
0.053610801696777344,0.48473338203067934
0.05361199378967285,0.4848064280496713
0.053613901138305664,0.4848794740686633
0.053617238998413086,0.4849525200876552
0.05362200736999512,0.4850255661066472
0.05362415313720703,0.48509861212563915
0.053624868392944336,0.4851716581446311
0.053624868392944336,0.4852447041636231
0.05362963676452637,0.485317750182615
0.05363011360168457,0.485390796201607
0.05363106727600098,0.48546384222059896
0.05363273620605469,0.48553688823959096
0.053633689880371094,0.4856099342585829
0.053633928298950195,0.4856829802775749
0.0536351203918457,0.48575602629656683
0.053639888763427734,0.48582907231555883
0.05364227294921875,0.48590211833455077
0.05364346504211426,0.4859751643535427
0.05364823341369629,0.4860482103725347
0.0536494255065918,0.48612125639152665
0.05365300178527832,0.48619430241051864
0.05365395545959473,0.4862673484295106
0.05365562438964844,0.4863403944485026
0.05365943908691406,0.4864134404674945
0.05366015434265137,0.4864864864864865
0.05366182327270508,0.48655953250547845
0.05366206169128418,0.4866325785244704
0.05366206169128418,0.4867056245434624
0.05366349220275879,0.48677867056245433
0.0536651611328125,0.4868517165814463
0.0536656379699707,0.48692476260043827
0.05366659164428711,0.48699780861943026
0.05367255210876465,0.4870708546384222
0.053674936294555664,0.4871439006574142
0.0536808967590332,0.48721694667640614
0.05368399620056152,0.4872899926953981
0.053685665130615234,0.4873630387143901
0.05368828773498535,0.487436084733382
0.05369114875793457,0.487509130752374
0.05369234085083008,0.48758217677136595
0.05369377136230469,0.48765522279035795
0.05369400978088379,0.4877282688093499
0.053696632385253906,0.4878013148283419
0.05369734764099121,0.4878743608473338
0.05369877815246582,0.48794740686632576
0.05369901657104492,0.48802045288531776
0.05369901657104492,0.4880934989043097
0.053702592849731445,0.4881665449233017
0.05370593070983887,0.48823959094229363
0.05370688438415527,0.48831263696128563
0.05370831489562988,0.48838568298027757
0.05370926856994629,0.48845872899926956
0.05371356010437012,0.4885317750182615
0.05371880531311035,0.48860482103725345
0.05372285842895508,0.48867786705624544
0.05372357368469238,0.4887509130752374
0.05372738838195801,0.4888239590942294
0.05372786521911621,0.4888970051132213
0.05372953414916992,0.4889700511322133
0.053732872009277344,0.48904309715120525
0.05373358726501465,0.48911614317019725
0.05373430252075195,0.4891891891891892
0.053734540939331055,0.48926223520818113
0.05373716354370117,0.4893352812271731
0.05373859405517578,0.48940832724616506
0.0537419319152832,0.48948137326515706
0.0537419319152832,0.489554419284149
0.05374431610107422,0.489627465303141
0.05374908447265625,0.48970051132213294
0.05374908447265625,0.48977355734112493
0.05375170707702637,0.4898466033601169
0.05375266075134277,0.4899196493791088
0.05375480651855469,0.4899926953981008
0.05375480651855469,0.49006574141709275
0.053757429122924805,0.49013878743608474
0.05376100540161133,0.4902118334550767
0.053762197494506836,0.4902848794740687
0.05376720428466797,0.4903579254930606
0.053771018981933594,0.4904309715120526
0.053772926330566406,0.49050401753104456
0.053781747817993164,0.4905770635500365
0.05378437042236328,0.4906501095690285
0.05378913879394531,0.49072315558802043
0.05379152297973633,0.49079620160701243
0.05379176139831543,0.49086924762600437
0.053792476654052734,0.49094229364499636
0.05379343032836914,0.4910153396639883
0.05379366874694824,0.4910883856829803
0.053795814514160156,0.49116143170197224
0.053804636001586914,0.4912344777209642
0.053804636001586914,0.4913075237399562
0.053804636001586914,0.4913805697589481
0.05380749702453613,0.4914536157779401
0.053807973861694336,0.49152666179693205
0.053811073303222656,0.49159970781592405
0.05381441116333008,0.491672753834916
0.05381488800048828,0.491745799853908
0.05381584167480469,0.4918188458728999
0.053817033767700195,0.4918918918918919
0.0538177490234375,0.49196493791088386
0.053818464279174805,0.4920379839298758
0.053819894790649414,0.4921110299488678
0.05382132530212402,0.49218407596785974
0.05382251739501953,0.49225712198685173
0.05382513999938965,0.49233016800584367
0.053826332092285156,0.49240321402483567
0.05382680892944336,0.4924762600438276
0.053827524185180664,0.4925493060628196
0.05383157730102539,0.49262235208181154
0.053832292556762695,0.4926953981008035
0.0538325309753418,0.4927684441197955
0.05383419990539551,0.4928414901387874
0.05383419990539551,0.4929145361577794
0.05383610725402832,0.49298758217677136
0.05383634567260742,0.49306062819576335
0.05383658409118652,0.4931336742147553
0.05383658409118652,0.4932067202337473
0.05383801460266113,0.4932797662527392
0.05384087562561035,0.49335281227173117
0.05384111404418945,0.49342585829072316
0.053841352462768555,0.4934989043097151
0.053844451904296875,0.4935719503287071
0.05384492874145508,0.49364499634769904
0.053848981857299805,0.49371804236669103
0.05385088920593262,0.493791088385683
0.05385446548461914,0.49386413440467497
0.053854942321777344,0.4939371804236669
0.05385565757751465,0.49401022644265885
0.05385756492614746,0.49408327246165085
0.05385899543762207,0.4941563184806428
0.05386161804199219,0.4942293644996348
0.05386209487915039,0.4943024105186267
0.05386543273925781,0.4943754565376187
0.053865909576416016,0.49444850255661066
0.05386638641357422,0.49452154857560265
0.05387163162231445,0.4945945945945946
0.05387449264526367,0.49466764061358653
0.053877830505371094,0.49474068663257853
0.0538783073425293,0.49481373265157047
0.05388355255126953,0.49488677867056247
0.053885698318481445,0.4949598246895544
0.053885698318481445,0.4950328707085464
0.05388665199279785,0.49510591672753834
0.05388689041137695,0.49517896274653034
0.05388689041137695,0.4952520087655223
0.05388927459716797,0.4953250547845142
0.05388927459716797,0.4953981008035062
0.05389046669006348,0.49547114682249815
0.05389094352722168,0.49554419284149015
0.05389118194580078,0.4956172388604821
0.053893327713012695,0.4956902848794741
0.0538935661315918,0.495763330898466
0.0538938045501709,0.495836376917458
0.053896427154541016,0.49590942293644996
0.05389690399169922,0.4959824689554419
0.05389738082885742,0.4960555149744339
0.05390048027038574,0.49612856099342584
0.053903818130493164,0.49620160701241783
0.05390477180480957,0.4962746530314098
0.053907155990600586,0.49634769905040177
0.05390763282775879,0.4964207450693937
0.0539090633392334,0.4964937910883857
0.0539097785949707,0.49656683710737765
0.053910255432128906,0.4966398831263696
0.053911447525024414,0.4967129291453616
0.053911447525024414,0.4967859751643535
0.05391192436218262,0.4968590211833455
0.05391430854797363,0.49693206720233746
0.05391716957092285,0.49700511322132945
0.05391955375671387,0.4970781592403214
0.053925514221191406,0.4971512052593134
0.05392646789550781,0.49722425127830533
0.05392789840698242,0.4972972972972973
0.05392909049987793,0.49737034331628927
0.05393052101135254,0.4974433893352812
0.05393218994140625,0.4975164353542732
0.05393242835998535,0.49758948137326514
0.05393624305725098,0.49766252739225714
0.05393791198730469,0.4977355734112491
0.05393862724304199,0.4978086194302411
0.05394148826599121,0.497881665449233
0.053942203521728516,0.497954711468225
0.053942203521728516,0.49802775748721695
0.053945302963256836,0.4981008035062089
0.053946495056152344,0.4981738495252009
0.05394697189331055,0.4982468955441928
0.05395078659057617,0.4983199415631848
0.05395317077636719,0.49839298758217676
0.05395770072937012,0.49846603360116876
0.053960561752319336,0.4985390796201607
0.05396151542663574,0.4986121256391527
0.053961753845214844,0.49868517165814463
0.053966522216796875,0.4987582176771366
0.05397367477416992,0.49883126369612857
0.053974151611328125,0.4989043097151205
0.05397486686706543,0.4989773557341125
0.05397605895996094,0.49905040175310444
0.05397748947143555,0.49912344777209644
0.05398273468017578,0.4991964937910884
0.053984642028808594,0.4992695398100804
0.0539858341217041,0.4993425858290723
0.05399131774902344,0.49941563184806426
0.05399346351623535,0.49948867786705625
0.053993940353393555,0.4995617238860482
0.05399680137634277,0.4996347699050402
0.05399680137634277,0.49970781592403213
0.05399942398071289,0.4997808619430241
0.0540006160736084,0.49985390796201606
0.054001569747924805,0.49992695398100806
0.05400204658508301,0.5
0.05400228500366211,0.5000730460189919
0.05400347709655762,0.5001460920379839
0.054004669189453125,0.5002191380569759
0.054004669189453125,0.5002921840759679
0.05400896072387695,0.5003652300949598
0.05400896072387695,0.5004382761139518
0.05401158332824707,0.5005113221329438
0.05401301383972168,0.5005843681519357
0.05401325225830078,0.5006574141709277
0.05401492118835449,0.5007304601899196
0.05401921272277832,0.5008035062089116
0.05401945114135742,0.5008765522279036
0.05402231216430664,0.5009495982468956
0.05402779579162598,0.5010226442658875
0.05402803421020508,0.5010956902848794
0.05402994155883789,0.5011687363038715
0.054030418395996094,0.5012417823228634
0.054033517837524414,0.5013148283418554
0.054033756256103516,0.5013878743608473
0.054035186767578125,0.5014609203798392
0.05403590202331543,0.5015339663988313
0.05403614044189453,0.5016070124178232
0.054036617279052734,0.5016800584368152
0.054036855697631836,0.5017531044558071
0.05403709411621094,0.5018261504747992
0.054038286209106445,0.5018991964937911
0.05403900146484375,0.501972242512783
0.05404019355773926,0.502045288531775
0.05404043197631836,0.5021183345507669
0.05404233932495117,0.502191380569759
0.05404353141784668,0.5022644265887509
0.05404925346374512,0.5023374726077429
0.05405020713806152,0.5024105186267348
0.05405116081237793,0.5024835646457269
0.054051876068115234,0.5025566106647188
0.054052114486694336,0.5026296566837107
0.054053306579589844,0.5027027027027027
0.05405378341674805,0.5027757487216946
0.05405473709106445,0.5028487947406867
0.054055213928222656,0.5029218407596786
0.05405902862548828,0.5029948867786705
0.05405926704406738,0.5030679327976625
0.054059505462646484,0.5031409788166545
0.054061174392700195,0.5032140248356465
0.05406332015991211,0.5032870708546384
0.05406522750854492,0.5033601168736304
0.054067373275756836,0.5034331628926223
0.054068565368652344,0.5035062089116144
0.05406999588012695,0.5035792549306063
0.05407214164733887,0.5036523009495982
0.05407261848449707,0.5037253469685902
0.05407381057739258,0.5037983929875822
0.05407571792602539,0.5038714390065742
0.05407595634460449,0.5039444850255661
0.05407905578613281,0.504017531044558
0.05408048629760742,0.50409057706355
0.05408143997192383,0.504163623082542
0.05408334732055664,0.504236669101534
0.05408453941345215,0.5043097151205259
0.05408477783203125,0.5043827611395179
0.05408763885498047,0.5044558071585099
0.05408763885498047,0.5045288531775018
0.05409121513366699,0.5046018991964938
0.0540928840637207,0.5046749452154857
0.054093360900878906,0.5047479912344777
0.05409550666809082,0.5048210372534697
0.05409812927246094,0.5048940832724617
0.05410003662109375,0.5049671292914536
0.05410003662109375,0.5050401753104455
0.054100990295410156,0.5051132213294376
0.05410313606262207,0.5051862673484295
0.05410456657409668,0.5052593133674215
0.0541071891784668,0.5053323593864134
0.054108381271362305,0.5054054054054054
0.054110050201416016,0.5054784514243974
0.05411100387573242,0.5055514974433893
0.05411267280578613,0.5056245434623813
0.054112911224365234,0.5056975894813732
0.05411410331726074,0.5057706355003653
0.054114341735839844,0.5058436815193572
0.05411505699157715,0.5059167275383492
0.05411815643310547,0.5059897735573411
0.05411887168884277,0.5060628195763331
0.05411934852600098,0.5061358655953251
0.054120540618896484,0.506208911614317
0.05412554740905762,0.506281957633309
0.054126739501953125,0.5063550036523009
0.054129838943481445,0.506428049671293
0.05413389205932617,0.5065010956902849
0.05413556098937988,0.5065741417092768
0.0541377067565918,0.5066471877282688
0.0541386604309082,0.5067202337472608
0.05413961410522461,0.5067932797662528
0.05414104461669922,0.5068663257852447
0.05414414405822754,0.5069393718042366
0.05414414405822754,0.5070124178232286
0.05414557456970215,0.5070854638422206
0.05414700508117676,0.5071585098612126
0.05415034294128418,0.5072315558802045
0.05415153503417969,0.5073046018991965
0.05415511131286621,0.5073776479181885
0.05415678024291992,0.5074506939371805
0.05415701866149902,0.5075237399561724
0.05415821075439453,0.5075967859751643
0.054158687591552734,0.5076698319941563
0.05416154861450195,0.5077428780131483
0.05416607856750488,0.5078159240321403
0.0541682243347168,0.5078889700511322
0.054171085357666016,0.5079620160701241
0.05417156219482422,0.5080350620891162
0.05417299270629883,0.5081081081081081
0.05417323112487793,0.5081811541271001
0.05417323112487793,0.508254200146092
0.05417490005493164,0.508327246165084
0.054175376892089844,0.508400292184076
0.05417633056640625,0.508473338203068
0.05417656898498535,0.5085463842220599
0.05418086051940918,0.5086194302410518
0.054181575775146484,0.5086924762600439
0.05418229103088379,0.5087655222790358
0.05418252944946289,0.5088385682980278
0.05418276786804199,0.5089116143170197
0.054183006286621094,0.5089846603360116
0.054184675216674805,0.5090577063550037
0.05418896675109863,0.5091307523739956
0.05419158935546875,0.5092037983929876
0.05419158935546875,0.5092768444119795
0.05419611930847168,0.5093498904309716
0.054196834564208984,0.5094229364499635
0.054198503494262695,0.5094959824689554
0.05420398712158203,0.5095690284879474
0.05420637130737305,0.5096420745069393
0.054208993911743164,0.5097151205259314
0.05420970916748047,0.5097881665449233
0.05420970916748047,0.5098612125639153
0.05421018600463867,0.5099342585829072
0.05421185493469238,0.5100073046018992
0.05421280860900879,0.5100803506208912
0.054216623306274414,0.5101533966398831
0.05421876907348633,0.5102264426588751
0.05421900749206543,0.510299488677867
0.054221153259277344,0.5103725346968591
0.054221391677856445,0.510445580715851
0.05422186851501465,0.5105186267348429
0.05422544479370117,0.5105916727538349
0.05422568321228027,0.5106647187728269
0.05422639846801758,0.5107377647918189
0.054229021072387695,0.5108108108108108
0.05423116683959961,0.5108838568298028
0.05423402786254883,0.5109569028487947
0.05423426628112793,0.5110299488677867
0.05423593521118164,0.5111029948867787
0.054236412048339844,0.5111760409057706
0.05424165725708008,0.5112490869247626
0.05424356460571289,0.5113221329437546
0.054245710372924805,0.5113951789627466
0.054245948791503906,0.5114682249817385
0.05424642562866211,0.5115412710007304
0.05424952507019043,0.5116143170197224
0.054254770278930664,0.5116873630387144
0.054258108139038086,0.5117604090577064
0.054259300231933594,0.5118334550766983
0.054259538650512695,0.5119065010956902
0.054259538650512695,0.5119795471146823
0.054260969161987305,0.5120525931336742
0.05426454544067383,0.5121256391526662
0.054265737533569336,0.5121986851716581
0.05426740646362305,0.5122717311906501
0.05426979064941406,0.5123447772096421
0.05427384376525879,0.512417823228634
0.05427742004394531,0.512490869247626
0.05427980422973633,0.5125639152666179
0.05428004264831543,0.51263696128561
0.054282188415527344,0.5127100073046019
0.05428314208984375,0.5127830533235939
0.054283857345581055,0.5128560993425858
0.05428481101989746,0.5129291453615777
0.05428504943847656,0.5130021913805698
0.05429196357727051,0.5130752373995617
0.05429244041442871,0.5131482834185537
0.05429434776306152,0.5132213294375456
0.05429553985595703,0.5132943754565377
0.054299116134643555,0.5133674214755296
0.054300785064697266,0.5134404674945215
0.05430173873901367,0.5135135135135135
0.0543060302734375,0.5135865595325054
0.054308176040649414,0.5136596055514975
0.05430889129638672,0.5137326515704894
0.05430889129638672,0.5138056975894814
0.05431199073791504,0.5138787436084733
0.054314613342285156,0.5139517896274653
0.05431818962097168,0.5140248356464573
0.05431842803955078,0.5140978816654492
0.05431938171386719,0.5141709276844412
0.05431962013244629,0.5142439737034331
0.05431985855102539,0.5143170197224252
0.0543210506439209,0.5143900657414171
0.054323673248291016,0.514463111760409
0.05432534217834473,0.514536157779401
0.054326534271240234,0.514609203798393
0.054326534271240234,0.514682249817385
0.05432701110839844,0.5147552958363769
0.05432939529418945,0.5148283418553689
0.05433154106140137,0.5149013878743608
0.05433177947998047,0.5149744338933528
0.05433368682861328,0.5150474799123448
0.05433368682861328,0.5151205259313367
0.054335832595825195,0.5151935719503287
0.05433964729309082,0.5152666179693207
0.05433964729309082,0.5153396639883127
0.05433988571166992,0.5154127100073046
0.05434417724609375,0.5154857560262965
0.054346561431884766,0.5155588020452885
0.05434679985046387,0.5156318480642805
0.05434727668762207,0.5157048940832725
0.05434751510620117,0.5157779401022644
0.05435323715209961,0.5158509861212563
0.05435442924499512,0.5159240321402484
0.05435466766357422,0.5159970781592403
0.05435538291931152,0.5160701241782323
0.05435538291931152,0.5161431701972242
0.05435967445373535,0.5162162162162162
0.054364681243896484,0.5162892622352082
0.05436563491821289,0.5163623082542002
0.05436825752258301,0.5164353542731921
0.05436873435974121,0.516508400292184
0.05436968803405762,0.5165814463111761
0.05437135696411133,0.516654492330168
0.054372310638427734,0.51672753834916
0.05437755584716797,0.5168005843681519
0.05437779426574707,0.5168736303871438
0.05437946319580078,0.5169466764061359
0.054381608963012695,0.5170197224251278
0.0543818473815918,0.5170927684441198
0.05438232421875,0.5171658144631117
0.05438351631164551,0.5172388604821038
0.05438494682312012,0.5173119065010957
0.05438494682312012,0.5173849525200876
0.05438518524169922,0.5174579985390796
0.05438566207885742,0.5175310445580716
0.054387569427490234,0.5176040905770636
0.05439138412475586,0.5176771365960555
0.05439591407775879,0.5177501826150475
0.0543973445892334,0.5178232286340394
0.05440020561218262,0.5178962746530315
0.05440115928649902,0.5179693206720234
0.054403066635131836,0.5180423666910153
0.05440330505371094,0.5181154127100073
0.05441427230834961,0.5181884587289993
0.05441451072692871,0.5182615047479913
0.054414987564086914,0.5183345507669832
0.05441713333129883,0.5184075967859751
0.05442047119140625,0.5184806428049671
0.05442047119140625,0.5185536888239591
0.05442214012145996,0.5186267348429511
0.05442357063293457,0.518699780861943
0.054425716400146484,0.518772826880935
0.054427385330200195,0.518845872899927
0.0544285774230957,0.518918918918919
0.05443596839904785,0.5189919649379109
0.054436683654785156,0.5190650109569028
0.054438114166259766,0.5191380569758948
0.05443906784057617,0.5192111029948868
0.05444002151489258,0.5192841490138788
0.05444145202636719,0.5193571950328707
0.054443359375,0.5194302410518626
0.054444074630737305,0.5195032870708547
0.054444313049316406,0.5195763330898466
0.05444693565368652,0.5196493791088386
0.05444836616516113,0.5197224251278305
0.05445075035095215,0.5197954711468225
0.05445361137390137,0.5198685171658145
0.05445671081542969,0.5199415631848064
0.05445671081542969,0.5200146092037984
0.05445694923400879,0.5200876552227903
0.0544590950012207,0.5201607012417824
0.05446004867553711,0.5202337472607743
0.05446124076843262,0.5203067932797663
0.05446290969848633,0.5203798392987582
0.05446338653564453,0.5204528853177501
0.054463863372802734,0.5205259313367422
0.05446577072143555,0.5205989773557341
0.05446624755859375,0.5206720233747261
0.05446815490722656,0.520745069393718
0.05447220802307129,0.5208181154127101
0.05447578430175781,0.520891161431702
0.054476261138916016,0.5209642074506939
0.054477691650390625,0.5210372534696859
0.05447840690612793,0.5211102994886778
0.054479360580444336,0.5211833455076699
0.054482221603393555,0.5212563915266618
0.05448317527770996,0.5213294375456538
0.054483652114868164,0.5214024835646457
0.054483890533447266,0.5214755295836377
0.05448436737060547,0.5215485756026297
0.05448460578918457,0.5216216216216216
0.05448651313781738,0.5216946676406136
0.054486989974975586,0.5217677136596055
0.05448794364929199,0.5218407596785976
0.054488182067871094,0.5219138056975895
0.0544891357421875,0.5219868517165814
0.05449175834655762,0.5220598977355734
0.05449199676513672,0.5221329437545654
0.05449223518371582,0.5222059897735574
0.05449485778808594,0.5222790357925493
0.05449533462524414,0.5223520818115412
0.05449557304382324,0.5224251278305332
0.05449628829956055,0.5224981738495252
0.05449700355529785,0.5225712198685172
0.05449867248535156,0.5226442658875091
0.054498910903930664,0.5227173119065011
0.05449962615966797,0.5227903579254931
0.05450081825256348,0.522863403944485
0.05450177192687988,0.522936449963477
0.05450177192687988,0.5230094959824689
0.054505109786987305,0.5230825420014609
0.054505348205566406,0.5231555880204529
0.054508209228515625,0.5232286340394449
0.05451560020446777,0.5233016800584368
0.05451703071594238,0.5233747260774287
0.054517269134521484,0.5234477720964208
0.0545191764831543,0.5235208181154127
0.05452084541320801,0.5235938641344047
0.054521799087524414,0.5236669101533966
0.05452227592468262,0.5237399561723886
0.05452370643615723,0.5238130021913806
0.05452442169189453,0.5238860482103725
0.054524898529052734,0.5239590942293645
0.05453205108642578,0.5240321402483564
0.05453228950500488,0.5241051862673485
0.05453372001647949,0.5241782322863404
0.05453753471374512,0.5242512783053324
0.05453896522521973,0.5243243243243243
0.05453968048095703,0.5243973703433162
0.05453968048095703,0.5244704163623083
0.054541587829589844,0.5245434623813002
0.05454301834106445,0.5246165084002922
0.054543495178222656,0.5246895544192841
0.054543495178222656,0.5247626004382762
0.05454516410827637,0.5248356464572681
0.05454516410827637,0.52490869247626
0.05454587936401367,0.524981738495252
0.05454707145690918,0.5250547845142439
0.054548025131225586,0.525127830533236
0.05455279350280762,0.5252008765522279
0.05455374717712402,0.5252739225712199
0.05455517768859863,0.5253469685902118
0.05455589294433594,0.5254200146092038
0.054557085037231445,0.5254930606281958
0.05456042289733887,0.5255661066471877
0.05456137657165527,0.5256391526661797
0.05456280708312988,0.5257121986851716
0.05456662178039551,0.5257852447041637
0.05456662178039551,0.5258582907231556
0.05456686019897461,0.5259313367421475
0.054567813873291016,0.5260043827611395
0.054569244384765625,0.5260774287801315
0.05457043647766113,0.5261504747991235
0.05457353591918945,0.5262235208181154
0.054574012756347656,0.5262965668371073
0.054576873779296875,0.5263696128560993
0.054578542709350586,0.5264426588750913
0.054578542709350586,0.5265157048940833
0.05457901954650879,0.5265887509130752
0.0545802116394043,0.5266617969320672
0.0545802116394043,0.5267348429510592
0.0545806884765625,0.5268078889700512
0.05458259582519531,0.5268809349890431
0.05458474159240723,0.526953981008035
0.05458712577819824,0.527027027027027
0.054587364196777344,0.527100073046019
0.05458855628967285,0.527173119065011
0.054589033126831055,0.5272461650840029
0.054589033126831055,0.5273192111029948
0.05459141731262207,0.5273922571219869
0.054593563079833984,0.5274653031409788
0.054593801498413086,0.5275383491599708
0.054593801498413086,0.5276113951789627
0.05459451675415039,0.5276844411979547
0.05459475517272949,0.5277574872169467
0.054594993591308594,0.5278305332359386
0.054596662521362305,0.5279035792549306
0.05459761619567871,0.5279766252739225
0.054598093032836914,0.5280496712929146
0.05459880828857422,0.5281227173119065
0.05459904670715332,0.5281957633308985
0.05459952354431152,0.5282688093498904
0.054599761962890625,0.5283418553688823
0.05460095405578613,0.5284149013878744
0.05460238456726074,0.5284879474068663
0.05460238456726074,0.5285609934258583
0.05460333824157715,0.5286340394448502
0.05460357666015625,0.5287070854638423
0.05460381507873535,0.5287801314828342
0.05460405349731445,0.5288531775018261
0.05460500717163086,0.5289262235208181
0.05460500717163086,0.5289992695398101
0.05460691452026367,0.5290723155588021
0.05460810661315918,0.529145361577794
0.05460810661315918,0.529218407596786
0.05460834503173828,0.5292914536157779
0.05460977554321289,0.52936449963477
0.0546107292175293,0.5294375456537619
0.0546116828918457,0.5295105916727538
0.05461239814758301,0.5295836376917458
0.054613351821899414,0.5296566837107378
0.05461430549621582,0.5297297297297298
0.05461430549621582,0.5298027757487217
0.05461883544921875,0.5298758217677136
0.05462074279785156,0.5299488677867056
0.054621219635009766,0.5300219138056976
0.05462217330932617,0.5300949598246896
0.05462336540222168,0.5301680058436815
0.05462455749511719,0.5302410518626735
0.054625749588012695,0.5303140978816655
0.0546259880065918,0.5303871439006574
0.0546262264251709,0.5304601899196494
0.0546269416809082,0.5305332359386413
0.05462765693664551,0.5306062819576333
0.05462908744812012,0.5306793279766253
0.05462932586669922,0.5307523739956173
0.05463004112243652,0.5308254200146092
0.054631710052490234,0.5308984660336011
0.054631948471069336,0.5309715120525932
0.054636478424072266,0.5310445580715851
0.05463767051696777,0.5311176040905771
0.054637908935546875,0.531190650109569
0.054639577865600586,0.531263696128561
0.05464005470275879,0.531336742147553
0.054640769958496094,0.5314097881665449
0.0546417236328125,0.5314828341855369
0.05464315414428711,0.5315558802045288
0.05464816093444824,0.5316289262235209
0.05464911460876465,0.5317019722425128
0.054650306701660156,0.5317750182615048
0.05465197563171387,0.5318480642804967
0.05465412139892578,0.5319211102994886
0.0546574592590332,0.5319941563184807
0.054657936096191406,0.5320672023374726
0.05465817451477051,0.5321402483564646
0.05466294288635254,0.5322132943754565
0.05466294288635254,0.5322863403944486
0.05466437339782715,0.5323593864134405
0.05466508865356445,0.5324324324324324
0.054666757583618164,0.5325054784514244
0.05466866493225098,0.5325785244704163
0.05466914176940918,0.5326515704894084
0.05467081069946289,0.5327246165084003
0.054671525955200195,0.5327976625273922
0.0546717643737793,0.5328707085463842
0.054672956466674805,0.5329437545653762
0.054672956466674805,0.5330168005843682
0.05467534065246582,0.5330898466033601
0.05467557907104492,0.5331628926223521
0.054677724838256836,0.533235938641344
0.054679155349731445,0.533308984660336
0.05467987060546875,0.533382030679328
0.05468034744262695,0.5334550766983199
0.05468106269836426,0.5335281227173119
0.05468320846557617,0.5336011687363039
0.05468487739562988,0.5336742147552959
0.0546877384185791,0.5337472607742878
0.0546879768371582,0.5338203067932797
0.054688453674316406,0.5338933528122717
0.05469012260437012,0.5339663988312637
0.05469012260437012,0.5340394448502557
0.05469036102294922,0.5341124908692476
0.05469369888305664,0.5341855368882396
0.05469512939453125,0.5342585829072316
0.05469822883605957,0.5343316289262235
0.05470013618469238,0.5344046749452155
0.05470085144042969,0.5344777209642074
0.0547029972076416,0.5345507669831994
0.05470585823059082,0.5346238130021914
0.054706573486328125,0.5346968590211834
0.05470681190490723,0.5347699050401753
0.05470681190490723,0.5348429510591672
0.05471158027648926,0.5349159970781593
0.05471301078796387,0.5349890430971512
0.05471301078796387,0.5350620891161432
0.054714202880859375,0.5351351351351351
0.05471467971801758,0.535208181154127
0.05471611022949219,0.5352812271731191
0.05471658706665039,0.535354273192111
0.054717302322387695,0.535427319211103
0.0547175407409668,0.5355003652300949
0.054723262786865234,0.535573411249087
0.054723262786865234,0.5356464572680789
0.05472373962402344,0.5357195032870709
0.054724931716918945,0.5357925493060628
0.05472564697265625,0.5358655953250547
0.054727792739868164,0.5359386413440468
0.054728031158447266,0.5360116873630387
0.05472898483276367,0.5360847333820307
0.05472922325134277,0.5361577794010226
0.05472970008850098,0.5362308254200147
0.05472993850708008,0.5363038714390066
0.0547327995300293,0.5363769174579985
0.0547335147857666,0.5364499634769905
0.05473470687866211,0.5365230094959824
0.054738521575927734,0.5365960555149745
0.05474090576171875,0.5366691015339664
0.05474090576171875,0.5367421475529583
0.05474424362182617,0.5368151935719503
0.05474734306335449,0.5368882395909423
0.054747581481933594,0.5369612856099343
0.054749250411987305,0.5370343316289262
0.054750680923461914,0.5371073776479182
0.05475592613220215,0.5371804236669101
0.05475878715515137,0.5372534696859022
0.05475878715515137,0.5373265157048941
0.05475902557373047,0.537399561723886
0.05475926399230957,0.537472607742878
0.05476212501525879,0.53754565376187
0.054763078689575195,0.537618699780862
0.05476522445678711,0.5376917457998539
0.05476737022399902,0.5377647918188458
0.05476832389831543,0.5378378378378378
0.05476856231689453,0.5379108838568298
0.05476975440979004,0.5379839298758218
0.05477023124694824,0.5380569758948137
0.054770708084106445,0.5381300219138057
0.05477094650268555,0.5382030679327977
0.05477118492126465,0.5382761139517896
0.05477261543273926,0.5383491599707816
0.0547788143157959,0.5384222059897735
0.05478096008300781,0.5384952520087655
0.05478191375732422,0.5385682980277575
0.05478191375732422,0.5386413440467495
0.05478310585021973,0.5387143900657414
0.05478358268737793,0.5387874360847333
0.05478501319885254,0.5388604821037254
0.05478835105895996,0.5389335281227173
0.054788827896118164,0.5390065741417093
0.05479025840759277,0.5390796201607012
0.05479073524475098,0.5391526661796932
0.05479121208190918,0.5392257121986852
0.05479145050048828,0.5392987582176771
0.0547943115234375,0.5393718042366691
0.054795026779174805,0.539444850255661
0.054798126220703125,0.5395178962746531
0.05479907989501953,0.539590942293645
0.054799556732177734,0.539663988312637
0.05480146408081055,0.5397370343316289
0.054802894592285156,0.539810080350621
0.05480360984802246,0.5398831263696129
0.054804325103759766,0.5399561723886048
0.05480456352233887,0.5400292184075968
0.05480623245239258,0.5401022644265887
0.05480623245239258,0.5401753104455808
0.054808616638183594,0.5402483564645727
0.054810285568237305,0.5403214024835646
0.05481100082397461,0.5403944485025566
0.054811716079711914,0.5404674945215486
0.054811716079711914,0.5405405405405406
0.054811716079711914,0.5406135865595325
0.054815053939819336,0.5406866325785245
0.05481553077697754,0.5407596785975164
0.054816246032714844,0.5408327246165084
0.05481863021850586,0.5409057706355004
0.05482125282287598,0.5409788166544923
0.05482172966003418,0.5410518626734843
0.05482196807861328,0.5411249086924763
0.05482292175292969,0.5411979547114683
0.05482316017150879,0.5412710007304602
0.0548248291015625,0.5413440467494521
0.0548250675201416,0.5414170927684441
0.054825544357299805,0.5414901387874361
0.054825544357299805,0.5415631848064281
0.054825782775878906,0.54163623082542
0.054828643798828125,0.541709276844412
0.054828643798828125,0.541782322863404
0.054831504821777344,0.5418553688823959
0.054833173751831055,0.5419284149013879
0.05483388900756836,0.5420014609203798
0.05483841896057129,0.5420745069393718
0.05483889579772949,0.5421475529583638
0.0548405647277832,0.5422205989773557
0.05484151840209961,0.5422936449963477
0.05484175682067871,0.5423666910153396
0.05484175682067871,0.5424397370343317
0.054842233657836914,0.5425127830533236
0.05484366416931152,0.5425858290723156
0.054843902587890625,0.5426588750913075
0.054845571517944336,0.5427319211102994
0.05485033988952637,0.5428049671292915
0.05485177040100098,0.5428780131482834
0.054854393005371094,0.5429510591672754
0.0548551082611084,0.5430241051862673
0.0548553466796875,0.5430971512052594
0.05485844612121582,0.5431701972242513
0.054859161376953125,0.5432432432432432
0.054859161376953125,0.5433162892622352
0.05485963821411133,0.5433893352812271
0.05486106872558594,0.5434623813002192
0.054863691329956055,0.5435354273192111
0.054863929748535156,0.5436084733382031
0.05486726760864258,0.543681519357195
0.054869651794433594,0.543754565376187
0.054871559143066406,0.543827611395179
0.05487179756164551,0.5439006574141709
0.05487179756164551,0.5439737034331629
0.054872989654541016,0.5440467494521548
0.054872989654541016,0.5441197954711469
0.05487322807312012,0.5441928414901388
0.054875850677490234,0.5442658875091307
0.054877519607543945,0.5443389335281227
0.05487990379333496,0.5444119795471147
0.05488014221191406,0.5444850255661067
0.05488157272338867,0.5445580715850986
0.054882049560546875,0.5446311176040906
0.05488443374633789,0.5447041636230825
0.05488467216491699,0.5447772096420745
0.05488467216491699,0.5448502556610665
0.05488729476928711,0.5449233016800584
0.05489015579223633,0.5449963476990504
0.05489039421081543,0.5450693937180424
0.05489087104797363,0.5451424397370344
0.054892778396606445,0.5452154857560263
0.05489373207092285,0.5452885317750182
0.054894208908081055,0.5453615777940102
0.05489492416381836,0.5454346238130022
0.05489516258239746,0.5455076698319942
0.054895639419555664,0.5455807158509861
0.054895639419555664,0.545653761869978
0.054900169372558594,0.5457268078889701
0.0549006462097168,0.545799853907962
0.05490279197692871,0.545872899926954
0.054904937744140625,0.5459459459459459
0.05490565299987793,0.5460189919649379
0.05490612983703613,0.5460920379839299
0.054906368255615234,0.5461650840029219
0.054907798767089844,0.5462381300219138
0.05490827560424805,0.5463111760409057
0.054913997650146484,0.5463842220598978
0.054914236068725586,0.5464572680788897
0.054915428161621094,0.5465303140978817
0.054915666580200195,0.5466033601168736
0.0549159049987793,0.5466764061358655
0.05491900444030762,0.5467494521548576
0.054920196533203125,0.5468224981738495
0.05492281913757324,0.5468955441928415
0.05492377281188965,0.5469685902118334
0.05492806434631348,0.5470416362308255
0.05492901802062988,0.5471146822498174
0.054930925369262695,0.5471877282688093
0.0549311637878418,0.5472607742878013
0.0549318790435791,0.5473338203067932
0.0549321174621582,0.5474068663257853
0.05493330955505371,0.5474799123447772
0.054934024810791016,0.5475529583637692
0.05493664741516113,0.5476260043827611
0.054940223693847656,0.5476990504017532
0.054943084716796875,0.5477720964207451
0.05494499206542969,0.547845142439737
0.054949283599853516,0.547918188458729
0.05494976043701172,0.5479912344777209
0.05494999885559082,0.548064280496713
0.05495047569274902,0.5481373265157049
0.054950714111328125,0.5482103725346968
0.05495333671569824,0.5482834185536888
0.05495452880859375,0.5483564645726808
0.05496096611022949,0.5484295105916728
0.05496096611022949,0.5485025566106647
0.054961204528808594,0.5485756026296567
0.05496621131896973,0.5486486486486486
0.05496811866760254,0.5487216946676406
0.054970502853393555,0.5487947406866326
0.054970741271972656,0.5488677867056245
0.05497336387634277,0.5489408327246165
0.05497407913208008,0.5490138787436085
0.05497479438781738,0.5490869247626005
0.054975032806396484,0.5491599707815924
0.05497574806213379,0.5492330168005843
0.054976701736450195,0.5493060628195763
0.0549778938293457,0.5493791088385683
0.054978132247924805,0.5494521548575603
0.05497908592224121,0.5495252008765522
0.05498099327087402,0.5495982468955442
0.054982900619506836,0.5496712929145362
0.05498647689819336,0.5497443389335281
0.05499100685119629,0.5498173849525201
0.054996490478515625,0.549890430971512
0.05499696731567383,0.549963476990504
0.054999351501464844,0.550036523009496
0.05500364303588867,0.550109569028488
0.05500626564025879,0.5501826150474799
0.055007219314575195,0.5502556610664718
0.055008649826049805,0.5503287070854639
0.055008649826049805,0.5504017531044558
0.055008888244628906,0.5504747991234478
0.05501103401184082,0.5505478451424397
0.055013418197631836,0.5506208911614316
0.055013418197631836,0.5506939371804237
0.05501389503479004,0.5507669831994156
0.055014848709106445,0.5508400292184076
0.055014848709106445,0.5509130752373995
0.05501532554626465,0.5509861212563916
0.05501747131347656,0.5510591672753835
0.05501842498779297,0.5511322132943755
0.055019378662109375,0.5512052593133674
0.05502462387084961,0.5512783053323594
0.05502748489379883,0.5513513513513514
0.05502891540527344,0.5514243973703433
0.05502891540527344,0.5514974433893353
0.05503225326538086,0.5515704894083272
0.055033206939697266,0.5516435354273193
0.05503392219543457,0.5517165814463112
0.05503392219543457,0.5517896274653031
0.055036067962646484,0.5518626734842951
0.055036067962646484,0.5519357195032871
0.055036306381225586,0.5520087655222791
0.05503678321838379,0.552081811541271
0.0550389289855957,0.552154857560263
0.05504035949707031,0.5522279035792549
0.05504179000854492,0.5523009495982469
0.05504417419433594,0.5523739956172389
0.055045366287231445,0.5524470416362308
0.055047035217285156,0.5525200876552228
0.05504941940307617,0.5525931336742148
0.05505013465881348,0.5526661796932067
0.055052995681762695,0.5527392257121987
0.0550532341003418,0.5528122717311906
0.0550534725189209,0.5528853177501826
0.05505776405334473,0.5529583637691746
0.05505847930908203,0.5530314097881666
0.055058956146240234,0.5531044558071585
0.05506134033203125,0.5531775018261504
0.055062294006347656,0.5532505478451425
0.05506443977355957,0.5533235938641344
0.05506467819213867,0.5533966398831264
0.055065155029296875,0.5534696859021183
0.055066823959350586,0.5535427319211103
0.05506730079650879,0.5536157779401023
0.05506753921508789,0.5536888239590942
0.05506753921508789,0.5537618699780862
0.055068016052246094,0.5538349159970781
0.05507040023803711,0.5539079620160702
0.05507326126098633,0.5539810080350621
0.05507349967956543,0.5540540540540541
0.055075645446777344,0.554127100073046
0.05507636070251465,0.5542001460920379
0.055078744888305664,0.55427319211103
0.055078983306884766,0.5543462381300219
0.05507946014404297,0.5544192841490139
0.05507993698120117,0.5544923301680058
0.055080413818359375,0.5545653761869979
0.05508089065551758,0.5546384222059898
0.05508112907409668,0.5547114682249817
0.0550837516784668,0.5547845142439737
0.0550837516784668,0.5548575602629656
0.0550847053527832,0.5549306062819577
0.0550847053527832,0.5550036523009496
0.055089473724365234,0.5550766983199416
0.05508995056152344,0.5551497443389335
0.055090904235839844,0.5552227903579255
0.055092573165893555,0.5552958363769175
0.05509519577026367,0.5553688823959094
0.05509519577026367,0.5554419284149014
0.05509614944458008,0.5555149744338933
0.05509757995605469,0.5555880204528854
0.055101871490478516,0.5556610664718773
0.05510306358337402,0.5557341124908692
0.05510449409484863,0.5558071585098612
0.055106163024902344,0.5558802045288532
0.055107831954956055,0.5559532505478452
0.05510973930358887,0.5560262965668371
0.055110931396484375,0.556099342585829
0.05511116981506348,0.556172388604821
0.05511164665222168,0.556245434623813
0.05511212348937988,0.556318480642805
0.05511474609375,0.5563915266617969
0.055115699768066406,0.5564645726807889
0.05511879920959473,0.5565376186997809
0.05511927604675293,0.5566106647187729
0.05511975288391113,0.5566837107377648
0.055121660232543945,0.5567567567567567
0.05512189865112305,0.5568298027757487
0.05512237548828125,0.5569028487947407
0.05512404441833496,0.5569758948137327
0.055124521255493164,0.5570489408327246
0.05512499809265137,0.5571219868517165
0.05512571334838867,0.5571950328707086
0.055126190185546875,0.5572680788897005
0.05512642860412598,0.5573411249086925
0.05512666702270508,0.5574141709276844
0.05512690544128418,0.5574872169466764
0.05512714385986328,0.5575602629656684
0.055127859115600586,0.5576333089846603
0.055130958557128906,0.5577063550036523
0.055130958557128906,0.5577794010226442
0.05513119697570801,0.5578524470416363
0.05513286590576172,0.5579254930606282
0.05513739585876465,0.5579985390796202
0.05513811111450195,0.5580715850986121
0.0551450252532959,0.558144631117604
0.0551455020904541,0.5582176771365961
0.0551457405090332,0.558290723155588
0.055156707763671875,0.55836376917458
0.05515694618225098,0.5584368151935719
0.05515933036804199,0.558509861212564
0.0551600456237793,0.5585829072315559
0.0551600456237793,0.5586559532505478
0.05516362190246582,0.5587289992695398
0.05516386032104492,0.5588020452885317
0.055166006088256836,0.5588750913075238
0.055167198181152344,0.5589481373265157
0.05517578125,0.5590211833455077
0.05517721176147461,0.5590942293644996
0.05518007278442383,0.5591672753834916
0.05518031120300293,0.5592403214024836
0.055181264877319336,0.5593133674214755
0.05518174171447754,0.5593864134404675
0.05518293380737305,0.5594594594594594
0.05518603324890137,0.5595325054784515
0.05518817901611328,0.5596055514974434
0.05518937110900879,0.5596785975164353
0.0551908016204834,0.5597516435354273
0.05519294738769531,0.5598246895544193
0.055193424224853516,0.5598977355734113
0.05519437789916992,0.5599707815924032
0.05519509315490723,0.5600438276113952
0.05519843101501465,0.5601168736303871
0.05519914627075195,0.5601899196493791
0.05520129203796387,0.5602629656683711
0.055203914642333984,0.560336011687363
0.055204153060913086,0.560409057706355
0.055205345153808594,0.560482103725347
0.055207014083862305,0.560555149744339
0.055207014083862305,0.5606281957633309
0.05520749092102051,0.5607012417823228
0.05520915985107422,0.5607742878013148
0.05520939826965332,0.5608473338203068
0.05521082878112793,0.5609203798392988
0.05521130561828613,0.5609934258582907
0.05521512031555176,0.5610664718772826
0.05521702766418457,0.5611395178962747
0.0552217960357666,0.5612125639152666
0.055222272872924805,0.5612856099342586
0.055222511291503906,0.5613586559532505
0.05522322654724121,0.5614317019722425
0.05522418022155762,0.5615047479912345
0.05522727966308594,0.5615777940102264
0.05522751808166504,0.5616508400292184
0.05522775650024414,0.5617238860482103
0.05522871017456055,0.5617969320672024
0.05522894859313965,0.5618699780861943
0.05523085594177246,0.5619430241051863
0.05523371696472168,0.5620160701241782
0.05523395538330078,0.5620891161431701
0.055234670639038086,0.5621621621621622
0.05523681640625,0.5622352081811541
0.0552372932434082,0.5623082542001461
0.055237531661987305,0.562381300219138
0.05523943901062012,0.5624543462381301
0.05523967742919922,0.562527392257122
0.05523991584777832,0.562600438276114
0.05524015426635742,0.5626734842951059
0.05524086952209473,0.5627465303140979
0.055242061614990234,0.5628195763330899
0.055245161056518555,0.5628926223520818
0.055246829986572266,0.5629656683710738
0.05524754524230957,0.5630387143900657
0.05525040626525879,0.5631117604090577
0.0552518367767334,0.5631848064280497
0.055254220962524414,0.5632578524470416
0.05525541305541992,0.5633308984660336
0.05525708198547363,0.5634039444850256
0.05526089668273926,0.5634769905040176
0.05526256561279297,0.5635500365230095
0.05526280403137207,0.5636230825420014
0.05526328086853027,0.5636961285609934
0.055269479751586914,0.5637691745799854
0.055269479751586914,0.5638422205989774
0.05527019500732422,0.5639152666179693
0.055271148681640625,0.5639883126369613
0.05527210235595703,0.5640613586559533
0.05527782440185547,0.5641344046749452
0.05527973175048828,0.5642074506939372
0.05528068542480469,0.5642804967129291
0.05528426170349121,0.5643535427319211
0.05528569221496582,0.5644265887509131
0.05528664588928223,0.5644996347699051
0.05528664588928223,0.564572680788897
0.05528688430786133,0.5646457268078889
0.05528688430786133,0.564718772826881
0.05528736114501953,0.5647918188458729
0.055287837982177734,0.5648648648648649
0.05529141426086426,0.5649379108838568
0.055292367935180664,0.5650109569028487
0.05529522895812988,0.5650840029218408
0.0552973747253418,0.5651570489408327
0.0552983283996582,0.5652300949598247
0.05529952049255371,0.5653031409788166
0.05530190467834473,0.5653761869978087
0.05530261993408203,0.5654492330168006
0.05530285835266113,0.5655222790357926
0.05530357360839844,0.5655953250547845
0.05530405044555664,0.5656683710737764
0.05530405044555664,0.5657414170927685
0.05530738830566406,0.5658144631117604
0.05530905723571777,0.5658875091307524
0.055309295654296875,0.5659605551497443
0.05530977249145508,0.5660336011687364
0.05531001091003418,0.5661066471877283
0.055310726165771484,0.5661796932067202
0.05531120300292969,0.5662527392257122
0.05531120300292969,0.5663257852447041
0.055315256118774414,0.5663988312636962
0.055315256118774414,0.5664718772826881
0.05532407760620117,0.56654492330168
0.055324554443359375,0.566617969320672
0.05532479286193848,0.566691015339664
0.055325984954833984,0.566764061358656
0.055326223373413086,0.5668371073776479
0.05532646179199219,0.5669101533966399
0.05532717704772949,0.5669831994156318
0.0553288459777832,0.5670562454346239
0.05533123016357422,0.5671292914536158
0.05533194541931152,0.5672023374726077
0.05533194541931152,0.5672753834915997
0.05533266067504883,0.5673484295105917
0.055333614349365234,0.5674214755295837
0.055335044860839844,0.5674945215485756
0.05533552169799805,0.5675675675675675
0.05533647537231445,0.5676406135865595
0.05533909797668457,0.5677136596055515
0.05533957481384277,0.5677867056245435
0.055341482162475586,0.5678597516435354
0.05534195899963379,0.5679327976625274
0.055342912673950195,0.5680058436815194
0.05534625053405762,0.5680788897005113
0.05535125732421875,0.5681519357195033
0.05535149574279785,0.5682249817384952
0.05535411834716797,0.5682980277574872
0.0553591251373291,0.5683710737764792
0.0553591251373291,0.5684441197954712
0.0553591251373291,0.5685171658144631
0.05536365509033203,0.568590211833455
0.05536699295043945,0.5686632578524471
0.055367469787597656,0.568736303871439
0.05536794662475586,0.568809349890431
0.055370330810546875,0.5688823959094229
0.055371761322021484,0.5689554419284149
0.05537557601928711,0.5690284879474069
0.05537581443786621,0.5691015339663988
0.055376529693603516,0.5691745799853908
0.05537915229797363,0.5692476260043827
0.05537915229797363,0.5693206720233748
0.055379390716552734,0.5693937180423667
0.05538129806518555,0.5694667640613587
0.05538153648376465,0.5695398100803506
0.05538344383239746,0.5696128560993425
0.05538344383239746,0.5696859021183346
0.05538463592529297,0.5697589481373265
0.05538630485534668,0.5698319941563185
0.055388689041137695,0.5699050401753104
0.055389404296875,0.5699780861943025
0.05539107322692871,0.5700511322132944
0.05539393424987793,0.5701241782322863
0.055396318435668945,0.5701972242512783
0.05539655685424805,0.5702702702702702
0.05539727210998535,0.5703433162892623
0.05539894104003906,0.5704163623082542
0.05539894104003906,0.5704894083272462
0.05540037155151367,0.5705624543462381
0.055400848388671875,0.5706355003652301
0.05540108680725098,0.5707085463842221
0.0554044246673584,0.570781592403214
0.05540633201599121,0.570854638422206
0.055406808853149414,0.5709276844411979
0.055407047271728516,0.57100073046019
0.05540800094604492,0.5710737764791819
0.05540966987609863,0.5711468224981738
0.055410146713256836,0.5712198685171658
0.05541110038757324,0.5712929145361578
0.055411577224731445,0.5713659605551498
0.05541396141052246,0.5714390065741417
0.05541515350341797,0.5715120525931336
0.05541586875915527,0.5715850986121256
0.05541586875915527,0.5716581446311176
0.055416107177734375,0.5717311906501096
0.055420875549316406,0.5718042366691015
0.055420875549316406,0.5718772826880935
0.05542182922363281,0.5719503287070855
0.05542278289794922,0.5720233747260774
0.05542397499084473,0.5720964207450694
0.055425167083740234,0.5721694667640613
0.05542588233947754,0.5722425127830533
0.05542731285095215,0.5723155588020453
0.05542778968811035,0.5723886048210373
0.05542874336242676,0.5724616508400292
0.05543041229248047,0.5725346968590211
0.05543041229248047,0.5726077428780132
0.05543184280395508,0.5726807888970051
0.05543398857116699,0.5727538349159971
0.05543398857116699,0.572826880934989
0.0554356575012207,0.572899926953981
0.05544090270996094,0.572972972972973
0.05544257164001465,0.573046018991965
0.05544638633728027,0.5731190650109569
0.05544781684875488,0.5731921110299488
0.055448293685913086,0.5732651570489409
0.055449724197387695,0.5733382030679328
0.0554502010345459,0.5734112490869248
0.0554506778717041,0.5734842951059167
0.05545234680175781,0.5735573411249086
0.05545330047607422,0.5736303871439007
0.05545449256896973,0.5737034331628926
0.05545496940612793,0.5737764791818846
0.05545520782470703,0.5738495252008765
0.055455923080444336,0.5739225712198686
0.05545639991760254,0.5739956172388605
0.055460453033447266,0.5740686632578524
0.05546236038208008,0.5741417092768444
0.0554659366607666,0.5742147552958364
0.05546689033508301,0.5742878013148284
0.05546879768371582,0.5743608473338203
0.05547022819519043,0.5744338933528123
0.055470943450927734,0.5745069393718042
0.055471181869506836,0.5745799853907962
0.05547142028808594,0.5746530314097882
0.05547332763671875,0.5747260774287801
0.055474042892456055,0.5747991234477721
0.055475711822509766,0.5748721694667641
0.055477142333984375,0.5749452154857561
0.05547761917114258,0.575018261504748
0.055478811264038086,0.5750913075237399
0.05548357963562012,0.5751643535427319
0.05548405647277832,0.5752373995617239
0.05548453330993652,0.5753104455807159
0.055486440658569336,0.5753834915997078
0.055487871170043945,0.5754565376186997
0.05548810958862305,0.5755295836376918
0.05548882484436035,0.5756026296566837
0.05549025535583496,0.5756756756756757
0.05549120903015137,0.5757487216946676
0.05549144744873047,0.5758217677136596
0.05549168586730957,0.5758948137326516
0.05549430847167969,0.5759678597516436
0.0554957389831543,0.5760409057706355
0.055498361587524414,0.5761139517896274
0.055500030517578125,0.5761869978086195
0.05550241470336914,0.5762600438276114
0.05550241470336914,0.5763330898466034
0.05550336837768555,0.5764061358655953
0.05550789833068848,0.5764791818845872
0.05551028251647949,0.5765522279035793
0.055512189865112305,0.5766252739225712
0.05551290512084961,0.5766983199415632
0.055513858795166016,0.5767713659605551
0.05551934242248535,0.5768444119795472
0.05552029609680176,0.5769174579985391
0.05552029609680176,0.576990504017531
0.05552268028259277,0.577063550036523
0.05552315711975098,0.5771365960555149
0.05552411079406738,0.577209642074507
0.0555264949798584,0.5772826880934989
0.0555264949798584,0.5773557341124909
0.05552840232849121,0.5774287801314828
0.05553150177001953,0.5775018261504749
0.05553293228149414,0.5775748721694668
0.05553293228149414,0.5776479181884587
0.055533647537231445,0.5777209642074507
0.05553388595581055,0.5777940102264426
0.05553388595581055,0.5778670562454347
0.05553603172302246,0.5779401022644266
0.055536508560180664,0.5780131482834185
0.055538177490234375,0.5780861943024105
0.05553841590881348,0.5781592403214025
0.05553865432739258,0.5782322863403945
0.05553865432739258,0.5783053323593864
0.055539608001708984,0.5783783783783784
0.055541276931762695,0.5784514243973703
0.05554389953613281,0.5785244704163623
0.05554461479187012,0.5785975164353543
0.05554509162902832,0.5786705624543462
0.05554556846618652,0.5787436084733382
0.05554652214050293,0.5788166544923302
0.05555224418640137,0.5788897005113222
0.05555367469787598,0.5789627465303141
0.055555105209350586,0.579035792549306
0.055555105209350586,0.579108838568298
0.05555582046508789,0.57918188458729
0.055559396743774414,0.579254930606282
0.05555987358093262,0.5793279766252739
0.05556082725524902,0.5794010226442659
0.05556607246398926,0.5794740686632579
0.05556607246398926,0.5795471146822498
0.05556631088256836,0.5796201607012418
0.05556631088256836,0.5796932067202337
0.055567026138305664,0.5797662527392257
0.055568695068359375,0.5798392987582177
0.055568695068359375,0.5799123447772097
0.055570363998413086,0.5799853907962016
0.05557107925415039,0.5800584368151935
0.05557131767272949,0.5801314828341856
0.05557513236999512,0.5802045288531775
0.05557680130004883,0.5802775748721695
0.055577754974365234,0.5803506208911614
0.05557990074157715,0.5804236669101533
0.05557990074157715,0.5804967129291454
0.05558133125305176,0.5805697589481373
0.05558466911315918,0.5806428049671293
0.055585384368896484,0.5807158509861212
0.055585622787475586,0.5807888970051133
0.05558586120605469,0.5808619430241052
0.05558609962463379,0.5809349890430971
0.055588722229003906,0.5810080350620891
0.05559062957763672,0.581081081081081
0.05559134483337402,0.5811541271000731
0.05559182167053223,0.581227173119065
0.05559396743774414,0.581300219138057
0.055594682693481445,0.5813732651570489
0.05559659004211426,0.581446311176041
0.05559897422790527,0.5815193571950329
0.055599212646484375,0.5815924032140248
0.05560588836669922,0.5816654492330168
0.05560612678527832,0.5817384952520087
0.05560660362243652,0.5818115412710008
0.055606842041015625,0.5818845872899927
0.055611371994018555,0.5819576333089846
0.05561184883117676,0.5820306793279766
0.05561375617980957,0.5821037253469686
0.05561423301696777,0.5821767713659606
0.05561470985412598,0.5822498173849525
0.05561494827270508,0.5823228634039445
0.055616140365600586,0.5823959094229364
0.05561637878417969,0.5824689554419284
0.05561995506286621,0.5825420014609204
0.055620431900024414,0.5826150474799123
0.05562114715576172,0.5826880934989043
0.05562114715576172,0.5827611395178963
0.055624961853027344,0.5828341855368883
0.05562591552734375,0.5829072315558802
0.05562615394592285,0.5829802775748721
0.0556333065032959,0.5830533235938641
0.05563664436340332,0.5831263696128561
0.05563831329345703,0.5831994156318481
0.05563831329345703,0.58327246165084
0.05563855171203613,0.583345507669832
0.05563926696777344,0.583418553688824
0.05563974380493164,0.5834915997078159
0.05564093589782715,0.5835646457268079
0.05564117431640625,0.5836376917457998
0.05564308166503906,0.5837107377647918
0.05564427375793457,0.5837837837837838
0.05564618110656738,0.5838568298027758
0.055646419525146484,0.5839298758217677
0.05564761161804199,0.5840029218407596
0.055648088455200195,0.5840759678597517
0.05565214157104492,0.5841490138787436
0.055652618408203125,0.5842220598977356
0.05565452575683594,0.5842951059167275
0.05565643310546875,0.5843681519357194
0.05565643310546875,0.5844411979547115
0.05565834045410156,0.5845142439737034
0.05565977096557617,0.5845872899926954
0.05566072463989258,0.5846603360116873
0.05566263198852539,0.5847333820306794
0.0556643009185791,0.5848064280496713
0.05566525459289551,0.5848794740686633
0.05566525459289551,0.5849525200876552
0.05566811561584473,0.5850255661066471
0.05566978454589844,0.5850986121256392
0.05567359924316406,0.5851716581446311
0.05567574501037598,0.5852447041636231
0.05567669868469238,0.585317750182615
0.055677175521850586,0.585390796201607
0.05567812919616699,0.585463842220599
0.05568361282348633,0.5855368882395909
0.05568408966064453,0.5856099342585829
0.055684804916381836,0.5856829802775749
0.05568575859069824,0.5857560262965669
0.05568957328796387,0.5858290723155588
0.05568981170654297,0.5859021183345507
0.05569028854370117,0.5859751643535427
0.05569171905517578,0.5860482103725347
0.05569338798522949,0.5861212563915267
0.055694580078125,0.5861943024105186
0.05569744110107422,0.5862673484295106
0.055700063705444336,0.5863403944485026
0.055701255798339844,0.5864134404674946
0.055701494216918945,0.5864864864864865
0.05570173263549805,0.5865595325054784
0.05570268630981445,0.5866325785244704
0.05570268630981445,0.5867056245434624
0.055710792541503906,0.5867786705624544
0.05571174621582031,0.5868517165814463
0.055713653564453125,0.5869247626004382
0.05571460723876953,0.5869978086194303
0.05571556091308594,0.5870708546384222
0.05571556091308594,0.5871439006574142
0.05571579933166504,0.5872169466764061
0.05571913719177246,0.587289992695398
0.05572009086608887,0.5873630387143901
0.05572199821472168,0.587436084733382
0.055722713470458984,0.587509130752374
0.055727481842041016,0.5875821767713659
0.05572843551635742,0.587655222790358
0.05573010444641113,0.5877282688093499
0.05573320388793945,0.5878013148283419
0.05573439598083496,0.5878743608473338
0.05573534965515137,0.5879474068663257
0.05573558807373047,0.5880204528853178
0.05573678016662598,0.5880934989043097
0.05573725700378418,0.5881665449233017
0.055737972259521484,0.5882395909422936
0.05573844909667969,0.5883126369612857
0.0557398796081543,0.5883856829802776
0.055742502212524414,0.5884587289992695
0.055742740631103516,0.5885317750182615
0.05574321746826172,0.5886048210372534
0.05574369430541992,0.5886778670562455
0.05574369430541992,0.5887509130752374
0.05574393272399902,0.5888239590942294
0.055744171142578125,0.5888970051132213
0.055745601654052734,0.5889700511322133
0.05574607849121094,0.5890430971512053
0.055748939514160156,0.5891161431701972
0.055748939514160156,0.5891891891891892
0.05575251579284668,0.5892622352081811
0.05575251579284668,0.5893352812271732
0.05575275421142578,0.5894083272461651
0.05575394630432129,0.589481373265157
0.0557560920715332,0.589554419284149
0.05575680732727051,0.589627465303141
0.05575728416442871,0.589700511322133
0.055759429931640625,0.5897735573411249
0.05576038360595703,0.5898466033601169
0.05576181411743164,0.5899196493791088
0.055762529373168945,0.5899926953981008
0.05576443672180176,0.5900657414170928
0.055765390396118164,0.5901387874360847
0.05576610565185547,0.5902118334550767
0.055768489837646484,0.5902848794740687
0.05577421188354492,0.5903579254930607
0.05577516555786133,0.5904309715120526
0.05577731132507324,0.5905040175310445
0.055777549743652344,0.5905770635500365
0.055782318115234375,0.5906501095690285
0.055788278579711914,0.5907231555880205
0.055791616439819336,0.5907962016070124
0.05579209327697754,0.5908692476260043
0.05579233169555664,0.5909422936449964
0.055793046951293945,0.5910153396639883
0.055796146392822266,0.5910883856829803
0.05579781532287598,0.5911614317019722
0.05579805374145508,0.5912344777209642
0.05579972267150879,0.5913075237399562
0.05579996109008789,0.5913805697589481
0.0558018684387207,0.5914536157779401
0.055802345275878906,0.591526661796932
0.05580258369445801,0.5915997078159241
0.05580258369445801,0.591672753834916
0.05580615997314453,0.591745799853908
0.055806875228881836,0.5918188458728999
0.055809736251831055,0.5918918918918918
0.05581092834472656,0.5919649379108839
0.05581164360046387,0.5920379839298758
0.05581331253051758,0.5921110299488678
0.0558161735534668,0.5921840759678597
0.0558168888092041,0.5922571219868518
0.055820465087890625,0.5923301680058437
0.05582070350646973,0.5924032140248356
0.055823326110839844,0.5924762600438276
0.0558321475982666,0.5925493060628195
0.055834293365478516,0.5926223520818116
0.05583500862121582,0.5926953981008035
0.055835723876953125,0.5927684441197955
0.055837392807006836,0.5928414901387874
0.05583834648132324,0.5929145361577794
0.055838584899902344,0.5929875821767714
0.055840253829956055,0.5930606281957633
0.05584073066711426,0.5931336742147553
0.0558466911315918,0.5932067202337472
0.0558476448059082,0.5932797662527393
0.055849313735961914,0.5933528122717312
0.05585145950317383,0.5934258582907231
0.055853843688964844,0.5934989043097151
0.05585837364196777,0.5935719503287071
0.05585908889770508,0.5936449963476991
0.05586099624633789,0.593718042366691
0.0558624267578125,0.593791088385683
0.0558624267578125,0.5938641344046749
0.05586409568786621,0.5939371804236669
0.05586528778076172,0.5940102264426589
0.05586552619934082,0.5940832724616508
0.055866241455078125,0.5941563184806428
0.05586671829223633,0.5942293644996348
0.05586695671081543,0.5943024105186268
0.055869340896606445,0.5943754565376187
0.055871009826660156,0.5944485025566106
0.05587315559387207,0.5945215485756026
0.05587315559387207,0.5945945945945946
0.05587482452392578,0.5946676406135866
0.05587601661682129,0.5947406866325785
0.05587649345397949,0.5948137326515704
0.05587959289550781,0.5948867786705625
0.05588173866271973,0.5949598246895544
0.05588340759277344,0.5950328707085464
0.05588388442993164,0.5951059167275383
0.05588412284851074,0.5951789627465303
0.05588507652282715,0.5952520087655223
0.05588793754577637,0.5953250547845143
0.05588841438293457,0.5953981008035062
0.05588841438293457,0.5954711468224981
0.05588889122009277,0.5955441928414902
0.055889129638671875,0.5956172388604821
0.055892229080200195,0.5956902848794741
0.0558934211730957,0.595763330898466
0.05589485168457031,0.5958363769174579
0.05589747428894043,0.59590942293645
0.05590105056762695,0.5959824689554419
0.05590105056762695,0.5960555149744339
0.05590176582336426,0.5961285609934258
0.05590534210205078,0.5962016070124179
0.05590558052062988,0.5962746530314098
0.055906057357788086,0.5963476990504017
0.05590701103210449,0.5964207450693937
0.055908203125,0.5964937910883856
0.05590987205505371,0.5965668371073777
0.05591583251953125,0.5966398831263696
0.05591773986816406,0.5967129291453616
0.05592036247253418,0.5967859751643535
0.05592060089111328,0.5968590211833456
0.05592203140258789,0.5969320672023375
0.0559237003326416,0.5970051132213294
0.05592632293701172,0.5970781592403214
0.05592703819274902,0.5971512052593134
0.055927276611328125,0.5972242512783054
0.055927276611328125,0.5972972972972973
0.05592823028564453,0.5973703433162892
0.055928707122802734,0.5974433893352812
0.05592966079711914,0.5975164353542732
0.05593228340148926,0.5975894813732652
0.0559382438659668,0.5976625273922571
0.05594134330749512,0.597735573411249
0.05594301223754883,0.5978086194302411
0.055945396423339844,0.597881665449233
0.05595111846923828,0.597954711468225
0.05595135688781738,0.5980277574872169
0.05595254898071289,0.5981008035062089
0.0559542179107666,0.5981738495252009
0.05595517158508301,0.5982468955441929
0.05595731735229492,0.5983199415631848
0.055960893630981445,0.5983929875821767
0.05596303939819336,0.5984660336011688
0.05596733093261719,0.5985390796201607
0.055968523025512695,0.5986121256391527
0.05596923828125,0.5986851716581446
0.0559694766998291,0.5987582176771366
0.05597352981567383,0.5988312636961286
0.05597376823425293,0.5989043097151205
0.05597376823425293,0.5989773557341125
0.055975914001464844,0.5990504017531044
0.05597877502441406,0.5991234477720965
0.055980682373046875,0.5991964937910884
0.05598139762878418,0.5992695398100804
0.05598568916320801,0.5993425858290723
0.055986881256103516,0.5994156318480642
0.05598783493041992,0.5994886778670563
0.055989980697631836,0.5995617238860482
0.05599355697631836,0.5996347699050402
0.05599379539489746,0.5997078159240321
0.05599403381347656,0.5997808619430242
0.055994272232055664,0.5998539079620161
0.055994510650634766,0.599926953981008
0.055998802185058594,0.6
0.055999040603637695,0.6000730460189919
0.055999040603637695,0.600146092037984
0.055999040603637695,0.6002191380569759
0.055999040603637695,0.6002921840759678
0.0559995174407959,0.6003652300949598
0.056000471115112305,0.6004382761139518
0.05600166320800781,0.6005113221329438
0.056006669998168945,0.6005843681519357
0.05600762367248535,0.6006574141709277
0.05600857734680176,0.6007304601899196
0.05600929260253906,0.6008035062089117
0.056009531021118164,0.6008765522279036
0.056009531021118164,0.6009495982468955
0.05601024627685547,0.6010226442658875
0.05601215362548828,0.6010956902848795
0.056014299392700195,0.6011687363038715
0.056015968322753906,0.6012417823228634
0.05601620674133301,0.6013148283418553
0.05601644515991211,0.6013878743608473
0.05601811408996582,0.6014609203798393
0.05602288246154785,0.6015339663988313
0.05602288246154785,0.6016070124178232
0.05602383613586426,0.6016800584368152
0.05602598190307617,0.6017531044558072
0.05602693557739258,0.6018261504747991
0.05602765083312988,0.6018991964937911
0.05602836608886719,0.601972242512783
0.05602860450744629,0.602045288531775
0.0560302734375,0.602118334550767
0.056031227111816406,0.602191380569759
0.05603218078613281,0.6022644265887509
0.05603218078613281,0.6023374726077428
0.056032419204711914,0.6024105186267349
0.05603432655334473,0.6024835646457268
0.05603480339050293,0.6025566106647188
0.05603933334350586,0.6026296566837107
0.05604100227355957,0.6027027027027027
0.05604195594787598,0.6027757487216947
0.05604195594787598,0.6028487947406866
0.05604362487792969,0.6029218407596786
0.05604410171508789,0.6029948867786705
0.05604863166809082,0.6030679327976626
0.05605006217956543,0.6031409788166545
0.056052207946777344,0.6032140248356465
0.05605506896972656,0.6032870708546384
0.056055545806884766,0.6033601168736303
0.05605816841125488,0.6034331628926224
0.05605888366699219,0.6035062089116143
0.05605888366699219,0.6035792549306063
0.05605912208557129,0.6036523009495982
0.05605959892272949,0.6037253469685903
0.05605959892272949,0.6037983929875822
0.056060075759887695,0.6038714390065741
0.056067705154418945,0.6039444850255661
0.05606889724731445,0.604017531044558
0.056070566177368164,0.6040905770635501
0.056073665618896484,0.604163623082542
0.05607962608337402,0.604236669101534
0.05608034133911133,0.6043097151205259
0.056084394454956055,0.6043827611395179
0.056086063385009766,0.6044558071585099
0.05608797073364258,0.6045288531775018
0.05608940124511719,0.6046018991964938
0.05608963966369629,0.6046749452154857
0.05609250068664551,0.6047479912344778
0.05609250068664551,0.6048210372534697
0.056096792221069336,0.6048940832724616
0.05609750747680664,0.6049671292914536
0.05609869956970215,0.6050401753104456
0.05609941482543945,0.6051132213294376
0.05610084533691406,0.6051862673484295
0.05610084533691406,0.6052593133674214
0.05610179901123047,0.6053323593864134
0.05610466003417969,0.6054054054054054
0.056105852127075195,0.6054784514243974
0.0561063289642334,0.6055514974433893
0.0561065673828125,0.6056245434623813
0.0561068058013916,0.6056975894813733
0.056107282638549805,0.6057706355003653
0.05610942840576172,0.6058436815193572
0.056110382080078125,0.6059167275383491
0.05611228942871094,0.6059897735573411
0.056119441986083984,0.6060628195763331
0.05612063407897949,0.6061358655953251
0.05612325668334961,0.606208911614317
0.05612349510192871,0.6062819576333089
0.05612516403198242,0.606355003652301
0.05612516403198242,0.6064280496712929
0.05612683296203613,0.6065010956902849
0.05612993240356445,0.6065741417092768
0.05612993240356445,0.6066471877282688
0.056130170822143555,0.6067202337472608
0.05613231658935547,0.6067932797662527
0.056133270263671875,0.6068663257852447
0.05613827705383301,0.6069393718042366
0.05614161491394043,0.6070124178232287
0.05614447593688965,0.6070854638422206
0.056147098541259766,0.6071585098612126
0.05614876747131348,0.6072315558802045
0.05615091323852539,0.6073046018991964
0.056151390075683594,0.6073776479181885
0.0561521053314209,0.6074506939371804
0.05615234375,0.6075237399561724
0.0561528205871582,0.6075967859751643
0.05615663528442383,0.6076698319941564
0.056157588958740234,0.6077428780131483
0.05615878105163574,0.6078159240321402
0.056159019470214844,0.6078889700511322
0.05615949630737305,0.6079620160701242
0.05616021156311035,0.6080350620891162
0.05616021156311035,0.6081081081081081
0.056160688400268555,0.6081811541271
0.056160926818847656,0.608254200146092
0.05616116523742676,0.608327246165084
0.05616140365600586,0.608400292184076
0.0561671257019043,0.6084733382030679
0.05617237091064453,0.6085463842220599
0.05617499351501465,0.6086194302410519
0.05617785453796387,0.6086924762600439
0.05617785453796387,0.6087655222790358
0.056185007095336914,0.6088385682980277
0.05618691444396973,0.6089116143170197
0.056188344955444336,0.6089846603360117
0.056189775466918945,0.6090577063550037
0.05619072914123535,0.6091307523739956
0.05619168281555176,0.6092037983929875
0.05619239807128906,0.6092768444119796
0.056192874908447266,0.6093498904309715
0.05619478225708008,0.6094229364499635
0.05619525909423828,0.6094959824689554
0.056197404861450195,0.6095690284879474
0.0561981201171875,0.6096420745069394
0.056200265884399414,0.6097151205259314
0.05620074272155762,0.6097881665449233
0.056203365325927734,0.6098612125639152
0.05620527267456055,0.6099342585829073
0.05620574951171875,0.6100073046018992
0.05621027946472168,0.6100803506208912
0.05621075630187988,0.6101533966398831
0.05621194839477539,0.610226442658875
0.05621337890625,0.6102994886778671
0.0562138557434082,0.610372534696859
0.05621933937072754,0.610445580715851
0.05622076988220215,0.6105186267348429
0.05622410774230957,0.610591672753835
0.056226253509521484,0.6106647187728269
0.05622744560241699,0.6107377647918188
0.0562283992767334,0.6108108108108108
0.056229352951049805,0.6108838568298027
0.056229591369628906,0.6109569028487948
0.05623006820678711,0.6110299488677867
0.056238651275634766,0.6111029948867787
0.05623888969421387,0.6111760409057706
0.05623984336853027,0.6112490869247627
0.05624103546142578,0.6113221329437546
0.0562443733215332,0.6113951789627465
0.056246042251586914,0.6114682249817385
0.05624651908874512,0.6115412710007304
0.05624818801879883,0.6116143170197225
0.05625009536743164,0.6116873630387144
0.05625009536743164,0.6117604090577063
0.05625152587890625,0.6118334550766983
0.05625176429748535,0.6119065010956903
0.05625462532043457,0.6119795471146823
0.05625557899475098,0.6120525931336742
0.05625629425048828,0.6121256391526662
0.05625748634338379,0.6121986851716581
0.056264638900756836,0.6122717311906501
0.056264638900756836,0.6123447772096421
0.05626630783081055,0.612417823228634
0.05626678466796875,0.612490869247626
0.05626702308654785,0.612563915266618
0.05626726150512695,0.61263696128561
0.05626845359802246,0.6127100073046019
0.05627250671386719,0.6127830533235938
0.0562748908996582,0.6128560993425858
0.05627894401550293,0.6129291453615778
0.05628037452697754,0.6130021913805698
0.05628323554992676,0.6130752373995617
0.05628538131713867,0.6131482834185537
0.05628538131713867,0.6132213294375457
0.05628657341003418,0.6132943754565376
0.05628824234008789,0.6133674214755296
0.056288957595825195,0.6134404674945215
0.05629158020019531,0.6135135135135135
0.056291818618774414,0.6135865595325055
0.05629396438598633,0.6136596055514975
0.056294918060302734,0.6137326515704894
0.05629730224609375,0.6138056975894813
0.056302785873413086,0.6138787436084734
0.056302785873413086,0.6139517896274653
0.05630779266357422,0.6140248356464573
0.056311845779418945,0.6140978816654492
0.05631399154663086,0.6141709276844411
0.056316375732421875,0.6142439737034332
0.05631828308105469,0.6143170197224251
0.05631852149963379,0.6143900657414171
0.05631899833679199,0.614463111760409
0.0563204288482666,0.6145361577794011
0.0563206672668457,0.614609203798393
0.056324005126953125,0.614682249817385
0.05632615089416504,0.6147552958363769
0.056327104568481445,0.6148283418553688
0.056327104568481445,0.6149013878743609
0.056328773498535156,0.6149744338933528
0.056328773498535156,0.6150474799123448
0.05632901191711426,0.6151205259313367
0.05632972717285156,0.6151935719503288
0.05633139610290527,0.6152666179693207
0.056331634521484375,0.6153396639883126
0.05633234977722168,0.6154127100073046
0.056336164474487305,0.6154857560262965
0.056336402893066406,0.6155588020452886
0.05633950233459473,0.6156318480642805
0.056345224380493164,0.6157048940832724
0.05634570121765137,0.6157779401022644
0.05634784698486328,0.6158509861212564
0.05634784698486328,0.6159240321402484
0.05634927749633789,0.6159970781592403
0.0563504695892334,0.6160701241782323
0.056351661682128906,0.6161431701972242
0.05635213851928711,0.6162162162162163
0.056353092193603516,0.6162892622352082
0.056356191635131836,0.6163623082542001
0.05635714530944824,0.6164353542731921
0.056359052658081055,0.6165084002921841
0.056359291076660156,0.6165814463111761
0.05636000633239746,0.616654492330168
0.05636119842529297,0.6167275383491599
0.05636167526245117,0.6168005843681519
0.056363821029663086,0.6168736303871439
0.05636429786682129,0.6169466764061359
0.05636453628540039,0.6170197224251278
0.05636453628540039,0.6170927684441198
0.05636477470397949,0.6171658144631118
0.05636930465698242,0.6172388604821037
0.05637049674987793,0.6173119065010957
0.05637073516845703,0.6173849525200876
0.05637550354003906,0.6174579985390796
0.05637717247009277,0.6175310445580716
0.05637717247009277,0.6176040905770636
0.05637979507446289,0.6176771365960555
0.0563814640045166,0.6177501826150474
0.05638384819030762,0.6178232286340395
0.05638384819030762,0.6178962746530314
0.05638623237609863,0.6179693206720234
0.056386470794677734,0.6180423666910153
0.05638909339904785,0.6181154127100073
0.05639004707336426,0.6181884587289993
0.05639028549194336,0.6182615047479912
0.05639195442199707,0.6183345507669832
0.05639314651489258,0.6184075967859751
0.05639767646789551,0.6184806428049672
0.056398630142211914,0.6185536888239591
0.05640006065368652,0.618626734842951
0.05640459060668945,0.618699780861943
0.05640554428100586,0.6187728268809349
0.05640816688537598,0.618845872899927
0.056409597396850586,0.6189189189189189
0.05640983581542969,0.6189919649379109
0.05641007423400879,0.6190650109569028
0.05641007423400879,0.6191380569758949
0.05641007423400879,0.6192111029948868
0.0564117431640625,0.6192841490138787
0.056412458419799805,0.6193571950328707
0.05641508102416992,0.6194302410518627
0.056415557861328125,0.6195032870708547
0.05641651153564453,0.6195763330898466
0.05641651153564453,0.6196493791088385
0.056418418884277344,0.6197224251278305
0.05642056465148926,0.6197954711468225
0.05642223358154297,0.6198685171658145
0.05642437934875488,0.6199415631848064
0.056424856185913086,0.6200146092037984
0.056426286697387695,0.6200876552227904
0.056427001953125,0.6201607012417824
0.05642890930175781,0.6202337472607743
0.056429386138916016,0.6203067932797662
0.056430816650390625,0.6203798392987582
0.05643105506896973,0.6204528853177502
0.05643415451049805,0.6205259313367422
0.056435585021972656,0.6205989773557341
0.05643606185913086,0.620672023374726
0.05643606185913086,0.6207450693937181
0.05643725395202637,0.62081811541271
0.05643796920776367,0.620891161431702
0.05643892288208008,0.6209642074506939
0.056439876556396484,0.6210372534696859
0.05644059181213379,0.6211102994886779
0.056444406509399414,0.6211833455076698
0.056444644927978516,0.6212563915266618
0.05644655227661133,0.6213294375456537
0.05644989013671875,0.6214024835646458
0.056456804275512695,0.6214755295836377
0.05645751953125,0.6215485756026297
0.05646061897277832,0.6216216216216216
0.05646109580993652,0.6216946676406135
0.05646109580993652,0.6217677136596056
0.05646347999572754,0.6218407596785975
0.05646347999572754,0.6219138056975895
0.05646491050720215,0.6219868517165814
0.05646491050720215,0.6220598977355735
0.05646514892578125,0.6221329437545654
0.056465864181518555,0.6222059897735573
0.05646657943725586,0.6222790357925493
0.05647015571594238,0.6223520818115412
0.056470394134521484,0.6224251278305333
0.05647087097167969,0.6224981738495252
0.0564725399017334,0.6225712198685172
0.05647397041320801,0.6226442658875091
0.05647468566894531,0.6227173119065011
0.056475162506103516,0.6227903579254931
0.05647587776184082,0.622863403944485
0.05647635459899902,0.622936449963477
0.056478023529052734,0.6230094959824689
0.056478261947631836,0.623082542001461
0.056478261947631836,0.6231555880204529
0.05648016929626465,0.6232286340394448
0.05648159980773926,0.6233016800584368
0.056482553482055664,0.6233747260774288
0.05648374557495117,0.6234477720964208
0.056484222412109375,0.6235208181154127
0.05649399757385254,0.6235938641344047
0.05649423599243164,0.6236669101533966
0.05649542808532715,0.6237399561723886
0.056496381759643555,0.6238130021913806
0.05649685859680176,0.6238860482103725
0.056498050689697266,0.6239590942293645
0.05650043487548828,0.6240321402483565
0.05650162696838379,0.6241051862673485
0.056502342224121094,0.6241782322863404
0.056502342224121094,0.6242512783053323
0.0565032958984375,0.6243243243243243
0.0565035343170166,0.6243973703433163
0.05650472640991211,0.6244704163623083
0.05650901794433594,0.6245434623813002
0.056510210037231445,0.6246165084002921
0.05651211738586426,0.6246895544192842
0.05651354789733887,0.6247626004382761
0.056516408920288086,0.6248356464572681
0.05652046203613281,0.62490869247626
0.056520938873291016,0.624981738495252
0.05652141571044922,0.625054784514244
0.05652499198913574,0.625127830533236
0.056528568267822266,0.6252008765522279
0.05652904510498047,0.6252739225712198
0.05653047561645508,0.6253469685902119
0.05653190612792969,0.6254200146092038
0.056532859802246094,0.6254930606281958
0.0565342903137207,0.6255661066471877
0.056536197662353516,0.6256391526661796
0.05653715133666992,0.6257121986851717
0.05653953552246094,0.6257852447041636
0.056543827056884766,0.6258582907231556
0.05654478073120117,0.6259313367421475
0.05654573440551758,0.6260043827611396
0.056546688079833984,0.6260774287801315
0.0565485954284668,0.6261504747991234
0.0565495491027832,0.6262235208181154
0.05655050277709961,0.6262965668371073
0.05655050277709961,0.6263696128560994
0.056551218032836914,0.6264426588750913
0.056554317474365234,0.6265157048940833
0.05655956268310547,0.6265887509130752
0.05656003952026367,0.6266617969320672
0.05656266212463379,0.6267348429510592
0.05656266212463379,0.6268078889700511
0.056563377380371094,0.6268809349890431
0.0565640926361084,0.626953981008035
0.05656695365905762,0.6270270270270271
0.05657005310058594,0.627100073046019
0.05657219886779785,0.6271731190650109
0.05657362937927246,0.6272461650840029
0.056574106216430664,0.6273192111029949
0.05657529830932617,0.6273922571219869
0.056575775146484375,0.6274653031409788
0.05657672882080078,0.6275383491599708
0.05658102035522461,0.6276113951789627
0.05658221244812012,0.6276844411979547
0.05658435821533203,0.6277574872169467
0.056589365005493164,0.6278305332359386
0.056589603424072266,0.6279035792549306
0.05659317970275879,0.6279766252739226
0.05659341812133789,0.6280496712929146
0.0565948486328125,0.6281227173119065
0.05659651756286621,0.6281957633308984
0.05659794807434082,0.6282688093498904
0.05660223960876465,0.6283418553688824
0.05660271644592285,0.6284149013878744
0.056603193283081055,0.6284879474068663
0.05660438537597656,0.6285609934258582
0.05660843849182129,0.6286340394448503
0.05660891532897949,0.6287070854638422
0.05661129951477051,0.6287801314828342
0.05661201477050781,0.6288531775018261
0.05661273002624512,0.6289262235208181
0.05661439895629883,0.6289992695398101
0.05661630630493164,0.629072315558802
0.056621551513671875,0.629145361577794
0.05662178993225098,0.6292184075967859
0.05662202835083008,0.629291453615778
0.056626319885253906,0.6293644996347699
0.056629180908203125,0.6294375456537619
0.056633710861206055,0.6295105916727538
0.056633949279785156,0.6295836376917457
0.05663657188415527,0.6296566837107378
0.056638240814208984,0.6297297297297297
0.0566403865814209,0.6298027757487217
0.0566411018371582,0.6298758217677136
0.05664181709289551,0.6299488677867057
0.05664491653442383,0.6300219138056976
0.05664634704589844,0.6300949598246895
0.0566556453704834,0.6301680058436815
0.05666041374206543,0.6302410518626734
0.05666160583496094,0.6303140978816655
0.05666232109069824,0.6303871439006574
0.05666375160217285,0.6304601899196494
0.056664466857910156,0.6305332359386413
0.05666494369506836,0.6306062819576334
0.05666756629943848,0.6306793279766253
0.05666828155517578,0.6307523739956172
0.05666851997375488,0.6308254200146092
0.056668996810913086,0.6308984660336012
0.056672096252441406,0.6309715120525932
0.05667257308959961,0.6310445580715851
0.05667257308959961,0.631117604090577
0.056673288345336914,0.631190650109569
0.056674957275390625,0.631263696128561
0.05667519569396973,0.631336742147553
0.05668139457702637,0.6314097881665449
0.05668187141418457,0.6314828341855369
0.05668282508850098,0.6315558802045289
0.05668473243713379,0.6316289262235208
0.05668473243713379,0.6317019722425128
0.05669093132019043,0.6317750182615047
0.056693315505981445,0.6318480642804967
0.05669355392456055,0.6319211102994887
0.05670475959777832,0.6319941563184807
0.05670595169067383,0.6320672023374726
0.05670619010925293,0.6321402483564645
0.056710243225097656,0.6322132943754566
0.05671215057373047,0.6322863403944485
0.05671238899230957,0.6323593864134405
0.05671286582946777,0.6324324324324324
0.05671381950378418,0.6325054784514244
0.05671548843383789,0.6325785244704164
0.056717634201049805,0.6326515704894083
0.056723594665527344,0.6327246165084003
0.056723594665527344,0.6327976625273922
0.056723833084106445,0.6328707085463843
0.05672454833984375,0.6329437545653762
0.05672645568847656,0.6330168005843682
0.05672717094421387,0.6330898466033601
0.05673027038574219,0.633162892622352
0.05673027038574219,0.6332359386413441
0.05673646926879883,0.633308984660336
0.05673694610595703,0.633382030679328
0.05674409866333008,0.6334550766983199
0.05674409866333008,0.633528122717312
0.05674433708190918,0.6336011687363039
0.05674457550048828,0.6336742147552958
0.056745290756225586,0.6337472607742878
0.0567469596862793,0.6338203067932797
0.05674862861633301,0.6338933528122718
0.05674934387207031,0.6339663988312637
0.056749820709228516,0.6340394448502557
0.05675339698791504,0.6341124908692476
0.05676126480102539,0.6341855368882396
0.05676150321960449,0.6342585829072316
0.05676150321960449,0.6343316289262235
0.05676412582397461,0.6344046749452155
0.05676770210266113,0.6344777209642074
0.056767940521240234,0.6345507669831995
0.05677175521850586,0.6346238130021914
0.05677390098571777,0.6346968590211833
0.05677533149719238,0.6347699050401753
0.05677533149719238,0.6348429510591673
0.05677938461303711,0.6349159970781593
0.05678153038024902,0.6349890430971512
0.05678272247314453,0.6350620891161431
0.05678272247314453,0.6351351351351351
0.056783199310302734,0.6352081811541271
0.05678439140319824,0.6352812271731191
0.056791067123413086,0.635354273192111
0.0567927360534668,0.635427319211103
0.05679583549499512,0.635500365230095
0.05679655075073242,0.635573411249087
0.05680203437805176,0.6356464572680789
0.056802988052368164,0.6357195032870708
0.05680584907531738,0.6357925493060628
0.05681014060974121,0.6358655953250548
0.056810855865478516,0.6359386413440468
0.056810855865478516,0.6360116873630387
0.056810855865478516,0.6360847333820306
0.05681157112121582,0.6361577794010227
0.05681276321411133,0.6362308254200146
0.056813955307006836,0.6363038714390066
0.05681443214416504,0.6363769174579985
0.05681633949279785,0.6364499634769905
0.056818246841430664,0.6365230094959825
0.05681872367858887,0.6365960555149744
0.05681967735290527,0.6366691015339664
0.056819915771484375,0.6367421475529583
0.056819915771484375,0.6368151935719504
0.05682015419006348,0.6368882395909423
0.05682015419006348,0.6369612856099343
0.05682873725891113,0.6370343316289262
0.05683159828186035,0.6371073776479181
0.056832075119018555,0.6371804236669102
0.05683302879333496,0.6372534696859021
0.05683302879333496,0.6373265157048941
0.05683493614196777,0.637399561723886
0.056835174560546875,0.6374726077428781
0.05683588981628418,0.63754565376187
0.056836605072021484,0.6376186997808619
0.05684232711791992,0.6376917457998539
0.05684304237365723,0.6377647918188458
0.05684351921081543,0.6378378378378379
0.05684399604797363,0.6379108838568298
0.05684542655944824,0.6379839298758218
0.05684804916381836,0.6380569758948137
0.05684947967529297,0.6381300219138057
0.05684971809387207,0.6382030679327977
0.05684971809387207,0.6382761139517896
0.056851863861083984,0.6383491599707816
0.05685257911682129,0.6384222059897735
0.056854248046875,0.6384952520087656
0.05685615539550781,0.6385682980277575
0.056858062744140625,0.6386413440467494
0.05686044692993164,0.6387143900657414
0.056864023208618164,0.6387874360847334
0.05687284469604492,0.6388604821037254
0.05687379837036133,0.6389335281227173
0.05688071250915527,0.6390065741417092
0.05688190460205078,0.6390796201607012
0.056883811950683594,0.6391526661796932
0.05688667297363281,0.6392257121986852
0.056887149810791016,0.6392987582176771
0.056890010833740234,0.6393718042366691
0.056891679763793945,0.6394448502556611
0.0568997859954834,0.639517896274653
0.0568997859954834,0.639590942293645
0.056903839111328125,0.6396639883126369
0.05690598487854004,0.6397370343316289
0.056910037994384766,0.6398100803506209
0.05691027641296387,0.6398831263696129
0.05691123008728027,0.6399561723886048
0.05691242218017578,0.6400292184075967
0.056915283203125,0.6401022644265888
0.05691671371459961,0.6401753104455807
0.05691981315612793,0.6402483564645727
0.05692148208618164,0.6403214024835646
0.05692172050476074,0.6403944485025566
0.05692172050476074,0.6404674945215486
0.056921958923339844,0.6405405405405405
0.05692267417907715,0.6406135865595325
0.05692553520202637,0.6406866325785244
0.05692625045776367,0.6407596785975165
0.05692720413208008,0.6408327246165084
0.05692744255065918,0.6409057706355004
0.05693197250366211,0.6409788166544923
0.05693221092224121,0.6410518626734842
0.05693674087524414,0.6411249086924763
0.05694174766540527,0.6411979547114682
0.056944847106933594,0.6412710007304602
0.056945085525512695,0.6413440467494521
0.056949615478515625,0.6414170927684442
0.05695176124572754,0.6414901387874361
0.05695199966430664,0.641563184806428
0.056952476501464844,0.64163623082542
0.056957244873046875,0.6417092768444119
0.05696225166320801,0.641782322863404
0.05696368217468262,0.6418553688823959
0.056964874267578125,0.6419284149013879
0.05696868896484375,0.6420014609203798
0.05697131156921387,0.6420745069393718
0.05697202682495117,0.6421475529583638
0.056972503662109375,0.6422205989773557
0.05697321891784668,0.6422936449963477
0.05697488784790039,0.6423666910153397
0.05697488784790039,0.6424397370343317
0.05697512626647949,0.6425127830533236
0.05697512626647949,0.6425858290723155
0.056975364685058594,0.6426588750913075
0.0569767951965332,0.6427319211102995
0.05697798728942871,0.6428049671292915
0.05698060989379883,0.6428780131482834
0.05698347091674805,0.6429510591672754
0.05698442459106445,0.6430241051862674
0.05698513984680176,0.6430971512052593
0.056986093521118164,0.6431701972242513
0.05698680877685547,0.6432432432432432
0.056989192962646484,0.6433162892622352
0.05699038505554199,0.6433893352812272
0.056995391845703125,0.6434623813002192
0.05699658393859863,0.6435354273192111
0.05699658393859863,0.643608473338203
0.056998491287231445,0.6436815193571951
0.05700492858886719,0.643754565376187
0.05700850486755371,0.643827611395179
0.05701041221618652,0.6439006574141709
0.05701303482055664,0.6439737034331628
0.05701446533203125,0.6440467494521549
0.057019710540771484,0.6441197954711468
0.0570218563079834,0.6441928414901388
0.05702948570251465,0.6442658875091307
0.05702948570251465,0.6443389335281228
0.05703139305114746,0.6444119795471147
0.057032108306884766,0.6444850255661067
0.057033538818359375,0.6445580715850986
0.05703401565551758,0.6446311176040905
0.057036399841308594,0.6447041636230826
0.05704164505004883,0.6447772096420745
0.057045698165893555,0.6448502556610665
0.05704951286315918,0.6449233016800584
0.05705142021179199,0.6449963476990505
0.05705142021179199,0.6450693937180424
0.057051658630371094,0.6451424397370343
0.057054758071899414,0.6452154857560263
0.057054996490478516,0.6452885317750182
0.05705761909484863,0.6453615777940103
0.05705904960632324,0.6454346238130022
0.057059526443481445,0.6455076698319941
0.05706000328063965,0.6455807158509861
0.057062625885009766,0.6456537618699781
0.05706286430358887,0.6457268078889701
0.05706310272216797,0.645799853907962
0.05706453323364258,0.645872899926954
0.057065486907958984,0.6459459459459459
0.057065486907958984,0.646018991964938
0.05706620216369629,0.6460920379839299
0.0570673942565918,0.6461650840029218
0.05706977844238281,0.6462381300219138
0.05706977844238281,0.6463111760409058
0.057073354721069336,0.6463842220598978
0.05708146095275879,0.6464572680788897
0.057082176208496094,0.6465303140978816
0.05708575248718262,0.6466033601168736
0.05709433555603027,0.6466764061358656
0.05709719657897949,0.6467494521548576
0.057097434997558594,0.6468224981738495
0.0570981502532959,0.6468955441928415
0.05710124969482422,0.6469685902118335
0.05710244178771973,0.6470416362308254
0.05710577964782715,0.6471146822498174
0.05710625648498535,0.6471877282688093
0.05710625648498535,0.6472607742878013
0.057106971740722656,0.6473338203067933
0.05710721015930176,0.6474068663257853
0.05710768699645996,0.6474799123447772
0.05710792541503906,0.6475529583637691
0.05710792541503906,0.6476260043827612
0.057111263275146484,0.6476990504017531
0.05711960792541504,0.6477720964207451
0.05712008476257324,0.647845142439737
0.057120323181152344,0.647918188458729
0.057120561599731445,0.647991234477721
0.05712294578552246,0.6480642804967129
0.057123422622680664,0.6481373265157049
0.05712461471557617,0.6482103725346968
0.05712604522705078,0.6482834185536889
0.057126760482788086,0.6483564645726808
0.05713248252868652,0.6484295105916728
0.057134151458740234,0.6485025566106647
0.05713462829589844,0.6485756026296566
0.05713510513305664,0.6486486486486487
0.057135581970214844,0.6487216946676406
0.05713653564453125,0.6487947406866326
0.05713939666748047,0.6488677867056245
0.057140350341796875,0.6489408327246166
0.05714154243469238,0.6490138787436085
0.05714225769042969,0.6490869247626004
0.057143449783325195,0.6491599707815924
0.0571444034576416,0.6492330168005843
0.05714726448059082,0.6493060628195764
0.05714774131774902,0.6493791088385683
0.057149410247802734,0.6494521548575602
0.05715227127075195,0.6495252008765522
0.05715227127075195,0.6495982468955442
0.05715489387512207,0.6496712929145362
0.057158708572387695,0.6497443389335281
0.057160377502441406,0.6498173849525201
0.05716061592102051,0.649890430971512
0.05716085433959961,0.649963476990504
0.05716133117675781,0.650036523009496
0.05716228485107422,0.6501095690284879
0.05716705322265625,0.6501826150474799
0.05717062950134277,0.6502556610664719
0.05717206001281738,0.6503287070854639
0.0571744441986084,0.6504017531044558
0.0571744441986084,0.6504747991234477
0.0571746826171875,0.6505478451424397
0.0571749210357666,0.6506208911614317
0.0571749210357666,0.6506939371804237
0.05717754364013672,0.6507669831994156
0.05717825889587402,0.6508400292184076
0.05718207359313965,0.6509130752373996
0.057183027267456055,0.6509861212563915
0.05718421936035156,0.6510591672753835
0.05718493461608887,0.6511322132943754
0.05718564987182617,0.6512052593133674
0.05718684196472168,0.6512783053323594
0.05718874931335449,0.6513513513513514
0.0571901798248291,0.6514243973703433
0.05719113349914551,0.6514974433893352
0.05719161033630371,0.6515704894083273
0.05719280242919922,0.6516435354273192
0.057195186614990234,0.6517165814463112
0.057195425033569336,0.6517896274653031
0.05719733238220215,0.651862673484295
0.057198524475097656,0.6519357195032871
0.05719947814941406,0.652008765522279
0.05720067024230957,0.652081811541271
0.05720090866088867,0.6521548575602629
0.05721330642700195,0.652227903579255
0.05721473693847656,0.6523009495982469
0.05721592903137207,0.6523739956172389
0.05721688270568848,0.6524470416362308
0.05721783638000488,0.6525200876552227
0.057219743728637695,0.6525931336742148
0.057220458984375,0.6526661796932067
0.05722379684448242,0.6527392257121987
0.05722451210021973,0.6528122717311906
0.05722475051879883,0.6528853177501827
0.05722618103027344,0.6529583637691746
0.057229042053222656,0.6530314097881665
0.05723071098327637,0.6531044558071585
0.0572352409362793,0.6531775018261504
0.05723929405212402,0.6532505478451425
0.05724000930786133,0.6533235938641344
0.057240962982177734,0.6533966398831264
0.05724382400512695,0.6534696859021183
0.057244062423706055,0.6535427319211103
0.057244300842285156,0.6536157779401023
0.05724477767944336,0.6536888239590942
0.05724906921386719,0.6537618699780862
0.057251930236816406,0.6538349159970782
0.05725264549255371,0.6539079620160702
0.05725526809692383,0.6539810080350621
0.05725550651550293,0.654054054054054
0.05726361274719238,0.654127100073046
0.057265520095825195,0.654200146092038
0.057265520095825195,0.65427319211103
0.0572657585144043,0.6543462381300219
0.0572659969329834,0.6544192841490138
0.05726790428161621,0.6544923301680059
0.057268619537353516,0.6545653761869978
0.05726957321166992,0.6546384222059898
0.05727028846740723,0.6547114682249817
0.057273149490356445,0.6547845142439737
0.05727386474609375,0.6548575602629657
0.05727744102478027,0.6549306062819577
0.05728006362915039,0.6550036523009496
0.05728793144226074,0.6550766983199415
0.057288169860839844,0.6551497443389336
0.057290077209472656,0.6552227903579255
0.05729246139526367,0.6552958363769175
0.05729389190673828,0.6553688823959094
0.05729532241821289,0.6554419284149013
0.057295799255371094,0.6555149744338934
0.05729937553405762,0.6555880204528853
0.05730128288269043,0.6556610664718773
0.05730319023132324,0.6557341124908692
0.057305097579956055,0.6558071585098613
0.057306766510009766,0.6558802045288532
0.05730938911437988,0.6559532505478451
0.057312965393066406,0.6560262965668371
0.05731487274169922,0.656099342585829
0.057317495346069336,0.6561723886048211
0.057317495346069336,0.656245434623813
0.05731844902038574,0.656318480642805
0.05731844902038574,0.6563915266617969
0.05731916427612305,0.656464572680789
0.05731916427612305,0.6565376186997809
0.05731987953186035,0.6566106647187728
0.05732226371765137,0.6566837107377648
0.05732369422912598,0.6567567567567567
0.0573272705078125,0.6568298027757488
0.05732893943786621,0.6569028487947407
0.057329654693603516,0.6569758948137326
0.057329654693603516,0.6570489408327246
0.05733180046081543,0.6571219868517166
0.057332754135131836,0.6571950328707086
0.05733323097229004,0.6572680788897005
0.057334184646606445,0.6573411249086925
0.057335615158081055,0.6574141709276844
0.057341814041137695,0.6574872169466764
0.057344913482666016,0.6575602629656684
0.05734610557556152,0.6576333089846603
0.057346343994140625,0.6577063550036523
0.05734705924987793,0.6577794010226443
0.05734896659851074,0.6578524470416363
0.057349443435668945,0.6579254930606282
0.0573577880859375,0.6579985390796201
0.0573580265045166,0.6580715850986121
0.05736351013183594,0.6581446311176041
0.05736565589904785,0.6582176771365961
0.057367563247680664,0.658290723155588
0.05736804008483887,0.65836376917458
0.05736970901489258,0.658436815193572
0.05737161636352539,0.6585098612125639
0.057373046875,0.6585829072315559
0.05737733840942383,0.6586559532505478
0.05737781524658203,0.6587289992695398
0.057378530502319336,0.6588020452885318
0.05737948417663574,0.6588750913075238
0.05738639831542969,0.6589481373265157
0.05738711357116699,0.6590211833455076
0.057389259338378906,0.6590942293644997
0.05738949775695801,0.6591672753834916
0.05738973617553711,0.6592403214024836
0.05738997459411621,0.6593133674214755
0.05739188194274902,0.6593864134404674
0.05739283561706543,0.6594594594594595
0.05739307403564453,0.6595325054784514
0.05739450454711914,0.6596055514974434
0.05739545822143555,0.6596785975164353
0.05739903450012207,0.6597516435354274
0.057401180267333984,0.6598246895544193
0.05740165710449219,0.6598977355734112
0.05740237236022949,0.6599707815924032
0.05740237236022949,0.6600438276113951
0.057402610778808594,0.6601168736303872
0.05740714073181152,0.6601899196493791
0.05741095542907715,0.6602629656683711
0.05741119384765625,0.660336011687363
0.05741262435913086,0.660409057706355
0.05741310119628906,0.660482103725347
0.05741739273071289,0.6605551497443389
0.0574183464050293,0.6606281957633309
0.0574185848236084,0.6607012417823228
0.0574185848236084,0.6607742878013149
0.05742239952087402,0.6608473338203068
0.057424306869506836,0.6609203798392987
0.057425498962402344,0.6609934258582907
0.05742597579956055,0.6610664718772827
0.05743098258972168,0.6611395178962747
0.0574345588684082,0.6612125639152666
0.05743551254272461,0.6612856099342586
0.05743694305419922,0.6613586559532505
0.05743718147277832,0.6614317019722425
0.057437896728515625,0.6615047479912345
0.05744123458862305,0.6615777940102264
0.05744171142578125,0.6616508400292184
0.057456254959106445,0.6617238860482104
0.05746054649353027,0.6617969320672024
0.05746126174926758,0.6618699780861943
0.057463645935058594,0.6619430241051862
0.057463645935058594,0.6620160701241782
0.057463884353637695,0.6620891161431702
0.057466745376586914,0.6621621621621622
0.057466983795166016,0.6622352081811541
0.057466983795166016,0.662308254200146
0.057468414306640625,0.6623813002191381
0.05746912956237793,0.66245434623813
0.05747103691101074,0.662527392257122
0.05747365951538086,0.6626004382761139
0.057474374771118164,0.6626734842951059
0.05747509002685547,0.6627465303140979
0.057477474212646484,0.6628195763330899
0.05747795104980469,0.6628926223520818
0.057478904724121094,0.6629656683710737
0.05748128890991211,0.6630387143900658
0.05748295783996582,0.6631117604090577
0.057492733001708984,0.6631848064280497
0.05749320983886719,0.6632578524470416
0.057495832443237305,0.6633308984660335
0.057495832443237305,0.6634039444850256
0.05749773979187012,0.6634769905040175
0.057498931884765625,0.6635500365230095
0.057500362396240234,0.6636230825420014
0.05750107765197754,0.6636961285609935
0.05750131607055664,0.6637691745799854
0.05750322341918945,0.6638422205989774
0.05750536918640137,0.6639152666179693
0.05750632286071777,0.6639883126369612
0.05751824378967285,0.6640613586559533
0.057518720626831055,0.6641344046749452
0.05751967430114746,0.6642074506939372
0.05752062797546387,0.6642804967129291
0.05752396583557129,0.6643535427319212
0.05752420425415039,0.6644265887509131
0.057524681091308594,0.664499634769905
0.0575261116027832,0.664572680788897
0.057526350021362305,0.6646457268078889
0.05753159523010254,0.664718772826881
0.05753350257873535,0.6647918188458729
0.057533979415893555,0.6648648648648648
0.057535409927368164,0.6649379108838568
0.05753636360168457,0.6650109569028488
0.057537078857421875,0.6650840029218408
0.057538509368896484,0.6651570489408327
0.057538747787475586,0.6652300949598247
0.05753922462463379,0.6653031409788167
0.05753970146179199,0.6653761869978086
0.0575406551361084,0.6654492330168006
0.0575406551361084,0.6655222790357925
0.0575413703918457,0.6655953250547845
0.0575413703918457,0.6656683710737765
0.05754542350769043,0.6657414170927685
0.05754733085632324,0.6658144631117604
0.05754899978637695,0.6658875091307523
0.057550907135009766,0.6659605551497444
0.057550907135009766,0.6660336011687363
0.05755281448364258,0.6661066471877283
0.05755805969238281,0.6661796932067202
0.057559967041015625,0.6662527392257122
0.05756044387817383,0.6663257852447042
0.05756044387817383,0.6663988312636961
0.05756688117980957,0.6664718772826881
0.057567596435546875,0.66654492330168
0.0575718879699707,0.6666179693206721
0.0575718879699707,0.666691015339664
0.057572364807128906,0.666764061358656
0.057573795318603516,0.6668371073776479
0.05757546424865723,0.6669101533966398
0.05757713317871094,0.6669831994156319
0.05757784843444824,0.6670562454346238
0.05757927894592285,0.6671292914536158
0.057579755783081055,0.6672023374726077
0.057581186294555664,0.6672753834915998
0.05758357048034668,0.6673484295105917
0.057584524154663086,0.6674214755295836
0.057585954666137695,0.6674945215485756
0.05758786201477051,0.6675675675675675
0.057588815689086914,0.6676406135865596
0.05759406089782715,0.6677136596055515
0.057595252990722656,0.6677867056245435
0.05759739875793457,0.6678597516435354
0.05759859085083008,0.6679327976625274
0.057599544525146484,0.6680058436815194
0.057599782943725586,0.6680788897005113
0.05760002136230469,0.6681519357195033
0.0576021671295166,0.6682249817384952
0.057602643966674805,0.6682980277574873
0.05760335922241211,0.6683710737764792
0.05760383605957031,0.6684441197954711
0.05760526657104492,0.6685171658144631
0.05760550498962402,0.6685902118334551
0.05760598182678223,0.6686632578524471
0.05761241912841797,0.668736303871439
0.05761432647705078,0.668809349890431
0.0576171875,0.6688823959094229
0.057618141174316406,0.6689554419284149
0.05761981010437012,0.6690284879474069
0.05762219429016113,0.6691015339663988
0.057625532150268555,0.6691745799853908
0.05762767791748047,0.6692476260043828
0.057628631591796875,0.6693206720233748
0.05762982368469238,0.6693937180423667
0.0576319694519043,0.6694667640613586
0.0576326847076416,0.6695398100803506
0.0576326847076416,0.6696128560993426
0.05763602256774902,0.6696859021183346
0.05763983726501465,0.6697589481373265
0.05764150619506836,0.6698319941563184
0.057645320892333984,0.6699050401753105
0.057646751403808594,0.6699780861943024
0.057647705078125,0.6700511322132944
0.057648420333862305,0.6701241782322863
0.05765175819396973,0.6701972242512783
0.05765390396118164,0.6702702702702703
0.05765390396118164,0.6703433162892622
0.05765652656555176,0.6704163623082542
0.05766630172729492,0.6704894083272461
0.05766892433166504,0.6705624543462382
0.05767560005187988,0.6706355003652301
0.057675838470458984,0.6707085463842221
0.0576786994934082,0.670781592403214
0.057682037353515625,0.6708546384222059
0.05768442153930664,0.670927684441198
0.05768632888793945,0.6710007304601899
0.057688236236572266,0.6710737764791819
0.05768942832946777,0.6711468224981738
0.0576939582824707,0.6712198685171659
0.057698965072631836,0.6712929145361578
0.05769920349121094,0.6713659605551497
0.057700395584106445,0.6714390065741417
0.05770158767700195,0.6715120525931336
0.05770158767700195,0.6715850986121257
0.0577092170715332,0.6716581446311176
0.057711124420166016,0.6717311906501096
0.05771136283874512,0.6718042366691015
0.05772113800048828,0.6718772826880935
0.05772280693054199,0.6719503287070855
0.05772876739501953,0.6720233747260774
0.057729244232177734,0.6720964207450694
0.05773043632507324,0.6721694667640613
0.05773282051086426,0.6722425127830534
0.05773591995239258,0.6723155588020453
0.05773615837097168,0.6723886048210372
0.057736873626708984,0.6724616508400292
0.05773735046386719,0.6725346968590212
0.05773758888244629,0.6726077428780132
0.05774068832397461,0.6726807888970051
0.05774068832397461,0.672753834915997
0.057741403579711914,0.672826880934989
0.057741403579711914,0.672899926953981
0.05774235725402832,0.672972972972973
0.05774331092834473,0.6730460189919649
0.05774378776550293,0.6731190650109569
0.05775141716003418,0.6731921110299489
0.057753801345825195,0.6732651570489409
0.05775737762451172,0.6733382030679328
0.05775737762451172,0.6734112490869247
0.057759761810302734,0.6734842951059167
0.057761430740356445,0.6735573411249087
0.05776166915893555,0.6736303871439007
0.05776333808898926,0.6737034331628926
0.05776381492614746,0.6737764791818845
0.05776381492614746,0.6738495252008766
0.05776381492614746,0.6739225712198685
0.05776476860046387,0.6739956172388605
0.057765960693359375,0.6740686632578524
0.05776643753051758,0.6741417092768444
0.0577692985534668,0.6742147552958364
0.05777096748352051,0.6742878013148284
0.05777120590209961,0.6743608473338203
0.057772159576416016,0.6744338933528122
0.05777335166931152,0.6745069393718043
0.05777740478515625,0.6745799853907962
0.05778217315673828,0.6746530314097882
0.05778789520263672,0.6747260774287801
0.057788848876953125,0.674799123447772
0.05778956413269043,0.6748721694667641
0.05779123306274414,0.674945215485756
0.057791709899902344,0.675018261504748
0.057791948318481445,0.6750913075237399
0.05779266357421875,0.675164353542732
0.05779266357421875,0.6752373995617239
0.057793378829956055,0.6753104455807158
0.057795047760009766,0.6753834915997078
0.05779623985290527,0.6754565376186997
0.05779623985290527,0.6755295836376918
0.05779743194580078,0.6756026296566837
0.05780291557312012,0.6756756756756757
0.05780386924743652,0.6757487216946676
0.057804107666015625,0.6758217677136596
0.05780434608459473,0.6758948137326516
0.05780744552612305,0.6759678597516435
0.05780792236328125,0.6760409057706355
0.05780792236328125,0.6761139517896274
0.057808637619018555,0.6761869978086195
0.05781435966491699,0.6762600438276114
0.057814598083496094,0.6763330898466033
0.05781960487365723,0.6764061358655953
0.057822227478027344,0.6764791818845873
0.05782628059387207,0.6765522279035793
0.057828664779663086,0.6766252739225712
0.05782938003540039,0.6766983199415632
0.05782961845397949,0.6767713659605552
0.0578305721282959,0.6768444119795471
0.05783247947692871,0.6769174579985391
0.05783271789550781,0.676990504017531
0.05783414840698242,0.677063550036523
0.057834625244140625,0.677136596055515
0.05783534049987793,0.677209642074507
0.05783677101135254,0.6772826880934989
0.05783796310424805,0.6773557341124908
0.05784296989440918,0.6774287801314829
0.0578458309173584,0.6775018261504748
0.0578458309173584,0.6775748721694668
0.057846784591674805,0.6776479181884587
0.057846784591674805,0.6777209642074506
0.05784869194030762,0.6777940102264427
0.05785202980041504,0.6778670562454346
0.05785322189331055,0.6779401022644266
0.05785369873046875,0.6780131482834185
0.057854652404785156,0.6780861943024106
0.057854652404785156,0.6781592403214025
0.05785512924194336,0.6782322863403945
0.05785655975341797,0.6783053323593864
0.057859182357788086,0.6783783783783783
0.05785965919494629,0.6784514243973704
0.05786013603210449,0.6785244704163623
0.0578608512878418,0.6785975164353543
0.05786299705505371,0.6786705624543462
0.057865142822265625,0.6787436084733383
0.057865142822265625,0.6788166544923302
0.05786585807800293,0.6788897005113221
0.057866811752319336,0.6789627465303141
0.05786943435668945,0.679035792549306
0.05787086486816406,0.6791088385682981
0.057871103286743164,0.67918188458729
0.05787158012390137,0.679254930606282
0.05787229537963867,0.6793279766252739
0.05787920951843262,0.6794010226442659
0.05787968635559082,0.6794740686632579
0.05788016319274902,0.6795471146822498
0.05788159370422363,0.6796201607012418
0.057885169982910156,0.6796932067202337
0.05788683891296387,0.6797662527392258
0.05789065361022949,0.6798392987582177
0.057891130447387695,0.6799123447772096
0.057891130447387695,0.6799853907962016
0.05789303779602051,0.6800584368151936
0.05789351463317871,0.6801314828341856
0.05789375305175781,0.6802045288531775
0.05789661407470703,0.6802775748721694
0.057897090911865234,0.6803506208911614
0.05789971351623535,0.6804236669101534
0.05790090560913086,0.6804967129291454
0.057906150817871094,0.6805697589481373
0.0579075813293457,0.6806428049671293
0.057909488677978516,0.6807158509861213
0.05790996551513672,0.6807888970051132
0.05791187286376953,0.6808619430241052
0.05791211128234863,0.6809349890430971
0.057918548583984375,0.6810080350620891
0.05791878700256348,0.6810810810810811
0.05792117118835449,0.6811541271000731
0.05792427062988281,0.681227173119065
0.05792689323425293,0.6813002191380569
0.057927846908569336,0.681373265157049
0.057929039001464844,0.6814463111760409
0.05793118476867676,0.6815193571950329
0.05793166160583496,0.6815924032140248
0.05793166160583496,0.6816654492330168
0.057932376861572266,0.6817384952520088
0.057933807373046875,0.6818115412710007
0.057938337326049805,0.6818845872899927
0.05794191360473633,0.6819576333089846
0.05794215202331543,0.6820306793279767
0.05794262886047363,0.6821037253469686
0.05794668197631836,0.6821767713659606
0.05794930458068848,0.6822498173849525
0.057952165603637695,0.6823228634039444
0.0579524040222168,0.6823959094229365
0.057955026626586914,0.6824689554419284
0.05795598030090332,0.6825420014609204
0.05796027183532715,0.6826150474799123
0.05796098709106445,0.6826880934989044
0.05796194076538086,0.6827611395178963
0.05796456336975098,0.6828341855368882
0.057967185974121094,0.6829072315558802
0.0579681396484375,0.6829802775748721
0.05797147750854492,0.6830533235938642
0.057973384857177734,0.6831263696128561
0.057974815368652344,0.683199415631848
0.057975053787231445,0.68327246165084
0.05797910690307617,0.683345507669832
0.05797982215881348,0.683418553688824
0.05798006057739258,0.6834915997078159
0.057988882064819336,0.6835646457268079
0.05799078941345215,0.6836376917457998
0.05799078941345215,0.6837107377647919
0.057993173599243164,0.6837837837837838
0.05800199508666992,0.6838568298027757
0.05800223350524902,0.6839298758217677
0.05800318717956543,0.6840029218407597
0.05800366401672363,0.6840759678597517
0.058004140853881836,0.6841490138787436
0.05800485610961914,0.6842220598977355
0.05800509452819824,0.6842951059167275
0.05800509452819824,0.6843681519357195
0.05800652503967285,0.6844411979547115
0.058007001876831055,0.6845142439737034
0.05800795555114746,0.6845872899926954
0.05800819396972656,0.6846603360116874
0.058008670806884766,0.6847333820306793
0.058008670806884766,0.6848064280496713
0.05800914764404297,0.6848794740686632
0.05800986289978027,0.6849525200876552
0.058014869689941406,0.6850255661066472
0.05801701545715332,0.6850986121256392
0.05801701545715332,0.6851716581446311
0.05801820755004883,0.685244704163623
0.05801868438720703,0.6853177501826151
0.05802106857299805,0.685390796201607
0.058022499084472656,0.685463842220599
0.058022499084472656,0.6855368882395909
0.058025360107421875,0.6856099342585829
0.058025360107421875,0.6856829802775749
0.058025360107421875,0.6857560262965668
0.058027029037475586,0.6858290723155588
0.058027029037475586,0.6859021183345507
0.0580294132232666,0.6859751643535428
0.05803179740905762,0.6860482103725347
0.05803275108337402,0.6861212563915267
0.058039188385009766,0.6861943024105186
0.058042287826538086,0.6862673484295105
0.05804276466369629,0.6863403944485026
0.05804634094238281,0.6864134404674945
0.05804705619812012,0.6864864864864865
0.05804705619812012,0.6865595325054784
0.05804729461669922,0.6866325785244705
0.05804777145385742,0.6867056245434624
0.058049678802490234,0.6867786705624543
0.05805158615112305,0.6868517165814463
0.05805659294128418,0.6869247626004382
0.058057308197021484,0.6869978086194303
0.058058738708496094,0.6870708546384222
0.05806231498718262,0.6871439006574142
0.05806398391723633,0.6872169466764061
0.05806612968444824,0.6872899926953981
0.05806684494018555,0.6873630387143901
0.05806875228881836,0.687436084733382
0.05806922912597656,0.687509130752374
0.058069705963134766,0.687582176771366
0.05807185173034668,0.687655222790358
0.058072566986083984,0.6877282688093499
0.0580751895904541,0.6878013148283418
0.05807614326477051,0.6878743608473338
0.05807685852050781,0.6879474068663258
0.05807924270629883,0.6880204528853178
0.05808258056640625,0.6880934989043097
0.05808401107788086,0.6881665449233016
0.058087825775146484,0.6882395909422937
0.05808877944946289,0.6883126369612856
0.05808901786804199,0.6883856829802776
0.05809187889099121,0.6884587289992695
0.058092594146728516,0.6885317750182615
0.058094024658203125,0.6886048210372535
0.05809473991394043,0.6886778670562455
0.058097124099731445,0.6887509130752374
0.05809736251831055,0.6888239590942293
0.05809974670410156,0.6888970051132214
0.05810070037841797,0.6889700511322133
0.05810141563415527,0.6890430971512053
0.05810189247131348,0.6891161431701972
0.05810189247131348,0.6891891891891891
0.05810236930847168,0.6892622352081812
0.058110952377319336,0.6893352812271731
0.05811190605163574,0.6894083272461651
0.05811190605163574,0.689481373265157
0.058113813400268555,0.6895544192841491
0.058114051818847656,0.689627465303141
0.05811715126037598,0.689700511322133
0.05812335014343262,0.6897735573411249
0.05812358856201172,0.6898466033601168
0.05812406539916992,0.6899196493791089
0.05812478065490723,0.6899926953981008
0.058127641677856445,0.6900657414170928
0.05812811851501465,0.6901387874360847
0.05812835693359375,0.6902118334550768
0.05812859535217285,0.6902848794740687
0.058129072189331055,0.6903579254930606
0.05813241004943848,0.6904309715120526
0.05813264846801758,0.6905040175310445
0.058135032653808594,0.6905770635500366
0.058149099349975586,0.6906501095690285
0.05814957618713379,0.6907231555880204
0.0581512451171875,0.6907962016070124
0.05815386772155762,0.6908692476260044
0.05815601348876953,0.6909422936449964
0.058156728744506836,0.6910153396639883
0.058158159255981445,0.6910883856829803
0.05816364288330078,0.6911614317019722
0.05816507339477539,0.6912344777209642
0.05816841125488281,0.6913075237399562
0.05817151069641113,0.6913805697589481
0.058171987533569336,0.6914536157779401
0.058177947998046875,0.6915266617969321
0.05818462371826172,0.6915997078159241
0.05818605422973633,0.691672753834916
0.05818796157836914,0.6917457998539079
0.05819082260131836,0.6918188458728999
0.058197021484375,0.6918918918918919
0.058199405670166016,0.6919649379108839
0.058202266693115234,0.6920379839298758
0.058205604553222656,0.6921110299488678
0.058206796646118164,0.6921840759678598
0.05820727348327637,0.6922571219868517
0.05820918083190918,0.6923301680058437
0.05820941925048828,0.6924032140248356
0.05821061134338379,0.6924762600438276
0.0582118034362793,0.6925493060628196
0.05821347236633301,0.6926223520818116
0.058217525482177734,0.6926953981008035
0.05822038650512695,0.6927684441197954
0.058228254318237305,0.6928414901387875
0.058228492736816406,0.6929145361577794
0.05823040008544922,0.6929875821767714
0.05823540687561035,0.6930606281957633
0.05823636054992676,0.6931336742147552
0.05823659896850586,0.6932067202337473
0.058237552642822266,0.6932797662527392
0.05823802947998047,0.6933528122717312
0.05823969841003418,0.6934258582907231
0.05823993682861328,0.6934989043097152
0.0582432746887207,0.6935719503287071
0.0582432746887207,0.693644996347699
0.05824422836303711,0.693718042366691
0.05824446678161621,0.6937910883856829
0.05824708938598633,0.693864134404675
0.05824899673461914,0.6939371804236669
0.058252573013305664,0.6940102264426589
0.05825519561767578,0.6940832724616508
0.0582578182220459,0.6941563184806429
0.0582585334777832,0.6942293644996348
0.05825972557067871,0.6943024105186267
0.058260202407836914,0.6943754565376187
0.058260440826416016,0.6944485025566106
0.05826091766357422,0.6945215485756027
0.05826377868652344,0.6945945945945946
0.05826401710510254,0.6946676406135865
0.05826973915100098,0.6947406866325785
0.05827140808105469,0.6948137326515705
0.058272361755371094,0.6948867786705625
0.0582733154296875,0.6949598246895544
0.05827617645263672,0.6950328707085464
0.05827736854553223,0.6951059167275383
0.058283329010009766,0.6951789627465303
0.05829024314880371,0.6952520087655223
0.05829262733459473,0.6953250547845142
0.05829286575317383,0.6953981008035062
0.05829620361328125,0.6954711468224982
0.05829644203186035,0.6955441928414902
0.05829668045043945,0.6956172388604821
0.058296918869018555,0.695690284879474
0.05829787254333496,0.695763330898466
0.05830240249633789,0.695836376917458
0.0583035945892334,0.69590942293645
0.0583040714263916,0.6959824689554419
0.058306217193603516,0.6960555149744339
0.05831336975097656,0.6961285609934259
0.05832028388977051,0.6962016070124178
0.058330535888671875,0.6962746530314098
0.05833148956298828,0.6963476990504017
0.05833172798156738,0.6964207450693937
0.058332204818725586,0.6964937910883857
0.0583341121673584,0.6965668371073777
0.05833625793457031,0.6966398831263696
0.05833697319030762,0.6967129291453615
0.05833768844604492,0.6967859751643536
0.058338165283203125,0.6968590211833455
0.058341264724731445,0.6969320672023375
0.05834174156188965,0.6970051132213294
0.05834317207336426,0.6970781592403213
0.05834627151489258,0.6971512052593134
0.058347463607788086,0.6972242512783053
0.0583491325378418,0.6972972972972973
0.058350563049316406,0.6973703433162892
0.05835080146789551,0.6974433893352813
0.05835556983947754,0.6975164353542732
0.058356523513793945,0.6975894813732652
0.05835890769958496,0.6976625273922571
0.05836057662963867,0.697735573411249
0.0583646297454834,0.6978086194302411
0.058365583419799805,0.697881665449233
0.05836749076843262,0.697954711468225
0.05836844444274902,0.6980277574872169
0.05837416648864746,0.698100803506209
0.05837440490722656,0.6981738495252009
0.0583806037902832,0.6982468955441928
0.05838155746459961,0.6983199415631848
0.058382511138916016,0.6983929875821767
0.05838370323181152,0.6984660336011688
0.058383941650390625,0.6985390796201607
0.05838513374328613,0.6986121256391526
0.05838608741760254,0.6986851716581446
0.058387041091918945,0.6987582176771366
0.05838894844055176,0.6988312636961286
0.058394432067871094,0.6989043097151205
0.058396100997924805,0.6989773557341125
0.05840134620666504,0.6990504017531045
0.05840468406677246,0.6991234477720965
0.05840468406677246,0.6991964937910884
0.058411598205566406,0.6992695398100803
0.058416128158569336,0.6993425858290723
0.05841708183288574,0.6994156318480643
0.058420419692993164,0.6994886778670563
0.05842304229736328,0.6995617238860482
0.05842328071594238,0.6996347699050401
0.05842423439025879,0.6997078159240322
0.058425188064575195,0.6997808619430241
0.0584256649017334,0.6998539079620161
0.05842900276184082,0.699926953981008
0.05842995643615723,0.7
0.05843043327331543,0.700073046018992
0.05843043327331543,0.700146092037984
0.05843663215637207,0.7002191380569759
0.05843687057495117,0.7002921840759678
0.05843949317932129,0.7003652300949599
0.05844259262084961,0.7004382761139518
0.058446407318115234,0.7005113221329438
0.05844712257385254,0.7005843681519357
0.05845165252685547,0.7006574141709276
0.05845522880554199,0.7007304601899197
0.058455467224121094,0.7008035062089116
0.05845904350280762,0.7008765522279036
0.05845975875854492,0.7009495982468955
0.05845975875854492,0.7010226442658876
0.058463096618652344,0.7010956902848795
0.058463335037231445,0.7011687363038714
0.05846357345581055,0.7012417823228634
0.058466196060180664,0.7013148283418553
0.05847454071044922,0.7013878743608474
0.05847978591918945,0.7014609203798393
0.05847978591918945,0.7015339663988313
0.05848240852355957,0.7016070124178232
0.05848240852355957,0.7016800584368152
0.05848288536071777,0.7017531044558072
0.058485984802246094,0.7018261504747991
0.058486223220825195,0.7018991964937911
0.0584871768951416,0.701972242512783
0.05848813056945801,0.7020452885317751
0.05849313735961914,0.702118334550767
0.05849790573120117,0.7021913805697589
0.05850028991699219,0.7022644265887509
0.0585019588470459,0.7023374726077429
0.05850338935852051,0.7024105186267349
0.05850338935852051,0.7024835646457268
0.058504343032836914,0.7025566106647188
0.058506011962890625,0.7026296566837107
0.058510541915893555,0.7027027027027027
0.05851292610168457,0.7027757487216947
0.05851292610168457,0.7028487947406866
0.05851626396179199,0.7029218407596786
0.0585172176361084,0.7029948867786706
0.05852103233337402,0.7030679327976626
0.058525800704956055,0.7031409788166545
0.05852699279785156,0.7032140248356464
0.058533668518066406,0.7032870708546384
0.05853390693664551,0.7033601168736304
0.05853605270385742,0.7034331628926224
0.05853700637817383,0.7035062089116143
0.05853700637817383,0.7035792549306062
0.05854034423828125,0.7036523009495983
0.05854082107543945,0.7037253469685902
0.05854439735412598,0.7037983929875822
0.058547258377075195,0.7038714390065741
0.0585482120513916,0.7039444850255661
0.05855298042297363,0.7040175310445581
0.05855727195739746,0.70409057706355
0.058559417724609375,0.704163623082542
0.05855989456176758,0.7042366691015339
0.05856800079345703,0.704309715120526
0.05857539176940918,0.7043827611395179
0.05857706069946289,0.7044558071585099
0.058579206466674805,0.7045288531775018
0.05858206748962402,0.7046018991964937
0.05858325958251953,0.7046749452154858
0.05858469009399414,0.7047479912344777
0.058585166931152344,0.7048210372534697
0.058585166931152344,0.7048940832724616
0.05858922004699707,0.7049671292914537
0.05858945846557617,0.7050401753104456
0.05859184265136719,0.7051132213294375
0.05859231948852539,0.7051862673484295
0.058593034744262695,0.7052593133674214
0.0585935115814209,0.7053323593864135
0.0585939884185791,0.7054054054054054
0.05859637260437012,0.7054784514243974
0.05859661102294922,0.7055514974433893
0.05859708786010742,0.7056245434623813
0.05860137939453125,0.7056975894813733
0.058602333068847656,0.7057706355003652
0.05860257148742676,0.7058436815193572
0.058603525161743164,0.7059167275383491
0.058603525161743164,0.7059897735573412
0.05860495567321777,0.7060628195763331
0.05860567092895508,0.706135865595325
0.05860614776611328,0.706208911614317
0.05860638618469238,0.706281957633309
0.0586087703704834,0.706355003652301
0.0586090087890625,0.7064280496712929
0.058611154556274414,0.7065010956902849
0.05861258506774902,0.7065741417092768
0.05861377716064453,0.7066471877282688
0.058614253997802734,0.7067202337472608
0.05861496925354004,0.7067932797662527
0.058615922927856445,0.7068663257852447
0.05862283706665039,0.7069393718042367
0.05862617492675781,0.7070124178232287
0.05862689018249512,0.7070854638422206
0.058634042739868164,0.7071585098612125
0.05863547325134277,0.7072315558802045
0.05863809585571289,0.7073046018991965
0.0586397647857666,0.7073776479181885
0.058641672134399414,0.7074506939371804
0.05864214897155762,0.7075237399561723
0.05864596366882324,0.7075967859751644
0.05864739418029785,0.7076698319941563
0.058648109436035156,0.7077428780131483
0.05865216255187988,0.7078159240321402
0.0586552619934082,0.7078889700511322
0.05865764617919922,0.7079620160701242
0.058667659759521484,0.7080350620891162
0.058667898178100586,0.7081081081081081
0.058669328689575195,0.7081811541271
0.05867123603820801,0.7082542001460921
0.058678627014160156,0.708327246165084
0.058680057525634766,0.708400292184076
0.0586855411529541,0.7084733382030679
0.058689117431640625,0.7085463842220598
0.05868959426879883,0.7086194302410519
0.05869150161743164,0.7086924762600438
0.058693647384643555,0.7087655222790358
0.05869436264038086,0.7088385682980277
0.058695077896118164,0.7089116143170198
0.058696746826171875,0.7089846603360117
0.0587003231048584,0.7090577063550036
0.0587010383605957,0.7091307523739956
0.058701276779174805,0.7092037983929875
0.05870223045349121,0.7092768444119796
0.05870246887207031,0.7093498904309715
0.05870389938354492,0.7094229364499635
0.058705806732177734,0.7094959824689554
0.05870866775512695,0.7095690284879475
0.05870938301086426,0.7096420745069394
0.05871081352233887,0.7097151205259313
0.05871295928955078,0.7097881665449233
0.0587158203125,0.7098612125639152
0.058716773986816406,0.7099342585829073
0.05871915817260742,0.7100073046018992
0.05871915817260742,0.7100803506208911
0.05872392654418945,0.7101533966398831
0.058724164962768555,0.7102264426588751
0.05872702598571777,0.7102994886778671
0.0587313175201416,0.710372534696859
0.058732032775878906,0.710445580715851
0.058732032775878906,0.710518626734843
0.05873370170593262,0.710591672753835
0.05873703956604004,0.7106647187728269
0.05873751640319824,0.7107377647918188
0.05873894691467285,0.7108108108108108
0.058739662170410156,0.7108838568298028
0.05874133110046387,0.7109569028487948
0.05874156951904297,0.7110299488677867
0.05874180793762207,0.7111029948867786
0.05874276161193848,0.7111760409057707
0.058744192123413086,0.7112490869247626
0.05875110626220703,0.7113221329437546
0.05875396728515625,0.7113951789627465
0.05875849723815918,0.7114682249817385
0.05875873565673828,0.7115412710007305
0.058760643005371094,0.7116143170197224
0.058760881423950195,0.7116873630387144
0.05876278877258301,0.7117604090577063
0.05877184867858887,0.7118334550766984
0.058774471282958984,0.7119065010956903
0.0587766170501709,0.7119795471146823
0.0587770938873291,0.7120525931336742
0.05877804756164551,0.7121256391526661
0.058779001235961914,0.7121986851716582
0.05878806114196777,0.7122717311906501
0.05879092216491699,0.7123447772096421
0.0587925910949707,0.712417823228634
0.058799028396606445,0.7124908692476261
0.05880141258239746,0.712563915266618
0.05880475044250488,0.7126369612856099
0.058806657791137695,0.7127100073046019
0.058808326721191406,0.7127830533235938
0.05880999565124512,0.7128560993425859
0.058812618255615234,0.7129291453615778
0.058814287185668945,0.7130021913805697
0.058820247650146484,0.7130752373995617
0.0588221549987793,0.7131482834185537
0.05882668495178223,0.7132213294375457
0.058827877044677734,0.7132943754565376
0.05882835388183594,0.7133674214755296
0.05882859230041504,0.7134404674945215
0.05882906913757324,0.7135135135135136
0.05883193016052246,0.7135865595325055
0.05883216857910156,0.7136596055514974
0.05883646011352539,0.7137326515704894
0.05884218215942383,0.7138056975894814
0.05884552001953125,0.7138787436084734
0.05884671211242676,0.7139517896274653
0.05884742736816406,0.7140248356464572
0.05884742736816406,0.7140978816654492
0.05884981155395508,0.7141709276844412
0.058853864669799805,0.7142439737034332
0.058855533599853516,0.7143170197224251
0.058856964111328125,0.7143900657414171
0.05885791778564453,0.7144631117604091
0.05886030197143555,0.714536157779401
0.05886077880859375,0.714609203798393
0.058863162994384766,0.7146822498173849
0.05886435508728027,0.7147552958363769
0.05886673927307129,0.7148283418553689
0.058868408203125,0.7149013878743609
0.058875322341918945,0.7149744338933528
0.05887651443481445,0.7150474799123447
0.05887651443481445,0.7151205259313368
0.05887746810913086,0.7151935719503287
0.05887866020202637,0.7152666179693207
0.058888912200927734,0.7153396639883126
0.058888912200927734,0.7154127100073046
0.05889391899108887,0.7154857560262966
0.05889606475830078,0.7155588020452885
0.05889701843261719,0.7156318480642805
0.05889773368835449,0.7157048940832724
0.058901309967041016,0.7157779401022645
0.058904409408569336,0.7158509861212564
0.05890631675720215,0.7159240321402484
0.058907270431518555,0.7159970781592403
0.05891680717468262,0.7160701241782322
0.058919429779052734,0.7161431701972243
0.058919668197631836,0.7162162162162162
0.058921098709106445,0.7162892622352082
0.05892133712768555,0.7163623082542001
0.05892825126647949,0.7164353542731922
0.058930397033691406,0.7165084002921841
0.05893254280090332,0.716581446311176
0.05893254280090332,0.716654492330168
0.05893349647521973,0.7167275383491599
0.05893659591674805,0.716800584368152
0.058939218521118164,0.7168736303871439
0.058939218521118164,0.7169466764061359
0.05894041061401367,0.7170197224251278
0.05894637107849121,0.7170927684441198
0.058947086334228516,0.7171658144631118
0.05894804000854492,0.7172388604821037
0.05894947052001953,0.7173119065010957
0.058951616287231445,0.7173849525200876
0.05895805358886719,0.7174579985390797
0.05896306037902832,0.7175310445580716
0.058965444564819336,0.7176040905770635
0.058965444564819336,0.7176771365960555
0.05897092819213867,0.7177501826150475
0.05897212028503418,0.7178232286340395
0.05897212028503418,0.7178962746530314
0.05897259712219238,0.7179693206720233
0.058972835540771484,0.7180423666910153
0.0589752197265625,0.7181154127100073
0.0589752197265625,0.7181884587289993
0.0589752197265625,0.7182615047479912
0.0589754581451416,0.7183345507669832
0.0589756965637207,0.7184075967859752
0.05897784233093262,0.7184806428049672
0.05897855758666992,0.7185536888239591
0.05897879600524902,0.718626734842951
0.05897951126098633,0.718699780861943
0.05898022651672363,0.718772826880935
0.05898427963256836,0.718845872899927
0.058985233306884766,0.7189189189189189
0.05898594856262207,0.7189919649379108
0.05898737907409668,0.7190650109569029
0.058992862701416016,0.7191380569758948
0.05899930000305176,0.7192111029948868
0.059000492095947266,0.7192841490138787
0.05900073051452637,0.7193571950328707
0.05900073051452637,0.7194302410518627
0.05900454521179199,0.7195032870708546
0.0590057373046875,0.7195763330898466
0.05900907516479492,0.7196493791088385
0.05901026725769043,0.7197224251278306
0.059015512466430664,0.7197954711468225
0.05901908874511719,0.7198685171658145
0.05901932716369629,0.7199415631848064
0.0590205192565918,0.7200146092037983
0.059026479721069336,0.7200876552227904
0.05902695655822754,0.7201607012417823
0.059031009674072266,0.7202337472607743
0.0590357780456543,0.7203067932797662
0.05903792381286621,0.7203798392987583
0.059041500091552734,0.7204528853177502
0.05904245376586914,0.7205259313367421
0.05904507637023926,0.7205989773557341
0.05904531478881836,0.720672023374726
0.05905032157897949,0.7207450693937181
0.059064626693725586,0.72081811541271
0.059065818786621094,0.720891161431702
0.05906820297241211,0.7209642074506939
0.059068918228149414,0.721037253469686
0.05907034873962402,0.7211102994886779
0.059072256088256836,0.7211833455076698
0.059073448181152344,0.7212563915266618
0.05907559394836426,0.7213294375456537
0.05907797813415527,0.7214024835646458
0.05907797813415527,0.7214755295836377
0.05908036231994629,0.7215485756026296
0.059081077575683594,0.7216216216216216
0.059082984924316406,0.7216946676406136
0.059087276458740234,0.7217677136596056
0.05908966064453125,0.7218407596785975
0.05908989906311035,0.7219138056975895
0.05909156799316406,0.7219868517165815
0.05909538269042969,0.7220598977355734
0.05910086631774902,0.7221329437545654
0.059101104736328125,0.7222059897735573
0.05910134315490723,0.7222790357925493
0.05910301208496094,0.7223520818115413
0.05910491943359375,0.7224251278305333
0.059111595153808594,0.7224981738495252
0.05911588668823242,0.7225712198685171
0.059118032455444336,0.7226442658875092
0.05912375450134277,0.7227173119065011
0.059129953384399414,0.7227903579254931
0.05913424491882324,0.722863403944485
0.059136390686035156,0.722936449963477
0.05913662910461426,0.723009495982469
0.05913996696472168,0.7230825420014609
0.05914163589477539,0.7231555880204529
0.059142351150512695,0.7232286340394448
0.05914425849914551,0.7233016800584369
0.05914568901062012,0.7233747260774288
0.059146881103515625,0.7234477720964207
0.059148550033569336,0.7235208181154127
0.05915212631225586,0.7235938641344046
0.05915331840515137,0.7236669101533967
0.059156179428100586,0.7237399561723886
0.059157609939575195,0.7238130021913806
0.0591583251953125,0.7238860482103725
0.059160709381103516,0.7239590942293646
0.05916118621826172,0.7240321402483565
0.059163808822631836,0.7241051862673484
0.05916452407836914,0.7241782322863404
0.059165000915527344,0.7242512783053323
0.05916595458984375,0.7243243243243244
0.05916714668273926,0.7243973703433163
0.059168100357055664,0.7244704163623082
0.05916881561279297,0.7245434623813002
0.05917096138000488,0.7246165084002922
0.05917477607727051,0.7246895544192842
0.05917477607727051,0.7247626004382761
0.05917501449584961,0.7248356464572681
0.05917644500732422,0.72490869247626
0.05917668342590332,0.724981738495252
0.05917835235595703,0.725054784514244
0.05917859077453613,0.7251278305332359
0.05918455123901367,0.7252008765522279
0.059186458587646484,0.7252739225712199
0.05918693542480469,0.7253469685902119
0.05918741226196289,0.7254200146092038
0.0591883659362793,0.7254930606281957
0.05919051170349121,0.7255661066471877
0.05919170379638672,0.7256391526661797
0.059194087982177734,0.7257121986851717
0.05919694900512695,0.7257852447041636
0.05919814109802246,0.7258582907231556
0.05920004844665527,0.7259313367421476
0.059203147888183594,0.7260043827611395
0.059204816818237305,0.7260774287801315
0.05920863151550293,0.7261504747991234
0.059209346771240234,0.7262235208181154
0.05921459197998047,0.7262965668371074
0.059218645095825195,0.7263696128560994
0.05922055244445801,0.7264426588750913
0.059223175048828125,0.7265157048940832
0.05922365188598633,0.7265887509130753
0.05922579765319824,0.7266617969320672
0.059226274490356445,0.7267348429510592
0.05922675132751465,0.7268078889700511
0.059230804443359375,0.726880934989043
0.05923128128051758,0.7269539810080351
0.05923819541931152,0.727027027027027
0.059238433837890625,0.727100073046019
0.05923891067504883,0.7271731190650109
0.059240102767944336,0.727246165084003
0.05924248695373535,0.7273192111029949
0.05924677848815918,0.7273922571219869
0.05924677848815918,0.7274653031409788
0.05924797058105469,0.7275383491599707
0.0592494010925293,0.7276113951789628
0.0592498779296875,0.7276844411979547
0.05925440788269043,0.7277574872169467
0.05925464630126953,0.7278305332359386
0.05926036834716797,0.7279035792549307
0.05926179885864258,0.7279766252739226
0.05926203727722168,0.7280496712929145
0.05926322937011719,0.7281227173119065
0.05926513671875,0.7281957633308984
0.0592656135559082,0.7282688093498905
0.059266090393066406,0.7283418553688824
0.05926918983459473,0.7284149013878743
0.059270381927490234,0.7284879474068663
0.059273719787597656,0.7285609934258583
0.05927610397338867,0.7286340394448503
0.05927634239196777,0.7287070854638422
0.05927681922912598,0.7287801314828342
0.05927777290344238,0.7288531775018261
0.059279441833496094,0.7289262235208182
0.05928230285644531,0.7289992695398101
0.05928516387939453,0.729072315558802
0.059288978576660156,0.729145361577794
0.05928993225097656,0.729218407596786
0.05929708480834961,0.729291453615778
0.05929732322692871,0.7293644996347699
0.059298038482666016,0.7294375456537618
0.05929970741271973,0.7295105916727538
0.05930805206298828,0.7295836376917458
0.05931282043457031,0.7296566837107378
0.05931806564331055,0.7297297297297297
0.05931973457336426,0.7298027757487217
0.05932211875915527,0.7298758217677137
0.059323787689208984,0.7299488677867056
0.059324026107788086,0.7300219138056976
0.059326887130737305,0.7300949598246895
0.05932903289794922,0.7301680058436815
0.05933070182800293,0.7302410518626735
0.05933690071105957,0.7303140978816655
0.05933856964111328,0.7303871439006574
0.0593409538269043,0.7304601899196493
0.059342384338378906,0.7305332359386414
0.05934453010559082,0.7306062819576333
0.05934500694274902,0.7306793279766253
0.05934882164001465,0.7307523739956172
0.05934906005859375,0.7308254200146092
0.05935072898864746,0.7308984660336012
0.05935192108154297,0.7309715120525931
0.05936098098754883,0.7310445580715851
0.05936408042907715,0.731117604090577
0.059366464614868164,0.7311906501095691
0.059374332427978516,0.731263696128561
0.05937671661376953,0.731336742147553
0.059380531311035156,0.7314097881665449
0.059381961822509766,0.7314828341855368
0.05938220024108887,0.7315558802045289
0.05938267707824707,0.7316289262235208
0.05938458442687988,0.7317019722425128
0.059384822845458984,0.7317750182615047
0.059392690658569336,0.7318480642804968
0.05939340591430664,0.7319211102994887
0.059395551681518555,0.7319941563184806
0.05939602851867676,0.7320672023374726
0.05939769744873047,0.7321402483564645
0.059400081634521484,0.7322132943754566
0.05940389633178711,0.7322863403944485
0.05940532684326172,0.7323593864134404
0.059407711029052734,0.7324324324324324
0.05940961837768555,0.7325054784514244
0.05940985679626465,0.7325785244704164
0.0594179630279541,0.7326515704894083
0.05942249298095703,0.7327246165084003
0.05942249298095703,0.7327976625273922
0.05942249298095703,0.7328707085463843
0.059427738189697266,0.7329437545653762
0.05942940711975098,0.7330168005843681
0.05942964553833008,0.7330898466033601
0.0594329833984375,0.7331628926223521
0.05943584442138672,0.7332359386413441
0.05943727493286133,0.733308984660336
0.05943775177001953,0.733382030679328
0.059438467025756836,0.73345507669832
0.05944347381591797,0.7335281227173119
0.05944347381591797,0.7336011687363039
0.05944466590881348,0.7336742147552958
0.05944538116455078,0.7337472607742878
0.05944657325744629,0.7338203067932798
0.059449195861816406,0.7338933528122717
0.05945611000061035,0.7339663988312637
0.05945754051208496,0.7340394448502556
0.05945849418640137,0.7341124908692477
0.05945873260498047,0.7341855368882396
0.059461116790771484,0.7342585829072316
0.059461355209350586,0.7343316289262235
0.05946230888366699,0.7344046749452154
0.059462547302246094,0.7344777209642075
0.059464216232299805,0.7345507669831994
0.059465646743774414,0.7346238130021914
0.059465646743774414,0.7346968590211833
0.05946660041809082,0.7347699050401754
0.05946755409240723,0.7348429510591673
0.05946850776672363,0.7349159970781592
0.059468746185302734,0.7349890430971512
0.05946946144104004,0.7350620891161431
0.05946993827819824,0.7351351351351352
0.05947136878967285,0.7352081811541271
0.059473276138305664,0.7352812271731191
0.05947470664978027,0.735354273192111
0.05947542190551758,0.735427319211103
0.05947756767272949,0.735500365230095
0.05948042869567871,0.7355734112490869
0.05948162078857422,0.7356464572680789
0.05948185920715332,0.7357195032870708
0.05948591232299805,0.7357925493060629
0.05948638916015625,0.7358655953250548
0.05949068069458008,0.7359386413440467
0.05949234962463379,0.7360116873630387
0.05949282646179199,0.7360847333820307
0.0594942569732666,0.7361577794010227
0.059494733810424805,0.7362308254200146
0.05949592590332031,0.7363038714390066
0.059496164321899414,0.7363769174579985
0.05949878692626953,0.7364499634769905
0.059499502182006836,0.7365230094959825
0.05949997901916504,0.7365960555149744
0.059500932693481445,0.7366691015339664
0.05950212478637695,0.7367421475529584
0.059502601623535156,0.7368151935719504
0.05950474739074707,0.7368882395909423
0.05950665473937988,0.7369612856099342
0.05951213836669922,0.7370343316289262
0.059513092041015625,0.7371073776479182
0.05951428413391113,0.7371804236669102
0.059514522552490234,0.7372534696859021
0.05951714515686035,0.737326515704894
0.05951833724975586,0.7373995617238861
0.05951857566833496,0.737472607742878
0.059525489807128906,0.73754565376187
0.059526920318603516,0.7376186997808619
0.059526920318603516,0.7376917457998539
0.059532880783081055,0.7377647918188459
0.059533119201660156,0.7378378378378379
0.059537649154663086,0.7379108838568298
0.059545040130615234,0.7379839298758217
0.059545040130615234,0.7380569758948138
0.05954909324645996,0.7381300219138057
0.059551239013671875,0.7382030679327977
0.059551239013671875,0.7382761139517896
0.05955338478088379,0.7383491599707815
0.05955910682678223,0.7384222059897736
0.05955934524536133,0.7384952520087655
0.05955982208251953,0.7385682980277575
0.05956006050109863,0.7386413440467494
0.059561729431152344,0.7387143900657415
0.059563398361206055,0.7387874360847334
0.059563636779785156,0.7388604821037253
0.059566497802734375,0.7389335281227173
0.05956768989562988,0.7390065741417092
0.05956912040710449,0.7390796201607013
0.05957150459289551,0.7391526661796932
0.05957436561584473,0.7392257121986852
0.05957674980163574,0.7392987582176771
0.05957674980163574,0.7393718042366692
0.059576988220214844,0.7394448502556611
0.05957937240600586,0.739517896274653
0.059580326080322266,0.739590942293645
0.05958056449890137,0.7396639883126369
0.0595853328704834,0.739737034331629
0.05958962440490723,0.7398100803506209
0.05959010124206543,0.7398831263696128
0.05959010124206543,0.7399561723886048
0.05959057807922363,0.7400292184075968
0.059590816497802734,0.7401022644265888
0.059591054916381836,0.7401753104455807
0.05959463119506836,0.7402483564645727
0.059595346450805664,0.7403214024835646
0.05959653854370117,0.7403944485025566
0.05959677696228027,0.7404674945215486
0.05960273742675781,0.7405405405405405
0.05960726737976074,0.7406135865595325
0.059607744216918945,0.7406866325785245
0.05960822105407715,0.7407596785975165
0.05961036682128906,0.7408327246165084
0.059610843658447266,0.7409057706355003
0.05961108207702637,0.7409788166544923
0.05961465835571289,0.7410518626734843
0.05961489677429199,0.7411249086924763
0.0596165657043457,0.7411979547114682
0.05961799621582031,0.7412710007304602
0.05961942672729492,0.7413440467494522
0.05962014198303223,0.7414170927684441
0.05962347984313965,0.7414901387874361
0.05962395668029785,0.741563184806428
0.05962824821472168,0.74163623082542
0.05963015556335449,0.741709276844412
0.05963563919067383,0.741782322863404
0.05964374542236328,0.7418553688823959
0.05964374542236328,0.7419284149013878
0.05964517593383789,0.7420014609203799
0.0596461296081543,0.7420745069393718
0.05964851379394531,0.7421475529583638
0.05964946746826172,0.7422205989773557
0.059653282165527344,0.7422936449963476
0.05965709686279297,0.7423666910153397
0.05965709686279297,0.7424397370343316
0.05965709686279297,0.7425127830533236
0.05965733528137207,0.7425858290723155
0.05966067314147949,0.7426588750913076
0.059668540954589844,0.7427319211102995
0.05966925621032715,0.7428049671292914
0.05967211723327637,0.7428780131482834
0.05967378616333008,0.7429510591672753
0.05967402458190918,0.7430241051862674
0.059674978256225586,0.7430971512052593
0.059676170349121094,0.7431701972242513
0.0596771240234375,0.7432432432432432
0.05968141555786133,0.7433162892622353
0.059682607650756836,0.7433893352812272
0.05968523025512695,0.7434623813002191
0.05968618392944336,0.7435354273192111
0.05969738960266113,0.743608473338203
0.05970025062561035,0.7436815193571951
0.05970048904418945,0.743754565376187
0.05970311164855957,0.743827611395179
0.059703826904296875,0.7439006574141709
0.05970907211303711,0.7439737034331629
0.05970931053161621,0.7440467494521549
0.059710025787353516,0.7441197954711468
0.05971717834472656,0.7441928414901388
0.05971837043762207,0.7442658875091307
0.05972480773925781,0.7443389335281227
0.05972623825073242,0.7444119795471147
0.05972647666931152,0.7444850255661066
0.05973458290100098,0.7445580715850986
0.05973649024963379,0.7446311176040906
0.05973935127258301,0.7447041636230826
0.05973935127258301,0.7447772096420745
0.05973958969116211,0.7448502556610664
0.05974435806274414,0.7449233016800585
0.059747934341430664,0.7449963476990504
0.059751272201538086,0.7450693937180424
0.059755802154541016,0.7451424397370343
0.05975604057312012,0.7452154857560263
0.05975937843322754,0.7452885317750183
0.05976247787475586,0.7453615777940102
0.05976462364196777,0.7454346238130022
0.05977058410644531,0.7455076698319941
0.059770822525024414,0.7455807158509862
0.05977201461791992,0.7456537618699781
0.059775352478027344,0.7457268078889701
0.05977678298950195,0.745799853907962
0.05977916717529297,0.7458728999269539
0.05977940559387207,0.745945945945946
0.05977988243103027,0.7460189919649379
0.05978202819824219,0.7460920379839299
0.05978846549987793,0.7461650840029218
0.05979561805725098,0.7462381300219139
0.05980062484741211,0.7463111760409058
0.05980396270751953,0.7463842220598977
0.059804439544677734,0.7464572680788897
0.05980563163757324,0.7465303140978816
0.059806108474731445,0.7466033601168737
0.05980849266052246,0.7466764061358656
0.059809207916259766,0.7467494521548576
0.05981040000915527,0.7468224981738495
0.05981254577636719,0.7468955441928415
0.059813737869262695,0.7469685902118335
0.05982518196105957,0.7470416362308254
0.059825897216796875,0.7471146822498174
0.059828758239746094,0.7471877282688093
0.05983567237854004,0.7472607742878014
0.0598599910736084,0.7473338203067933
0.05986166000366211,0.7474068663257852
0.05986285209655762,0.7474799123447772
0.05986309051513672,0.7475529583637692
0.059865713119506836,0.7476260043827612
0.05986666679382324,0.7476990504017531
0.05987095832824707,0.747772096420745
0.05987215042114258,0.747845142439737
0.05987286567687988,0.747918188458729
0.059874534606933594,0.747991234477721
0.05988502502441406,0.7480642804967129
0.059885263442993164,0.7481373265157049
0.05988717079162598,0.7482103725346969
0.05988764762878418,0.7482834185536889
0.0598905086517334,0.7483564645726808
0.05989503860473633,0.7484295105916727
0.05989670753479004,0.7485025566106647
0.059897661209106445,0.7485756026296567
0.05990266799926758,0.7486486486486487
0.059908151626586914,0.7487216946676406
0.05990910530090332,0.7487947406866325
0.05991005897521973,0.7488677867056246
0.05991077423095703,0.7489408327246165
0.05991077423095703,0.7490138787436085
0.059917449951171875,0.7490869247626004
0.05991864204406738,0.7491599707815924
0.0599207878112793,0.7492330168005844
0.05992412567138672,0.7493060628195763
0.059925079345703125,0.7493791088385683
0.05992531776428223,0.7494521548575602
0.05993056297302246,0.7495252008765523
0.05993247032165527,0.7495982468955442
0.05993485450744629,0.7496712929145362
0.059935808181762695,0.7497443389335281
0.059937238693237305,0.74981738495252
0.05993914604187012,0.7498904309715121
0.059943437576293945,0.749963476990504
0.05994367599487305,0.750036523009496
0.05994534492492676,0.7501095690284879
0.05994868278503418,0.75018261504748
0.05995297431945801,0.7502556610664719
0.05995297431945801,0.7503287070854638
0.05995321273803711,0.7504017531044558
0.05995440483093262,0.7504747991234477
0.05995821952819824,0.7505478451424398
0.05995821952819824,0.7506208911614317
0.05995941162109375,0.7506939371804237
0.05997204780578613,0.7507669831994156
0.059972524642944336,0.7508400292184076
0.05997347831726074,0.7509130752373996
0.05997776985168457,0.7509861212563915
0.059981584548950195,0.7510591672753835
0.0599825382232666,0.7511322132943754
0.059983015060424805,0.7512052593133675
0.05998349189758301,0.7512783053323594
0.05998349189758301,0.7513513513513513
0.05998396873474121,0.7514243973703433
0.05998849868774414,0.7514974433893353
0.05998969078063965,0.7515704894083273
0.05999040603637695,0.7516435354273192
0.05999255180358887,0.7517165814463111
0.06000018119812012,0.7517896274653031
0.06000328063964844,0.7518626734842951
0.06000709533691406,0.7519357195032871
0.060010671615600586,0.752008765522279
0.06001138687133789,0.752081811541271
0.06001162528991699,0.752154857560263
0.060014963150024414,0.752227903579255
0.06001567840576172,0.7523009495982469
0.06001687049865723,0.7523739956172388
0.060021400451660156,0.7524470416362308
0.06002306938171387,0.7525200876552228
0.060024261474609375,0.7525931336742148
0.060030460357666016,0.7526661796932067
0.06003403663635254,0.7527392257121986
0.060034751892089844,0.7528122717311907
0.06003689765930176,0.7528853177501826
0.06003713607788086,0.7529583637691746
0.06004595756530762,0.7530314097881665
0.06004905700683594,0.7531044558071585
0.06004929542541504,0.7531775018261505
0.06005144119262695,0.7532505478451424
0.06005287170410156,0.7533235938641344
0.060053110122680664,0.7533966398831263
0.060054779052734375,0.7534696859021184
0.06005573272705078,0.7535427319211103
0.060056447982788086,0.7536157779401023
0.060057878494262695,0.7536888239590942
0.0600581169128418,0.7537618699780861
0.0600583553314209,0.7538349159970782
0.06006503105163574,0.7539079620160701
0.06006503105163574,0.7539810080350621
0.06006741523742676,0.754054054054054
0.06006956100463867,0.7541271000730461
0.06006979942321777,0.754200146092038
0.06007051467895508,0.7542731921110299
0.06007099151611328,0.7543462381300219
0.060071706771850586,0.7544192841490138
0.06007575988769531,0.7544923301680059
0.060077667236328125,0.7545653761869978
0.06008601188659668,0.7546384222059898
0.06009197235107422,0.7547114682249817
0.060094594955444336,0.7547845142439737
0.06009483337402344,0.7548575602629657
0.060096025466918945,0.7549306062819576
0.06009626388549805,0.7550036523009496
0.06009697914123535,0.7550766983199415
0.06010580062866211,0.7551497443389336
0.06010699272155762,0.7552227903579255
0.06010723114013672,0.7552958363769174
0.06010913848876953,0.7553688823959094
0.060112714767456055,0.7554419284149014
0.06011533737182617,0.7555149744338934
0.06011795997619629,0.7555880204528853
0.060118675231933594,0.7556610664718773
0.060120582580566406,0.7557341124908693
0.06012701988220215,0.7558071585098612
0.06012892723083496,0.7558802045288532
0.06012916564941406,0.7559532505478451
0.06013011932373047,0.7560262965668371
0.06013035774230957,0.7560993425858291
0.06013154983520508,0.756172388604821
0.06013345718383789,0.756245434623813
0.06013345718383789,0.7563184806428049
0.060134172439575195,0.756391526661797
0.0601344108581543,0.7564645726807889
0.0601344108581543,0.7565376186997809
0.06013941764831543,0.7566106647187728
0.060140371322631836,0.7566837107377647
0.060141801834106445,0.7567567567567568
0.060144662857055664,0.7568298027757487
0.060147762298583984,0.7569028487947407
0.0601496696472168,0.7569758948137326
0.06015324592590332,0.7570489408327247
0.06015419960021973,0.7571219868517166
0.06015467643737793,0.7571950328707086
0.06015467643737793,0.7572680788897005
0.06015515327453613,0.7573411249086924
0.06015586853027344,0.7574141709276845
0.06016659736633301,0.7574872169466764
0.060167789459228516,0.7575602629656684
0.06016802787780762,0.7576333089846603
0.06016969680786133,0.7577063550036524
0.060172080993652344,0.7577794010226443
0.06017589569091797,0.7578524470416362
0.06017613410949707,0.7579254930606282
0.06017613410949707,0.7579985390796201
0.06017899513244629,0.7580715850986122
0.0601801872253418,0.7581446311176041
0.0601801872253418,0.758217677136596
0.0601804256439209,0.758290723155588
0.06018185615539551,0.75836376917458
0.06018233299255371,0.758436815193572
0.060183048248291016,0.7585098612125639
0.06018686294555664,0.7585829072315559
0.060187578201293945,0.7586559532505478
0.06018948554992676,0.7587289992695398
0.06019330024719238,0.7588020452885318
0.06019926071166992,0.7588750913075237
0.06020641326904297,0.7589481373265157
0.060211181640625,0.7590211833455077
0.06021285057067871,0.7590942293644997
0.06021380424499512,0.7591672753834916
0.060217857360839844,0.7592403214024835
0.06021881103515625,0.7593133674214755
0.06022024154663086,0.7593864134404675
0.06022310256958008,0.7594594594594595
0.060224056243896484,0.7595325054784514
0.060227394104003906,0.7596055514974434
0.06022810935974121,0.7596785975164354
0.06022906303405762,0.7597516435354273
0.06023001670837402,0.7598246895544193
0.060230255126953125,0.7598977355734112
0.06023073196411133,0.7599707815924032
0.06023740768432617,0.7600438276113952
0.06024360656738281,0.7601168736303872
0.06024479866027832,0.7601899196493791
0.06024742126464844,0.760262965668371
0.06024909019470215,0.7603360116873631
0.0602564811706543,0.760409057706355
0.060257673263549805,0.760482103725347
0.06026053428649902,0.7605551497443389
0.06026053428649902,0.7606281957633308
0.06026768684387207,0.7607012417823229
0.06026792526245117,0.7607742878013148
0.06027102470397949,0.7608473338203068
0.0602726936340332,0.7609203798392987
0.06027340888977051,0.7609934258582908
0.06027340888977051,0.7610664718772827
0.060280561447143555,0.7611395178962747
0.06028151512145996,0.7612125639152666
0.06029176712036133,0.7612856099342585
0.06029224395751953,0.7613586559532506
0.06029510498046875,0.7614317019722425
0.060297489166259766,0.7615047479912345
0.06029844284057617,0.7615777940102264
0.06029915809631348,0.7616508400292185
0.06029939651489258,0.7617238860482104
0.06030082702636719,0.7617969320672023
0.060302019119262695,0.7618699780861943
0.060303688049316406,0.7619430241051862
0.06030464172363281,0.7620160701241783
0.06031155586242676,0.7620891161431702
0.06031465530395508,0.7621621621621621
0.06031942367553711,0.7622352081811541
0.060324668884277344,0.7623082542001461
0.06032586097717285,0.7623813002191381
0.06033158302307129,0.76245434623813
0.060333251953125,0.762527392257122
0.06033515930175781,0.7626004382761139
0.06033587455749512,0.762673484295106
0.060338735580444336,0.7627465303140979
0.06034231185913086,0.7628195763330898
0.06034231185913086,0.7628926223520818
0.06034255027770996,0.7629656683710738
0.06035041809082031,0.7630387143900658
0.060350894927978516,0.7631117604090577
0.06035590171813965,0.7631848064280496
0.06035804748535156,0.7632578524470416
0.060361385345458984,0.7633308984660336
0.06036210060119629,0.7634039444850256
0.0603640079498291,0.7634769905040175
0.060367584228515625,0.7635500365230095
0.06037330627441406,0.7636230825420015
0.06037330627441406,0.7636961285609934
0.06037545204162598,0.7637691745799854
0.060381412506103516,0.7638422205989773
0.06038165092468262,0.7639152666179693
0.06038379669189453,0.7639883126369613
0.06038689613342285,0.7640613586559533
0.06038928031921387,0.7641344046749452
0.06039166450500488,0.7642074506939371
0.06039237976074219,0.7642804967129292
0.060399770736694336,0.7643535427319211
0.06040334701538086,0.7644265887509131
0.060404300689697266,0.764499634769905
0.06040525436401367,0.764572680788897
0.060414791107177734,0.764645726807889
0.060419559478759766,0.7647187728268809
0.06041979789733887,0.7647918188458729
0.06042003631591797,0.7648648648648648
0.060420989990234375,0.7649379108838569
0.06042218208312988,0.7650109569028488
0.060426950454711914,0.7650840029218408
0.06042838096618652,0.7651570489408327
0.06043076515197754,0.7652300949598246
0.06043553352355957,0.7653031409788167
0.060437917709350586,0.7653761869978086
0.06043863296508789,0.7654492330168006
0.0604550838470459,0.7655222790357925
0.0604550838470459,0.7655953250547846
0.060456037521362305,0.7656683710737765
0.06046557426452637,0.7657414170927684
0.060469627380371094,0.7658144631117604
0.060478925704956055,0.7658875091307523
0.06047964096069336,0.7659605551497444
0.060480356216430664,0.7660336011687363
0.060483455657958984,0.7661066471877283
0.06048917770385742,0.7661796932067202
0.06048989295959473,0.7662527392257122
0.06049013137817383,0.7663257852447042
0.06049346923828125,0.7663988312636961
0.06049799919128418,0.7664718772826881
0.060498714447021484,0.76654492330168
0.060502052307128906,0.766617969320672
0.06050586700439453,0.766691015339664
0.06051445007324219,0.7667640613586559
0.06051778793334961,0.7668371073776479
0.06051969528198242,0.7669101533966399
0.06052112579345703,0.7669831994156319
0.060523271560668945,0.7670562454346238
0.06052422523498535,0.7671292914536157
0.06052446365356445,0.7672023374726078
0.06052446365356445,0.7672753834915997
0.06052541732788086,0.7673484295105917
0.06052708625793457,0.7674214755295836
0.060529470443725586,0.7674945215485756
0.060532331466674805,0.7675675675675676
0.06053280830383301,0.7676406135865596
0.06053733825683594,0.7677136596055515
0.060543060302734375,0.7677867056245434
0.06054544448852539,0.7678597516435355
0.060549020767211914,0.7679327976625274
0.06055331230163574,0.7680058436815194
0.06055450439453125,0.7680788897005113
0.06055474281311035,0.7681519357195032
0.06056070327758789,0.7682249817384953
0.060563087463378906,0.7682980277574872
0.06056714057922363,0.7683710737764792
0.06057095527648926,0.7684441197954711
0.06057167053222656,0.7685171658144632
0.06057167053222656,0.7685902118334551
0.060575008392333984,0.768663257852447
0.06057596206665039,0.768736303871439
0.0605778694152832,0.7688093498904309
0.06058001518249512,0.768882395909423
0.060587167739868164,0.7689554419284149
0.06059694290161133,0.7690284879474069
0.060602426528930664,0.7691015339663988
0.060606956481933594,0.7691745799853908
0.060613393783569336,0.7692476260043828
0.060616254806518555,0.7693206720233747
0.06061887741088867,0.7693937180423667
0.06062006950378418,0.7694667640613586
0.06062126159667969,0.7695398100803507
0.06062579154968262,0.7696128560993426
0.06062579154968262,0.7696859021183345
0.06062650680541992,0.7697589481373265
0.060628414154052734,0.7698319941563185
0.060628652572631836,0.7699050401753105
0.06063413619995117,0.7699780861943024
0.06063580513000488,0.7700511322132944
0.06064200401306152,0.7701241782322863
0.06064271926879883,0.7701972242512783
0.060643911361694336,0.7702702702702703
0.06064653396606445,0.7703433162892622
0.06064867973327637,0.7704163623082542
0.060649871826171875,0.7704894083272462
0.06065201759338379,0.7705624543462382
0.06065225601196289,0.7706355003652301
0.0606536865234375,0.770708546384222
0.06065678596496582,0.770781592403214
0.06065869331359863,0.770854638422206
0.060660600662231445,0.770927684441198
0.06066250801086426,0.7710007304601899
0.06066465377807617,0.7710737764791818
0.06066489219665527,0.7711468224981739
0.060665130615234375,0.7712198685171658
0.060666799545288086,0.7712929145361578
0.06067228317260742,0.7713659605551497
0.06067228317260742,0.7714390065741417
0.06067609786987305,0.7715120525931337
0.06067657470703125,0.7715850986121257
0.060682058334350586,0.7716581446311176
0.06068706512451172,0.7717311906501095
0.06068897247314453,0.7718042366691016
0.06069040298461914,0.7718772826880935
0.060692548751831055,0.7719503287070855
0.060703277587890625,0.7720233747260774
0.06070995330810547,0.7720964207450693
0.06071162223815918,0.7721694667640614
0.06071209907531738,0.7722425127830533
0.06072378158569336,0.7723155588020453
0.060729265213012695,0.7723886048210372
0.0607297420501709,0.7724616508400293
0.0607304573059082,0.7725346968590212
0.060730695724487305,0.7726077428780131
0.06073284149169922,0.7726807888970051
0.06073498725891113,0.772753834915997
0.06073808670043945,0.7728268809349891
0.06074213981628418,0.772899926953981
0.060753583908081055,0.772972972972973
0.06075549125671387,0.7730460189919649
0.0607607364654541,0.773119065010957
0.06076335906982422,0.7731921110299489
0.060771942138671875,0.7732651570489408
0.06077456474304199,0.7733382030679328
0.0607762336730957,0.7734112490869247
0.060776472091674805,0.7734842951059168
0.060776710510253906,0.7735573411249087
0.06078624725341797,0.7736303871439006
0.06078648567199707,0.7737034331628926
0.06078934669494629,0.7737764791818846
0.06078982353210449,0.7738495252008766
0.0607905387878418,0.7739225712198685
0.06079721450805664,0.7739956172388605
0.060801029205322266,0.7740686632578524
0.06080484390258789,0.7741417092768444
0.06080746650695801,0.7742147552958364
0.06080818176269531,0.7742878013148283
0.060810089111328125,0.7743608473338203
0.06081366539001465,0.7744338933528123
0.060816287994384766,0.7745069393718043
0.06082034111022949,0.7745799853907962
0.0608217716217041,0.7746530314097881
0.060823917388916016,0.7747260774287801
0.06083250045776367,0.7747991234477721
0.06083416938781738,0.7748721694667641
0.06084156036376953,0.774945215485756
0.06084561347961426,0.775018261504748
0.06084799766540527,0.77509130752374
0.06085348129272461,0.7751643535427319
0.06085562705993652,0.7752373995617239
0.06086158752441406,0.7753104455807158
0.06086587905883789,0.7753834915997078
0.06087136268615723,0.7754565376186998
0.06087636947631836,0.7755295836376918
0.06087803840637207,0.7756026296566837
0.060878753662109375,0.7756756756756756
0.06087946891784668,0.7757487216946677
0.06088113784790039,0.7758217677136596
0.060881853103637695,0.7758948137326516
0.06088376045227051,0.7759678597516435
0.06088972091674805,0.7760409057706354
0.06089305877685547,0.7761139517896275
0.06089353561401367,0.7761869978086194
0.06089472770690918,0.7762600438276114
0.06089520454406738,0.7763330898466033
0.06089615821838379,0.7764061358655954
0.060897111892700195,0.7764791818845873
0.06089901924133301,0.7765522279035793
0.06089973449707031,0.7766252739225712
0.060903310775756836,0.7766983199415631
0.060904741287231445,0.7767713659605552
0.060912370681762695,0.7768444119795471
0.060924530029296875,0.7769174579985391
0.060925960540771484,0.776990504017531
0.0609288215637207,0.777063550036523
0.06092977523803711,0.777136596055515
0.06093025207519531,0.7772096420745069
0.06093287467956543,0.7772826880934989
0.060942649841308594,0.7773557341124908
0.06094527244567871,0.7774287801314829
0.060959815979003906,0.7775018261504748
0.06096363067626953,0.7775748721694667
0.060964345932006836,0.7776479181884587
0.06096506118774414,0.7777209642074507
0.060967206954956055,0.7777940102264427
0.06097722053527832,0.7778670562454346
0.06097865104675293,0.7779401022644266
0.06097984313964844,0.7780131482834185
0.06099343299865723,0.7780861943024105
0.06099653244018555,0.7781592403214025
0.06099867820739746,0.7782322863403944
0.06099891662597656,0.7783053323593864
0.060999155044555664,0.7783783783783784
0.06101059913635254,0.7784514243973704
0.06101202964782715,0.7785244704163623
0.06101512908935547,0.7785975164353542
0.06101703643798828,0.7786705624543463
0.06101727485656738,0.7787436084733382
0.061018943786621094,0.7788166544923302
0.061019182205200195,0.7788897005113221
0.0610201358795166,0.778962746530314
0.06102323532104492,0.7790357925493061
0.06102561950683594,0.779108838568298
0.061026811599731445,0.77918188458729
0.061031341552734375,0.7792549306062819
0.06103157997131348,0.779327976625274
0.06103324890136719,0.7794010226442659
0.0610346794128418,0.7794740686632579
0.061036109924316406,0.7795471146822498
0.061037302017211914,0.7796201607012417
0.061041831970214844,0.7796932067202338
0.06104254722595215,0.7797662527392257
0.06104564666748047,0.7798392987582177
0.06104683876037598,0.7799123447772096
0.0610504150390625,0.7799853907962017
0.06105303764343262,0.7800584368151936
0.06105351448059082,0.7801314828341855
0.06105613708496094,0.7802045288531775
0.061058759689331055,0.7802775748721694
0.06107282638549805,0.7803506208911615
0.061074018478393555,0.7804236669101534
0.06107449531555176,0.7804967129291454
0.06107640266418457,0.7805697589481373
0.061080217361450195,0.7806428049671293
0.06108212471008301,0.7807158509861213
0.06108355522155762,0.7807888970051132
0.06108355522155762,0.7808619430241052
0.061086416244506836,0.7809349890430971
0.06109189987182617,0.7810080350620892
0.061095476150512695,0.7810810810810811
0.06109905242919922,0.781154127100073
0.061104536056518555,0.781227173119065
0.06110882759094238,0.781300219138057
0.061110734939575195,0.781373265157049
0.0611109733581543,0.7814463111760409
0.06111335754394531,0.7815193571950328
0.06111860275268555,0.7815924032140248
0.06111931800842285,0.7816654492330168
0.06112074851989746,0.7817384952520088
0.06112480163574219,0.7818115412710007
0.061125993728637695,0.7818845872899927
0.06113290786743164,0.7819576333089847
0.06113719940185547,0.7820306793279767
0.061141014099121094,0.7821037253469686
0.06114339828491211,0.7821767713659605
0.06114363670349121,0.7822498173849525
0.06114506721496582,0.7823228634039445
0.06114530563354492,0.7823959094229365
0.06114840507507324,0.7824689554419284
0.06114912033081055,0.7825420014609203
0.06115221977233887,0.7826150474799124
0.06115579605102539,0.7826880934989043
0.061157941818237305,0.7827611395178963
0.06116461753845215,0.7828341855368882
0.06116676330566406,0.7829072315558802
0.06116986274719238,0.7829802775748722
0.0611724853515625,0.7830533235938641
0.06117725372314453,0.7831263696128561
0.06117844581604004,0.783199415631848
0.06117963790893555,0.7832724616508401
0.06118011474609375,0.783345507669832
0.06118488311767578,0.783418553688824
0.061186790466308594,0.7834915997078159
0.061194658279418945,0.7835646457268078
0.061194658279418945,0.7836376917457999
0.06119537353515625,0.7837107377647918
0.06119966506958008,0.7837837837837838
0.06120038032531738,0.7838568298027757
0.06120872497558594,0.7839298758217678
0.061211347579956055,0.7840029218407597
0.061211585998535156,0.7840759678597516
0.061216115951538086,0.7841490138787436
0.06121659278869629,0.7842220598977355
0.061220645904541016,0.7842951059167276
0.06122183799743652,0.7843681519357195
0.06122326850891113,0.7844411979547115
0.06122541427612305,0.7845142439737034
0.06122899055480957,0.7845872899926954
0.06122922897338867,0.7846603360116874
0.06123185157775879,0.7847333820306793
0.0612335205078125,0.7848064280496713
0.0612337589263916,0.7848794740686632
0.06123518943786621,0.7849525200876553
0.06123805046081543,0.7850255661066472
0.06124138832092285,0.7850986121256391
0.061242103576660156,0.7851716581446311
0.06125068664550781,0.7852447041636231
0.06125283241271973,0.7853177501826151
0.06125354766845703,0.785390796201607
0.06125593185424805,0.785463842220599
0.06126093864440918,0.7855368882395909
0.061261653900146484,0.7856099342585829
0.0612637996673584,0.7856829802775749
0.0612642765045166,0.7857560262965668
0.06126832962036133,0.7858290723155588
0.06126856803894043,0.7859021183345508
0.06127166748046875,0.7859751643535428
0.061275482177734375,0.7860482103725347
0.06127572059631348,0.7861212563915266
0.061284780502319336,0.7861943024105186
0.061284780502319336,0.7862673484295106
0.06129288673400879,0.7863403944485026
0.06129288673400879,0.7864134404674945
0.06129336357116699,0.7864864864864864
0.0612940788269043,0.7865595325054785
0.06129622459411621,0.7866325785244704
0.06129860877990723,0.7867056245434624
0.061304330825805664,0.7867786705624543
0.06130504608154297,0.7868517165814463
0.06130528450012207,0.7869247626004383
0.06130552291870117,0.7869978086194303
0.061305999755859375,0.7870708546384222
0.06130695343017578,0.7871439006574141
0.0613102912902832,0.7872169466764062
0.06131148338317871,0.7872899926953981
0.061312198638916016,0.7873630387143901
0.06131315231323242,0.787436084733382
0.061313629150390625,0.7875091307523739
0.061321258544921875,0.787582176771366
0.061322689056396484,0.7876552227903579
0.061331987380981445,0.7877282688093499
0.06133699417114258,0.7878013148283418
0.06134033203125,0.7878743608473339
0.06134200096130371,0.7879474068663258
0.06134533882141113,0.7880204528853177
0.06134819984436035,0.7880934989043097
0.06135296821594238,0.7881665449233016
0.061353206634521484,0.7882395909422937
0.06136298179626465,0.7883126369612856
0.06136488914489746,0.7883856829802776
0.061368465423583984,0.7884587289992695
0.06137204170227051,0.7885317750182615
0.06137228012084961,0.7886048210372535
0.06137537956237793,0.7886778670562454
0.06137537956237793,0.7887509130752374
0.06137681007385254,0.7888239590942293
0.06138014793395996,0.7888970051132214
0.06138157844543457,0.7889700511322133
0.0613865852355957,0.7890430971512052
0.061386823654174805,0.7891161431701972
0.06138753890991211,0.7891891891891892
0.06139063835144043,0.7892622352081812
0.061394691467285156,0.7893352812271731
0.06139993667602539,0.789408327246165
0.0614008903503418,0.789481373265157
0.061405181884765625,0.789554419284149
0.061408281326293945,0.789627465303141
0.06141233444213867,0.7897005113221329
0.06141543388366699,0.7897735573411249
0.061417341232299805,0.7898466033601169
0.06141805648803711,0.7899196493791089
0.06142568588256836,0.7899926953981008
0.061426401138305664,0.7900657414170927
0.061431169509887695,0.7901387874360848
0.061435699462890625,0.7902118334550767
0.061435699462890625,0.7902848794740687
0.06144237518310547,0.7903579254930606
0.06144380569458008,0.7904309715120525
0.06144428253173828,0.7905040175310446
0.061449289321899414,0.7905770635500365
0.061449527740478516,0.7906501095690285
0.06145071983337402,0.7907231555880204
0.061452627182006836,0.7907962016070125
0.06145286560058594,0.7908692476260044
0.061453819274902344,0.7909422936449964
0.061456918716430664,0.7910153396639883
0.06145977973937988,0.7910883856829802
0.06146407127380371,0.7911614317019723
0.06146955490112305,0.7912344777209642
0.06147170066833496,0.7913075237399562
0.06147193908691406,0.7913805697589481
0.06147193908691406,0.7914536157779402
0.06147503852844238,0.7915266617969321
0.0614774227142334,0.791599707815924
0.0614774227142334,0.791672753834916
0.0614774227142334,0.7917457998539079
0.061478614807128906,0.7918188458729
0.06148171424865723,0.7918918918918919
0.06148266792297363,0.7919649379108838
0.061486005783081055,0.7920379839298758
0.06148791313171387,0.7921110299488678
0.06148815155029297,0.7921840759678598
0.0614933967590332,0.7922571219868517
0.06150317192077637,0.7923301680058437
0.06150364875793457,0.7924032140248356
0.06150460243225098,0.7924762600438277
0.061506032943725586,0.7925493060628196
0.0615084171295166,0.7926223520818115
0.06150960922241211,0.7926953981008035
0.06151294708251953,0.7927684441197955
0.061513423919677734,0.7928414901387875
0.061521053314208984,0.7929145361577794
0.06153368949890137,0.7929875821767713
0.06154060363769531,0.7930606281957633
0.06154489517211914,0.7931336742147553
0.061545372009277344,0.7932067202337473
0.06154680252075195,0.7932797662527392
0.061551570892333984,0.7933528122717312
0.06155514717102051,0.7934258582907232
0.06155967712402344,0.7934989043097151
0.061560630798339844,0.7935719503287071
0.06156110763549805,0.793644996347699
0.06156206130981445,0.793718042366691
0.06156277656555176,0.793791088385683
0.06156659126281738,0.793864134404675
0.06157350540161133,0.7939371804236669
0.06157398223876953,0.7940102264426588
0.06157422065734863,0.7940832724616509
0.06157827377319336,0.7941563184806428
0.06158089637756348,0.7942293644996348
0.061582326889038086,0.7943024105186267
0.06158304214477539,0.7943754565376187
0.06158328056335449,0.7944485025566107
0.0615842342376709,0.7945215485756026
0.06158900260925293,0.7945945945945946
0.06160330772399902,0.7946676406135865
0.06162142753601074,0.7947406866325786
0.061624765396118164,0.7948137326515705
0.06162524223327637,0.7948867786705625
0.06162667274475098,0.7949598246895544
0.06163430213928223,0.7950328707085463
0.06163620948791504,0.7951059167275384
0.06164264678955078,0.7951789627465303
0.061643362045288086,0.7952520087655223
0.061644554138183594,0.7953250547845142
0.061646223068237305,0.7953981008035063
0.06164669990539551,0.7954711468224982
0.06164884567260742,0.7955441928414901
0.06165432929992676,0.7956172388604821
0.061659812927246094,0.795690284879474
0.06166720390319824,0.7957633308984661
0.061667442321777344,0.795836376917458
0.06167030334472656,0.79590942293645
0.06167173385620117,0.7959824689554419
0.061673879623413086,0.7960555149744339
0.061673879623413086,0.7961285609934259
0.06167435646057129,0.7962016070124178
0.061676025390625,0.7962746530314098
0.061678409576416016,0.7963476990504017
0.061686038970947266,0.7964207450693938
0.06168842315673828,0.7964937910883857
0.061691999435424805,0.7965668371073776
0.06169438362121582,0.7966398831263696
0.06169700622558594,0.7967129291453616
0.06169748306274414,0.7967859751643536
0.06170296669006348,0.7968590211833455
0.061704158782958984,0.7969320672023374
0.061705589294433594,0.7970051132213294
0.061707258224487305,0.7970781592403214
0.061712026596069336,0.7971512052593134
0.061716556549072266,0.7972242512783053
0.061727285385131836,0.7972972972972973
0.0617365837097168,0.7973703433162893
0.06174111366271973,0.7974433893352812
0.06174325942993164,0.7975164353542732
0.06174659729003906,0.7975894813732651
0.06174731254577637,0.7976625273922571
0.06174755096435547,0.7977355734112491
0.06174826622009277,0.7978086194302411
0.06174969673156738,0.797881665449233
0.061750173568725586,0.7979547114682249
0.0617525577545166,0.798027757487217
0.061758995056152344,0.7981008035062089
0.06176328659057617,0.7981738495252009
0.0617671012878418,0.7982468955441928
0.061769962310791016,0.7983199415631848
0.06177258491516113,0.7983929875821768
0.06177401542663574,0.7984660336011687
0.06178450584411621,0.7985390796201607
0.06178569793701172,0.7986121256391526
0.06178879737854004,0.7986851716581447
0.06179237365722656,0.7987582176771366
0.06179523468017578,0.7988312636961286
0.06179547309875488,0.7989043097151205
0.06180429458618164,0.7989773557341124
0.061808109283447266,0.7990504017531045
0.06180930137634277,0.7991234477720964
0.06181144714355469,0.7991964937910884
0.06181955337524414,0.7992695398100803
0.061823368072509766,0.7993425858290724
0.061826467514038086,0.7994156318480643
0.0618288516998291,0.7994886778670562
0.06183028221130371,0.7995617238860482
0.06183123588562012,0.7996347699050401
0.06183481216430664,0.7997078159240322
0.061841487884521484,0.7997808619430241
0.061852455139160156,0.799853907962016
0.061853885650634766,0.799926953981008
0.06185436248779297,0.8
0.06185626983642578,0.800073046018992
0.061867713928222656,0.8001460920379839
0.06186819076538086,0.8002191380569759
0.06187939643859863,0.8002921840759678
0.06188178062438965,0.8003652300949599
0.06188631057739258,0.8004382761139518
0.061887502670288086,0.8005113221329437
0.06189370155334473,0.8005843681519357
0.06189393997192383,0.8006574141709277
0.061895132064819336,0.8007304601899197
0.06189751625061035,0.8008035062089116
0.06189751625061035,0.8008765522279035
0.06190085411071777,0.8009495982468955
0.06190347671508789,0.8010226442658875
0.0619046688079834,0.8010956902848795
0.06190633773803711,0.8011687363038714
0.061916351318359375,0.8012417823228634
0.06191897392272949,0.8013148283418554
0.06192159652709961,0.8013878743608474
0.06192731857299805,0.8014609203798393
0.061944007873535156,0.8015339663988312
0.06194663047790527,0.8016070124178233
0.061955928802490234,0.8016800584368152
0.06195807456970215,0.8017531044558072
0.06195878982543945,0.8018261504747991
0.06195950508117676,0.801899196493791
0.06195950508117676,0.8019722425127831
0.06195974349975586,0.802045288531775
0.06196284294128418,0.802118334550767
0.0619657039642334,0.8021913805697589
0.061966657638549805,0.802264426588751
0.061966896057128906,0.8023374726077429
0.061971426010131836,0.8024105186267348
0.06197166442871094,0.8024835646457268
0.06197667121887207,0.8025566106647187
0.06197953224182129,0.8026296566837108
0.0619816780090332,0.8027027027027027
0.06198239326477051,0.8027757487216947
0.06198287010192871,0.8028487947406866
0.06198382377624512,0.8029218407596787
0.06198477745056152,0.8029948867786706
0.06198525428771973,0.8030679327976625
0.061986446380615234,0.8031409788166545
0.06199789047241211,0.8032140248356464
0.06199836730957031,0.8032870708546385
0.062003374099731445,0.8033601168736304
0.062006235122680664,0.8034331628926223
0.062011003494262695,0.8035062089116143
0.06201744079589844,0.8035792549306063
0.06201910972595215,0.8036523009495983
0.06201982498168945,0.8037253469685902
0.06202292442321777,0.8037983929875822
0.06202411651611328,0.8038714390065741
0.0620267391204834,0.8039444850255661
0.06202888488769531,0.8040175310445581
0.06203126907348633,0.80409057706355
0.06203579902648926,0.804163623082542
0.062038421630859375,0.804236669101534
0.06204056739807129,0.804309715120526
0.06204104423522949,0.8043827611395179
0.062043190002441406,0.8044558071585098
0.062044382095336914,0.8045288531775018
0.06205129623413086,0.8046018991964938
0.06205606460571289,0.8046749452154858
0.06206226348876953,0.8047479912344777
0.06206321716308594,0.8048210372534697
0.06206393241882324,0.8048940832724617
0.06206965446472168,0.8049671292914536
0.06207680702209473,0.8050401753104456
0.06207847595214844,0.8051132213294375
0.06207847595214844,0.8051862673484295
0.062079429626464844,0.8052593133674215
0.06208205223083496,0.8053323593864135
0.06208229064941406,0.8054054054054054
0.06208372116088867,0.8054784514243973
0.06208920478820801,0.8055514974433894
0.06208968162536621,0.8056245434623813
0.06209397315979004,0.8056975894813733
0.06211447715759277,0.8057706355003652
0.062119483947753906,0.8058436815193571
0.06211972236633301,0.8059167275383492
0.06211996078491211,0.8059897735573411
0.06212043762207031,0.8060628195763331
0.062124013900756836,0.806135865595325
0.06212496757507324,0.8062089116143171
0.062128305435180664,0.806281957633309
0.062129974365234375,0.806355003652301
0.06213045120239258,0.8064280496712929
0.06213045120239258,0.8065010956902848
0.0621335506439209,0.8065741417092769
0.06213688850402832,0.8066471877282688
0.06213879585266113,0.8067202337472608
0.0621488094329834,0.8067932797662527
0.06215167045593262,0.8068663257852448
0.06215333938598633,0.8069393718042367
0.06215500831604004,0.8070124178232286
0.062157392501831055,0.8070854638422206
0.06215977668762207,0.8071585098612125
0.06216239929199219,0.8072315558802046
0.06216573715209961,0.8073046018991965
0.06216621398925781,0.8073776479181884
0.06216835975646973,0.8074506939371804
0.06217455863952637,0.8075237399561724
0.06217479705810547,0.8075967859751644
0.06217646598815918,0.8076698319941563
0.06218099594116211,0.8077428780131483
0.06218528747558594,0.8078159240321402
0.062187910079956055,0.8078889700511322
0.06219315528869629,0.8079620160701242
0.062195777893066406,0.8080350620891161
0.062196969985961914,0.8081081081081081
0.06219840049743652,0.8081811541271001
0.06220436096191406,0.8082542001460921
0.06220436096191406,0.808327246165084
0.06220507621765137,0.8084002921840759
0.06220507621765137,0.8084733382030679
0.06221175193786621,0.8085463842220599
0.06221723556518555,0.8086194302410519
0.06221961975097656,0.8086924762600438
0.06222057342529297,0.8087655222790358
0.062221527099609375,0.8088385682980278
0.06222724914550781,0.8089116143170197
0.062233686447143555,0.8089846603360117
0.06224536895751953,0.8090577063550036
0.06224703788757324,0.8091307523739956
0.062247276306152344,0.8092037983929876
0.062250375747680664,0.8092768444119796
0.06225085258483887,0.8093498904309715
0.06225085258483887,0.8094229364499634
0.06225180625915527,0.8094959824689555
0.06225395202636719,0.8095690284879474
0.06225395202636719,0.8096420745069394
0.062254905700683594,0.8097151205259313
0.06225752830505371,0.8097881665449232
0.06225848197937012,0.8098612125639153
0.062261343002319336,0.8099342585829072
0.062262773513793945,0.8100073046018992
0.062264204025268555,0.8100803506208911
0.062278032302856445,0.8101533966398832
0.06227850914001465,0.8102264426588751
0.062282562255859375,0.810299488677867
0.06228446960449219,0.810372534696859
0.06228899955749512,0.8104455807158509
0.06230282783508301,0.810518626734843
0.062304019927978516,0.8105916727538349
0.06230616569519043,0.8106647187728269
0.062314748764038086,0.8107377647918188
0.062325477600097656,0.8108108108108109
0.0623321533203125,0.8108838568298028
0.062334537506103516,0.8109569028487947
0.06233525276184082,0.8110299488677867
0.06233620643615723,0.8111029948867786
0.06234002113342285,0.8111760409057707
0.06234145164489746,0.8112490869247626
0.06234335899353027,0.8113221329437545
0.062345027923583984,0.8113951789627465
0.06235146522521973,0.8114682249817385
0.06235480308532715,0.8115412710007305
0.062355756759643555,0.8116143170197224
0.06235623359680176,0.8116873630387144
0.062357425689697266,0.8117604090577063
0.062361955642700195,0.8118334550766984
0.0623629093170166,0.8119065010956903
0.062364816665649414,0.8119795471146822
0.06236600875854492,0.8120525931336742
0.06236672401428223,0.8121256391526662
0.062367916107177734,0.8121986851716582
0.062371015548706055,0.8122717311906501
0.062372446060180664,0.812344777209642
0.062375545501708984,0.812417823228634
0.06237602233886719,0.812490869247626
0.06238222122192383,0.812563915266618
0.06238293647766113,0.8126369612856099
0.06238675117492676,0.8127100073046019
0.06238865852355957,0.8127830533235939
0.06239748001098633,0.8128560993425858
0.06239771842956543,0.8129291453615778
0.06239962577819824,0.8130021913805697
0.06240224838256836,0.8130752373995618
0.06240272521972656,0.8131482834185537
0.06240415573120117,0.8132213294375457
0.06240487098693848,0.8132943754565376
0.06240582466125488,0.8133674214755295
0.062408447265625,0.8134404674945216
0.06241250038146973,0.8135135135135135
0.06241416931152344,0.8135865595325055
0.06241798400878906,0.8136596055514974
0.06242036819458008,0.8137326515704895
0.0624239444732666,0.8138056975894814
0.06242823600769043,0.8138787436084733
0.0624392032623291,0.8139517896274653
0.06244230270385742,0.8140248356464572
0.06244468688964844,0.8140978816654493
0.06244635581970215,0.8141709276844412
0.06244659423828125,0.8142439737034332
0.062448978424072266,0.8143170197224251
0.06244921684265137,0.8143900657414171
0.06244993209838867,0.8144631117604091
0.06245064735412598,0.814536157779401
0.0624544620513916,0.814609203798393
0.06246447563171387,0.8146822498173849
0.06246757507324219,0.814755295836377
0.06246781349182129,0.8148283418553689
0.06247115135192871,0.8149013878743608
0.06247353553771973,0.8149744338933528
0.062480926513671875,0.8150474799123448
0.06248164176940918,0.8151205259313368
0.062482357025146484,0.8151935719503287
0.06248354911804199,0.8152666179693207
0.062484025955200195,0.8153396639883126
0.06248760223388672,0.8154127100073046
0.06248807907104492,0.8154857560262966
0.06249046325683594,0.8155588020452885
0.062491416931152344,0.8156318480642805
0.06249594688415527,0.8157048940832725
0.06249737739562988,0.8157779401022645
0.062497854232788086,0.8158509861212564
0.0625002384185791,0.8159240321402483
0.0625007152557373,0.8159970781592403
0.06250119209289551,0.8160701241782323
0.06250500679016113,0.8161431701972243
0.06250739097595215,0.8162162162162162
0.0625143051147461,0.8162892622352081
0.0625157356262207,0.8163623082542002
0.0625312328338623,0.8164353542731921
0.06253433227539062,0.8165084002921841
0.06253433227539062,0.816581446311176
0.06253504753112793,0.816654492330168
0.06253600120544434,0.81672753834916
0.06253623962402344,0.816800584368152
0.06254148483276367,0.8168736303871439
0.06254243850708008,0.8169466764061358
0.06254839897155762,0.8170197224251279
0.0625607967376709,0.8170927684441198
0.06256389617919922,0.8171658144631118
0.06256699562072754,0.8172388604821037
0.06257033348083496,0.8173119065010956
0.06257224082946777,0.8173849525200877
0.06257438659667969,0.8174579985390796
0.0625760555267334,0.8175310445580716
0.06257796287536621,0.8176040905770635
0.06257820129394531,0.8176771365960556
0.06257939338684082,0.8177501826150475
0.06258249282836914,0.8178232286340394
0.06258440017700195,0.8178962746530314
0.06258583068847656,0.8179693206720233
0.06258726119995117,0.8180423666910154
0.06259369850158691,0.8181154127100073
0.06259512901306152,0.8181884587289993
0.06259703636169434,0.8182615047479912
0.06259727478027344,0.8183345507669832
0.06259822845458984,0.8184075967859752
0.0626063346862793,0.8184806428049671
0.06261324882507324,0.8185536888239591
0.06261372566223145,0.818626734842951
0.06261634826660156,0.8186997808619431
0.06261706352233887,0.818772826880935
0.06262993812561035,0.8188458728999269
0.0626370906829834,0.8189189189189189
0.06264257431030273,0.8189919649379109
0.06264805793762207,0.8190650109569029
0.06264877319335938,0.8191380569758948
0.06265044212341309,0.8192111029948868
0.06265115737915039,0.8192841490138787
0.06265473365783691,0.8193571950328707
0.06265521049499512,0.8194302410518627
0.06265640258789062,0.8195032870708546
0.06265926361083984,0.8195763330898466
0.06266164779663086,0.8196493791088386
0.06267285346984863,0.8197224251278306
0.06267929077148438,0.8197954711468225
0.06269383430480957,0.8198685171658144
0.06270194053649902,0.8199415631848064
0.06271147727966309,0.8200146092037984
0.06271672248840332,0.8200876552227904
0.06271815299987793,0.8201607012417823
0.06272006034851074,0.8202337472607742
0.06272244453430176,0.8203067932797663
0.06272745132446289,0.8203798392987582
0.0627286434173584,0.8204528853177502
0.06273198127746582,0.8205259313367421
0.06273317337036133,0.8205989773557341
0.06273365020751953,0.8206720233747261
0.06274271011352539,0.820745069393718
0.0627446174621582,0.82081811541271
0.06274652481079102,0.8208911614317019
0.06275010108947754,0.820964207450694
0.06275153160095215,0.8210372534696859
0.06275415420532227,0.8211102994886779
0.0627586841583252,0.8211833455076698
0.06276106834411621,0.8212563915266617
0.06276106834411621,0.8213294375456538
0.06276702880859375,0.8214024835646457
0.06276726722717285,0.8214755295836377
0.06277084350585938,0.8215485756026296
0.0627741813659668,0.8216216216216217
0.06278848648071289,0.8216946676406136
0.0627892017364502,0.8217677136596055
0.0627906322479248,0.8218407596785975
0.06279420852661133,0.8219138056975894
0.06279468536376953,0.8219868517165815
0.06280207633972168,0.8220598977355734
0.06280303001403809,0.8221329437545654
0.06280303001403809,0.8222059897735573
0.06281065940856934,0.8222790357925494
0.06281733512878418,0.8223520818115413
0.0628209114074707,0.8224251278305332
0.06282639503479004,0.8224981738495252
0.06282734870910645,0.8225712198685171
0.06283068656921387,0.8226442658875092
0.06283307075500488,0.8227173119065011
0.06283855438232422,0.822790357925493
0.06284284591674805,0.822863403944485
0.06284451484680176,0.822936449963477
0.06284832954406738,0.823009495982469
0.06284856796264648,0.8230825420014609
0.06285238265991211,0.8231555880204529
0.06285762786865234,0.8232286340394448
0.06285858154296875,0.8233016800584368
0.06285953521728516,0.8233747260774288
0.06286048889160156,0.8234477720964207
0.06286454200744629,0.8235208181154127
0.0628671646118164,0.8235938641344047
0.06286859512329102,0.8236669101533967
0.06286883354187012,0.8237399561723886
0.06287121772766113,0.8238130021913805
0.06287837028503418,0.8238860482103726
0.0628805160522461,0.8239590942293645
0.06288337707519531,0.8240321402483565
0.06288647651672363,0.8241051862673484
0.06288695335388184,0.8241782322863404
0.06288933753967285,0.8242512783053324
0.06289482116699219,0.8243243243243243
0.06289982795715332,0.8243973703433163
0.06290936470031738,0.8244704163623082
0.06291031837463379,0.8245434623813003
0.06291604042053223,0.8246165084002922
0.06291675567626953,0.8246895544192842
0.06291937828063965,0.8247626004382761
0.06292414665222168,0.824835646457268
0.06292486190795898,0.8249086924762601
0.06293487548828125,0.824981738495252
0.06293487548828125,0.825054784514244
0.06293582916259766,0.8251278305332359
0.06294727325439453,0.825200876552228
0.06294727325439453,0.8252739225712199
0.06295132637023926,0.8253469685902118
0.06295251846313477,0.8254200146092038
0.06295561790466309,0.8254930606281957
0.06295967102050781,0.8255661066471878
0.06296253204345703,0.8256391526661797
0.06296372413635254,0.8257121986851716
0.06297087669372559,0.8257852447041636
0.0629723072052002,0.8258582907231556
0.06297445297241211,0.8259313367421476
0.06297540664672852,0.8260043827611395
0.06297922134399414,0.8260774287801315
0.06298398971557617,0.8261504747991234
0.06298589706420898,0.8262235208181155
0.06298828125,0.8262965668371074
0.06301164627075195,0.8263696128560993
0.06301188468933105,0.8264426588750913
0.06302118301391602,0.8265157048940833
0.06302261352539062,0.8265887509130753
0.06302857398986816,0.8266617969320672
0.06303167343139648,0.8267348429510591
0.0630347728729248,0.8268078889700511
0.06303644180297852,0.8268809349890431
0.06304335594177246,0.8269539810080351
0.06304383277893066,0.827027027027027
0.06304597854614258,0.827100073046019
0.06305432319641113,0.827173119065011
0.06305480003356934,0.827246165084003
0.06305575370788574,0.8273192111029949
0.06305837631225586,0.8273922571219868
0.06305909156799316,0.8274653031409788
0.06306004524230957,0.8275383491599708
0.06306028366088867,0.8276113951789628
0.06307244300842285,0.8276844411979547
0.06307601928710938,0.8277574872169466
0.06307721138000488,0.8278305332359387
0.0630791187286377,0.8279035792549306
0.06308102607727051,0.8279766252739226
0.06308293342590332,0.8280496712929145
0.06308841705322266,0.8281227173119065
0.06308984756469727,0.8281957633308985
0.06309199333190918,0.8282688093498904
0.06309318542480469,0.8283418553688824
0.06309628486633301,0.8284149013878743
0.06310009956359863,0.8284879474068664
0.06310248374938965,0.8285609934258583
0.06310462951660156,0.8286340394448503
0.06310582160949707,0.8287070854638422
0.0631096363067627,0.8287801314828341
0.06311154365539551,0.8288531775018262
0.06311535835266113,0.8289262235208181
0.06311774253845215,0.8289992695398101
0.06312203407287598,0.829072315558802
0.06312441825866699,0.8291453615777941
0.06312942504882812,0.829218407596786
0.06313538551330566,0.8292914536157779
0.06313562393188477,0.8293644996347699
0.06313610076904297,0.8294375456537618
0.0631401538848877,0.8295105916727539
0.0631418228149414,0.8295836376917458
0.06314229965209961,0.8296566837107378
0.06314516067504883,0.8297297297297297
0.06315088272094727,0.8298027757487217
0.06315207481384277,0.8298758217677137
0.06315445899963379,0.8299488677867056
0.06316399574279785,0.8300219138056976
0.06316566467285156,0.8300949598246895
0.06316947937011719,0.8301680058436816
0.06317496299743652,0.8302410518626735
0.06317925453186035,0.8303140978816654
0.06318259239196777,0.8303871439006574
0.06318426132202148,0.8304601899196494
0.06318926811218262,0.8305332359386414
0.06319713592529297,0.8306062819576333
0.0632028579711914,0.8306793279766252
0.06320738792419434,0.8307523739956172
0.06321120262145996,0.8308254200146092
0.06321477890014648,0.8308984660336012
0.0632171630859375,0.8309715120525931
0.0632178783416748,0.8310445580715851
0.06323504447937012,0.8311176040905771
0.06323885917663574,0.831190650109569
0.06324005126953125,0.831263696128561
0.06324052810668945,0.8313367421475529
0.06324434280395508,0.8314097881665449
0.06324577331542969,0.8314828341855369
0.06326031684875488,0.8315558802045289
0.06326055526733398,0.8316289262235208
0.06326127052307129,0.8317019722425127
0.06326651573181152,0.8317750182615048
0.06327557563781738,0.8318480642804967
0.06328010559082031,0.8319211102994887
0.06328392028808594,0.8319941563184806
0.06328392028808594,0.8320672023374726
0.06328654289245605,0.8321402483564646
0.06328773498535156,0.8322132943754565
0.06328892707824707,0.8322863403944485
0.0632936954498291,0.8323593864134404
0.0632936954498291,0.8324324324324325
0.06329894065856934,0.8325054784514244
0.06329989433288574,0.8325785244704164
0.06330156326293945,0.8326515704894083
0.06330370903015137,0.8327246165084002
0.06330752372741699,0.8327976625273923
0.06331300735473633,0.8328707085463842
0.06331539154052734,0.8329437545653762
0.06331777572631836,0.8330168005843681
0.06332850456237793,0.8330898466033602
0.06333351135253906,0.8331628926223521
0.06333470344543457,0.833235938641344
0.0633382797241211,0.833308984660336
0.0633382797241211,0.8333820306793279
0.06334066390991211,0.83345507669832
0.06334090232849121,0.8335281227173119
0.06334471702575684,0.8336011687363039
0.06334805488586426,0.8336742147552958
0.06334829330444336,0.8337472607742878
0.06335163116455078,0.8338203067932798
0.06335258483886719,0.8338933528122717
0.06335759162902832,0.8339663988312637
0.06335902214050293,0.8340394448502556
0.06336164474487305,0.8341124908692477
0.06336188316345215,0.8341855368882396
0.06336379051208496,0.8342585829072315
0.06337356567382812,0.8343316289262235
0.06337356567382812,0.8344046749452155
0.06337451934814453,0.8344777209642075
0.06337690353393555,0.8345507669831994
0.06337714195251465,0.8346238130021914
0.06338119506835938,0.8346968590211833
0.06339192390441895,0.8347699050401753
0.06339216232299805,0.8348429510591673
0.06339740753173828,0.8349159970781592
0.06342291831970215,0.8349890430971512
0.06342411041259766,0.8350620891161432
0.06343317031860352,0.8351351351351352
0.06343650817871094,0.8352081811541271
0.06344270706176758,0.835281227173119
0.0634453296661377,0.8353542731921111
0.0634465217590332,0.835427319211103
0.06345796585083008,0.835500365230095
0.06346440315246582,0.8355734112490869
0.06346487998962402,0.8356464572680788
0.06346893310546875,0.8357195032870709
0.06347107887268066,0.8357925493060628
0.06347393989562988,0.8358655953250548
0.06347465515136719,0.8359386413440467
0.06347846984863281,0.8360116873630388
0.06348395347595215,0.8360847333820307
0.06348633766174316,0.8361577794010226
0.06348705291748047,0.8362308254200146
0.0634927749633789,0.8363038714390065
0.06349968910217285,0.8363769174579986
0.06350278854370117,0.8364499634769905
0.06350326538085938,0.8365230094959825
0.0635068416595459,0.8365960555149744
0.0635080337524414,0.8366691015339665
0.06351447105407715,0.8367421475529584
0.06352925300598145,0.8368151935719503
0.06353902816772461,0.8368882395909423
0.06354022026062012,0.8369612856099342
0.06354546546936035,0.8370343316289263
0.0635530948638916,0.8371073776479182
0.06355428695678711,0.8371804236669101
0.06355500221252441,0.8372534696859021
0.06355547904968262,0.8373265157048941
0.06355786323547363,0.8373995617238861
0.06356978416442871,0.837472607742878
0.06357431411743164,0.83754565376187
0.06357765197753906,0.8376186997808619
0.06357908248901367,0.837691745799854
0.06358933448791504,0.8377647918188459
0.06359219551086426,0.8378378378378378
0.06360030174255371,0.8379108838568298
0.06360340118408203,0.8379839298758218
0.06360363960266113,0.8380569758948138
0.06360507011413574,0.8381300219138057
0.06360793113708496,0.8382030679327976
0.06361770629882812,0.8382761139517896
0.06361889839172363,0.8383491599707816
0.06361985206604004,0.8384222059897736
0.06362009048461914,0.8384952520087655
0.06362009048461914,0.8385682980277575
0.06362199783325195,0.8386413440467495
0.06362581253051758,0.8387143900657414
0.06362628936767578,0.8387874360847334
0.06363534927368164,0.8388604821037253
0.06363654136657715,0.8389335281227173
0.06364870071411133,0.8390065741417093
0.06364917755126953,0.8390796201607013
0.06365203857421875,0.8391526661796932
0.06365633010864258,0.8392257121986851
0.06365633010864258,0.8392987582176772
0.06366276741027832,0.8393718042366691
0.06366777420043945,0.8394448502556611
0.06366896629333496,0.839517896274653
0.06367182731628418,0.839590942293645
0.06367325782775879,0.839663988312637
0.0636742115020752,0.8397370343316289
0.06367635726928711,0.8398100803506209
0.06367802619934082,0.8398831263696128
0.06368064880371094,0.8399561723886049
0.06368207931518555,0.8400292184075968
0.06368660926818848,0.8401022644265888
0.06369209289550781,0.8401753104455807
0.06370401382446289,0.8402483564645726
0.06371188163757324,0.8403214024835647
0.06371331214904785,0.8403944485025566
0.06371712684631348,0.8404674945215486
0.0637204647064209,0.8405405405405405
0.0637211799621582,0.8406135865595326
0.06373167037963867,0.8406866325785245
0.06373357772827148,0.8407596785975164
0.06374144554138184,0.8408327246165084
0.06374669075012207,0.8409057706355003
0.06374692916870117,0.8409788166544924
0.06375384330749512,0.8410518626734843
0.06375551223754883,0.8411249086924762
0.06376194953918457,0.8411979547114682
0.06376409530639648,0.8412710007304602
0.06376910209655762,0.8413440467494522
0.06379365921020508,0.8414170927684441
0.0637977123260498,0.8414901387874361
0.06379914283752441,0.841563184806428
0.06380844116210938,0.84163623082542
0.06381678581237793,0.841709276844412
0.06381869316101074,0.8417823228634039
0.06382012367248535,0.8418553688823959
0.06382107734680176,0.8419284149013879
0.06383013725280762,0.8420014609203799
0.06383776664733887,0.8420745069393718
0.0638420581817627,0.8421475529583637
0.06384754180908203,0.8422205989773557
0.06385493278503418,0.8422936449963477
0.06386089324951172,0.8423666910153397
0.06386280059814453,0.8424397370343316
0.06386661529541016,0.8425127830533236
0.06386923789978027,0.8425858290723156
0.0638742446899414,0.8426588750913075
0.0638742446899414,0.8427319211102995
0.06387948989868164,0.8428049671292914
0.06388330459594727,0.8428780131482834
0.06388497352600098,0.8429510591672754
0.06388568878173828,0.8430241051862674
0.06388568878173828,0.8430971512052593
0.06389021873474121,0.8431701972242512
0.06389069557189941,0.8432432432432433
0.06389307975769043,0.8433162892622352
0.06389689445495605,0.8433893352812272
0.06390714645385742,0.8434623813002191
0.06390714645385742,0.843535427319211
0.06391024589538574,0.8436084733382031
0.06391191482543945,0.843681519357195
0.06391358375549316,0.843754565376187
0.06391477584838867,0.8438276113951789
0.0639193058013916,0.843900657414171
0.06392288208007812,0.8439737034331629
0.06392765045166016,0.8440467494521549
0.06392765045166016,0.8441197954711468
0.06393218040466309,0.8441928414901387
0.06394076347351074,0.8442658875091308
0.06397032737731934,0.8443389335281227
0.06397247314453125,0.8444119795471147
0.06397414207458496,0.8444850255661066
0.06397724151611328,0.8445580715850987
0.06398153305053711,0.8446311176040906
0.06398177146911621,0.8447041636230825
0.06399917602539062,0.8447772096420745
0.06401228904724121,0.8448502556610664
0.06401848793029785,0.8449233016800585
0.06402587890625,0.8449963476990504
0.06403303146362305,0.8450693937180423
0.0640401840209961,0.8451424397370343
0.0640406608581543,0.8452154857560263
0.0640418529510498,0.8452885317750183
0.06404232978820801,0.8453615777940102
0.06404614448547363,0.8454346238130022
0.06404852867126465,0.8455076698319941
0.06405115127563477,0.8455807158509862
0.0640568733215332,0.8456537618699781
0.06406092643737793,0.84572680788897
0.06408500671386719,0.845799853907962
0.06408548355102539,0.845872899926954
0.0640859603881836,0.845945945945946
0.06408834457397461,0.8460189919649379
0.06409764289855957,0.8460920379839298
0.06410026550292969,0.8461650840029218
0.06410503387451172,0.8462381300219138
0.06410503387451172,0.8463111760409058
0.06410884857177734,0.8463842220598977
0.06412863731384277,0.8464572680788897
0.06415963172912598,0.8465303140978817
0.06416010856628418,0.8466033601168736
0.06416440010070801,0.8466764061358656
0.06417179107666016,0.8467494521548575
0.06417226791381836,0.8468224981738496
0.06417346000671387,0.8468955441928415
0.06417393684387207,0.8469685902118335
0.06418251991271973,0.8470416362308254
0.06418275833129883,0.8471146822498173
0.06418371200561523,0.8471877282688094
0.06419491767883301,0.8472607742878013
0.06420040130615234,0.8473338203067933
0.06421017646789551,0.8474068663257852
0.06421160697937012,0.8474799123447773
0.06421279907226562,0.8475529583637692
0.06421947479248047,0.8476260043827611
0.06422853469848633,0.8476990504017531
0.06422901153564453,0.847772096420745
0.06423068046569824,0.8478451424397371
0.06423163414001465,0.847918188458729
0.06424736976623535,0.847991234477721
0.06427335739135742,0.8480642804967129
0.06427431106567383,0.848137326515705
0.06427597999572754,0.8482103725346969
0.06427788734436035,0.8482834185536888
0.06429433822631836,0.8483564645726808
0.06429553031921387,0.8484295105916727
0.0643010139465332,0.8485025566106648
0.06430244445800781,0.8485756026296567
0.06430315971374512,0.8486486486486486
0.06430315971374512,0.8487216946676406
0.06430721282958984,0.8487947406866326
0.06431126594543457,0.8488677867056246
0.06432843208312988,0.8489408327246165
0.06432890892028809,0.8490138787436085
0.06432914733886719,0.8490869247626004
0.06433749198913574,0.8491599707815924
0.06433749198913574,0.8492330168005844
0.06433844566345215,0.8493060628195763
0.0643458366394043,0.8493791088385683
0.0643620491027832,0.8494521548575603
0.0643622875213623,0.8495252008765523
0.06436276435852051,0.8495982468955442
0.06438589096069336,0.8496712929145361
0.06438636779785156,0.8497443389335281
0.06439018249511719,0.8498173849525201
0.06439399719238281,0.8498904309715121
0.06439924240112305,0.849963476990504
0.06439971923828125,0.850036523009496
0.06439995765686035,0.850109569028488
0.06440043449401855,0.8501826150474799
0.06440067291259766,0.8502556610664719
0.0644063949584961,0.8503287070854638
0.06441044807434082,0.8504017531044558
0.06441545486450195,0.8504747991234478
0.06442093849182129,0.8505478451424398
0.06442666053771973,0.8506208911614317
0.06442856788635254,0.8506939371804236
0.06443214416503906,0.8507669831994157
0.06443285942077637,0.8508400292184076
0.06443524360656738,0.8509130752373996
0.0644388198852539,0.8509861212563915
0.06444358825683594,0.8510591672753834
0.06444764137268066,0.8511322132943755
0.06444835662841797,0.8512052593133674
0.0644521713256836,0.8512783053323594
0.06446170806884766,0.8513513513513513
0.06446695327758789,0.8514243973703434
0.06447005271911621,0.8514974433893353
0.06447768211364746,0.8515704894083272
0.06448006629943848,0.8516435354273192
0.06448054313659668,0.8517165814463111
0.06448578834533691,0.8517896274653032
0.06448984146118164,0.8518626734842951
0.06449055671691895,0.8519357195032871
0.06449341773986816,0.852008765522279
0.0644986629486084,0.852081811541271
0.06450200080871582,0.852154857560263
0.06450271606445312,0.8522279035792549
0.06450390815734863,0.8523009495982469
0.06451416015625,0.8523739956172388
0.06451654434204102,0.8524470416362309
0.06452608108520508,0.8525200876552228
0.06452822685241699,0.8525931336742147
0.06453275680541992,0.8526661796932067
0.06454229354858398,0.8527392257121987
0.06455254554748535,0.8528122717311907
0.06455755233764648,0.8528853177501826
0.0645604133605957,0.8529583637691746
0.0645756721496582,0.8530314097881665
0.06457996368408203,0.8531044558071585
0.06458044052124023,0.8531775018261505
0.06458401679992676,0.8532505478451424
0.06458473205566406,0.8533235938641344
0.06458711624145508,0.8533966398831264
0.06459927558898926,0.8534696859021184
0.06460428237915039,0.8535427319211103
0.06461811065673828,0.8536157779401022
0.06461811065673828,0.8536888239590942
0.0646209716796875,0.8537618699780862
0.06462502479553223,0.8538349159970782
0.06462597846984863,0.8539079620160701
0.06462597846984863,0.853981008035062
0.06462931632995605,0.8540540540540541
0.06462955474853516,0.854127100073046
0.06463384628295898,0.854200146092038
0.0646364688873291,0.8542731921110299
0.06464076042175293,0.8543462381300219
0.06464076042175293,0.8544192841490139
0.06464552879333496,0.8544923301680059
0.06464576721191406,0.8545653761869978
0.06464600563049316,0.8546384222059897
0.0646505355834961,0.8547114682249818
0.06465792655944824,0.8547845142439737
0.06465888023376465,0.8548575602629657
0.06466031074523926,0.8549306062819576
0.06466150283813477,0.8550036523009495
0.06466555595397949,0.8550766983199416
0.06466555595397949,0.8551497443389335
0.0646657943725586,0.8552227903579255
0.064666748046875,0.8552958363769174
0.06466889381408691,0.8553688823959095
0.06467318534851074,0.8554419284149014
0.06467485427856445,0.8555149744338933
0.06467843055725098,0.8555880204528853
0.0646815299987793,0.8556610664718772
0.06468749046325684,0.8557341124908693
0.06470584869384766,0.8558071585098612
0.06471371650695801,0.8558802045288532
0.06471705436706543,0.8559532505478451
0.06471800804138184,0.8560262965668372
0.06471824645996094,0.8560993425858291
0.06472563743591309,0.856172388604821
0.06472921371459961,0.856245434623813
0.06472945213317871,0.8563184806428049
0.06473088264465332,0.856391526661797
0.06473088264465332,0.8564645726807889
0.06473660469055176,0.8565376186997808
0.06474089622497559,0.8566106647187728
0.06474900245666504,0.8566837107377648
0.06474947929382324,0.8567567567567568
0.06475830078125,0.8568298027757487
0.06476140022277832,0.8569028487947407
0.06477570533752441,0.8569758948137326
0.06478357315063477,0.8570489408327246
0.06479120254516602,0.8571219868517166
0.06481719017028809,0.8571950328707085
0.06482219696044922,0.8572680788897005
0.06482934951782227,0.8573411249086925
0.06483101844787598,0.8574141709276845
0.06483149528503418,0.8574872169466764
0.06484127044677734,0.8575602629656683
0.06484508514404297,0.8576333089846603
0.0648508071899414,0.8577063550036523
0.06487059593200684,0.8577794010226443
0.06487727165222168,0.8578524470416362
0.06487917900085449,0.8579254930606282
0.06488323211669922,0.8579985390796202
0.06488442420959473,0.8580715850986121
0.06488490104675293,0.8581446311176041
0.06488561630249023,0.858217677136596
0.06488704681396484,0.8582907231555881
0.06488847732543945,0.85836376917458
0.06490039825439453,0.858436815193572
0.06490111351013184,0.8585098612125639
0.06490135192871094,0.8585829072315558
0.06490254402160645,0.8586559532505479
0.06490778923034668,0.8587289992695398
0.06490945816040039,0.8588020452885318
0.064910888671875,0.8588750913075237
0.06491208076477051,0.8589481373265158
0.06491780281066895,0.8590211833455077
0.06492376327514648,0.8590942293644996
0.06493830680847168,0.8591672753834916
0.06493997573852539,0.8592403214024835
0.06494712829589844,0.8593133674214756
0.06494760513305664,0.8593864134404675
0.06495213508605957,0.8594594594594595
0.06495928764343262,0.8595325054784514
0.0649724006652832,0.8596055514974434
0.06497406959533691,0.8596785975164354
0.06497693061828613,0.8597516435354273
0.0649864673614502,0.8598246895544193
0.06499099731445312,0.8598977355734112
0.06499266624450684,0.8599707815924033
0.06499481201171875,0.8600438276113952
0.06499576568603516,0.8601168736303871
0.06500625610351562,0.8601899196493791
0.06500744819641113,0.8602629656683711
0.0650186538696289,0.8603360116873631
0.06502580642700195,0.860409057706355
0.06502962112426758,0.860482103725347
0.0650482177734375,0.8605551497443389
0.06506204605102539,0.8606281957633309
0.0650625228881836,0.8607012417823229
0.06506609916687012,0.8607742878013148
0.06507420539855957,0.8608473338203068
0.06508111953735352,0.8609203798392988
0.06508731842041016,0.8609934258582908
0.06508898735046387,0.8610664718772827
0.06508922576904297,0.8611395178962746
0.06508946418762207,0.8612125639152666
0.06509590148925781,0.8612856099342586
0.06510257720947266,0.8613586559532506
0.06510424613952637,0.8614317019722425
0.06511497497558594,0.8615047479912344
0.06511998176574707,0.8615777940102265
0.06514811515808105,0.8616508400292184
0.06515669822692871,0.8617238860482104
0.06515741348266602,0.8617969320672023
0.06516432762145996,0.8618699780861943
0.06516885757446289,0.8619430241051863
0.0651693344116211,0.8620160701241782
0.0651710033416748,0.8620891161431702
0.06518220901489258,0.8621621621621621
0.06518721580505371,0.8622352081811542
0.06519007682800293,0.8623082542001461
0.06519246101379395,0.8623813002191381
0.06519436836242676,0.86245434623813
0.06519436836242676,0.8625273922571219
0.06519556045532227,0.862600438276114
0.06520628929138184,0.8626734842951059
0.06521105766296387,0.8627465303140979
0.06522083282470703,0.8628195763330898
0.06522536277770996,0.8628926223520819
0.06523990631103516,0.8629656683710738
0.06524038314819336,0.8630387143900657
0.06524348258972168,0.8631117604090577
0.06524395942687988,0.8631848064280496
0.06524515151977539,0.8632578524470417
0.0652472972869873,0.8633308984660336
0.06525421142578125,0.8634039444850256
0.06525969505310059,0.8634769905040175
0.06529641151428223,0.8635500365230095
0.06530261039733887,0.8636230825420015
0.06530547142028809,0.8636961285609934
0.06533002853393555,0.8637691745799854
0.06533432006835938,0.8638422205989773
0.0653386116027832,0.8639152666179694
0.06534838676452637,0.8639883126369613
0.06535077095031738,0.8640613586559532
0.0653533935546875,0.8641344046749452
0.06535673141479492,0.8642074506939372
0.06535768508911133,0.8642804967129292
0.06536269187927246,0.8643535427319211
0.06537342071533203,0.864426588750913
0.06537795066833496,0.864499634769905
0.06537914276123047,0.864572680788897
0.06538009643554688,0.864645726807889
0.06538248062133789,0.8647187728268809
0.06539607048034668,0.8647918188458729
0.0653984546661377,0.8648648648648649
0.06540417671203613,0.8649379108838569
0.06541872024536133,0.8650109569028488
0.06541919708251953,0.8650840029218407
0.06542205810546875,0.8651570489408327
0.06543302536010742,0.8652300949598247
0.06543374061584473,0.8653031409788167
0.06543469429016113,0.8653761869978086
0.06543540954589844,0.8654492330168005
0.06543588638305664,0.8655222790357926
0.06544041633605957,0.8655953250547845
0.0654458999633789,0.8656683710737765
0.06544852256774902,0.8657414170927684
0.06545281410217285,0.8658144631117604
0.065460205078125,0.8658875091307524
0.06546521186828613,0.8659605551497443
0.06546711921691895,0.8660336011687363
0.06546807289123535,0.8661066471877282
0.06547117233276367,0.8661796932067203
0.06547355651855469,0.8662527392257122
0.06548833847045898,0.8663257852447042
0.06550121307373047,0.8663988312636961
0.06550431251525879,0.866471877282688
0.0655210018157959,0.8665449233016801
0.06552386283874512,0.866617969320672
0.06553125381469727,0.866691015339664
0.06553912162780762,0.8667640613586559
0.06554150581359863,0.866837107377648
0.06554484367370605,0.8669101533966399
0.06555056571960449,0.8669831994156318
0.06555294990539551,0.8670562454346238
0.06556463241577148,0.8671292914536157
0.06556463241577148,0.8672023374726078
0.0655670166015625,0.8672753834915997
0.06556916236877441,0.8673484295105917
0.06557059288024902,0.8674214755295836
0.06559014320373535,0.8674945215485756
0.06560564041137695,0.8675675675675676
0.06561875343322754,0.8676406135865595
0.06561946868896484,0.8677136596055515
0.06562304496765137,0.8677867056245434
0.06563639640808105,0.8678597516435355
0.06564903259277344,0.8679327976625274
0.06565093994140625,0.8680058436815193
0.06566262245178223,0.8680788897005113
0.06567621231079102,0.8681519357195033
0.06568026542663574,0.8682249817384953
0.06568145751953125,0.8682980277574872
0.0656890869140625,0.8683710737764792
0.06569123268127441,0.8684441197954711
0.06569290161132812,0.8685171658144631
0.06569743156433105,0.8685902118334551
0.06569862365722656,0.868663257852447
0.06570577621459961,0.868736303871439
0.06570863723754883,0.868809349890431
0.0657193660736084,0.868882395909423
0.06573081016540527,0.8689554419284149
0.06573104858398438,0.8690284879474068
0.06573486328125,0.8691015339663988
0.06574177742004395,0.8691745799853908
0.06574416160583496,0.8692476260043828
0.06575274467468262,0.8693206720233747
0.06575393676757812,0.8693937180423666
0.06576013565063477,0.8694667640613587
0.06576085090637207,0.8695398100803506
0.06576180458068848,0.8696128560993426
0.06576919555664062,0.8696859021183345
0.06577897071838379,0.8697589481373266
0.0657796859741211,0.8698319941563185
0.06578946113586426,0.8699050401753105
0.06579208374023438,0.8699780861943024
0.0657966136932373,0.8700511322132943
0.06580710411071777,0.8701241782322864
0.0658118724822998,0.8701972242512783
0.06581449508666992,0.8702702702702703
0.06581783294677734,0.8703433162892622
0.06581878662109375,0.8704163623082543
0.06583571434020996,0.8704894083272462
0.0658407211303711,0.8705624543462381
0.06584954261779785,0.8706355003652301
0.06586885452270508,0.870708546384222
0.0658717155456543,0.8707815924032141
0.06587362289428711,0.870854638422206
0.06589245796203613,0.870927684441198
0.06589746475219727,0.8710007304601899
0.06592249870300293,0.8710737764791819
0.06593799591064453,0.8711468224981739
0.06595110893249512,0.8712198685171658
0.06596255302429199,0.8712929145361578
0.0659632682800293,0.8713659605551497
0.06596755981445312,0.8714390065741418
0.06596875190734863,0.8715120525931337
0.06597113609313965,0.8715850986121256
0.06598496437072754,0.8716581446311176
0.06598782539367676,0.8717311906501096
0.06599807739257812,0.8718042366691016
0.06600284576416016,0.8718772826880935
0.06600379943847656,0.8719503287070854
0.06601762771606445,0.8720233747260774
0.06602334976196289,0.8720964207450694
0.06602692604064941,0.8721694667640614
0.06602907180786133,0.8722425127830533
0.06602978706359863,0.8723155588020453
0.06603622436523438,0.8723886048210373
0.06603622436523438,0.8724616508400292
0.06604337692260742,0.8725346968590212
0.06605243682861328,0.8726077428780131
0.06606578826904297,0.8726807888970051
0.06606888771057129,0.8727538349159971
0.06607675552368164,0.8728268809349891
0.06609654426574707,0.872899926953981
0.06610274314880371,0.8729729729729729
0.06610751152038574,0.873046018991965
0.06610894203186035,0.8731190650109569
0.06610894203186035,0.8731921110299489
0.06613302230834961,0.8732651570489408
0.06615161895751953,0.8733382030679328
0.06615376472473145,0.8734112490869248
0.06615686416625977,0.8734842951059167
0.0661628246307373,0.8735573411249087
0.06616401672363281,0.8736303871439006
0.06616568565368652,0.8737034331628927
0.06616711616516113,0.8737764791818846
0.06618022918701172,0.8738495252008766
0.06618714332580566,0.8739225712198685
0.06619000434875488,0.8739956172388604
0.06619620323181152,0.8740686632578525
0.06619906425476074,0.8741417092768444
0.06619930267333984,0.8742147552958364
0.06621527671813965,0.8742878013148283
0.06621623039245605,0.8743608473338204
0.06621885299682617,0.8744338933528123
0.06622958183288574,0.8745069393718042
0.06622982025146484,0.8745799853907962
0.06623363494873047,0.8746530314097881
0.06623482704162598,0.8747260774287802
0.06624102592468262,0.8747991234477721
0.06624770164489746,0.874872169466764
0.06625723838806152,0.874945215485756
0.06627035140991211,0.875018261504748
0.06628561019897461,0.87509130752374
0.06629109382629395,0.8751643535427319
0.06630444526672363,0.8752373995617239
0.06631064414978027,0.8753104455807158
0.06631278991699219,0.8753834915997079
0.06631684303283691,0.8754565376186998
0.06633138656616211,0.8755295836376917
0.06634783744812012,0.8756026296566837
0.06634855270385742,0.8756756756756757
0.06635046005249023,0.8757487216946677
0.06635475158691406,0.8758217677136596
0.06635475158691406,0.8758948137326515
0.06636834144592285,0.8759678597516435
0.06638407707214355,0.8760409057706355
0.06638979911804199,0.8761139517896275
0.0663900375366211,0.8761869978086194
0.06639552116394043,0.8762600438276114
0.06639957427978516,0.8763330898466034
0.06639957427978516,0.8764061358655953
0.06640267372131348,0.8764791818845873
0.06641054153442383,0.8765522279035792
0.06641125679016113,0.8766252739225712
0.06641244888305664,0.8766983199415632
0.06641340255737305,0.8767713659605552
0.06642317771911621,0.8768444119795471
0.06642484664916992,0.876917457998539
0.06642556190490723,0.8769905040175311
0.06644392013549805,0.877063550036523
0.06644916534423828,0.877136596055515
0.0664522647857666,0.8772096420745069
0.06645512580871582,0.8772826880934989
0.06646227836608887,0.8773557341124909
0.06647300720214844,0.8774287801314828
0.06647467613220215,0.8775018261504748
0.06648635864257812,0.8775748721694667
0.06650471687316895,0.8776479181884588
0.06650686264038086,0.8777209642074507
0.06652092933654785,0.8777940102264427
0.06654882431030273,0.8778670562454346
0.06654977798461914,0.8779401022644265
0.06655216217041016,0.8780131482834186
0.06656718254089355,0.8780861943024105
0.06656837463378906,0.8781592403214025
0.06659603118896484,0.8782322863403944
0.06659817695617676,0.8783053323593865
0.0666041374206543,0.8783783783783784
0.06660938262939453,0.8784514243973703
0.06661677360534668,0.8785244704163623
0.06661820411682129,0.8785975164353542
0.0666203498840332,0.8786705624543463
0.06662416458129883,0.8787436084733382
0.06664085388183594,0.8788166544923302
0.06665420532226562,0.8788897005113221
0.06665444374084473,0.8789627465303141
0.06665563583374023,0.8790357925493061
0.06665873527526855,0.879108838568298
0.06666374206542969,0.87918188458729
0.06666421890258789,0.8792549306062819
0.06666898727416992,0.879327976625274
0.06668424606323242,0.8794010226442659
0.06669425964355469,0.8794740686632578
0.0666956901550293,0.8795471146822498
0.06669974327087402,0.8796201607012418
0.06670188903808594,0.8796932067202338
0.0667111873626709,0.8797662527392257
0.06673026084899902,0.8798392987582176
0.06673717498779297,0.8799123447772096
0.0667579174041748,0.8799853907962016
0.06677484512329102,0.8800584368151936
0.06678152084350586,0.8801314828341855
0.0668022632598877,0.8802045288531775
0.06682205200195312,0.8802775748721695
0.06682300567626953,0.8803506208911615
0.06683707237243652,0.8804236669101534
0.06684708595275879,0.8804967129291453
0.06685161590576172,0.8805697589481373
0.06686639785766602,0.8806428049671293
0.0668785572052002,0.8807158509861213
0.06690382957458496,0.8807888970051132
0.06691956520080566,0.8808619430241051
0.06691980361938477,0.8809349890430972
0.06692075729370117,0.8810080350620891
0.06692886352539062,0.8810810810810811
0.06693124771118164,0.881154127100073
0.06693315505981445,0.8812271731190651
0.06693720817565918,0.881300219138057
0.0669410228729248,0.881373265157049
0.06694412231445312,0.8814463111760409
0.06696629524230957,0.8815193571950328
0.0669698715209961,0.8815924032140249
0.0669703483581543,0.8816654492330168
0.0669710636138916,0.8817384952520088
0.06699752807617188,0.8818115412710007
0.06699943542480469,0.8818845872899927
0.06700897216796875,0.8819576333089847
0.06701016426086426,0.8820306793279766
0.06702065467834473,0.8821037253469686
0.06702065467834473,0.8821767713659605
0.06702876091003418,0.8822498173849526
0.06706118583679199,0.8823228634039445
0.06706380844116211,0.8823959094229364
0.06706833839416504,0.8824689554419284
0.06707143783569336,0.8825420014609204
0.06707549095153809,0.8826150474799124
0.06708121299743652,0.8826880934989043
0.06708788871765137,0.8827611395178963
0.06709408760070801,0.8828341855368882
0.06710124015808105,0.8829072315558802
0.06711554527282715,0.8829802775748722
0.0671243667602539,0.8830533235938641
0.06712985038757324,0.8831263696128561
0.06713271141052246,0.8831994156318481
0.06714391708374023,0.8832724616508401
0.06715583801269531,0.883345507669832
0.0671696662902832,0.8834185536888239
0.0671699047088623,0.8834915997078159
0.06717872619628906,0.8835646457268079
0.0671842098236084,0.8836376917457999
0.06719136238098145,0.8837107377647918
0.06720137596130371,0.8837837837837837
0.06722187995910645,0.8838568298027758
0.06723356246948242,0.8839298758217677
0.0672447681427002,0.8840029218407597
0.06728911399841309,0.8840759678597516
0.06730294227600098,0.8841490138787436
0.06730818748474121,0.8842220598977356
0.06731581687927246,0.8842951059167276
0.06731677055358887,0.8843681519357195
0.06731820106506348,0.8844411979547114
0.06732320785522461,0.8845142439737035
0.06733942031860352,0.8845872899926954
0.06735515594482422,0.8846603360116874
0.06736159324645996,0.8847333820306793
0.06736207008361816,0.8848064280496712
0.06736373901367188,0.8848794740686633
0.06737041473388672,0.8849525200876552
0.0673820972442627,0.8850255661066472
0.0673830509185791,0.8850986121256391
0.06739926338195801,0.8851716581446312
0.06740069389343262,0.8852447041636231
0.06740832328796387,0.885317750182615
0.06741929054260254,0.885390796201607
0.0674276351928711,0.8854638422205989
0.0674431324005127,0.885536888239591
0.0674436092376709,0.8856099342585829
0.06744766235351562,0.8856829802775749
0.06745576858520508,0.8857560262965668
0.0674588680267334,0.8858290723155589
0.06746101379394531,0.8859021183345508
0.06746220588684082,0.8859751643535427
0.0675044059753418,0.8860482103725347
0.06751346588134766,0.8861212563915266
0.06753921508789062,0.8861943024105187
0.0675504207611084,0.8862673484295106
0.06756281852722168,0.8863403944485025
0.06756281852722168,0.8864134404674945
0.06757044792175293,0.8864864864864865
0.06757187843322754,0.8865595325054785
0.0675809383392334,0.8866325785244704
0.06758379936218262,0.8867056245434624
0.06759071350097656,0.8867786705624543
0.06759834289550781,0.8868517165814463
0.06760501861572266,0.8869247626004383
0.0676121711730957,0.8869978086194302
0.06761407852172852,0.8870708546384222
0.06761527061462402,0.8871439006574142
0.06762075424194336,0.8872169466764062
0.06762146949768066,0.8872899926953981
0.0676276683807373,0.88736303871439
0.06763386726379395,0.887436084733382
0.0676419734954834,0.887509130752374
0.06764793395996094,0.887582176771366
0.06766009330749512,0.8876552227903579
0.0676717758178711,0.8877282688093499
0.06768655776977539,0.8878013148283419
0.0676882266998291,0.8878743608473338
0.06769299507141113,0.8879474068663258
0.06769633293151855,0.8880204528853177
0.06770443916320801,0.8880934989043097
0.06770563125610352,0.8881665449233017
0.06772065162658691,0.8882395909422937
0.06772089004516602,0.8883126369612856
0.06772279739379883,0.8883856829802775
0.06773948669433594,0.8884587289992696
0.06775045394897461,0.8885317750182615
0.06775856018066406,0.8886048210372535
0.06776070594787598,0.8886778670562454
0.06776237487792969,0.8887509130752373
0.06777167320251465,0.8888239590942294
0.06778407096862793,0.8888970051132213
0.0677947998046875,0.8889700511322133
0.06779789924621582,0.8890430971512052
0.06781864166259766,0.8891161431701973
0.06781911849975586,0.8891891891891892
0.06782364845275879,0.8892622352081812
0.06782698631286621,0.8893352812271731
0.06784319877624512,0.889408327246165
0.06784534454345703,0.8894813732651571
0.06784844398498535,0.889554419284149
0.0678563117980957,0.889627465303141
0.06787610054016113,0.8897005113221329
0.06789898872375488,0.889773557341125
0.06790947914123535,0.8898466033601169
0.06791043281555176,0.8899196493791088
0.06791400909423828,0.8899926953981008
0.06791520118713379,0.8900657414170927
0.06792044639587402,0.8901387874360848
0.06792330741882324,0.8902118334550767
0.06793451309204102,0.8902848794740686
0.06794190406799316,0.8903579254930606
0.06797313690185547,0.8904309715120526
0.06797623634338379,0.8905040175310446
0.06798768043518066,0.8905770635500365
0.06800556182861328,0.8906501095690285
0.06801080703735352,0.8907231555880204
0.06801319122314453,0.8907962016070125
0.06801486015319824,0.8908692476260044
0.06801581382751465,0.8909422936449963
0.06802248954772949,0.8910153396639883
0.06802487373352051,0.8910883856829803
0.06802678108215332,0.8911614317019723
0.06802821159362793,0.8912344777209642
0.06803131103515625,0.8913075237399561
0.06804895401000977,0.8913805697589481
0.06806397438049316,0.8914536157779401
0.06807470321655273,0.8915266617969321
0.06807971000671387,0.891599707815924
0.0680854320526123,0.891672753834916
0.06808638572692871,0.891745799853908
0.06808876991271973,0.8918188458729
0.06810259819030762,0.8918918918918919
0.06811022758483887,0.8919649379108838
0.06813621520996094,0.8920379839298758
0.06813740730285645,0.8921110299488678
0.068145751953125,0.8921840759678598
0.06814813613891602,0.8922571219868517
0.06815433502197266,0.8923301680058436
0.0681765079498291,0.8924032140248357
0.0681769847869873,0.8924762600438276
0.06818771362304688,0.8925493060628196
0.06818842887878418,0.8926223520818115
0.06820487976074219,0.8926953981008036
0.06821107864379883,0.8927684441197955
0.06821346282958984,0.8928414901387874
0.06823062896728516,0.8929145361577794
0.0682365894317627,0.8929875821767713
0.0682365894317627,0.8930606281957634
0.06824755668640137,0.8931336742147553
0.06825447082519531,0.8932067202337473
0.06825590133666992,0.8932797662527392
0.06825852394104004,0.8933528122717312
0.06826305389404297,0.8934258582907232
0.06827020645141602,0.8934989043097151
0.06827497482299805,0.8935719503287071
0.06830525398254395,0.893644996347699
0.0683145523071289,0.8937180423666911
0.06832003593444824,0.893791088385683
0.06832504272460938,0.8938641344046749
0.06832599639892578,0.8939371804236669
0.0683431625366211,0.8940102264426589
0.06836700439453125,0.8940832724616509
0.06837296485900879,0.8941563184806428
0.0683746337890625,0.8942293644996347
0.0684061050415039,0.8943024105186267
0.06841087341308594,0.8943754565376187
0.0684199333190918,0.8944485025566107
0.06842517852783203,0.8945215485756026
0.06844329833984375,0.8945945945945946
0.06844806671142578,0.8946676406135866
0.06846451759338379,0.8947406866325786
0.0684819221496582,0.8948137326515705
0.06848311424255371,0.8948867786705624
0.06851625442504883,0.8949598246895544
0.06853556632995605,0.8950328707085464
0.06854104995727539,0.8951059167275384
0.06854796409606934,0.8951789627465303
0.06855273246765137,0.8952520087655222
0.06855559349060059,0.8953250547845143
0.06857466697692871,0.8953981008035062
0.0685875415802002,0.8954711468224982
0.06859588623046875,0.8955441928414901
0.06861376762390137,0.8956172388604821
0.0686182975769043,0.8956902848794741
0.0686190128326416,0.895763330898466
0.06862425804138184,0.895836376917458
0.06862616539001465,0.8959094229364499
0.06862926483154297,0.895982468955442
0.06863045692443848,0.8960555149744339
0.06864643096923828,0.8961285609934259
0.06866145133972168,0.8962016070124178
0.06867098808288574,0.8962746530314097
0.06867122650146484,0.8963476990504018
0.06867313385009766,0.8964207450693937
0.06870579719543457,0.8964937910883857
0.06871652603149414,0.8965668371073776
0.06874227523803711,0.8966398831263697
0.06875085830688477,0.8967129291453616
0.06875324249267578,0.8967859751643535
0.06875872611999512,0.8968590211833455
0.06877827644348145,0.8969320672023374
0.0687875747680664,0.8970051132213295
0.06879091262817383,0.8970781592403214
0.06879734992980957,0.8971512052593134
0.06880617141723633,0.8972242512783053
0.06880688667297363,0.8972972972972973
0.06884098052978516,0.8973703433162893
0.06884527206420898,0.8974433893352812
0.06885099411010742,0.8975164353542732
0.06885123252868652,0.8975894813732651
0.06890225410461426,0.8976625273922572
0.06892061233520508,0.8977355734112491
0.06892085075378418,0.897808619430241
0.06893229484558105,0.897881665449233
0.06894803047180176,0.897954711468225
0.06895184516906738,0.898027757487217
0.0689699649810791,0.8981008035062089
0.06897902488708496,0.8981738495252009
0.06897950172424316,0.8982468955441928
0.06900358200073242,0.8983199415631848
0.06900620460510254,0.8983929875821768
0.0690300464630127,0.8984660336011687
0.06904172897338867,0.8985390796201607
0.06904840469360352,0.8986121256391527
0.06905102729797363,0.8986851716581447
0.0690605640411377,0.8987582176771366
0.06907773017883301,0.8988312636961285
0.06907987594604492,0.8989043097151205
0.06909489631652832,0.8989773557341125
0.06910109519958496,0.8990504017531045
0.06911039352416992,0.8991234477720964
0.06911063194274902,0.8991964937910883
0.06911492347717285,0.8992695398100804
0.06912422180175781,0.8993425858290723
0.06914043426513672,0.8994156318480643
0.06914258003234863,0.8994886778670562
0.06914758682250977,0.8995617238860482
0.0691826343536377,0.8996347699050402
0.06919217109680176,0.8997078159240322
0.06920480728149414,0.8997808619430241
0.06921148300170898,0.899853907962016
0.0692293643951416,0.8999269539810081
0.06923508644104004,0.9
0.06923580169677734,0.900073046018992
0.06926083564758301,0.9001460920379839
0.06926107406616211,0.9002191380569758
0.06926417350769043,0.9002921840759679
0.06929516792297363,0.9003652300949598
0.06929564476013184,0.9004382761139518
0.06930804252624512,0.9005113221329437
0.06931185722351074,0.9005843681519358
0.06931257247924805,0.9006574141709277
0.06931948661804199,0.9007304601899196
0.0693197250366211,0.9008035062089116
0.06932234764099121,0.9008765522279035
0.06932997703552246,0.9009495982468956
0.06934905052185059,0.9010226442658875
0.0693511962890625,0.9010956902848795
0.06935381889343262,0.9011687363038714
0.06935644149780273,0.9012417823228634
0.0693659782409668,0.9013148283418554
0.0693814754486084,0.9013878743608473
0.0693962574005127,0.9014609203798393
0.06940126419067383,0.9015339663988312
0.06941509246826172,0.9016070124178233
0.06943368911743164,0.9016800584368152
0.06944441795349121,0.9017531044558071
0.06945967674255371,0.9018261504747991
0.0694875717163086,0.9018991964937911
0.06951403617858887,0.9019722425127831
0.0695333480834961,0.902045288531775
0.06954145431518555,0.902118334550767
0.06955075263977051,0.9021913805697589
0.0695655345916748,0.902264426588751
0.06957197189331055,0.9023374726077429
0.06958675384521484,0.9024105186267348
0.06962013244628906,0.9024835646457268
0.0696263313293457,0.9025566106647188
0.06962704658508301,0.9026296566837108
0.06964302062988281,0.9027027027027027
0.06964683532714844,0.9027757487216946
0.06964683532714844,0.9028487947406866
0.0696561336517334,0.9029218407596786
0.06966304779052734,0.9029948867786706
0.0696706771850586,0.9030679327976625
0.0696718692779541,0.9031409788166544
0.06968069076538086,0.9032140248356465
0.06968450546264648,0.9032870708546384
0.06969618797302246,0.9033601168736304
0.06970524787902832,0.9034331628926223
0.06971240043640137,0.9035062089116144
0.06971549987792969,0.9035792549306063
0.06972265243530273,0.9036523009495983
0.06972646713256836,0.9037253469685902
0.06973075866699219,0.9037983929875821
0.06975054740905762,0.9038714390065742
0.06975317001342773,0.9039444850255661
0.06975531578063965,0.9040175310445581
0.06975579261779785,0.90409057706355
0.06977224349975586,0.9041636230825421
0.06980156898498535,0.904236669101534
0.06980395317077637,0.9043097151205259
0.06980657577514648,0.9043827611395179
0.06982827186584473,0.9044558071585098
0.06983017921447754,0.9045288531775019
0.06985807418823242,0.9046018991964938
0.06985926628112793,0.9046749452154857
0.06986021995544434,0.9047479912344777
0.06988096237182617,0.9048210372534697
0.06991171836853027,0.9048940832724617
0.0699763298034668,0.9049671292914536
0.06998085975646973,0.9050401753104456
0.06998276710510254,0.9051132213294375
0.07000303268432617,0.9051862673484296
0.07001113891601562,0.9052593133674215
0.07001996040344238,0.9053323593864134
0.0700218677520752,0.9054054054054054
0.07002663612365723,0.9054784514243974
0.07003664970397949,0.9055514974433894
0.0700523853302002,0.9056245434623813
0.07006239891052246,0.9056975894813732
0.07006716728210449,0.9057706355003652
0.07007217407226562,0.9058436815193572
0.07007932662963867,0.9059167275383492
0.07008481025695801,0.9059897735573411
0.07009458541870117,0.9060628195763331
0.07010388374328613,0.9061358655953251
0.07012581825256348,0.906208911614317
0.07013177871704102,0.906281957633309
0.07014584541320801,0.9063550036523009
0.07015848159790039,0.9064280496712929
0.07016301155090332,0.9065010956902849
0.07017970085144043,0.9065741417092769
0.07021546363830566,0.9066471877282688
0.0702204704284668,0.9067202337472607
0.07022786140441895,0.9067932797662528
0.07024240493774414,0.9068663257852447
0.07026028633117676,0.9069393718042367
0.07026052474975586,0.9070124178232286
0.07026100158691406,0.9070854638422206
0.0702829360961914,0.9071585098612126
0.07028651237487793,0.9072315558802045
0.07029342651367188,0.9073046018991965
0.0703272819519043,0.9073776479181884
0.07033157348632812,0.9074506939371805
0.07034754753112793,0.9075237399561724
0.07038164138793945,0.9075967859751644
0.07039713859558105,0.9076698319941563
0.07039809226989746,0.9077428780131482
0.07039856910705566,0.9078159240321403
0.07040095329284668,0.9078889700511322
0.07040119171142578,0.9079620160701242
0.07040715217590332,0.9080350620891161
0.07041454315185547,0.9081081081081082
0.07041645050048828,0.9081811541271001
0.07044076919555664,0.908254200146092
0.07044649124145508,0.908327246165084
0.07051825523376465,0.9084002921840759
0.07051920890808105,0.908473338203068
0.07052373886108398,0.9085463842220599
0.07053160667419434,0.9086194302410519
0.07054424285888672,0.9086924762600438
0.07060074806213379,0.9087655222790358
0.07060575485229492,0.9088385682980278
0.07060718536376953,0.9089116143170197
0.0706169605255127,0.9089846603360117
0.07062673568725586,0.9090577063550036
0.07063603401184082,0.9091307523739957
0.07067656517028809,0.9092037983929876
0.07068014144897461,0.9092768444119795
0.07069277763366699,0.9093498904309715
0.07069563865661621,0.9094229364499635
0.07070541381835938,0.9094959824689555
0.07074570655822754,0.9095690284879474
0.07075190544128418,0.9096420745069393
0.07080936431884766,0.9097151205259313
0.0708162784576416,0.9097881665449233
0.07081723213195801,0.9098612125639153
0.0708308219909668,0.9099342585829072
0.07083678245544434,0.9100073046018992
0.0708627700805664,0.9100803506208912
0.07086753845214844,0.9101533966398831
0.07087159156799316,0.9102264426588751
0.07088398933410645,0.910299488677867
0.0708925724029541,0.910372534696859
0.07091426849365234,0.910445580715851
0.07092094421386719,0.910518626734843
0.07094597816467285,0.9105916727538349
0.07094717025756836,0.9106647187728268
0.07097911834716797,0.9107377647918189
0.07098579406738281,0.9108108108108108
0.07099199295043945,0.9108838568298028
0.07100701332092285,0.9109569028487947
0.07100796699523926,0.9110299488677867
0.07101011276245117,0.9111029948867787
0.07103753089904785,0.9111760409057706
0.07108283042907715,0.9112490869247626
0.07109498977661133,0.9113221329437545
0.07109832763671875,0.9113951789627466
0.07111406326293945,0.9114682249817385
0.07113862037658691,0.9115412710007305
0.07117676734924316,0.9116143170197224
0.0711820125579834,0.9116873630387143
0.07118606567382812,0.9117604090577064
0.07119464874267578,0.9118334550766983
0.07120609283447266,0.9119065010956903
0.07120776176452637,0.9119795471146822
0.07122540473937988,0.9120525931336743
0.0712442398071289,0.9121256391526662
0.07127094268798828,0.9121986851716581
0.07129740715026855,0.9122717311906501
0.07131433486938477,0.912344777209642
0.07131505012512207,0.9124178232286341
0.07133269309997559,0.912490869247626
0.07134079933166504,0.912563915266618
0.07134389877319336,0.9126369612856099
0.07134389877319336,0.912710007304602
0.07134389877319336,0.9127830533235939
0.07134532928466797,0.9128560993425858
0.07134532928466797,0.9129291453615778
0.07135295867919922,0.9130021913805697
0.0714259147644043,0.9130752373995618
0.07143259048461914,0.9131482834185537
0.07143306732177734,0.9132213294375456
0.07143568992614746,0.9132943754565376
0.07146167755126953,0.9133674214755296
0.07147908210754395,0.9134404674945216
0.07148027420043945,0.9135135135135135
0.07149600982666016,0.9135865595325054
0.07149958610534668,0.9136596055514974
0.07151198387145996,0.9137326515704894
0.07151293754577637,0.9138056975894814
0.07151651382446289,0.9138787436084733
0.0715179443359375,0.9139517896274653
0.07152271270751953,0.9140248356464573
0.07156848907470703,0.9140978816654493
0.07159733772277832,0.9141709276844412
0.07160472869873047,0.9142439737034331
0.07160758972167969,0.9143170197224251
0.07161259651184082,0.9143900657414171
0.07162070274353027,0.9144631117604091
0.0716238021850586,0.914536157779401
0.07163834571838379,0.914609203798393
0.07164502143859863,0.914682249817385
0.07165145874023438,0.9147552958363769
0.0716707706451416,0.9148283418553689
0.07168889045715332,0.9149013878743608
0.07169723510742188,0.9149744338933529
0.0717010498046875,0.9150474799123448
0.07170796394348145,0.9151205259313367
0.07171320915222168,0.9151935719503287
0.07173657417297363,0.9152666179693206
0.07175970077514648,0.9153396639883127
0.07178711891174316,0.9154127100073046
0.07179474830627441,0.9154857560262966
0.07180213928222656,0.9155588020452885
0.07183218002319336,0.9156318480642806
0.07186651229858398,0.9157048940832725
0.07187318801879883,0.9157779401022644
0.07188153266906738,0.9158509861212564
0.0718848705291748,0.9159240321402483
0.07189106941223145,0.9159970781592404
0.07189130783081055,0.9160701241782323
0.07190918922424316,0.9161431701972242
0.07192754745483398,0.9162162162162162
0.07196259498596191,0.9162892622352082
0.07197213172912598,0.9163623082542002
0.07199835777282715,0.9164353542731921
0.0720067024230957,0.9165084002921841
0.07200956344604492,0.916581446311176
0.07203054428100586,0.916654492330168
0.07203459739685059,0.91672753834916
0.07203483581542969,0.9168005843681519
0.07209253311157227,0.9168736303871439
0.07212972640991211,0.9169466764061359
0.07213330268859863,0.9170197224251279
0.07218694686889648,0.9170927684441198
0.07223200798034668,0.9171658144631117
0.07223653793334961,0.9172388604821037
0.07224178314208984,0.9173119065010957
0.0722498893737793,0.9173849525200877
0.07226157188415527,0.9174579985390796
0.07226419448852539,0.9175310445580716
0.07226991653442383,0.9176040905770636
0.07227110862731934,0.9176771365960555
0.07228207588195801,0.9177501826150475
0.07228493690490723,0.9178232286340394
0.07230877876281738,0.9178962746530314
0.07232260704040527,0.9179693206720234
0.07232427597045898,0.9180423666910154
0.07235455513000488,0.9181154127100073
0.07235598564147949,0.9181884587289992
0.07239055633544922,0.9182615047479913
0.07240724563598633,0.9183345507669832
0.07240867614746094,0.9184075967859752
0.07242178916931152,0.9184806428049671
0.07242727279663086,0.918553688823959
0.07245159149169922,0.9186267348429511
0.07246637344360352,0.918699780861943
0.07246875762939453,0.918772826880935
0.072479248046875,0.9188458728999269
0.07248973846435547,0.918918918918919
0.07251596450805664,0.9189919649379109
0.07252144813537598,0.9190650109569029
0.07253146171569824,0.9191380569758948
0.07253289222717285,0.9192111029948867
0.07253313064575195,0.9192841490138788
0.07254695892333984,0.9193571950328707
0.07259607315063477,0.9194302410518627
0.07263898849487305,0.9195032870708546
0.07265257835388184,0.9195763330898467
0.07266759872436523,0.9196493791088386
0.07266879081726074,0.9197224251278305
0.07267427444458008,0.9197954711468225
0.0727236270904541,0.9198685171658144
0.0727236270904541,0.9199415631848065
0.07274460792541504,0.9200146092037984
0.07276749610900879,0.9200876552227903
0.07277393341064453,0.9201607012417823
0.07281231880187988,0.9202337472607743
0.07283616065979004,0.9203067932797663
0.07284855842590332,0.9203798392987582
0.07286453247070312,0.9204528853177502
0.07286477088928223,0.9205259313367421
0.07287144660949707,0.9205989773557341
0.07288169860839844,0.9206720233747261
0.07290148735046387,0.920745069393718
0.07291293144226074,0.92081811541271
0.07292675971984863,0.920891161431702
0.0729374885559082,0.920964207450694
0.07294821739196777,0.9210372534696859
0.0729529857635498,0.9211102994886778
0.0729680061340332,0.9211833455076698
0.07299256324768066,0.9212563915266618
0.0729982852935791,0.9213294375456538
0.07302069664001465,0.9214024835646457
0.07304620742797852,0.9214755295836377
0.0730733871459961,0.9215485756026297
0.0730905532836914,0.9216216216216216
0.0731356143951416,0.9216946676406136
0.07313847541809082,0.9217677136596055
0.0731818675994873,0.9218407596785975
0.07318496704101562,0.9219138056975895
0.07319378852844238,0.9219868517165815
0.07320356369018555,0.9220598977355734
0.07321023941040039,0.9221329437545653
0.073211669921875,0.9222059897735574
0.07328295707702637,0.9222790357925493
0.07330107688903809,0.9223520818115413
0.07334017753601074,0.9224251278305332
0.07334017753601074,0.9224981738495251
0.07335710525512695,0.9225712198685172
0.07335782051086426,0.9226442658875091
0.0733790397644043,0.9227173119065011
0.07338786125183105,0.922790357925493
0.07339835166931152,0.9228634039444851
0.0734095573425293,0.922936449963477
0.07342767715454102,0.923009495982469
0.07343244552612305,0.9230825420014609
0.0734565258026123,0.9231555880204528
0.07348060607910156,0.9232286340394449
0.07349038124084473,0.9233016800584368
0.07350349426269531,0.9233747260774288
0.07352662086486816,0.9234477720964207
0.07354521751403809,0.9235208181154128
0.0735628604888916,0.9235938641344047
0.07357120513916016,0.9236669101533966
0.07360672950744629,0.9237399561723886
0.07361507415771484,0.9238130021913805
0.07361626625061035,0.9238860482103726
0.07366561889648438,0.9239590942293645
0.07367372512817383,0.9240321402483564
0.07367420196533203,0.9241051862673484
0.07368707656860352,0.9241782322863404
0.07372784614562988,0.9242512783053324
0.07373905181884766,0.9243243243243243
0.0737466812133789,0.9243973703433163
0.07374835014343262,0.9244704163623082
0.07375836372375488,0.9245434623813003
0.07376217842102051,0.9246165084002922
0.07378792762756348,0.9246895544192841
0.0737910270690918,0.9247626004382761
0.07380056381225586,0.9248356464572681
0.07381606101989746,0.9249086924762601
0.07384729385375977,0.924981738495252
0.07385373115539551,0.9250547845142439
0.07386040687561035,0.9251278305332359
0.07386136054992676,0.9252008765522279
0.07386636734008789,0.9252739225712199
0.07387757301330566,0.9253469685902118
0.07390713691711426,0.9254200146092038
0.07395172119140625,0.9254930606281958
0.07397317886352539,0.9255661066471877
0.0739741325378418,0.9256391526661797
0.07401442527770996,0.9257121986851716
0.07402253150939941,0.9257852447041636
0.07402706146240234,0.9258582907231556
0.0740354061126709,0.9259313367421476
0.0740516185760498,0.9260043827611395
0.07406210899353027,0.9260774287801314
0.0740966796875,0.9261504747991235
0.07414507865905762,0.9262235208181154
0.0741586685180664,0.9262965668371074
0.07416915893554688,0.9263696128560993
0.07421684265136719,0.9264426588750914
0.07424521446228027,0.9265157048940833
0.0742485523223877,0.9265887509130752
0.07427668571472168,0.9266617969320672
0.07428646087646484,0.9267348429510591
0.0742955207824707,0.9268078889700512
0.07431483268737793,0.9268809349890431
0.07433128356933594,0.926953981008035
0.07436037063598633,0.927027027027027
0.07437539100646973,0.927100073046019
0.07438540458679199,0.927173119065011
0.07438850402832031,0.9272461650840029
0.07442259788513184,0.9273192111029949
0.07445287704467773,0.9273922571219868
0.07445907592773438,0.9274653031409789
0.07446980476379395,0.9275383491599708
0.07449007034301758,0.9276113951789627
0.07450008392333984,0.9276844411979547
0.07451725006103516,0.9277574872169467
0.07454657554626465,0.9278305332359387
0.07454729080200195,0.9279035792549306
0.07454943656921387,0.9279766252739226
0.07456159591674805,0.9280496712929145
0.07457876205444336,0.9281227173119065
0.07464742660522461,0.9281957633308985
0.07464861869812012,0.9282688093498904
0.07465815544128418,0.9283418553688824
0.0746769905090332,0.9284149013878744
0.07467842102050781,0.9284879474068664
0.07469892501831055,0.9285609934258583
0.07470059394836426,0.9286340394448502
0.07470369338989258,0.9287070854638422
0.0747077465057373,0.9287801314828342
0.07470965385437012,0.9288531775018262
0.07471370697021484,0.9289262235208181
0.07473278045654297,0.92899926953981
0.07473635673522949,0.9290723155588021
0.07474136352539062,0.929145361577794
0.07476663589477539,0.929218407596786
0.0747690200805664,0.9292914536157779
0.07477140426635742,0.9293644996347699
0.0747835636138916,0.9294375456537619
0.07480716705322266,0.9295105916727538
0.07482719421386719,0.9295836376917458
0.07484793663024902,0.9296566837107377
0.07486963272094727,0.9297297297297298
0.07488369941711426,0.9298027757487217
0.07488512992858887,0.9298758217677137
0.07489991188049316,0.9299488677867056
0.07494711875915527,0.9300219138056975
0.07496142387390137,0.9300949598246896
0.0750114917755127,0.9301680058436815
0.07505989074707031,0.9302410518626735
0.07506418228149414,0.9303140978816654
0.07506942749023438,0.9303871439006575
0.0750894546508789,0.9304601899196494
0.07509040832519531,0.9305332359386413
0.07510089874267578,0.9306062819576333
0.07511782646179199,0.9306793279766252
0.07517671585083008,0.9307523739956173
0.07519793510437012,0.9308254200146092
0.07520031929016113,0.9308984660336012
0.07521486282348633,0.9309715120525931
0.07522296905517578,0.9310445580715851
0.07523465156555176,0.9311176040905771
0.07523727416992188,0.931190650109569
0.07524299621582031,0.931263696128561
0.0752553939819336,0.9313367421475529
0.07527971267700195,0.931409788166545
0.0752871036529541,0.9314828341855369
0.07529950141906738,0.9315558802045288
0.07532215118408203,0.9316289262235208
0.07532358169555664,0.9317019722425128
0.07538247108459473,0.9317750182615048
0.0753946304321289,0.9318480642804967
0.07543158531188965,0.9319211102994887
0.0754404067993164,0.9319941563184806
0.0754697322845459,0.9320672023374726
0.07551074028015137,0.9321402483564646
0.07552170753479004,0.9322132943754565
0.07554173469543457,0.9322863403944485
0.07555007934570312,0.9323593864134405
0.07557320594787598,0.9324324324324325
0.07559800148010254,0.9325054784514244
0.07559919357299805,0.9325785244704163
0.07560563087463379,0.9326515704894083
0.07562875747680664,0.9327246165084003
0.07563662528991699,0.9327976625273923
0.07564401626586914,0.9328707085463842
0.07567119598388672,0.9329437545653761
0.07569432258605957,0.9330168005843682
0.0757136344909668,0.9330898466033601
0.07572007179260254,0.9331628926223521
0.07572603225708008,0.933235938641344
0.07581186294555664,0.933308984660336
0.07582306861877441,0.933382030679328
0.07583975791931152,0.93345507669832
0.07584643363952637,0.9335281227173119
0.07590246200561523,0.9336011687363038
0.0759270191192627,0.9336742147552959
0.07594633102416992,0.9337472607742878
0.07596206665039062,0.9338203067932798
0.07599949836730957,0.9338933528122717
0.0760049819946289,0.9339663988312636
0.07600641250610352,0.9340394448502557
0.07603073120117188,0.9341124908692476
0.07605290412902832,0.9341855368882396
0.07607245445251465,0.9342585829072315
0.07607388496398926,0.9343316289262236
0.07611417770385742,0.9344046749452155
0.0761404037475586,0.9344777209642074
0.07616567611694336,0.9345507669831994
0.0761713981628418,0.9346238130021913
0.0761868953704834,0.9346968590211834
0.07620477676391602,0.9347699050401753
0.07620930671691895,0.9348429510591673
0.07621097564697266,0.9349159970781592
0.07625365257263184,0.9349890430971513
0.07629275321960449,0.9350620891161432
0.07630586624145508,0.9351351351351351
0.07632637023925781,0.9352081811541271
0.07636475563049316,0.935281227173119
0.07636570930480957,0.9353542731921111
0.07637667655944824,0.935427319211103
0.07637810707092285,0.9355003652300949
0.07638311386108398,0.9355734112490869
0.07639122009277344,0.9356464572680789
0.07639646530151367,0.9357195032870709
0.07640838623046875,0.9357925493060628
0.07643270492553711,0.9358655953250548
0.07644987106323242,0.9359386413440467
0.07645678520202637,0.9360116873630387
0.0764610767364502,0.9360847333820307
0.07646870613098145,0.9361577794010226
0.07648634910583496,0.9362308254200146
0.07649445533752441,0.9363038714390066
0.0765073299407959,0.9363769174579986
0.07653093338012695,0.9364499634769905
0.07654118537902832,0.9365230094959824
0.0765848159790039,0.9365960555149744
0.07659244537353516,0.9366691015339664
0.07659363746643066,0.9367421475529584
0.07661938667297363,0.9368151935719503
0.07662296295166016,0.9368882395909423
0.07665300369262695,0.9369612856099343
0.07666134834289551,0.9370343316289262
0.07666921615600586,0.9371073776479182
0.0766756534576416,0.9371804236669101
0.07669377326965332,0.9372534696859021
0.07670140266418457,0.9373265157048941
0.07673120498657227,0.937399561723886
0.07673287391662598,0.937472607742878
0.07674264907836914,0.9375456537618699
0.07676172256469727,0.937618699780862
0.07681512832641602,0.9376917457998539
0.07686352729797363,0.9377647918188459
0.07687926292419434,0.9378378378378378
0.07690048217773438,0.9379108838568299
0.07692265510559082,0.9379839298758218
0.07694506645202637,0.9380569758948137
0.07696747779846191,0.9381300219138057
0.07698559761047363,0.9382030679327976
0.07703566551208496,0.9382761139517897
0.07709932327270508,0.9383491599707816
0.07711243629455566,0.9384222059897736
0.07711958885192871,0.9384952520087655
0.07712507247924805,0.9385682980277575
0.07712960243225098,0.9386413440467495
0.07714629173278809,0.9387143900657414
0.07715535163879395,0.9387874360847334
0.07716012001037598,0.9388604821037253
0.07718324661254883,0.9389335281227174
0.0771937370300293,0.9390065741417093
0.07721066474914551,0.9390796201607012
0.0772254467010498,0.9391526661796932
0.07722949981689453,0.9392257121986852
0.07723069190979004,0.9392987582176772
0.07723879814147949,0.9393718042366691
0.07725310325622559,0.939444850255661
0.07726836204528809,0.939517896274653
0.07727360725402832,0.939590942293645
0.07728147506713867,0.939663988312637
0.07728934288024902,0.9397370343316289
0.07729125022888184,0.9398100803506209
0.07735013961791992,0.9398831263696129
0.07735824584960938,0.9399561723886048
0.07744765281677246,0.9400292184075968
0.07747769355773926,0.9401022644265887
0.07750129699707031,0.9401753104455807
0.07751584053039551,0.9402483564645727
0.07755875587463379,0.9403214024835647
0.07757234573364258,0.9403944485025566
0.07758402824401855,0.9404674945215485
0.07759237289428711,0.9405405405405406
0.07760334014892578,0.9406135865595325
0.07761502265930176,0.9406866325785245
0.07762002944946289,0.9407596785975164
0.07763290405273438,0.9408327246165084
0.07763934135437012,0.9409057706355004
0.07764768600463867,0.9409788166544923
0.07766985893249512,0.9410518626734843
0.07768774032592773,0.9411249086924762
0.07774233818054199,0.9411979547114683
0.07778191566467285,0.9412710007304602
0.07780003547668457,0.9413440467494522
0.07781124114990234,0.9414170927684441
0.07784152030944824,0.941490138787436
0.0778799057006836,0.9415631848064281
0.07788801193237305,0.94163623082542
0.07791423797607422,0.941709276844412
0.07793641090393066,0.9417823228634039
0.07794690132141113,0.941855368882396
0.07799744606018066,0.9419284149013879
0.07803630828857422,0.9420014609203798
0.0781092643737793,0.9420745069393718
0.07812690734863281,0.9421475529583637
0.07815122604370117,0.9422205989773558
0.0781865119934082,0.9422936449963477
0.07820487022399902,0.9423666910153397
0.07822203636169434,0.9424397370343316
0.07822871208190918,0.9425127830533236
0.0782632827758789,0.9425858290723156
0.0782778263092041,0.9426588750913075
0.07833695411682129,0.9427319211102995
0.07834672927856445,0.9428049671292914
0.0783534049987793,0.9428780131482835
0.07836604118347168,0.9429510591672754
0.07839322090148926,0.9430241051862673
0.07840609550476074,0.9430971512052593
0.07842421531677246,0.9431701972242513
0.07843017578125,0.9432432432432433
0.07844281196594238,0.9433162892622352
0.07845020294189453,0.9433893352812271
0.07848238945007324,0.9434623813002191
0.07848811149597168,0.9435354273192111
0.07853341102600098,0.9436084733382031
0.07854866981506348,0.943681519357195
0.0786290168762207,0.943754565376187
0.07864117622375488,0.943827611395179
0.07869362831115723,0.943900657414171
0.07873272895812988,0.9439737034331629
0.07874703407287598,0.9440467494521548
0.07877349853515625,0.9441197954711468
0.07882308959960938,0.9441928414901388
0.0788266658782959,0.9442658875091308
0.07883119583129883,0.9443389335281227
0.07884788513183594,0.9444119795471146
0.07888007164001465,0.9444850255661067
0.078887939453125,0.9445580715850986
0.0789036750793457,0.9446311176040906
0.0789179801940918,0.9447041636230825
0.07895064353942871,0.9447772096420745
0.07897305488586426,0.9448502556610665
0.07898950576782227,0.9449233016800584
0.07901501655578613,0.9449963476990504
0.07901787757873535,0.9450693937180423
0.07901883125305176,0.9451424397370344
0.07902765274047852,0.9452154857560263
0.07903718948364258,0.9452885317750183
0.07909154891967773,0.9453615777940102
0.07909917831420898,0.9454346238130021
0.07913589477539062,0.9455076698319942
0.07913875579833984,0.9455807158509861
0.07916545867919922,0.9456537618699781
0.07919120788574219,0.94572680788897
0.07920718193054199,0.9457998539079621
0.0792078971862793,0.945872899926954
0.07922625541687012,0.9459459459459459
0.07924675941467285,0.9460189919649379
0.07925128936767578,0.9460920379839298
0.07930254936218262,0.9461650840029219
0.07933402061462402,0.9462381300219138
0.07934331893920898,0.9463111760409058
0.07935404777526855,0.9463842220598977
0.07937335968017578,0.9464572680788897
0.07939505577087402,0.9465303140978817
0.07939600944519043,0.9466033601168736
0.07940125465393066,0.9466764061358656
0.07942509651184082,0.9467494521548575
0.07944607734680176,0.9468224981738496
0.0794515609741211,0.9468955441928415
0.07946062088012695,0.9469685902118334
0.07950258255004883,0.9470416362308254
0.07950353622436523,0.9471146822498174
0.07951712608337402,0.9471877282688094
0.07959532737731934,0.9472607742878013
0.0796055793762207,0.9473338203067933
0.07963275909423828,0.9474068663257852
0.07964396476745605,0.9474799123447772
0.07967185974121094,0.9475529583637692
0.07968544960021973,0.9476260043827611
0.0797278881072998,0.9476990504017531
0.07976102828979492,0.9477720964207451
0.07978200912475586,0.947845142439737
0.07979202270507812,0.947918188458729
0.07979416847229004,0.9479912344777209
0.07979774475097656,0.9480642804967129
0.07983779907226562,0.9481373265157049
0.07983875274658203,0.9482103725346969
0.07985901832580566,0.9482834185536888
0.07985997200012207,0.9483564645726807
0.07991194725036621,0.9484295105916728
0.07991909980773926,0.9485025566106647
0.07992243766784668,0.9485756026296567
0.07993340492248535,0.9486486486486486
0.07994222640991211,0.9487216946676406
0.07998347282409668,0.9487947406866326
0.08001446723937988,0.9488677867056245
0.08005547523498535,0.9489408327246165
0.0800621509552002,0.9490138787436084
0.08007931709289551,0.9490869247626005
0.08009219169616699,0.9491599707815924
0.08009815216064453,0.9492330168005844
0.08013105392456055,0.9493060628195763
0.08015060424804688,0.9493791088385684
0.0801553726196289,0.9494521548575603
0.08016633987426758,0.9495252008765522
0.0801694393157959,0.9495982468955442
0.08017683029174805,0.9496712929145361
0.08018159866333008,0.9497443389335282
0.08020734786987305,0.9498173849525201
0.08022332191467285,0.949890430971512
0.08022904396057129,0.949963476990504
0.08026289939880371,0.950036523009496
0.08027386665344238,0.950109569028488
0.0802912712097168,0.9501826150474799
0.08030200004577637,0.9502556610664719
0.08042478561401367,0.9503287070854638
0.08043742179870605,0.9504017531044558
0.08046746253967285,0.9504747991234478
0.0805203914642334,0.9505478451424397
0.08052325248718262,0.9506208911614317
0.08053183555603027,0.9506939371804237
0.08053994178771973,0.9507669831994157
0.08056211471557617,0.9508400292184076
0.08056330680847168,0.9509130752373995
0.0805976390838623,0.9509861212563915
0.08060264587402344,0.9510591672753835
0.08060503005981445,0.9511322132943755
0.0806112289428711,0.9512052593133674
0.08066534996032715,0.9512783053323594
0.08071374893188477,0.9513513513513514
0.08072304725646973,0.9514243973703433
0.08076930046081543,0.9514974433893353
0.08077621459960938,0.9515704894083272
0.08078503608703613,0.9516435354273192
0.08084368705749512,0.9517165814463112
0.08084630966186523,0.9517896274653032
0.08085417747497559,0.9518626734842951
0.08087372779846191,0.951935719503287
0.08091950416564941,0.9520087655222791
0.08095121383666992,0.952081811541271
0.08095359802246094,0.952154857560263
0.08096837997436523,0.9522279035792549
0.0809943675994873,0.9523009495982468
0.08099579811096191,0.9523739956172389
0.08099985122680664,0.9524470416362308
0.08106207847595215,0.9525200876552228
0.08106803894042969,0.9525931336742147
0.08107471466064453,0.9526661796932068
0.08107566833496094,0.9527392257121987
0.08107590675354004,0.9528122717311907
0.0810854434967041,0.9528853177501826
0.08109879493713379,0.9529583637691745
0.08111429214477539,0.9530314097881666
0.08112072944641113,0.9531044558071585
0.08112263679504395,0.9531775018261505
0.08112692832946777,0.9532505478451424
0.08114981651306152,0.9533235938641345
0.08115601539611816,0.9533966398831264
0.08125996589660645,0.9534696859021183
0.08129310607910156,0.9535427319211103
0.08132457733154297,0.9536157779401022
0.08133769035339355,0.9536888239590943
0.08134937286376953,0.9537618699780862
0.08135414123535156,0.9538349159970781
0.08135986328125,0.9539079620160701
0.08137321472167969,0.9539810080350621
0.0813901424407959,0.9540540540540541
0.08146452903747559,0.954127100073046
0.08148074150085449,0.954200146092038
0.08151817321777344,0.9542731921110299
0.08152484893798828,0.954346238130022
0.08153128623962402,0.9544192841490139
0.08156085014343262,0.9544923301680058
0.08162164688110352,0.9545653761869978
0.08162331581115723,0.9546384222059898
0.08162379264831543,0.9547114682249818
0.08165860176086426,0.9547845142439737
0.08169269561767578,0.9548575602629656
0.08170008659362793,0.9549306062819576
0.08173990249633789,0.9550036523009496
0.08178162574768066,0.9550766983199416
0.08179712295532227,0.9551497443389335
0.08179759979248047,0.9552227903579255
0.08181405067443848,0.9552958363769175
0.0818169116973877,0.9553688823959094
0.08185458183288574,0.9554419284149014
0.08187532424926758,0.9555149744338933
0.08187747001647949,0.9555880204528853
0.08192896842956543,0.9556610664718773
0.08193588256835938,0.9557341124908693
0.0819861888885498,0.9558071585098612
0.08198904991149902,0.9558802045288531
0.08201050758361816,0.9559532505478452
0.08204221725463867,0.9560262965668371
0.08207917213439941,0.9560993425858291
0.08209824562072754,0.956172388604821
0.08214974403381348,0.956245434623813
0.08215475082397461,0.956318480642805
0.08215832710266113,0.9563915266617969
0.08217453956604004,0.9564645726807889
0.08221578598022461,0.9565376186997808
0.08222246170043945,0.9566106647187729
0.08225774765014648,0.9566837107377648
0.0823209285736084,0.9567567567567568
0.08233904838562012,0.9568298027757487
0.08235836029052734,0.9569028487947406
0.08236026763916016,0.9569758948137327
0.08236026763916016,0.9570489408327246
0.08237004280090332,0.9571219868517166
0.0824117660522461,0.9571950328707085
0.08241510391235352,0.9572680788897006
0.08243656158447266,0.9573411249086925
0.08244729042053223,0.9574141709276844
0.08245563507080078,0.9574872169466764
0.08252358436584473,0.9575602629656683
0.08254003524780273,0.9576333089846604
0.08257079124450684,0.9577063550036523
0.08257079124450684,0.9577794010226443
0.08258366584777832,0.9578524470416362
0.08263516426086426,0.9579254930606282
0.08265805244445801,0.9579985390796202
0.08269309997558594,0.9580715850986121
0.0827033519744873,0.9581446311176041
0.08270406723022461,0.958217677136596
0.08270740509033203,0.958290723155588
0.08272361755371094,0.95836376917458
0.08272886276245117,0.9584368151935719
0.08276247978210449,0.9585098612125639
0.08277153968811035,0.9585829072315559
0.0827779769897461,0.9586559532505479
0.08280801773071289,0.9587289992695398
0.08281922340393066,0.9588020452885317
0.08291912078857422,0.9588750913075237
0.08296060562133789,0.9589481373265157
0.0829613208770752,0.9590211833455077
0.08298945426940918,0.9590942293644996
0.08302855491638184,0.9591672753834916
0.0830392837524414,0.9592403214024836
0.08306694030761719,0.9593133674214755
0.08306694030761719,0.9593864134404675
0.08310198783874512,0.9594594594594594
0.08312749862670898,0.9595325054784514
0.08314251899719238,0.9596055514974434
0.08314633369445801,0.9596785975164354
0.08318638801574707,0.9597516435354273
0.08323788642883301,0.9598246895544192
0.08325862884521484,0.9598977355734113
0.08325910568237305,0.9599707815924032
0.08326292037963867,0.9600438276113952
0.0832819938659668,0.9601168736303871
0.08328437805175781,0.960189919649379
0.08329939842224121,0.9602629656683711
0.08329963684082031,0.960336011687363
0.08330702781677246,0.960409057706355
0.0833292007446289,0.9604821037253469
0.08334016799926758,0.960555149744339
0.08336687088012695,0.9606281957633309
0.08339691162109375,0.9607012417823229
0.0834050178527832,0.9607742878013148
0.08346176147460938,0.9608473338203068
0.0835261344909668,0.9609203798392988
0.08356761932373047,0.9609934258582907
0.0836186408996582,0.9610664718772827
0.08363676071166992,0.9611395178962746
0.08365631103515625,0.9612125639152667
0.08367705345153809,0.9612856099342586
0.08381867408752441,0.9613586559532505
0.08385586738586426,0.9614317019722425
0.08385658264160156,0.9615047479912345
0.08386802673339844,0.9615777940102265
0.08387947082519531,0.9616508400292184
0.08388876914978027,0.9617238860482104
0.08390522003173828,0.9617969320672023
0.08396077156066895,0.9618699780861943
0.0839838981628418,0.9619430241051863
0.08404111862182617,0.9620160701241782
0.08406949043273926,0.9620891161431702
0.08408665657043457,0.9621621621621622
0.08416271209716797,0.9622352081811542
0.084197998046875,0.9623082542001461
0.08420062065124512,0.962381300219138
0.08421945571899414,0.96245434623813
0.08421993255615234,0.962527392257122
0.08422136306762695,0.962600438276114
0.08429360389709473,0.9626734842951059
0.08429622650146484,0.9627465303140978
0.08430099487304688,0.9628195763330899
0.08430862426757812,0.9628926223520818
0.08433985710144043,0.9629656683710738
0.08434391021728516,0.9630387143900657
0.08435463905334473,0.9631117604090577
0.0843648910522461,0.9631848064280497
0.08437967300415039,0.9632578524470417
0.08442282676696777,0.9633308984660336
0.08445382118225098,0.9634039444850255
0.08450961112976074,0.9634769905040176
0.0845332145690918,0.9635500365230095
0.08463311195373535,0.9636230825420015
0.08465051651000977,0.9636961285609934
0.08466362953186035,0.9637691745799853
0.0846703052520752,0.9638422205989774
0.08473038673400879,0.9639152666179693
0.0847330093383789,0.9639883126369613
0.08473920822143555,0.9640613586559532
0.08483529090881348,0.9641344046749453
0.08485746383666992,0.9642074506939372
0.08486461639404297,0.9642804967129291
0.08489108085632324,0.9643535427319211
0.08491730690002441,0.964426588750913
0.08494305610656738,0.9644996347699051
0.08494782447814941,0.964572680788897
0.08498668670654297,0.964645726807889
0.08504462242126465,0.9647187728268809
0.08508658409118652,0.964791818845873
0.08512735366821289,0.9648648648648649
0.08523678779602051,0.9649379108838568
0.08525395393371582,0.9650109569028488
0.08533883094787598,0.9650840029218407
0.0853426456451416,0.9651570489408328
0.0853428840637207,0.9652300949598247
0.08535146713256836,0.9653031409788166
0.08537602424621582,0.9653761869978086
0.08540582656860352,0.9654492330168006
0.08541035652160645,0.9655222790357926
0.08542919158935547,0.9655953250547845
0.08543634414672852,0.9656683710737765
0.08552289009094238,0.9657414170927684
0.08554863929748535,0.9658144631117604
0.08555388450622559,0.9658875091307524
0.08556103706359863,0.9659605551497443
0.08556699752807617,0.9660336011687363
0.08557772636413574,0.9661066471877283
0.08557868003845215,0.9661796932067203
0.08558106422424316,0.9662527392257122
0.08562588691711426,0.9663257852447041
0.08562803268432617,0.9663988312636961
0.08563733100891113,0.9664718772826881
0.08563995361328125,0.9665449233016801
0.08566617965698242,0.966617969320672
0.08568501472473145,0.966691015339664
0.08571791648864746,0.966764061358656
0.08572125434875488,0.9668371073776479
0.0857539176940918,0.9669101533966399
0.08579277992248535,0.9669831994156318
0.08580279350280762,0.9670562454346238
0.08585262298583984,0.9671292914536158
0.08585524559020996,0.9672023374726078
0.08588600158691406,0.9672753834915997
0.08594751358032227,0.9673484295105916
0.08595943450927734,0.9674214755295837
0.0859982967376709,0.9674945215485756
0.08600521087646484,0.9675675675675676
0.08601737022399902,0.9676406135865595
0.0860433578491211,0.9677136596055514
0.08613729476928711,0.9677867056245435
0.08620834350585938,0.9678597516435354
0.08624958992004395,0.9679327976625274
0.08625125885009766,0.9680058436815193
0.08628559112548828,0.9680788897005114
0.08629441261291504,0.9681519357195033
0.08630728721618652,0.9682249817384952
0.08633661270141602,0.9682980277574872
0.08636999130249023,0.9683710737764791
0.08638739585876465,0.9684441197954712
0.08640193939208984,0.9685171658144631
0.08642864227294922,0.9685902118334551
0.08647394180297852,0.968663257852447
0.08648920059204102,0.968736303871439
0.08649301528930664,0.968809349890431
0.08650827407836914,0.9688823959094229
0.0865471363067627,0.9689554419284149
0.08662152290344238,0.9690284879474068
0.08672285079956055,0.9691015339663989
0.08673691749572754,0.9691745799853908
0.0867455005645752,0.9692476260043827
0.08675742149353027,0.9693206720233747
0.08681035041809082,0.9693937180423667
0.08683896064758301,0.9694667640613587
0.08684873580932617,0.9695398100803506
0.08687400817871094,0.9696128560993426
0.08688640594482422,0.9696859021183345
0.08690261840820312,0.9697589481373265
0.08701515197753906,0.9698319941563185
0.08707332611083984,0.9699050401753104
0.08707547187805176,0.9699780861943024
0.08713507652282715,0.9700511322132944
0.08715152740478516,0.9701241782322864
0.08715462684631348,0.9701972242512783
0.08723163604736328,0.9702702702702702
0.08724188804626465,0.9703433162892622
0.08724689483642578,0.9704163623082542
0.08727550506591797,0.9704894083272462
0.08728146553039551,0.9705624543462381
0.08735370635986328,0.97063550036523
0.08737444877624512,0.9707085463842221
0.08738398551940918,0.970781592403214
0.08740520477294922,0.970854638422206
0.08741044998168945,0.9709276844411979
0.08741140365600586,0.9710007304601899
0.08749961853027344,0.9710737764791819
0.08751034736633301,0.9711468224981739
0.08751130104064941,0.9712198685171658
0.08754086494445801,0.9712929145361577
0.08754539489746094,0.9713659605551498
0.08756089210510254,0.9714390065741417
0.08757567405700684,0.9715120525931337
0.08767127990722656,0.9715850986121256
0.08770179748535156,0.9716581446311177
0.08771657943725586,0.9717311906501096
0.08772873878479004,0.9718042366691015
0.08773469924926758,0.9718772826880935
0.08774209022521973,0.9719503287070854
0.08774328231811523,0.9720233747260775
0.0877687931060791,0.9720964207450694
0.08780717849731445,0.9721694667640614
0.08781313896179199,0.9722425127830533
0.08785009384155273,0.9723155588020453
0.08788347244262695,0.9723886048210373
0.08794212341308594,0.9724616508400292
0.08803129196166992,0.9725346968590212
0.08804082870483398,0.9726077428780131
0.08805608749389648,0.9726807888970052
0.08807516098022461,0.9727538349159971
0.08818554878234863,0.972826880934989
0.08818626403808594,0.972899926953981
0.08819842338562012,0.972972972972973
0.08827590942382812,0.973046018991965
0.08828020095825195,0.9731190650109569
0.08828926086425781,0.9731921110299488
0.08829545974731445,0.9732651570489408
0.08831024169921875,0.9733382030679328
0.08831143379211426,0.9734112490869248
0.08833932876586914,0.9734842951059167
0.08837032318115234,0.9735573411249087
0.08837699890136719,0.9736303871439007
0.08846068382263184,0.9737034331628927
0.08849310874938965,0.9737764791818846
0.08850932121276855,0.9738495252008765
0.08860421180725098,0.9739225712198685
0.08862709999084473,0.9739956172388605
0.08863234519958496,0.9740686632578525
0.08863425254821777,0.9741417092768444
0.08864784240722656,0.9742147552958363
0.08870530128479004,0.9742878013148284
0.08870983123779297,0.9743608473338203
0.08871197700500488,0.9744338933528123
0.08872175216674805,0.9745069393718042
0.08873915672302246,0.9745799853907962
0.08882021903991699,0.9746530314097882
0.08894991874694824,0.9747260774287801
0.08895182609558105,0.9747991234477721
0.08898425102233887,0.974872169466764
0.08903694152832031,0.9749452154857561
0.08905172348022461,0.975018261504748
0.08906364440917969,0.97509130752374
0.08908653259277344,0.9751643535427319
0.08918237686157227,0.9752373995617238
0.08920025825500488,0.9753104455807159
0.08923459053039551,0.9753834915997078
0.08942317962646484,0.9754565376186998
0.0894317626953125,0.9755295836376917
0.0894479751586914,0.9756026296566838
0.08951973915100098,0.9756756756756757
0.08952045440673828,0.9757487216946676
0.08954453468322754,0.9758217677136596
0.0895700454711914,0.9758948137326515
0.08957242965698242,0.9759678597516436
0.08960604667663574,0.9760409057706355
0.08963155746459961,0.9761139517896275
0.08968377113342285,0.9761869978086194
0.08969402313232422,0.9762600438276114
0.08971881866455078,0.9763330898466034
0.08972740173339844,0.9764061358655953
0.08977365493774414,0.9764791818845873
0.08977985382080078,0.9765522279035792
0.08982419967651367,0.9766252739225713
0.08984518051147461,0.9766983199415632
0.08985352516174316,0.9767713659605551
0.08987283706665039,0.9768444119795471
0.08990144729614258,0.9769174579985391
0.08990979194641113,0.9769905040175311
0.08991146087646484,0.977063550036523
0.0899357795715332,0.977136596055515
0.08994269371032715,0.9772096420745069
0.09001779556274414,0.9772826880934989
0.09012269973754883,0.9773557341124909
0.09029579162597656,0.9774287801314828
0.09035825729370117,0.9775018261504748
0.09041142463684082,0.9775748721694668
0.09041523933410645,0.9776479181884588
0.0904233455657959,0.9777209642074507
0.09042477607727051,0.9777940102264426
0.09042859077453613,0.9778670562454346
0.09044909477233887,0.9779401022644266
0.09047341346740723,0.9780131482834186
0.09048151969909668,0.9780861943024105
0.09049820899963379,0.9781592403214024
0.09052300453186035,0.9782322863403945
0.09053421020507812,0.9783053323593864
0.09054279327392578,0.9783783783783784
0.09058070182800293,0.9784514243973703
0.09068059921264648,0.9785244704163623
0.09075617790222168,0.9785975164353543
0.0907599925994873,0.9786705624543462
0.09088730812072754,0.9787436084733382
0.09090399742126465,0.9788166544923301
0.09092426300048828,0.9788897005113222
0.09095644950866699,0.9789627465303141
0.09095978736877441,0.9790357925493061
0.09096384048461914,0.979108838568298
0.09098386764526367,0.9791818845872899
0.09102964401245117,0.979254930606282
0.09117865562438965,0.9793279766252739
0.09118771553039551,0.9794010226442659
0.09127402305603027,0.9794740686632578
0.09128594398498535,0.9795471146822499
0.09135317802429199,0.9796201607012418
0.0913999080657959,0.9796932067202337
0.09141087532043457,0.9797662527392257
0.09141802787780762,0.9798392987582176
0.09142374992370605,0.9799123447772097
0.09149670600891113,0.9799853907962016
0.09149861335754395,0.9800584368151936
0.09155797958374023,0.9801314828341855
0.09156942367553711,0.9802045288531775
0.09165740013122559,0.9802775748721695
0.09169983863830566,0.9803506208911614
0.09173583984375,0.9804236669101534
0.09174489974975586,0.9804967129291453
0.09175848960876465,0.9805697589481374
0.09176874160766602,0.9806428049671293
0.0918416976928711,0.9807158509861212
0.09185504913330078,0.9807888970051132
0.09186220169067383,0.9808619430241052
0.09194636344909668,0.9809349890430972
0.09196972846984863,0.9810080350620891
0.09199810028076172,0.981081081081081
0.09206366539001465,0.981154127100073
0.09212756156921387,0.981227173119065
0.09212851524353027,0.981300219138057
0.09213852882385254,0.9813732651570489
0.09218168258666992,0.9814463111760409
0.09223413467407227,0.9815193571950329
0.0922703742980957,0.9815924032140249
0.09228777885437012,0.9816654492330168
0.0922994613647461,0.9817384952520087
0.0922996997833252,0.9818115412710007
0.09244918823242188,0.9818845872899927
0.09250235557556152,0.9819576333089847
0.09252285957336426,0.9820306793279766
0.09253239631652832,0.9821037253469685
0.09254074096679688,0.9821767713659606
0.09256553649902344,0.9822498173849525
0.09257888793945312,0.9823228634039445
0.09261441230773926,0.9823959094229364
0.09263730049133301,0.9824689554419284
0.09264349937438965,0.9825420014609204
0.09264445304870605,0.9826150474799124
0.0926673412322998,0.9826880934989043
0.09269332885742188,0.9827611395178962
0.09270691871643066,0.9828341855368883
0.09271836280822754,0.9829072315558802
0.09275531768798828,0.9829802775748722
0.09281611442565918,0.9830533235938641
0.09283328056335449,0.9831263696128562
0.09287834167480469,0.9831994156318481
0.09289789199829102,0.98327246165084
0.09293961524963379,0.983345507669832
0.09309744834899902,0.9834185536888239
0.0931398868560791,0.983491599707816
0.09314346313476562,0.9835646457268079
0.09325218200683594,0.9836376917457998
0.09328603744506836,0.9837107377647918
0.09331512451171875,0.9837837837837838
0.09334444999694824,0.9838568298027758
0.09334444999694824,0.9839298758217677
0.093353271484375,0.9840029218407597
0.09340882301330566,0.9840759678597516
0.09344339370727539,0.9841490138787437
0.09345555305480957,0.9842220598977356
0.09345602989196777,0.9842951059167275
0.09356093406677246,0.9843681519357195
0.09365344047546387,0.9844411979547115
0.09365415573120117,0.9845142439737035
0.09366440773010254,0.9845872899926954
0.09367537498474121,0.9846603360116873
0.09367871284484863,0.9847333820306793
0.09371638298034668,0.9848064280496713
0.09374809265136719,0.9848794740686633
0.0937507152557373,0.9849525200876552
0.09376192092895508,0.9850255661066472
0.09378814697265625,0.9850986121256392
0.09387755393981934,0.9851716581446311
0.09389352798461914,0.9852447041636231
0.09390711784362793,0.985317750182615
0.0939185619354248,0.985390796201607
0.09393882751464844,0.985463842220599
0.09407901763916016,0.985536888239591
0.09408092498779297,0.9856099342585829
0.09416532516479492,0.9856829802775748
0.09419727325439453,0.9857560262965669
0.09429669380187988,0.9858290723155588
0.09430050849914551,0.9859021183345508
0.09433484077453613,0.9859751643535427
0.09433531761169434,0.9860482103725347
0.09434747695922852,0.9861212563915267
0.09446358680725098,0.9861943024105186
0.09447526931762695,0.9862673484295106
0.09450078010559082,0.9863403944485025
0.09453511238098145,0.9864134404674946
0.09454202651977539,0.9864864864864865
0.09454512596130371,0.9865595325054785
0.09455633163452148,0.9866325785244704
0.09460091590881348,0.9867056245434623
0.09471464157104492,0.9867786705624544
0.09473371505737305,0.9868517165814463
0.09478402137756348,0.9869247626004383
0.09491634368896484,0.9869978086194302
0.09492254257202148,0.9870708546384223
0.09493303298950195,0.9871439006574142
0.09493899345397949,0.9872169466764061
0.09495019912719727,0.9872899926953981
0.09499287605285645,0.98736303871439
0.09507107734680176,0.9874360847333821
0.09507465362548828,0.987509130752374
0.09518313407897949,0.987582176771366
0.09522628784179688,0.9876552227903579
0.09533333778381348,0.9877282688093499
0.09534263610839844,0.9878013148283419
0.09535813331604004,0.9878743608473338
0.0954141616821289,0.9879474068663258
0.0954289436340332,0.9880204528853177
0.09547281265258789,0.9880934989043098
0.0954732894897461,0.9881665449233017
0.09554052352905273,0.9882395909422936
0.09565043449401855,0.9883126369612856
0.09577202796936035,0.9883856829802776
0.0958092212677002,0.9884587289992696
0.09584951400756836,0.9885317750182615
0.09586358070373535,0.9886048210372534
0.09605073928833008,0.9886778670562454
0.09605622291564941,0.9887509130752374
0.0961143970489502,0.9888239590942294
0.09620475769042969,0.9888970051132213
0.09635090827941895,0.9889700511322133
0.09638690948486328,0.9890430971512053
0.09639453887939453,0.9891161431701972
0.09639716148376465,0.9891891891891892
0.09641003608703613,0.9892622352081811
0.09652996063232422,0.9893352812271731
0.09660983085632324,0.9894083272461651
0.09669327735900879,0.9894813732651571
0.09669613838195801,0.989554419284149
0.09671521186828613,0.9896274653031409
0.09679913520812988,0.989700511322133
0.0968017578125,0.9897735573411249
0.09680485725402832,0.9898466033601169
0.09686398506164551,0.9899196493791088
0.09694337844848633,0.9899926953981008
0.09702467918395996,0.9900657414170928
0.0970616340637207,0.9901387874360847
0.09729814529418945,0.9902118334550767
0.09732627868652344,0.9902848794740686
0.09747481346130371,0.9903579254930607
0.09751605987548828,0.9904309715120526
0.09761428833007812,0.9905040175310446
0.09777140617370605,0.9905770635500365
0.09777259826660156,0.9906501095690284
0.0978400707244873,0.9907231555880205
0.09793424606323242,0.9907962016070124
0.09804582595825195,0.9908692476260044
0.09809446334838867,0.9909422936449963
0.09815359115600586,0.9910153396639884
0.09820890426635742,0.9910883856829803
0.09824419021606445,0.9911614317019722
0.09836292266845703,0.9912344777209642
0.09852194786071777,0.9913075237399561
0.09880447387695312,0.9913805697589482
0.09889435768127441,0.9914536157779401
0.09890079498291016,0.991526661796932
0.09891271591186523,0.991599707815924
0.09892010688781738,0.991672753834916
0.09892916679382324,0.991745799853908
0.09895515441894531,0.9918188458728999
0.09907078742980957,0.9918918918918919
0.09915876388549805,0.9919649379108838
0.09925007820129395,0.9920379839298759
0.09935450553894043,0.9921110299488678
0.09936928749084473,0.9921840759678597
0.09938859939575195,0.9922571219868517
0.09962773323059082,0.9923301680058437
0.09974527359008789,0.9924032140248357
0.0997459888458252,0.9924762600438276
0.09975624084472656,0.9925493060628195
0.09981131553649902,0.9926223520818115
0.09981393814086914,0.9926953981008035
0.09999418258666992,0.9927684441197955
0.1002199649810791,0.9928414901387874
0.10029006004333496,0.9929145361577794
0.10043621063232422,0.9929875821767714
0.1004490852355957,0.9930606281957634
0.10054898262023926,0.9931336742147553
0.10059356689453125,0.9932067202337472
0.10064244270324707,0.9932797662527392
0.1006784439086914,0.9933528122717312
0.1007843017578125,0.9934258582907232
0.10093927383422852,0.9934989043097151
0.1009979248046875,0.993571950328707
0.10119509696960449,0.9936449963476991
0.10121417045593262,0.993718042366691
0.10130119323730469,0.993791088385683
0.10155057907104492,0.9938641344046749
0.10158300399780273,0.9939371804236669
0.10174226760864258,0.9940102264426589
0.10203170776367188,0.9940832724616508
0.10208725929260254,0.9941563184806428
0.10230183601379395,0.9942293644996347
0.10239529609680176,0.9943024105186268
0.10244131088256836,0.9943754565376187
0.10245680809020996,0.9944485025566107
0.1026163101196289,0.9945215485756026
0.10277128219604492,0.9945945945945946
0.10305404663085938,0.9946676406135866
0.10343337059020996,0.9947406866325785
0.10347819328308105,0.9948137326515705
0.10371541976928711,0.9948867786705624
0.10404706001281738,0.9949598246895545
0.10456204414367676,0.9950328707085464
0.10460376739501953,0.9951059167275383
0.10463094711303711,0.9951789627465303
0.10485386848449707,0.9952520087655223
0.10487818717956543,0.9953250547845143
0.10490083694458008,0.9953981008035062
0.10511207580566406,0.9954711468224982
0.10513043403625488,0.9955441928414901
0.10532879829406738,0.9956172388604821
0.10593271255493164,0.9956902848794741
0.10599470138549805,0.995763330898466
0.10602569580078125,0.995836376917458
0.10646796226501465,0.99590942293645
0.10650849342346191,0.995982468955442
0.10660624504089355,0.9960555149744339
0.10686707496643066,0.9961285609934258
0.10714364051818848,0.9962016070124178
0.10790514945983887,0.9962746530314098
0.10825610160827637,0.9963476990504018
0.10826253890991211,0.9964207450693937
0.10834169387817383,0.9964937910883856
0.10859918594360352,0.9965668371073777
0.10874152183532715,0.9966398831263696
0.1089026927947998,0.9967129291453616
0.10984444618225098,0.9967859751643535
0.11061406135559082,0.9968590211833455
0.11089754104614258,0.9969320672023375
0.11140584945678711,0.9970051132213295
0.11251568794250488,0.9970781592403214
0.112823486328125,0.9971512052593133
0.11309814453125,0.9972242512783054
0.11321592330932617,0.9972972972972973
0.11331558227539062,0.9973703433162893
0.11405372619628906,0.9974433893352812
0.11482667922973633,0.9975164353542731
0.11526274681091309,0.9975894813732652
0.11569046974182129,0.9976625273922571
0.1160728931427002,0.9977355734112491
0.11629629135131836,0.997808619430241
0.11632347106933594,0.9978816654492331
0.11663222312927246,0.997954711468225
0.11812734603881836,0.998027757487217
0.11905765533447266,0.9981008035062089
0.1213834285736084,0.9981738495252008
0.1233823299407959,0.9982468955441929
0.12350010871887207,0.9983199415631848
0.12499618530273438,0.9983929875821768
0.1252908706665039,0.9984660336011687
0.12794184684753418,0.9985390796201608
0.12829303741455078,0.9986121256391527
0.1298692226409912,0.9986851716581446
0.13274073600769043,0.9987582176771366
0.13286471366882324,0.9988312636961285
0.13549065589904785,0.9989043097151206
0.13613533973693848,0.9989773557341125
0.13652801513671875,0.9990504017531044
0.14083361625671387,0.9991234477720964
0.1432027816772461,0.9991964937910884
0.14600014686584473,0.9992695398100804
0.15524601936340332,0.9993425858290723
0.15678191184997559,0.9994156318480643
0.1571822166442871,0.9994886778670562
0.1724379062652588,0.9995617238860482
0.17325854301452637,0.9996347699050402
0.17651963233947754,0.9997078159240321
0.1795210838317871,0.9997808619430241
0.18163037300109863,0.9998539079620161
0.18235349655151367,0.9999269539810081
0.18559575080871582,1.0
