inter_batch_delay,cdf
4.982948303222656e-05,9.095043201455206e-05
5.173683166503906e-05,0.00018190086402910413
5.5789947509765625e-05,0.00027285129604365623
5.626678466796875e-05,0.00036380172805820825
5.7220458984375e-05,0.00045475216007276033
5.7220458984375e-05,0.0005457025920873125
5.7220458984375e-05,0.0006366530241018644
5.7697296142578125e-05,0.0007276034561164165
5.7697296142578125e-05,0.0008185538881309686
5.793571472167969e-05,0.0009095043201455207
5.817413330078125e-05,0.0010004547521600727
5.841255187988281e-05,0.001091405184174625
5.841255187988281e-05,0.0011823556161891769
5.91278076171875e-05,0.0012733060482037289
5.936622619628906e-05,0.001364256480218281
6.031990051269531e-05,0.001455206912232833
6.198883056640625e-05,0.0015461573442473852
6.270408630371094e-05,0.0016371077762619372
6.29425048828125e-05,0.0017280582082764894
6.29425048828125e-05,0.0018190086402910413
6.318092346191406e-05,0.0019099590723055935
6.318092346191406e-05,0.0020009095043201455
6.318092346191406e-05,0.0020918599363346974
6.318092346191406e-05,0.00218281036834925
6.341934204101562e-05,0.002273760800363802
6.389617919921875e-05,0.0023647112323783538
6.389617919921875e-05,0.0024556616643929058
6.389617919921875e-05,0.0025466120964074577
6.461143493652344e-05,0.00263756252842201
6.461143493652344e-05,0.002728512960436562
6.508827209472656e-05,0.002819463392451114
6.556510925292969e-05,0.002910413824465666
6.628036499023438e-05,0.0030013642564802184
6.67572021484375e-05,0.0030923146884947704
6.699562072753906e-05,0.0031832651205093224
6.723403930664062e-05,0.0032742155525238743
6.723403930664062e-05,0.0033651659845384267
6.723403930664062e-05,0.0034561164165529787
6.818771362304688e-05,0.0035470668485675307
6.866455078125e-05,0.0036380172805820826
6.866455078125e-05,0.003728967712596635
6.914138793945312e-05,0.003819918144611187
6.914138793945312e-05,0.003910868576625739
6.937980651855469e-05,0.004001819008640291
6.937980651855469e-05,0.004092769440654843
6.961822509765625e-05,0.004183719872669395
6.961822509765625e-05,0.004274670304683947
6.985664367675781e-05,0.0043656207366985
6.985664367675781e-05,0.004456571168713052
7.033348083496094e-05,0.004547521600727604
7.05718994140625e-05,0.004638472032742156
7.081031799316406e-05,0.0047294224647567076
7.081031799316406e-05,0.0048203728967712595
7.081031799316406e-05,0.0049113233287858115
7.081031799316406e-05,0.0050022737608003635
7.081031799316406e-05,0.0050932241928149154
7.104873657226562e-05,0.005184174624829468
7.104873657226562e-05,0.00527512505684402
7.128715515136719e-05,0.005366075488858572
7.128715515136719e-05,0.005457025920873124
7.200241088867188e-05,0.005547976352887676
7.200241088867188e-05,0.005638926784902228
7.224082946777344e-05,0.00572987721691678
7.224082946777344e-05,0.005820827648931332
7.2479248046875e-05,0.005911778080945885
7.2479248046875e-05,0.006002728512960437
7.271766662597656e-05,0.006093678944974989
7.271766662597656e-05,0.006184629376989541
7.319450378417969e-05,0.006275579809004093
7.343292236328125e-05,0.006366530241018645
7.390975952148438e-05,0.006457480673033197
7.390975952148438e-05,0.006548431105047749
7.390975952148438e-05,0.006639381537062301
7.390975952148438e-05,0.0067303319690768535
7.414817810058594e-05,0.0068212824010914054
7.414817810058594e-05,0.006912232833105957
7.462501525878906e-05,0.007003183265120509
7.462501525878906e-05,0.007094133697135061
7.486343383789062e-05,0.007185084129149613
7.486343383789062e-05,0.007276034561164165
7.510185241699219e-05,0.007366984993178717
7.510185241699219e-05,0.00745793542519327
7.510185241699219e-05,0.007548885857207822
7.510185241699219e-05,0.007639836289222374
7.510185241699219e-05,0.007730786721236926
7.534027099609375e-05,0.007821737153251478
7.534027099609375e-05,0.00791268758526603
7.534027099609375e-05,0.008003638017280582
7.557868957519531e-05,0.008094588449295134
7.557868957519531e-05,0.008185538881309686
7.557868957519531e-05,0.008276489313324238
7.581710815429688e-05,0.00836743974533879
7.62939453125e-05,0.008458390177353342
7.62939453125e-05,0.008549340609367894
7.62939453125e-05,0.008640291041382447
7.653236389160156e-05,0.008731241473397
7.677078247070312e-05,0.008822191905411551
7.677078247070312e-05,0.008913142337426103
7.677078247070312e-05,0.009004092769440655
7.700920104980469e-05,0.009095043201455207
7.700920104980469e-05,0.00918599363346976
7.724761962890625e-05,0.009276944065484311
7.724761962890625e-05,0.009367894497498863
7.748603820800781e-05,0.009458844929513415
7.748603820800781e-05,0.009549795361527967
7.748603820800781e-05,0.009640745793542519
7.748603820800781e-05,0.009731696225557071
7.748603820800781e-05,0.009822646657571623
7.748603820800781e-05,0.009913597089586175
7.772445678710938e-05,0.010004547521600727
7.796287536621094e-05,0.010095497953615279
7.796287536621094e-05,0.010186448385629831
7.796287536621094e-05,0.010277398817644385
7.82012939453125e-05,0.010368349249658937
7.843971252441406e-05,0.010459299681673489
7.867813110351562e-05,0.01055025011368804
7.867813110351562e-05,0.010641200545702592
7.891654968261719e-05,0.010732150977717144
7.891654968261719e-05,0.010823101409731696
7.915496826171875e-05,0.010914051841746248
7.915496826171875e-05,0.0110050022737608
7.915496826171875e-05,0.011095952705775352
7.939338684082031e-05,0.011186903137789904
7.939338684082031e-05,0.011277853569804456
7.939338684082031e-05,0.011368804001819008
7.963180541992188e-05,0.01145975443383356
7.963180541992188e-05,0.011550704865848112
7.963180541992188e-05,0.011641655297862664
7.963180541992188e-05,0.011732605729877216
7.987022399902344e-05,0.01182355616189177
7.987022399902344e-05,0.011914506593906322
7.987022399902344e-05,0.012005457025920874
7.987022399902344e-05,0.012096407457935426
8.0108642578125e-05,0.012187357889949978
8.0108642578125e-05,0.01227830832196453
8.0108642578125e-05,0.012369258753979082
8.0108642578125e-05,0.012460209185993634
8.034706115722656e-05,0.012551159618008186
8.034706115722656e-05,0.012642110050022737
8.058547973632812e-05,0.01273306048203729
8.058547973632812e-05,0.012824010914051841
8.058547973632812e-05,0.012914961346066393
8.058547973632812e-05,0.013005911778080945
8.058547973632812e-05,0.013096862210095497
8.058547973632812e-05,0.01318781264211005
8.058547973632812e-05,0.013278763074124601
8.058547973632812e-05,0.013369713506139155
8.082389831542969e-05,0.013460663938153707
8.082389831542969e-05,0.013551614370168259
8.082389831542969e-05,0.013642564802182811
8.082389831542969e-05,0.013733515234197363
8.082389831542969e-05,0.013824465666211915
8.082389831542969e-05,0.013915416098226467
8.082389831542969e-05,0.014006366530241019
8.106231689453125e-05,0.01409731696225557
8.130073547363281e-05,0.014188267394270123
8.130073547363281e-05,0.014279217826284675
8.130073547363281e-05,0.014370168258299227
8.130073547363281e-05,0.014461118690313779
8.130073547363281e-05,0.01455206912232833
8.130073547363281e-05,0.014643019554342883
8.130073547363281e-05,0.014733969986357435
8.130073547363281e-05,0.014824920418371986
8.130073547363281e-05,0.01491587085038654
8.153915405273438e-05,0.015006821282401092
8.153915405273438e-05,0.015097771714415644
8.177757263183594e-05,0.015188722146430196
8.177757263183594e-05,0.015279672578444748
8.177757263183594e-05,0.0153706230104593
8.177757263183594e-05,0.015461573442473852
8.177757263183594e-05,0.015552523874488404
8.20159912109375e-05,0.015643474306502956
8.20159912109375e-05,0.015734424738517508
8.20159912109375e-05,0.01582537517053206
8.20159912109375e-05,0.015916325602546612
8.20159912109375e-05,0.016007276034561164
8.225440979003906e-05,0.016098226466575716
8.225440979003906e-05,0.016189176898590268
8.225440979003906e-05,0.01628012733060482
8.225440979003906e-05,0.01637107776261937
8.249282836914062e-05,0.016462028194633924
8.249282836914062e-05,0.016552978626648476
8.249282836914062e-05,0.016643929058663028
8.249282836914062e-05,0.01673487949067758
8.249282836914062e-05,0.01682582992269213
8.249282836914062e-05,0.016916780354706683
8.249282836914062e-05,0.017007730786721235
8.249282836914062e-05,0.017098681218735787
8.249282836914062e-05,0.01718963165075034
8.273124694824219e-05,0.017280582082764895
8.273124694824219e-05,0.017371532514779447
8.273124694824219e-05,0.017462482946794
8.296966552734375e-05,0.01755343337880855
8.296966552734375e-05,0.017644383810823103
8.296966552734375e-05,0.017735334242837655
8.296966552734375e-05,0.017826284674852207
8.296966552734375e-05,0.01791723510686676
8.320808410644531e-05,0.01800818553888131
8.320808410644531e-05,0.018099135970895863
8.320808410644531e-05,0.018190086402910415
8.320808410644531e-05,0.018281036834924966
8.320808410644531e-05,0.01837198726693952
8.344650268554688e-05,0.01846293769895407
8.344650268554688e-05,0.018553888130968622
8.344650268554688e-05,0.018644838562983174
8.344650268554688e-05,0.018735788994997726
8.344650268554688e-05,0.01882673942701228
8.344650268554688e-05,0.01891768985902683
8.344650268554688e-05,0.019008640291041382
8.344650268554688e-05,0.019099590723055934
8.344650268554688e-05,0.019190541155070486
8.344650268554688e-05,0.019281491587085038
8.344650268554688e-05,0.01937244201909959
8.368492126464844e-05,0.019463392451114142
8.368492126464844e-05,0.019554342883128694
8.368492126464844e-05,0.019645293315143246
8.368492126464844e-05,0.019736243747157798
8.368492126464844e-05,0.01982719417917235
8.368492126464844e-05,0.019918144611186902
8.368492126464844e-05,0.020009095043201454
8.368492126464844e-05,0.020100045475216006
8.368492126464844e-05,0.020190995907230558
8.368492126464844e-05,0.02028194633924511
8.368492126464844e-05,0.020372896771259662
8.368492126464844e-05,0.020463847203274217
8.392333984375e-05,0.02055479763528877
8.392333984375e-05,0.02064574806730332
8.392333984375e-05,0.020736698499317873
8.392333984375e-05,0.020827648931332425
8.392333984375e-05,0.020918599363346977
8.392333984375e-05,0.02100954979536153
8.392333984375e-05,0.02110050022737608
8.392333984375e-05,0.021191450659390633
8.392333984375e-05,0.021282401091405185
8.392333984375e-05,0.021373351523419737
8.392333984375e-05,0.02146430195543429
8.392333984375e-05,0.02155525238744884
8.392333984375e-05,0.021646202819463393
8.416175842285156e-05,0.021737153251477945
8.416175842285156e-05,0.021828103683492497
8.416175842285156e-05,0.02191905411550705
8.416175842285156e-05,0.0220100045475216
8.416175842285156e-05,0.022100954979536153
8.416175842285156e-05,0.022191905411550705
8.416175842285156e-05,0.022282855843565257
8.416175842285156e-05,0.02237380627557981
8.416175842285156e-05,0.02246475670759436
8.416175842285156e-05,0.022555707139608912
8.416175842285156e-05,0.022646657571623464
8.416175842285156e-05,0.022737608003638016
8.440017700195312e-05,0.02282855843565257
8.440017700195312e-05,0.02291950886766712
8.440017700195312e-05,0.023010459299681672
8.440017700195312e-05,0.023101409731696224
8.440017700195312e-05,0.023192360163710776
8.440017700195312e-05,0.023283310595725328
8.440017700195312e-05,0.02337426102773988
8.440017700195312e-05,0.023465211459754432
8.440017700195312e-05,0.023556161891768988
8.440017700195312e-05,0.02364711232378354
8.440017700195312e-05,0.02373806275579809
8.440017700195312e-05,0.023829013187812643
8.440017700195312e-05,0.023919963619827195
8.440017700195312e-05,0.024010914051841747
8.440017700195312e-05,0.0241018644838563
8.463859558105469e-05,0.02419281491587085
8.463859558105469e-05,0.024283765347885403
8.463859558105469e-05,0.024374715779899955
8.463859558105469e-05,0.024465666211914507
8.463859558105469e-05,0.02455661664392906
8.463859558105469e-05,0.02464756707594361
8.463859558105469e-05,0.024738517507958163
8.463859558105469e-05,0.024829467939972715
8.463859558105469e-05,0.024920418371987267
8.463859558105469e-05,0.02501136880400182
8.487701416015625e-05,0.02510231923601637
8.487701416015625e-05,0.025193269668030923
8.487701416015625e-05,0.025284220100045475
8.487701416015625e-05,0.025375170532060027
8.487701416015625e-05,0.02546612096407458
8.487701416015625e-05,0.02555707139608913
8.487701416015625e-05,0.025648021828103683
8.487701416015625e-05,0.025738972260118235
8.511543273925781e-05,0.025829922692132787
8.511543273925781e-05,0.02592087312414734
8.511543273925781e-05,0.02601182355616189
8.511543273925781e-05,0.026102773988176443
8.511543273925781e-05,0.026193724420190995
8.511543273925781e-05,0.026284674852205547
8.511543273925781e-05,0.0263756252842201
8.511543273925781e-05,0.02646657571623465
8.511543273925781e-05,0.026557526148249203
8.511543273925781e-05,0.026648476580263758
8.511543273925781e-05,0.02673942701227831
8.511543273925781e-05,0.026830377444292862
8.511543273925781e-05,0.026921327876307414
8.511543273925781e-05,0.027012278308321966
8.511543273925781e-05,0.027103228740336518
8.511543273925781e-05,0.02719417917235107
8.511543273925781e-05,0.027285129604365622
8.511543273925781e-05,0.027376080036380174
8.535385131835938e-05,0.027467030468394726
8.535385131835938e-05,0.027557980900409278
8.535385131835938e-05,0.02764893133242383
8.535385131835938e-05,0.02773988176443838
8.535385131835938e-05,0.027830832196452934
8.535385131835938e-05,0.027921782628467486
8.535385131835938e-05,0.028012733060482038
8.535385131835938e-05,0.02810368349249659
8.535385131835938e-05,0.02819463392451114
8.535385131835938e-05,0.028285584356525693
8.535385131835938e-05,0.028376534788540245
8.535385131835938e-05,0.028467485220554797
8.535385131835938e-05,0.02855843565256935
8.535385131835938e-05,0.0286493860845839
8.535385131835938e-05,0.028740336516598453
8.535385131835938e-05,0.028831286948613005
8.559226989746094e-05,0.028922237380627557
8.559226989746094e-05,0.02901318781264211
8.559226989746094e-05,0.02910413824465666
8.559226989746094e-05,0.029195088676671213
8.559226989746094e-05,0.029286039108685765
8.559226989746094e-05,0.029376989540700317
8.559226989746094e-05,0.02946793997271487
8.559226989746094e-05,0.02955889040472942
8.559226989746094e-05,0.029649840836743973
8.559226989746094e-05,0.029740791268758525
8.559226989746094e-05,0.02983174170077308
8.559226989746094e-05,0.029922692132787632
8.559226989746094e-05,0.030013642564802184
8.559226989746094e-05,0.030104592996816736
8.559226989746094e-05,0.030195543428831288
8.58306884765625e-05,0.03028649386084584
8.58306884765625e-05,0.030377444292860392
8.58306884765625e-05,0.030468394724874944
8.58306884765625e-05,0.030559345156889496
8.58306884765625e-05,0.030650295588904048
8.58306884765625e-05,0.0307412460209186
8.58306884765625e-05,0.030832196452933152
8.58306884765625e-05,0.030923146884947704
8.58306884765625e-05,0.031014097316962256
8.58306884765625e-05,0.031105047748976808
8.58306884765625e-05,0.03119599818099136
8.606910705566406e-05,0.03128694861300591
8.606910705566406e-05,0.03137789904502047
8.606910705566406e-05,0.031468849477035016
8.606910705566406e-05,0.03155979990904957
8.606910705566406e-05,0.03165075034106412
8.606910705566406e-05,0.031741700773078675
8.606910705566406e-05,0.031832651205093224
8.606910705566406e-05,0.03192360163710778
8.606910705566406e-05,0.03201455206912233
8.606910705566406e-05,0.03210550250113688
8.606910705566406e-05,0.03219645293315143
8.606910705566406e-05,0.03228740336516599
8.606910705566406e-05,0.032378353797180535
8.606910705566406e-05,0.03246930422919509
8.606910705566406e-05,0.03256025466120964
8.630752563476562e-05,0.032651205093224195
8.630752563476562e-05,0.03274215552523874
8.630752563476562e-05,0.0328331059572533
8.630752563476562e-05,0.03292405638926785
8.630752563476562e-05,0.0330150068212824
8.630752563476562e-05,0.03310595725329695
8.630752563476562e-05,0.03319690768531151
8.630752563476562e-05,0.033287858117326055
8.630752563476562e-05,0.03337880854934061
8.630752563476562e-05,0.03346975898135516
8.630752563476562e-05,0.033560709413369715
8.654594421386719e-05,0.03365165984538426
8.654594421386719e-05,0.03374261027739882
8.654594421386719e-05,0.03383356070941337
8.654594421386719e-05,0.03392451114142792
8.654594421386719e-05,0.03401546157344247
8.654594421386719e-05,0.034106412005457026
8.654594421386719e-05,0.034197362437471575
8.654594421386719e-05,0.03428831286948613
8.654594421386719e-05,0.03437926330150068
8.654594421386719e-05,0.034470213733515234
8.654594421386719e-05,0.03456116416552979
8.654594421386719e-05,0.03465211459754434
8.654594421386719e-05,0.034743065029558894
8.654594421386719e-05,0.03483401546157344
8.654594421386719e-05,0.034924965893588
8.654594421386719e-05,0.035015916325602546
8.654594421386719e-05,0.0351068667576171
8.654594421386719e-05,0.03519781718963165
8.654594421386719e-05,0.035288767621646205
8.654594421386719e-05,0.035379718053660754
8.654594421386719e-05,0.03547066848567531
8.654594421386719e-05,0.03556161891768986
8.654594421386719e-05,0.03565256934970441
8.678436279296875e-05,0.03574351978171896
8.678436279296875e-05,0.03583447021373352
8.678436279296875e-05,0.035925420645748066
8.678436279296875e-05,0.03601637107776262
8.678436279296875e-05,0.03610732150977717
8.678436279296875e-05,0.036198271941791725
8.678436279296875e-05,0.036289222373806274
8.678436279296875e-05,0.03638017280582083
8.678436279296875e-05,0.03647112323783538
8.678436279296875e-05,0.03656207366984993
8.678436279296875e-05,0.03665302410186448
8.678436279296875e-05,0.03674397453387904
8.678436279296875e-05,0.036834924965893585
8.678436279296875e-05,0.03692587539790814
8.678436279296875e-05,0.03701682582992269
8.702278137207031e-05,0.037107776261937245
8.702278137207031e-05,0.03719872669395179
8.702278137207031e-05,0.03728967712596635
8.702278137207031e-05,0.0373806275579809
8.702278137207031e-05,0.03747157798999545
8.702278137207031e-05,0.03756252842201
8.702278137207031e-05,0.03765347885402456
8.702278137207031e-05,0.03774442928603911
8.702278137207031e-05,0.03783537971805366
8.702278137207031e-05,0.037926330150068216
8.702278137207031e-05,0.038017280582082764
8.702278137207031e-05,0.03810823101409732
8.702278137207031e-05,0.03819918144611187
8.702278137207031e-05,0.038290131878126424
8.702278137207031e-05,0.03838108231014097
8.726119995117188e-05,0.03847203274215553
8.726119995117188e-05,0.038562983174170076
8.726119995117188e-05,0.03865393360618463
8.726119995117188e-05,0.03874488403819918
8.726119995117188e-05,0.038835834470213736
8.726119995117188e-05,0.038926784902228284
8.726119995117188e-05,0.03901773533424284
8.726119995117188e-05,0.03910868576625739
8.726119995117188e-05,0.039199636198271944
8.726119995117188e-05,0.03929058663028649
8.726119995117188e-05,0.03938153706230105
8.726119995117188e-05,0.039472487494315596
8.726119995117188e-05,0.03956343792633015
8.726119995117188e-05,0.0396543883583447
8.749961853027344e-05,0.039745338790359255
8.749961853027344e-05,0.039836289222373804
8.749961853027344e-05,0.03992723965438836
8.749961853027344e-05,0.04001819008640291
8.749961853027344e-05,0.04010914051841746
8.749961853027344e-05,0.04020009095043201
8.749961853027344e-05,0.04029104138244657
8.749961853027344e-05,0.040381991814461116
8.749961853027344e-05,0.04047294224647567
8.749961853027344e-05,0.04056389267849022
8.749961853027344e-05,0.040654843110504775
8.749961853027344e-05,0.040745793542519324
8.749961853027344e-05,0.04083674397453388
8.749961853027344e-05,0.040927694406548434
8.749961853027344e-05,0.04101864483856298
8.749961853027344e-05,0.04110959527057754
8.749961853027344e-05,0.04120054570259209
8.749961853027344e-05,0.04129149613460664
8.749961853027344e-05,0.04138244656662119
8.749961853027344e-05,0.041473396998635746
8.749961853027344e-05,0.041564347430650295
8.7738037109375e-05,0.04165529786266485
8.7738037109375e-05,0.0417462482946794
8.7738037109375e-05,0.041837198726693954
8.7738037109375e-05,0.0419281491587085
8.7738037109375e-05,0.04201909959072306
8.7738037109375e-05,0.042110050022737607
8.7738037109375e-05,0.04220100045475216
8.7738037109375e-05,0.04229195088676671
8.7738037109375e-05,0.042382901318781266
8.7738037109375e-05,0.042473851750795814
8.7738037109375e-05,0.04256480218281037
8.7738037109375e-05,0.04265575261482492
8.7738037109375e-05,0.042746703046839474
8.7738037109375e-05,0.04283765347885402
8.7738037109375e-05,0.04292860391086858
8.7738037109375e-05,0.043019554342883126
8.7738037109375e-05,0.04311050477489768
8.7738037109375e-05,0.04320145520691223
8.797645568847656e-05,0.043292405638926786
8.797645568847656e-05,0.043383356070941334
8.797645568847656e-05,0.04347430650295589
8.797645568847656e-05,0.04356525693497044
8.797645568847656e-05,0.04365620736698499
8.797645568847656e-05,0.04374715779899954
8.797645568847656e-05,0.0438381082310141
8.797645568847656e-05,0.04392905866302865
8.797645568847656e-05,0.0440200090950432
8.797645568847656e-05,0.04411095952705776
8.797645568847656e-05,0.044201909959072305
8.797645568847656e-05,0.04429286039108686
8.797645568847656e-05,0.04438381082310141
8.797645568847656e-05,0.044474761255115965
8.797645568847656e-05,0.04456571168713051
8.797645568847656e-05,0.04465666211914507
8.797645568847656e-05,0.04474761255115962
8.797645568847656e-05,0.04483856298317417
8.797645568847656e-05,0.04492951341518872
8.797645568847656e-05,0.045020463847203276
8.797645568847656e-05,0.045111414279217825
8.821487426757812e-05,0.04520236471123238
8.821487426757812e-05,0.04529331514324693
8.821487426757812e-05,0.045384265575261484
8.821487426757812e-05,0.04547521600727603
8.821487426757812e-05,0.04556616643929059
8.821487426757812e-05,0.04565711687130514
8.821487426757812e-05,0.04574806730331969
8.821487426757812e-05,0.04583901773533424
8.821487426757812e-05,0.045929968167348796
8.821487426757812e-05,0.046020918599363345
8.821487426757812e-05,0.0461118690313779
8.821487426757812e-05,0.04620281946339245
8.821487426757812e-05,0.046293769895407004
8.821487426757812e-05,0.04638472032742155
8.821487426757812e-05,0.04647567075943611
8.821487426757812e-05,0.046566621191450656
8.821487426757812e-05,0.04665757162346521
8.821487426757812e-05,0.04674852205547976
8.821487426757812e-05,0.046839472487494316
8.821487426757812e-05,0.046930422919508864
8.821487426757812e-05,0.04702137335152342
8.821487426757812e-05,0.047112323783537975
8.821487426757812e-05,0.047203274215552524
8.821487426757812e-05,0.04729422464756708
8.845329284667969e-05,0.04738517507958163
8.845329284667969e-05,0.04747612551159618
8.845329284667969e-05,0.04756707594361073
8.845329284667969e-05,0.04765802637562529
8.845329284667969e-05,0.047748976807639835
8.845329284667969e-05,0.04783992723965439
8.845329284667969e-05,0.04793087767166894
8.845329284667969e-05,0.048021828103683495
8.845329284667969e-05,0.04811277853569804
8.845329284667969e-05,0.0482037289677126
8.845329284667969e-05,0.04829467939972715
8.845329284667969e-05,0.0483856298317417
8.845329284667969e-05,0.04847658026375625
8.845329284667969e-05,0.04856753069577081
8.845329284667969e-05,0.048658481127785355
8.845329284667969e-05,0.04874943155979991
8.845329284667969e-05,0.04884038199181446
8.845329284667969e-05,0.048931332423829015
8.845329284667969e-05,0.04902228285584356
8.845329284667969e-05,0.04911323328785812
8.845329284667969e-05,0.04920418371987267
8.845329284667969e-05,0.04929513415188722
8.845329284667969e-05,0.04938608458390177
8.845329284667969e-05,0.049477035015916326
8.845329284667969e-05,0.049567985447930875
8.845329284667969e-05,0.04965893587994543
8.869171142578125e-05,0.04974988631195998
8.869171142578125e-05,0.049840836743974534
8.869171142578125e-05,0.04993178717598908
8.869171142578125e-05,0.05002273760800364
8.869171142578125e-05,0.05011368804001819
8.869171142578125e-05,0.05020463847203274
8.869171142578125e-05,0.0502955889040473
8.869171142578125e-05,0.050386539336061846
8.869171142578125e-05,0.0504774897680764
8.869171142578125e-05,0.05056844020009095
8.869171142578125e-05,0.050659390632105505
8.869171142578125e-05,0.050750341064120054
8.869171142578125e-05,0.05084129149613461
8.869171142578125e-05,0.05093224192814916
8.869171142578125e-05,0.05102319236016371
8.869171142578125e-05,0.05111414279217826
8.869171142578125e-05,0.05120509322419282
8.869171142578125e-05,0.051296043656207366
8.869171142578125e-05,0.05138699408822192
8.869171142578125e-05,0.05147794452023647
8.869171142578125e-05,0.051568894952251025
8.869171142578125e-05,0.051659845384265574
8.869171142578125e-05,0.05175079581628013
8.869171142578125e-05,0.05184174624829468
8.869171142578125e-05,0.05193269668030923
8.869171142578125e-05,0.05202364711232378
8.893013000488281e-05,0.05211459754433834
8.893013000488281e-05,0.052205547976352885
8.893013000488281e-05,0.05229649840836744
8.893013000488281e-05,0.05238744884038199
8.893013000488281e-05,0.052478399272396545
8.893013000488281e-05,0.05256934970441109
8.893013000488281e-05,0.05266030013642565
8.893013000488281e-05,0.0527512505684402
8.893013000488281e-05,0.05284220100045475
8.893013000488281e-05,0.0529331514324693
8.893013000488281e-05,0.05302410186448386
8.893013000488281e-05,0.053115052296498405
8.893013000488281e-05,0.05320600272851296
8.893013000488281e-05,0.053296953160527516
8.893013000488281e-05,0.053387903592542064
8.893013000488281e-05,0.05347885402455662
8.893013000488281e-05,0.05356980445657117
8.893013000488281e-05,0.053660754888585724
8.893013000488281e-05,0.05375170532060027
8.893013000488281e-05,0.05384265575261483
8.893013000488281e-05,0.053933606184629376
8.893013000488281e-05,0.05402455661664393
8.893013000488281e-05,0.05411550704865848
8.893013000488281e-05,0.054206457480673036
8.916854858398438e-05,0.054297407912687584
8.916854858398438e-05,0.05438835834470214
8.916854858398438e-05,0.05447930877671669
8.916854858398438e-05,0.054570259208731244
8.916854858398438e-05,0.05466120964074579
8.916854858398438e-05,0.05475216007276035
8.916854858398438e-05,0.054843110504774896
8.916854858398438e-05,0.05493406093678945
8.916854858398438e-05,0.055025011368804
8.916854858398438e-05,0.055115961800818555
8.916854858398438e-05,0.055206912232833104
8.916854858398438e-05,0.05529786266484766
8.916854858398438e-05,0.05538881309686221
8.916854858398438e-05,0.05547976352887676
8.916854858398438e-05,0.05557071396089131
8.916854858398438e-05,0.05566166439290587
8.916854858398438e-05,0.055752614824920416
8.916854858398438e-05,0.05584356525693497
8.916854858398438e-05,0.05593451568894952
8.916854858398438e-05,0.056025466120964075
8.916854858398438e-05,0.056116416552978624
8.916854858398438e-05,0.05620736698499318
8.916854858398438e-05,0.05629831741700773
8.916854858398438e-05,0.05638926784902228
8.916854858398438e-05,0.05648021828103684
8.916854858398438e-05,0.05657116871305139
8.916854858398438e-05,0.05666211914506594
8.916854858398438e-05,0.05675306957708049
8.916854858398438e-05,0.056844020009095046
8.940696716308594e-05,0.056934970441109595
8.940696716308594e-05,0.05702592087312415
8.940696716308594e-05,0.0571168713051387
8.940696716308594e-05,0.057207821737153254
8.940696716308594e-05,0.0572987721691678
8.940696716308594e-05,0.05738972260118236
8.940696716308594e-05,0.057480673033196907
8.940696716308594e-05,0.05757162346521146
8.940696716308594e-05,0.05766257389722601
8.940696716308594e-05,0.057753524329240566
8.940696716308594e-05,0.057844474761255114
8.940696716308594e-05,0.05793542519326967
8.940696716308594e-05,0.05802637562528422
8.940696716308594e-05,0.058117326057298774
8.940696716308594e-05,0.05820827648931332
8.940696716308594e-05,0.05829922692132788
8.940696716308594e-05,0.058390177353342426
8.940696716308594e-05,0.05848112778535698
8.940696716308594e-05,0.05857207821737153
8.940696716308594e-05,0.058663028649386086
8.940696716308594e-05,0.058753979081400634
8.940696716308594e-05,0.05884492951341519
8.940696716308594e-05,0.05893587994542974
8.96453857421875e-05,0.05902683037744429
8.96453857421875e-05,0.05911778080945884
8.96453857421875e-05,0.0592087312414734
8.96453857421875e-05,0.059299681673487946
8.96453857421875e-05,0.0593906321055025
8.96453857421875e-05,0.05948158253751705
8.96453857421875e-05,0.059572532969531605
8.96453857421875e-05,0.05966348340154616
8.96453857421875e-05,0.05975443383356071
8.96453857421875e-05,0.059845384265575265
8.96453857421875e-05,0.05993633469758981
8.96453857421875e-05,0.06002728512960437
8.96453857421875e-05,0.06011823556161892
8.96453857421875e-05,0.06020918599363347
8.96453857421875e-05,0.06030013642564802
8.96453857421875e-05,0.060391086857662576
8.96453857421875e-05,0.060482037289677125
8.96453857421875e-05,0.06057298772169168
8.96453857421875e-05,0.06066393815370623
8.96453857421875e-05,0.060754888585720784
8.96453857421875e-05,0.06084583901773533
8.96453857421875e-05,0.06093678944974989
8.96453857421875e-05,0.06102773988176444
8.96453857421875e-05,0.06111869031377899
8.96453857421875e-05,0.06120964074579354
8.96453857421875e-05,0.061300591177808096
8.96453857421875e-05,0.061391541609822645
8.988380432128906e-05,0.0614824920418372
8.988380432128906e-05,0.06157344247385175
8.988380432128906e-05,0.061664392905866304
8.988380432128906e-05,0.06175534333788085
8.988380432128906e-05,0.06184629376989541
8.988380432128906e-05,0.061937244201909956
8.988380432128906e-05,0.06202819463392451
8.988380432128906e-05,0.06211914506593906
8.988380432128906e-05,0.062210095497953616
8.988380432128906e-05,0.062301045929968164
8.988380432128906e-05,0.06239199636198272
8.988380432128906e-05,0.06248294679399727
8.988380432128906e-05,0.06257389722601182
8.988380432128906e-05,0.06266484765802638
8.988380432128906e-05,0.06275579809004093
8.988380432128906e-05,0.06284674852205548
8.988380432128906e-05,0.06293769895407003
8.988380432128906e-05,0.06302864938608459
8.988380432128906e-05,0.06311959981809914
8.988380432128906e-05,0.06321055025011368
8.988380432128906e-05,0.06330150068212824
8.988380432128906e-05,0.0633924511141428
8.988380432128906e-05,0.06348340154615735
8.988380432128906e-05,0.06357435197817189
8.988380432128906e-05,0.06366530241018645
8.988380432128906e-05,0.063756252842201
8.988380432128906e-05,0.06384720327421556
8.988380432128906e-05,0.0639381537062301
8.988380432128906e-05,0.06402910413824466
8.988380432128906e-05,0.06412005457025921
8.988380432128906e-05,0.06421100500227377
8.988380432128906e-05,0.06430195543428831
8.988380432128906e-05,0.06439290586630286
8.988380432128906e-05,0.06448385629831742
9.012222290039062e-05,0.06457480673033197
9.012222290039062e-05,0.06466575716234652
9.012222290039062e-05,0.06475670759436107
9.012222290039062e-05,0.06484765802637563
9.012222290039062e-05,0.06493860845839018
9.012222290039062e-05,0.06502955889040472
9.012222290039062e-05,0.06512050932241928
9.012222290039062e-05,0.06521145975443383
9.012222290039062e-05,0.06530241018644839
9.012222290039062e-05,0.06539336061846293
9.012222290039062e-05,0.06548431105047749
9.012222290039062e-05,0.06557526148249204
9.012222290039062e-05,0.0656662119145066
9.012222290039062e-05,0.06575716234652114
9.012222290039062e-05,0.0658481127785357
9.012222290039062e-05,0.06593906321055025
9.012222290039062e-05,0.0660300136425648
9.012222290039062e-05,0.06612096407457936
9.012222290039062e-05,0.0662119145065939
9.012222290039062e-05,0.06630286493860846
9.012222290039062e-05,0.06639381537062301
9.012222290039062e-05,0.06648476580263757
9.012222290039062e-05,0.06657571623465211
9.012222290039062e-05,0.06666666666666667
9.012222290039062e-05,0.06675761709868122
9.012222290039062e-05,0.06684856753069578
9.012222290039062e-05,0.06693951796271032
9.012222290039062e-05,0.06703046839472487
9.012222290039062e-05,0.06712141882673943
9.012222290039062e-05,0.06721236925875398
9.012222290039062e-05,0.06730331969076853
9.012222290039062e-05,0.06739427012278308
9.012222290039062e-05,0.06748522055479764
9.012222290039062e-05,0.06757617098681219
9.012222290039062e-05,0.06766712141882673
9.012222290039062e-05,0.06775807185084129
9.012222290039062e-05,0.06784902228285584
9.012222290039062e-05,0.0679399727148704
9.036064147949219e-05,0.06803092314688494
9.036064147949219e-05,0.0681218735788995
9.036064147949219e-05,0.06821282401091405
9.036064147949219e-05,0.06830377444292861
9.036064147949219e-05,0.06839472487494315
9.036064147949219e-05,0.0684856753069577
9.036064147949219e-05,0.06857662573897226
9.036064147949219e-05,0.06866757617098682
9.036064147949219e-05,0.06875852660300136
9.036064147949219e-05,0.06884947703501591
9.036064147949219e-05,0.06894042746703047
9.036064147949219e-05,0.06903137789904502
9.036064147949219e-05,0.06912232833105958
9.036064147949219e-05,0.06921327876307412
9.036064147949219e-05,0.06930422919508868
9.036064147949219e-05,0.06939517962710323
9.036064147949219e-05,0.06948613005911779
9.036064147949219e-05,0.06957708049113233
9.036064147949219e-05,0.06966803092314688
9.036064147949219e-05,0.06975898135516144
9.036064147949219e-05,0.069849931787176
9.036064147949219e-05,0.06994088221919054
9.036064147949219e-05,0.07003183265120509
9.036064147949219e-05,0.07012278308321965
9.036064147949219e-05,0.0702137335152342
9.036064147949219e-05,0.07030468394724874
9.059906005859375e-05,0.0703956343792633
9.059906005859375e-05,0.07048658481127786
9.059906005859375e-05,0.07057753524329241
9.059906005859375e-05,0.07066848567530695
9.059906005859375e-05,0.07075943610732151
9.059906005859375e-05,0.07085038653933606
9.059906005859375e-05,0.07094133697135062
9.059906005859375e-05,0.07103228740336516
9.059906005859375e-05,0.07112323783537972
9.059906005859375e-05,0.07121418826739427
9.059906005859375e-05,0.07130513869940883
9.059906005859375e-05,0.07139608913142337
9.059906005859375e-05,0.07148703956343792
9.059906005859375e-05,0.07157798999545248
9.059906005859375e-05,0.07166894042746703
9.059906005859375e-05,0.07175989085948158
9.059906005859375e-05,0.07185084129149613
9.059906005859375e-05,0.07194179172351069
9.059906005859375e-05,0.07203274215552524
9.059906005859375e-05,0.0721236925875398
9.059906005859375e-05,0.07221464301955434
9.059906005859375e-05,0.0723055934515689
9.059906005859375e-05,0.07239654388358345
9.059906005859375e-05,0.072487494315598
9.059906005859375e-05,0.07257844474761255
9.059906005859375e-05,0.0726693951796271
9.059906005859375e-05,0.07276034561164166
9.059906005859375e-05,0.07285129604365621
9.059906005859375e-05,0.07294224647567076
9.059906005859375e-05,0.07303319690768531
9.059906005859375e-05,0.07312414733969987
9.059906005859375e-05,0.07321509777171442
9.059906005859375e-05,0.07330604820372896
9.059906005859375e-05,0.07339699863574352
9.059906005859375e-05,0.07348794906775807
9.059906005859375e-05,0.07357889949977263
9.059906005859375e-05,0.07366984993178717
9.059906005859375e-05,0.07376080036380173
9.083747863769531e-05,0.07385175079581628
9.083747863769531e-05,0.07394270122783084
9.083747863769531e-05,0.07403365165984538
9.083747863769531e-05,0.07412460209185993
9.083747863769531e-05,0.07421555252387449
9.083747863769531e-05,0.07430650295588904
9.083747863769531e-05,0.07439745338790359
9.083747863769531e-05,0.07448840381991814
9.083747863769531e-05,0.0745793542519327
9.083747863769531e-05,0.07467030468394725
9.083747863769531e-05,0.0747612551159618
9.083747863769531e-05,0.07485220554797635
9.083747863769531e-05,0.0749431559799909
9.083747863769531e-05,0.07503410641200546
9.083747863769531e-05,0.07512505684402
9.083747863769531e-05,0.07521600727603456
9.083747863769531e-05,0.07530695770804911
9.083747863769531e-05,0.07539790814006367
9.083747863769531e-05,0.07548885857207822
9.083747863769531e-05,0.07557980900409277
9.083747863769531e-05,0.07567075943610732
9.083747863769531e-05,0.07576170986812188
9.083747863769531e-05,0.07585266030013643
9.083747863769531e-05,0.07594361073215097
9.083747863769531e-05,0.07603456116416553
9.083747863769531e-05,0.07612551159618008
9.083747863769531e-05,0.07621646202819464
9.083747863769531e-05,0.07630741246020918
9.083747863769531e-05,0.07639836289222374
9.083747863769531e-05,0.07648931332423829
9.083747863769531e-05,0.07658026375625285
9.083747863769531e-05,0.07667121418826739
9.083747863769531e-05,0.07676216462028194
9.083747863769531e-05,0.0768531150522965
9.107589721679688e-05,0.07694406548431106
9.107589721679688e-05,0.0770350159163256
9.107589721679688e-05,0.07712596634834015
9.107589721679688e-05,0.07721691678035471
9.107589721679688e-05,0.07730786721236926
9.107589721679688e-05,0.0773988176443838
9.107589721679688e-05,0.07748976807639836
9.107589721679688e-05,0.07758071850841292
9.107589721679688e-05,0.07767166894042747
9.107589721679688e-05,0.07776261937244201
9.107589721679688e-05,0.07785356980445657
9.107589721679688e-05,0.07794452023647112
9.107589721679688e-05,0.07803547066848568
9.107589721679688e-05,0.07812642110050022
9.107589721679688e-05,0.07821737153251478
9.107589721679688e-05,0.07830832196452933
9.107589721679688e-05,0.07839927239654389
9.107589721679688e-05,0.07849022282855844
9.107589721679688e-05,0.07858117326057298
9.107589721679688e-05,0.07867212369258754
9.107589721679688e-05,0.0787630741246021
9.107589721679688e-05,0.07885402455661665
9.107589721679688e-05,0.07894497498863119
9.107589721679688e-05,0.07903592542064575
9.107589721679688e-05,0.0791268758526603
9.107589721679688e-05,0.07921782628467486
9.107589721679688e-05,0.0793087767166894
9.107589721679688e-05,0.07939972714870396
9.107589721679688e-05,0.07949067758071851
9.107589721679688e-05,0.07958162801273307
9.107589721679688e-05,0.07967257844474761
9.107589721679688e-05,0.07976352887676216
9.107589721679688e-05,0.07985447930877672
9.107589721679688e-05,0.07994542974079127
9.107589721679688e-05,0.08003638017280582
9.107589721679688e-05,0.08012733060482037
9.131431579589844e-05,0.08021828103683493
9.131431579589844e-05,0.08030923146884948
9.131431579589844e-05,0.08040018190086402
9.131431579589844e-05,0.08049113233287858
9.131431579589844e-05,0.08058208276489313
9.131431579589844e-05,0.08067303319690769
9.131431579589844e-05,0.08076398362892223
9.131431579589844e-05,0.08085493406093679
9.131431579589844e-05,0.08094588449295134
9.131431579589844e-05,0.0810368349249659
9.131431579589844e-05,0.08112778535698044
9.131431579589844e-05,0.081218735788995
9.131431579589844e-05,0.08130968622100955
9.131431579589844e-05,0.0814006366530241
9.131431579589844e-05,0.08149158708503865
9.131431579589844e-05,0.0815825375170532
9.131431579589844e-05,0.08167348794906776
9.131431579589844e-05,0.08176443838108231
9.131431579589844e-05,0.08185538881309687
9.131431579589844e-05,0.08194633924511141
9.131431579589844e-05,0.08203728967712597
9.131431579589844e-05,0.08212824010914052
9.131431579589844e-05,0.08221919054115508
9.131431579589844e-05,0.08231014097316962
9.131431579589844e-05,0.08240109140518417
9.131431579589844e-05,0.08249204183719873
9.131431579589844e-05,0.08258299226921328
9.131431579589844e-05,0.08267394270122783
9.131431579589844e-05,0.08276489313324238
9.131431579589844e-05,0.08285584356525694
9.131431579589844e-05,0.08294679399727149
9.1552734375e-05,0.08303774442928603
9.1552734375e-05,0.08312869486130059
9.1552734375e-05,0.08321964529331514
9.1552734375e-05,0.0833105957253297
9.1552734375e-05,0.08340154615734424
9.1552734375e-05,0.0834924965893588
9.1552734375e-05,0.08358344702137335
9.1552734375e-05,0.08367439745338791
9.1552734375e-05,0.08376534788540245
9.1552734375e-05,0.083856298317417
9.1552734375e-05,0.08394724874943156
9.1552734375e-05,0.08403819918144612
9.1552734375e-05,0.08412914961346066
9.1552734375e-05,0.08422010004547521
9.1552734375e-05,0.08431105047748977
9.1552734375e-05,0.08440200090950432
9.1552734375e-05,0.08449295134151887
9.1552734375e-05,0.08458390177353342
9.1552734375e-05,0.08467485220554798
9.1552734375e-05,0.08476580263756253
9.1552734375e-05,0.08485675306957709
9.1552734375e-05,0.08494770350159163
9.1552734375e-05,0.08503865393360618
9.1552734375e-05,0.08512960436562074
9.1552734375e-05,0.0852205547976353
9.1552734375e-05,0.08531150522964984
9.1552734375e-05,0.08540245566166439
9.1552734375e-05,0.08549340609367895
9.1552734375e-05,0.0855843565256935
9.1552734375e-05,0.08567530695770804
9.1552734375e-05,0.0857662573897226
9.1552734375e-05,0.08585720782173716
9.1552734375e-05,0.08594815825375171
9.1552734375e-05,0.08603910868576625
9.1552734375e-05,0.08613005911778081
9.1552734375e-05,0.08622100954979536
9.1552734375e-05,0.08631195998180992
9.1552734375e-05,0.08640291041382446
9.179115295410156e-05,0.08649386084583902
9.179115295410156e-05,0.08658481127785357
9.179115295410156e-05,0.08667576170986813
9.179115295410156e-05,0.08676671214188267
9.179115295410156e-05,0.08685766257389722
9.179115295410156e-05,0.08694861300591178
9.179115295410156e-05,0.08703956343792633
9.179115295410156e-05,0.08713051386994088
9.179115295410156e-05,0.08722146430195543
9.179115295410156e-05,0.08731241473396999
9.179115295410156e-05,0.08740336516598454
9.179115295410156e-05,0.08749431559799908
9.179115295410156e-05,0.08758526603001364
9.179115295410156e-05,0.0876762164620282
9.179115295410156e-05,0.08776716689404275
9.179115295410156e-05,0.0878581173260573
9.179115295410156e-05,0.08794906775807185
9.179115295410156e-05,0.0880400181900864
9.179115295410156e-05,0.08813096862210096
9.179115295410156e-05,0.08822191905411551
9.179115295410156e-05,0.08831286948613006
9.179115295410156e-05,0.08840381991814461
9.179115295410156e-05,0.08849477035015917
9.179115295410156e-05,0.08858572078217372
9.179115295410156e-05,0.08867667121418826
9.179115295410156e-05,0.08876762164620282
9.179115295410156e-05,0.08885857207821737
9.179115295410156e-05,0.08894952251023193
9.179115295410156e-05,0.08904047294224647
9.179115295410156e-05,0.08913142337426103
9.179115295410156e-05,0.08922237380627558
9.179115295410156e-05,0.08931332423829014
9.179115295410156e-05,0.08940427467030468
9.202957153320312e-05,0.08949522510231923
9.202957153320312e-05,0.08958617553433379
9.202957153320312e-05,0.08967712596634834
9.202957153320312e-05,0.08976807639836289
9.202957153320312e-05,0.08985902683037744
9.202957153320312e-05,0.089949977262392
9.202957153320312e-05,0.09004092769440655
9.202957153320312e-05,0.0901318781264211
9.202957153320312e-05,0.09022282855843565
9.202957153320312e-05,0.0903137789904502
9.202957153320312e-05,0.09040472942246476
9.202957153320312e-05,0.0904956798544793
9.202957153320312e-05,0.09058663028649386
9.202957153320312e-05,0.09067758071850841
9.202957153320312e-05,0.09076853115052297
9.202957153320312e-05,0.09085948158253751
9.202957153320312e-05,0.09095043201455207
9.202957153320312e-05,0.09104138244656662
9.202957153320312e-05,0.09113233287858118
9.202957153320312e-05,0.09122328331059573
9.202957153320312e-05,0.09131423374261027
9.202957153320312e-05,0.09140518417462483
9.202957153320312e-05,0.09149613460663938
9.202957153320312e-05,0.09158708503865394
9.202957153320312e-05,0.09167803547066848
9.202957153320312e-05,0.09176898590268304
9.202957153320312e-05,0.09185993633469759
9.202957153320312e-05,0.09195088676671215
9.202957153320312e-05,0.09204183719872669
9.202957153320312e-05,0.09213278763074124
9.202957153320312e-05,0.0922237380627558
9.202957153320312e-05,0.09231468849477036
9.202957153320312e-05,0.0924056389267849
9.202957153320312e-05,0.09249658935879945
9.226799011230469e-05,0.09258753979081401
9.226799011230469e-05,0.09267849022282856
9.226799011230469e-05,0.0927694406548431
9.226799011230469e-05,0.09286039108685766
9.226799011230469e-05,0.09295134151887222
9.226799011230469e-05,0.09304229195088677
9.226799011230469e-05,0.09313324238290131
9.226799011230469e-05,0.09322419281491587
9.226799011230469e-05,0.09331514324693042
9.226799011230469e-05,0.09340609367894498
9.226799011230469e-05,0.09349704411095952
9.226799011230469e-05,0.09358799454297408
9.226799011230469e-05,0.09367894497498863
9.226799011230469e-05,0.09376989540700319
9.226799011230469e-05,0.09386084583901773
9.226799011230469e-05,0.09395179627103228
9.226799011230469e-05,0.09404274670304684
9.226799011230469e-05,0.0941336971350614
9.226799011230469e-05,0.09422464756707595
9.226799011230469e-05,0.09431559799909049
9.226799011230469e-05,0.09440654843110505
9.226799011230469e-05,0.0944974988631196
9.226799011230469e-05,0.09458844929513416
9.226799011230469e-05,0.0946793997271487
9.226799011230469e-05,0.09477035015916326
9.226799011230469e-05,0.09486130059117781
9.226799011230469e-05,0.09495225102319237
9.226799011230469e-05,0.09504320145520691
9.226799011230469e-05,0.09513415188722146
9.226799011230469e-05,0.09522510231923602
9.226799011230469e-05,0.09531605275125057
9.226799011230469e-05,0.09540700318326512
9.226799011230469e-05,0.09549795361527967
9.226799011230469e-05,0.09558890404729423
9.226799011230469e-05,0.09567985447930878
9.226799011230469e-05,0.09577080491132332
9.226799011230469e-05,0.09586175534333788
9.226799011230469e-05,0.09595270577535243
9.226799011230469e-05,0.09604365620736699
9.226799011230469e-05,0.09613460663938153
9.226799011230469e-05,0.09622555707139609
9.226799011230469e-05,0.09631650750341064
9.226799011230469e-05,0.0964074579354252
9.226799011230469e-05,0.09649840836743974
9.226799011230469e-05,0.0965893587994543
9.226799011230469e-05,0.09668030923146885
9.226799011230469e-05,0.0967712596634834
9.250640869140625e-05,0.09686221009549795
9.250640869140625e-05,0.0969531605275125
9.250640869140625e-05,0.09704411095952706
9.250640869140625e-05,0.09713506139154161
9.250640869140625e-05,0.09722601182355617
9.250640869140625e-05,0.09731696225557071
9.250640869140625e-05,0.09740791268758527
9.250640869140625e-05,0.09749886311959982
9.250640869140625e-05,0.09758981355161438
9.250640869140625e-05,0.09768076398362892
9.250640869140625e-05,0.09777171441564347
9.250640869140625e-05,0.09786266484765803
9.250640869140625e-05,0.09795361527967258
9.250640869140625e-05,0.09804456571168713
9.250640869140625e-05,0.09813551614370168
9.250640869140625e-05,0.09822646657571624
9.250640869140625e-05,0.09831741700773079
9.250640869140625e-05,0.09840836743974533
9.250640869140625e-05,0.09849931787175989
9.250640869140625e-05,0.09859026830377444
9.250640869140625e-05,0.098681218735789
9.250640869140625e-05,0.09877216916780354
9.250640869140625e-05,0.0988631195998181
9.250640869140625e-05,0.09895407003183265
9.250640869140625e-05,0.09904502046384721
9.250640869140625e-05,0.09913597089586175
9.250640869140625e-05,0.0992269213278763
9.250640869140625e-05,0.09931787175989086
9.250640869140625e-05,0.09940882219190542
9.250640869140625e-05,0.09949977262391996
9.250640869140625e-05,0.09959072305593451
9.250640869140625e-05,0.09968167348794907
9.250640869140625e-05,0.09977262391996362
9.250640869140625e-05,0.09986357435197817
9.274482727050781e-05,0.09995452478399272
9.274482727050781e-05,0.10004547521600728
9.274482727050781e-05,0.10013642564802183
9.274482727050781e-05,0.10022737608003637
9.274482727050781e-05,0.10031832651205093
9.274482727050781e-05,0.10040927694406548
9.274482727050781e-05,0.10050022737608004
9.274482727050781e-05,0.1005911778080946
9.274482727050781e-05,0.10068212824010914
9.274482727050781e-05,0.10077307867212369
9.274482727050781e-05,0.10086402910413825
9.274482727050781e-05,0.1009549795361528
9.274482727050781e-05,0.10104592996816734
9.274482727050781e-05,0.1011368804001819
9.274482727050781e-05,0.10122783083219646
9.274482727050781e-05,0.10131878126421101
9.274482727050781e-05,0.10140973169622555
9.274482727050781e-05,0.10150068212824011
9.274482727050781e-05,0.10159163256025466
9.274482727050781e-05,0.10168258299226922
9.274482727050781e-05,0.10177353342428376
9.274482727050781e-05,0.10186448385629832
9.274482727050781e-05,0.10195543428831287
9.274482727050781e-05,0.10204638472032743
9.274482727050781e-05,0.10213733515234197
9.274482727050781e-05,0.10222828558435652
9.274482727050781e-05,0.10231923601637108
9.274482727050781e-05,0.10241018644838563
9.274482727050781e-05,0.10250113688040018
9.274482727050781e-05,0.10259208731241473
9.274482727050781e-05,0.10268303774442929
9.274482727050781e-05,0.10277398817644384
9.274482727050781e-05,0.10286493860845838
9.274482727050781e-05,0.10295588904047294
9.274482727050781e-05,0.1030468394724875
9.274482727050781e-05,0.10313778990450205
9.274482727050781e-05,0.10322874033651659
9.274482727050781e-05,0.10331969076853115
9.274482727050781e-05,0.1034106412005457
9.274482727050781e-05,0.10350159163256026
9.274482727050781e-05,0.10359254206457481
9.274482727050781e-05,0.10368349249658936
9.274482727050781e-05,0.10377444292860391
9.274482727050781e-05,0.10386539336061847
9.274482727050781e-05,0.10395634379263302
9.274482727050781e-05,0.10404729422464756
9.274482727050781e-05,0.10413824465666212
9.274482727050781e-05,0.10422919508867667
9.274482727050781e-05,0.10432014552069123
9.274482727050781e-05,0.10441109595270577
9.274482727050781e-05,0.10450204638472033
9.274482727050781e-05,0.10459299681673488
9.274482727050781e-05,0.10468394724874944
9.274482727050781e-05,0.10477489768076398
9.274482727050781e-05,0.10486584811277853
9.274482727050781e-05,0.10495679854479309
9.274482727050781e-05,0.10504774897680765
9.298324584960938e-05,0.10513869940882219
9.298324584960938e-05,0.10522964984083674
9.298324584960938e-05,0.1053206002728513
9.298324584960938e-05,0.10541155070486585
9.298324584960938e-05,0.1055025011368804
9.298324584960938e-05,0.10559345156889495
9.298324584960938e-05,0.1056844020009095
9.298324584960938e-05,0.10577535243292406
9.298324584960938e-05,0.1058663028649386
9.298324584960938e-05,0.10595725329695316
9.298324584960938e-05,0.10604820372896771
9.298324584960938e-05,0.10613915416098227
9.298324584960938e-05,0.10623010459299681
9.298324584960938e-05,0.10632105502501137
9.298324584960938e-05,0.10641200545702592
9.298324584960938e-05,0.10650295588904048
9.298324584960938e-05,0.10659390632105503
9.298324584960938e-05,0.10668485675306957
9.298324584960938e-05,0.10677580718508413
9.298324584960938e-05,0.10686675761709868
9.298324584960938e-05,0.10695770804911324
9.298324584960938e-05,0.10704865848112778
9.298324584960938e-05,0.10713960891314234
9.298324584960938e-05,0.10723055934515689
9.298324584960938e-05,0.10732150977717145
9.298324584960938e-05,0.10741246020918599
9.298324584960938e-05,0.10750341064120054
9.298324584960938e-05,0.1075943610732151
9.298324584960938e-05,0.10768531150522966
9.298324584960938e-05,0.1077762619372442
9.298324584960938e-05,0.10786721236925875
9.298324584960938e-05,0.10795816280127331
9.298324584960938e-05,0.10804911323328786
9.298324584960938e-05,0.1081400636653024
9.298324584960938e-05,0.10823101409731696
9.298324584960938e-05,0.10832196452933152
9.298324584960938e-05,0.10841291496134607
9.298324584960938e-05,0.10850386539336061
9.298324584960938e-05,0.10859481582537517
9.298324584960938e-05,0.10868576625738972
9.298324584960938e-05,0.10877671668940428
9.298324584960938e-05,0.10886766712141882
9.298324584960938e-05,0.10895861755343338
9.298324584960938e-05,0.10904956798544793
9.322166442871094e-05,0.10914051841746249
9.322166442871094e-05,0.10923146884947703
9.322166442871094e-05,0.10932241928149158
9.322166442871094e-05,0.10941336971350614
9.322166442871094e-05,0.1095043201455207
9.322166442871094e-05,0.10959527057753524
9.322166442871094e-05,0.10968622100954979
9.322166442871094e-05,0.10977717144156435
9.322166442871094e-05,0.1098681218735789
9.322166442871094e-05,0.10995907230559346
9.322166442871094e-05,0.110050022737608
9.322166442871094e-05,0.11014097316962256
9.322166442871094e-05,0.11023192360163711
9.322166442871094e-05,0.11032287403365167
9.322166442871094e-05,0.11041382446566621
9.322166442871094e-05,0.11050477489768076
9.322166442871094e-05,0.11059572532969532
9.322166442871094e-05,0.11068667576170987
9.322166442871094e-05,0.11077762619372442
9.322166442871094e-05,0.11086857662573897
9.322166442871094e-05,0.11095952705775353
9.322166442871094e-05,0.11105047748976808
9.322166442871094e-05,0.11114142792178262
9.322166442871094e-05,0.11123237835379718
9.322166442871094e-05,0.11132332878581173
9.322166442871094e-05,0.11141427921782629
9.322166442871094e-05,0.11150522964984083
9.322166442871094e-05,0.11159618008185539
9.322166442871094e-05,0.11168713051386994
9.322166442871094e-05,0.1117780809458845
9.322166442871094e-05,0.11186903137789904
9.322166442871094e-05,0.1119599818099136
9.322166442871094e-05,0.11205093224192815
9.322166442871094e-05,0.1121418826739427
9.322166442871094e-05,0.11223283310595725
9.322166442871094e-05,0.1123237835379718
9.322166442871094e-05,0.11241473396998636
9.322166442871094e-05,0.11250568440200091
9.322166442871094e-05,0.11259663483401545
9.322166442871094e-05,0.11268758526603001
9.322166442871094e-05,0.11277853569804457
9.322166442871094e-05,0.11286948613005912
9.322166442871094e-05,0.11296043656207368
9.322166442871094e-05,0.11305138699408822
9.34600830078125e-05,0.11314233742610277
9.34600830078125e-05,0.11323328785811733
9.34600830078125e-05,0.11332423829013188
9.34600830078125e-05,0.11341518872214643
9.34600830078125e-05,0.11350613915416098
9.34600830078125e-05,0.11359708958617554
9.34600830078125e-05,0.11368804001819009
9.34600830078125e-05,0.11377899045020463
9.34600830078125e-05,0.11386994088221919
9.34600830078125e-05,0.11396089131423374
9.34600830078125e-05,0.1140518417462483
9.34600830078125e-05,0.11414279217826284
9.34600830078125e-05,0.1142337426102774
9.34600830078125e-05,0.11432469304229195
9.34600830078125e-05,0.11441564347430651
9.34600830078125e-05,0.11450659390632105
9.34600830078125e-05,0.1145975443383356
9.34600830078125e-05,0.11468849477035016
9.34600830078125e-05,0.11477944520236472
9.34600830078125e-05,0.11487039563437926
9.34600830078125e-05,0.11496134606639381
9.34600830078125e-05,0.11505229649840837
9.34600830078125e-05,0.11514324693042292
9.34600830078125e-05,0.11523419736243747
9.34600830078125e-05,0.11532514779445202
9.34600830078125e-05,0.11541609822646658
9.34600830078125e-05,0.11550704865848113
9.34600830078125e-05,0.11559799909049567
9.34600830078125e-05,0.11568894952251023
9.34600830078125e-05,0.11577989995452478
9.34600830078125e-05,0.11587085038653934
9.34600830078125e-05,0.11596180081855388
9.34600830078125e-05,0.11605275125056844
9.34600830078125e-05,0.11614370168258299
9.34600830078125e-05,0.11623465211459755
9.34600830078125e-05,0.1163256025466121
9.34600830078125e-05,0.11641655297862664
9.34600830078125e-05,0.1165075034106412
9.34600830078125e-05,0.11659845384265576
9.34600830078125e-05,0.11668940427467031
9.34600830078125e-05,0.11678035470668485
9.369850158691406e-05,0.11687130513869941
9.369850158691406e-05,0.11696225557071396
9.369850158691406e-05,0.11705320600272852
9.369850158691406e-05,0.11714415643474306
9.369850158691406e-05,0.11723510686675762
9.369850158691406e-05,0.11732605729877217
9.369850158691406e-05,0.11741700773078673
9.369850158691406e-05,0.11750795816280127
9.369850158691406e-05,0.11759890859481582
9.369850158691406e-05,0.11768985902683038
9.369850158691406e-05,0.11778080945884493
9.369850158691406e-05,0.11787175989085948
9.369850158691406e-05,0.11796271032287403
9.369850158691406e-05,0.11805366075488859
9.369850158691406e-05,0.11814461118690314
9.369850158691406e-05,0.11823556161891768
9.369850158691406e-05,0.11832651205093224
9.369850158691406e-05,0.1184174624829468
9.369850158691406e-05,0.11850841291496135
9.369850158691406e-05,0.11859936334697589
9.369850158691406e-05,0.11869031377899045
9.369850158691406e-05,0.118781264211005
9.369850158691406e-05,0.11887221464301956
9.369850158691406e-05,0.1189631650750341
9.369850158691406e-05,0.11905411550704866
9.369850158691406e-05,0.11914506593906321
9.369850158691406e-05,0.11923601637107777
9.369850158691406e-05,0.11932696680309232
9.369850158691406e-05,0.11941791723510686
9.369850158691406e-05,0.11950886766712142
9.369850158691406e-05,0.11959981809913597
9.369850158691406e-05,0.11969076853115053
9.369850158691406e-05,0.11978171896316507
9.369850158691406e-05,0.11987266939517963
9.369850158691406e-05,0.11996361982719418
9.369850158691406e-05,0.12005457025920874
9.393692016601562e-05,0.12014552069122328
9.393692016601562e-05,0.12023647112323783
9.393692016601562e-05,0.12032742155525239
9.393692016601562e-05,0.12041837198726695
9.393692016601562e-05,0.12050932241928149
9.393692016601562e-05,0.12060027285129604
9.393692016601562e-05,0.1206912232833106
9.393692016601562e-05,0.12078217371532515
9.393692016601562e-05,0.1208731241473397
9.393692016601562e-05,0.12096407457935425
9.393692016601562e-05,0.1210550250113688
9.393692016601562e-05,0.12114597544338336
9.393692016601562e-05,0.1212369258753979
9.393692016601562e-05,0.12132787630741246
9.393692016601562e-05,0.12141882673942701
9.393692016601562e-05,0.12150977717144157
9.393692016601562e-05,0.12160072760345611
9.393692016601562e-05,0.12169167803547067
9.393692016601562e-05,0.12178262846748522
9.393692016601562e-05,0.12187357889949978
9.393692016601562e-05,0.12196452933151432
9.393692016601562e-05,0.12205547976352887
9.393692016601562e-05,0.12214643019554343
9.393692016601562e-05,0.12223738062755798
9.393692016601562e-05,0.12232833105957254
9.393692016601562e-05,0.12241928149158708
9.393692016601562e-05,0.12251023192360164
9.393692016601562e-05,0.12260118235561619
9.393692016601562e-05,0.12269213278763075
9.393692016601562e-05,0.12278308321964529
9.393692016601562e-05,0.12287403365165984
9.393692016601562e-05,0.1229649840836744
9.393692016601562e-05,0.12305593451568896
9.393692016601562e-05,0.1231468849477035
9.393692016601562e-05,0.12323783537971805
9.393692016601562e-05,0.12332878581173261
9.393692016601562e-05,0.12341973624374716
9.393692016601562e-05,0.1235106866757617
9.393692016601562e-05,0.12360163710777626
9.393692016601562e-05,0.12369258753979082
9.393692016601562e-05,0.12378353797180537
9.393692016601562e-05,0.12387448840381991
9.393692016601562e-05,0.12396543883583447
9.393692016601562e-05,0.12405638926784902
9.393692016601562e-05,0.12414733969986358
9.393692016601562e-05,0.12423829013187812
9.393692016601562e-05,0.12432924056389268
9.393692016601562e-05,0.12442019099590723
9.393692016601562e-05,0.12451114142792179
9.393692016601562e-05,0.12460209185993633
9.393692016601562e-05,0.12469304229195088
9.393692016601562e-05,0.12478399272396544
9.393692016601562e-05,0.12487494315598
9.393692016601562e-05,0.12496589358799454
9.393692016601562e-05,0.1250568440200091
9.393692016601562e-05,0.12514779445202365
9.393692016601562e-05,0.1252387448840382
9.417533874511719e-05,0.12532969531605276
9.417533874511719e-05,0.1254206457480673
9.417533874511719e-05,0.12551159618008187
9.417533874511719e-05,0.1256025466120964
9.417533874511719e-05,0.12569349704411095
9.417533874511719e-05,0.12578444747612552
9.417533874511719e-05,0.12587539790814006
9.417533874511719e-05,0.1259663483401546
9.417533874511719e-05,0.12605729877216917
9.417533874511719e-05,0.12614824920418372
9.417533874511719e-05,0.12623919963619828
9.417533874511719e-05,0.12633015006821283
9.417533874511719e-05,0.12642110050022737
9.417533874511719e-05,0.12651205093224194
9.417533874511719e-05,0.12660300136425648
9.417533874511719e-05,0.12669395179627102
9.417533874511719e-05,0.1267849022282856
9.417533874511719e-05,0.12687585266030013
9.417533874511719e-05,0.1269668030923147
9.417533874511719e-05,0.12705775352432924
9.417533874511719e-05,0.12714870395634378
9.417533874511719e-05,0.12723965438835835
9.417533874511719e-05,0.1273306048203729
9.417533874511719e-05,0.12742155525238744
9.417533874511719e-05,0.127512505684402
9.417533874511719e-05,0.12760345611641655
9.417533874511719e-05,0.12769440654843112
9.417533874511719e-05,0.12778535698044566
9.417533874511719e-05,0.1278763074124602
9.417533874511719e-05,0.12796725784447477
9.417533874511719e-05,0.1280582082764893
9.417533874511719e-05,0.12814915870850385
9.417533874511719e-05,0.12824010914051842
9.417533874511719e-05,0.12833105957253296
9.417533874511719e-05,0.12842201000454753
9.417533874511719e-05,0.12851296043656207
9.417533874511719e-05,0.12860391086857662
9.417533874511719e-05,0.12869486130059118
9.417533874511719e-05,0.12878581173260573
9.417533874511719e-05,0.1288767621646203
9.417533874511719e-05,0.12896771259663484
9.417533874511719e-05,0.12905866302864938
9.417533874511719e-05,0.12914961346066395
9.417533874511719e-05,0.1292405638926785
9.417533874511719e-05,0.12933151432469303
9.417533874511719e-05,0.1294224647567076
9.417533874511719e-05,0.12951341518872214
9.417533874511719e-05,0.1296043656207367
9.417533874511719e-05,0.12969531605275125
9.417533874511719e-05,0.1297862664847658
9.417533874511719e-05,0.12987721691678036
9.417533874511719e-05,0.1299681673487949
9.417533874511719e-05,0.13005911778080945
9.417533874511719e-05,0.13015006821282402
9.417533874511719e-05,0.13024101864483856
9.417533874511719e-05,0.13033196907685313
9.441375732421875e-05,0.13042291950886767
9.441375732421875e-05,0.1305138699408822
9.441375732421875e-05,0.13060482037289678
9.441375732421875e-05,0.13069577080491132
9.441375732421875e-05,0.13078672123692586
9.441375732421875e-05,0.13087767166894043
9.441375732421875e-05,0.13096862210095497
9.441375732421875e-05,0.13105957253296954
9.441375732421875e-05,0.13115052296498408
9.441375732421875e-05,0.13124147339699863
9.441375732421875e-05,0.1313324238290132
9.441375732421875e-05,0.13142337426102774
9.441375732421875e-05,0.13151432469304228
9.441375732421875e-05,0.13160527512505685
9.441375732421875e-05,0.1316962255570714
9.441375732421875e-05,0.13178717598908596
9.441375732421875e-05,0.1318781264211005
9.441375732421875e-05,0.13196907685311504
9.441375732421875e-05,0.1320600272851296
9.441375732421875e-05,0.13215097771714415
9.441375732421875e-05,0.13224192814915872
9.441375732421875e-05,0.13233287858117326
9.441375732421875e-05,0.1324238290131878
9.441375732421875e-05,0.13251477944520237
9.441375732421875e-05,0.13260572987721692
9.441375732421875e-05,0.13269668030923146
9.441375732421875e-05,0.13278763074124603
9.441375732421875e-05,0.13287858117326057
9.441375732421875e-05,0.13296953160527514
9.441375732421875e-05,0.13306048203728968
9.441375732421875e-05,0.13315143246930422
9.441375732421875e-05,0.1332423829013188
9.441375732421875e-05,0.13333333333333333
9.441375732421875e-05,0.13342428376534787
9.441375732421875e-05,0.13351523419736244
9.441375732421875e-05,0.13360618462937698
9.441375732421875e-05,0.13369713506139155
9.441375732421875e-05,0.1337880854934061
9.441375732421875e-05,0.13387903592542064
9.441375732421875e-05,0.1339699863574352
9.441375732421875e-05,0.13406093678944975
9.441375732421875e-05,0.1341518872214643
9.441375732421875e-05,0.13424283765347886
9.441375732421875e-05,0.1343337880854934
9.441375732421875e-05,0.13442473851750797
9.441375732421875e-05,0.1345156889495225
9.441375732421875e-05,0.13460663938153705
9.441375732421875e-05,0.13469758981355162
9.441375732421875e-05,0.13478854024556616
9.441375732421875e-05,0.13487949067758073
9.441375732421875e-05,0.13497044110959527
9.441375732421875e-05,0.13506139154160982
9.441375732421875e-05,0.13515234197362438
9.465217590332031e-05,0.13524329240563893
9.465217590332031e-05,0.13533424283765347
9.465217590332031e-05,0.13542519326966804
9.465217590332031e-05,0.13551614370168258
9.465217590332031e-05,0.13560709413369715
9.465217590332031e-05,0.1356980445657117
9.465217590332031e-05,0.13578899499772623
9.465217590332031e-05,0.1358799454297408
9.465217590332031e-05,0.13597089586175534
9.465217590332031e-05,0.13606184629376988
9.465217590332031e-05,0.13615279672578445
9.465217590332031e-05,0.136243747157799
9.465217590332031e-05,0.13633469758981356
9.465217590332031e-05,0.1364256480218281
9.465217590332031e-05,0.13651659845384265
9.465217590332031e-05,0.13660754888585722
9.465217590332031e-05,0.13669849931787176
9.465217590332031e-05,0.1367894497498863
9.465217590332031e-05,0.13688040018190087
9.465217590332031e-05,0.1369713506139154
9.465217590332031e-05,0.13706230104592998
9.465217590332031e-05,0.13715325147794452
9.465217590332031e-05,0.13724420190995906
9.465217590332031e-05,0.13733515234197363
9.465217590332031e-05,0.13742610277398817
9.465217590332031e-05,0.13751705320600272
9.465217590332031e-05,0.13760800363801728
9.465217590332031e-05,0.13769895407003183
9.465217590332031e-05,0.1377899045020464
9.465217590332031e-05,0.13788085493406094
9.465217590332031e-05,0.13797180536607548
9.465217590332031e-05,0.13806275579809005
9.465217590332031e-05,0.1381537062301046
9.465217590332031e-05,0.13824465666211916
9.465217590332031e-05,0.1383356070941337
9.465217590332031e-05,0.13842655752614824
9.465217590332031e-05,0.1385175079581628
9.465217590332031e-05,0.13860845839017735
9.465217590332031e-05,0.1386994088221919
9.465217590332031e-05,0.13879035925420646
9.465217590332031e-05,0.138881309686221
9.465217590332031e-05,0.13897226011823557
9.465217590332031e-05,0.13906321055025012
9.465217590332031e-05,0.13915416098226466
9.465217590332031e-05,0.13924511141427923
9.489059448242188e-05,0.13933606184629377
9.489059448242188e-05,0.1394270122783083
9.489059448242188e-05,0.13951796271032288
9.489059448242188e-05,0.13960891314233742
9.489059448242188e-05,0.139699863574352
9.489059448242188e-05,0.13979081400636653
9.489059448242188e-05,0.13988176443838107
9.489059448242188e-05,0.13997271487039564
9.489059448242188e-05,0.14006366530241018
9.489059448242188e-05,0.14015461573442473
9.489059448242188e-05,0.1402455661664393
9.489059448242188e-05,0.14033651659845384
9.489059448242188e-05,0.1404274670304684
9.489059448242188e-05,0.14051841746248295
9.489059448242188e-05,0.1406093678944975
9.489059448242188e-05,0.14070031832651206
9.489059448242188e-05,0.1407912687585266
9.489059448242188e-05,0.14088221919054114
9.489059448242188e-05,0.1409731696225557
9.489059448242188e-05,0.14106412005457025
9.489059448242188e-05,0.14115507048658482
9.489059448242188e-05,0.14124602091859936
9.489059448242188e-05,0.1413369713506139
9.489059448242188e-05,0.14142792178262847
9.489059448242188e-05,0.14151887221464302
9.489059448242188e-05,0.14160982264665758
9.489059448242188e-05,0.14170077307867213
9.489059448242188e-05,0.14179172351068667
9.489059448242188e-05,0.14188267394270124
9.489059448242188e-05,0.14197362437471578
9.489059448242188e-05,0.14206457480673032
9.489059448242188e-05,0.1421555252387449
9.489059448242188e-05,0.14224647567075943
9.489059448242188e-05,0.142337426102774
9.489059448242188e-05,0.14242837653478854
9.489059448242188e-05,0.14251932696680308
9.489059448242188e-05,0.14261027739881765
9.489059448242188e-05,0.1427012278308322
9.489059448242188e-05,0.14279217826284674
9.489059448242188e-05,0.1428831286948613
9.489059448242188e-05,0.14297407912687585
9.489059448242188e-05,0.14306502955889042
9.489059448242188e-05,0.14315597999090496
9.489059448242188e-05,0.1432469304229195
9.489059448242188e-05,0.14333788085493407
9.489059448242188e-05,0.1434288312869486
9.489059448242188e-05,0.14351978171896315
9.489059448242188e-05,0.14361073215097772
9.489059448242188e-05,0.14370168258299226
9.489059448242188e-05,0.14379263301500683
9.489059448242188e-05,0.14388358344702137
9.489059448242188e-05,0.14397453387903592
9.489059448242188e-05,0.14406548431105048
9.489059448242188e-05,0.14415643474306503
9.489059448242188e-05,0.1442473851750796
9.489059448242188e-05,0.14433833560709414
9.489059448242188e-05,0.14442928603910868
9.489059448242188e-05,0.14452023647112325
9.489059448242188e-05,0.1446111869031378
9.489059448242188e-05,0.14470213733515233
9.489059448242188e-05,0.1447930877671669
9.489059448242188e-05,0.14488403819918144
9.489059448242188e-05,0.144974988631196
9.512901306152344e-05,0.14506593906321055
9.512901306152344e-05,0.1451568894952251
9.512901306152344e-05,0.14524783992723966
9.512901306152344e-05,0.1453387903592542
9.512901306152344e-05,0.14542974079126875
9.512901306152344e-05,0.14552069122328332
9.512901306152344e-05,0.14561164165529786
9.512901306152344e-05,0.14570259208731243
9.512901306152344e-05,0.14579354251932697
9.512901306152344e-05,0.1458844929513415
9.512901306152344e-05,0.14597544338335608
9.512901306152344e-05,0.14606639381537062
9.512901306152344e-05,0.14615734424738516
9.512901306152344e-05,0.14624829467939973
9.512901306152344e-05,0.14633924511141427
9.512901306152344e-05,0.14643019554342884
9.512901306152344e-05,0.14652114597544338
9.512901306152344e-05,0.14661209640745793
9.512901306152344e-05,0.1467030468394725
9.512901306152344e-05,0.14679399727148704
9.512901306152344e-05,0.14688494770350158
9.512901306152344e-05,0.14697589813551615
9.512901306152344e-05,0.1470668485675307
9.512901306152344e-05,0.14715779899954526
9.512901306152344e-05,0.1472487494315598
9.512901306152344e-05,0.14733969986357434
9.512901306152344e-05,0.1474306502955889
9.512901306152344e-05,0.14752160072760345
9.512901306152344e-05,0.14761255115961802
9.512901306152344e-05,0.14770350159163256
9.512901306152344e-05,0.1477944520236471
9.512901306152344e-05,0.14788540245566167
9.512901306152344e-05,0.14797635288767622
9.512901306152344e-05,0.14806730331969076
9.512901306152344e-05,0.14815825375170533
9.512901306152344e-05,0.14824920418371987
9.512901306152344e-05,0.14834015461573444
9.512901306152344e-05,0.14843110504774898
9.512901306152344e-05,0.14852205547976352
9.512901306152344e-05,0.1486130059117781
9.512901306152344e-05,0.14870395634379263
9.512901306152344e-05,0.14879490677580717
9.512901306152344e-05,0.14888585720782174
9.512901306152344e-05,0.14897680763983628
9.512901306152344e-05,0.14906775807185085
9.512901306152344e-05,0.1491587085038654
9.512901306152344e-05,0.14924965893587994
9.512901306152344e-05,0.1493406093678945
9.512901306152344e-05,0.14943155979990905
9.512901306152344e-05,0.1495225102319236
9.512901306152344e-05,0.14961346066393816
9.512901306152344e-05,0.1497044110959527
9.512901306152344e-05,0.14979536152796727
9.512901306152344e-05,0.1498863119599818
9.512901306152344e-05,0.14997726239199635
9.512901306152344e-05,0.15006821282401092
9.512901306152344e-05,0.15015916325602546
9.512901306152344e-05,0.15025011368804
9.512901306152344e-05,0.15034106412005457
9.512901306152344e-05,0.15043201455206912
9.512901306152344e-05,0.15052296498408368
9.512901306152344e-05,0.15061391541609823
9.512901306152344e-05,0.15070486584811277
9.5367431640625e-05,0.15079581628012734
9.5367431640625e-05,0.15088676671214188
9.5367431640625e-05,0.15097771714415645
9.5367431640625e-05,0.151068667576171
9.5367431640625e-05,0.15115961800818553
9.5367431640625e-05,0.1512505684402001
9.5367431640625e-05,0.15134151887221464
9.5367431640625e-05,0.15143246930422918
9.5367431640625e-05,0.15152341973624375
9.5367431640625e-05,0.1516143701682583
9.5367431640625e-05,0.15170532060027286
9.5367431640625e-05,0.1517962710322874
9.5367431640625e-05,0.15188722146430195
9.5367431640625e-05,0.15197817189631652
9.5367431640625e-05,0.15206912232833106
9.5367431640625e-05,0.1521600727603456
9.5367431640625e-05,0.15225102319236017
9.5367431640625e-05,0.1523419736243747
9.5367431640625e-05,0.15243292405638928
9.5367431640625e-05,0.15252387448840382
9.5367431640625e-05,0.15261482492041836
9.5367431640625e-05,0.15270577535243293
9.5367431640625e-05,0.15279672578444747
9.5367431640625e-05,0.15288767621646202
9.5367431640625e-05,0.15297862664847658
9.5367431640625e-05,0.15306957708049113
9.5367431640625e-05,0.1531605275125057
9.5367431640625e-05,0.15325147794452024
9.5367431640625e-05,0.15334242837653478
9.5367431640625e-05,0.15343337880854935
9.5367431640625e-05,0.1535243292405639
9.5367431640625e-05,0.15361527967257846
9.5367431640625e-05,0.153706230104593
9.5367431640625e-05,0.15379718053660754
9.5367431640625e-05,0.1538881309686221
9.5367431640625e-05,0.15397908140063665
9.5367431640625e-05,0.1540700318326512
9.5367431640625e-05,0.15416098226466576
9.5367431640625e-05,0.1542519326966803
9.5367431640625e-05,0.15434288312869487
9.5367431640625e-05,0.15443383356070942
9.5367431640625e-05,0.15452478399272396
9.5367431640625e-05,0.15461573442473853
9.5367431640625e-05,0.15470668485675307
9.5367431640625e-05,0.1547976352887676
9.5367431640625e-05,0.15488858572078218
9.5367431640625e-05,0.15497953615279672
9.5367431640625e-05,0.1550704865848113
9.5367431640625e-05,0.15516143701682583
9.5367431640625e-05,0.15525238744884037
9.5367431640625e-05,0.15534333788085494
9.5367431640625e-05,0.15543428831286948
9.5367431640625e-05,0.15552523874488403
9.5367431640625e-05,0.1556161891768986
9.5367431640625e-05,0.15570713960891314
9.5367431640625e-05,0.1557980900409277
9.5367431640625e-05,0.15588904047294225
9.5367431640625e-05,0.1559799909049568
9.5367431640625e-05,0.15607094133697136
9.5367431640625e-05,0.1561618917689859
9.5367431640625e-05,0.15625284220100044
9.5367431640625e-05,0.156343792633015
9.5367431640625e-05,0.15643474306502955
9.5367431640625e-05,0.15652569349704412
9.5367431640625e-05,0.15661664392905866
9.5367431640625e-05,0.1567075943610732
9.5367431640625e-05,0.15679854479308777
9.560585021972656e-05,0.15688949522510232
9.560585021972656e-05,0.15698044565711688
9.560585021972656e-05,0.15707139608913143
9.560585021972656e-05,0.15716234652114597
9.560585021972656e-05,0.15725329695316054
9.560585021972656e-05,0.15734424738517508
9.560585021972656e-05,0.15743519781718962
9.560585021972656e-05,0.1575261482492042
9.560585021972656e-05,0.15761709868121873
9.560585021972656e-05,0.1577080491132333
9.560585021972656e-05,0.15779899954524784
9.560585021972656e-05,0.15788994997726238
9.560585021972656e-05,0.15798090040927695
9.560585021972656e-05,0.1580718508412915
9.560585021972656e-05,0.15816280127330604
9.560585021972656e-05,0.1582537517053206
9.560585021972656e-05,0.15834470213733515
9.560585021972656e-05,0.15843565256934972
9.560585021972656e-05,0.15852660300136426
9.560585021972656e-05,0.1586175534333788
9.560585021972656e-05,0.15870850386539337
9.560585021972656e-05,0.1587994542974079
9.560585021972656e-05,0.15889040472942245
9.560585021972656e-05,0.15898135516143702
9.560585021972656e-05,0.15907230559345156
9.560585021972656e-05,0.15916325602546613
9.560585021972656e-05,0.15925420645748067
9.560585021972656e-05,0.15934515688949522
9.560585021972656e-05,0.15943610732150978
9.560585021972656e-05,0.15952705775352433
9.560585021972656e-05,0.15961800818553887
9.560585021972656e-05,0.15970895861755344
9.560585021972656e-05,0.15979990904956798
9.560585021972656e-05,0.15989085948158255
9.560585021972656e-05,0.1599818099135971
9.560585021972656e-05,0.16007276034561163
9.560585021972656e-05,0.1601637107776262
9.560585021972656e-05,0.16025466120964074
9.560585021972656e-05,0.1603456116416553
9.560585021972656e-05,0.16043656207366985
9.560585021972656e-05,0.1605275125056844
9.560585021972656e-05,0.16061846293769896
9.560585021972656e-05,0.1607094133697135
9.560585021972656e-05,0.16080036380172805
9.560585021972656e-05,0.16089131423374262
9.560585021972656e-05,0.16098226466575716
9.560585021972656e-05,0.16107321509777173
9.560585021972656e-05,0.16116416552978627
9.560585021972656e-05,0.1612551159618008
9.560585021972656e-05,0.16134606639381538
9.560585021972656e-05,0.16143701682582992
9.560585021972656e-05,0.16152796725784446
9.560585021972656e-05,0.16161891768985903
9.560585021972656e-05,0.16170986812187357
9.560585021972656e-05,0.16180081855388814
9.560585021972656e-05,0.16189176898590268
9.560585021972656e-05,0.16198271941791723
9.560585021972656e-05,0.1620736698499318
9.560585021972656e-05,0.16216462028194634
9.560585021972656e-05,0.16225557071396088
9.560585021972656e-05,0.16234652114597545
9.584426879882812e-05,0.16243747157799
9.584426879882812e-05,0.16252842201000456
9.584426879882812e-05,0.1626193724420191
9.584426879882812e-05,0.16271032287403364
9.584426879882812e-05,0.1628012733060482
9.584426879882812e-05,0.16289222373806275
9.584426879882812e-05,0.1629831741700773
9.584426879882812e-05,0.16307412460209186
9.584426879882812e-05,0.1631650750341064
9.584426879882812e-05,0.16325602546612097
9.584426879882812e-05,0.16334697589813552
9.584426879882812e-05,0.16343792633015006
9.584426879882812e-05,0.16352887676216463
9.584426879882812e-05,0.16361982719417917
9.584426879882812e-05,0.16371077762619374
9.584426879882812e-05,0.16380172805820828
9.584426879882812e-05,0.16389267849022282
9.584426879882812e-05,0.1639836289222374
9.584426879882812e-05,0.16407457935425193
9.584426879882812e-05,0.16416552978626647
9.584426879882812e-05,0.16425648021828104
9.584426879882812e-05,0.16434743065029558
9.584426879882812e-05,0.16443838108231015
9.584426879882812e-05,0.1645293315143247
9.584426879882812e-05,0.16462028194633924
9.584426879882812e-05,0.1647112323783538
9.584426879882812e-05,0.16480218281036835
9.584426879882812e-05,0.1648931332423829
9.584426879882812e-05,0.16498408367439746
9.584426879882812e-05,0.165075034106412
9.584426879882812e-05,0.16516598453842657
9.584426879882812e-05,0.1652569349704411
9.584426879882812e-05,0.16534788540245565
9.584426879882812e-05,0.16543883583447022
9.584426879882812e-05,0.16552978626648476
9.584426879882812e-05,0.1656207366984993
9.584426879882812e-05,0.16571168713051387
9.584426879882812e-05,0.16580263756252842
9.584426879882812e-05,0.16589358799454298
9.584426879882812e-05,0.16598453842655753
9.584426879882812e-05,0.16607548885857207
9.584426879882812e-05,0.16616643929058664
9.584426879882812e-05,0.16625738972260118
9.584426879882812e-05,0.16634834015461575
9.584426879882812e-05,0.1664392905866303
9.584426879882812e-05,0.16653024101864483
9.584426879882812e-05,0.1666211914506594
9.584426879882812e-05,0.16671214188267394
9.584426879882812e-05,0.16680309231468848
9.584426879882812e-05,0.16689404274670305
9.584426879882812e-05,0.1669849931787176
9.584426879882812e-05,0.16707594361073216
9.584426879882812e-05,0.1671668940427467
9.608268737792969e-05,0.16725784447476125
9.608268737792969e-05,0.16734879490677582
9.608268737792969e-05,0.16743974533879036
9.608268737792969e-05,0.1675306957708049
9.608268737792969e-05,0.16762164620281947
9.608268737792969e-05,0.167712596634834
9.608268737792969e-05,0.16780354706684858
9.608268737792969e-05,0.16789449749886312
9.608268737792969e-05,0.16798544793087766
9.608268737792969e-05,0.16807639836289223
9.608268737792969e-05,0.16816734879490677
9.608268737792969e-05,0.16825829922692132
9.608268737792969e-05,0.16834924965893588
9.608268737792969e-05,0.16844020009095043
9.608268737792969e-05,0.168531150522965
9.608268737792969e-05,0.16862210095497954
9.608268737792969e-05,0.16871305138699408
9.608268737792969e-05,0.16880400181900865
9.608268737792969e-05,0.1688949522510232
9.608268737792969e-05,0.16898590268303773
9.608268737792969e-05,0.1690768531150523
9.608268737792969e-05,0.16916780354706684
9.608268737792969e-05,0.1692587539790814
9.608268737792969e-05,0.16934970441109595
9.608268737792969e-05,0.1694406548431105
9.608268737792969e-05,0.16953160527512506
9.608268737792969e-05,0.1696225557071396
9.608268737792969e-05,0.16971350613915417
9.608268737792969e-05,0.16980445657116872
9.608268737792969e-05,0.16989540700318326
9.608268737792969e-05,0.16998635743519783
9.608268737792969e-05,0.17007730786721237
9.608268737792969e-05,0.1701682582992269
9.608268737792969e-05,0.17025920873124148
9.608268737792969e-05,0.17035015916325602
9.608268737792969e-05,0.1704411095952706
9.608268737792969e-05,0.17053206002728513
9.608268737792969e-05,0.17062301045929967
9.608268737792969e-05,0.17071396089131424
9.608268737792969e-05,0.17080491132332878
9.608268737792969e-05,0.17089586175534333
9.608268737792969e-05,0.1709868121873579
9.608268737792969e-05,0.17107776261937244
9.608268737792969e-05,0.171168713051387
9.608268737792969e-05,0.17125966348340155
9.608268737792969e-05,0.1713506139154161
9.608268737792969e-05,0.17144156434743066
9.608268737792969e-05,0.1715325147794452
9.608268737792969e-05,0.17162346521145974
9.608268737792969e-05,0.1717144156434743
9.608268737792969e-05,0.17180536607548885
9.608268737792969e-05,0.17189631650750342
9.608268737792969e-05,0.17198726693951796
9.608268737792969e-05,0.1720782173715325
9.608268737792969e-05,0.17216916780354707
9.608268737792969e-05,0.17226011823556162
9.608268737792969e-05,0.17235106866757616
9.608268737792969e-05,0.17244201909959073
9.632110595703125e-05,0.17253296953160527
9.632110595703125e-05,0.17262391996361984
9.632110595703125e-05,0.17271487039563438
9.632110595703125e-05,0.17280582082764892
9.632110595703125e-05,0.1728967712596635
9.632110595703125e-05,0.17298772169167803
9.632110595703125e-05,0.1730786721236926
9.632110595703125e-05,0.17316962255570714
9.632110595703125e-05,0.17326057298772168
9.632110595703125e-05,0.17335152341973625
9.632110595703125e-05,0.1734424738517508
9.632110595703125e-05,0.17353342428376534
9.632110595703125e-05,0.1736243747157799
9.632110595703125e-05,0.17371532514779445
9.632110595703125e-05,0.17380627557980902
9.632110595703125e-05,0.17389722601182356
9.632110595703125e-05,0.1739881764438381
9.632110595703125e-05,0.17407912687585267
9.632110595703125e-05,0.1741700773078672
9.632110595703125e-05,0.17426102773988175
9.632110595703125e-05,0.17435197817189632
9.632110595703125e-05,0.17444292860391086
9.632110595703125e-05,0.17453387903592543
9.632110595703125e-05,0.17462482946793997
9.632110595703125e-05,0.17471577989995452
9.632110595703125e-05,0.17480673033196908
9.632110595703125e-05,0.17489768076398363
9.632110595703125e-05,0.17498863119599817
9.632110595703125e-05,0.17507958162801274
9.632110595703125e-05,0.17517053206002728
9.632110595703125e-05,0.17526148249204185
9.632110595703125e-05,0.1753524329240564
9.632110595703125e-05,0.17544338335607093
9.632110595703125e-05,0.1755343337880855
9.632110595703125e-05,0.17562528422010004
9.632110595703125e-05,0.1757162346521146
9.632110595703125e-05,0.17580718508412915
9.632110595703125e-05,0.1758981355161437
9.632110595703125e-05,0.17598908594815826
9.632110595703125e-05,0.1760800363801728
9.632110595703125e-05,0.17617098681218735
9.632110595703125e-05,0.17626193724420192
9.632110595703125e-05,0.17635288767621646
9.632110595703125e-05,0.17644383810823103
9.632110595703125e-05,0.17653478854024557
9.632110595703125e-05,0.1766257389722601
9.632110595703125e-05,0.17671668940427468
9.632110595703125e-05,0.17680763983628922
9.632110595703125e-05,0.17689859026830376
9.632110595703125e-05,0.17698954070031833
9.632110595703125e-05,0.17708049113233287
9.632110595703125e-05,0.17717144156434744
9.632110595703125e-05,0.17726239199636198
9.632110595703125e-05,0.17735334242837653
9.632110595703125e-05,0.1774442928603911
9.632110595703125e-05,0.17753524329240564
9.632110595703125e-05,0.17762619372442018
9.632110595703125e-05,0.17771714415643475
9.632110595703125e-05,0.1778080945884493
9.632110595703125e-05,0.17789904502046386
9.632110595703125e-05,0.1779899954524784
9.632110595703125e-05,0.17808094588449294
9.632110595703125e-05,0.1781718963165075
9.632110595703125e-05,0.17826284674852205
9.655952453613281e-05,0.1783537971805366
9.655952453613281e-05,0.17844474761255116
9.655952453613281e-05,0.1785356980445657
9.655952453613281e-05,0.17862664847658027
9.655952453613281e-05,0.17871759890859482
9.655952453613281e-05,0.17880854934060936
9.655952453613281e-05,0.17889949977262393
9.655952453613281e-05,0.17899045020463847
9.655952453613281e-05,0.17908140063665304
9.655952453613281e-05,0.17917235106866758
9.655952453613281e-05,0.17926330150068212
9.655952453613281e-05,0.1793542519326967
9.655952453613281e-05,0.17944520236471123
9.655952453613281e-05,0.17953615279672577
9.655952453613281e-05,0.17962710322874034
9.655952453613281e-05,0.17971805366075488
9.655952453613281e-05,0.17980900409276945
9.655952453613281e-05,0.179899954524784
9.655952453613281e-05,0.17999090495679854
9.655952453613281e-05,0.1800818553888131
9.655952453613281e-05,0.18017280582082765
9.655952453613281e-05,0.1802637562528422
9.655952453613281e-05,0.18035470668485676
9.655952453613281e-05,0.1804456571168713
9.655952453613281e-05,0.18053660754888587
9.655952453613281e-05,0.1806275579809004
9.655952453613281e-05,0.18071850841291495
9.655952453613281e-05,0.18080945884492952
9.655952453613281e-05,0.18090040927694406
9.655952453613281e-05,0.1809913597089586
9.655952453613281e-05,0.18108231014097317
9.655952453613281e-05,0.18117326057298772
9.655952453613281e-05,0.18126421100500228
9.655952453613281e-05,0.18135516143701683
9.655952453613281e-05,0.18144611186903137
9.655952453613281e-05,0.18153706230104594
9.655952453613281e-05,0.18162801273306048
9.655952453613281e-05,0.18171896316507502
9.655952453613281e-05,0.1818099135970896
9.655952453613281e-05,0.18190086402910413
9.655952453613281e-05,0.1819918144611187
9.655952453613281e-05,0.18208276489313324
9.655952453613281e-05,0.18217371532514778
9.655952453613281e-05,0.18226466575716235
9.655952453613281e-05,0.1823556161891769
9.655952453613281e-05,0.18244656662119146
9.655952453613281e-05,0.182537517053206
9.655952453613281e-05,0.18262846748522055
9.655952453613281e-05,0.18271941791723512
9.655952453613281e-05,0.18281036834924966
9.655952453613281e-05,0.1829013187812642
9.655952453613281e-05,0.18299226921327877
9.655952453613281e-05,0.1830832196452933
9.655952453613281e-05,0.18317417007730788
9.655952453613281e-05,0.18326512050932242
9.655952453613281e-05,0.18335607094133696
9.655952453613281e-05,0.18344702137335153
9.655952453613281e-05,0.18353797180536607
9.655952453613281e-05,0.18362892223738062
9.655952453613281e-05,0.18371987266939518
9.655952453613281e-05,0.18381082310140973
9.655952453613281e-05,0.1839017735334243
9.655952453613281e-05,0.18399272396543884
9.655952453613281e-05,0.18408367439745338
9.679794311523438e-05,0.18417462482946795
9.679794311523438e-05,0.1842655752614825
9.679794311523438e-05,0.18435652569349703
9.679794311523438e-05,0.1844474761255116
9.679794311523438e-05,0.18453842655752614
9.679794311523438e-05,0.1846293769895407
9.679794311523438e-05,0.18472032742155525
9.679794311523438e-05,0.1848112778535698
9.679794311523438e-05,0.18490222828558436
9.679794311523438e-05,0.1849931787175989
9.679794311523438e-05,0.18508412914961347
9.679794311523438e-05,0.18517507958162802
9.679794311523438e-05,0.18526603001364256
9.679794311523438e-05,0.18535698044565713
9.679794311523438e-05,0.18544793087767167
9.679794311523438e-05,0.1855388813096862
9.679794311523438e-05,0.18562983174170078
9.679794311523438e-05,0.18572078217371532
9.679794311523438e-05,0.1858117326057299
9.679794311523438e-05,0.18590268303774443
9.679794311523438e-05,0.18599363346975897
9.679794311523438e-05,0.18608458390177354
9.679794311523438e-05,0.18617553433378808
9.679794311523438e-05,0.18626648476580263
9.679794311523438e-05,0.1863574351978172
9.679794311523438e-05,0.18644838562983174
9.679794311523438e-05,0.1865393360618463
9.679794311523438e-05,0.18663028649386085
9.679794311523438e-05,0.1867212369258754
9.679794311523438e-05,0.18681218735788996
9.679794311523438e-05,0.1869031377899045
9.679794311523438e-05,0.18699408822191904
9.679794311523438e-05,0.1870850386539336
9.679794311523438e-05,0.18717598908594815
9.679794311523438e-05,0.18726693951796272
9.679794311523438e-05,0.18735788994997726
9.679794311523438e-05,0.1874488403819918
9.679794311523438e-05,0.18753979081400637
9.679794311523438e-05,0.18763074124602092
9.679794311523438e-05,0.18772169167803546
9.679794311523438e-05,0.18781264211005003
9.679794311523438e-05,0.18790359254206457
9.679794311523438e-05,0.18799454297407914
9.679794311523438e-05,0.18808549340609368
9.679794311523438e-05,0.18817644383810822
9.679794311523438e-05,0.1882673942701228
9.679794311523438e-05,0.18835834470213733
9.679794311523438e-05,0.1884492951341519
9.679794311523438e-05,0.18854024556616644
9.679794311523438e-05,0.18863119599818098
9.679794311523438e-05,0.18872214643019555
9.679794311523438e-05,0.1888130968622101
9.679794311523438e-05,0.18890404729422464
9.679794311523438e-05,0.1889949977262392
9.679794311523438e-05,0.18908594815825375
9.679794311523438e-05,0.18917689859026832
9.679794311523438e-05,0.18926784902228286
9.679794311523438e-05,0.1893587994542974
9.679794311523438e-05,0.18944974988631197
9.679794311523438e-05,0.1895407003183265
9.679794311523438e-05,0.18963165075034105
9.679794311523438e-05,0.18972260118235562
9.679794311523438e-05,0.18981355161437016
9.703636169433594e-05,0.18990450204638473
9.703636169433594e-05,0.18999545247839927
9.703636169433594e-05,0.19008640291041382
9.703636169433594e-05,0.19017735334242838
9.703636169433594e-05,0.19026830377444293
9.703636169433594e-05,0.19035925420645747
9.703636169433594e-05,0.19045020463847204
9.703636169433594e-05,0.19054115507048658
9.703636169433594e-05,0.19063210550250115
9.703636169433594e-05,0.1907230559345157
9.703636169433594e-05,0.19081400636653023
9.703636169433594e-05,0.1909049567985448
9.703636169433594e-05,0.19099590723055934
9.703636169433594e-05,0.19108685766257388
9.703636169433594e-05,0.19117780809458845
9.703636169433594e-05,0.191268758526603
9.703636169433594e-05,0.19135970895861756
9.703636169433594e-05,0.1914506593906321
9.703636169433594e-05,0.19154160982264665
9.703636169433594e-05,0.19163256025466122
9.703636169433594e-05,0.19172351068667576
9.703636169433594e-05,0.19181446111869033
9.703636169433594e-05,0.19190541155070487
9.703636169433594e-05,0.1919963619827194
9.703636169433594e-05,0.19208731241473398
9.703636169433594e-05,0.19217826284674852
9.703636169433594e-05,0.19226921327876306
9.703636169433594e-05,0.19236016371077763
9.703636169433594e-05,0.19245111414279217
9.703636169433594e-05,0.19254206457480674
9.703636169433594e-05,0.19263301500682128
9.703636169433594e-05,0.19272396543883583
9.703636169433594e-05,0.1928149158708504
9.703636169433594e-05,0.19290586630286494
9.703636169433594e-05,0.19299681673487948
9.703636169433594e-05,0.19308776716689405
9.703636169433594e-05,0.1931787175989086
9.703636169433594e-05,0.19326966803092316
9.703636169433594e-05,0.1933606184629377
9.703636169433594e-05,0.19345156889495224
9.703636169433594e-05,0.1935425193269668
9.703636169433594e-05,0.19363346975898135
9.703636169433594e-05,0.1937244201909959
9.703636169433594e-05,0.19381537062301046
9.703636169433594e-05,0.193906321055025
9.703636169433594e-05,0.19399727148703957
9.703636169433594e-05,0.19408822191905412
9.703636169433594e-05,0.19417917235106866
9.703636169433594e-05,0.19427012278308323
9.703636169433594e-05,0.19436107321509777
9.703636169433594e-05,0.19445202364711234
9.703636169433594e-05,0.19454297407912688
9.703636169433594e-05,0.19463392451114142
9.703636169433594e-05,0.194724874943156
9.703636169433594e-05,0.19481582537517053
9.703636169433594e-05,0.19490677580718507
9.703636169433594e-05,0.19499772623919964
9.703636169433594e-05,0.19508867667121418
9.703636169433594e-05,0.19517962710322875
9.703636169433594e-05,0.1952705775352433
9.703636169433594e-05,0.19536152796725784
9.703636169433594e-05,0.1954524783992724
9.703636169433594e-05,0.19554342883128695
9.703636169433594e-05,0.1956343792633015
9.703636169433594e-05,0.19572532969531606
9.703636169433594e-05,0.1958162801273306
9.703636169433594e-05,0.19590723055934517
9.703636169433594e-05,0.1959981809913597
9.703636169433594e-05,0.19608913142337425
9.703636169433594e-05,0.19618008185538882
9.703636169433594e-05,0.19627103228740336
9.703636169433594e-05,0.1963619827194179
9.703636169433594e-05,0.19645293315143247
9.72747802734375e-05,0.19654388358344702
9.72747802734375e-05,0.19663483401546158
9.72747802734375e-05,0.19672578444747613
9.72747802734375e-05,0.19681673487949067
9.72747802734375e-05,0.19690768531150524
9.72747802734375e-05,0.19699863574351978
9.72747802734375e-05,0.19708958617553432
9.72747802734375e-05,0.1971805366075489
9.72747802734375e-05,0.19727148703956343
9.72747802734375e-05,0.197362437471578
9.72747802734375e-05,0.19745338790359254
9.72747802734375e-05,0.19754433833560708
9.72747802734375e-05,0.19763528876762165
9.72747802734375e-05,0.1977262391996362
9.72747802734375e-05,0.19781718963165076
9.72747802734375e-05,0.1979081400636653
9.72747802734375e-05,0.19799909049567985
9.72747802734375e-05,0.19809004092769442
9.72747802734375e-05,0.19818099135970896
9.72747802734375e-05,0.1982719417917235
9.72747802734375e-05,0.19836289222373807
9.72747802734375e-05,0.1984538426557526
9.72747802734375e-05,0.19854479308776718
9.72747802734375e-05,0.19863574351978172
9.72747802734375e-05,0.19872669395179626
9.72747802734375e-05,0.19881764438381083
9.72747802734375e-05,0.19890859481582537
9.72747802734375e-05,0.19899954524783992
9.72747802734375e-05,0.19909049567985448
9.72747802734375e-05,0.19918144611186903
9.72747802734375e-05,0.1992723965438836
9.72747802734375e-05,0.19936334697589814
9.72747802734375e-05,0.19945429740791268
9.72747802734375e-05,0.19954524783992725
9.72747802734375e-05,0.1996361982719418
9.72747802734375e-05,0.19972714870395633
9.72747802734375e-05,0.1998180991359709
9.72747802734375e-05,0.19990904956798544
9.72747802734375e-05,0.2
9.72747802734375e-05,0.20009095043201455
9.72747802734375e-05,0.2001819008640291
9.72747802734375e-05,0.20027285129604366
9.72747802734375e-05,0.2003638017280582
9.72747802734375e-05,0.20045475216007275
9.72747802734375e-05,0.20054570259208732
9.72747802734375e-05,0.20063665302410186
9.72747802734375e-05,0.20072760345611643
9.72747802734375e-05,0.20081855388813097
9.72747802734375e-05,0.2009095043201455
9.72747802734375e-05,0.20100045475216008
9.72747802734375e-05,0.20109140518417462
9.72747802734375e-05,0.2011823556161892
9.72747802734375e-05,0.20127330604820373
9.72747802734375e-05,0.20136425648021827
9.72747802734375e-05,0.20145520691223284
9.72747802734375e-05,0.20154615734424738
9.72747802734375e-05,0.20163710777626193
9.72747802734375e-05,0.2017280582082765
9.72747802734375e-05,0.20181900864029104
9.72747802734375e-05,0.2019099590723056
9.72747802734375e-05,0.20200090950432015
9.72747802734375e-05,0.2020918599363347
9.72747802734375e-05,0.20218281036834926
9.72747802734375e-05,0.2022737608003638
9.72747802734375e-05,0.20236471123237834
9.72747802734375e-05,0.2024556616643929
9.72747802734375e-05,0.20254661209640745
9.72747802734375e-05,0.20263756252842202
9.72747802734375e-05,0.20272851296043656
9.72747802734375e-05,0.2028194633924511
9.72747802734375e-05,0.20291041382446567
9.72747802734375e-05,0.20300136425648022
9.72747802734375e-05,0.20309231468849476
9.72747802734375e-05,0.20318326512050933
9.72747802734375e-05,0.20327421555252387
9.72747802734375e-05,0.20336516598453844
9.751319885253906e-05,0.20345611641655298
9.751319885253906e-05,0.20354706684856752
9.751319885253906e-05,0.2036380172805821
9.751319885253906e-05,0.20372896771259663
9.751319885253906e-05,0.2038199181446112
9.751319885253906e-05,0.20391086857662574
9.751319885253906e-05,0.20400181900864028
9.751319885253906e-05,0.20409276944065485
9.751319885253906e-05,0.2041837198726694
9.751319885253906e-05,0.20427467030468394
9.751319885253906e-05,0.2043656207366985
9.751319885253906e-05,0.20445657116871305
9.751319885253906e-05,0.20454752160072762
9.751319885253906e-05,0.20463847203274216
9.751319885253906e-05,0.2047294224647567
9.751319885253906e-05,0.20482037289677127
9.751319885253906e-05,0.2049113233287858
9.751319885253906e-05,0.20500227376080035
9.751319885253906e-05,0.20509322419281492
9.751319885253906e-05,0.20518417462482946
9.751319885253906e-05,0.20527512505684403
9.751319885253906e-05,0.20536607548885857
9.751319885253906e-05,0.20545702592087312
9.751319885253906e-05,0.20554797635288768
9.751319885253906e-05,0.20563892678490223
9.751319885253906e-05,0.20572987721691677
9.751319885253906e-05,0.20582082764893134
9.751319885253906e-05,0.20591177808094588
9.751319885253906e-05,0.20600272851296045
9.751319885253906e-05,0.206093678944975
9.751319885253906e-05,0.20618462937698953
9.751319885253906e-05,0.2062755798090041
9.751319885253906e-05,0.20636653024101864
9.751319885253906e-05,0.20645748067303318
9.751319885253906e-05,0.20654843110504775
9.751319885253906e-05,0.2066393815370623
9.751319885253906e-05,0.20673033196907686
9.751319885253906e-05,0.2068212824010914
9.751319885253906e-05,0.20691223283310595
9.751319885253906e-05,0.20700318326512052
9.751319885253906e-05,0.20709413369713506
9.751319885253906e-05,0.20718508412914963
9.751319885253906e-05,0.20727603456116417
9.751319885253906e-05,0.2073669849931787
9.751319885253906e-05,0.20745793542519328
9.751319885253906e-05,0.20754888585720782
9.751319885253906e-05,0.20763983628922236
9.751319885253906e-05,0.20773078672123693
9.751319885253906e-05,0.20782173715325147
9.751319885253906e-05,0.20791268758526604
9.751319885253906e-05,0.20800363801728058
9.751319885253906e-05,0.20809458844929513
9.751319885253906e-05,0.2081855388813097
9.751319885253906e-05,0.20827648931332424
9.751319885253906e-05,0.20836743974533878
9.751319885253906e-05,0.20845839017735335
9.751319885253906e-05,0.2085493406093679
9.751319885253906e-05,0.20864029104138246
9.751319885253906e-05,0.208731241473397
9.751319885253906e-05,0.20882219190541154
9.751319885253906e-05,0.2089131423374261
9.751319885253906e-05,0.20900409276944065
9.751319885253906e-05,0.2090950432014552
9.751319885253906e-05,0.20918599363346976
9.751319885253906e-05,0.2092769440654843
9.751319885253906e-05,0.20936789449749887
9.751319885253906e-05,0.20945884492951342
9.751319885253906e-05,0.20954979536152796
9.751319885253906e-05,0.20964074579354253
9.751319885253906e-05,0.20973169622555707
9.751319885253906e-05,0.2098226466575716
9.751319885253906e-05,0.20991359708958618
9.751319885253906e-05,0.21000454752160072
9.751319885253906e-05,0.2100954979536153
9.751319885253906e-05,0.21018644838562983
9.751319885253906e-05,0.21027739881764437
9.751319885253906e-05,0.21036834924965894
9.775161743164062e-05,0.21045929968167348
9.775161743164062e-05,0.21055025011368805
9.775161743164062e-05,0.2106412005457026
9.775161743164062e-05,0.21073215097771714
9.775161743164062e-05,0.2108231014097317
9.775161743164062e-05,0.21091405184174625
9.775161743164062e-05,0.2110050022737608
9.775161743164062e-05,0.21109595270577536
9.775161743164062e-05,0.2111869031377899
9.775161743164062e-05,0.21127785356980447
9.775161743164062e-05,0.211368804001819
9.775161743164062e-05,0.21145975443383355
9.775161743164062e-05,0.21155070486584812
9.775161743164062e-05,0.21164165529786266
9.775161743164062e-05,0.2117326057298772
9.775161743164062e-05,0.21182355616189177
9.775161743164062e-05,0.21191450659390632
9.775161743164062e-05,0.21200545702592088
9.775161743164062e-05,0.21209640745793543
9.775161743164062e-05,0.21218735788994997
9.775161743164062e-05,0.21227830832196454
9.775161743164062e-05,0.21236925875397908
9.775161743164062e-05,0.21246020918599362
9.775161743164062e-05,0.2125511596180082
9.775161743164062e-05,0.21264211005002273
9.775161743164062e-05,0.2127330604820373
9.775161743164062e-05,0.21282401091405184
9.775161743164062e-05,0.21291496134606638
9.775161743164062e-05,0.21300591177808095
9.775161743164062e-05,0.2130968622100955
9.775161743164062e-05,0.21318781264211006
9.775161743164062e-05,0.2132787630741246
9.775161743164062e-05,0.21336971350613915
9.775161743164062e-05,0.21346066393815372
9.775161743164062e-05,0.21355161437016826
9.775161743164062e-05,0.2136425648021828
9.775161743164062e-05,0.21373351523419737
9.775161743164062e-05,0.2138244656662119
9.775161743164062e-05,0.21391541609822648
9.775161743164062e-05,0.21400636653024102
9.775161743164062e-05,0.21409731696225556
9.775161743164062e-05,0.21418826739427013
9.775161743164062e-05,0.21427921782628467
9.775161743164062e-05,0.21437016825829922
9.775161743164062e-05,0.21446111869031378
9.775161743164062e-05,0.21455206912232833
9.775161743164062e-05,0.2146430195543429
9.775161743164062e-05,0.21473396998635744
9.775161743164062e-05,0.21482492041837198
9.775161743164062e-05,0.21491587085038655
9.775161743164062e-05,0.2150068212824011
9.775161743164062e-05,0.21509777171441563
9.775161743164062e-05,0.2151887221464302
9.775161743164062e-05,0.21527967257844474
9.775161743164062e-05,0.2153706230104593
9.775161743164062e-05,0.21546157344247385
9.775161743164062e-05,0.2155525238744884
9.775161743164062e-05,0.21564347430650296
9.775161743164062e-05,0.2157344247385175
9.775161743164062e-05,0.21582537517053205
9.775161743164062e-05,0.21591632560254662
9.775161743164062e-05,0.21600727603456116
9.775161743164062e-05,0.21609822646657573
9.775161743164062e-05,0.21618917689859027
9.775161743164062e-05,0.2162801273306048
9.775161743164062e-05,0.21637107776261938
9.775161743164062e-05,0.21646202819463392
9.775161743164062e-05,0.2165529786266485
9.775161743164062e-05,0.21664392905866303
9.775161743164062e-05,0.21673487949067757
9.775161743164062e-05,0.21682582992269214
9.775161743164062e-05,0.21691678035470668
9.775161743164062e-05,0.21700773078672123
9.775161743164062e-05,0.2170986812187358
9.775161743164062e-05,0.21718963165075034
9.775161743164062e-05,0.2172805820827649
9.775161743164062e-05,0.21737153251477945
9.775161743164062e-05,0.217462482946794
9.775161743164062e-05,0.21755343337880856
9.775161743164062e-05,0.2176443838108231
9.775161743164062e-05,0.21773533424283764
9.775161743164062e-05,0.2178262846748522
9.775161743164062e-05,0.21791723510686675
9.799003601074219e-05,0.21800818553888132
9.799003601074219e-05,0.21809913597089586
9.799003601074219e-05,0.2181900864029104
9.799003601074219e-05,0.21828103683492497
9.799003601074219e-05,0.21837198726693952
9.799003601074219e-05,0.21846293769895406
9.799003601074219e-05,0.21855388813096863
9.799003601074219e-05,0.21864483856298317
9.799003601074219e-05,0.21873578899499774
9.799003601074219e-05,0.21882673942701228
9.799003601074219e-05,0.21891768985902682
9.799003601074219e-05,0.2190086402910414
9.799003601074219e-05,0.21909959072305593
9.799003601074219e-05,0.21919054115507047
9.799003601074219e-05,0.21928149158708504
9.799003601074219e-05,0.21937244201909958
9.799003601074219e-05,0.21946339245111415
9.799003601074219e-05,0.2195543428831287
9.799003601074219e-05,0.21964529331514324
9.799003601074219e-05,0.2197362437471578
9.799003601074219e-05,0.21982719417917235
9.799003601074219e-05,0.21991814461118692
9.799003601074219e-05,0.22000909504320146
9.799003601074219e-05,0.220100045475216
9.799003601074219e-05,0.22019099590723057
9.799003601074219e-05,0.2202819463392451
9.799003601074219e-05,0.22037289677125965
9.799003601074219e-05,0.22046384720327422
9.799003601074219e-05,0.22055479763528876
9.799003601074219e-05,0.22064574806730333
9.799003601074219e-05,0.22073669849931787
9.799003601074219e-05,0.22082764893133242
9.799003601074219e-05,0.22091859936334698
9.799003601074219e-05,0.22100954979536153
9.799003601074219e-05,0.22110050022737607
9.799003601074219e-05,0.22119145065939064
9.799003601074219e-05,0.22128240109140518
9.799003601074219e-05,0.22137335152341975
9.799003601074219e-05,0.2214643019554343
9.799003601074219e-05,0.22155525238744883
9.799003601074219e-05,0.2216462028194634
9.799003601074219e-05,0.22173715325147794
9.799003601074219e-05,0.22182810368349248
9.799003601074219e-05,0.22191905411550705
9.799003601074219e-05,0.2220100045475216
9.799003601074219e-05,0.22210095497953616
9.799003601074219e-05,0.2221919054115507
9.799003601074219e-05,0.22228285584356525
9.799003601074219e-05,0.22237380627557982
9.799003601074219e-05,0.22246475670759436
9.799003601074219e-05,0.2225557071396089
9.799003601074219e-05,0.22264665757162347
9.799003601074219e-05,0.222737608003638
9.799003601074219e-05,0.22282855843565258
9.799003601074219e-05,0.22291950886766712
9.799003601074219e-05,0.22301045929968166
9.799003601074219e-05,0.22310140973169623
9.799003601074219e-05,0.22319236016371077
9.799003601074219e-05,0.22328331059572534
9.799003601074219e-05,0.22337426102773988
9.799003601074219e-05,0.22346521145975443
9.799003601074219e-05,0.223556161891769
9.799003601074219e-05,0.22364711232378354
9.799003601074219e-05,0.22373806275579808
9.799003601074219e-05,0.22382901318781265
9.799003601074219e-05,0.2239199636198272
9.799003601074219e-05,0.22401091405184176
9.822845458984375e-05,0.2241018644838563
9.822845458984375e-05,0.22419281491587084
9.822845458984375e-05,0.2242837653478854
9.822845458984375e-05,0.22437471577989995
9.822845458984375e-05,0.2244656662119145
9.822845458984375e-05,0.22455661664392906
9.822845458984375e-05,0.2246475670759436
9.822845458984375e-05,0.22473851750795817
9.822845458984375e-05,0.22482946793997272
9.822845458984375e-05,0.22492041837198726
9.822845458984375e-05,0.22501136880400183
9.822845458984375e-05,0.22510231923601637
9.822845458984375e-05,0.2251932696680309
9.822845458984375e-05,0.22528422010004548
9.822845458984375e-05,0.22537517053206002
9.822845458984375e-05,0.2254661209640746
9.822845458984375e-05,0.22555707139608913
9.822845458984375e-05,0.22564802182810367
9.822845458984375e-05,0.22573897226011824
9.822845458984375e-05,0.22582992269213278
9.822845458984375e-05,0.22592087312414735
9.822845458984375e-05,0.2260118235561619
9.822845458984375e-05,0.22610277398817644
9.822845458984375e-05,0.226193724420191
9.822845458984375e-05,0.22628467485220555
9.822845458984375e-05,0.2263756252842201
9.822845458984375e-05,0.22646657571623466
9.822845458984375e-05,0.2265575261482492
9.822845458984375e-05,0.22664847658026377
9.822845458984375e-05,0.2267394270122783
9.822845458984375e-05,0.22683037744429285
9.822845458984375e-05,0.22692132787630742
9.822845458984375e-05,0.22701227830832196
9.822845458984375e-05,0.2271032287403365
9.822845458984375e-05,0.22719417917235107
9.822845458984375e-05,0.22728512960436562
9.822845458984375e-05,0.22737608003638018
9.822845458984375e-05,0.22746703046839473
9.822845458984375e-05,0.22755798090040927
9.822845458984375e-05,0.22764893133242384
9.822845458984375e-05,0.22773988176443838
9.822845458984375e-05,0.22783083219645292
9.822845458984375e-05,0.2279217826284675
9.822845458984375e-05,0.22801273306048203
9.822845458984375e-05,0.2281036834924966
9.822845458984375e-05,0.22819463392451114
9.822845458984375e-05,0.22828558435652568
9.822845458984375e-05,0.22837653478854025
9.822845458984375e-05,0.2284674852205548
9.822845458984375e-05,0.22855843565256934
9.822845458984375e-05,0.2286493860845839
9.822845458984375e-05,0.22874033651659845
9.822845458984375e-05,0.22883128694861302
9.822845458984375e-05,0.22892223738062756
9.822845458984375e-05,0.2290131878126421
9.822845458984375e-05,0.22910413824465667
9.822845458984375e-05,0.2291950886766712
9.822845458984375e-05,0.22928603910868578
9.822845458984375e-05,0.22937698954070032
9.822845458984375e-05,0.22946793997271486
9.822845458984375e-05,0.22955889040472943
9.822845458984375e-05,0.22964984083674397
9.822845458984375e-05,0.22974079126875852
9.822845458984375e-05,0.22983174170077308
9.822845458984375e-05,0.22992269213278763
9.822845458984375e-05,0.2300136425648022
9.822845458984375e-05,0.23010459299681674
9.822845458984375e-05,0.23019554342883128
9.822845458984375e-05,0.23028649386084585
9.822845458984375e-05,0.2303774442928604
9.822845458984375e-05,0.23046839472487493
9.822845458984375e-05,0.2305593451568895
9.822845458984375e-05,0.23065029558890404
9.846687316894531e-05,0.2307412460209186
9.846687316894531e-05,0.23083219645293315
9.846687316894531e-05,0.2309231468849477
9.846687316894531e-05,0.23101409731696226
9.846687316894531e-05,0.2311050477489768
9.846687316894531e-05,0.23119599818099135
9.846687316894531e-05,0.23128694861300592
9.846687316894531e-05,0.23137789904502046
9.846687316894531e-05,0.23146884947703503
9.846687316894531e-05,0.23155979990904957
9.846687316894531e-05,0.2316507503410641
9.846687316894531e-05,0.23174170077307868
9.846687316894531e-05,0.23183265120509322
9.846687316894531e-05,0.23192360163710776
9.846687316894531e-05,0.23201455206912233
9.846687316894531e-05,0.23210550250113687
9.846687316894531e-05,0.23219645293315144
9.846687316894531e-05,0.23228740336516598
9.846687316894531e-05,0.23237835379718053
9.846687316894531e-05,0.2324693042291951
9.846687316894531e-05,0.23256025466120964
9.846687316894531e-05,0.2326512050932242
9.846687316894531e-05,0.23274215552523875
9.846687316894531e-05,0.2328331059572533
9.846687316894531e-05,0.23292405638926786
9.846687316894531e-05,0.2330150068212824
9.846687316894531e-05,0.23310595725329694
9.846687316894531e-05,0.2331969076853115
9.846687316894531e-05,0.23328785811732605
9.846687316894531e-05,0.23337880854934062
9.846687316894531e-05,0.23346975898135516
9.846687316894531e-05,0.2335607094133697
9.846687316894531e-05,0.23365165984538427
9.846687316894531e-05,0.23374261027739882
9.846687316894531e-05,0.23383356070941336
9.846687316894531e-05,0.23392451114142793
9.846687316894531e-05,0.23401546157344247
9.846687316894531e-05,0.23410641200545704
9.846687316894531e-05,0.23419736243747158
9.846687316894531e-05,0.23428831286948612
9.846687316894531e-05,0.2343792633015007
9.846687316894531e-05,0.23447021373351523
9.846687316894531e-05,0.23456116416552977
9.846687316894531e-05,0.23465211459754434
9.846687316894531e-05,0.23474306502955888
9.846687316894531e-05,0.23483401546157345
9.846687316894531e-05,0.234924965893588
9.846687316894531e-05,0.23501591632560254
9.846687316894531e-05,0.2351068667576171
9.846687316894531e-05,0.23519781718963165
9.846687316894531e-05,0.23528876762164622
9.846687316894531e-05,0.23537971805366076
9.846687316894531e-05,0.2354706684856753
9.846687316894531e-05,0.23556161891768987
9.846687316894531e-05,0.2356525693497044
9.846687316894531e-05,0.23574351978171895
9.846687316894531e-05,0.23583447021373352
9.846687316894531e-05,0.23592542064574806
9.846687316894531e-05,0.23601637107776263
9.846687316894531e-05,0.23610732150977717
9.846687316894531e-05,0.23619827194179172
9.846687316894531e-05,0.23628922237380628
9.846687316894531e-05,0.23638017280582083
9.846687316894531e-05,0.23647112323783537
9.846687316894531e-05,0.23656207366984994
9.846687316894531e-05,0.23665302410186448
9.846687316894531e-05,0.23674397453387905
9.846687316894531e-05,0.2368349249658936
9.846687316894531e-05,0.23692587539790813
9.846687316894531e-05,0.2370168258299227
9.846687316894531e-05,0.23710777626193724
9.846687316894531e-05,0.23719872669395178
9.846687316894531e-05,0.23728967712596635
9.846687316894531e-05,0.2373806275579809
9.846687316894531e-05,0.23747157798999546
9.846687316894531e-05,0.23756252842201
9.846687316894531e-05,0.23765347885402455
9.846687316894531e-05,0.23774442928603912
9.846687316894531e-05,0.23783537971805366
9.846687316894531e-05,0.2379263301500682
9.846687316894531e-05,0.23801728058208277
9.846687316894531e-05,0.2381082310140973
9.846687316894531e-05,0.23819918144611188
9.846687316894531e-05,0.23829013187812642
9.846687316894531e-05,0.23838108231014096
9.846687316894531e-05,0.23847203274215553
9.846687316894531e-05,0.23856298317417007
9.870529174804688e-05,0.23865393360618464
9.870529174804688e-05,0.23874488403819918
9.870529174804688e-05,0.23883583447021373
9.870529174804688e-05,0.2389267849022283
9.870529174804688e-05,0.23901773533424284
9.870529174804688e-05,0.23910868576625738
9.870529174804688e-05,0.23919963619827195
9.870529174804688e-05,0.2392905866302865
9.870529174804688e-05,0.23938153706230106
9.870529174804688e-05,0.2394724874943156
9.870529174804688e-05,0.23956343792633014
9.870529174804688e-05,0.2396543883583447
9.870529174804688e-05,0.23974533879035925
9.870529174804688e-05,0.2398362892223738
9.870529174804688e-05,0.23992723965438836
9.870529174804688e-05,0.2400181900864029
9.870529174804688e-05,0.24010914051841747
9.870529174804688e-05,0.24020009095043202
9.870529174804688e-05,0.24029104138244656
9.870529174804688e-05,0.24038199181446113
9.870529174804688e-05,0.24047294224647567
9.870529174804688e-05,0.2405638926784902
9.870529174804688e-05,0.24065484311050478
9.870529174804688e-05,0.24074579354251932
9.870529174804688e-05,0.2408367439745339
9.870529174804688e-05,0.24092769440654843
9.870529174804688e-05,0.24101864483856297
9.870529174804688e-05,0.24110959527057754
9.870529174804688e-05,0.24120054570259208
9.870529174804688e-05,0.24129149613460663
9.870529174804688e-05,0.2413824465666212
9.870529174804688e-05,0.24147339699863574
9.870529174804688e-05,0.2415643474306503
9.870529174804688e-05,0.24165529786266485
9.870529174804688e-05,0.2417462482946794
9.870529174804688e-05,0.24183719872669396
9.870529174804688e-05,0.2419281491587085
9.870529174804688e-05,0.24201909959072307
9.870529174804688e-05,0.2421100500227376
9.870529174804688e-05,0.24220100045475215
9.870529174804688e-05,0.24229195088676672
9.870529174804688e-05,0.24238290131878126
9.870529174804688e-05,0.2424738517507958
9.870529174804688e-05,0.24256480218281037
9.870529174804688e-05,0.24265575261482492
9.870529174804688e-05,0.24274670304683948
9.870529174804688e-05,0.24283765347885403
9.870529174804688e-05,0.24292860391086857
9.870529174804688e-05,0.24301955434288314
9.870529174804688e-05,0.24311050477489768
9.870529174804688e-05,0.24320145520691222
9.870529174804688e-05,0.2432924056389268
9.870529174804688e-05,0.24338335607094133
9.870529174804688e-05,0.2434743065029559
9.870529174804688e-05,0.24356525693497044
9.870529174804688e-05,0.24365620736698498
9.870529174804688e-05,0.24374715779899955
9.870529174804688e-05,0.2438381082310141
9.870529174804688e-05,0.24392905866302864
9.870529174804688e-05,0.2440200090950432
9.870529174804688e-05,0.24411095952705775
9.870529174804688e-05,0.24420190995907232
9.870529174804688e-05,0.24429286039108686
9.870529174804688e-05,0.2443838108231014
9.870529174804688e-05,0.24447476125511597
9.870529174804688e-05,0.2445657116871305
9.870529174804688e-05,0.24465666211914508
9.870529174804688e-05,0.24474761255115962
9.870529174804688e-05,0.24483856298317416
9.870529174804688e-05,0.24492951341518873
9.870529174804688e-05,0.24502046384720327
9.870529174804688e-05,0.24511141427921782
9.870529174804688e-05,0.24520236471123238
9.870529174804688e-05,0.24529331514324693
9.870529174804688e-05,0.2453842655752615
9.870529174804688e-05,0.24547521600727604
9.894371032714844e-05,0.24556616643929058
9.894371032714844e-05,0.24565711687130515
9.894371032714844e-05,0.2457480673033197
9.894371032714844e-05,0.24583901773533423
9.894371032714844e-05,0.2459299681673488
9.894371032714844e-05,0.24602091859936334
9.894371032714844e-05,0.2461118690313779
9.894371032714844e-05,0.24620281946339245
9.894371032714844e-05,0.246293769895407
9.894371032714844e-05,0.24638472032742156
9.894371032714844e-05,0.2464756707594361
9.894371032714844e-05,0.24656662119145065
9.894371032714844e-05,0.24665757162346522
9.894371032714844e-05,0.24674852205547976
9.894371032714844e-05,0.24683947248749433
9.894371032714844e-05,0.24693042291950887
9.894371032714844e-05,0.2470213733515234
9.894371032714844e-05,0.24711232378353798
9.894371032714844e-05,0.24720327421555252
9.894371032714844e-05,0.24729422464756706
9.894371032714844e-05,0.24738517507958163
9.894371032714844e-05,0.24747612551159617
9.894371032714844e-05,0.24756707594361074
9.894371032714844e-05,0.24765802637562528
9.894371032714844e-05,0.24774897680763983
9.894371032714844e-05,0.2478399272396544
9.894371032714844e-05,0.24793087767166894
9.894371032714844e-05,0.2480218281036835
9.894371032714844e-05,0.24811277853569805
9.894371032714844e-05,0.2482037289677126
9.894371032714844e-05,0.24829467939972716
9.894371032714844e-05,0.2483856298317417
9.894371032714844e-05,0.24847658026375624
9.894371032714844e-05,0.2485675306957708
9.894371032714844e-05,0.24865848112778535
9.894371032714844e-05,0.24874943155979992
9.894371032714844e-05,0.24884038199181446
9.894371032714844e-05,0.248931332423829
9.894371032714844e-05,0.24902228285584357
9.894371032714844e-05,0.24911323328785812
9.894371032714844e-05,0.24920418371987266
9.894371032714844e-05,0.24929513415188723
9.894371032714844e-05,0.24938608458390177
9.894371032714844e-05,0.24947703501591634
9.894371032714844e-05,0.24956798544793088
9.894371032714844e-05,0.24965893587994542
9.894371032714844e-05,0.24974988631196
9.894371032714844e-05,0.24984083674397453
9.894371032714844e-05,0.24993178717598907
9.894371032714844e-05,0.25002273760800364
9.894371032714844e-05,0.2501136880400182
9.894371032714844e-05,0.2502046384720327
9.894371032714844e-05,0.2502955889040473
9.894371032714844e-05,0.25038653933606186
9.918212890625e-05,0.2504774897680764
9.918212890625e-05,0.25056844020009095
9.918212890625e-05,0.2506593906321055
9.918212890625e-05,0.25075034106412003
9.918212890625e-05,0.2508412914961346
9.918212890625e-05,0.25093224192814917
9.918212890625e-05,0.25102319236016374
9.918212890625e-05,0.25111414279217825
9.918212890625e-05,0.2512050932241928
9.918212890625e-05,0.2512960436562074
9.918212890625e-05,0.2513869940882219
9.918212890625e-05,0.2514779445202365
9.918212890625e-05,0.25156889495225104
9.918212890625e-05,0.25165984538426556
9.918212890625e-05,0.2517507958162801
9.918212890625e-05,0.2518417462482947
9.918212890625e-05,0.2519326966803092
9.918212890625e-05,0.2520236471123238
9.918212890625e-05,0.25211459754433835
9.918212890625e-05,0.25220554797635286
9.918212890625e-05,0.25229649840836743
9.918212890625e-05,0.252387448840382
9.918212890625e-05,0.25247839927239657
9.918212890625e-05,0.2525693497044111
9.918212890625e-05,0.25266030013642565
9.918212890625e-05,0.2527512505684402
9.918212890625e-05,0.25284220100045474
9.918212890625e-05,0.2529331514324693
9.918212890625e-05,0.2530241018644839
9.918212890625e-05,0.2531150522964984
9.918212890625e-05,0.25320600272851296
9.918212890625e-05,0.2532969531605275
9.918212890625e-05,0.25338790359254204
9.918212890625e-05,0.2534788540245566
9.918212890625e-05,0.2535698044565712
9.918212890625e-05,0.2536607548885857
9.918212890625e-05,0.25375170532060026
9.918212890625e-05,0.25384265575261483
9.918212890625e-05,0.2539336061846294
9.918212890625e-05,0.2540245566166439
9.918212890625e-05,0.2541155070486585
9.918212890625e-05,0.25420645748067305
9.918212890625e-05,0.25429740791268757
9.918212890625e-05,0.25438835834470214
9.918212890625e-05,0.2544793087767167
9.918212890625e-05,0.2545702592087312
9.918212890625e-05,0.2546612096407458
9.918212890625e-05,0.25475216007276036
9.918212890625e-05,0.2548431105047749
9.918212890625e-05,0.25493406093678944
9.918212890625e-05,0.255025011368804
9.918212890625e-05,0.2551159618008186
9.918212890625e-05,0.2552069122328331
9.918212890625e-05,0.25529786266484766
9.918212890625e-05,0.25538881309686223
9.918212890625e-05,0.25547976352887675
9.918212890625e-05,0.2555707139608913
9.918212890625e-05,0.2556616643929059
9.918212890625e-05,0.2557526148249204
9.918212890625e-05,0.25584356525693497
9.918212890625e-05,0.25593451568894954
9.918212890625e-05,0.25602546612096405
9.918212890625e-05,0.2561164165529786
9.942054748535156e-05,0.2562073669849932
9.942054748535156e-05,0.2562983174170077
9.942054748535156e-05,0.2563892678490223
9.942054748535156e-05,0.25648021828103684
9.942054748535156e-05,0.2565711687130514
9.942054748535156e-05,0.2566621191450659
9.942054748535156e-05,0.2567530695770805
9.942054748535156e-05,0.25684402000909506
9.942054748535156e-05,0.2569349704411096
9.942054748535156e-05,0.25702592087312415
9.942054748535156e-05,0.2571168713051387
9.942054748535156e-05,0.25720782173715323
9.942054748535156e-05,0.2572987721691678
9.942054748535156e-05,0.25738972260118237
9.942054748535156e-05,0.2574806730331969
9.942054748535156e-05,0.25757162346521145
9.942054748535156e-05,0.257662573897226
9.942054748535156e-05,0.2577535243292406
9.942054748535156e-05,0.2578444747612551
9.942054748535156e-05,0.2579354251932697
9.942054748535156e-05,0.25802637562528424
9.942054748535156e-05,0.25811732605729876
9.942054748535156e-05,0.2582082764893133
9.942054748535156e-05,0.2582992269213279
9.942054748535156e-05,0.2583901773533424
9.942054748535156e-05,0.258481127785357
9.942054748535156e-05,0.25857207821737155
9.942054748535156e-05,0.25866302864938606
9.942054748535156e-05,0.25875397908140063
9.942054748535156e-05,0.2588449295134152
9.942054748535156e-05,0.2589358799454297
9.942054748535156e-05,0.2590268303774443
9.942054748535156e-05,0.25911778080945885
9.942054748535156e-05,0.2592087312414734
9.942054748535156e-05,0.25929968167348794
9.942054748535156e-05,0.2593906321055025
9.942054748535156e-05,0.2594815825375171
9.942054748535156e-05,0.2595725329695316
9.942054748535156e-05,0.25966348340154616
9.942054748535156e-05,0.2597544338335607
9.942054748535156e-05,0.25984538426557524
9.942054748535156e-05,0.2599363346975898
9.942054748535156e-05,0.2600272851296044
9.942054748535156e-05,0.2601182355616189
9.942054748535156e-05,0.26020918599363346
9.942054748535156e-05,0.26030013642564803
9.942054748535156e-05,0.2603910868576626
9.942054748535156e-05,0.2604820372896771
9.942054748535156e-05,0.2605729877216917
9.942054748535156e-05,0.26066393815370625
9.942054748535156e-05,0.26075488858572077
9.942054748535156e-05,0.26084583901773534
9.942054748535156e-05,0.2609367894497499
9.942054748535156e-05,0.2610277398817644
9.942054748535156e-05,0.261118690313779
9.942054748535156e-05,0.26120964074579356
9.942054748535156e-05,0.2613005911778081
9.942054748535156e-05,0.26139154160982264
9.942054748535156e-05,0.2614824920418372
9.942054748535156e-05,0.2615734424738517
9.942054748535156e-05,0.2616643929058663
9.942054748535156e-05,0.26175534333788086
9.942054748535156e-05,0.26184629376989543
9.942054748535156e-05,0.26193724420190995
9.942054748535156e-05,0.2620281946339245
9.942054748535156e-05,0.2621191450659391
9.942054748535156e-05,0.2622100954979536
9.942054748535156e-05,0.26230104592996817
9.942054748535156e-05,0.26239199636198274
9.942054748535156e-05,0.26248294679399725
9.965896606445312e-05,0.2625738972260118
9.965896606445312e-05,0.2626648476580264
9.965896606445312e-05,0.2627557980900409
9.965896606445312e-05,0.2628467485220555
9.965896606445312e-05,0.26293769895407004
9.965896606445312e-05,0.26302864938608456
9.965896606445312e-05,0.2631195998180991
9.965896606445312e-05,0.2632105502501137
9.965896606445312e-05,0.26330150068212826
9.965896606445312e-05,0.2633924511141428
9.965896606445312e-05,0.26348340154615735
9.965896606445312e-05,0.2635743519781719
9.965896606445312e-05,0.26366530241018643
9.965896606445312e-05,0.263756252842201
9.965896606445312e-05,0.26384720327421557
9.965896606445312e-05,0.2639381537062301
9.965896606445312e-05,0.26402910413824465
9.965896606445312e-05,0.2641200545702592
9.965896606445312e-05,0.26421100500227374
9.965896606445312e-05,0.2643019554342883
9.965896606445312e-05,0.2643929058663029
9.965896606445312e-05,0.26448385629831744
9.965896606445312e-05,0.26457480673033196
9.965896606445312e-05,0.2646657571623465
9.965896606445312e-05,0.2647567075943611
9.965896606445312e-05,0.2648476580263756
9.965896606445312e-05,0.2649386084583902
9.965896606445312e-05,0.26502955889040475
9.965896606445312e-05,0.26512050932241926
9.965896606445312e-05,0.26521145975443383
9.965896606445312e-05,0.2653024101864484
9.965896606445312e-05,0.2653933606184629
9.965896606445312e-05,0.2654843110504775
9.965896606445312e-05,0.26557526148249205
9.965896606445312e-05,0.26566621191450657
9.965896606445312e-05,0.26575716234652114
9.965896606445312e-05,0.2658481127785357
9.965896606445312e-05,0.2659390632105503
9.965896606445312e-05,0.2660300136425648
9.965896606445312e-05,0.26612096407457936
9.965896606445312e-05,0.2662119145065939
9.965896606445312e-05,0.26630286493860844
9.965896606445312e-05,0.266393815370623
9.965896606445312e-05,0.2664847658026376
9.965896606445312e-05,0.2665757162346521
9.965896606445312e-05,0.26666666666666666
9.965896606445312e-05,0.26675761709868123
9.965896606445312e-05,0.26684856753069575
9.965896606445312e-05,0.2669395179627103
9.965896606445312e-05,0.2670304683947249
9.965896606445312e-05,0.26712141882673945
9.965896606445312e-05,0.26721236925875397
9.965896606445312e-05,0.26730331969076854
9.989738464355469e-05,0.2673942701227831
9.989738464355469e-05,0.2674852205547976
9.989738464355469e-05,0.2675761709868122
9.989738464355469e-05,0.26766712141882676
9.989738464355469e-05,0.2677580718508413
9.989738464355469e-05,0.26784902228285584
9.989738464355469e-05,0.2679399727148704
9.989738464355469e-05,0.2680309231468849
9.989738464355469e-05,0.2681218735788995
9.989738464355469e-05,0.26821282401091406
9.989738464355469e-05,0.2683037744429286
9.989738464355469e-05,0.26839472487494315
9.989738464355469e-05,0.2684856753069577
9.989738464355469e-05,0.2685766257389723
9.989738464355469e-05,0.2686675761709868
9.989738464355469e-05,0.26875852660300137
9.989738464355469e-05,0.26884947703501594
9.989738464355469e-05,0.26894042746703045
9.989738464355469e-05,0.269031377899045
9.989738464355469e-05,0.2691223283310596
9.989738464355469e-05,0.2692132787630741
9.989738464355469e-05,0.2693042291950887
9.989738464355469e-05,0.26939517962710324
9.989738464355469e-05,0.26948613005911776
9.989738464355469e-05,0.2695770804911323
9.989738464355469e-05,0.2696680309231469
9.989738464355469e-05,0.26975898135516146
9.989738464355469e-05,0.269849931787176
9.989738464355469e-05,0.26994088221919055
9.989738464355469e-05,0.2700318326512051
9.989738464355469e-05,0.27012278308321963
9.989738464355469e-05,0.2702137335152342
9.989738464355469e-05,0.27030468394724877
9.989738464355469e-05,0.2703956343792633
9.989738464355469e-05,0.27048658481127785
9.989738464355469e-05,0.2705775352432924
9.989738464355469e-05,0.27066848567530694
9.989738464355469e-05,0.2707594361073215
9.989738464355469e-05,0.2708503865393361
9.989738464355469e-05,0.2709413369713506
9.989738464355469e-05,0.27103228740336516
9.989738464355469e-05,0.2711232378353797
9.989738464355469e-05,0.2712141882673943
9.989738464355469e-05,0.2713051386994088
9.989738464355469e-05,0.2713960891314234
9.989738464355469e-05,0.27148703956343795
9.989738464355469e-05,0.27157798999545246
9.989738464355469e-05,0.27166894042746703
9.989738464355469e-05,0.2717598908594816
0.00010013580322265625,0.2718508412914961
0.00010013580322265625,0.2719417917235107
0.00010013580322265625,0.27203274215552525
0.00010013580322265625,0.27212369258753977
0.00010013580322265625,0.27221464301955434
0.00010013580322265625,0.2723055934515689
0.00010013580322265625,0.2723965438835834
0.00010013580322265625,0.272487494315598
0.00010013580322265625,0.27257844474761256
0.00010013580322265625,0.2726693951796271
0.00010013580322265625,0.27276034561164164
0.00010013580322265625,0.2728512960436562
0.00010013580322265625,0.2729422464756708
0.00010013580322265625,0.2730331969076853
0.00010013580322265625,0.27312414733969986
0.00010013580322265625,0.27321509777171443
0.00010013580322265625,0.27330604820372895
0.00010013580322265625,0.2733969986357435
0.00010013580322265625,0.2734879490677581
0.00010013580322265625,0.2735788994997726
0.00010013580322265625,0.27366984993178717
0.00010013580322265625,0.27376080036380174
0.00010013580322265625,0.2738517507958163
0.00010013580322265625,0.2739427012278308
0.00010013580322265625,0.2740336516598454
0.00010013580322265625,0.27412460209185996
0.00010013580322265625,0.2742155525238745
0.00010013580322265625,0.27430650295588904
0.00010013580322265625,0.2743974533879036
0.00010013580322265625,0.2744884038199181
0.00010013580322265625,0.2745793542519327
0.00010013580322265625,0.27467030468394726
0.00010013580322265625,0.2747612551159618
0.00010013580322265625,0.27485220554797635
0.00010013580322265625,0.2749431559799909
0.00010013580322265625,0.27503410641200543
0.00010013580322265625,0.27512505684402
0.00010013580322265625,0.27521600727603457
0.00010013580322265625,0.27530695770804914
0.00010013580322265625,0.27539790814006365
0.00010013580322265625,0.2754888585720782
0.00010013580322265625,0.2755798090040928
0.00010013580322265625,0.2756707594361073
0.00010013580322265625,0.2757617098681219
0.00010013580322265625,0.27585266030013644
0.00010013580322265625,0.27594361073215096
0.00010013580322265625,0.2760345611641655
0.00010013580322265625,0.2761255115961801
0.00010013580322265625,0.2762164620281946
0.00010013580322265625,0.2763074124602092
0.00010013580322265625,0.27639836289222375
0.00010013580322265625,0.2764893133242383
0.00010013580322265625,0.27658026375625283
0.00010013580322265625,0.2766712141882674
0.00010013580322265625,0.27676216462028197
0.00010013580322265625,0.2768531150522965
0.00010013580322265625,0.27694406548431105
0.00010013580322265625,0.2770350159163256
0.00010013580322265625,0.27712596634834014
0.00010013580322265625,0.2772169167803547
0.00010013580322265625,0.2773078672123693
0.00010013580322265625,0.2773988176443838
0.00010013580322265625,0.27748976807639836
0.00010013580322265625,0.2775807185084129
0.00010013580322265625,0.27767166894042744
0.00010013580322265625,0.277762619372442
0.00010013580322265625,0.2778535698044566
0.00010013580322265625,0.27794452023647115
0.00010013580322265625,0.27803547066848566
0.00010037422180175781,0.27812642110050023
0.00010037422180175781,0.2782173715325148
0.00010037422180175781,0.2783083219645293
0.00010037422180175781,0.2783992723965439
0.00010037422180175781,0.27849022282855845
0.00010037422180175781,0.27858117326057297
0.00010037422180175781,0.27867212369258754
0.00010037422180175781,0.2787630741246021
0.00010037422180175781,0.2788540245566166
0.00010037422180175781,0.2789449749886312
0.00010037422180175781,0.27903592542064576
0.00010037422180175781,0.2791268758526603
0.00010037422180175781,0.27921782628467484
0.00010037422180175781,0.2793087767166894
0.00010037422180175781,0.279399727148704
0.00010037422180175781,0.2794906775807185
0.00010037422180175781,0.27958162801273306
0.00010037422180175781,0.27967257844474763
0.00010037422180175781,0.27976352887676215
0.00010037422180175781,0.2798544793087767
0.00010037422180175781,0.2799454297407913
0.00010037422180175781,0.2800363801728058
0.00010037422180175781,0.28012733060482037
0.00010037422180175781,0.28021828103683494
0.00010037422180175781,0.28030923146884945
0.00010037422180175781,0.280400181900864
0.00010037422180175781,0.2804911323328786
0.00010037422180175781,0.28058208276489316
0.00010037422180175781,0.2806730331969077
0.00010037422180175781,0.28076398362892224
0.00010037422180175781,0.2808549340609368
0.00010037422180175781,0.2809458844929513
0.00010037422180175781,0.2810368349249659
0.00010037422180175781,0.28112778535698046
0.00010037422180175781,0.281218735788995
0.00010037422180175781,0.28130968622100955
0.00010037422180175781,0.2814006366530241
0.00010037422180175781,0.28149158708503863
0.00010037422180175781,0.2815825375170532
0.00010037422180175781,0.28167348794906777
0.00010037422180175781,0.2817644383810823
0.00010037422180175781,0.28185538881309685
0.00010037422180175781,0.2819463392451114
0.00010037422180175781,0.282037289677126
0.00010037422180175781,0.2821282401091405
0.00010037422180175781,0.2822191905411551
0.00010037422180175781,0.28231014097316964
0.00010037422180175781,0.28240109140518416
0.00010037422180175781,0.2824920418371987
0.00010037422180175781,0.2825829922692133
0.00010037422180175781,0.2826739427012278
0.00010037422180175781,0.2827648931332424
0.00010037422180175781,0.28285584356525695
0.00010037422180175781,0.28294679399727146
0.00010037422180175781,0.28303774442928603
0.00010061264038085938,0.2831286948613006
0.00010061264038085938,0.28321964529331517
0.00010061264038085938,0.2833105957253297
0.00010061264038085938,0.28340154615734425
0.00010061264038085938,0.2834924965893588
0.00010061264038085938,0.28358344702137334
0.00010061264038085938,0.2836743974533879
0.00010061264038085938,0.2837653478854025
0.00010061264038085938,0.283856298317417
0.00010061264038085938,0.28394724874943156
0.00010061264038085938,0.2840381991814461
0.00010061264038085938,0.28412914961346064
0.00010061264038085938,0.2842201000454752
0.00010061264038085938,0.2843110504774898
0.00010061264038085938,0.2844020009095043
0.00010061264038085938,0.28449295134151886
0.00010061264038085938,0.28458390177353343
0.00010061264038085938,0.284674852205548
0.00010061264038085938,0.2847658026375625
0.00010061264038085938,0.2848567530695771
0.00010061264038085938,0.28494770350159165
0.00010061264038085938,0.28503865393360617
0.00010061264038085938,0.28512960436562074
0.00010061264038085938,0.2852205547976353
0.00010061264038085938,0.2853115052296498
0.00010061264038085938,0.2854024556616644
0.00010061264038085938,0.28549340609367896
0.00010061264038085938,0.2855843565256935
0.00010061264038085938,0.28567530695770804
0.00010061264038085938,0.2857662573897226
0.00010061264038085938,0.2858572078217372
0.00010061264038085938,0.2859481582537517
0.00010061264038085938,0.28603910868576626
0.00010061264038085938,0.28613005911778083
0.00010061264038085938,0.28622100954979535
0.00010061264038085938,0.2863119599818099
0.00010061264038085938,0.2864029104138245
0.00010061264038085938,0.286493860845839
0.00010061264038085938,0.28658481127785357
0.00010061264038085938,0.28667576170986814
0.00010061264038085938,0.28676671214188265
0.00010061264038085938,0.2868576625738972
0.00010061264038085938,0.2869486130059118
0.00010061264038085938,0.2870395634379263
0.00010061264038085938,0.2871305138699409
0.00010061264038085938,0.28722146430195544
0.00010061264038085938,0.28731241473397
0.00010061264038085938,0.2874033651659845
0.00010061264038085938,0.2874943155979991
0.00010061264038085938,0.28758526603001366
0.00010061264038085938,0.2876762164620282
0.00010061264038085938,0.28776716689404275
0.00010061264038085938,0.2878581173260573
0.00010085105895996094,0.28794906775807183
0.00010085105895996094,0.2880400181900864
0.00010085105895996094,0.28813096862210097
0.00010085105895996094,0.2882219190541155
0.00010085105895996094,0.28831286948613005
0.00010085105895996094,0.2884038199181446
0.00010085105895996094,0.2884947703501592
0.00010085105895996094,0.2885857207821737
0.00010085105895996094,0.2886766712141883
0.00010085105895996094,0.28876762164620284
0.00010085105895996094,0.28885857207821736
0.00010085105895996094,0.2889495225102319
0.00010085105895996094,0.2890404729422465
0.00010085105895996094,0.289131423374261
0.00010085105895996094,0.2892223738062756
0.00010085105895996094,0.28931332423829015
0.00010085105895996094,0.28940427467030466
0.00010085105895996094,0.28949522510231923
0.00010085105895996094,0.2895861755343338
0.00010085105895996094,0.2896771259663483
0.00010085105895996094,0.2897680763983629
0.00010085105895996094,0.28985902683037745
0.00010085105895996094,0.289949977262392
0.00010085105895996094,0.29004092769440654
0.00010085105895996094,0.2901318781264211
0.00010085105895996094,0.2902228285584357
0.00010085105895996094,0.2903137789904502
0.00010085105895996094,0.29040472942246476
0.00010085105895996094,0.2904956798544793
0.00010085105895996094,0.29058663028649384
0.00010085105895996094,0.2906775807185084
0.00010085105895996094,0.290768531150523
0.00010085105895996094,0.2908594815825375
0.00010085105895996094,0.29095043201455206
0.00010085105895996094,0.29104138244656663
0.00010085105895996094,0.29113233287858115
0.00010085105895996094,0.2912232833105957
0.00010085105895996094,0.2913142337426103
0.00010085105895996094,0.29140518417462485
0.00010085105895996094,0.29149613460663937
0.0001010894775390625,0.29158708503865394
0.0001010894775390625,0.2916780354706685
0.0001010894775390625,0.291768985902683
0.0001010894775390625,0.2918599363346976
0.0001010894775390625,0.29195088676671216
0.0001010894775390625,0.2920418371987267
0.0001010894775390625,0.29213278763074124
0.0001010894775390625,0.2922237380627558
0.0001010894775390625,0.2923146884947703
0.0001010894775390625,0.2924056389267849
0.0001010894775390625,0.29249658935879946
0.0001010894775390625,0.29258753979081403
0.0001010894775390625,0.29267849022282855
0.0001010894775390625,0.2927694406548431
0.0001010894775390625,0.2928603910868577
0.0001010894775390625,0.2929513415188722
0.0001010894775390625,0.29304229195088677
0.0001010894775390625,0.29313324238290134
0.0001010894775390625,0.29322419281491585
0.0001010894775390625,0.2933151432469304
0.0001010894775390625,0.293406093678945
0.0001010894775390625,0.2934970441109595
0.0001010894775390625,0.2935879945429741
0.0001010894775390625,0.29367894497498864
0.0001010894775390625,0.29376989540700316
0.0001010894775390625,0.2938608458390177
0.0001010894775390625,0.2939517962710323
0.0001010894775390625,0.29404274670304686
0.0001010894775390625,0.2941336971350614
0.0001010894775390625,0.29422464756707595
0.0001010894775390625,0.2943155979990905
0.0001010894775390625,0.29440654843110503
0.0001010894775390625,0.2944974988631196
0.0001010894775390625,0.29458844929513417
0.0001010894775390625,0.2946793997271487
0.0001010894775390625,0.29477035015916325
0.0001010894775390625,0.2948613005911778
0.0001010894775390625,0.29495225102319234
0.0001010894775390625,0.2950432014552069
0.0001010894775390625,0.2951341518872215
0.0001010894775390625,0.29522510231923604
0.0001010894775390625,0.29531605275125056
0.0001010894775390625,0.2954070031832651
0.0001010894775390625,0.2954979536152797
0.0001010894775390625,0.2955889040472942
0.0001010894775390625,0.2956798544793088
0.0001010894775390625,0.29577080491132335
0.0001010894775390625,0.29586175534333786
0.0001010894775390625,0.29595270577535243
0.0001010894775390625,0.296043656207367
0.0001010894775390625,0.2961346066393815
0.0001010894775390625,0.2962255570713961
0.0001010894775390625,0.29631650750341065
0.0001010894775390625,0.29640745793542517
0.0001010894775390625,0.29649840836743974
0.0001010894775390625,0.2965893587994543
0.00010132789611816406,0.2966803092314689
0.00010132789611816406,0.2967712596634834
0.00010132789611816406,0.29686221009549796
0.00010132789611816406,0.2969531605275125
0.00010132789611816406,0.29704411095952704
0.00010132789611816406,0.2971350613915416
0.00010132789611816406,0.2972260118235562
0.00010132789611816406,0.2973169622555707
0.00010132789611816406,0.29740791268758526
0.00010132789611816406,0.29749886311959983
0.00010132789611816406,0.29758981355161435
0.00010132789611816406,0.2976807639836289
0.00010132789611816406,0.2977717144156435
0.00010132789611816406,0.29786266484765805
0.00010132789611816406,0.29795361527967257
0.00010132789611816406,0.29804456571168714
0.00010132789611816406,0.2981355161437017
0.00010132789611816406,0.2982264665757162
0.00010132789611816406,0.2983174170077308
0.00010132789611816406,0.29840836743974536
0.00010132789611816406,0.2984993178717599
0.00010132789611816406,0.29859026830377444
0.00010132789611816406,0.298681218735789
0.00010132789611816406,0.2987721691678035
0.00010132789611816406,0.2988631195998181
0.00010132789611816406,0.29895407003183266
0.00010132789611816406,0.2990450204638472
0.00010132789611816406,0.29913597089586175
0.00010132789611816406,0.2992269213278763
0.00010132789611816406,0.2993178717598909
0.00010132789611816406,0.2994088221919054
0.00010132789611816406,0.29949977262391997
0.00010132789611816406,0.29959072305593454
0.00010132789611816406,0.29968167348794905
0.00010132789611816406,0.2997726239199636
0.00010132789611816406,0.2998635743519782
0.00010132789611816406,0.2999545247839927
0.00010132789611816406,0.3000454752160073
0.00010132789611816406,0.30013642564802184
0.00010132789611816406,0.30022737608003636
0.00010132789611816406,0.3003183265120509
0.00010132789611816406,0.3004092769440655
0.00010132789611816406,0.30050022737608
0.00010132789611816406,0.3005911778080946
0.00010132789611816406,0.30068212824010915
0.00010132789611816406,0.3007730786721237
0.00010132789611816406,0.30086402910413823
0.00010132789611816406,0.3009549795361528
0.00010132789611816406,0.30104592996816737
0.00010132789611816406,0.3011368804001819
0.00010132789611816406,0.30122783083219645
0.00010132789611816406,0.301318781264211
0.00010132789611816406,0.30140973169622554
0.00010132789611816406,0.3015006821282401
0.00010132789611816406,0.3015916325602547
0.00010132789611816406,0.3016825829922692
0.00010132789611816406,0.30177353342428376
0.00010132789611816406,0.3018644838562983
0.00010156631469726562,0.3019554342883129
0.00010156631469726562,0.3020463847203274
0.00010156631469726562,0.302137335152342
0.00010156631469726562,0.30222828558435655
0.00010156631469726562,0.30231923601637106
0.00010156631469726562,0.30241018644838563
0.00010156631469726562,0.3025011368804002
0.00010156631469726562,0.3025920873124147
0.00010156631469726562,0.3026830377444293
0.00010156631469726562,0.30277398817644385
0.00010156631469726562,0.30286493860845837
0.00010156631469726562,0.30295588904047294
0.00010156631469726562,0.3030468394724875
0.00010156631469726562,0.303137789904502
0.00010156631469726562,0.3032287403365166
0.00010156631469726562,0.30331969076853116
0.00010156631469726562,0.3034106412005457
0.00010156631469726562,0.30350159163256024
0.00010156631469726562,0.3035925420645748
0.00010156631469726562,0.3036834924965894
0.00010156631469726562,0.3037744429286039
0.00010156631469726562,0.30386539336061846
0.00010156631469726562,0.30395634379263303
0.00010156631469726562,0.30404729422464755
0.00010156631469726562,0.3041382446566621
0.00010156631469726562,0.3042291950886767
0.00010156631469726562,0.3043201455206912
0.00010156631469726562,0.30441109595270577
0.00010156631469726562,0.30450204638472034
0.00010156631469726562,0.3045929968167349
0.00010156631469726562,0.3046839472487494
0.00010156631469726562,0.304774897680764
0.00010156631469726562,0.30486584811277856
0.00010156631469726562,0.3049567985447931
0.00010156631469726562,0.30504774897680764
0.00010156631469726562,0.3051386994088222
0.00010156631469726562,0.3052296498408367
0.00010156631469726562,0.3053206002728513
0.00010156631469726562,0.30541155070486586
0.00010156631469726562,0.3055025011368804
0.00010156631469726562,0.30559345156889495
0.00010156631469726562,0.3056844020009095
0.00010156631469726562,0.30577535243292403
0.00010156631469726562,0.3058663028649386
0.00010156631469726562,0.30595725329695317
0.00010156631469726562,0.30604820372896774
0.00010156631469726562,0.30613915416098225
0.00010156631469726562,0.3062301045929968
0.00010156631469726562,0.3063210550250114
0.00010156631469726562,0.3064120054570259
0.00010156631469726562,0.3065029558890405
0.00010156631469726562,0.30659390632105504
0.00010180473327636719,0.30668485675306956
0.00010180473327636719,0.3067758071850841
0.00010180473327636719,0.3068667576170987
0.00010180473327636719,0.3069577080491132
0.00010180473327636719,0.3070486584811278
0.00010180473327636719,0.30713960891314235
0.00010180473327636719,0.3072305593451569
0.00010180473327636719,0.30732150977717143
0.00010180473327636719,0.307412460209186
0.00010180473327636719,0.30750341064120057
0.00010180473327636719,0.3075943610732151
0.00010180473327636719,0.30768531150522965
0.00010180473327636719,0.3077762619372442
0.00010180473327636719,0.30786721236925874
0.00010180473327636719,0.3079581628012733
0.00010180473327636719,0.3080491132332879
0.00010180473327636719,0.3081400636653024
0.00010180473327636719,0.30823101409731696
0.00010180473327636719,0.3083219645293315
0.00010180473327636719,0.30841291496134604
0.00010180473327636719,0.3085038653933606
0.00010180473327636719,0.3085948158253752
0.00010180473327636719,0.30868576625738975
0.00010180473327636719,0.30877671668940426
0.00010180473327636719,0.30886766712141883
0.00010180473327636719,0.3089586175534334
0.00010180473327636719,0.3090495679854479
0.00010180473327636719,0.3091405184174625
0.00010180473327636719,0.30923146884947705
0.00010180473327636719,0.30932241928149157
0.00010180473327636719,0.30941336971350614
0.00010180473327636719,0.3095043201455207
0.00010180473327636719,0.3095952705775352
0.00010180473327636719,0.3096862210095498
0.00010180473327636719,0.30977717144156436
0.00010180473327636719,0.3098681218735789
0.00010180473327636719,0.30995907230559344
0.00010180473327636719,0.310050022737608
0.00010180473327636719,0.3101409731696226
0.00010180473327636719,0.3102319236016371
0.00010180473327636719,0.31032287403365166
0.00010180473327636719,0.31041382446566623
0.00010180473327636719,0.31050477489768075
0.00010180473327636719,0.3105957253296953
0.00010180473327636719,0.3106866757617099
0.00010180473327636719,0.3107776261937244
0.00010180473327636719,0.31086857662573897
0.00010180473327636719,0.31095952705775354
0.00010180473327636719,0.31105047748976805
0.00010180473327636719,0.3111414279217826
0.00010180473327636719,0.3112323783537972
0.00010180473327636719,0.31132332878581176
0.00010180473327636719,0.3114142792178263
0.00010180473327636719,0.31150522964984084
0.00010180473327636719,0.3115961800818554
0.00010180473327636719,0.3116871305138699
0.00010180473327636719,0.3117780809458845
0.00010180473327636719,0.31186903137789906
0.00010180473327636719,0.3119599818099136
0.00010180473327636719,0.31205093224192815
0.00010204315185546875,0.3121418826739427
0.00010204315185546875,0.31223283310595723
0.00010204315185546875,0.3123237835379718
0.00010204315185546875,0.31241473396998637
0.00010204315185546875,0.3125056844020009
0.00010204315185546875,0.31259663483401545
0.00010204315185546875,0.31268758526603
0.00010204315185546875,0.3127785356980446
0.00010204315185546875,0.3128694861300591
0.00010204315185546875,0.3129604365620737
0.00010204315185546875,0.31305138699408824
0.00010204315185546875,0.31314233742610276
0.00010204315185546875,0.3132332878581173
0.00010204315185546875,0.3133242382901319
0.00010204315185546875,0.3134151887221464
0.00010204315185546875,0.313506139154161
0.00010204315185546875,0.31359708958617555
0.00010204315185546875,0.31368804001819006
0.00010204315185546875,0.31377899045020463
0.00010204315185546875,0.3138699408822192
0.00010204315185546875,0.31396089131423377
0.00010204315185546875,0.3140518417462483
0.00010204315185546875,0.31414279217826285
0.00010204315185546875,0.3142337426102774
0.00010204315185546875,0.31432469304229194
0.00010204315185546875,0.3144156434743065
0.00010204315185546875,0.3145065939063211
0.00010204315185546875,0.3145975443383356
0.00010204315185546875,0.31468849477035016
0.00010204315185546875,0.3147794452023647
0.00010204315185546875,0.31487039563437924
0.00010204315185546875,0.3149613460663938
0.00010204315185546875,0.3150522964984084
0.00010204315185546875,0.3151432469304229
0.00010204315185546875,0.31523419736243746
0.00010204315185546875,0.31532514779445203
0.00010204315185546875,0.3154160982264666
0.00010204315185546875,0.3155070486584811
0.00010204315185546875,0.3155979990904957
0.00010204315185546875,0.31568894952251025
0.00010204315185546875,0.31577989995452477
0.00010204315185546875,0.31587085038653934
0.00010204315185546875,0.3159618008185539
0.00010204315185546875,0.3160527512505684
0.00010204315185546875,0.316143701682583
0.00010204315185546875,0.31623465211459756
0.00010204315185546875,0.3163256025466121
0.00010204315185546875,0.31641655297862664
0.00010204315185546875,0.3165075034106412
0.00010228157043457031,0.3165984538426557
0.00010228157043457031,0.3166894042746703
0.00010228157043457031,0.31678035470668486
0.00010228157043457031,0.31687130513869943
0.00010228157043457031,0.31696225557071395
0.00010228157043457031,0.3170532060027285
0.00010228157043457031,0.3171441564347431
0.00010228157043457031,0.3172351068667576
0.00010228157043457031,0.31732605729877217
0.00010228157043457031,0.31741700773078674
0.00010228157043457031,0.31750795816280125
0.00010228157043457031,0.3175989085948158
0.00010228157043457031,0.3176898590268304
0.00010228157043457031,0.3177808094588449
0.00010228157043457031,0.3178717598908595
0.00010228157043457031,0.31796271032287404
0.00010228157043457031,0.3180536607548886
0.00010228157043457031,0.3181446111869031
0.00010228157043457031,0.3182355616189177
0.00010228157043457031,0.31832651205093226
0.00010228157043457031,0.3184174624829468
0.00010228157043457031,0.31850841291496135
0.00010228157043457031,0.3185993633469759
0.00010228157043457031,0.31869031377899043
0.00010228157043457031,0.318781264211005
0.00010228157043457031,0.31887221464301957
0.00010228157043457031,0.3189631650750341
0.00010228157043457031,0.31905411550704865
0.00010228157043457031,0.3191450659390632
0.00010228157043457031,0.31923601637107774
0.00010228157043457031,0.3193269668030923
0.00010228157043457031,0.3194179172351069
0.00010228157043457031,0.31950886766712144
0.00010228157043457031,0.31959981809913596
0.00010228157043457031,0.3196907685311505
0.00010228157043457031,0.3197817189631651
0.00010228157043457031,0.3198726693951796
0.00010228157043457031,0.3199636198271942
0.00010228157043457031,0.32005457025920875
0.00010228157043457031,0.32014552069122326
0.00010228157043457031,0.32023647112323783
0.00010228157043457031,0.3203274215552524
0.00010228157043457031,0.3204183719872669
0.00010228157043457031,0.3205093224192815
0.00010228157043457031,0.32060027285129605
0.00010228157043457031,0.3206912232833106
0.00010228157043457031,0.32078217371532514
0.00010228157043457031,0.3208731241473397
0.00010228157043457031,0.3209640745793543
0.00010228157043457031,0.3210550250113688
0.00010228157043457031,0.32114597544338336
0.00010251998901367188,0.3212369258753979
0.00010251998901367188,0.32132787630741244
0.00010251998901367188,0.321418826739427
0.00010251998901367188,0.3215097771714416
0.00010251998901367188,0.3216007276034561
0.00010251998901367188,0.32169167803547066
0.00010251998901367188,0.32178262846748523
0.00010251998901367188,0.32187357889949975
0.00010251998901367188,0.3219645293315143
0.00010251998901367188,0.3220554797635289
0.00010251998901367188,0.32214643019554345
0.00010251998901367188,0.32223738062755797
0.00010251998901367188,0.32232833105957254
0.00010251998901367188,0.3224192814915871
0.00010251998901367188,0.3225102319236016
0.00010251998901367188,0.3226011823556162
0.00010251998901367188,0.32269213278763076
0.00010251998901367188,0.3227830832196453
0.00010251998901367188,0.32287403365165984
0.00010251998901367188,0.3229649840836744
0.00010251998901367188,0.3230559345156889
0.00010251998901367188,0.3231468849477035
0.00010251998901367188,0.32323783537971806
0.00010251998901367188,0.32332878581173263
0.00010251998901367188,0.32341973624374715
0.00010251998901367188,0.3235106866757617
0.00010251998901367188,0.3236016371077763
0.00010251998901367188,0.3236925875397908
0.00010251998901367188,0.32378353797180537
0.00010251998901367188,0.32387448840381994
0.00010251998901367188,0.32396543883583445
0.00010251998901367188,0.324056389267849
0.00010251998901367188,0.3241473396998636
0.00010251998901367188,0.3242382901318781
0.00010251998901367188,0.3243292405638927
0.00010251998901367188,0.32442019099590724
0.00010251998901367188,0.32451114142792176
0.00010251998901367188,0.3246020918599363
0.00010251998901367188,0.3246930422919509
0.00010251998901367188,0.32478399272396546
0.00010251998901367188,0.32487494315598
0.00010251998901367188,0.32496589358799455
0.00010251998901367188,0.3250568440200091
0.00010251998901367188,0.32514779445202363
0.00010251998901367188,0.3252387448840382
0.00010251998901367188,0.32532969531605277
0.00010251998901367188,0.3254206457480673
0.00010251998901367188,0.32551159618008185
0.00010251998901367188,0.3256025466120964
0.00010251998901367188,0.32569349704411094
0.00010251998901367188,0.3257844474761255
0.00010275840759277344,0.3258753979081401
0.00010275840759277344,0.3259663483401546
0.00010275840759277344,0.32605729877216916
0.00010275840759277344,0.3261482492041837
0.00010275840759277344,0.3262391996361983
0.00010275840759277344,0.3263301500682128
0.00010275840759277344,0.3264211005002274
0.00010275840759277344,0.32651205093224195
0.00010275840759277344,0.32660300136425646
0.00010275840759277344,0.32669395179627103
0.00010275840759277344,0.3267849022282856
0.00010275840759277344,0.3268758526603001
0.00010275840759277344,0.3269668030923147
0.00010275840759277344,0.32705775352432925
0.00010275840759277344,0.32714870395634377
0.00010275840759277344,0.32723965438835834
0.00010275840759277344,0.3273306048203729
0.00010275840759277344,0.3274215552523875
0.00010275840759277344,0.327512505684402
0.00010275840759277344,0.32760345611641656
0.00010275840759277344,0.3276944065484311
0.00010275840759277344,0.32778535698044564
0.00010275840759277344,0.3278763074124602
0.00010275840759277344,0.3279672578444748
0.00010275840759277344,0.3280582082764893
0.00010275840759277344,0.32814915870850386
0.00010275840759277344,0.32824010914051843
0.00010275840759277344,0.32833105957253295
0.00010275840759277344,0.3284220100045475
0.00010275840759277344,0.3285129604365621
0.00010275840759277344,0.3286039108685766
0.00010275840759277344,0.32869486130059117
0.00010275840759277344,0.32878581173260574
0.00010275840759277344,0.3288767621646203
0.00010275840759277344,0.3289677125966348
0.00010275840759277344,0.3290586630286494
0.00010275840759277344,0.32914961346066396
0.00010275840759277344,0.3292405638926785
0.00010275840759277344,0.32933151432469304
0.00010275840759277344,0.3294224647567076
0.00010275840759277344,0.3295134151887221
0.00010275840759277344,0.3296043656207367
0.00010275840759277344,0.32969531605275126
0.00010275840759277344,0.3297862664847658
0.00010275840759277344,0.32987721691678035
0.00010275840759277344,0.3299681673487949
0.00010275840759277344,0.3300591177808095
0.00010275840759277344,0.330150068212824
0.00010275840759277344,0.33024101864483857
0.00010275840759277344,0.33033196907685314
0.00010275840759277344,0.33042291950886765
0.00010275840759277344,0.3305138699408822
0.000102996826171875,0.3306048203728968
0.000102996826171875,0.3306957708049113
0.000102996826171875,0.3307867212369259
0.000102996826171875,0.33087767166894044
0.000102996826171875,0.33096862210095496
0.000102996826171875,0.3310595725329695
0.000102996826171875,0.3311505229649841
0.000102996826171875,0.3312414733969986
0.000102996826171875,0.3313324238290132
0.000102996826171875,0.33142337426102775
0.000102996826171875,0.3315143246930423
0.000102996826171875,0.33160527512505683
0.000102996826171875,0.3316962255570714
0.000102996826171875,0.33178717598908597
0.000102996826171875,0.3318781264211005
0.000102996826171875,0.33196907685311505
0.000102996826171875,0.3320600272851296
0.000102996826171875,0.33215097771714414
0.000102996826171875,0.3322419281491587
0.000102996826171875,0.3323328785811733
0.000102996826171875,0.3324238290131878
0.000102996826171875,0.33251477944520236
0.000102996826171875,0.3326057298772169
0.000102996826171875,0.3326966803092315
0.000102996826171875,0.332787630741246
0.000102996826171875,0.3328785811732606
0.000102996826171875,0.33296953160527515
0.000102996826171875,0.33306048203728966
0.000102996826171875,0.33315143246930423
0.000102996826171875,0.3332423829013188
0.000102996826171875,0.3333333333333333
0.000102996826171875,0.3334242837653479
0.000102996826171875,0.33351523419736245
0.000102996826171875,0.33360618462937697
0.000102996826171875,0.33369713506139154
0.000102996826171875,0.3337880854934061
0.000102996826171875,0.3338790359254206
0.000102996826171875,0.3339699863574352
0.000102996826171875,0.33406093678944976
0.000102996826171875,0.3341518872214643
0.000102996826171875,0.33424283765347884
0.000102996826171875,0.3343337880854934
0.000102996826171875,0.334424738517508
0.000102996826171875,0.3345156889495225
0.000102996826171875,0.33460663938153706
0.000102996826171875,0.33469758981355163
0.000102996826171875,0.33478854024556615
0.000102996826171875,0.3348794906775807
0.000102996826171875,0.3349704411095953
0.000102996826171875,0.3350613915416098
0.000102996826171875,0.33515234197362437
0.000102996826171875,0.33524329240563894
0.000102996826171875,0.33533424283765345
0.000102996826171875,0.335425193269668
0.000102996826171875,0.3355161437016826
0.000102996826171875,0.33560709413369716
0.00010323524475097656,0.3356980445657117
0.00010323524475097656,0.33578899499772624
0.00010323524475097656,0.3358799454297408
0.00010323524475097656,0.3359708958617553
0.00010323524475097656,0.3360618462937699
0.00010323524475097656,0.33615279672578446
0.00010323524475097656,0.336243747157799
0.00010323524475097656,0.33633469758981355
0.00010323524475097656,0.3364256480218281
0.00010323524475097656,0.33651659845384263
0.00010323524475097656,0.3366075488858572
0.00010323524475097656,0.33669849931787177
0.00010323524475097656,0.33678944974988634
0.00010323524475097656,0.33688040018190085
0.00010323524475097656,0.3369713506139154
0.00010323524475097656,0.33706230104593
0.00010323524475097656,0.3371532514779445
0.00010323524475097656,0.3372442019099591
0.00010323524475097656,0.33733515234197364
0.00010323524475097656,0.33742610277398816
0.00010323524475097656,0.3375170532060027
0.00010323524475097656,0.3376080036380173
0.00010323524475097656,0.3376989540700318
0.00010323524475097656,0.3377899045020464
0.00010323524475097656,0.33788085493406095
0.00010323524475097656,0.33797180536607546
0.00010323524475097656,0.33806275579809003
0.00010323524475097656,0.3381537062301046
0.00010323524475097656,0.33824465666211917
0.00010323524475097656,0.3383356070941337
0.00010323524475097656,0.33842655752614825
0.00010323524475097656,0.3385175079581628
0.00010323524475097656,0.33860845839017734
0.00010323524475097656,0.3386994088221919
0.00010323524475097656,0.3387903592542065
0.00010323524475097656,0.338881309686221
0.00010323524475097656,0.33897226011823556
0.00010323524475097656,0.3390632105502501
0.00010323524475097656,0.33915416098226464
0.00010323524475097656,0.3392451114142792
0.00010323524475097656,0.3393360618462938
0.00010323524475097656,0.33942701227830835
0.00010323524475097656,0.33951796271032286
0.00010323524475097656,0.33960891314233743
0.00010323524475097656,0.339699863574352
0.00010323524475097656,0.3397908140063665
0.00010323524475097656,0.3398817644383811
0.00010323524475097656,0.33997271487039565
0.00010323524475097656,0.34006366530241017
0.00010323524475097656,0.34015461573442474
0.00010323524475097656,0.3402455661664393
0.00010347366333007812,0.3403365165984538
0.00010347366333007812,0.3404274670304684
0.00010347366333007812,0.34051841746248296
0.00010347366333007812,0.3406093678944975
0.00010347366333007812,0.34070031832651204
0.00010347366333007812,0.3407912687585266
0.00010347366333007812,0.3408822191905412
0.00010347366333007812,0.3409731696225557
0.00010347366333007812,0.34106412005457026
0.00010347366333007812,0.34115507048658483
0.00010347366333007812,0.34124602091859935
0.00010347366333007812,0.3413369713506139
0.00010347366333007812,0.3414279217826285
0.00010347366333007812,0.341518872214643
0.00010347366333007812,0.34160982264665757
0.00010347366333007812,0.34170077307867214
0.00010347366333007812,0.34179172351068665
0.00010347366333007812,0.3418826739427012
0.00010347366333007812,0.3419736243747158
0.00010347366333007812,0.34206457480673036
0.00010347366333007812,0.3421555252387449
0.00010347366333007812,0.34224647567075944
0.00010347366333007812,0.342337426102774
0.00010347366333007812,0.3424283765347885
0.00010347366333007812,0.3425193269668031
0.00010347366333007812,0.34261027739881766
0.00010347366333007812,0.3427012278308322
0.00010347366333007812,0.34279217826284675
0.00010347366333007812,0.3428831286948613
0.00010347366333007812,0.34297407912687583
0.00010347366333007812,0.3430650295588904
0.00010347366333007812,0.34315597999090497
0.00010347366333007812,0.3432469304229195
0.00010347366333007812,0.34333788085493405
0.00010347366333007812,0.3434288312869486
0.00010347366333007812,0.3435197817189632
0.00010347366333007812,0.3436107321509777
0.00010347366333007812,0.3437016825829923
0.00010347366333007812,0.34379263301500684
0.00010347366333007812,0.34388358344702136
0.00010347366333007812,0.3439745338790359
0.00010347366333007812,0.3440654843110505
0.00010347366333007812,0.344156434743065
0.00010347366333007812,0.3442473851750796
0.00010347366333007812,0.34433833560709415
0.00010347366333007812,0.34442928603910866
0.00010347366333007812,0.34452023647112323
0.00010347366333007812,0.3446111869031378
0.00010347366333007812,0.3447021373351523
0.00010347366333007812,0.3447930877671669
0.00010347366333007812,0.34488403819918145
0.00010347366333007812,0.344974988631196
0.00010347366333007812,0.34506593906321054
0.00010371208190917969,0.3451568894952251
0.00010371208190917969,0.3452478399272397
0.00010371208190917969,0.3453387903592542
0.00010371208190917969,0.34542974079126876
0.00010371208190917969,0.3455206912232833
0.00010371208190917969,0.34561164165529784
0.00010371208190917969,0.3457025920873124
0.00010371208190917969,0.345793542519327
0.00010371208190917969,0.3458844929513415
0.00010371208190917969,0.34597544338335606
0.00010371208190917969,0.34606639381537063
0.00010371208190917969,0.3461573442473852
0.00010371208190917969,0.3462482946793997
0.00010371208190917969,0.3463392451114143
0.00010371208190917969,0.34643019554342885
0.00010371208190917969,0.34652114597544337
0.00010371208190917969,0.34661209640745794
0.00010371208190917969,0.3467030468394725
0.00010371208190917969,0.346793997271487
0.00010371208190917969,0.3468849477035016
0.00010371208190917969,0.34697589813551616
0.00010371208190917969,0.3470668485675307
0.00010371208190917969,0.34715779899954524
0.00010371208190917969,0.3472487494315598
0.00010371208190917969,0.3473396998635743
0.00010371208190917969,0.3474306502955889
0.00010371208190917969,0.34752160072760346
0.00010371208190917969,0.34761255115961803
0.00010371208190917969,0.34770350159163255
0.00010371208190917969,0.3477944520236471
0.00010371208190917969,0.3478854024556617
0.00010371208190917969,0.3479763528876762
0.00010371208190917969,0.34806730331969077
0.00010371208190917969,0.34815825375170534
0.00010371208190917969,0.34824920418371985
0.00010371208190917969,0.3483401546157344
0.00010371208190917969,0.348431105047749
0.00010395050048828125,0.3485220554797635
0.00010395050048828125,0.3486130059117781
0.00010395050048828125,0.34870395634379264
0.00010395050048828125,0.3487949067758072
0.00010395050048828125,0.3488858572078217
0.00010395050048828125,0.3489768076398363
0.00010395050048828125,0.34906775807185086
0.00010395050048828125,0.3491587085038654
0.00010395050048828125,0.34924965893587995
0.00010395050048828125,0.3493406093678945
0.00010395050048828125,0.34943155979990903
0.00010395050048828125,0.3495225102319236
0.00010395050048828125,0.34961346066393817
0.00010395050048828125,0.3497044110959527
0.00010395050048828125,0.34979536152796725
0.00010395050048828125,0.3498863119599818
0.00010395050048828125,0.34997726239199634
0.00010395050048828125,0.3500682128240109
0.00010395050048828125,0.3501591632560255
0.00010395050048828125,0.35025011368804004
0.00010395050048828125,0.35034106412005456
0.00010395050048828125,0.3504320145520691
0.00010395050048828125,0.3505229649840837
0.00010395050048828125,0.3506139154160982
0.00010395050048828125,0.3507048658481128
0.00010395050048828125,0.35079581628012735
0.00010395050048828125,0.35088676671214186
0.00010395050048828125,0.35097771714415643
0.00010395050048828125,0.351068667576171
0.00010395050048828125,0.3511596180081855
0.00010395050048828125,0.3512505684402001
0.00010395050048828125,0.35134151887221465
0.00010395050048828125,0.3514324693042292
0.00010395050048828125,0.35152341973624374
0.00010395050048828125,0.3516143701682583
0.00010395050048828125,0.3517053206002729
0.00010395050048828125,0.3517962710322874
0.00010418891906738281,0.35188722146430196
0.00010418891906738281,0.3519781718963165
0.00010418891906738281,0.35206912232833104
0.00010418891906738281,0.3521600727603456
0.00010418891906738281,0.3522510231923602
0.00010418891906738281,0.3523419736243747
0.00010418891906738281,0.35243292405638926
0.00010418891906738281,0.35252387448840383
0.00010418891906738281,0.35261482492041835
0.00010418891906738281,0.3527057753524329
0.00010418891906738281,0.3527967257844475
0.00010418891906738281,0.35288767621646205
0.00010418891906738281,0.35297862664847657
0.00010418891906738281,0.35306957708049114
0.00010418891906738281,0.3531605275125057
0.00010418891906738281,0.3532514779445202
0.00010418891906738281,0.3533424283765348
0.00010418891906738281,0.35343337880854936
0.00010418891906738281,0.3535243292405639
0.00010418891906738281,0.35361527967257844
0.00010418891906738281,0.353706230104593
0.00010418891906738281,0.3537971805366075
0.00010418891906738281,0.3538881309686221
0.00010418891906738281,0.35397908140063666
0.00010418891906738281,0.3540700318326512
0.00010418891906738281,0.35416098226466575
0.00010418891906738281,0.3542519326966803
0.00010418891906738281,0.3543428831286949
0.00010418891906738281,0.3544338335607094
0.00010418891906738281,0.35452478399272397
0.00010418891906738281,0.35461573442473854
0.00010418891906738281,0.35470668485675305
0.00010418891906738281,0.3547976352887676
0.00010418891906738281,0.3548885857207822
0.00010418891906738281,0.3549795361527967
0.00010418891906738281,0.3550704865848113
0.00010418891906738281,0.35516143701682584
0.00010418891906738281,0.35525238744884036
0.00010418891906738281,0.3553433378808549
0.00010418891906738281,0.3554342883128695
0.00010418891906738281,0.35552523874488406
0.00010418891906738281,0.3556161891768986
0.00010418891906738281,0.35570713960891315
0.00010418891906738281,0.3557980900409277
0.00010418891906738281,0.35588904047294223
0.00010418891906738281,0.3559799909049568
0.00010442733764648438,0.35607094133697137
0.00010442733764648438,0.3561618917689859
0.00010442733764648438,0.35625284220100045
0.00010442733764648438,0.356343792633015
0.00010442733764648438,0.35643474306502954
0.00010442733764648438,0.3565256934970441
0.00010442733764648438,0.3566166439290587
0.00010442733764648438,0.3567075943610732
0.00010442733764648438,0.35679854479308776
0.00010442733764648438,0.3568894952251023
0.00010442733764648438,0.3569804456571169
0.00010442733764648438,0.3570713960891314
0.00010442733764648438,0.357162346521146
0.00010442733764648438,0.35725329695316055
0.00010442733764648438,0.35734424738517506
0.00010442733764648438,0.35743519781718963
0.00010442733764648438,0.3575261482492042
0.00010442733764648438,0.3576170986812187
0.00010442733764648438,0.3577080491132333
0.00010442733764648438,0.35779899954524785
0.00010442733764648438,0.35788994997726237
0.00010442733764648438,0.35798090040927694
0.00010442733764648438,0.3580718508412915
0.00010442733764648438,0.3581628012733061
0.00010442733764648438,0.3582537517053206
0.00010442733764648438,0.35834470213733516
0.00010442733764648438,0.3584356525693497
0.00010442733764648438,0.35852660300136424
0.00010442733764648438,0.3586175534333788
0.00010442733764648438,0.3587085038653934
0.00010442733764648438,0.3587994542974079
0.00010442733764648438,0.35889040472942246
0.00010442733764648438,0.35898135516143703
0.00010442733764648438,0.35907230559345155
0.00010442733764648438,0.3591632560254661
0.00010442733764648438,0.3592542064574807
0.00010442733764648438,0.3593451568894952
0.00010442733764648438,0.35943610732150977
0.00010442733764648438,0.35952705775352434
0.00010442733764648438,0.3596180081855389
0.00010442733764648438,0.3597089586175534
0.00010466575622558594,0.359799909049568
0.00010466575622558594,0.35989085948158256
0.00010466575622558594,0.3599818099135971
0.00010466575622558594,0.36007276034561164
0.00010466575622558594,0.3601637107776262
0.00010466575622558594,0.3602546612096407
0.00010466575622558594,0.3603456116416553
0.00010466575622558594,0.36043656207366986
0.00010466575622558594,0.3605275125056844
0.00010466575622558594,0.36061846293769895
0.00010466575622558594,0.3607094133697135
0.00010466575622558594,0.3608003638017281
0.00010466575622558594,0.3608913142337426
0.00010466575622558594,0.36098226466575717
0.00010466575622558594,0.36107321509777174
0.00010466575622558594,0.36116416552978625
0.00010466575622558594,0.3612551159618008
0.00010466575622558594,0.3613460663938154
0.00010466575622558594,0.3614370168258299
0.00010466575622558594,0.3615279672578445
0.00010466575622558594,0.36161891768985904
0.00010466575622558594,0.36170986812187356
0.00010466575622558594,0.3618008185538881
0.00010466575622558594,0.3618917689859027
0.00010466575622558594,0.3619827194179172
0.00010466575622558594,0.3620736698499318
0.00010466575622558594,0.36216462028194635
0.00010466575622558594,0.3622555707139609
0.00010466575622558594,0.36234652114597543
0.00010466575622558594,0.36243747157799
0.00010466575622558594,0.36252842201000457
0.00010466575622558594,0.3626193724420191
0.00010466575622558594,0.36271032287403365
0.00010466575622558594,0.3628012733060482
0.00010466575622558594,0.36289222373806274
0.00010466575622558594,0.3629831741700773
0.00010466575622558594,0.3630741246020919
0.00010466575622558594,0.3631650750341064
0.00010466575622558594,0.36325602546612096
0.00010466575622558594,0.3633469758981355
0.00010466575622558594,0.36343792633015004
0.00010466575622558594,0.3635288767621646
0.00010466575622558594,0.3636198271941792
0.0001049041748046875,0.36371077762619375
0.0001049041748046875,0.36380172805820826
0.0001049041748046875,0.36389267849022283
0.0001049041748046875,0.3639836289222374
0.0001049041748046875,0.3640745793542519
0.0001049041748046875,0.3641655297862665
0.0001049041748046875,0.36425648021828105
0.0001049041748046875,0.36434743065029557
0.0001049041748046875,0.36443838108231014
0.0001049041748046875,0.3645293315143247
0.0001049041748046875,0.3646202819463392
0.0001049041748046875,0.3647112323783538
0.0001049041748046875,0.36480218281036836
0.0001049041748046875,0.3648931332423829
0.0001049041748046875,0.36498408367439744
0.0001049041748046875,0.365075034106412
0.0001049041748046875,0.3651659845384266
0.0001049041748046875,0.3652569349704411
0.0001049041748046875,0.36534788540245566
0.0001049041748046875,0.36543883583447023
0.0001049041748046875,0.36552978626648475
0.0001049041748046875,0.3656207366984993
0.0001049041748046875,0.3657116871305139
0.0001049041748046875,0.3658026375625284
0.0001049041748046875,0.36589358799454297
0.0001049041748046875,0.36598453842655754
0.0001049041748046875,0.36607548885857205
0.0001049041748046875,0.3661664392905866
0.0001049041748046875,0.3662573897226012
0.0001049041748046875,0.36634834015461576
0.0001049041748046875,0.3664392905866303
0.0001049041748046875,0.36653024101864484
0.0001049041748046875,0.3666211914506594
0.0001049041748046875,0.3667121418826739
0.0001049041748046875,0.3668030923146885
0.0001049041748046875,0.36689404274670306
0.0001049041748046875,0.3669849931787176
0.0001049041748046875,0.36707594361073215
0.0001049041748046875,0.3671668940427467
0.0001049041748046875,0.36725784447476123
0.0001049041748046875,0.3673487949067758
0.0001049041748046875,0.36743974533879037
0.0001049041748046875,0.36753069577080494
0.0001049041748046875,0.36762164620281945
0.0001049041748046875,0.367712596634834
0.0001049041748046875,0.3678035470668486
0.0001049041748046875,0.3678944974988631
0.0001049041748046875,0.3679854479308777
0.0001049041748046875,0.36807639836289224
0.00010514259338378906,0.36816734879490676
0.00010514259338378906,0.3682582992269213
0.00010514259338378906,0.3683492496589359
0.00010514259338378906,0.3684402000909504
0.00010514259338378906,0.368531150522965
0.00010514259338378906,0.36862210095497955
0.00010514259338378906,0.36871305138699406
0.00010514259338378906,0.36880400181900863
0.00010514259338378906,0.3688949522510232
0.00010514259338378906,0.36898590268303777
0.00010514259338378906,0.3690768531150523
0.00010514259338378906,0.36916780354706685
0.00010514259338378906,0.3692587539790814
0.00010514259338378906,0.36934970441109594
0.00010514259338378906,0.3694406548431105
0.00010514259338378906,0.3695316052751251
0.00010514259338378906,0.3696225557071396
0.00010514259338378906,0.36971350613915416
0.00010514259338378906,0.3698044565711687
0.00010514259338378906,0.36989540700318324
0.00010514259338378906,0.3699863574351978
0.00010514259338378906,0.3700773078672124
0.00010514259338378906,0.37016825829922695
0.00010514259338378906,0.37025920873124146
0.00010514259338378906,0.37035015916325603
0.00010514259338378906,0.3704411095952706
0.00010514259338378906,0.3705320600272851
0.00010514259338378906,0.3706230104592997
0.00010514259338378906,0.37071396089131425
0.00010514259338378906,0.37080491132332877
0.00010514259338378906,0.37089586175534334
0.00010514259338378906,0.3709868121873579
0.00010514259338378906,0.3710777626193724
0.00010514259338378906,0.371168713051387
0.00010514259338378906,0.37125966348340156
0.00010514259338378906,0.3713506139154161
0.00010514259338378906,0.37144156434743064
0.00010514259338378906,0.3715325147794452
0.00010514259338378906,0.3716234652114598
0.00010514259338378906,0.3717144156434743
0.00010514259338378906,0.37180536607548886
0.00010514259338378906,0.37189631650750343
0.00010514259338378906,0.37198726693951795
0.00010538101196289062,0.3720782173715325
0.00010538101196289062,0.3721691678035471
0.00010538101196289062,0.3722601182355616
0.00010538101196289062,0.37235106866757617
0.00010538101196289062,0.37244201909959074
0.00010538101196289062,0.37253296953160525
0.00010538101196289062,0.3726239199636198
0.00010538101196289062,0.3727148703956344
0.00010538101196289062,0.3728058208276489
0.00010538101196289062,0.3728967712596635
0.00010538101196289062,0.37298772169167804
0.00010538101196289062,0.3730786721236926
0.00010538101196289062,0.3731696225557071
0.00010538101196289062,0.3732605729877217
0.00010538101196289062,0.37335152341973626
0.00010538101196289062,0.3734424738517508
0.00010538101196289062,0.37353342428376535
0.00010538101196289062,0.3736243747157799
0.00010538101196289062,0.37371532514779443
0.00010538101196289062,0.373806275579809
0.00010538101196289062,0.37389722601182357
0.00010538101196289062,0.3739881764438381
0.00010538101196289062,0.37407912687585265
0.00010538101196289062,0.3741700773078672
0.00010538101196289062,0.3742610277398818
0.00010538101196289062,0.3743519781718963
0.00010538101196289062,0.3744429286039109
0.00010538101196289062,0.37453387903592544
0.00010538101196289062,0.37462482946793996
0.00010538101196289062,0.3747157798999545
0.00010538101196289062,0.3748067303319691
0.00010538101196289062,0.3748976807639836
0.00010538101196289062,0.3749886311959982
0.00010538101196289062,0.37507958162801275
0.00010538101196289062,0.37517053206002726
0.00010538101196289062,0.37526148249204183
0.00010538101196289062,0.3753524329240564
0.00010538101196289062,0.3754433833560709
0.00010538101196289062,0.3755343337880855
0.00010538101196289062,0.37562528422010005
0.00010538101196289062,0.3757162346521146
0.00010538101196289062,0.37580718508412914
0.00010538101196289062,0.3758981355161437
0.00010538101196289062,0.3759890859481583
0.00010538101196289062,0.3760800363801728
0.00010538101196289062,0.37617098681218736
0.00010538101196289062,0.3762619372442019
0.00010538101196289062,0.37635288767621644
0.00010538101196289062,0.376443838108231
0.00010538101196289062,0.3765347885402456
0.00010538101196289062,0.3766257389722601
0.00010538101196289062,0.37671668940427466
0.00010538101196289062,0.37680763983628923
0.00010561943054199219,0.3768985902683038
0.00010561943054199219,0.3769895407003183
0.00010561943054199219,0.3770804911323329
0.00010561943054199219,0.37717144156434745
0.00010561943054199219,0.37726239199636197
0.00010561943054199219,0.37735334242837654
0.00010561943054199219,0.3774442928603911
0.00010561943054199219,0.3775352432924056
0.00010561943054199219,0.3776261937244202
0.00010561943054199219,0.37771714415643476
0.00010561943054199219,0.3778080945884493
0.00010561943054199219,0.37789904502046384
0.00010561943054199219,0.3779899954524784
0.00010561943054199219,0.3780809458844929
0.00010561943054199219,0.3781718963165075
0.00010561943054199219,0.37826284674852206
0.00010561943054199219,0.37835379718053663
0.00010561943054199219,0.37844474761255115
0.00010561943054199219,0.3785356980445657
0.00010561943054199219,0.3786266484765803
0.00010561943054199219,0.3787175989085948
0.00010561943054199219,0.37880854934060937
0.00010561943054199219,0.37889949977262394
0.00010561943054199219,0.37899045020463845
0.00010561943054199219,0.379081400636653
0.00010561943054199219,0.3791723510686676
0.00010561943054199219,0.3792633015006821
0.00010561943054199219,0.3793542519326967
0.00010561943054199219,0.37944520236471124
0.00010561943054199219,0.3795361527967258
0.00010561943054199219,0.3796271032287403
0.00010561943054199219,0.3797180536607549
0.00010561943054199219,0.37980900409276946
0.00010561943054199219,0.379899954524784
0.00010561943054199219,0.37999090495679855
0.00010561943054199219,0.3800818553888131
0.00010561943054199219,0.38017280582082763
0.00010561943054199219,0.3802637562528422
0.00010561943054199219,0.38035470668485677
0.00010561943054199219,0.3804456571168713
0.00010561943054199219,0.38053660754888585
0.00010561943054199219,0.3806275579809004
0.00010561943054199219,0.38071850841291494
0.00010561943054199219,0.3808094588449295
0.00010561943054199219,0.3809004092769441
0.00010561943054199219,0.38099135970895864
0.00010561943054199219,0.38108231014097316
0.00010561943054199219,0.3811732605729877
0.00010585784912109375,0.3812642110050023
0.00010585784912109375,0.3813551614370168
0.00010585784912109375,0.3814461118690314
0.00010585784912109375,0.38153706230104595
0.00010585784912109375,0.38162801273306046
0.00010585784912109375,0.38171896316507503
0.00010585784912109375,0.3818099135970896
0.00010585784912109375,0.3819008640291041
0.00010585784912109375,0.3819918144611187
0.00010585784912109375,0.38208276489313325
0.00010585784912109375,0.38217371532514777
0.00010585784912109375,0.38226466575716234
0.00010585784912109375,0.3823556161891769
0.00010585784912109375,0.3824465666211915
0.00010585784912109375,0.382537517053206
0.00010585784912109375,0.38262846748522056
0.00010585784912109375,0.3827194179172351
0.00010585784912109375,0.38281036834924964
0.00010585784912109375,0.3829013187812642
0.00010585784912109375,0.3829922692132788
0.00010585784912109375,0.3830832196452933
0.00010585784912109375,0.38317417007730786
0.00010585784912109375,0.38326512050932243
0.00010585784912109375,0.38335607094133695
0.00010585784912109375,0.3834470213733515
0.00010585784912109375,0.3835379718053661
0.00010585784912109375,0.38362892223738065
0.00010585784912109375,0.38371987266939517
0.00010585784912109375,0.38381082310140974
0.00010585784912109375,0.3839017735334243
0.00010585784912109375,0.3839927239654388
0.00010585784912109375,0.3840836743974534
0.00010585784912109375,0.38417462482946796
0.00010585784912109375,0.3842655752614825
0.00010585784912109375,0.38435652569349704
0.00010585784912109375,0.3844474761255116
0.00010585784912109375,0.3845384265575261
0.00010585784912109375,0.3846293769895407
0.00010585784912109375,0.38472032742155526
0.00010585784912109375,0.3848112778535698
0.00010585784912109375,0.38490222828558435
0.00010585784912109375,0.3849931787175989
0.00010585784912109375,0.3850841291496135
0.00010585784912109375,0.385175079581628
0.00010585784912109375,0.38526603001364257
0.00010585784912109375,0.38535698044565714
0.00010585784912109375,0.38544793087767165
0.00010585784912109375,0.3855388813096862
0.00010585784912109375,0.3856298317417008
0.00010585784912109375,0.3857207821737153
0.00010609626770019531,0.3858117326057299
0.00010609626770019531,0.38590268303774444
0.00010609626770019531,0.38599363346975896
0.00010609626770019531,0.3860845839017735
0.00010609626770019531,0.3861755343337881
0.00010609626770019531,0.38626648476580266
0.00010609626770019531,0.3863574351978172
0.00010609626770019531,0.38644838562983175
0.00010609626770019531,0.3865393360618463
0.00010609626770019531,0.38663028649386083
0.00010609626770019531,0.3867212369258754
0.00010609626770019531,0.38681218735788997
0.00010609626770019531,0.3869031377899045
0.00010609626770019531,0.38699408822191905
0.00010609626770019531,0.3870850386539336
0.00010609626770019531,0.38717598908594814
0.00010609626770019531,0.3872669395179627
0.00010609626770019531,0.3873578899499773
0.00010609626770019531,0.3874488403819918
0.00010609626770019531,0.38753979081400636
0.00010609626770019531,0.3876307412460209
0.00010609626770019531,0.3877216916780355
0.00010609626770019531,0.38781264211005
0.00010609626770019531,0.3879035925420646
0.00010609626770019531,0.38799454297407915
0.00010609626770019531,0.38808549340609366
0.00010609626770019531,0.38817644383810823
0.00010609626770019531,0.3882673942701228
0.00010609626770019531,0.3883583447021373
0.00010609626770019531,0.3884492951341519
0.00010609626770019531,0.38854024556616645
0.00010609626770019531,0.38863119599818097
0.00010609626770019531,0.38872214643019554
0.00010609626770019531,0.3888130968622101
0.00010609626770019531,0.3889040472942247
0.00010609626770019531,0.3889949977262392
0.00010609626770019531,0.38908594815825376
0.00010609626770019531,0.3891768985902683
0.00010609626770019531,0.38926784902228284
0.00010609626770019531,0.3893587994542974
0.00010609626770019531,0.389449749886312
0.00010609626770019531,0.3895407003183265
0.00010609626770019531,0.38963165075034106
0.00010633468627929688,0.38972260118235563
0.00010633468627929688,0.38981355161437015
0.00010633468627929688,0.3899045020463847
0.00010633468627929688,0.3899954524783993
0.00010633468627929688,0.3900864029104138
0.00010633468627929688,0.39017735334242837
0.00010633468627929688,0.39026830377444294
0.00010633468627929688,0.3903592542064575
0.00010633468627929688,0.390450204638472
0.00010633468627929688,0.3905411550704866
0.00010633468627929688,0.39063210550250116
0.00010633468627929688,0.3907230559345157
0.00010633468627929688,0.39081400636653024
0.00010633468627929688,0.3909049567985448
0.00010633468627929688,0.3909959072305593
0.00010633468627929688,0.3910868576625739
0.00010633468627929688,0.39117780809458846
0.00010633468627929688,0.391268758526603
0.00010633468627929688,0.39135970895861755
0.00010633468627929688,0.3914506593906321
0.00010633468627929688,0.39154160982264663
0.00010633468627929688,0.3916325602546612
0.00010633468627929688,0.39172351068667577
0.00010633468627929688,0.39181446111869034
0.00010633468627929688,0.39190541155070485
0.00010633468627929688,0.3919963619827194
0.00010633468627929688,0.392087312414734
0.00010633468627929688,0.3921782628467485
0.00010633468627929688,0.3922692132787631
0.00010633468627929688,0.39236016371077764
0.00010633468627929688,0.39245111414279216
0.00010633468627929688,0.3925420645748067
0.00010633468627929688,0.3926330150068213
0.00010633468627929688,0.3927239654388358
0.00010633468627929688,0.3928149158708504
0.00010633468627929688,0.39290586630286495
0.00010633468627929688,0.3929968167348795
0.00010633468627929688,0.39308776716689403
0.00010633468627929688,0.3931787175989086
0.00010633468627929688,0.39326966803092317
0.00010633468627929688,0.3933606184629377
0.00010633468627929688,0.39345156889495225
0.00010657310485839844,0.3935425193269668
0.00010657310485839844,0.39363346975898134
0.00010657310485839844,0.3937244201909959
0.00010657310485839844,0.3938153706230105
0.00010657310485839844,0.393906321055025
0.00010657310485839844,0.39399727148703956
0.00010657310485839844,0.3940882219190541
0.00010657310485839844,0.39417917235106864
0.00010657310485839844,0.3942701227830832
0.00010657310485839844,0.3943610732150978
0.00010657310485839844,0.39445202364711235
0.00010657310485839844,0.39454297407912686
0.00010657310485839844,0.39463392451114143
0.00010657310485839844,0.394724874943156
0.00010657310485839844,0.3948158253751705
0.00010657310485839844,0.3949067758071851
0.00010657310485839844,0.39499772623919965
0.00010657310485839844,0.39508867667121417
0.00010657310485839844,0.39517962710322874
0.00010657310485839844,0.3952705775352433
0.00010657310485839844,0.3953615279672578
0.00010657310485839844,0.3954524783992724
0.00010657310485839844,0.39554342883128696
0.00010657310485839844,0.3956343792633015
0.00010657310485839844,0.39572532969531604
0.00010657310485839844,0.3958162801273306
0.00010657310485839844,0.3959072305593452
0.00010657310485839844,0.3959981809913597
0.00010657310485839844,0.39608913142337426
0.00010657310485839844,0.39618008185538883
0.00010657310485839844,0.39627103228740335
0.00010657310485839844,0.3963619827194179
0.00010657310485839844,0.3964529331514325
0.00010657310485839844,0.396543883583447
0.00010657310485839844,0.39663483401546157
0.00010657310485839844,0.39672578444747614
0.00010657310485839844,0.39681673487949065
0.00010657310485839844,0.3969076853115052
0.00010657310485839844,0.3969986357435198
0.00010657310485839844,0.39708958617553436
0.00010657310485839844,0.3971805366075489
0.00010657310485839844,0.39727148703956344
0.00010657310485839844,0.397362437471578
0.00010657310485839844,0.3974533879035925
0.00010657310485839844,0.3975443383356071
0.00010657310485839844,0.39763528876762166
0.00010657310485839844,0.3977262391996362
0.00010657310485839844,0.39781718963165075
0.00010657310485839844,0.3979081400636653
0.0001068115234375,0.39799909049567983
0.0001068115234375,0.3980900409276944
0.0001068115234375,0.39818099135970897
0.0001068115234375,0.39827194179172354
0.0001068115234375,0.39836289222373805
0.0001068115234375,0.3984538426557526
0.0001068115234375,0.3985447930877672
0.0001068115234375,0.3986357435197817
0.0001068115234375,0.3987266939517963
0.0001068115234375,0.39881764438381084
0.0001068115234375,0.39890859481582536
0.0001068115234375,0.3989995452478399
0.0001068115234375,0.3990904956798545
0.0001068115234375,0.399181446111869
0.0001068115234375,0.3992723965438836
0.0001068115234375,0.39936334697589815
0.0001068115234375,0.39945429740791266
0.0001068115234375,0.39954524783992723
0.0001068115234375,0.3996361982719418
0.0001068115234375,0.39972714870395637
0.0001068115234375,0.3998180991359709
0.0001068115234375,0.39990904956798545
0.0001068115234375,0.4
0.0001068115234375,0.40009095043201454
0.0001068115234375,0.4001819008640291
0.0001068115234375,0.4002728512960437
0.0001068115234375,0.4003638017280582
0.0001068115234375,0.40045475216007276
0.0001068115234375,0.4005457025920873
0.0001068115234375,0.40063665302410184
0.0001068115234375,0.4007276034561164
0.0001068115234375,0.400818553888131
0.0001068115234375,0.4009095043201455
0.0001068115234375,0.40100045475216006
0.0001068115234375,0.40109140518417463
0.0001068115234375,0.4011823556161892
0.0001068115234375,0.4012733060482037
0.0001068115234375,0.4013642564802183
0.0001068115234375,0.40145520691223285
0.0001068115234375,0.40154615734424737
0.0001068115234375,0.40163710777626194
0.0001068115234375,0.4017280582082765
0.0001068115234375,0.401819008640291
0.0001068115234375,0.4019099590723056
0.0001068115234375,0.40200090950432016
0.0001068115234375,0.4020918599363347
0.0001068115234375,0.40218281036834924
0.0001068115234375,0.4022737608003638
0.0001068115234375,0.4023647112323784
0.0001068115234375,0.4024556616643929
0.0001068115234375,0.40254661209640746
0.00010704994201660156,0.40263756252842203
0.00010704994201660156,0.40272851296043655
0.00010704994201660156,0.4028194633924511
0.00010704994201660156,0.4029104138244657
0.00010704994201660156,0.4030013642564802
0.00010704994201660156,0.40309231468849477
0.00010704994201660156,0.40318326512050934
0.00010704994201660156,0.40327421555252385
0.00010704994201660156,0.4033651659845384
0.00010704994201660156,0.403456116416553
0.00010704994201660156,0.4035470668485675
0.00010704994201660156,0.4036380172805821
0.00010704994201660156,0.40372896771259664
0.00010704994201660156,0.4038199181446112
0.00010704994201660156,0.4039108685766257
0.00010704994201660156,0.4040018190086403
0.00010704994201660156,0.40409276944065486
0.00010704994201660156,0.4041837198726694
0.00010704994201660156,0.40427467030468395
0.00010704994201660156,0.4043656207366985
0.00010704994201660156,0.40445657116871303
0.00010704994201660156,0.4045475216007276
0.00010704994201660156,0.40463847203274217
0.00010704994201660156,0.4047294224647567
0.00010704994201660156,0.40482037289677125
0.00010704994201660156,0.4049113233287858
0.00010704994201660156,0.4050022737608004
0.00010704994201660156,0.4050932241928149
0.00010704994201660156,0.4051841746248295
0.00010704994201660156,0.40527512505684404
0.00010704994201660156,0.40536607548885856
0.00010704994201660156,0.4054570259208731
0.00010704994201660156,0.4055479763528877
0.00010704994201660156,0.4056389267849022
0.00010704994201660156,0.4057298772169168
0.00010704994201660156,0.40582082764893135
0.00010704994201660156,0.40591177808094586
0.00010704994201660156,0.40600272851296043
0.00010704994201660156,0.406093678944975
0.00010704994201660156,0.4061846293769895
0.00010704994201660156,0.4062755798090041
0.00010704994201660156,0.40636653024101865
0.00010704994201660156,0.4064574806730332
0.00010704994201660156,0.40654843110504774
0.00010704994201660156,0.4066393815370623
0.00010704994201660156,0.4067303319690769
0.00010704994201660156,0.4068212824010914
0.00010704994201660156,0.40691223283310596
0.00010704994201660156,0.4070031832651205
0.00010728836059570312,0.40709413369713504
0.00010728836059570312,0.4071850841291496
0.00010728836059570312,0.4072760345611642
0.00010728836059570312,0.4073669849931787
0.00010728836059570312,0.40745793542519326
0.00010728836059570312,0.40754888585720783
0.00010728836059570312,0.4076398362892224
0.00010728836059570312,0.4077307867212369
0.00010728836059570312,0.4078217371532515
0.00010728836059570312,0.40791268758526605
0.00010728836059570312,0.40800363801728057
0.00010728836059570312,0.40809458844929514
0.00010728836059570312,0.4081855388813097
0.00010728836059570312,0.4082764893133242
0.00010728836059570312,0.4083674397453388
0.00010728836059570312,0.40845839017735336
0.00010728836059570312,0.4085493406093679
0.00010728836059570312,0.40864029104138244
0.00010728836059570312,0.408731241473397
0.00010728836059570312,0.4088221919054115
0.00010728836059570312,0.4089131423374261
0.00010728836059570312,0.40900409276944066
0.00010728836059570312,0.40909504320145523
0.00010728836059570312,0.40918599363346975
0.00010728836059570312,0.4092769440654843
0.00010728836059570312,0.4093678944974989
0.00010728836059570312,0.4094588449295134
0.00010728836059570312,0.40954979536152797
0.00010728836059570312,0.40964074579354254
0.00010728836059570312,0.40973169622555705
0.00010728836059570312,0.4098226466575716
0.00010728836059570312,0.4099135970895862
0.00010728836059570312,0.4100045475216007
0.00010728836059570312,0.4100954979536153
0.00010728836059570312,0.41018644838562984
0.00010728836059570312,0.41027739881764436
0.00010728836059570312,0.4103683492496589
0.00010728836059570312,0.4104592996816735
0.00010728836059570312,0.41055025011368806
0.00010728836059570312,0.4106412005457026
0.00010728836059570312,0.41073215097771715
0.00010728836059570312,0.4108231014097317
0.00010728836059570312,0.41091405184174623
0.00010728836059570312,0.4110050022737608
0.00010728836059570312,0.41109595270577537
0.00010728836059570312,0.4111869031377899
0.00010728836059570312,0.41127785356980445
0.00010728836059570312,0.411368804001819
0.00010752677917480469,0.41145975443383354
0.00010752677917480469,0.4115507048658481
0.00010752677917480469,0.4116416552978627
0.00010752677917480469,0.41173260572987724
0.00010752677917480469,0.41182355616189176
0.00010752677917480469,0.4119145065939063
0.00010752677917480469,0.4120054570259209
0.00010752677917480469,0.4120964074579354
0.00010752677917480469,0.41218735788995
0.00010752677917480469,0.41227830832196455
0.00010752677917480469,0.41236925875397906
0.00010752677917480469,0.41246020918599363
0.00010752677917480469,0.4125511596180082
0.00010752677917480469,0.4126421100500227
0.00010752677917480469,0.4127330604820373
0.00010752677917480469,0.41282401091405185
0.00010752677917480469,0.41291496134606637
0.00010752677917480469,0.41300591177808094
0.00010752677917480469,0.4130968622100955
0.00010752677917480469,0.4131878126421101
0.00010752677917480469,0.4132787630741246
0.00010752677917480469,0.41336971350613916
0.00010752677917480469,0.4134606639381537
0.00010752677917480469,0.41355161437016824
0.00010752677917480469,0.4136425648021828
0.00010752677917480469,0.4137335152341974
0.00010752677917480469,0.4138244656662119
0.00010752677917480469,0.41391541609822646
0.00010752677917480469,0.41400636653024103
0.00010752677917480469,0.41409731696225555
0.00010752677917480469,0.4141882673942701
0.00010752677917480469,0.4142792178262847
0.00010752677917480469,0.41437016825829925
0.00010752677917480469,0.41446111869031377
0.00010752677917480469,0.41455206912232834
0.00010752677917480469,0.4146430195543429
0.00010752677917480469,0.4147339699863574
0.00010752677917480469,0.414824920418372
0.00010752677917480469,0.41491587085038656
0.00010752677917480469,0.4150068212824011
0.00010752677917480469,0.41509777171441564
0.00010752677917480469,0.4151887221464302
0.00010752677917480469,0.4152796725784447
0.00010752677917480469,0.4153706230104593
0.00010752677917480469,0.41546157344247386
0.00010752677917480469,0.4155525238744884
0.00010752677917480469,0.41564347430650295
0.00010776519775390625,0.4157344247385175
0.00010776519775390625,0.4158253751705321
0.00010776519775390625,0.4159163256025466
0.00010776519775390625,0.41600727603456117
0.00010776519775390625,0.41609822646657574
0.00010776519775390625,0.41618917689859025
0.00010776519775390625,0.4162801273306048
0.00010776519775390625,0.4163710777626194
0.00010776519775390625,0.4164620281946339
0.00010776519775390625,0.4165529786266485
0.00010776519775390625,0.41664392905866304
0.00010776519775390625,0.41673487949067756
0.00010776519775390625,0.4168258299226921
0.00010776519775390625,0.4169167803547067
0.00010776519775390625,0.41700773078672126
0.00010776519775390625,0.4170986812187358
0.00010776519775390625,0.41718963165075035
0.00010776519775390625,0.4172805820827649
0.00010776519775390625,0.41737153251477943
0.00010776519775390625,0.417462482946794
0.00010776519775390625,0.41755343337880857
0.00010776519775390625,0.4176443838108231
0.00010776519775390625,0.41773533424283765
0.00010776519775390625,0.4178262846748522
0.00010776519775390625,0.41791723510686674
0.00010776519775390625,0.4180081855388813
0.00010776519775390625,0.4180991359708959
0.00010776519775390625,0.4181900864029104
0.00010776519775390625,0.41828103683492496
0.00010776519775390625,0.4183719872669395
0.00010776519775390625,0.4184629376989541
0.00010776519775390625,0.4185538881309686
0.00010776519775390625,0.4186448385629832
0.00010776519775390625,0.41873578899499775
0.00010776519775390625,0.41882673942701226
0.00010776519775390625,0.41891768985902683
0.00010776519775390625,0.4190086402910414
0.00010776519775390625,0.4190995907230559
0.00010776519775390625,0.4191905411550705
0.00010776519775390625,0.41928149158708505
0.00010776519775390625,0.41937244201909957
0.00010776519775390625,0.41946339245111414
0.00010776519775390625,0.4195543428831287
0.00010776519775390625,0.4196452933151432
0.00010776519775390625,0.4197362437471578
0.00010776519775390625,0.41982719417917236
0.00010776519775390625,0.4199181446111869
0.00010800361633300781,0.42000909504320144
0.00010800361633300781,0.420100045475216
0.00010800361633300781,0.4201909959072306
0.00010800361633300781,0.4202819463392451
0.00010800361633300781,0.42037289677125966
0.00010800361633300781,0.42046384720327423
0.00010800361633300781,0.42055479763528875
0.00010800361633300781,0.4206457480673033
0.00010800361633300781,0.4207366984993179
0.00010800361633300781,0.4208276489313324
0.00010800361633300781,0.42091859936334697
0.00010800361633300781,0.42100954979536154
0.00010800361633300781,0.4211005002273761
0.00010800361633300781,0.4211914506593906
0.00010800361633300781,0.4212824010914052
0.00010800361633300781,0.42137335152341976
0.00010800361633300781,0.4214643019554343
0.00010800361633300781,0.42155525238744884
0.00010800361633300781,0.4216462028194634
0.00010800361633300781,0.4217371532514779
0.00010800361633300781,0.4218281036834925
0.00010800361633300781,0.42191905411550706
0.00010800361633300781,0.4220100045475216
0.00010800361633300781,0.42210095497953615
0.00010800361633300781,0.4221919054115507
0.00010800361633300781,0.42228285584356523
0.00010800361633300781,0.4223738062755798
0.00010800361633300781,0.42246475670759437
0.00010800361633300781,0.42255570713960894
0.00010800361633300781,0.42264665757162345
0.00010800361633300781,0.422737608003638
0.00010800361633300781,0.4228285584356526
0.00010800361633300781,0.4229195088676671
0.00010800361633300781,0.4230104592996817
0.00010800361633300781,0.42310140973169624
0.00010800361633300781,0.42319236016371076
0.00010800361633300781,0.4232833105957253
0.00010800361633300781,0.4233742610277399
0.00010800361633300781,0.4234652114597544
0.00010800361633300781,0.423556161891769
0.00010800361633300781,0.42364711232378355
0.00010800361633300781,0.4237380627557981
0.00010800361633300781,0.42382901318781263
0.00010800361633300781,0.4239199636198272
0.00010800361633300781,0.42401091405184177
0.00010800361633300781,0.4241018644838563
0.00010800361633300781,0.42419281491587085
0.00010800361633300781,0.4242837653478854
0.00010824203491210938,0.42437471577989994
0.00010824203491210938,0.4244656662119145
0.00010824203491210938,0.4245566166439291
0.00010824203491210938,0.4246475670759436
0.00010824203491210938,0.42473851750795816
0.00010824203491210938,0.4248294679399727
0.00010824203491210938,0.42492041837198724
0.00010824203491210938,0.4250113688040018
0.00010824203491210938,0.4251023192360164
0.00010824203491210938,0.42519326966803095
0.00010824203491210938,0.42528422010004546
0.00010824203491210938,0.42537517053206003
0.00010824203491210938,0.4254661209640746
0.00010824203491210938,0.4255570713960891
0.00010824203491210938,0.4256480218281037
0.00010824203491210938,0.42573897226011825
0.00010824203491210938,0.42582992269213277
0.00010824203491210938,0.42592087312414734
0.00010824203491210938,0.4260118235561619
0.00010824203491210938,0.4261027739881764
0.00010824203491210938,0.426193724420191
0.00010824203491210938,0.42628467485220556
0.00010824203491210938,0.4263756252842201
0.00010824203491210938,0.42646657571623464
0.00010824203491210938,0.4265575261482492
0.00010824203491210938,0.4266484765802638
0.00010824203491210938,0.4267394270122783
0.00010824203491210938,0.42683037744429286
0.00010824203491210938,0.42692132787630743
0.00010824203491210938,0.42701227830832195
0.00010824203491210938,0.4271032287403365
0.00010824203491210938,0.4271941791723511
0.00010824203491210938,0.4272851296043656
0.00010824203491210938,0.42737608003638017
0.00010824203491210938,0.42746703046839474
0.00010824203491210938,0.42755798090040925
0.00010848045349121094,0.4276489313324238
0.00010848045349121094,0.4277398817644384
0.00010848045349121094,0.42783083219645296
0.00010848045349121094,0.4279217826284675
0.00010848045349121094,0.42801273306048204
0.00010848045349121094,0.4281036834924966
0.00010848045349121094,0.4281946339245111
0.00010848045349121094,0.4282855843565257
0.00010848045349121094,0.42837653478854026
0.00010848045349121094,0.4284674852205548
0.00010848045349121094,0.42855843565256935
0.00010848045349121094,0.4286493860845839
0.00010848045349121094,0.42874033651659843
0.00010848045349121094,0.428831286948613
0.00010848045349121094,0.42892223738062757
0.00010848045349121094,0.4290131878126421
0.00010848045349121094,0.42910413824465665
0.00010848045349121094,0.4291950886766712
0.00010848045349121094,0.4292860391086858
0.00010848045349121094,0.4293769895407003
0.00010848045349121094,0.4294679399727149
0.00010848045349121094,0.42955889040472944
0.00010848045349121094,0.42964984083674396
0.00010848045349121094,0.4297407912687585
0.00010848045349121094,0.4298317417007731
0.00010848045349121094,0.4299226921327876
0.00010848045349121094,0.4300136425648022
0.00010848045349121094,0.43010459299681675
0.00010848045349121094,0.43019554342883126
0.00010848045349121094,0.43028649386084583
0.00010848045349121094,0.4303774442928604
0.00010848045349121094,0.43046839472487497
0.00010848045349121094,0.4305593451568895
0.00010848045349121094,0.43065029558890405
0.00010848045349121094,0.4307412460209186
0.00010848045349121094,0.43083219645293314
0.00010848045349121094,0.4309231468849477
0.00010848045349121094,0.4310140973169623
0.00010848045349121094,0.4311050477489768
0.00010848045349121094,0.43119599818099136
0.00010848045349121094,0.4312869486130059
0.00010848045349121094,0.43137789904502044
0.00010848045349121094,0.431468849477035
0.00010848045349121094,0.4315597999090496
0.00010848045349121094,0.4316507503410641
0.0001087188720703125,0.43174170077307866
0.0001087188720703125,0.43183265120509323
0.0001087188720703125,0.4319236016371078
0.0001087188720703125,0.4320145520691223
0.0001087188720703125,0.4321055025011369
0.0001087188720703125,0.43219645293315145
0.0001087188720703125,0.43228740336516597
0.0001087188720703125,0.43237835379718054
0.0001087188720703125,0.4324693042291951
0.0001087188720703125,0.4325602546612096
0.0001087188720703125,0.4326512050932242
0.0001087188720703125,0.43274215552523876
0.0001087188720703125,0.4328331059572533
0.0001087188720703125,0.43292405638926784
0.0001087188720703125,0.4330150068212824
0.0001087188720703125,0.433105957253297
0.0001087188720703125,0.4331969076853115
0.0001087188720703125,0.43328785811732606
0.0001087188720703125,0.43337880854934063
0.0001087188720703125,0.43346975898135515
0.0001087188720703125,0.4335607094133697
0.0001087188720703125,0.4336516598453843
0.0001087188720703125,0.4337426102773988
0.0001087188720703125,0.43383356070941337
0.0001087188720703125,0.43392451114142794
0.0001087188720703125,0.43401546157344245
0.0001087188720703125,0.434106412005457
0.0001087188720703125,0.4341973624374716
0.0001087188720703125,0.4342883128694861
0.0001087188720703125,0.4343792633015007
0.0001087188720703125,0.43447021373351524
0.0001087188720703125,0.4345611641655298
0.0001087188720703125,0.4346521145975443
0.0001087188720703125,0.4347430650295589
0.0001087188720703125,0.43483401546157346
0.0001087188720703125,0.434924965893588
0.0001087188720703125,0.43501591632560255
0.0001087188720703125,0.4351068667576171
0.0001087188720703125,0.43519781718963163
0.0001087188720703125,0.4352887676216462
0.0001087188720703125,0.43537971805366077
0.0001087188720703125,0.4354706684856753
0.0001087188720703125,0.43556161891768985
0.0001087188720703125,0.4356525693497044
0.0001087188720703125,0.435743519781719
0.0001087188720703125,0.4358344702137335
0.0001087188720703125,0.4359254206457481
0.0001087188720703125,0.43601637107776264
0.0001087188720703125,0.43610732150977716
0.00010895729064941406,0.4361982719417917
0.00010895729064941406,0.4362892223738063
0.00010895729064941406,0.4363801728058208
0.00010895729064941406,0.4364711232378354
0.00010895729064941406,0.43656207366984995
0.00010895729064941406,0.43665302410186446
0.00010895729064941406,0.43674397453387903
0.00010895729064941406,0.4368349249658936
0.00010895729064941406,0.4369258753979081
0.00010895729064941406,0.4370168258299227
0.00010895729064941406,0.43710777626193725
0.00010895729064941406,0.4371987266939518
0.00010895729064941406,0.43728967712596634
0.00010895729064941406,0.4373806275579809
0.00010895729064941406,0.4374715779899955
0.00010895729064941406,0.43756252842201
0.00010895729064941406,0.43765347885402456
0.00010895729064941406,0.4377444292860391
0.00010895729064941406,0.43783537971805364
0.00010895729064941406,0.4379263301500682
0.00010895729064941406,0.4380172805820828
0.00010895729064941406,0.4381082310140973
0.00010895729064941406,0.43819918144611186
0.00010895729064941406,0.43829013187812643
0.00010895729064941406,0.43838108231014095
0.00010895729064941406,0.4384720327421555
0.00010895729064941406,0.4385629831741701
0.00010895729064941406,0.43865393360618465
0.00010895729064941406,0.43874488403819917
0.00010895729064941406,0.43883583447021374
0.00010895729064941406,0.4389267849022283
0.00010895729064941406,0.4390177353342428
0.00010895729064941406,0.4391086857662574
0.00010895729064941406,0.43919963619827196
0.00010895729064941406,0.4392905866302865
0.00010895729064941406,0.43938153706230104
0.00010895729064941406,0.4394724874943156
0.00010895729064941406,0.4395634379263301
0.00010919570922851562,0.4396543883583447
0.00010919570922851562,0.43974533879035926
0.00010919570922851562,0.43983628922237383
0.00010919570922851562,0.43992723965438835
0.00010919570922851562,0.4400181900864029
0.00010919570922851562,0.4401091405184175
0.00010919570922851562,0.440200090950432
0.00010919570922851562,0.44029104138244657
0.00010919570922851562,0.44038199181446114
0.00010919570922851562,0.44047294224647565
0.00010919570922851562,0.4405638926784902
0.00010919570922851562,0.4406548431105048
0.00010919570922851562,0.4407457935425193
0.00010919570922851562,0.4408367439745339
0.00010919570922851562,0.44092769440654844
0.00010919570922851562,0.44101864483856296
0.00010919570922851562,0.4411095952705775
0.00010919570922851562,0.4412005457025921
0.00010919570922851562,0.44129149613460666
0.00010919570922851562,0.4413824465666212
0.00010919570922851562,0.44147339699863575
0.00010919570922851562,0.4415643474306503
0.00010919570922851562,0.44165529786266483
0.00010919570922851562,0.4417462482946794
0.00010919570922851562,0.44183719872669397
0.00010919570922851562,0.4419281491587085
0.00010919570922851562,0.44201909959072305
0.00010919570922851562,0.4421100500227376
0.00010919570922851562,0.44220100045475214
0.00010919570922851562,0.4422919508867667
0.00010919570922851562,0.4423829013187813
0.00010919570922851562,0.44247385175079584
0.00010919570922851562,0.44256480218281036
0.00010919570922851562,0.4426557526148249
0.00010919570922851562,0.4427467030468395
0.00010919570922851562,0.442837653478854
0.00010919570922851562,0.4429286039108686
0.00010919570922851562,0.44301955434288315
0.00010919570922851562,0.44311050477489766
0.00010919570922851562,0.44320145520691223
0.00010919570922851562,0.4432924056389268
0.00010919570922851562,0.4433833560709413
0.00010919570922851562,0.4434743065029559
0.00010919570922851562,0.44356525693497045
0.00010919570922851562,0.44365620736698497
0.00010919570922851562,0.44374715779899954
0.00010919570922851562,0.4438381082310141
0.00010919570922851562,0.4439290586630287
0.00010919570922851562,0.4440200090950432
0.00010919570922851562,0.44411095952705776
0.00010919570922851562,0.4442019099590723
0.00010919570922851562,0.44429286039108684
0.00010919570922851562,0.4443838108231014
0.00010919570922851562,0.444474761255116
0.00010919570922851562,0.4445657116871305
0.00010943412780761719,0.44465666211914506
0.00010943412780761719,0.44474761255115963
0.00010943412780761719,0.44483856298317415
0.00010943412780761719,0.4449295134151887
0.00010943412780761719,0.4450204638472033
0.00010943412780761719,0.4451114142792178
0.00010943412780761719,0.44520236471123237
0.00010943412780761719,0.44529331514324694
0.00010943412780761719,0.4453842655752615
0.00010943412780761719,0.445475216007276
0.00010943412780761719,0.4455661664392906
0.00010943412780761719,0.44565711687130516
0.00010943412780761719,0.4457480673033197
0.00010943412780761719,0.44583901773533424
0.00010943412780761719,0.4459299681673488
0.00010943412780761719,0.4460209185993633
0.00010943412780761719,0.4461118690313779
0.00010943412780761719,0.44620281946339246
0.00010943412780761719,0.446293769895407
0.00010943412780761719,0.44638472032742155
0.00010943412780761719,0.4464756707594361
0.00010943412780761719,0.4465666211914507
0.00010943412780761719,0.4466575716234652
0.00010943412780761719,0.44674852205547977
0.00010943412780761719,0.44683947248749434
0.00010943412780761719,0.44693042291950885
0.00010943412780761719,0.4470213733515234
0.00010943412780761719,0.447112323783538
0.00010943412780761719,0.4472032742155525
0.00010943412780761719,0.4472942246475671
0.00010943412780761719,0.44738517507958164
0.00010943412780761719,0.44747612551159616
0.00010943412780761719,0.4475670759436107
0.00010943412780761719,0.4476580263756253
0.00010943412780761719,0.4477489768076398
0.00010943412780761719,0.4478399272396544
0.00010943412780761719,0.44793087767166895
0.00010943412780761719,0.4480218281036835
0.00010943412780761719,0.44811277853569803
0.00010967254638671875,0.4482037289677126
0.00010967254638671875,0.44829467939972717
0.00010967254638671875,0.4483856298317417
0.00010967254638671875,0.44847658026375625
0.00010967254638671875,0.4485675306957708
0.00010967254638671875,0.44865848112778534
0.00010967254638671875,0.4487494315597999
0.00010967254638671875,0.4488403819918145
0.00010967254638671875,0.448931332423829
0.00010967254638671875,0.44902228285584356
0.00010967254638671875,0.4491132332878581
0.00010967254638671875,0.4492041837198727
0.00010967254638671875,0.4492951341518872
0.00010967254638671875,0.4493860845839018
0.00010967254638671875,0.44947703501591635
0.00010967254638671875,0.44956798544793086
0.00010967254638671875,0.44965893587994543
0.00010967254638671875,0.44974988631196
0.00010967254638671875,0.4498408367439745
0.00010967254638671875,0.4499317871759891
0.00010967254638671875,0.45002273760800365
0.00010967254638671875,0.45011368804001817
0.00010967254638671875,0.45020463847203274
0.00010967254638671875,0.4502955889040473
0.00010967254638671875,0.4503865393360618
0.00010967254638671875,0.4504774897680764
0.00010967254638671875,0.45056844020009096
0.00010967254638671875,0.4506593906321055
0.00010967254638671875,0.45075034106412004
0.00010967254638671875,0.4508412914961346
0.00010967254638671875,0.4509322419281492
0.00010967254638671875,0.4510231923601637
0.00010991096496582031,0.45111414279217826
0.00010991096496582031,0.45120509322419283
0.00010991096496582031,0.45129604365620735
0.00010991096496582031,0.4513869940882219
0.00010991096496582031,0.4514779445202365
0.00010991096496582031,0.451568894952251
0.00010991096496582031,0.45165984538426557
0.00010991096496582031,0.45175079581628014
0.00010991096496582031,0.4518417462482947
0.00010991096496582031,0.4519326966803092
0.00010991096496582031,0.4520236471123238
0.00010991096496582031,0.45211459754433836
0.00010991096496582031,0.4522055479763529
0.00010991096496582031,0.45229649840836744
0.00010991096496582031,0.452387448840382
0.00010991096496582031,0.4524783992723965
0.00010991096496582031,0.4525693497044111
0.00010991096496582031,0.45266030013642566
0.00010991096496582031,0.4527512505684402
0.00010991096496582031,0.45284220100045475
0.00010991096496582031,0.4529331514324693
0.00010991096496582031,0.45302410186448383
0.00010991096496582031,0.4531150522964984
0.00010991096496582031,0.45320600272851297
0.00010991096496582031,0.45329695316052754
0.00010991096496582031,0.45338790359254205
0.00010991096496582031,0.4534788540245566
0.00010991096496582031,0.4535698044565712
0.00010991096496582031,0.4536607548885857
0.00010991096496582031,0.4537517053206003
0.00010991096496582031,0.45384265575261484
0.00010991096496582031,0.45393360618462936
0.00010991096496582031,0.4540245566166439
0.00010991096496582031,0.4541155070486585
0.00010991096496582031,0.454206457480673
0.00010991096496582031,0.4542974079126876
0.00010991096496582031,0.45438835834470215
0.00010991096496582031,0.45447930877671666
0.00011014938354492188,0.45457025920873123
0.00011014938354492188,0.4546612096407458
0.00011014938354492188,0.45475216007276037
0.00011014938354492188,0.4548431105047749
0.00011014938354492188,0.45493406093678945
0.00011014938354492188,0.455025011368804
0.00011014938354492188,0.45511596180081854
0.00011014938354492188,0.4552069122328331
0.00011014938354492188,0.4552978626648477
0.00011014938354492188,0.4553888130968622
0.00011014938354492188,0.45547976352887676
0.00011014938354492188,0.4555707139608913
0.00011014938354492188,0.45566166439290584
0.00011014938354492188,0.4557526148249204
0.00011014938354492188,0.455843565256935
0.00011014938354492188,0.45593451568894955
0.00011014938354492188,0.45602546612096406
0.00011014938354492188,0.45611641655297863
0.00011014938354492188,0.4562073669849932
0.00011014938354492188,0.4562983174170077
0.00011014938354492188,0.4563892678490223
0.00011014938354492188,0.45648021828103685
0.00011014938354492188,0.45657116871305137
0.00011014938354492188,0.45666211914506594
0.00011014938354492188,0.4567530695770805
0.00011014938354492188,0.456844020009095
0.00011014938354492188,0.4569349704411096
0.00011014938354492188,0.45702592087312416
0.00011014938354492188,0.4571168713051387
0.00011014938354492188,0.45720782173715324
0.00011014938354492188,0.4572987721691678
0.00011014938354492188,0.4573897226011824
0.00011014938354492188,0.4574806730331969
0.00011014938354492188,0.45757162346521146
0.00011014938354492188,0.45766257389722603
0.00011014938354492188,0.45775352432924055
0.00011014938354492188,0.4578444747612551
0.00011014938354492188,0.4579354251932697
0.00011014938354492188,0.4580263756252842
0.00011014938354492188,0.45811732605729877
0.00011014938354492188,0.45820827648931334
0.00011014938354492188,0.45829922692132785
0.00011014938354492188,0.4583901773533424
0.00011014938354492188,0.458481127785357
0.00011014938354492188,0.45857207821737156
0.00011014938354492188,0.4586630286493861
0.00011014938354492188,0.45875397908140064
0.00011014938354492188,0.4588449295134152
0.00011014938354492188,0.4589358799454297
0.00011014938354492188,0.4590268303774443
0.00011014938354492188,0.45911778080945886
0.00011038780212402344,0.4592087312414734
0.00011038780212402344,0.45929968167348795
0.00011038780212402344,0.4593906321055025
0.00011038780212402344,0.45948158253751703
0.00011038780212402344,0.4595725329695316
0.00011038780212402344,0.45966348340154617
0.00011038780212402344,0.4597544338335607
0.00011038780212402344,0.45984538426557525
0.00011038780212402344,0.4599363346975898
0.00011038780212402344,0.4600272851296044
0.00011038780212402344,0.4601182355616189
0.00011038780212402344,0.4602091859936335
0.00011038780212402344,0.46030013642564804
0.00011038780212402344,0.46039108685766256
0.00011038780212402344,0.4604820372896771
0.00011038780212402344,0.4605729877216917
0.00011038780212402344,0.4606639381537062
0.00011038780212402344,0.4607548885857208
0.00011038780212402344,0.46084583901773535
0.00011038780212402344,0.46093678944974986
0.00011038780212402344,0.46102773988176443
0.00011038780212402344,0.461118690313779
0.00011038780212402344,0.46120964074579357
0.00011038780212402344,0.4613005911778081
0.00011038780212402344,0.46139154160982265
0.00011038780212402344,0.4614824920418372
0.00011038780212402344,0.46157344247385174
0.00011038780212402344,0.4616643929058663
0.00011038780212402344,0.4617553433378809
0.00011038780212402344,0.4618462937698954
0.00011038780212402344,0.46193724420190996
0.00011038780212402344,0.4620281946339245
0.00011038780212402344,0.46211914506593904
0.00011038780212402344,0.4622100954979536
0.00011038780212402344,0.4623010459299682
0.00011038780212402344,0.4623919963619827
0.000110626220703125,0.46248294679399726
0.000110626220703125,0.46257389722601183
0.000110626220703125,0.4626648476580264
0.000110626220703125,0.4627557980900409
0.000110626220703125,0.4628467485220555
0.000110626220703125,0.46293769895407005
0.000110626220703125,0.46302864938608457
0.000110626220703125,0.46311959981809914
0.000110626220703125,0.4632105502501137
0.000110626220703125,0.4633015006821282
0.000110626220703125,0.4633924511141428
0.000110626220703125,0.46348340154615736
0.000110626220703125,0.4635743519781719
0.000110626220703125,0.46366530241018644
0.000110626220703125,0.463756252842201
0.000110626220703125,0.4638472032742155
0.000110626220703125,0.4639381537062301
0.000110626220703125,0.46402910413824466
0.000110626220703125,0.46412005457025923
0.000110626220703125,0.46421100500227375
0.000110626220703125,0.4643019554342883
0.000110626220703125,0.4643929058663029
0.000110626220703125,0.4644838562983174
0.000110626220703125,0.46457480673033197
0.000110626220703125,0.46466575716234654
0.000110626220703125,0.46475670759436105
0.000110626220703125,0.4648476580263756
0.000110626220703125,0.4649386084583902
0.000110626220703125,0.4650295588904047
0.000110626220703125,0.4651205093224193
0.000110626220703125,0.46521145975443384
0.000110626220703125,0.4653024101864484
0.000110626220703125,0.4653933606184629
0.000110626220703125,0.4654843110504775
0.000110626220703125,0.46557526148249206
0.000110626220703125,0.4656662119145066
0.00011086463928222656,0.46575716234652115
0.00011086463928222656,0.4658481127785357
0.00011086463928222656,0.46593906321055023
0.00011086463928222656,0.4660300136425648
0.00011086463928222656,0.46612096407457937
0.00011086463928222656,0.4662119145065939
0.00011086463928222656,0.46630286493860845
0.00011086463928222656,0.466393815370623
0.00011086463928222656,0.46648476580263754
0.00011086463928222656,0.4665757162346521
0.00011086463928222656,0.4666666666666667
0.00011086463928222656,0.46675761709868124
0.00011086463928222656,0.46684856753069576
0.00011086463928222656,0.4669395179627103
0.00011086463928222656,0.4670304683947249
0.00011086463928222656,0.4671214188267394
0.00011086463928222656,0.467212369258754
0.00011086463928222656,0.46730331969076855
0.00011086463928222656,0.46739427012278306
0.00011086463928222656,0.46748522055479763
0.00011086463928222656,0.4675761709868122
0.00011086463928222656,0.4676671214188267
0.00011086463928222656,0.4677580718508413
0.00011086463928222656,0.46784902228285585
0.00011086463928222656,0.4679399727148704
0.00011086463928222656,0.46803092314688494
0.00011086463928222656,0.4681218735788995
0.00011086463928222656,0.4682128240109141
0.00011086463928222656,0.4683037744429286
0.00011086463928222656,0.46839472487494316
0.00011086463928222656,0.4684856753069577
0.00011086463928222656,0.46857662573897224
0.00011086463928222656,0.4686675761709868
0.00011086463928222656,0.4687585266030014
0.00011086463928222656,0.4688494770350159
0.00011086463928222656,0.46894042746703046
0.00011086463928222656,0.46903137789904503
0.00011086463928222656,0.46912232833105955
0.00011086463928222656,0.4692132787630741
0.00011086463928222656,0.4693042291950887
0.00011086463928222656,0.46939517962710325
0.00011086463928222656,0.46948613005911777
0.00011086463928222656,0.46957708049113234
0.00011086463928222656,0.4696680309231469
0.00011086463928222656,0.4697589813551614
0.00011086463928222656,0.469849931787176
0.00011086463928222656,0.46994088221919056
0.00011086463928222656,0.4700318326512051
0.00011086463928222656,0.47012278308321964
0.00011086463928222656,0.4702137335152342
0.00011086463928222656,0.4703046839472487
0.00011086463928222656,0.4703956343792633
0.00011086463928222656,0.47048658481127786
0.00011086463928222656,0.47057753524329243
0.00011110305786132812,0.47066848567530695
0.00011110305786132812,0.4707594361073215
0.00011110305786132812,0.4708503865393361
0.00011110305786132812,0.4709413369713506
0.00011110305786132812,0.47103228740336517
0.00011110305786132812,0.47112323783537974
0.00011110305786132812,0.47121418826739425
0.00011110305786132812,0.4713051386994088
0.00011110305786132812,0.4713960891314234
0.00011110305786132812,0.4714870395634379
0.00011110305786132812,0.4715779899954525
0.00011110305786132812,0.47166894042746704
0.00011110305786132812,0.47175989085948156
0.00011110305786132812,0.4718508412914961
0.00011110305786132812,0.4719417917235107
0.00011110305786132812,0.47203274215552526
0.00011110305786132812,0.4721236925875398
0.00011110305786132812,0.47221464301955435
0.00011110305786132812,0.4723055934515689
0.00011110305786132812,0.47239654388358343
0.00011110305786132812,0.472487494315598
0.00011110305786132812,0.47257844474761257
0.00011110305786132812,0.4726693951796271
0.00011110305786132812,0.47276034561164165
0.00011110305786132812,0.4728512960436562
0.00011110305786132812,0.47294224647567074
0.00011110305786132812,0.4730331969076853
0.00011110305786132812,0.4731241473396999
0.00011110305786132812,0.4732150977717144
0.00011110305786132812,0.47330604820372896
0.00011110305786132812,0.4733969986357435
0.00011110305786132812,0.4734879490677581
0.00011110305786132812,0.4735788994997726
0.00011110305786132812,0.4736698499317872
0.00011110305786132812,0.47376080036380175
0.00011110305786132812,0.47385175079581626
0.00011110305786132812,0.47394270122783083
0.00011110305786132812,0.4740336516598454
0.00011110305786132812,0.4741246020918599
0.00011110305786132812,0.4742155525238745
0.00011110305786132812,0.47430650295588905
0.00011110305786132812,0.47439745338790357
0.00011110305786132812,0.47448840381991814
0.00011110305786132812,0.4745793542519327
0.00011110305786132812,0.4746703046839473
0.00011110305786132812,0.4747612551159618
0.00011110305786132812,0.47485220554797636
0.00011134147644042969,0.4749431559799909
0.00011134147644042969,0.47503410641200544
0.00011134147644042969,0.47512505684402
0.00011134147644042969,0.4752160072760346
0.00011134147644042969,0.4753069577080491
0.00011134147644042969,0.47539790814006366
0.00011134147644042969,0.47548885857207823
0.00011134147644042969,0.47557980900409275
0.00011134147644042969,0.4756707594361073
0.00011134147644042969,0.4757617098681219
0.00011134147644042969,0.4758526603001364
0.00011134147644042969,0.47594361073215097
0.00011134147644042969,0.47603456116416554
0.00011134147644042969,0.4761255115961801
0.00011134147644042969,0.4762164620281946
0.00011134147644042969,0.4763074124602092
0.00011134147644042969,0.47639836289222376
0.00011134147644042969,0.4764893133242383
0.00011134147644042969,0.47658026375625284
0.00011134147644042969,0.4766712141882674
0.00011134147644042969,0.4767621646202819
0.00011134147644042969,0.4768531150522965
0.00011134147644042969,0.47694406548431106
0.00011134147644042969,0.4770350159163256
0.00011134147644042969,0.47712596634834015
0.00011134147644042969,0.4772169167803547
0.00011134147644042969,0.4773078672123693
0.00011134147644042969,0.4773988176443838
0.00011134147644042969,0.47748976807639837
0.00011134147644042969,0.47758071850841294
0.00011134147644042969,0.47767166894042745
0.00011134147644042969,0.477762619372442
0.00011134147644042969,0.4778535698044566
0.00011134147644042969,0.4779445202364711
0.00011134147644042969,0.4780354706684857
0.00011134147644042969,0.47812642110050024
0.00011134147644042969,0.47821737153251476
0.00011157989501953125,0.4783083219645293
0.00011157989501953125,0.4783992723965439
0.00011157989501953125,0.4784902228285584
0.00011157989501953125,0.478581173260573
0.00011157989501953125,0.47867212369258755
0.00011157989501953125,0.4787630741246021
0.00011157989501953125,0.47885402455661663
0.00011157989501953125,0.4789449749886312
0.00011157989501953125,0.47903592542064577
0.00011157989501953125,0.4791268758526603
0.00011157989501953125,0.47921782628467485
0.00011157989501953125,0.4793087767166894
0.00011157989501953125,0.47939972714870394
0.00011157989501953125,0.4794906775807185
0.00011157989501953125,0.4795816280127331
0.00011157989501953125,0.4796725784447476
0.00011157989501953125,0.47976352887676216
0.00011157989501953125,0.4798544793087767
0.00011157989501953125,0.4799454297407913
0.00011157989501953125,0.4800363801728058
0.00011157989501953125,0.4801273306048204
0.00011157989501953125,0.48021828103683495
0.00011157989501953125,0.48030923146884946
0.00011157989501953125,0.48040018190086403
0.00011157989501953125,0.4804911323328786
0.00011157989501953125,0.4805820827648931
0.00011157989501953125,0.4806730331969077
0.00011157989501953125,0.48076398362892225
0.00011157989501953125,0.48085493406093677
0.00011157989501953125,0.48094588449295134
0.00011157989501953125,0.4810368349249659
0.00011157989501953125,0.4811277853569804
0.00011157989501953125,0.481218735788995
0.00011157989501953125,0.48130968622100956
0.00011157989501953125,0.4814006366530241
0.00011157989501953125,0.48149158708503864
0.00011157989501953125,0.4815825375170532
0.00011157989501953125,0.4816734879490678
0.00011157989501953125,0.4817644383810823
0.00011181831359863281,0.48185538881309686
0.00011181831359863281,0.48194633924511143
0.00011181831359863281,0.48203728967712595
0.00011181831359863281,0.4821282401091405
0.00011181831359863281,0.4822191905411551
0.00011181831359863281,0.4823101409731696
0.00011181831359863281,0.48240109140518417
0.00011181831359863281,0.48249204183719874
0.00011181831359863281,0.48258299226921325
0.00011181831359863281,0.4826739427012278
0.00011181831359863281,0.4827648931332424
0.00011181831359863281,0.48285584356525696
0.00011181831359863281,0.4829467939972715
0.00011181831359863281,0.48303774442928604
0.00011181831359863281,0.4831286948613006
0.00011181831359863281,0.4832196452933151
0.00011181831359863281,0.4833105957253297
0.00011181831359863281,0.48340154615734426
0.00011181831359863281,0.4834924965893588
0.00011181831359863281,0.48358344702137335
0.00011181831359863281,0.4836743974533879
0.00011181831359863281,0.48376534788540243
0.00011181831359863281,0.483856298317417
0.00011181831359863281,0.48394724874943157
0.00011181831359863281,0.48403819918144614
0.00011181831359863281,0.48412914961346065
0.00011181831359863281,0.4842201000454752
0.00011181831359863281,0.4843110504774898
0.00011181831359863281,0.4844020009095043
0.00011181831359863281,0.4844929513415189
0.00011181831359863281,0.48458390177353344
0.00011181831359863281,0.48467485220554796
0.00011181831359863281,0.4847658026375625
0.00011205673217773438,0.4848567530695771
0.00011205673217773438,0.4849477035015916
0.00011205673217773438,0.4850386539336062
0.00011205673217773438,0.48512960436562075
0.00011205673217773438,0.48522055479763526
0.00011205673217773438,0.48531150522964983
0.00011205673217773438,0.4854024556616644
0.00011205673217773438,0.48549340609367897
0.00011205673217773438,0.4855843565256935
0.00011205673217773438,0.48567530695770805
0.00011205673217773438,0.4857662573897226
0.00011205673217773438,0.48585720782173714
0.00011205673217773438,0.4859481582537517
0.00011205673217773438,0.4860391086857663
0.00011205673217773438,0.4861300591177808
0.00011205673217773438,0.48622100954979536
0.00011205673217773438,0.4863119599818099
0.00011205673217773438,0.48640291041382444
0.00011205673217773438,0.486493860845839
0.00011205673217773438,0.4865848112778536
0.00011205673217773438,0.48667576170986815
0.00011205673217773438,0.48676671214188266
0.00011205673217773438,0.48685766257389723
0.00011205673217773438,0.4869486130059118
0.00011205673217773438,0.4870395634379263
0.00011205673217773438,0.4871305138699409
0.00011205673217773438,0.48722146430195545
0.00011205673217773438,0.48731241473396997
0.00011205673217773438,0.48740336516598454
0.00011205673217773438,0.4874943155979991
0.00011205673217773438,0.4875852660300136
0.00011205673217773438,0.4876762164620282
0.00011205673217773438,0.48776716689404276
0.00011205673217773438,0.4878581173260573
0.00011205673217773438,0.48794906775807184
0.00011205673217773438,0.4880400181900864
0.00011205673217773438,0.488130968622101
0.00011229515075683594,0.4882219190541155
0.00011229515075683594,0.48831286948613006
0.00011229515075683594,0.48840381991814463
0.00011229515075683594,0.48849477035015915
0.00011229515075683594,0.4885857207821737
0.00011229515075683594,0.4886766712141883
0.00011229515075683594,0.4887676216462028
0.00011229515075683594,0.48885857207821737
0.00011229515075683594,0.48894952251023194
0.00011229515075683594,0.48904047294224645
0.00011229515075683594,0.489131423374261
0.00011229515075683594,0.4892223738062756
0.00011229515075683594,0.48931332423829016
0.00011229515075683594,0.4894042746703047
0.00011229515075683594,0.48949522510231924
0.00011229515075683594,0.4895861755343338
0.00011229515075683594,0.4896771259663483
0.00011229515075683594,0.4897680763983629
0.00011229515075683594,0.48985902683037746
0.00011229515075683594,0.489949977262392
0.00011229515075683594,0.49004092769440655
0.00011229515075683594,0.4901318781264211
0.00011229515075683594,0.49022282855843563
0.00011229515075683594,0.4903137789904502
0.00011229515075683594,0.49040472942246477
0.00011229515075683594,0.4904956798544793
0.00011229515075683594,0.49058663028649385
0.00011229515075683594,0.4906775807185084
0.00011229515075683594,0.490768531150523
0.00011229515075683594,0.4908594815825375
0.00011229515075683594,0.4909504320145521
0.00011229515075683594,0.49104138244656664
0.00011229515075683594,0.49113233287858116
0.00011229515075683594,0.4912232833105957
0.00011229515075683594,0.4913142337426103
0.00011229515075683594,0.4914051841746248
0.00011229515075683594,0.4914961346066394
0.00011229515075683594,0.49158708503865395
0.00011229515075683594,0.49167803547066846
0.00011229515075683594,0.49176898590268303
0.00011229515075683594,0.4918599363346976
0.00011229515075683594,0.4919508867667121
0.00011229515075683594,0.4920418371987267
0.00011229515075683594,0.49213278763074125
0.00011229515075683594,0.4922237380627558
0.0001125335693359375,0.49231468849477034
0.0001125335693359375,0.4924056389267849
0.0001125335693359375,0.4924965893587995
0.0001125335693359375,0.492587539790814
0.0001125335693359375,0.49267849022282856
0.0001125335693359375,0.4927694406548431
0.0001125335693359375,0.49286039108685764
0.0001125335693359375,0.4929513415188722
0.0001125335693359375,0.4930422919508868
0.0001125335693359375,0.4931332423829013
0.0001125335693359375,0.49322419281491586
0.0001125335693359375,0.49331514324693043
0.0001125335693359375,0.493406093678945
0.0001125335693359375,0.4934970441109595
0.0001125335693359375,0.4935879945429741
0.0001125335693359375,0.49367894497498865
0.0001125335693359375,0.49376989540700317
0.0001125335693359375,0.49386084583901774
0.0001125335693359375,0.4939517962710323
0.0001125335693359375,0.4940427467030468
0.0001125335693359375,0.4941336971350614
0.0001125335693359375,0.49422464756707596
0.0001125335693359375,0.4943155979990905
0.0001125335693359375,0.49440654843110504
0.0001125335693359375,0.4944974988631196
0.0001125335693359375,0.4945884492951341
0.0001125335693359375,0.4946793997271487
0.0001125335693359375,0.49477035015916326
0.0001125335693359375,0.49486130059117783
0.0001125335693359375,0.49495225102319235
0.0001125335693359375,0.4950432014552069
0.0001125335693359375,0.4951341518872215
0.0001125335693359375,0.495225102319236
0.0001125335693359375,0.49531605275125057
0.0001125335693359375,0.49540700318326514
0.0001125335693359375,0.49549795361527965
0.0001125335693359375,0.4955889040472942
0.0001125335693359375,0.4956798544793088
0.0001125335693359375,0.4957708049113233
0.0001125335693359375,0.4958617553433379
0.0001125335693359375,0.49595270577535244
0.0001125335693359375,0.496043656207367
0.00011277198791503906,0.4961346066393815
0.00011277198791503906,0.4962255570713961
0.00011277198791503906,0.49631650750341066
0.00011277198791503906,0.4964074579354252
0.00011277198791503906,0.49649840836743975
0.00011277198791503906,0.4965893587994543
0.00011277198791503906,0.49668030923146883
0.00011277198791503906,0.4967712596634834
0.00011277198791503906,0.49686221009549797
0.00011277198791503906,0.4969531605275125
0.00011277198791503906,0.49704411095952705
0.00011277198791503906,0.4971350613915416
0.00011277198791503906,0.49722601182355614
0.00011277198791503906,0.4973169622555707
0.00011277198791503906,0.4974079126875853
0.00011277198791503906,0.49749886311959984
0.00011277198791503906,0.49758981355161436
0.00011277198791503906,0.4976807639836289
0.00011277198791503906,0.4977717144156435
0.00011277198791503906,0.497862664847658
0.00011277198791503906,0.4979536152796726
0.00011277198791503906,0.49804456571168715
0.00011277198791503906,0.49813551614370166
0.00011277198791503906,0.49822646657571623
0.00011277198791503906,0.4983174170077308
0.00011277198791503906,0.4984083674397453
0.00011277198791503906,0.4984993178717599
0.00011277198791503906,0.49859026830377445
0.00011277198791503906,0.498681218735789
0.00011277198791503906,0.49877216916780354
0.00011277198791503906,0.4988631195998181
0.00011277198791503906,0.4989540700318327
0.00011277198791503906,0.4990450204638472
0.00011277198791503906,0.49913597089586176
0.00011277198791503906,0.4992269213278763
0.00011277198791503906,0.49931787175989084
0.00011277198791503906,0.4994088221919054
0.00011277198791503906,0.49949977262392
0.00011277198791503906,0.4995907230559345
0.00011277198791503906,0.49968167348794906
0.00011277198791503906,0.49977262391996363
0.00011277198791503906,0.49986357435197815
0.00011277198791503906,0.4999545247839927
0.00011301040649414062,0.5000454752160073
0.00011301040649414062,0.5001364256480219
0.00011301040649414062,0.5002273760800364
0.00011301040649414062,0.5003183265120509
0.00011301040649414062,0.5004092769440655
0.00011301040649414062,0.50050022737608
0.00011301040649414062,0.5005911778080946
0.00011301040649414062,0.5006821282401092
0.00011301040649414062,0.5007730786721237
0.00011301040649414062,0.5008640291041383
0.00011301040649414062,0.5009549795361528
0.00011301040649414062,0.5010459299681673
0.00011301040649414062,0.5011368804001819
0.00011301040649414062,0.5012278308321965
0.00011301040649414062,0.501318781264211
0.00011301040649414062,0.5014097316962256
0.00011301040649414062,0.5015006821282401
0.00011301040649414062,0.5015916325602546
0.00011301040649414062,0.5016825829922692
0.00011301040649414062,0.5017735334242838
0.00011301040649414062,0.5018644838562983
0.00011301040649414062,0.5019554342883129
0.00011301040649414062,0.5020463847203275
0.00011301040649414062,0.5021373351523419
0.00011301040649414062,0.5022282855843565
0.00011301040649414062,0.5023192360163711
0.00011301040649414062,0.5024101864483856
0.00011301040649414062,0.5025011368804002
0.00011301040649414062,0.5025920873124148
0.00011301040649414062,0.5026830377444292
0.00011301040649414062,0.5027739881764438
0.00011301040649414062,0.5028649386084584
0.00011301040649414062,0.502955889040473
0.00011301040649414062,0.5030468394724875
0.00011301040649414062,0.5031377899045021
0.00011324882507324219,0.5032287403365165
0.00011324882507324219,0.5033196907685311
0.00011324882507324219,0.5034106412005457
0.00011324882507324219,0.5035015916325603
0.00011324882507324219,0.5035925420645748
0.00011324882507324219,0.5036834924965894
0.00011324882507324219,0.503774442928604
0.00011324882507324219,0.5038653933606184
0.00011324882507324219,0.503956343792633
0.00011324882507324219,0.5040472942246476
0.00011324882507324219,0.5041382446566621
0.00011324882507324219,0.5042291950886767
0.00011324882507324219,0.5043201455206913
0.00011324882507324219,0.5044110959527057
0.00011324882507324219,0.5045020463847203
0.00011324882507324219,0.5045929968167349
0.00011324882507324219,0.5046839472487494
0.00011324882507324219,0.504774897680764
0.00011324882507324219,0.5048658481127786
0.00011324882507324219,0.5049567985447931
0.00011324882507324219,0.5050477489768076
0.00011324882507324219,0.5051386994088222
0.00011324882507324219,0.5052296498408367
0.00011324882507324219,0.5053206002728513
0.00011324882507324219,0.5054115507048659
0.00011324882507324219,0.5055025011368804
0.00011324882507324219,0.5055934515688949
0.00011324882507324219,0.5056844020009095
0.00011324882507324219,0.505775352432924
0.00011324882507324219,0.5058663028649386
0.00011324882507324219,0.5059572532969532
0.00011324882507324219,0.5060482037289677
0.00011324882507324219,0.5061391541609823
0.00011324882507324219,0.5062301045929968
0.00011324882507324219,0.5063210550250113
0.00011324882507324219,0.5064120054570259
0.00011324882507324219,0.5065029558890405
0.00011324882507324219,0.506593906321055
0.00011324882507324219,0.5066848567530696
0.00011324882507324219,0.5067758071850841
0.00011348724365234375,0.5068667576170987
0.00011348724365234375,0.5069577080491132
0.00011348724365234375,0.5070486584811278
0.00011348724365234375,0.5071396089131424
0.00011348724365234375,0.5072305593451569
0.00011348724365234375,0.5073215097771714
0.00011348724365234375,0.507412460209186
0.00011348724365234375,0.5075034106412005
0.00011348724365234375,0.5075943610732151
0.00011348724365234375,0.5076853115052297
0.00011348724365234375,0.5077762619372442
0.00011348724365234375,0.5078672123692588
0.00011348724365234375,0.5079581628012733
0.00011348724365234375,0.5080491132332878
0.00011348724365234375,0.5081400636653024
0.00011348724365234375,0.508231014097317
0.00011348724365234375,0.5083219645293315
0.00011348724365234375,0.5084129149613461
0.00011348724365234375,0.5085038653933606
0.00011348724365234375,0.5085948158253751
0.00011348724365234375,0.5086857662573897
0.00011348724365234375,0.5087767166894043
0.00011348724365234375,0.5088676671214188
0.00011348724365234375,0.5089586175534334
0.00011348724365234375,0.509049567985448
0.00011348724365234375,0.5091405184174624
0.00011348724365234375,0.509231468849477
0.00011348724365234375,0.5093224192814916
0.00011348724365234375,0.5094133697135061
0.00011348724365234375,0.5095043201455207
0.00011348724365234375,0.5095952705775353
0.00011348724365234375,0.5096862210095497
0.00011372566223144531,0.5097771714415643
0.00011372566223144531,0.5098681218735789
0.00011372566223144531,0.5099590723055935
0.00011372566223144531,0.510050022737608
0.00011372566223144531,0.5101409731696226
0.00011372566223144531,0.5102319236016372
0.00011372566223144531,0.5103228740336516
0.00011372566223144531,0.5104138244656662
0.00011372566223144531,0.5105047748976808
0.00011372566223144531,0.5105957253296953
0.00011372566223144531,0.5106866757617099
0.00011372566223144531,0.5107776261937245
0.00011372566223144531,0.5108685766257389
0.00011372566223144531,0.5109595270577535
0.00011372566223144531,0.5110504774897681
0.00011372566223144531,0.5111414279217826
0.00011372566223144531,0.5112323783537972
0.00011372566223144531,0.5113233287858118
0.00011372566223144531,0.5114142792178263
0.00011372566223144531,0.5115052296498408
0.00011372566223144531,0.5115961800818554
0.00011372566223144531,0.5116871305138699
0.00011372566223144531,0.5117780809458845
0.00011372566223144531,0.5118690313778991
0.00011372566223144531,0.5119599818099136
0.00011372566223144531,0.5120509322419281
0.00011372566223144531,0.5121418826739427
0.00011372566223144531,0.5122328331059572
0.00011372566223144531,0.5123237835379718
0.00011372566223144531,0.5124147339699864
0.00011372566223144531,0.512505684402001
0.00011372566223144531,0.5125966348340154
0.00011372566223144531,0.51268758526603
0.00011372566223144531,0.5127785356980445
0.00011372566223144531,0.5128694861300591
0.00011372566223144531,0.5129604365620737
0.00011372566223144531,0.5130513869940883
0.00011372566223144531,0.5131423374261028
0.00011372566223144531,0.5132332878581173
0.00011372566223144531,0.5133242382901319
0.00011372566223144531,0.5134151887221464
0.00011372566223144531,0.513506139154161
0.00011396408081054688,0.5135970895861756
0.00011396408081054688,0.5136880400181901
0.00011396408081054688,0.5137789904502046
0.00011396408081054688,0.5138699408822192
0.00011396408081054688,0.5139608913142337
0.00011396408081054688,0.5140518417462483
0.00011396408081054688,0.5141427921782629
0.00011396408081054688,0.5142337426102774
0.00011396408081054688,0.514324693042292
0.00011396408081054688,0.5144156434743065
0.00011396408081054688,0.514506593906321
0.00011396408081054688,0.5145975443383356
0.00011396408081054688,0.5146884947703502
0.00011396408081054688,0.5147794452023647
0.00011396408081054688,0.5148703956343793
0.00011396408081054688,0.5149613460663938
0.00011396408081054688,0.5150522964984083
0.00011396408081054688,0.5151432469304229
0.00011396408081054688,0.5152341973624375
0.00011396408081054688,0.515325147794452
0.00011396408081054688,0.5154160982264666
0.00011396408081054688,0.5155070486584812
0.00011396408081054688,0.5155979990904956
0.00011396408081054688,0.5156889495225102
0.00011396408081054688,0.5157798999545248
0.00011396408081054688,0.5158708503865393
0.00011396408081054688,0.5159618008185539
0.00011396408081054688,0.5160527512505685
0.00011396408081054688,0.516143701682583
0.00011396408081054688,0.5162346521145975
0.00011396408081054688,0.5163256025466121
0.00011396408081054688,0.5164165529786267
0.00011396408081054688,0.5165075034106412
0.00011396408081054688,0.5165984538426558
0.00011396408081054688,0.5166894042746702
0.00011396408081054688,0.5167803547066848
0.00011396408081054688,0.5168713051386994
0.00011396408081054688,0.516962255570714
0.00011396408081054688,0.5170532060027285
0.00011396408081054688,0.5171441564347431
0.00011396408081054688,0.5172351068667577
0.00011396408081054688,0.5173260572987721
0.00011396408081054688,0.5174170077307867
0.00011396408081054688,0.5175079581628013
0.00011396408081054688,0.5175989085948158
0.00011396408081054688,0.5176898590268304
0.00011420249938964844,0.517780809458845
0.00011420249938964844,0.5178717598908594
0.00011420249938964844,0.517962710322874
0.00011420249938964844,0.5180536607548886
0.00011420249938964844,0.5181446111869031
0.00011420249938964844,0.5182355616189177
0.00011420249938964844,0.5183265120509323
0.00011420249938964844,0.5184174624829468
0.00011420249938964844,0.5185084129149613
0.00011420249938964844,0.5185993633469759
0.00011420249938964844,0.5186903137789904
0.00011420249938964844,0.518781264211005
0.00011420249938964844,0.5188722146430196
0.00011420249938964844,0.5189631650750341
0.00011420249938964844,0.5190541155070486
0.00011420249938964844,0.5191450659390632
0.00011420249938964844,0.5192360163710777
0.00011420249938964844,0.5193269668030923
0.00011420249938964844,0.5194179172351069
0.00011420249938964844,0.5195088676671215
0.00011420249938964844,0.519599818099136
0.00011420249938964844,0.5196907685311505
0.00011420249938964844,0.519781718963165
0.00011420249938964844,0.5198726693951796
0.00011420249938964844,0.5199636198271942
0.00011420249938964844,0.5200545702592088
0.00011420249938964844,0.5201455206912233
0.00011420249938964844,0.5202364711232378
0.00011420249938964844,0.5203274215552524
0.00011420249938964844,0.5204183719872669
0.00011420249938964844,0.5205093224192815
0.00011420249938964844,0.5206002728512961
0.00011420249938964844,0.5206912232833106
0.00011420249938964844,0.5207821737153252
0.00011420249938964844,0.5208731241473397
0.00011420249938964844,0.5209640745793542
0.00011420249938964844,0.5210550250113688
0.00011420249938964844,0.5211459754433834
0.00011444091796875,0.5212369258753979
0.00011444091796875,0.5213278763074125
0.00011444091796875,0.521418826739427
0.00011444091796875,0.5215097771714415
0.00011444091796875,0.5216007276034561
0.00011444091796875,0.5216916780354707
0.00011444091796875,0.5217826284674852
0.00011444091796875,0.5218735788994998
0.00011444091796875,0.5219645293315143
0.00011444091796875,0.5220554797635288
0.00011444091796875,0.5221464301955434
0.00011444091796875,0.522237380627558
0.00011444091796875,0.5223283310595725
0.00011444091796875,0.5224192814915871
0.00011444091796875,0.5225102319236017
0.00011444091796875,0.5226011823556161
0.00011444091796875,0.5226921327876307
0.00011444091796875,0.5227830832196453
0.00011444091796875,0.5228740336516599
0.00011444091796875,0.5229649840836744
0.00011444091796875,0.523055934515689
0.00011444091796875,0.5231468849477034
0.00011444091796875,0.523237835379718
0.00011444091796875,0.5233287858117326
0.00011444091796875,0.5234197362437472
0.00011444091796875,0.5235106866757617
0.00011444091796875,0.5236016371077763
0.00011444091796875,0.5236925875397909
0.00011444091796875,0.5237835379718053
0.00011444091796875,0.5238744884038199
0.00011444091796875,0.5239654388358345
0.00011444091796875,0.524056389267849
0.00011444091796875,0.5241473396998636
0.00011444091796875,0.5242382901318782
0.00011444091796875,0.5243292405638926
0.00011444091796875,0.5244201909959072
0.00011444091796875,0.5245111414279218
0.00011444091796875,0.5246020918599363
0.00011444091796875,0.5246930422919509
0.00011444091796875,0.5247839927239655
0.00011444091796875,0.52487494315598
0.00011444091796875,0.5249658935879945
0.00011444091796875,0.5250568440200091
0.00011444091796875,0.5251477944520236
0.00011444091796875,0.5252387448840382
0.00011444091796875,0.5253296953160528
0.00011444091796875,0.5254206457480673
0.00011444091796875,0.5255115961800818
0.00011444091796875,0.5256025466120964
0.00011444091796875,0.525693497044111
0.00011444091796875,0.5257844474761255
0.00011444091796875,0.5258753979081401
0.00011444091796875,0.5259663483401547
0.00011444091796875,0.5260572987721691
0.00011444091796875,0.5261482492041837
0.00011444091796875,0.5262391996361983
0.00011467933654785156,0.5263301500682128
0.00011467933654785156,0.5264211005002274
0.00011467933654785156,0.526512050932242
0.00011467933654785156,0.5266030013642565
0.00011467933654785156,0.526693951796271
0.00011467933654785156,0.5267849022282856
0.00011467933654785156,0.5268758526603001
0.00011467933654785156,0.5269668030923147
0.00011467933654785156,0.5270577535243293
0.00011467933654785156,0.5271487039563438
0.00011467933654785156,0.5272396543883583
0.00011467933654785156,0.5273306048203729
0.00011467933654785156,0.5274215552523874
0.00011467933654785156,0.527512505684402
0.00011467933654785156,0.5276034561164166
0.00011467933654785156,0.5276944065484311
0.00011467933654785156,0.5277853569804457
0.00011467933654785156,0.5278763074124602
0.00011467933654785156,0.5279672578444747
0.00011467933654785156,0.5280582082764893
0.00011467933654785156,0.5281491587085039
0.00011467933654785156,0.5282401091405184
0.00011467933654785156,0.528331059572533
0.00011467933654785156,0.5284220100045475
0.00011467933654785156,0.528512960436562
0.00011467933654785156,0.5286039108685766
0.00011467933654785156,0.5286948613005912
0.00011467933654785156,0.5287858117326057
0.00011467933654785156,0.5288767621646203
0.00011467933654785156,0.5289677125966349
0.00011467933654785156,0.5290586630286493
0.00011467933654785156,0.5291496134606639
0.00011467933654785156,0.5292405638926785
0.00011467933654785156,0.529331514324693
0.00011467933654785156,0.5294224647567076
0.00011467933654785156,0.5295134151887222
0.00011467933654785156,0.5296043656207367
0.00011467933654785156,0.5296953160527512
0.00011467933654785156,0.5297862664847658
0.00011467933654785156,0.5298772169167804
0.00011467933654785156,0.5299681673487949
0.00011467933654785156,0.5300591177808095
0.00011467933654785156,0.5301500682128241
0.00011467933654785156,0.5302410186448385
0.00011467933654785156,0.5303319690768531
0.00011467933654785156,0.5304229195088677
0.00011467933654785156,0.5305138699408822
0.00011467933654785156,0.5306048203728968
0.00011467933654785156,0.5306957708049114
0.00011491775512695312,0.5307867212369258
0.00011491775512695312,0.5308776716689404
0.00011491775512695312,0.530968622100955
0.00011491775512695312,0.5310595725329695
0.00011491775512695312,0.5311505229649841
0.00011491775512695312,0.5312414733969987
0.00011491775512695312,0.5313324238290131
0.00011491775512695312,0.5314233742610277
0.00011491775512695312,0.5315143246930423
0.00011491775512695312,0.5316052751250568
0.00011491775512695312,0.5316962255570714
0.00011491775512695312,0.531787175989086
0.00011491775512695312,0.5318781264211005
0.00011491775512695312,0.531969076853115
0.00011491775512695312,0.5320600272851296
0.00011491775512695312,0.5321509777171441
0.00011491775512695312,0.5322419281491587
0.00011491775512695312,0.5323328785811733
0.00011491775512695312,0.5324238290131879
0.00011491775512695312,0.5325147794452023
0.00011491775512695312,0.5326057298772169
0.00011491775512695312,0.5326966803092315
0.00011491775512695312,0.532787630741246
0.00011491775512695312,0.5328785811732606
0.00011491775512695312,0.5329695316052752
0.00011491775512695312,0.5330604820372897
0.00011491775512695312,0.5331514324693042
0.00011491775512695312,0.5332423829013188
0.00011491775512695312,0.5333333333333333
0.00011491775512695312,0.5334242837653479
0.00011491775512695312,0.5335152341973625
0.00011491775512695312,0.533606184629377
0.00011491775512695312,0.5336971350613915
0.00011491775512695312,0.5337880854934061
0.00011491775512695312,0.5338790359254206
0.00011491775512695312,0.5339699863574352
0.00011491775512695312,0.5340609367894498
0.00011491775512695312,0.5341518872214643
0.00011515617370605469,0.5342428376534789
0.00011515617370605469,0.5343337880854934
0.00011515617370605469,0.5344247385175079
0.00011515617370605469,0.5345156889495225
0.00011515617370605469,0.5346066393815371
0.00011515617370605469,0.5346975898135516
0.00011515617370605469,0.5347885402455662
0.00011515617370605469,0.5348794906775807
0.00011515617370605469,0.5349704411095952
0.00011515617370605469,0.5350613915416098
0.00011515617370605469,0.5351523419736244
0.00011515617370605469,0.535243292405639
0.00011515617370605469,0.5353342428376535
0.00011515617370605469,0.535425193269668
0.00011515617370605469,0.5355161437016825
0.00011515617370605469,0.5356070941336971
0.00011515617370605469,0.5356980445657117
0.00011515617370605469,0.5357889949977263
0.00011515617370605469,0.5358799454297408
0.00011515617370605469,0.5359708958617554
0.00011515617370605469,0.5360618462937699
0.00011515617370605469,0.5361527967257844
0.00011515617370605469,0.536243747157799
0.00011515617370605469,0.5363346975898136
0.00011515617370605469,0.5364256480218281
0.00011515617370605469,0.5365165984538427
0.00011515617370605469,0.5366075488858572
0.00011515617370605469,0.5366984993178717
0.00011515617370605469,0.5367894497498863
0.00011515617370605469,0.5368804001819009
0.00011515617370605469,0.5369713506139154
0.00011515617370605469,0.53706230104593
0.00011515617370605469,0.5371532514779446
0.00011515617370605469,0.537244201909959
0.00011515617370605469,0.5373351523419736
0.00011515617370605469,0.5374261027739882
0.00011515617370605469,0.5375170532060027
0.00011515617370605469,0.5376080036380173
0.00011515617370605469,0.5376989540700319
0.00011515617370605469,0.5377899045020463
0.00011515617370605469,0.5378808549340609
0.00011515617370605469,0.5379718053660755
0.00011515617370605469,0.53806275579809
0.00011539459228515625,0.5381537062301046
0.00011539459228515625,0.5382446566621192
0.00011539459228515625,0.5383356070941338
0.00011539459228515625,0.5384265575261482
0.00011539459228515625,0.5385175079581628
0.00011539459228515625,0.5386084583901773
0.00011539459228515625,0.5386994088221919
0.00011539459228515625,0.5387903592542065
0.00011539459228515625,0.538881309686221
0.00011539459228515625,0.5389722601182355
0.00011539459228515625,0.5390632105502501
0.00011539459228515625,0.5391541609822647
0.00011539459228515625,0.5392451114142792
0.00011539459228515625,0.5393360618462938
0.00011539459228515625,0.5394270122783084
0.00011539459228515625,0.5395179627103229
0.00011539459228515625,0.5396089131423374
0.00011539459228515625,0.539699863574352
0.00011539459228515625,0.5397908140063665
0.00011539459228515625,0.5398817644383811
0.00011539459228515625,0.5399727148703957
0.00011539459228515625,0.5400636653024102
0.00011539459228515625,0.5401546157344247
0.00011539459228515625,0.5402455661664393
0.00011539459228515625,0.5403365165984538
0.00011539459228515625,0.5404274670304684
0.00011539459228515625,0.540518417462483
0.00011539459228515625,0.5406093678944975
0.00011539459228515625,0.540700318326512
0.00011539459228515625,0.5407912687585266
0.00011539459228515625,0.5408822191905411
0.00011539459228515625,0.5409731696225557
0.00011563301086425781,0.5410641200545703
0.00011563301086425781,0.5411550704865848
0.00011563301086425781,0.5412460209185994
0.00011563301086425781,0.5413369713506139
0.00011563301086425781,0.5414279217826284
0.00011563301086425781,0.541518872214643
0.00011563301086425781,0.5416098226466576
0.00011563301086425781,0.5417007730786721
0.00011563301086425781,0.5417917235106867
0.00011563301086425781,0.5418826739427012
0.00011563301086425781,0.5419736243747157
0.00011563301086425781,0.5420645748067303
0.00011563301086425781,0.5421555252387449
0.00011563301086425781,0.5422464756707595
0.00011563301086425781,0.542337426102774
0.00011563301086425781,0.5424283765347886
0.00011563301086425781,0.542519326966803
0.00011563301086425781,0.5426102773988176
0.00011563301086425781,0.5427012278308322
0.00011563301086425781,0.5427921782628468
0.00011563301086425781,0.5428831286948613
0.00011563301086425781,0.5429740791268759
0.00011563301086425781,0.5430650295588904
0.00011563301086425781,0.5431559799909049
0.00011563301086425781,0.5432469304229195
0.00011563301086425781,0.5433378808549341
0.00011563301086425781,0.5434288312869486
0.00011563301086425781,0.5435197817189632
0.00011563301086425781,0.5436107321509778
0.00011563301086425781,0.5437016825829922
0.00011563301086425781,0.5437926330150068
0.00011563301086425781,0.5438835834470214
0.00011563301086425781,0.5439745338790359
0.00011587142944335938,0.5440654843110505
0.00011587142944335938,0.5441564347430651
0.00011587142944335938,0.5442473851750795
0.00011587142944335938,0.5443383356070941
0.00011587142944335938,0.5444292860391087
0.00011587142944335938,0.5445202364711232
0.00011587142944335938,0.5446111869031378
0.00011587142944335938,0.5447021373351524
0.00011587142944335938,0.5447930877671668
0.00011587142944335938,0.5448840381991814
0.00011587142944335938,0.544974988631196
0.00011587142944335938,0.5450659390632105
0.00011587142944335938,0.5451568894952251
0.00011587142944335938,0.5452478399272397
0.00011587142944335938,0.5453387903592543
0.00011587142944335938,0.5454297407912687
0.00011587142944335938,0.5455206912232833
0.00011587142944335938,0.5456116416552979
0.00011587142944335938,0.5457025920873124
0.00011587142944335938,0.545793542519327
0.00011587142944335938,0.5458844929513416
0.00011587142944335938,0.545975443383356
0.00011587142944335938,0.5460663938153706
0.00011587142944335938,0.5461573442473852
0.00011587142944335938,0.5462482946793997
0.00011587142944335938,0.5463392451114143
0.00011587142944335938,0.5464301955434289
0.00011587142944335938,0.5465211459754434
0.00011587142944335938,0.5466120964074579
0.00011587142944335938,0.5467030468394725
0.00011587142944335938,0.546793997271487
0.00011587142944335938,0.5468849477035016
0.00011587142944335938,0.5469758981355162
0.00011587142944335938,0.5470668485675307
0.00011587142944335938,0.5471577989995452
0.00011587142944335938,0.5472487494315598
0.00011587142944335938,0.5473396998635743
0.00011610984802246094,0.5474306502955889
0.00011610984802246094,0.5475216007276035
0.00011610984802246094,0.547612551159618
0.00011610984802246094,0.5477035015916326
0.00011610984802246094,0.5477944520236471
0.00011610984802246094,0.5478854024556616
0.00011610984802246094,0.5479763528876762
0.00011610984802246094,0.5480673033196908
0.00011610984802246094,0.5481582537517053
0.00011610984802246094,0.5482492041837199
0.00011610984802246094,0.5483401546157344
0.00011610984802246094,0.548431105047749
0.00011610984802246094,0.5485220554797635
0.00011610984802246094,0.5486130059117781
0.00011610984802246094,0.5487039563437927
0.00011610984802246094,0.5487949067758072
0.00011610984802246094,0.5488858572078218
0.00011610984802246094,0.5489768076398363
0.00011610984802246094,0.5490677580718508
0.00011610984802246094,0.5491587085038654
0.00011610984802246094,0.54924965893588
0.00011610984802246094,0.5493406093678945
0.00011610984802246094,0.5494315597999091
0.00011610984802246094,0.5495225102319236
0.00011610984802246094,0.5496134606639381
0.00011610984802246094,0.5497044110959527
0.00011610984802246094,0.5497953615279673
0.00011610984802246094,0.5498863119599818
0.00011610984802246094,0.5499772623919964
0.00011610984802246094,0.5500682128240109
0.00011610984802246094,0.5501591632560254
0.00011610984802246094,0.55025011368804
0.00011610984802246094,0.5503410641200546
0.00011610984802246094,0.5504320145520691
0.00011610984802246094,0.5505229649840837
0.00011610984802246094,0.5506139154160983
0.00011610984802246094,0.5507048658481127
0.00011610984802246094,0.5507958162801273
0.0001163482666015625,0.5508867667121419
0.0001163482666015625,0.5509777171441564
0.0001163482666015625,0.551068667576171
0.0001163482666015625,0.5511596180081856
0.0001163482666015625,0.5512505684402
0.0001163482666015625,0.5513415188722146
0.0001163482666015625,0.5514324693042292
0.0001163482666015625,0.5515234197362437
0.0001163482666015625,0.5516143701682583
0.0001163482666015625,0.5517053206002729
0.0001163482666015625,0.5517962710322875
0.0001163482666015625,0.5518872214643019
0.0001163482666015625,0.5519781718963165
0.0001163482666015625,0.552069122328331
0.0001163482666015625,0.5521600727603456
0.0001163482666015625,0.5522510231923602
0.0001163482666015625,0.5523419736243748
0.0001163482666015625,0.5524329240563892
0.0001163482666015625,0.5525238744884038
0.0001163482666015625,0.5526148249204184
0.0001163482666015625,0.5527057753524329
0.0001163482666015625,0.5527967257844475
0.0001163482666015625,0.5528876762164621
0.0001163482666015625,0.5529786266484766
0.0001163482666015625,0.5530695770804911
0.0001163482666015625,0.5531605275125057
0.0001163482666015625,0.5532514779445202
0.0001163482666015625,0.5533424283765348
0.0001163482666015625,0.5534333788085494
0.0001163482666015625,0.5535243292405639
0.0001163482666015625,0.5536152796725784
0.00011658668518066406,0.553706230104593
0.00011658668518066406,0.5537971805366075
0.00011658668518066406,0.5538881309686221
0.00011658668518066406,0.5539790814006367
0.00011658668518066406,0.5540700318326512
0.00011658668518066406,0.5541609822646657
0.00011658668518066406,0.5542519326966803
0.00011658668518066406,0.5543428831286948
0.00011658668518066406,0.5544338335607094
0.00011658668518066406,0.554524783992724
0.00011658668518066406,0.5546157344247385
0.00011658668518066406,0.5547066848567531
0.00011658668518066406,0.5547976352887676
0.00011658668518066406,0.5548885857207821
0.00011658668518066406,0.5549795361527967
0.00011658668518066406,0.5550704865848113
0.00011658668518066406,0.5551614370168259
0.00011658668518066406,0.5552523874488404
0.00011658668518066406,0.5553433378808549
0.00011658668518066406,0.5554342883128695
0.00011658668518066406,0.555525238744884
0.00011658668518066406,0.5556161891768986
0.00011658668518066406,0.5557071396089132
0.00011658668518066406,0.5557980900409277
0.00011658668518066406,0.5558890404729423
0.00011658668518066406,0.5559799909049568
0.00011658668518066406,0.5560709413369713
0.00011658668518066406,0.5561618917689859
0.00011658668518066406,0.5562528422010005
0.00011658668518066406,0.556343792633015
0.00011658668518066406,0.5564347430650296
0.00011658668518066406,0.5565256934970441
0.00011658668518066406,0.5566166439290586
0.00011658668518066406,0.5567075943610732
0.00011658668518066406,0.5567985447930878
0.00011658668518066406,0.5568894952251023
0.00011658668518066406,0.5569804456571169
0.00011658668518066406,0.5570713960891315
0.00011658668518066406,0.5571623465211459
0.00011658668518066406,0.5572532969531605
0.00011658668518066406,0.5573442473851751
0.00011658668518066406,0.5574351978171896
0.00011682510375976562,0.5575261482492042
0.00011682510375976562,0.5576170986812188
0.00011682510375976562,0.5577080491132332
0.00011682510375976562,0.5577989995452478
0.00011682510375976562,0.5578899499772624
0.00011682510375976562,0.557980900409277
0.00011682510375976562,0.5580718508412915
0.00011682510375976562,0.5581628012733061
0.00011682510375976562,0.5582537517053207
0.00011682510375976562,0.5583447021373351
0.00011682510375976562,0.5584356525693497
0.00011682510375976562,0.5585266030013643
0.00011682510375976562,0.5586175534333788
0.00011682510375976562,0.5587085038653934
0.00011682510375976562,0.558799454297408
0.00011682510375976562,0.5588904047294224
0.00011682510375976562,0.558981355161437
0.00011682510375976562,0.5590723055934516
0.00011682510375976562,0.5591632560254661
0.00011682510375976562,0.5592542064574807
0.00011682510375976562,0.5593451568894953
0.00011682510375976562,0.5594361073215097
0.00011682510375976562,0.5595270577535243
0.00011682510375976562,0.5596180081855389
0.00011682510375976562,0.5597089586175534
0.00011682510375976562,0.559799909049568
0.00011682510375976562,0.5598908594815826
0.00011682510375976562,0.5599818099135971
0.00011682510375976562,0.5600727603456116
0.00011682510375976562,0.5601637107776262
0.00011682510375976562,0.5602546612096407
0.00011682510375976562,0.5603456116416553
0.00011682510375976562,0.5604365620736699
0.00011682510375976562,0.5605275125056844
0.00011682510375976562,0.5606184629376989
0.00011682510375976562,0.5607094133697135
0.00011682510375976562,0.560800363801728
0.00011682510375976562,0.5608913142337426
0.00011682510375976562,0.5609822646657572
0.00011682510375976562,0.5610732150977717
0.00011682510375976562,0.5611641655297863
0.00011682510375976562,0.5612551159618008
0.00011706352233886719,0.5613460663938153
0.00011706352233886719,0.5614370168258299
0.00011706352233886719,0.5615279672578445
0.00011706352233886719,0.561618917689859
0.00011706352233886719,0.5617098681218736
0.00011706352233886719,0.5618008185538881
0.00011706352233886719,0.5618917689859027
0.00011706352233886719,0.5619827194179172
0.00011706352233886719,0.5620736698499318
0.00011706352233886719,0.5621646202819464
0.00011706352233886719,0.5622555707139609
0.00011706352233886719,0.5623465211459755
0.00011706352233886719,0.56243747157799
0.00011706352233886719,0.5625284220100045
0.00011706352233886719,0.5626193724420191
0.00011706352233886719,0.5627103228740337
0.00011706352233886719,0.5628012733060482
0.00011706352233886719,0.5628922237380628
0.00011706352233886719,0.5629831741700773
0.00011706352233886719,0.5630741246020918
0.00011706352233886719,0.5631650750341064
0.00011706352233886719,0.563256025466121
0.00011706352233886719,0.5633469758981355
0.00011706352233886719,0.5634379263301501
0.00011706352233886719,0.5635288767621646
0.00011706352233886719,0.5636198271941791
0.00011706352233886719,0.5637107776261937
0.00011706352233886719,0.5638017280582083
0.00011706352233886719,0.5638926784902228
0.00011706352233886719,0.5639836289222374
0.00011706352233886719,0.564074579354252
0.00011706352233886719,0.5641655297862664
0.00011706352233886719,0.564256480218281
0.00011706352233886719,0.5643474306502956
0.00011730194091796875,0.5644383810823101
0.00011730194091796875,0.5645293315143247
0.00011730194091796875,0.5646202819463393
0.00011730194091796875,0.5647112323783537
0.00011730194091796875,0.5648021828103683
0.00011730194091796875,0.5648931332423829
0.00011730194091796875,0.5649840836743975
0.00011730194091796875,0.565075034106412
0.00011730194091796875,0.5651659845384266
0.00011730194091796875,0.5652569349704412
0.00011730194091796875,0.5653478854024556
0.00011730194091796875,0.5654388358344702
0.00011730194091796875,0.5655297862664848
0.00011730194091796875,0.5656207366984993
0.00011730194091796875,0.5657116871305139
0.00011730194091796875,0.5658026375625285
0.00011730194091796875,0.5658935879945429
0.00011730194091796875,0.5659845384265575
0.00011730194091796875,0.5660754888585721
0.00011730194091796875,0.5661664392905866
0.00011730194091796875,0.5662573897226012
0.00011730194091796875,0.5663483401546158
0.00011730194091796875,0.5664392905866303
0.00011730194091796875,0.5665302410186448
0.00011730194091796875,0.5666211914506594
0.00011730194091796875,0.5667121418826739
0.00011730194091796875,0.5668030923146885
0.00011730194091796875,0.5668940427467031
0.00011730194091796875,0.5669849931787176
0.00011730194091796875,0.5670759436107321
0.00011730194091796875,0.5671668940427467
0.00011730194091796875,0.5672578444747612
0.00011730194091796875,0.5673487949067758
0.00011730194091796875,0.5674397453387904
0.00011730194091796875,0.567530695770805
0.00011730194091796875,0.5676216462028195
0.00011730194091796875,0.567712596634834
0.00011754035949707031,0.5678035470668485
0.00011754035949707031,0.5678944974988631
0.00011754035949707031,0.5679854479308777
0.00011754035949707031,0.5680763983628923
0.00011754035949707031,0.5681673487949068
0.00011754035949707031,0.5682582992269213
0.00011754035949707031,0.5683492496589359
0.00011754035949707031,0.5684402000909504
0.00011754035949707031,0.568531150522965
0.00011754035949707031,0.5686221009549796
0.00011754035949707031,0.5687130513869941
0.00011754035949707031,0.5688040018190086
0.00011754035949707031,0.5688949522510232
0.00011754035949707031,0.5689859026830377
0.00011754035949707031,0.5690768531150523
0.00011754035949707031,0.5691678035470669
0.00011754035949707031,0.5692587539790814
0.00011754035949707031,0.569349704411096
0.00011754035949707031,0.5694406548431105
0.00011754035949707031,0.569531605275125
0.00011754035949707031,0.5696225557071396
0.00011754035949707031,0.5697135061391542
0.00011754035949707031,0.5698044565711687
0.00011754035949707031,0.5698954070031833
0.00011754035949707031,0.5699863574351978
0.00011754035949707031,0.5700773078672123
0.00011754035949707031,0.5701682582992269
0.00011754035949707031,0.5702592087312415
0.00011754035949707031,0.570350159163256
0.00011754035949707031,0.5704411095952706
0.00011754035949707031,0.5705320600272852
0.00011754035949707031,0.5706230104592996
0.00011754035949707031,0.5707139608913142
0.00011754035949707031,0.5708049113233288
0.00011777877807617188,0.5708958617553433
0.00011777877807617188,0.5709868121873579
0.00011777877807617188,0.5710777626193725
0.00011777877807617188,0.571168713051387
0.00011777877807617188,0.5712596634834015
0.00011777877807617188,0.5713506139154161
0.00011777877807617188,0.5714415643474307
0.00011777877807617188,0.5715325147794452
0.00011777877807617188,0.5716234652114598
0.00011777877807617188,0.5717144156434744
0.00011777877807617188,0.5718053660754888
0.00011777877807617188,0.5718963165075034
0.00011777877807617188,0.571987266939518
0.00011777877807617188,0.5720782173715325
0.00011777877807617188,0.5721691678035471
0.00011777877807617188,0.5722601182355617
0.00011777877807617188,0.5723510686675761
0.00011777877807617188,0.5724420190995907
0.00011777877807617188,0.5725329695316053
0.00011777877807617188,0.5726239199636198
0.00011777877807617188,0.5727148703956344
0.00011777877807617188,0.572805820827649
0.00011777877807617188,0.5728967712596634
0.00011777877807617188,0.572987721691678
0.00011777877807617188,0.5730786721236926
0.00011777877807617188,0.5731696225557071
0.00011777877807617188,0.5732605729877217
0.00011777877807617188,0.5733515234197363
0.00011777877807617188,0.5734424738517508
0.00011777877807617188,0.5735334242837653
0.00011777877807617188,0.5736243747157799
0.00011777877807617188,0.5737153251477944
0.00011777877807617188,0.573806275579809
0.00011777877807617188,0.5738972260118236
0.00011801719665527344,0.5739881764438381
0.00011801719665527344,0.5740791268758526
0.00011801719665527344,0.5741700773078672
0.00011801719665527344,0.5742610277398817
0.00011801719665527344,0.5743519781718963
0.00011801719665527344,0.5744429286039109
0.00011801719665527344,0.5745338790359255
0.00011801719665527344,0.57462482946794
0.00011801719665527344,0.5747157798999545
0.00011801719665527344,0.574806730331969
0.00011801719665527344,0.5748976807639836
0.00011801719665527344,0.5749886311959982
0.00011801719665527344,0.5750795816280128
0.00011801719665527344,0.5751705320600273
0.00011801719665527344,0.5752614824920418
0.00011801719665527344,0.5753524329240564
0.00011801719665527344,0.5754433833560709
0.00011801719665527344,0.5755343337880855
0.00011801719665527344,0.5756252842201001
0.00011801719665527344,0.5757162346521146
0.00011801719665527344,0.5758071850841292
0.00011801719665527344,0.5758981355161437
0.00011801719665527344,0.5759890859481582
0.00011801719665527344,0.5760800363801728
0.00011801719665527344,0.5761709868121874
0.00011801719665527344,0.5762619372442019
0.00011801719665527344,0.5763528876762165
0.00011801719665527344,0.576443838108231
0.00011801719665527344,0.5765347885402455
0.00011801719665527344,0.5766257389722601
0.00011801719665527344,0.5767166894042747
0.00011801719665527344,0.5768076398362892
0.00011801719665527344,0.5768985902683038
0.00011801719665527344,0.5769895407003184
0.00011801719665527344,0.5770804911323328
0.00011801719665527344,0.5771714415643474
0.00011801719665527344,0.577262391996362
0.00011801719665527344,0.5773533424283765
0.00011801719665527344,0.5774442928603911
0.000118255615234375,0.5775352432924057
0.000118255615234375,0.5776261937244201
0.000118255615234375,0.5777171441564347
0.000118255615234375,0.5778080945884493
0.000118255615234375,0.5778990450204639
0.000118255615234375,0.5779899954524784
0.000118255615234375,0.578080945884493
0.000118255615234375,0.5781718963165074
0.000118255615234375,0.578262846748522
0.000118255615234375,0.5783537971805366
0.000118255615234375,0.5784447476125512
0.000118255615234375,0.5785356980445657
0.000118255615234375,0.5786266484765803
0.000118255615234375,0.5787175989085949
0.000118255615234375,0.5788085493406093
0.000118255615234375,0.5788994997726239
0.000118255615234375,0.5789904502046385
0.000118255615234375,0.579081400636653
0.000118255615234375,0.5791723510686676
0.000118255615234375,0.5792633015006822
0.000118255615234375,0.5793542519326966
0.000118255615234375,0.5794452023647112
0.000118255615234375,0.5795361527967258
0.000118255615234375,0.5796271032287403
0.000118255615234375,0.5797180536607549
0.000118255615234375,0.5798090040927695
0.000118255615234375,0.579899954524784
0.000118255615234375,0.5799909049567985
0.000118255615234375,0.5800818553888131
0.000118255615234375,0.5801728058208276
0.000118255615234375,0.5802637562528422
0.000118255615234375,0.5803547066848568
0.000118255615234375,0.5804456571168713
0.000118255615234375,0.5805366075488858
0.000118255615234375,0.5806275579809004
0.000118255615234375,0.580718508412915
0.000118255615234375,0.5808094588449295
0.000118255615234375,0.5809004092769441
0.000118255615234375,0.5809913597089587
0.000118255615234375,0.5810823101409732
0.000118255615234375,0.5811732605729877
0.000118255615234375,0.5812642110050023
0.000118255615234375,0.5813551614370168
0.000118255615234375,0.5814461118690314
0.00011849403381347656,0.581537062301046
0.00011849403381347656,0.5816280127330605
0.00011849403381347656,0.581718963165075
0.00011849403381347656,0.5818099135970896
0.00011849403381347656,0.5819008640291041
0.00011849403381347656,0.5819918144611187
0.00011849403381347656,0.5820827648931333
0.00011849403381347656,0.5821737153251478
0.00011849403381347656,0.5822646657571623
0.00011849403381347656,0.5823556161891769
0.00011849403381347656,0.5824465666211914
0.00011849403381347656,0.582537517053206
0.00011849403381347656,0.5826284674852206
0.00011849403381347656,0.5827194179172351
0.00011849403381347656,0.5828103683492497
0.00011849403381347656,0.5829013187812642
0.00011849403381347656,0.5829922692132787
0.00011849403381347656,0.5830832196452933
0.00011849403381347656,0.5831741700773079
0.00011849403381347656,0.5832651205093224
0.00011849403381347656,0.583356070941337
0.00011849403381347656,0.5834470213733515
0.00011849403381347656,0.583537971805366
0.00011849403381347656,0.5836289222373806
0.00011849403381347656,0.5837198726693952
0.00011849403381347656,0.5838108231014097
0.00011849403381347656,0.5839017735334243
0.00011849403381347656,0.5839927239654389
0.00011849403381347656,0.5840836743974533
0.00011849403381347656,0.5841746248294679
0.00011849403381347656,0.5842655752614825
0.00011849403381347656,0.584356525693497
0.00011849403381347656,0.5844474761255116
0.00011849403381347656,0.5845384265575262
0.00011849403381347656,0.5846293769895407
0.00011849403381347656,0.5847203274215552
0.00011849403381347656,0.5848112778535698
0.00011873245239257812,0.5849022282855844
0.00011873245239257812,0.5849931787175989
0.00011873245239257812,0.5850841291496135
0.00011873245239257812,0.5851750795816281
0.00011873245239257812,0.5852660300136425
0.00011873245239257812,0.5853569804456571
0.00011873245239257812,0.5854479308776717
0.00011873245239257812,0.5855388813096862
0.00011873245239257812,0.5856298317417008
0.00011873245239257812,0.5857207821737154
0.00011873245239257812,0.5858117326057298
0.00011873245239257812,0.5859026830377444
0.00011873245239257812,0.585993633469759
0.00011873245239257812,0.5860845839017735
0.00011873245239257812,0.5861755343337881
0.00011873245239257812,0.5862664847658027
0.00011873245239257812,0.5863574351978172
0.00011873245239257812,0.5864483856298317
0.00011873245239257812,0.5865393360618463
0.00011873245239257812,0.5866302864938608
0.00011873245239257812,0.5867212369258754
0.00011873245239257812,0.58681218735789
0.00011873245239257812,0.5869031377899045
0.00011873245239257812,0.586994088221919
0.00011873245239257812,0.5870850386539336
0.00011873245239257812,0.5871759890859481
0.00011873245239257812,0.5872669395179627
0.00011873245239257812,0.5873578899499773
0.00011873245239257812,0.5874488403819919
0.00011873245239257812,0.5875397908140063
0.00011897087097167969,0.5876307412460209
0.00011897087097167969,0.5877216916780355
0.00011897087097167969,0.58781264211005
0.00011897087097167969,0.5879035925420646
0.00011897087097167969,0.5879945429740792
0.00011897087097167969,0.5880854934060937
0.00011897087097167969,0.5881764438381082
0.00011897087097167969,0.5882673942701228
0.00011897087097167969,0.5883583447021373
0.00011897087097167969,0.5884492951341519
0.00011897087097167969,0.5885402455661665
0.00011897087097167969,0.588631195998181
0.00011897087097167969,0.5887221464301955
0.00011897087097167969,0.5888130968622101
0.00011897087097167969,0.5889040472942246
0.00011897087097167969,0.5889949977262392
0.00011897087097167969,0.5890859481582538
0.00011897087097167969,0.5891768985902683
0.00011897087097167969,0.5892678490222829
0.00011897087097167969,0.5893587994542974
0.00011897087097167969,0.5894497498863119
0.00011897087097167969,0.5895407003183265
0.00011897087097167969,0.5896316507503411
0.00011897087097167969,0.5897226011823556
0.00011897087097167969,0.5898135516143702
0.00011897087097167969,0.5899045020463847
0.00011897087097167969,0.5899954524783992
0.00011897087097167969,0.5900864029104138
0.00011897087097167969,0.5901773533424284
0.00011897087097167969,0.590268303774443
0.00011897087097167969,0.5903592542064575
0.00011897087097167969,0.5904502046384721
0.00011920928955078125,0.5905411550704865
0.00011920928955078125,0.5906321055025011
0.00011920928955078125,0.5907230559345157
0.00011920928955078125,0.5908140063665303
0.00011920928955078125,0.5909049567985448
0.00011920928955078125,0.5909959072305594
0.00011920928955078125,0.5910868576625739
0.00011920928955078125,0.5911778080945884
0.00011920928955078125,0.591268758526603
0.00011920928955078125,0.5913597089586176
0.00011920928955078125,0.5914506593906321
0.00011920928955078125,0.5915416098226467
0.00011920928955078125,0.5916325602546612
0.00011920928955078125,0.5917235106866757
0.00011920928955078125,0.5918144611186903
0.00011920928955078125,0.5919054115507049
0.00011920928955078125,0.5919963619827194
0.00011920928955078125,0.592087312414734
0.00011920928955078125,0.5921782628467486
0.00011920928955078125,0.592269213278763
0.00011920928955078125,0.5923601637107776
0.00011920928955078125,0.5924511141427922
0.00011920928955078125,0.5925420645748067
0.00011920928955078125,0.5926330150068213
0.00011920928955078125,0.5927239654388359
0.00011920928955078125,0.5928149158708503
0.00011920928955078125,0.5929058663028649
0.00011920928955078125,0.5929968167348795
0.00011920928955078125,0.593087767166894
0.00011920928955078125,0.5931787175989086
0.00011920928955078125,0.5932696680309232
0.00011920928955078125,0.5933606184629378
0.00011920928955078125,0.5934515688949522
0.00011920928955078125,0.5935425193269668
0.00011920928955078125,0.5936334697589813
0.00011920928955078125,0.5937244201909959
0.00011920928955078125,0.5938153706230105
0.00011920928955078125,0.593906321055025
0.00011920928955078125,0.5939972714870395
0.00011920928955078125,0.5940882219190541
0.00011944770812988281,0.5941791723510687
0.00011944770812988281,0.5942701227830832
0.00011944770812988281,0.5943610732150978
0.00011944770812988281,0.5944520236471124
0.00011944770812988281,0.5945429740791269
0.00011944770812988281,0.5946339245111414
0.00011944770812988281,0.594724874943156
0.00011944770812988281,0.5948158253751705
0.00011944770812988281,0.5949067758071851
0.00011944770812988281,0.5949977262391997
0.00011944770812988281,0.5950886766712142
0.00011944770812988281,0.5951796271032287
0.00011944770812988281,0.5952705775352433
0.00011944770812988281,0.5953615279672578
0.00011944770812988281,0.5954524783992724
0.00011944770812988281,0.595543428831287
0.00011944770812988281,0.5956343792633015
0.00011944770812988281,0.5957253296953161
0.00011944770812988281,0.5958162801273306
0.00011944770812988281,0.5959072305593451
0.00011944770812988281,0.5959981809913597
0.00011944770812988281,0.5960891314233743
0.00011944770812988281,0.5961800818553888
0.00011944770812988281,0.5962710322874034
0.00011944770812988281,0.5963619827194179
0.00011944770812988281,0.5964529331514324
0.00011944770812988281,0.596543883583447
0.00011944770812988281,0.5966348340154616
0.00011968612670898438,0.5967257844474761
0.00011968612670898438,0.5968167348794907
0.00011968612670898438,0.5969076853115052
0.00011968612670898438,0.5969986357435197
0.00011968612670898438,0.5970895861755343
0.00011968612670898438,0.5971805366075489
0.00011968612670898438,0.5972714870395635
0.00011968612670898438,0.597362437471578
0.00011968612670898438,0.5974533879035926
0.00011968612670898438,0.597544338335607
0.00011968612670898438,0.5976352887676216
0.00011968612670898438,0.5977262391996362
0.00011968612670898438,0.5978171896316508
0.00011968612670898438,0.5979081400636653
0.00011968612670898438,0.5979990904956799
0.00011968612670898438,0.5980900409276944
0.00011968612670898438,0.5981809913597089
0.00011968612670898438,0.5982719417917235
0.00011968612670898438,0.5983628922237381
0.00011968612670898438,0.5984538426557526
0.00011968612670898438,0.5985447930877672
0.00011968612670898438,0.5986357435197818
0.00011968612670898438,0.5987266939517962
0.00011968612670898438,0.5988176443838108
0.00011968612670898438,0.5989085948158254
0.00011968612670898438,0.5989995452478399
0.00011968612670898438,0.5990904956798545
0.00011968612670898438,0.5991814461118691
0.00011968612670898438,0.5992723965438835
0.00011968612670898438,0.5993633469758981
0.00011968612670898438,0.5994542974079127
0.00011968612670898438,0.5995452478399272
0.00011968612670898438,0.5996361982719418
0.00011968612670898438,0.5997271487039564
0.00011968612670898438,0.599818099135971
0.00011968612670898438,0.5999090495679854
0.00011968612670898438,0.6
0.00011992454528808594,0.6000909504320145
0.00011992454528808594,0.6001819008640291
0.00011992454528808594,0.6002728512960437
0.00011992454528808594,0.6003638017280583
0.00011992454528808594,0.6004547521600727
0.00011992454528808594,0.6005457025920873
0.00011992454528808594,0.6006366530241019
0.00011992454528808594,0.6007276034561164
0.00011992454528808594,0.600818553888131
0.00011992454528808594,0.6009095043201456
0.00011992454528808594,0.60100045475216
0.00011992454528808594,0.6010914051841746
0.00011992454528808594,0.6011823556161892
0.00011992454528808594,0.6012733060482037
0.00011992454528808594,0.6013642564802183
0.00011992454528808594,0.6014552069122329
0.00011992454528808594,0.6015461573442474
0.00011992454528808594,0.6016371077762619
0.00011992454528808594,0.6017280582082765
0.00011992454528808594,0.601819008640291
0.00011992454528808594,0.6019099590723056
0.00011992454528808594,0.6020009095043202
0.00011992454528808594,0.6020918599363347
0.00011992454528808594,0.6021828103683492
0.00011992454528808594,0.6022737608003638
0.00011992454528808594,0.6023647112323783
0.00011992454528808594,0.6024556616643929
0.00011992454528808594,0.6025466120964075
0.00011992454528808594,0.602637562528422
0.00011992454528808594,0.6027285129604366
0.00011992454528808594,0.6028194633924511
0.00011992454528808594,0.6029104138244656
0.00011992454528808594,0.6030013642564802
0.00011992454528808594,0.6030923146884948
0.00011992454528808594,0.6031832651205093
0.00011992454528808594,0.6032742155525239
0.00011992454528808594,0.6033651659845384
0.00011992454528808594,0.603456116416553
0.00011992454528808594,0.6035470668485675
0.00011992454528808594,0.6036380172805821
0.00011992454528808594,0.6037289677125967
0.00011992454528808594,0.6038199181446112
0.00011992454528808594,0.6039108685766258
0.0001201629638671875,0.6040018190086403
0.0001201629638671875,0.6040927694406548
0.0001201629638671875,0.6041837198726694
0.0001201629638671875,0.604274670304684
0.0001201629638671875,0.6043656207366985
0.0001201629638671875,0.6044565711687131
0.0001201629638671875,0.6045475216007276
0.0001201629638671875,0.6046384720327421
0.0001201629638671875,0.6047294224647567
0.0001201629638671875,0.6048203728967713
0.0001201629638671875,0.6049113233287858
0.0001201629638671875,0.6050022737608004
0.0001201629638671875,0.605093224192815
0.0001201629638671875,0.6051841746248294
0.0001201629638671875,0.605275125056844
0.0001201629638671875,0.6053660754888586
0.0001201629638671875,0.6054570259208731
0.0001201629638671875,0.6055479763528877
0.0001201629638671875,0.6056389267849023
0.0001201629638671875,0.6057298772169167
0.0001201629638671875,0.6058208276489313
0.0001201629638671875,0.6059117780809459
0.0001201629638671875,0.6060027285129604
0.0001201629638671875,0.606093678944975
0.0001201629638671875,0.6061846293769896
0.0001201629638671875,0.606275579809004
0.0001201629638671875,0.6063665302410186
0.0001201629638671875,0.6064574806730332
0.0001201629638671875,0.6065484311050477
0.0001201629638671875,0.6066393815370623
0.0001201629638671875,0.6067303319690769
0.00012040138244628906,0.6068212824010915
0.00012040138244628906,0.6069122328331059
0.00012040138244628906,0.6070031832651205
0.00012040138244628906,0.607094133697135
0.00012040138244628906,0.6071850841291496
0.00012040138244628906,0.6072760345611642
0.00012040138244628906,0.6073669849931788
0.00012040138244628906,0.6074579354251932
0.00012040138244628906,0.6075488858572078
0.00012040138244628906,0.6076398362892224
0.00012040138244628906,0.6077307867212369
0.00012040138244628906,0.6078217371532515
0.00012040138244628906,0.6079126875852661
0.00012040138244628906,0.6080036380172806
0.00012040138244628906,0.6080945884492951
0.00012040138244628906,0.6081855388813097
0.00012040138244628906,0.6082764893133242
0.00012040138244628906,0.6083674397453388
0.00012040138244628906,0.6084583901773534
0.00012040138244628906,0.6085493406093679
0.00012040138244628906,0.6086402910413824
0.00012040138244628906,0.608731241473397
0.00012040138244628906,0.6088221919054115
0.00012040138244628906,0.6089131423374261
0.00012040138244628906,0.6090040927694407
0.00012040138244628906,0.6090950432014552
0.00012040138244628906,0.6091859936334698
0.00012040138244628906,0.6092769440654843
0.00012040138244628906,0.6093678944974988
0.00012040138244628906,0.6094588449295134
0.00012040138244628906,0.609549795361528
0.00012040138244628906,0.6096407457935425
0.00012040138244628906,0.6097316962255571
0.00012040138244628906,0.6098226466575716
0.00012063980102539062,0.6099135970895861
0.00012063980102539062,0.6100045475216007
0.00012063980102539062,0.6100954979536153
0.00012063980102539062,0.6101864483856299
0.00012063980102539062,0.6102773988176444
0.00012063980102539062,0.6103683492496589
0.00012063980102539062,0.6104592996816735
0.00012063980102539062,0.610550250113688
0.00012063980102539062,0.6106412005457026
0.00012063980102539062,0.6107321509777172
0.00012063980102539062,0.6108231014097317
0.00012063980102539062,0.6109140518417463
0.00012063980102539062,0.6110050022737608
0.00012063980102539062,0.6110959527057753
0.00012063980102539062,0.6111869031377899
0.00012063980102539062,0.6112778535698045
0.00012063980102539062,0.611368804001819
0.00012063980102539062,0.6114597544338336
0.00012063980102539062,0.6115507048658481
0.00012063980102539062,0.6116416552978626
0.00012063980102539062,0.6117326057298772
0.00012063980102539062,0.6118235561618918
0.00012063980102539062,0.6119145065939063
0.00012063980102539062,0.6120054570259209
0.00012063980102539062,0.6120964074579355
0.00012063980102539062,0.6121873578899499
0.00012063980102539062,0.6122783083219645
0.00012063980102539062,0.6123692587539791
0.00012063980102539062,0.6124602091859936
0.00012063980102539062,0.6125511596180082
0.00012063980102539062,0.6126421100500228
0.00012063980102539062,0.6127330604820372
0.00012063980102539062,0.6128240109140518
0.00012063980102539062,0.6129149613460664
0.00012063980102539062,0.613005911778081
0.00012063980102539062,0.6130968622100955
0.00012063980102539062,0.6131878126421101
0.00012063980102539062,0.6132787630741247
0.00012063980102539062,0.6133697135061391
0.00012087821960449219,0.6134606639381537
0.00012087821960449219,0.6135516143701683
0.00012087821960449219,0.6136425648021828
0.00012087821960449219,0.6137335152341974
0.00012087821960449219,0.613824465666212
0.00012087821960449219,0.6139154160982264
0.00012087821960449219,0.614006366530241
0.00012087821960449219,0.6140973169622556
0.00012087821960449219,0.6141882673942701
0.00012087821960449219,0.6142792178262847
0.00012087821960449219,0.6143701682582993
0.00012087821960449219,0.6144611186903138
0.00012087821960449219,0.6145520691223283
0.00012087821960449219,0.6146430195543429
0.00012087821960449219,0.6147339699863574
0.00012087821960449219,0.614824920418372
0.00012087821960449219,0.6149158708503866
0.00012087821960449219,0.6150068212824011
0.00012087821960449219,0.6150977717144156
0.00012087821960449219,0.6151887221464302
0.00012087821960449219,0.6152796725784447
0.00012087821960449219,0.6153706230104593
0.00012087821960449219,0.6154615734424739
0.00012087821960449219,0.6155525238744884
0.00012087821960449219,0.6156434743065029
0.00012087821960449219,0.6157344247385175
0.00012087821960449219,0.615825375170532
0.00012087821960449219,0.6159163256025466
0.00012087821960449219,0.6160072760345612
0.00012087821960449219,0.6160982264665757
0.00012087821960449219,0.6161891768985903
0.00012111663818359375,0.6162801273306048
0.00012111663818359375,0.6163710777626193
0.00012111663818359375,0.6164620281946339
0.00012111663818359375,0.6165529786266485
0.00012111663818359375,0.616643929058663
0.00012111663818359375,0.6167348794906776
0.00012111663818359375,0.6168258299226921
0.00012111663818359375,0.6169167803547067
0.00012111663818359375,0.6170077307867212
0.00012111663818359375,0.6170986812187358
0.00012111663818359375,0.6171896316507504
0.00012111663818359375,0.6172805820827649
0.00012111663818359375,0.6173715325147795
0.00012111663818359375,0.617462482946794
0.00012111663818359375,0.6175534333788085
0.00012111663818359375,0.6176443838108231
0.00012111663818359375,0.6177353342428377
0.00012111663818359375,0.6178262846748522
0.00012111663818359375,0.6179172351068668
0.00012111663818359375,0.6180081855388813
0.00012111663818359375,0.6180991359708958
0.00012111663818359375,0.6181900864029104
0.00012111663818359375,0.618281036834925
0.00012111663818359375,0.6183719872669395
0.00012111663818359375,0.6184629376989541
0.00012111663818359375,0.6185538881309687
0.00012111663818359375,0.6186448385629831
0.00012111663818359375,0.6187357889949977
0.00012111663818359375,0.6188267394270123
0.00012111663818359375,0.6189176898590268
0.00012111663818359375,0.6190086402910414
0.00012111663818359375,0.619099590723056
0.00012111663818359375,0.6191905411550704
0.00012111663818359375,0.619281491587085
0.00012111663818359375,0.6193724420190996
0.00012135505676269531,0.6194633924511141
0.00012135505676269531,0.6195543428831287
0.00012135505676269531,0.6196452933151433
0.00012135505676269531,0.6197362437471577
0.00012135505676269531,0.6198271941791723
0.00012135505676269531,0.6199181446111869
0.00012135505676269531,0.6200090950432015
0.00012135505676269531,0.620100045475216
0.00012135505676269531,0.6201909959072306
0.00012135505676269531,0.6202819463392452
0.00012135505676269531,0.6203728967712596
0.00012135505676269531,0.6204638472032742
0.00012135505676269531,0.6205547976352888
0.00012135505676269531,0.6206457480673033
0.00012135505676269531,0.6207366984993179
0.00012135505676269531,0.6208276489313325
0.00012135505676269531,0.6209185993633469
0.00012135505676269531,0.6210095497953615
0.00012135505676269531,0.6211005002273761
0.00012135505676269531,0.6211914506593906
0.00012135505676269531,0.6212824010914052
0.00012135505676269531,0.6213733515234198
0.00012135505676269531,0.6214643019554343
0.00012135505676269531,0.6215552523874488
0.00012135505676269531,0.6216462028194634
0.00012135505676269531,0.6217371532514779
0.00012135505676269531,0.6218281036834925
0.00012135505676269531,0.6219190541155071
0.00012135505676269531,0.6220100045475216
0.00012135505676269531,0.6221009549795361
0.00012135505676269531,0.6221919054115507
0.00012135505676269531,0.6222828558435652
0.00012135505676269531,0.6223738062755798
0.00012135505676269531,0.6224647567075944
0.00012135505676269531,0.622555707139609
0.00012135505676269531,0.6226466575716235
0.00012135505676269531,0.622737608003638
0.00012135505676269531,0.6228285584356525
0.00012135505676269531,0.6229195088676671
0.00012135505676269531,0.6230104592996817
0.00012159347534179688,0.6231014097316963
0.00012159347534179688,0.6231923601637108
0.00012159347534179688,0.6232833105957253
0.00012159347534179688,0.6233742610277399
0.00012159347534179688,0.6234652114597544
0.00012159347534179688,0.623556161891769
0.00012159347534179688,0.6236471123237836
0.00012159347534179688,0.6237380627557981
0.00012159347534179688,0.6238290131878127
0.00012159347534179688,0.6239199636198272
0.00012159347534179688,0.6240109140518417
0.00012159347534179688,0.6241018644838563
0.00012159347534179688,0.6241928149158709
0.00012159347534179688,0.6242837653478854
0.00012159347534179688,0.6243747157799
0.00012159347534179688,0.6244656662119145
0.00012159347534179688,0.624556616643929
0.00012159347534179688,0.6246475670759436
0.00012159347534179688,0.6247385175079582
0.00012159347534179688,0.6248294679399727
0.00012159347534179688,0.6249204183719873
0.00012159347534179688,0.6250113688040018
0.00012159347534179688,0.6251023192360163
0.00012159347534179688,0.6251932696680309
0.00012159347534179688,0.6252842201000455
0.00012159347534179688,0.62537517053206
0.00012159347534179688,0.6254661209640746
0.00012159347534179688,0.6255570713960892
0.00012159347534179688,0.6256480218281036
0.00012159347534179688,0.6257389722601182
0.00012159347534179688,0.6258299226921328
0.00012159347534179688,0.6259208731241473
0.00012159347534179688,0.6260118235561619
0.00012159347534179688,0.6261027739881765
0.00012159347534179688,0.626193724420191
0.00012159347534179688,0.6262846748522055
0.00012159347534179688,0.6263756252842201
0.00012159347534179688,0.6264665757162347
0.00012159347534179688,0.6265575261482492
0.00012159347534179688,0.6266484765802638
0.00012183189392089844,0.6267394270122784
0.00012183189392089844,0.6268303774442928
0.00012183189392089844,0.6269213278763074
0.00012183189392089844,0.627012278308322
0.00012183189392089844,0.6271032287403365
0.00012183189392089844,0.6271941791723511
0.00012183189392089844,0.6272851296043657
0.00012183189392089844,0.6273760800363801
0.00012183189392089844,0.6274670304683947
0.00012183189392089844,0.6275579809004093
0.00012183189392089844,0.6276489313324238
0.00012183189392089844,0.6277398817644384
0.00012183189392089844,0.627830832196453
0.00012183189392089844,0.6279217826284675
0.00012183189392089844,0.628012733060482
0.00012183189392089844,0.6281036834924966
0.00012183189392089844,0.6281946339245111
0.00012183189392089844,0.6282855843565257
0.00012183189392089844,0.6283765347885403
0.00012183189392089844,0.6284674852205548
0.00012183189392089844,0.6285584356525693
0.00012183189392089844,0.6286493860845839
0.00012183189392089844,0.6287403365165984
0.00012183189392089844,0.628831286948613
0.00012183189392089844,0.6289222373806276
0.00012183189392089844,0.6290131878126421
0.00012183189392089844,0.6291041382446566
0.00012183189392089844,0.6291950886766712
0.00012183189392089844,0.6292860391086857
0.00012183189392089844,0.6293769895407003
0.00012183189392089844,0.6294679399727149
0.00012183189392089844,0.6295588904047295
0.00012183189392089844,0.629649840836744
0.00012183189392089844,0.6297407912687585
0.00012183189392089844,0.629831741700773
0.00012183189392089844,0.6299226921327876
0.00012183189392089844,0.6300136425648022
0.00012183189392089844,0.6301045929968168
0.00012183189392089844,0.6301955434288313
0.00012183189392089844,0.6302864938608458
0.00012183189392089844,0.6303774442928604
0.00012183189392089844,0.6304683947248749
0.0001220703125,0.6305593451568895
0.0001220703125,0.6306502955889041
0.0001220703125,0.6307412460209186
0.0001220703125,0.6308321964529332
0.0001220703125,0.6309231468849477
0.0001220703125,0.6310140973169622
0.0001220703125,0.6311050477489768
0.0001220703125,0.6311959981809914
0.0001220703125,0.6312869486130059
0.0001220703125,0.6313778990450205
0.0001220703125,0.631468849477035
0.0001220703125,0.6315597999090495
0.0001220703125,0.6316507503410641
0.0001220703125,0.6317417007730787
0.0001220703125,0.6318326512050932
0.0001220703125,0.6319236016371078
0.0001220703125,0.6320145520691224
0.0001220703125,0.6321055025011368
0.0001220703125,0.6321964529331514
0.0001220703125,0.632287403365166
0.0001220703125,0.6323783537971805
0.0001220703125,0.6324693042291951
0.0001220703125,0.6325602546612097
0.0001220703125,0.6326512050932241
0.0001220703125,0.6327421555252387
0.0001220703125,0.6328331059572533
0.0001220703125,0.6329240563892679
0.0001220703125,0.6330150068212824
0.0001220703125,0.633105957253297
0.0001220703125,0.6331969076853114
0.0001220703125,0.633287858117326
0.0001220703125,0.6333788085493406
0.0001220703125,0.6334697589813552
0.0001220703125,0.6335607094133697
0.0001220703125,0.6336516598453843
0.0001220703125,0.6337426102773989
0.0001220703125,0.6338335607094133
0.00012230873107910156,0.6339245111414279
0.00012230873107910156,0.6340154615734425
0.00012230873107910156,0.634106412005457
0.00012230873107910156,0.6341973624374716
0.00012230873107910156,0.6342883128694862
0.00012230873107910156,0.6343792633015006
0.00012230873107910156,0.6344702137335152
0.00012230873107910156,0.6345611641655298
0.00012230873107910156,0.6346521145975443
0.00012230873107910156,0.6347430650295589
0.00012230873107910156,0.6348340154615735
0.00012230873107910156,0.634924965893588
0.00012230873107910156,0.6350159163256025
0.00012230873107910156,0.6351068667576171
0.00012230873107910156,0.6351978171896316
0.00012230873107910156,0.6352887676216462
0.00012230873107910156,0.6353797180536608
0.00012230873107910156,0.6354706684856753
0.00012230873107910156,0.6355616189176898
0.00012230873107910156,0.6356525693497044
0.00012230873107910156,0.635743519781719
0.00012230873107910156,0.6358344702137335
0.00012230873107910156,0.6359254206457481
0.00012230873107910156,0.6360163710777627
0.00012230873107910156,0.6361073215097772
0.00012230873107910156,0.6361982719417917
0.00012230873107910156,0.6362892223738063
0.00012230873107910156,0.6363801728058208
0.00012230873107910156,0.6364711232378354
0.00012230873107910156,0.63656207366985
0.00012230873107910156,0.6366530241018645
0.00012230873107910156,0.636743974533879
0.00012230873107910156,0.6368349249658936
0.00012230873107910156,0.6369258753979081
0.00012254714965820312,0.6370168258299227
0.00012254714965820312,0.6371077762619373
0.00012254714965820312,0.6371987266939518
0.00012254714965820312,0.6372896771259664
0.00012254714965820312,0.6373806275579809
0.00012254714965820312,0.6374715779899954
0.00012254714965820312,0.63756252842201
0.00012254714965820312,0.6376534788540246
0.00012254714965820312,0.6377444292860391
0.00012254714965820312,0.6378353797180537
0.00012254714965820312,0.6379263301500682
0.00012254714965820312,0.6380172805820827
0.00012254714965820312,0.6381082310140973
0.00012254714965820312,0.6381991814461119
0.00012254714965820312,0.6382901318781264
0.00012254714965820312,0.638381082310141
0.00012254714965820312,0.6384720327421555
0.00012254714965820312,0.63856298317417
0.00012254714965820312,0.6386539336061846
0.00012254714965820312,0.6387448840381992
0.00012254714965820312,0.6388358344702137
0.00012254714965820312,0.6389267849022283
0.00012254714965820312,0.6390177353342429
0.00012254714965820312,0.6391086857662573
0.00012254714965820312,0.6391996361982719
0.00012254714965820312,0.6392905866302865
0.00012254714965820312,0.639381537062301
0.00012254714965820312,0.6394724874943156
0.00012254714965820312,0.6395634379263302
0.00012254714965820312,0.6396543883583446
0.00012254714965820312,0.6397453387903592
0.00012254714965820312,0.6398362892223738
0.00012254714965820312,0.6399272396543884
0.00012254714965820312,0.6400181900864029
0.00012254714965820312,0.6401091405184175
0.00012254714965820312,0.6402000909504321
0.00012254714965820312,0.6402910413824465
0.00012254714965820312,0.6403819918144611
0.00012254714965820312,0.6404729422464757
0.00012254714965820312,0.6405638926784902
0.00012254714965820312,0.6406548431105048
0.00012254714965820312,0.6407457935425194
0.0001227855682373047,0.6408367439745338
0.0001227855682373047,0.6409276944065484
0.0001227855682373047,0.641018644838563
0.0001227855682373047,0.6411095952705775
0.0001227855682373047,0.6412005457025921
0.0001227855682373047,0.6412914961346067
0.0001227855682373047,0.6413824465666212
0.0001227855682373047,0.6414733969986357
0.0001227855682373047,0.6415643474306503
0.0001227855682373047,0.6416552978626648
0.0001227855682373047,0.6417462482946794
0.0001227855682373047,0.641837198726694
0.0001227855682373047,0.6419281491587085
0.0001227855682373047,0.642019099590723
0.0001227855682373047,0.6421100500227376
0.0001227855682373047,0.6422010004547521
0.0001227855682373047,0.6422919508867667
0.0001227855682373047,0.6423829013187813
0.0001227855682373047,0.6424738517507959
0.0001227855682373047,0.6425648021828103
0.0001227855682373047,0.6426557526148249
0.0001227855682373047,0.6427467030468395
0.0001227855682373047,0.642837653478854
0.0001227855682373047,0.6429286039108686
0.0001227855682373047,0.6430195543428832
0.0001227855682373047,0.6431105047748977
0.0001227855682373047,0.6432014552069122
0.0001227855682373047,0.6432924056389268
0.0001227855682373047,0.6433833560709413
0.0001227855682373047,0.6434743065029559
0.00012302398681640625,0.6435652569349705
0.00012302398681640625,0.643656207366985
0.00012302398681640625,0.6437471577989995
0.00012302398681640625,0.6438381082310141
0.00012302398681640625,0.6439290586630286
0.00012302398681640625,0.6440200090950432
0.00012302398681640625,0.6441109595270578
0.00012302398681640625,0.6442019099590723
0.00012302398681640625,0.6442928603910869
0.00012302398681640625,0.6443838108231014
0.00012302398681640625,0.6444747612551159
0.00012302398681640625,0.6445657116871305
0.00012302398681640625,0.6446566621191451
0.00012302398681640625,0.6447476125511596
0.00012302398681640625,0.6448385629831742
0.00012302398681640625,0.6449295134151887
0.00012302398681640625,0.6450204638472032
0.00012302398681640625,0.6451114142792178
0.00012302398681640625,0.6452023647112324
0.00012302398681640625,0.645293315143247
0.00012302398681640625,0.6453842655752615
0.00012302398681640625,0.6454752160072761
0.00012302398681640625,0.6455661664392905
0.00012302398681640625,0.6456571168713051
0.00012302398681640625,0.6457480673033197
0.00012302398681640625,0.6458390177353343
0.0001232624053955078,0.6459299681673488
0.0001232624053955078,0.6460209185993634
0.0001232624053955078,0.6461118690313779
0.0001232624053955078,0.6462028194633924
0.0001232624053955078,0.646293769895407
0.0001232624053955078,0.6463847203274216
0.0001232624053955078,0.6464756707594361
0.0001232624053955078,0.6465666211914507
0.0001232624053955078,0.6466575716234653
0.0001232624053955078,0.6467485220554797
0.0001232624053955078,0.6468394724874943
0.0001232624053955078,0.6469304229195089
0.0001232624053955078,0.6470213733515234
0.0001232624053955078,0.647112323783538
0.0001232624053955078,0.6472032742155526
0.0001232624053955078,0.647294224647567
0.0001232624053955078,0.6473851750795816
0.0001232624053955078,0.6474761255115962
0.0001232624053955078,0.6475670759436107
0.0001232624053955078,0.6476580263756253
0.0001232624053955078,0.6477489768076399
0.0001232624053955078,0.6478399272396543
0.0001232624053955078,0.6479308776716689
0.0001232624053955078,0.6480218281036835
0.0001232624053955078,0.648112778535698
0.0001232624053955078,0.6482037289677126
0.0001232624053955078,0.6482946793997272
0.0001232624053955078,0.6483856298317417
0.0001232624053955078,0.6484765802637562
0.0001232624053955078,0.6485675306957708
0.0001232624053955078,0.6486584811277853
0.0001232624053955078,0.6487494315597999
0.0001232624053955078,0.6488403819918145
0.00012350082397460938,0.648931332423829
0.00012350082397460938,0.6490222828558435
0.00012350082397460938,0.6491132332878581
0.00012350082397460938,0.6492041837198727
0.00012350082397460938,0.6492951341518872
0.00012350082397460938,0.6493860845839018
0.00012350082397460938,0.6494770350159164
0.00012350082397460938,0.6495679854479309
0.00012350082397460938,0.6496589358799454
0.00012350082397460938,0.64974988631196
0.00012350082397460938,0.6498408367439745
0.00012350082397460938,0.6499317871759891
0.00012350082397460938,0.6500227376080037
0.00012350082397460938,0.6501136880400182
0.00012350082397460938,0.6502046384720327
0.00012350082397460938,0.6502955889040473
0.00012350082397460938,0.6503865393360618
0.00012350082397460938,0.6504774897680764
0.00012350082397460938,0.650568440200091
0.00012350082397460938,0.6506593906321055
0.00012350082397460938,0.6507503410641201
0.00012350082397460938,0.6508412914961346
0.00012350082397460938,0.6509322419281491
0.00012350082397460938,0.6510231923601637
0.00012350082397460938,0.6511141427921783
0.00012373924255371094,0.6512050932241928
0.00012373924255371094,0.6512960436562074
0.00012373924255371094,0.6513869940882219
0.00012373924255371094,0.6514779445202364
0.00012373924255371094,0.651568894952251
0.00012373924255371094,0.6516598453842656
0.00012373924255371094,0.6517507958162801
0.00012373924255371094,0.6518417462482947
0.00012373924255371094,0.6519326966803092
0.00012373924255371094,0.6520236471123237
0.00012373924255371094,0.6521145975443383
0.00012373924255371094,0.6522055479763529
0.00012373924255371094,0.6522964984083675
0.00012373924255371094,0.652387448840382
0.00012373924255371094,0.6524783992723966
0.00012373924255371094,0.652569349704411
0.00012373924255371094,0.6526603001364256
0.00012373924255371094,0.6527512505684402
0.00012373924255371094,0.6528422010004548
0.00012373924255371094,0.6529331514324693
0.00012373924255371094,0.6530241018644839
0.00012373924255371094,0.6531150522964984
0.00012373924255371094,0.6532060027285129
0.0001239776611328125,0.6532969531605275
0.0001239776611328125,0.6533879035925421
0.0001239776611328125,0.6534788540245566
0.0001239776611328125,0.6535698044565712
0.0001239776611328125,0.6536607548885858
0.0001239776611328125,0.6537517053206002
0.0001239776611328125,0.6538426557526148
0.0001239776611328125,0.6539336061846294
0.0001239776611328125,0.6540245566166439
0.0001239776611328125,0.6541155070486585
0.0001239776611328125,0.6542064574806731
0.0001239776611328125,0.6542974079126875
0.0001239776611328125,0.6543883583447021
0.0001239776611328125,0.6544793087767167
0.0001239776611328125,0.6545702592087312
0.0001239776611328125,0.6546612096407458
0.0001239776611328125,0.6547521600727604
0.0001239776611328125,0.654843110504775
0.0001239776611328125,0.6549340609367894
0.0001239776611328125,0.655025011368804
0.0001239776611328125,0.6551159618008185
0.0001239776611328125,0.6552069122328331
0.0001239776611328125,0.6552978626648477
0.0001239776611328125,0.6553888130968623
0.0001239776611328125,0.6554797635288767
0.0001239776611328125,0.6555707139608913
0.0001239776611328125,0.6556616643929059
0.00012421607971191406,0.6557526148249204
0.00012421607971191406,0.655843565256935
0.00012421607971191406,0.6559345156889496
0.00012421607971191406,0.6560254661209641
0.00012421607971191406,0.6561164165529786
0.00012421607971191406,0.6562073669849932
0.00012421607971191406,0.6562983174170077
0.00012421607971191406,0.6563892678490223
0.00012421607971191406,0.6564802182810369
0.00012421607971191406,0.6565711687130514
0.00012421607971191406,0.6566621191450659
0.00012421607971191406,0.6567530695770805
0.00012421607971191406,0.656844020009095
0.00012421607971191406,0.6569349704411096
0.00012421607971191406,0.6570259208731242
0.00012421607971191406,0.6571168713051387
0.00012421607971191406,0.6572078217371532
0.00012421607971191406,0.6572987721691678
0.00012421607971191406,0.6573897226011823
0.00012421607971191406,0.6574806730331969
0.00012421607971191406,0.6575716234652115
0.00012421607971191406,0.657662573897226
0.00012421607971191406,0.6577535243292406
0.00012421607971191406,0.6578444747612551
0.00012421607971191406,0.6579354251932696
0.00012421607971191406,0.6580263756252842
0.00012421607971191406,0.6581173260572988
0.00012421607971191406,0.6582082764893133
0.00012421607971191406,0.6582992269213279
0.00012421607971191406,0.6583901773533424
0.00012421607971191406,0.658481127785357
0.00012421607971191406,0.6585720782173715
0.00012421607971191406,0.6586630286493861
0.00012421607971191406,0.6587539790814007
0.00012421607971191406,0.6588449295134152
0.00012421607971191406,0.6589358799454298
0.00012445449829101562,0.6590268303774443
0.00012445449829101562,0.6591177808094588
0.00012445449829101562,0.6592087312414734
0.00012445449829101562,0.659299681673488
0.00012445449829101562,0.6593906321055025
0.00012445449829101562,0.6594815825375171
0.00012445449829101562,0.6595725329695316
0.00012445449829101562,0.6596634834015461
0.00012445449829101562,0.6597544338335607
0.00012445449829101562,0.6598453842655753
0.00012445449829101562,0.6599363346975898
0.00012445449829101562,0.6600272851296044
0.00012445449829101562,0.660118235561619
0.00012445449829101562,0.6602091859936334
0.00012445449829101562,0.660300136425648
0.00012445449829101562,0.6603910868576626
0.00012445449829101562,0.6604820372896771
0.00012445449829101562,0.6605729877216917
0.00012445449829101562,0.6606639381537063
0.00012445449829101562,0.6607548885857207
0.00012445449829101562,0.6608458390177353
0.00012445449829101562,0.6609367894497499
0.00012445449829101562,0.6610277398817644
0.00012445449829101562,0.661118690313779
0.00012445449829101562,0.6612096407457936
0.00012445449829101562,0.661300591177808
0.00012445449829101562,0.6613915416098226
0.00012445449829101562,0.6614824920418372
0.00012445449829101562,0.6615734424738517
0.00012445449829101562,0.6616643929058663
0.00012445449829101562,0.6617553433378809
0.00012445449829101562,0.6618462937698955
0.00012445449829101562,0.6619372442019099
0.00012445449829101562,0.6620281946339245
0.00012445449829101562,0.662119145065939
0.00012445449829101562,0.6622100954979536
0.00012445449829101562,0.6623010459299682
0.00012445449829101562,0.6623919963619828
0.00012445449829101562,0.6624829467939972
0.00012445449829101562,0.6625738972260118
0.0001246929168701172,0.6626648476580264
0.0001246929168701172,0.6627557980900409
0.0001246929168701172,0.6628467485220555
0.0001246929168701172,0.6629376989540701
0.0001246929168701172,0.6630286493860846
0.0001246929168701172,0.6631195998180991
0.0001246929168701172,0.6632105502501137
0.0001246929168701172,0.6633015006821282
0.0001246929168701172,0.6633924511141428
0.0001246929168701172,0.6634834015461574
0.0001246929168701172,0.6635743519781719
0.0001246929168701172,0.6636653024101864
0.0001246929168701172,0.663756252842201
0.0001246929168701172,0.6638472032742155
0.0001246929168701172,0.6639381537062301
0.0001246929168701172,0.6640291041382447
0.0001246929168701172,0.6641200545702592
0.0001246929168701172,0.6642110050022738
0.0001246929168701172,0.6643019554342883
0.0001246929168701172,0.6643929058663028
0.0001246929168701172,0.6644838562983174
0.0001246929168701172,0.664574806730332
0.0001246929168701172,0.6646657571623465
0.0001246929168701172,0.6647567075943611
0.0001246929168701172,0.6648476580263756
0.0001246929168701172,0.6649386084583901
0.0001246929168701172,0.6650295588904047
0.0001246929168701172,0.6651205093224193
0.0001246929168701172,0.6652114597544339
0.0001246929168701172,0.6653024101864484
0.0001246929168701172,0.665393360618463
0.0001246929168701172,0.6654843110504775
0.0001246929168701172,0.665575261482492
0.0001246929168701172,0.6656662119145066
0.0001246929168701172,0.6657571623465212
0.0001246929168701172,0.6658481127785357
0.0001246929168701172,0.6659390632105503
0.0001246929168701172,0.6660300136425648
0.0001246929168701172,0.6661209640745793
0.0001246929168701172,0.6662119145065939
0.0001246929168701172,0.6663028649386085
0.0001246929168701172,0.666393815370623
0.00012493133544921875,0.6664847658026376
0.00012493133544921875,0.6665757162346521
0.00012493133544921875,0.6666666666666666
0.00012493133544921875,0.6667576170986812
0.00012493133544921875,0.6668485675306958
0.00012493133544921875,0.6669395179627103
0.00012493133544921875,0.6670304683947249
0.00012493133544921875,0.6671214188267395
0.00012493133544921875,0.6672123692587539
0.00012493133544921875,0.6673033196907685
0.00012493133544921875,0.6673942701227831
0.00012493133544921875,0.6674852205547976
0.00012493133544921875,0.6675761709868122
0.00012493133544921875,0.6676671214188268
0.00012493133544921875,0.6677580718508412
0.00012493133544921875,0.6678490222828558
0.00012493133544921875,0.6679399727148704
0.00012493133544921875,0.668030923146885
0.00012493133544921875,0.6681218735788995
0.00012493133544921875,0.6682128240109141
0.00012493133544921875,0.6683037744429287
0.00012493133544921875,0.6683947248749431
0.00012493133544921875,0.6684856753069577
0.00012493133544921875,0.6685766257389723
0.00012493133544921875,0.6686675761709868
0.00012493133544921875,0.6687585266030014
0.00012493133544921875,0.668849477035016
0.00012493133544921875,0.6689404274670304
0.00012493133544921875,0.669031377899045
0.00012493133544921875,0.6691223283310596
0.00012493133544921875,0.6692132787630741
0.00012493133544921875,0.6693042291950887
0.00012493133544921875,0.6693951796271033
0.00012493133544921875,0.6694861300591178
0.00012493133544921875,0.6695770804911323
0.00012493133544921875,0.6696680309231469
0.00012493133544921875,0.6697589813551614
0.0001251697540283203,0.669849931787176
0.0001251697540283203,0.6699408822191906
0.0001251697540283203,0.6700318326512051
0.0001251697540283203,0.6701227830832196
0.0001251697540283203,0.6702137335152342
0.0001251697540283203,0.6703046839472487
0.0001251697540283203,0.6703956343792633
0.0001251697540283203,0.6704865848112779
0.0001251697540283203,0.6705775352432924
0.0001251697540283203,0.6706684856753069
0.0001251697540283203,0.6707594361073215
0.0001251697540283203,0.670850386539336
0.0001251697540283203,0.6709413369713506
0.0001251697540283203,0.6710322874033652
0.0001251697540283203,0.6711232378353797
0.0001251697540283203,0.6712141882673943
0.0001251697540283203,0.6713051386994088
0.0001251697540283203,0.6713960891314233
0.0001251697540283203,0.6714870395634379
0.0001251697540283203,0.6715779899954525
0.0001251697540283203,0.671668940427467
0.0001251697540283203,0.6717598908594816
0.0001251697540283203,0.6718508412914961
0.0001251697540283203,0.6719417917235107
0.0001251697540283203,0.6720327421555252
0.00012540817260742188,0.6721236925875398
0.00012540817260742188,0.6722146430195544
0.00012540817260742188,0.6723055934515689
0.00012540817260742188,0.6723965438835835
0.00012540817260742188,0.672487494315598
0.00012540817260742188,0.6725784447476125
0.00012540817260742188,0.6726693951796271
0.00012540817260742188,0.6727603456116417
0.00012540817260742188,0.6728512960436562
0.00012540817260742188,0.6729422464756708
0.00012540817260742188,0.6730331969076853
0.00012540817260742188,0.6731241473396998
0.00012540817260742188,0.6732150977717144
0.00012540817260742188,0.673306048203729
0.00012540817260742188,0.6733969986357435
0.00012540817260742188,0.6734879490677581
0.00012540817260742188,0.6735788994997727
0.00012540817260742188,0.6736698499317871
0.00012540817260742188,0.6737608003638017
0.00012540817260742188,0.6738517507958163
0.00012540817260742188,0.6739427012278308
0.00012540817260742188,0.6740336516598454
0.00012540817260742188,0.67412460209186
0.00012540817260742188,0.6742155525238744
0.00012540817260742188,0.674306502955889
0.00012540817260742188,0.6743974533879036
0.00012540817260742188,0.6744884038199181
0.00012540817260742188,0.6745793542519327
0.00012540817260742188,0.6746703046839473
0.00012540817260742188,0.6747612551159619
0.00012540817260742188,0.6748522055479763
0.00012564659118652344,0.6749431559799909
0.00012564659118652344,0.6750341064120055
0.00012564659118652344,0.67512505684402
0.00012564659118652344,0.6752160072760346
0.00012564659118652344,0.6753069577080492
0.00012564659118652344,0.6753979081400636
0.00012564659118652344,0.6754888585720782
0.00012564659118652344,0.6755798090040928
0.00012564659118652344,0.6756707594361073
0.00012564659118652344,0.6757617098681219
0.00012564659118652344,0.6758526603001365
0.00012564659118652344,0.6759436107321509
0.00012564659118652344,0.6760345611641655
0.00012564659118652344,0.6761255115961801
0.00012564659118652344,0.6762164620281946
0.00012564659118652344,0.6763074124602092
0.00012564659118652344,0.6763983628922238
0.00012564659118652344,0.6764893133242383
0.00012564659118652344,0.6765802637562528
0.00012564659118652344,0.6766712141882674
0.00012564659118652344,0.6767621646202819
0.00012564659118652344,0.6768531150522965
0.00012564659118652344,0.6769440654843111
0.00012564659118652344,0.6770350159163256
0.00012564659118652344,0.6771259663483401
0.00012564659118652344,0.6772169167803547
0.00012564659118652344,0.6773078672123692
0.00012564659118652344,0.6773988176443838
0.00012564659118652344,0.6774897680763984
0.00012564659118652344,0.677580718508413
0.00012564659118652344,0.6776716689404275
0.00012564659118652344,0.677762619372442
0.000125885009765625,0.6778535698044565
0.000125885009765625,0.6779445202364711
0.000125885009765625,0.6780354706684857
0.000125885009765625,0.6781264211005003
0.000125885009765625,0.6782173715325148
0.000125885009765625,0.6783083219645293
0.000125885009765625,0.6783992723965439
0.000125885009765625,0.6784902228285584
0.000125885009765625,0.678581173260573
0.000125885009765625,0.6786721236925876
0.000125885009765625,0.6787630741246021
0.000125885009765625,0.6788540245566167
0.000125885009765625,0.6789449749886312
0.000125885009765625,0.6790359254206457
0.000125885009765625,0.6791268758526603
0.000125885009765625,0.6792178262846749
0.000125885009765625,0.6793087767166894
0.000125885009765625,0.679399727148704
0.000125885009765625,0.6794906775807185
0.000125885009765625,0.679581628012733
0.000125885009765625,0.6796725784447476
0.000125885009765625,0.6797635288767622
0.000125885009765625,0.6798544793087767
0.000125885009765625,0.6799454297407913
0.000125885009765625,0.6800363801728058
0.000125885009765625,0.6801273306048203
0.000125885009765625,0.6802182810368349
0.000125885009765625,0.6803092314688495
0.000125885009765625,0.680400181900864
0.000125885009765625,0.6804911323328786
0.000125885009765625,0.6805820827648932
0.000125885009765625,0.6806730331969076
0.000125885009765625,0.6807639836289222
0.000125885009765625,0.6808549340609368
0.000125885009765625,0.6809458844929513
0.000125885009765625,0.6810368349249659
0.000125885009765625,0.6811277853569805
0.000125885009765625,0.681218735788995
0.000125885009765625,0.6813096862210095
0.000125885009765625,0.6814006366530241
0.000125885009765625,0.6814915870850387
0.000125885009765625,0.6815825375170532
0.00012612342834472656,0.6816734879490678
0.00012612342834472656,0.6817644383810824
0.00012612342834472656,0.6818553888130968
0.00012612342834472656,0.6819463392451114
0.00012612342834472656,0.682037289677126
0.00012612342834472656,0.6821282401091405
0.00012612342834472656,0.6822191905411551
0.00012612342834472656,0.6823101409731697
0.00012612342834472656,0.6824010914051841
0.00012612342834472656,0.6824920418371987
0.00012612342834472656,0.6825829922692133
0.00012612342834472656,0.6826739427012278
0.00012612342834472656,0.6827648931332424
0.00012612342834472656,0.682855843565257
0.00012612342834472656,0.6829467939972715
0.00012612342834472656,0.683037744429286
0.00012612342834472656,0.6831286948613006
0.00012612342834472656,0.6832196452933151
0.00012612342834472656,0.6833105957253297
0.00012612342834472656,0.6834015461573443
0.00012612342834472656,0.6834924965893588
0.00012612342834472656,0.6835834470213733
0.00012612342834472656,0.6836743974533879
0.00012612342834472656,0.6837653478854024
0.00012612342834472656,0.683856298317417
0.00012612342834472656,0.6839472487494316
0.00012612342834472656,0.6840381991814461
0.00012636184692382812,0.6841291496134607
0.00012636184692382812,0.6842201000454752
0.00012636184692382812,0.6843110504774897
0.00012636184692382812,0.6844020009095043
0.00012636184692382812,0.6844929513415189
0.00012636184692382812,0.6845839017735335
0.00012636184692382812,0.684674852205548
0.00012636184692382812,0.6847658026375625
0.00012636184692382812,0.684856753069577
0.00012636184692382812,0.6849477035015916
0.00012636184692382812,0.6850386539336062
0.00012636184692382812,0.6851296043656208
0.00012636184692382812,0.6852205547976353
0.00012636184692382812,0.6853115052296498
0.00012636184692382812,0.6854024556616644
0.00012636184692382812,0.6854934060936789
0.00012636184692382812,0.6855843565256935
0.00012636184692382812,0.6856753069577081
0.00012636184692382812,0.6857662573897226
0.00012636184692382812,0.6858572078217372
0.00012636184692382812,0.6859481582537517
0.00012636184692382812,0.6860391086857662
0.00012636184692382812,0.6861300591177808
0.00012636184692382812,0.6862210095497954
0.00012636184692382812,0.6863119599818099
0.00012636184692382812,0.6864029104138245
0.0001266002655029297,0.686493860845839
0.0001266002655029297,0.6865848112778535
0.0001266002655029297,0.6866757617098681
0.0001266002655029297,0.6867667121418827
0.0001266002655029297,0.6868576625738972
0.0001266002655029297,0.6869486130059118
0.0001266002655029297,0.6870395634379264
0.0001266002655029297,0.6871305138699408
0.0001266002655029297,0.6872214643019554
0.0001266002655029297,0.68731241473397
0.0001266002655029297,0.6874033651659845
0.0001266002655029297,0.6874943155979991
0.0001266002655029297,0.6875852660300137
0.0001266002655029297,0.6876762164620281
0.0001266002655029297,0.6877671668940427
0.0001266002655029297,0.6878581173260573
0.0001266002655029297,0.6879490677580719
0.0001266002655029297,0.6880400181900864
0.0001266002655029297,0.688130968622101
0.0001266002655029297,0.6882219190541156
0.0001266002655029297,0.68831286948613
0.0001266002655029297,0.6884038199181446
0.0001266002655029297,0.6884947703501592
0.0001266002655029297,0.6885857207821737
0.0001266002655029297,0.6886766712141883
0.0001266002655029297,0.6887676216462029
0.0001266002655029297,0.6888585720782173
0.0001266002655029297,0.6889495225102319
0.00012683868408203125,0.6890404729422465
0.00012683868408203125,0.689131423374261
0.00012683868408203125,0.6892223738062756
0.00012683868408203125,0.6893133242382902
0.00012683868408203125,0.6894042746703046
0.00012683868408203125,0.6894952251023192
0.00012683868408203125,0.6895861755343338
0.00012683868408203125,0.6896771259663483
0.00012683868408203125,0.6897680763983629
0.00012683868408203125,0.6898590268303775
0.00012683868408203125,0.689949977262392
0.00012683868408203125,0.6900409276944065
0.00012683868408203125,0.6901318781264211
0.00012683868408203125,0.6902228285584356
0.00012683868408203125,0.6903137789904502
0.00012683868408203125,0.6904047294224648
0.00012683868408203125,0.6904956798544793
0.00012683868408203125,0.6905866302864938
0.00012683868408203125,0.6906775807185084
0.00012683868408203125,0.690768531150523
0.00012683868408203125,0.6908594815825375
0.00012683868408203125,0.6909504320145521
0.00012683868408203125,0.6910413824465667
0.00012683868408203125,0.6911323328785812
0.00012683868408203125,0.6912232833105957
0.00012683868408203125,0.6913142337426103
0.00012683868408203125,0.6914051841746248
0.00012683868408203125,0.6914961346066394
0.00012683868408203125,0.691587085038654
0.00012683868408203125,0.6916780354706685
0.00012683868408203125,0.691768985902683
0.00012683868408203125,0.6918599363346976
0.00012683868408203125,0.6919508867667121
0.00012683868408203125,0.6920418371987267
0.00012683868408203125,0.6921327876307413
0.00012683868408203125,0.6922237380627558
0.00012683868408203125,0.6923146884947704
0.00012683868408203125,0.6924056389267849
0.00012683868408203125,0.6924965893587994
0.00012683868408203125,0.692587539790814
0.00012683868408203125,0.6926784902228286
0.0001270771026611328,0.6927694406548431
0.0001270771026611328,0.6928603910868577
0.0001270771026611328,0.6929513415188722
0.0001270771026611328,0.6930422919508867
0.0001270771026611328,0.6931332423829013
0.0001270771026611328,0.6932241928149159
0.0001270771026611328,0.6933151432469304
0.0001270771026611328,0.693406093678945
0.0001270771026611328,0.6934970441109596
0.0001270771026611328,0.693587994542974
0.0001270771026611328,0.6936789449749886
0.0001270771026611328,0.6937698954070032
0.0001270771026611328,0.6938608458390177
0.0001270771026611328,0.6939517962710323
0.0001270771026611328,0.6940427467030469
0.0001270771026611328,0.6941336971350613
0.0001270771026611328,0.6942246475670759
0.0001270771026611328,0.6943155979990905
0.0001270771026611328,0.694406548431105
0.0001270771026611328,0.6944974988631196
0.0001270771026611328,0.6945884492951342
0.0001270771026611328,0.6946793997271486
0.0001270771026611328,0.6947703501591632
0.0001270771026611328,0.6948613005911778
0.0001270771026611328,0.6949522510231924
0.0001270771026611328,0.6950432014552069
0.0001270771026611328,0.6951341518872215
0.0001270771026611328,0.6952251023192361
0.0001270771026611328,0.6953160527512505
0.0001270771026611328,0.6954070031832651
0.0001270771026611328,0.6954979536152797
0.00012731552124023438,0.6955889040472942
0.00012731552124023438,0.6956798544793088
0.00012731552124023438,0.6957708049113234
0.00012731552124023438,0.6958617553433378
0.00012731552124023438,0.6959527057753524
0.00012731552124023438,0.696043656207367
0.00012731552124023438,0.6961346066393815
0.00012731552124023438,0.6962255570713961
0.00012731552124023438,0.6963165075034107
0.00012731552124023438,0.6964074579354252
0.00012731552124023438,0.6964984083674397
0.00012731552124023438,0.6965893587994543
0.00012731552124023438,0.6966803092314688
0.00012731552124023438,0.6967712596634834
0.00012731552124023438,0.696862210095498
0.00012731552124023438,0.6969531605275125
0.00012731552124023438,0.697044110959527
0.00012731552124023438,0.6971350613915416
0.00012731552124023438,0.6972260118235561
0.00012731552124023438,0.6973169622555707
0.00012731552124023438,0.6974079126875853
0.00012731552124023438,0.6974988631195999
0.00012731552124023438,0.6975898135516144
0.00012731552124023438,0.6976807639836289
0.00012731552124023438,0.6977717144156435
0.00012731552124023438,0.697862664847658
0.00012731552124023438,0.6979536152796726
0.00012731552124023438,0.6980445657116872
0.00012731552124023438,0.6981355161437017
0.00012731552124023438,0.6982264665757162
0.00012731552124023438,0.6983174170077308
0.00012731552124023438,0.6984083674397453
0.00012731552124023438,0.6984993178717599
0.00012731552124023438,0.6985902683037745
0.00012731552124023438,0.698681218735789
0.00012755393981933594,0.6987721691678035
0.00012755393981933594,0.6988631195998181
0.00012755393981933594,0.6989540700318326
0.00012755393981933594,0.6990450204638472
0.00012755393981933594,0.6991359708958618
0.00012755393981933594,0.6992269213278763
0.00012755393981933594,0.6993178717598909
0.00012755393981933594,0.6994088221919054
0.00012755393981933594,0.6994997726239199
0.00012755393981933594,0.6995907230559345
0.00012755393981933594,0.6996816734879491
0.00012755393981933594,0.6997726239199636
0.00012755393981933594,0.6998635743519782
0.00012755393981933594,0.6999545247839927
0.00012755393981933594,0.7000454752160072
0.00012755393981933594,0.7001364256480218
0.00012755393981933594,0.7002273760800364
0.00012755393981933594,0.700318326512051
0.00012755393981933594,0.7004092769440655
0.00012755393981933594,0.7005002273760801
0.00012755393981933594,0.7005911778080945
0.00012755393981933594,0.7006821282401091
0.00012755393981933594,0.7007730786721237
0.00012755393981933594,0.7008640291041383
0.00012755393981933594,0.7009549795361528
0.00012755393981933594,0.7010459299681674
0.00012755393981933594,0.7011368804001818
0.00012755393981933594,0.7012278308321964
0.00012755393981933594,0.701318781264211
0.00012755393981933594,0.7014097316962256
0.00012755393981933594,0.7015006821282401
0.00012755393981933594,0.7015916325602547
0.00012755393981933594,0.7016825829922693
0.0001277923583984375,0.7017735334242837
0.0001277923583984375,0.7018644838562983
0.0001277923583984375,0.7019554342883129
0.0001277923583984375,0.7020463847203274
0.0001277923583984375,0.702137335152342
0.0001277923583984375,0.7022282855843566
0.0001277923583984375,0.702319236016371
0.0001277923583984375,0.7024101864483856
0.0001277923583984375,0.7025011368804002
0.0001277923583984375,0.7025920873124147
0.0001277923583984375,0.7026830377444293
0.0001277923583984375,0.7027739881764439
0.0001277923583984375,0.7028649386084584
0.0001277923583984375,0.7029558890404729
0.0001277923583984375,0.7030468394724875
0.0001277923583984375,0.703137789904502
0.0001277923583984375,0.7032287403365166
0.0001277923583984375,0.7033196907685312
0.0001277923583984375,0.7034106412005457
0.0001277923583984375,0.7035015916325602
0.0001277923583984375,0.7035925420645748
0.0001277923583984375,0.7036834924965893
0.0001277923583984375,0.7037744429286039
0.0001277923583984375,0.7038653933606185
0.0001277923583984375,0.703956343792633
0.0001277923583984375,0.7040472942246475
0.0001277923583984375,0.7041382446566621
0.00012803077697753906,0.7042291950886767
0.00012803077697753906,0.7043201455206912
0.00012803077697753906,0.7044110959527058
0.00012803077697753906,0.7045020463847204
0.00012803077697753906,0.7045929968167349
0.00012803077697753906,0.7046839472487494
0.00012803077697753906,0.704774897680764
0.00012803077697753906,0.7048658481127785
0.00012803077697753906,0.7049567985447931
0.00012803077697753906,0.7050477489768077
0.00012803077697753906,0.7051386994088222
0.00012803077697753906,0.7052296498408367
0.00012803077697753906,0.7053206002728513
0.00012803077697753906,0.7054115507048658
0.00012803077697753906,0.7055025011368804
0.00012803077697753906,0.705593451568895
0.00012803077697753906,0.7056844020009095
0.00012803077697753906,0.7057753524329241
0.00012803077697753906,0.7058663028649386
0.00012803077697753906,0.7059572532969531
0.00012803077697753906,0.7060482037289677
0.00012826919555664062,0.7061391541609823
0.00012826919555664062,0.7062301045929968
0.00012826919555664062,0.7063210550250114
0.00012826919555664062,0.7064120054570259
0.00012826919555664062,0.7065029558890404
0.00012826919555664062,0.706593906321055
0.00012826919555664062,0.7066848567530696
0.00012826919555664062,0.7067758071850841
0.00012826919555664062,0.7068667576170987
0.00012826919555664062,0.7069577080491133
0.00012826919555664062,0.7070486584811277
0.00012826919555664062,0.7071396089131423
0.00012826919555664062,0.7072305593451569
0.00012826919555664062,0.7073215097771715
0.00012826919555664062,0.707412460209186
0.00012826919555664062,0.7075034106412006
0.00012826919555664062,0.707594361073215
0.00012826919555664062,0.7076853115052296
0.00012826919555664062,0.7077762619372442
0.00012826919555664062,0.7078672123692588
0.00012826919555664062,0.7079581628012733
0.00012826919555664062,0.7080491132332879
0.00012826919555664062,0.7081400636653024
0.00012826919555664062,0.7082310140973169
0.00012826919555664062,0.7083219645293315
0.00012826919555664062,0.7084129149613461
0.00012826919555664062,0.7085038653933606
0.00012826919555664062,0.7085948158253752
0.0001285076141357422,0.7086857662573898
0.0001285076141357422,0.7087767166894042
0.0001285076141357422,0.7088676671214188
0.0001285076141357422,0.7089586175534334
0.0001285076141357422,0.7090495679854479
0.0001285076141357422,0.7091405184174625
0.0001285076141357422,0.7092314688494771
0.0001285076141357422,0.7093224192814915
0.0001285076141357422,0.7094133697135061
0.0001285076141357422,0.7095043201455207
0.0001285076141357422,0.7095952705775352
0.0001285076141357422,0.7096862210095498
0.0001285076141357422,0.7097771714415644
0.0001285076141357422,0.709868121873579
0.0001285076141357422,0.7099590723055934
0.0001285076141357422,0.710050022737608
0.0001285076141357422,0.7101409731696225
0.0001285076141357422,0.7102319236016371
0.0001285076141357422,0.7103228740336517
0.0001285076141357422,0.7104138244656663
0.0001285076141357422,0.7105047748976807
0.0001285076141357422,0.7105957253296953
0.0001285076141357422,0.7106866757617099
0.0001285076141357422,0.7107776261937244
0.0001285076141357422,0.710868576625739
0.0001285076141357422,0.7109595270577536
0.0001285076141357422,0.7110504774897681
0.0001285076141357422,0.7111414279217826
0.0001285076141357422,0.7112323783537972
0.0001285076141357422,0.7113233287858117
0.0001285076141357422,0.7114142792178263
0.0001285076141357422,0.7115052296498409
0.0001285076141357422,0.7115961800818554
0.0001285076141357422,0.7116871305138699
0.0001285076141357422,0.7117780809458845
0.0001285076141357422,0.711869031377899
0.0001285076141357422,0.7119599818099136
0.0001285076141357422,0.7120509322419282
0.0001285076141357422,0.7121418826739427
0.0001285076141357422,0.7122328331059573
0.00012874603271484375,0.7123237835379718
0.00012874603271484375,0.7124147339699863
0.00012874603271484375,0.7125056844020009
0.00012874603271484375,0.7125966348340155
0.00012874603271484375,0.71268758526603
0.00012874603271484375,0.7127785356980446
0.00012874603271484375,0.7128694861300591
0.00012874603271484375,0.7129604365620736
0.00012874603271484375,0.7130513869940882
0.00012874603271484375,0.7131423374261028
0.00012874603271484375,0.7132332878581173
0.00012874603271484375,0.7133242382901319
0.00012874603271484375,0.7134151887221464
0.00012874603271484375,0.713506139154161
0.00012874603271484375,0.7135970895861755
0.00012874603271484375,0.7136880400181901
0.00012874603271484375,0.7137789904502047
0.00012874603271484375,0.7138699408822192
0.00012874603271484375,0.7139608913142338
0.0001289844512939453,0.7140518417462483
0.0001289844512939453,0.7141427921782628
0.0001289844512939453,0.7142337426102774
0.0001289844512939453,0.714324693042292
0.0001289844512939453,0.7144156434743065
0.0001289844512939453,0.7145065939063211
0.0001289844512939453,0.7145975443383356
0.0001289844512939453,0.7146884947703501
0.0001289844512939453,0.7147794452023647
0.0001289844512939453,0.7148703956343793
0.0001289844512939453,0.7149613460663938
0.0001289844512939453,0.7150522964984084
0.0001289844512939453,0.715143246930423
0.0001289844512939453,0.7152341973624374
0.0001289844512939453,0.715325147794452
0.0001289844512939453,0.7154160982264666
0.0001289844512939453,0.7155070486584811
0.0001289844512939453,0.7155979990904957
0.0001289844512939453,0.7156889495225103
0.0001289844512939453,0.7157798999545247
0.0001289844512939453,0.7158708503865393
0.0001289844512939453,0.7159618008185539
0.0001289844512939453,0.7160527512505684
0.0001289844512939453,0.716143701682583
0.00012922286987304688,0.7162346521145976
0.00012922286987304688,0.7163256025466122
0.00012922286987304688,0.7164165529786266
0.00012922286987304688,0.7165075034106412
0.00012922286987304688,0.7165984538426557
0.00012922286987304688,0.7166894042746703
0.00012922286987304688,0.7167803547066849
0.00012922286987304688,0.7168713051386995
0.00012922286987304688,0.7169622555707139
0.00012922286987304688,0.7170532060027285
0.00012922286987304688,0.717144156434743
0.00012922286987304688,0.7172351068667576
0.00012922286987304688,0.7173260572987722
0.00012922286987304688,0.7174170077307868
0.00012922286987304688,0.7175079581628012
0.00012922286987304688,0.7175989085948158
0.00012922286987304688,0.7176898590268304
0.00012922286987304688,0.7177808094588449
0.00012922286987304688,0.7178717598908595
0.00012922286987304688,0.7179627103228741
0.00012922286987304688,0.7180536607548886
0.00012922286987304688,0.7181446111869031
0.00012922286987304688,0.7182355616189177
0.00012922286987304688,0.7183265120509322
0.00012922286987304688,0.7184174624829468
0.00012922286987304688,0.7185084129149614
0.00012922286987304688,0.7185993633469759
0.00012922286987304688,0.7186903137789904
0.00012922286987304688,0.718781264211005
0.00012922286987304688,0.7188722146430195
0.00012922286987304688,0.7189631650750341
0.00012946128845214844,0.7190541155070487
0.00012946128845214844,0.7191450659390632
0.00012946128845214844,0.7192360163710778
0.00012946128845214844,0.7193269668030923
0.00012946128845214844,0.7194179172351068
0.00012946128845214844,0.7195088676671214
0.00012946128845214844,0.719599818099136
0.00012946128845214844,0.7196907685311505
0.00012946128845214844,0.7197817189631651
0.00012946128845214844,0.7198726693951796
0.00012946128845214844,0.7199636198271941
0.00012946128845214844,0.7200545702592087
0.00012946128845214844,0.7201455206912233
0.00012946128845214844,0.7202364711232379
0.00012946128845214844,0.7203274215552524
0.00012946128845214844,0.720418371987267
0.00012946128845214844,0.7205093224192815
0.00012946128845214844,0.720600272851296
0.00012946128845214844,0.7206912232833106
0.00012946128845214844,0.7207821737153252
0.00012946128845214844,0.7208731241473397
0.00012946128845214844,0.7209640745793543
0.00012946128845214844,0.7210550250113688
0.00012946128845214844,0.7211459754433833
0.00012946128845214844,0.7212369258753979
0.00012946128845214844,0.7213278763074125
0.00012969970703125,0.721418826739427
0.00012969970703125,0.7215097771714416
0.00012969970703125,0.7216007276034562
0.00012969970703125,0.7216916780354706
0.00012969970703125,0.7217826284674852
0.00012969970703125,0.7218735788994998
0.00012969970703125,0.7219645293315143
0.00012969970703125,0.7220554797635289
0.00012969970703125,0.7221464301955435
0.00012969970703125,0.7222373806275579
0.00012969970703125,0.7223283310595725
0.00012969970703125,0.7224192814915871
0.00012969970703125,0.7225102319236016
0.00012969970703125,0.7226011823556162
0.00012969970703125,0.7226921327876308
0.00012969970703125,0.7227830832196452
0.00012969970703125,0.7228740336516598
0.00012969970703125,0.7229649840836744
0.00012969970703125,0.723055934515689
0.00012969970703125,0.7231468849477035
0.00012969970703125,0.7232378353797181
0.00012969970703125,0.7233287858117327
0.00012993812561035156,0.7234197362437471
0.00012993812561035156,0.7235106866757617
0.00012993812561035156,0.7236016371077763
0.00012993812561035156,0.7236925875397908
0.00012993812561035156,0.7237835379718054
0.00012993812561035156,0.72387448840382
0.00012993812561035156,0.7239654388358344
0.00012993812561035156,0.724056389267849
0.00012993812561035156,0.7241473396998636
0.00012993812561035156,0.7242382901318781
0.00012993812561035156,0.7243292405638927
0.00012993812561035156,0.7244201909959073
0.00012993812561035156,0.7245111414279218
0.00012993812561035156,0.7246020918599363
0.00012993812561035156,0.7246930422919509
0.00012993812561035156,0.7247839927239654
0.00012993812561035156,0.72487494315598
0.00012993812561035156,0.7249658935879946
0.00012993812561035156,0.7250568440200091
0.00012993812561035156,0.7251477944520236
0.00012993812561035156,0.7252387448840382
0.00012993812561035156,0.7253296953160527
0.00012993812561035156,0.7254206457480673
0.00012993812561035156,0.7255115961800819
0.00012993812561035156,0.7256025466120964
0.00012993812561035156,0.725693497044111
0.00012993812561035156,0.7257844474761255
0.00012993812561035156,0.72587539790814
0.00013017654418945312,0.7259663483401546
0.00013017654418945312,0.7260572987721692
0.00013017654418945312,0.7261482492041837
0.00013017654418945312,0.7262391996361983
0.00013017654418945312,0.7263301500682128
0.00013017654418945312,0.7264211005002273
0.00013017654418945312,0.7265120509322419
0.00013017654418945312,0.7266030013642565
0.00013017654418945312,0.726693951796271
0.00013017654418945312,0.7267849022282856
0.00013017654418945312,0.7268758526603001
0.00013017654418945312,0.7269668030923147
0.00013017654418945312,0.7270577535243292
0.00013017654418945312,0.7271487039563438
0.00013017654418945312,0.7272396543883584
0.00013017654418945312,0.7273306048203729
0.00013017654418945312,0.7274215552523875
0.00013017654418945312,0.727512505684402
0.00013017654418945312,0.7276034561164165
0.00013017654418945312,0.7276944065484311
0.00013017654418945312,0.7277853569804457
0.00013017654418945312,0.7278763074124602
0.00013017654418945312,0.7279672578444748
0.0001304149627685547,0.7280582082764893
0.0001304149627685547,0.7281491587085038
0.0001304149627685547,0.7282401091405184
0.0001304149627685547,0.728331059572533
0.0001304149627685547,0.7284220100045475
0.0001304149627685547,0.7285129604365621
0.0001304149627685547,0.7286039108685767
0.0001304149627685547,0.7286948613005911
0.0001304149627685547,0.7287858117326057
0.0001304149627685547,0.7288767621646203
0.0001304149627685547,0.7289677125966348
0.0001304149627685547,0.7290586630286494
0.0001304149627685547,0.729149613460664
0.0001304149627685547,0.7292405638926784
0.0001304149627685547,0.729331514324693
0.0001304149627685547,0.7294224647567076
0.0001304149627685547,0.7295134151887221
0.0001304149627685547,0.7296043656207367
0.0001304149627685547,0.7296953160527513
0.0001304149627685547,0.7297862664847659
0.0001304149627685547,0.7298772169167803
0.0001304149627685547,0.7299681673487949
0.0001304149627685547,0.7300591177808095
0.00013065338134765625,0.730150068212824
0.00013065338134765625,0.7302410186448386
0.00013065338134765625,0.7303319690768532
0.00013065338134765625,0.7304229195088676
0.00013065338134765625,0.7305138699408822
0.00013065338134765625,0.7306048203728968
0.00013065338134765625,0.7306957708049113
0.00013065338134765625,0.7307867212369259
0.00013065338134765625,0.7308776716689405
0.00013065338134765625,0.730968622100955
0.00013065338134765625,0.7310595725329695
0.00013065338134765625,0.7311505229649841
0.00013065338134765625,0.7312414733969986
0.00013065338134765625,0.7313324238290132
0.00013065338134765625,0.7314233742610278
0.00013065338134765625,0.7315143246930423
0.00013065338134765625,0.7316052751250568
0.00013065338134765625,0.7316962255570714
0.00013065338134765625,0.7317871759890859
0.00013065338134765625,0.7318781264211005
0.00013065338134765625,0.7319690768531151
0.00013065338134765625,0.7320600272851296
0.00013065338134765625,0.7321509777171441
0.00013065338134765625,0.7322419281491587
0.00013065338134765625,0.7323328785811732
0.00013065338134765625,0.7324238290131878
0.00013065338134765625,0.7325147794452024
0.00013065338134765625,0.732605729877217
0.00013065338134765625,0.7326966803092315
0.00013065338134765625,0.732787630741246
0.0001308917999267578,0.7328785811732605
0.0001308917999267578,0.7329695316052751
0.0001308917999267578,0.7330604820372897
0.0001308917999267578,0.7331514324693043
0.0001308917999267578,0.7332423829013188
0.0001308917999267578,0.7333333333333333
0.0001308917999267578,0.7334242837653479
0.0001308917999267578,0.7335152341973624
0.0001308917999267578,0.733606184629377
0.0001308917999267578,0.7336971350613916
0.0001308917999267578,0.7337880854934061
0.0001308917999267578,0.7338790359254207
0.0001308917999267578,0.7339699863574352
0.0001308917999267578,0.7340609367894497
0.0001308917999267578,0.7341518872214643
0.0001308917999267578,0.7342428376534789
0.0001308917999267578,0.7343337880854934
0.0001308917999267578,0.734424738517508
0.0001308917999267578,0.7345156889495225
0.0001308917999267578,0.734606639381537
0.0001308917999267578,0.7346975898135516
0.0001308917999267578,0.7347885402455662
0.0001308917999267578,0.7348794906775807
0.0001308917999267578,0.7349704411095953
0.0001308917999267578,0.7350613915416099
0.0001308917999267578,0.7351523419736243
0.00013113021850585938,0.7352432924056389
0.00013113021850585938,0.7353342428376535
0.00013113021850585938,0.735425193269668
0.00013113021850585938,0.7355161437016826
0.00013113021850585938,0.7356070941336972
0.00013113021850585938,0.7356980445657116
0.00013113021850585938,0.7357889949977262
0.00013113021850585938,0.7358799454297408
0.00013113021850585938,0.7359708958617553
0.00013113021850585938,0.7360618462937699
0.00013113021850585938,0.7361527967257845
0.00013113021850585938,0.736243747157799
0.00013113021850585938,0.7363346975898135
0.00013113021850585938,0.7364256480218281
0.00013113021850585938,0.7365165984538427
0.00013113021850585938,0.7366075488858572
0.00013113021850585938,0.7366984993178718
0.00013113021850585938,0.7367894497498864
0.00013113021850585938,0.7368804001819008
0.00013113021850585938,0.7369713506139154
0.00013113021850585938,0.73706230104593
0.00013113021850585938,0.7371532514779445
0.00013113021850585938,0.7372442019099591
0.00013113021850585938,0.7373351523419737
0.00013136863708496094,0.7374261027739881
0.00013136863708496094,0.7375170532060027
0.00013136863708496094,0.7376080036380173
0.00013136863708496094,0.7376989540700318
0.00013136863708496094,0.7377899045020464
0.00013136863708496094,0.737880854934061
0.00013136863708496094,0.7379718053660755
0.00013136863708496094,0.73806275579809
0.00013136863708496094,0.7381537062301046
0.00013136863708496094,0.7382446566621191
0.00013136863708496094,0.7383356070941337
0.00013136863708496094,0.7384265575261483
0.00013136863708496094,0.7385175079581628
0.00013136863708496094,0.7386084583901773
0.00013136863708496094,0.7386994088221919
0.00013136863708496094,0.7387903592542064
0.00013136863708496094,0.738881309686221
0.00013136863708496094,0.7389722601182356
0.00013136863708496094,0.7390632105502501
0.00013136863708496094,0.7391541609822647
0.00013136863708496094,0.7392451114142792
0.00013136863708496094,0.7393360618462937
0.00013136863708496094,0.7394270122783083
0.00013136863708496094,0.7395179627103229
0.00013136863708496094,0.7396089131423375
0.00013136863708496094,0.739699863574352
0.00013136863708496094,0.7397908140063665
0.00013136863708496094,0.739881764438381
0.00013136863708496094,0.7399727148703956
0.00013136863708496094,0.7400636653024102
0.00013136863708496094,0.7401546157344248
0.00013136863708496094,0.7402455661664393
0.00013136863708496094,0.7403365165984539
0.0001316070556640625,0.7404274670304684
0.0001316070556640625,0.7405184174624829
0.0001316070556640625,0.7406093678944975
0.0001316070556640625,0.7407003183265121
0.0001316070556640625,0.7407912687585266
0.0001316070556640625,0.7408822191905412
0.0001316070556640625,0.7409731696225557
0.0001316070556640625,0.7410641200545702
0.0001316070556640625,0.7411550704865848
0.0001316070556640625,0.7412460209185994
0.0001316070556640625,0.7413369713506139
0.0001316070556640625,0.7414279217826285
0.0001316070556640625,0.741518872214643
0.0001316070556640625,0.7416098226466575
0.0001316070556640625,0.7417007730786721
0.0001316070556640625,0.7417917235106867
0.0001316070556640625,0.7418826739427012
0.0001316070556640625,0.7419736243747158
0.0001316070556640625,0.7420645748067304
0.0001316070556640625,0.7421555252387448
0.0001316070556640625,0.7422464756707594
0.0001316070556640625,0.742337426102774
0.0001316070556640625,0.7424283765347885
0.0001316070556640625,0.7425193269668031
0.0001316070556640625,0.7426102773988177
0.0001316070556640625,0.7427012278308321
0.00013184547424316406,0.7427921782628467
0.00013184547424316406,0.7428831286948613
0.00013184547424316406,0.7429740791268759
0.00013184547424316406,0.7430650295588904
0.00013184547424316406,0.743155979990905
0.00013184547424316406,0.7432469304229196
0.00013184547424316406,0.743337880854934
0.00013184547424316406,0.7434288312869486
0.00013184547424316406,0.7435197817189632
0.00013184547424316406,0.7436107321509777
0.00013184547424316406,0.7437016825829923
0.00013184547424316406,0.7437926330150069
0.00013184547424316406,0.7438835834470213
0.00013184547424316406,0.7439745338790359
0.00013184547424316406,0.7440654843110505
0.00013184547424316406,0.744156434743065
0.00013184547424316406,0.7442473851750796
0.00013184547424316406,0.7443383356070942
0.00013184547424316406,0.7444292860391087
0.00013184547424316406,0.7445202364711232
0.00013184547424316406,0.7446111869031378
0.00013184547424316406,0.7447021373351523
0.00013184547424316406,0.7447930877671669
0.00013184547424316406,0.7448840381991815
0.00013184547424316406,0.744974988631196
0.00013184547424316406,0.7450659390632105
0.00013184547424316406,0.7451568894952251
0.00013184547424316406,0.7452478399272396
0.00013208389282226562,0.7453387903592542
0.00013208389282226562,0.7454297407912688
0.00013208389282226562,0.7455206912232833
0.00013208389282226562,0.7456116416552978
0.00013208389282226562,0.7457025920873124
0.00013208389282226562,0.745793542519327
0.00013208389282226562,0.7458844929513415
0.00013208389282226562,0.7459754433833561
0.00013208389282226562,0.7460663938153707
0.00013208389282226562,0.7461573442473852
0.00013208389282226562,0.7462482946793997
0.00013208389282226562,0.7463392451114143
0.00013208389282226562,0.7464301955434288
0.00013208389282226562,0.7465211459754434
0.00013208389282226562,0.746612096407458
0.00013208389282226562,0.7467030468394725
0.00013208389282226562,0.746793997271487
0.00013208389282226562,0.7468849477035016
0.00013208389282226562,0.7469758981355161
0.00013208389282226562,0.7470668485675307
0.00013208389282226562,0.7471577989995453
0.0001323223114013672,0.7472487494315598
0.0001323223114013672,0.7473396998635744
0.0001323223114013672,0.7474306502955889
0.0001323223114013672,0.7475216007276034
0.0001323223114013672,0.747612551159618
0.0001323223114013672,0.7477035015916326
0.0001323223114013672,0.7477944520236471
0.0001323223114013672,0.7478854024556617
0.0001323223114013672,0.7479763528876762
0.0001323223114013672,0.7480673033196907
0.0001323223114013672,0.7481582537517053
0.0001323223114013672,0.7482492041837199
0.0001323223114013672,0.7483401546157344
0.0001323223114013672,0.748431105047749
0.0001323223114013672,0.7485220554797636
0.0001323223114013672,0.748613005911778
0.0001323223114013672,0.7487039563437926
0.0001323223114013672,0.7487949067758072
0.0001323223114013672,0.7488858572078217
0.0001323223114013672,0.7489768076398363
0.0001323223114013672,0.7490677580718509
0.0001323223114013672,0.7491587085038653
0.0001323223114013672,0.7492496589358799
0.0001323223114013672,0.7493406093678945
0.00013256072998046875,0.749431559799909
0.00013256072998046875,0.7495225102319236
0.00013256072998046875,0.7496134606639382
0.00013256072998046875,0.7497044110959528
0.00013256072998046875,0.7497953615279672
0.00013256072998046875,0.7498863119599818
0.00013256072998046875,0.7499772623919964
0.00013256072998046875,0.7500682128240109
0.00013256072998046875,0.7501591632560255
0.00013256072998046875,0.7502501136880401
0.00013256072998046875,0.7503410641200545
0.00013256072998046875,0.7504320145520691
0.00013256072998046875,0.7505229649840837
0.00013256072998046875,0.7506139154160982
0.00013256072998046875,0.7507048658481128
0.00013256072998046875,0.7507958162801274
0.00013256072998046875,0.7508867667121418
0.00013256072998046875,0.7509777171441564
0.00013256072998046875,0.751068667576171
0.00013256072998046875,0.7511596180081855
0.00013256072998046875,0.7512505684402001
0.00013256072998046875,0.7513415188722147
0.00013256072998046875,0.7514324693042292
0.00013256072998046875,0.7515234197362437
0.00013256072998046875,0.7516143701682583
0.0001327991485595703,0.7517053206002728
0.0001327991485595703,0.7517962710322874
0.0001327991485595703,0.751887221464302
0.0001327991485595703,0.7519781718963165
0.0001327991485595703,0.752069122328331
0.0001327991485595703,0.7521600727603456
0.0001327991485595703,0.7522510231923601
0.0001327991485595703,0.7523419736243747
0.0001327991485595703,0.7524329240563893
0.0001327991485595703,0.7525238744884039
0.0001327991485595703,0.7526148249204184
0.0001327991485595703,0.7527057753524329
0.0001327991485595703,0.7527967257844475
0.0001327991485595703,0.752887676216462
0.0001327991485595703,0.7529786266484766
0.0001327991485595703,0.7530695770804912
0.0001327991485595703,0.7531605275125057
0.0001327991485595703,0.7532514779445202
0.0001327991485595703,0.7533424283765348
0.0001327991485595703,0.7534333788085493
0.0001327991485595703,0.7535243292405639
0.0001327991485595703,0.7536152796725785
0.0001327991485595703,0.753706230104593
0.0001327991485595703,0.7537971805366076
0.0001327991485595703,0.7538881309686221
0.0001327991485595703,0.7539790814006366
0.0001327991485595703,0.7540700318326512
0.00013303756713867188,0.7541609822646658
0.00013303756713867188,0.7542519326966803
0.00013303756713867188,0.7543428831286949
0.00013303756713867188,0.7544338335607094
0.00013303756713867188,0.7545247839927239
0.00013303756713867188,0.7546157344247385
0.00013303756713867188,0.7547066848567531
0.00013303756713867188,0.7547976352887676
0.00013303756713867188,0.7548885857207822
0.00013303756713867188,0.7549795361527967
0.00013303756713867188,0.7550704865848112
0.00013303756713867188,0.7551614370168258
0.00013303756713867188,0.7552523874488404
0.00013303756713867188,0.755343337880855
0.00013303756713867188,0.7554342883128695
0.00013303756713867188,0.7555252387448841
0.00013303756713867188,0.7556161891768985
0.00013303756713867188,0.7557071396089131
0.00013303756713867188,0.7557980900409277
0.00013303756713867188,0.7558890404729423
0.00013303756713867188,0.7559799909049568
0.00013303756713867188,0.7560709413369714
0.00013303756713867188,0.7561618917689858
0.00013303756713867188,0.7562528422010004
0.00013303756713867188,0.756343792633015
0.00013303756713867188,0.7564347430650296
0.00013303756713867188,0.7565256934970441
0.00013303756713867188,0.7566166439290587
0.00013303756713867188,0.7567075943610733
0.00013303756713867188,0.7567985447930877
0.00013303756713867188,0.7568894952251023
0.00013303756713867188,0.7569804456571169
0.00013303756713867188,0.7570713960891314
0.00013303756713867188,0.757162346521146
0.00013303756713867188,0.7572532969531606
0.00013303756713867188,0.757344247385175
0.00013327598571777344,0.7574351978171896
0.00013327598571777344,0.7575261482492042
0.00013327598571777344,0.7576170986812187
0.00013327598571777344,0.7577080491132333
0.00013327598571777344,0.7577989995452479
0.00013327598571777344,0.7578899499772624
0.00013327598571777344,0.7579809004092769
0.00013327598571777344,0.7580718508412915
0.00013327598571777344,0.758162801273306
0.00013327598571777344,0.7582537517053206
0.00013327598571777344,0.7583447021373352
0.00013327598571777344,0.7584356525693497
0.00013327598571777344,0.7585266030013642
0.00013327598571777344,0.7586175534333788
0.00013327598571777344,0.7587085038653933
0.00013327598571777344,0.7587994542974079
0.00013327598571777344,0.7588904047294225
0.00013327598571777344,0.758981355161437
0.00013327598571777344,0.7590723055934516
0.00013327598571777344,0.7591632560254661
0.00013327598571777344,0.7592542064574807
0.00013327598571777344,0.7593451568894952
0.000133514404296875,0.7594361073215098
0.000133514404296875,0.7595270577535244
0.000133514404296875,0.7596180081855389
0.000133514404296875,0.7597089586175534
0.000133514404296875,0.759799909049568
0.000133514404296875,0.7598908594815825
0.000133514404296875,0.7599818099135971
0.000133514404296875,0.7600727603456117
0.000133514404296875,0.7601637107776262
0.000133514404296875,0.7602546612096407
0.000133514404296875,0.7603456116416553
0.000133514404296875,0.7604365620736698
0.000133514404296875,0.7605275125056844
0.000133514404296875,0.760618462937699
0.000133514404296875,0.7607094133697135
0.000133514404296875,0.7608003638017281
0.000133514404296875,0.7608913142337426
0.000133514404296875,0.7609822646657571
0.000133514404296875,0.7610732150977717
0.00013375282287597656,0.7611641655297863
0.00013375282287597656,0.7612551159618008
0.00013375282287597656,0.7613460663938154
0.00013375282287597656,0.7614370168258299
0.00013375282287597656,0.7615279672578444
0.00013375282287597656,0.761618917689859
0.00013375282287597656,0.7617098681218736
0.00013375282287597656,0.7618008185538881
0.00013375282287597656,0.7618917689859027
0.00013375282287597656,0.7619827194179173
0.00013375282287597656,0.7620736698499317
0.00013375282287597656,0.7621646202819463
0.00013375282287597656,0.7622555707139609
0.00013375282287597656,0.7623465211459755
0.00013375282287597656,0.76243747157799
0.00013375282287597656,0.7625284220100046
0.00013375282287597656,0.762619372442019
0.00013375282287597656,0.7627103228740336
0.00013375282287597656,0.7628012733060482
0.00013375282287597656,0.7628922237380628
0.00013375282287597656,0.7629831741700773
0.00013375282287597656,0.7630741246020919
0.00013399124145507812,0.7631650750341065
0.00013399124145507812,0.7632560254661209
0.00013399124145507812,0.7633469758981355
0.00013399124145507812,0.7634379263301501
0.00013399124145507812,0.7635288767621646
0.00013399124145507812,0.7636198271941792
0.00013399124145507812,0.7637107776261938
0.00013399124145507812,0.7638017280582082
0.00013399124145507812,0.7638926784902228
0.00013399124145507812,0.7639836289222374
0.00013399124145507812,0.7640745793542519
0.00013399124145507812,0.7641655297862665
0.00013399124145507812,0.7642564802182811
0.00013399124145507812,0.7643474306502955
0.00013399124145507812,0.7644383810823101
0.00013399124145507812,0.7645293315143247
0.00013399124145507812,0.7646202819463392
0.00013399124145507812,0.7647112323783538
0.00013399124145507812,0.7648021828103684
0.00013399124145507812,0.764893133242383
0.00013399124145507812,0.7649840836743974
0.00013399124145507812,0.765075034106412
0.0001342296600341797,0.7651659845384265
0.0001342296600341797,0.7652569349704411
0.0001342296600341797,0.7653478854024557
0.0001342296600341797,0.7654388358344703
0.0001342296600341797,0.7655297862664847
0.0001342296600341797,0.7656207366984993
0.0001342296600341797,0.7657116871305139
0.0001342296600341797,0.7658026375625284
0.0001342296600341797,0.765893587994543
0.0001342296600341797,0.7659845384265576
0.0001342296600341797,0.7660754888585721
0.0001342296600341797,0.7661664392905866
0.0001342296600341797,0.7662573897226012
0.0001342296600341797,0.7663483401546157
0.0001342296600341797,0.7664392905866303
0.0001342296600341797,0.7665302410186449
0.0001342296600341797,0.7666211914506594
0.0001342296600341797,0.7667121418826739
0.0001342296600341797,0.7668030923146885
0.0001342296600341797,0.766894042746703
0.0001342296600341797,0.7669849931787176
0.0001342296600341797,0.7670759436107322
0.0001342296600341797,0.7671668940427467
0.0001342296600341797,0.7672578444747613
0.00013446807861328125,0.7673487949067758
0.00013446807861328125,0.7674397453387903
0.00013446807861328125,0.7675306957708049
0.00013446807861328125,0.7676216462028195
0.00013446807861328125,0.767712596634834
0.00013446807861328125,0.7678035470668486
0.00013446807861328125,0.7678944974988631
0.00013446807861328125,0.7679854479308776
0.00013446807861328125,0.7680763983628922
0.00013446807861328125,0.7681673487949068
0.00013446807861328125,0.7682582992269213
0.00013446807861328125,0.7683492496589359
0.00013446807861328125,0.7684402000909505
0.00013446807861328125,0.768531150522965
0.00013446807861328125,0.7686221009549795
0.00013446807861328125,0.7687130513869941
0.00013446807861328125,0.7688040018190087
0.00013446807861328125,0.7688949522510232
0.00013446807861328125,0.7689859026830378
0.00013446807861328125,0.7690768531150523
0.0001347064971923828,0.7691678035470668
0.0001347064971923828,0.7692587539790814
0.0001347064971923828,0.769349704411096
0.0001347064971923828,0.7694406548431105
0.0001347064971923828,0.7695316052751251
0.0001347064971923828,0.7696225557071396
0.0001347064971923828,0.7697135061391541
0.0001347064971923828,0.7698044565711687
0.0001347064971923828,0.7698954070031833
0.0001347064971923828,0.7699863574351978
0.0001347064971923828,0.7700773078672124
0.0001347064971923828,0.770168258299227
0.0001347064971923828,0.7702592087312414
0.0001347064971923828,0.770350159163256
0.0001347064971923828,0.7704411095952706
0.0001347064971923828,0.7705320600272851
0.0001347064971923828,0.7706230104592997
0.0001347064971923828,0.7707139608913143
0.0001347064971923828,0.7708049113233287
0.0001347064971923828,0.7708958617553433
0.0001347064971923828,0.7709868121873579
0.0001347064971923828,0.7710777626193724
0.0001347064971923828,0.771168713051387
0.0001347064971923828,0.7712596634834016
0.0001347064971923828,0.7713506139154162
0.0001347064971923828,0.7714415643474306
0.0001347064971923828,0.7715325147794452
0.0001347064971923828,0.7716234652114597
0.0001347064971923828,0.7717144156434743
0.0001347064971923828,0.7718053660754889
0.0001347064971923828,0.7718963165075035
0.0001347064971923828,0.7719872669395179
0.00013494491577148438,0.7720782173715325
0.00013494491577148438,0.772169167803547
0.00013494491577148438,0.7722601182355616
0.00013494491577148438,0.7723510686675762
0.00013494491577148438,0.7724420190995908
0.00013494491577148438,0.7725329695316053
0.00013494491577148438,0.7726239199636198
0.00013494491577148438,0.7727148703956344
0.00013494491577148438,0.7728058208276489
0.00013494491577148438,0.7728967712596635
0.00013494491577148438,0.7729877216916781
0.00013494491577148438,0.7730786721236926
0.00013494491577148438,0.7731696225557071
0.00013494491577148438,0.7732605729877217
0.00013494491577148438,0.7733515234197362
0.00013494491577148438,0.7734424738517508
0.00013494491577148438,0.7735334242837654
0.00013518333435058594,0.7736243747157799
0.00013518333435058594,0.7737153251477944
0.00013518333435058594,0.773806275579809
0.00013518333435058594,0.7738972260118235
0.00013518333435058594,0.7739881764438381
0.00013518333435058594,0.7740791268758527
0.00013518333435058594,0.7741700773078672
0.00013518333435058594,0.7742610277398818
0.00013518333435058594,0.7743519781718963
0.00013518333435058594,0.7744429286039108
0.00013518333435058594,0.7745338790359254
0.00013518333435058594,0.77462482946794
0.00013518333435058594,0.7747157798999545
0.00013518333435058594,0.7748067303319691
0.00013518333435058594,0.7748976807639836
0.0001354217529296875,0.7749886311959981
0.0001354217529296875,0.7750795816280127
0.0001354217529296875,0.7751705320600273
0.0001354217529296875,0.7752614824920419
0.0001354217529296875,0.7753524329240564
0.0001354217529296875,0.775443383356071
0.0001354217529296875,0.7755343337880855
0.0001354217529296875,0.7756252842201
0.0001354217529296875,0.7757162346521146
0.0001354217529296875,0.7758071850841292
0.0001354217529296875,0.7758981355161437
0.0001354217529296875,0.7759890859481583
0.0001354217529296875,0.7760800363801728
0.0001354217529296875,0.7761709868121873
0.0001354217529296875,0.7762619372442019
0.0001354217529296875,0.7763528876762165
0.0001354217529296875,0.776443838108231
0.0001354217529296875,0.7765347885402456
0.0001354217529296875,0.7766257389722602
0.0001354217529296875,0.7767166894042746
0.0001354217529296875,0.7768076398362892
0.0001354217529296875,0.7768985902683038
0.0001354217529296875,0.7769895407003183
0.0001354217529296875,0.7770804911323329
0.0001354217529296875,0.7771714415643475
0.0001354217529296875,0.7772623919963619
0.00013566017150878906,0.7773533424283765
0.00013566017150878906,0.7774442928603911
0.00013566017150878906,0.7775352432924056
0.00013566017150878906,0.7776261937244202
0.00013566017150878906,0.7777171441564348
0.00013566017150878906,0.7778080945884494
0.00013566017150878906,0.7778990450204638
0.00013566017150878906,0.7779899954524784
0.00013566017150878906,0.778080945884493
0.00013566017150878906,0.7781718963165075
0.00013566017150878906,0.7782628467485221
0.00013566017150878906,0.7783537971805367
0.00013566017150878906,0.7784447476125511
0.00013566017150878906,0.7785356980445657
0.00013566017150878906,0.7786266484765803
0.00013566017150878906,0.7787175989085948
0.00013566017150878906,0.7788085493406094
0.00013566017150878906,0.778899499772624
0.00013566017150878906,0.7789904502046384
0.00013566017150878906,0.779081400636653
0.00013566017150878906,0.7791723510686676
0.00013589859008789062,0.7792633015006821
0.00013589859008789062,0.7793542519326967
0.00013589859008789062,0.7794452023647113
0.00013589859008789062,0.7795361527967258
0.00013589859008789062,0.7796271032287403
0.00013589859008789062,0.7797180536607549
0.00013589859008789062,0.7798090040927694
0.00013589859008789062,0.779899954524784
0.00013589859008789062,0.7799909049567986
0.00013589859008789062,0.7800818553888131
0.00013589859008789062,0.7801728058208276
0.00013589859008789062,0.7802637562528422
0.00013589859008789062,0.7803547066848567
0.00013589859008789062,0.7804456571168713
0.00013589859008789062,0.7805366075488859
0.00013589859008789062,0.7806275579809004
0.00013589859008789062,0.780718508412915
0.00013589859008789062,0.7808094588449295
0.00013589859008789062,0.780900409276944
0.00013589859008789062,0.7809913597089586
0.0001361370086669922,0.7810823101409732
0.0001361370086669922,0.7811732605729877
0.0001361370086669922,0.7812642110050023
0.0001361370086669922,0.7813551614370168
0.0001361370086669922,0.7814461118690313
0.0001361370086669922,0.7815370623010459
0.0001361370086669922,0.7816280127330605
0.0001361370086669922,0.781718963165075
0.0001361370086669922,0.7818099135970896
0.0001361370086669922,0.7819008640291042
0.0001361370086669922,0.7819918144611187
0.0001361370086669922,0.7820827648931332
0.0001361370086669922,0.7821737153251478
0.0001361370086669922,0.7822646657571624
0.0001361370086669922,0.7823556161891769
0.0001361370086669922,0.7824465666211915
0.0001361370086669922,0.782537517053206
0.0001361370086669922,0.7826284674852205
0.0001361370086669922,0.7827194179172351
0.0001361370086669922,0.7828103683492497
0.0001361370086669922,0.7829013187812642
0.0001361370086669922,0.7829922692132788
0.0001361370086669922,0.7830832196452933
0.0001361370086669922,0.7831741700773078
0.0001361370086669922,0.7832651205093224
0.0001361370086669922,0.783356070941337
0.0001361370086669922,0.7834470213733515
0.0001361370086669922,0.7835379718053661
0.0001361370086669922,0.7836289222373807
0.0001361370086669922,0.7837198726693951
0.0001361370086669922,0.7838108231014097
0.0001361370086669922,0.7839017735334243
0.00013637542724609375,0.7839927239654388
0.00013637542724609375,0.7840836743974534
0.00013637542724609375,0.784174624829468
0.00013637542724609375,0.7842655752614824
0.00013637542724609375,0.784356525693497
0.00013637542724609375,0.7844474761255116
0.00013637542724609375,0.7845384265575261
0.00013637542724609375,0.7846293769895407
0.00013637542724609375,0.7847203274215553
0.00013637542724609375,0.7848112778535699
0.00013637542724609375,0.7849022282855843
0.00013637542724609375,0.7849931787175989
0.00013637542724609375,0.7850841291496135
0.00013637542724609375,0.785175079581628
0.00013637542724609375,0.7852660300136426
0.00013637542724609375,0.7853569804456572
0.00013637542724609375,0.7854479308776716
0.00013637542724609375,0.7855388813096862
0.00013637542724609375,0.7856298317417008
0.00013637542724609375,0.7857207821737153
0.0001366138458251953,0.7858117326057299
0.0001366138458251953,0.7859026830377445
0.0001366138458251953,0.785993633469759
0.0001366138458251953,0.7860845839017735
0.0001366138458251953,0.7861755343337881
0.0001366138458251953,0.7862664847658026
0.0001366138458251953,0.7863574351978172
0.0001366138458251953,0.7864483856298318
0.0001366138458251953,0.7865393360618463
0.0001366138458251953,0.7866302864938608
0.0001366138458251953,0.7867212369258754
0.0001366138458251953,0.7868121873578899
0.0001366138458251953,0.7869031377899045
0.0001366138458251953,0.7869940882219191
0.0001366138458251953,0.7870850386539336
0.0001366138458251953,0.7871759890859482
0.0001366138458251953,0.7872669395179627
0.0001366138458251953,0.7873578899499772
0.0001366138458251953,0.7874488403819918
0.0001366138458251953,0.7875397908140064
0.0001366138458251953,0.787630741246021
0.0001366138458251953,0.7877216916780355
0.0001366138458251953,0.78781264211005
0.0001366138458251953,0.7879035925420645
0.0001366138458251953,0.7879945429740791
0.00013685226440429688,0.7880854934060937
0.00013685226440429688,0.7881764438381083
0.00013685226440429688,0.7882673942701228
0.00013685226440429688,0.7883583447021373
0.00013685226440429688,0.7884492951341519
0.00013685226440429688,0.7885402455661664
0.00013685226440429688,0.788631195998181
0.00013685226440429688,0.7887221464301956
0.00013685226440429688,0.7888130968622101
0.00013685226440429688,0.7889040472942247
0.00013685226440429688,0.7889949977262392
0.00013685226440429688,0.7890859481582537
0.00013685226440429688,0.7891768985902683
0.00013685226440429688,0.7892678490222829
0.00013685226440429688,0.7893587994542974
0.00013685226440429688,0.789449749886312
0.00013685226440429688,0.7895407003183265
0.00013685226440429688,0.789631650750341
0.00013685226440429688,0.7897226011823556
0.00013685226440429688,0.7898135516143702
0.00013685226440429688,0.7899045020463847
0.00013685226440429688,0.7899954524783993
0.00013685226440429688,0.7900864029104139
0.00013685226440429688,0.7901773533424283
0.00013685226440429688,0.7902683037744429
0.00013685226440429688,0.7903592542064575
0.00013685226440429688,0.790450204638472
0.00013685226440429688,0.7905411550704866
0.00013685226440429688,0.7906321055025012
0.00013685226440429688,0.7907230559345156
0.00013709068298339844,0.7908140063665302
0.00013709068298339844,0.7909049567985448
0.00013709068298339844,0.7909959072305593
0.00013709068298339844,0.7910868576625739
0.00013709068298339844,0.7911778080945885
0.00013709068298339844,0.791268758526603
0.00013709068298339844,0.7913597089586175
0.00013709068298339844,0.7914506593906321
0.00013709068298339844,0.7915416098226467
0.00013709068298339844,0.7916325602546612
0.00013709068298339844,0.7917235106866758
0.00013709068298339844,0.7918144611186904
0.00013709068298339844,0.7919054115507048
0.00013709068298339844,0.7919963619827194
0.00013709068298339844,0.792087312414734
0.00013709068298339844,0.7921782628467485
0.00013709068298339844,0.7922692132787631
0.00013709068298339844,0.7923601637107777
0.00013709068298339844,0.7924511141427921
0.00013709068298339844,0.7925420645748067
0.00013709068298339844,0.7926330150068213
0.0001373291015625,0.7927239654388358
0.0001373291015625,0.7928149158708504
0.0001373291015625,0.792905866302865
0.0001373291015625,0.7929968167348795
0.0001373291015625,0.793087767166894
0.0001373291015625,0.7931787175989086
0.0001373291015625,0.7932696680309231
0.0001373291015625,0.7933606184629377
0.0001373291015625,0.7934515688949523
0.0001373291015625,0.7935425193269668
0.0001373291015625,0.7936334697589813
0.0001373291015625,0.7937244201909959
0.0001373291015625,0.7938153706230104
0.0001373291015625,0.793906321055025
0.0001373291015625,0.7939972714870396
0.0001373291015625,0.7940882219190541
0.0001373291015625,0.7941791723510687
0.0001373291015625,0.7942701227830832
0.0001373291015625,0.7943610732150977
0.0001373291015625,0.7944520236471123
0.0001373291015625,0.7945429740791269
0.0001373291015625,0.7946339245111415
0.0001373291015625,0.794724874943156
0.0001373291015625,0.7948158253751705
0.00013756752014160156,0.794906775807185
0.00013756752014160156,0.7949977262391996
0.00013756752014160156,0.7950886766712142
0.00013756752014160156,0.7951796271032288
0.00013756752014160156,0.7952705775352433
0.00013756752014160156,0.7953615279672579
0.00013756752014160156,0.7954524783992724
0.00013756752014160156,0.7955434288312869
0.00013756752014160156,0.7956343792633015
0.00013756752014160156,0.7957253296953161
0.00013756752014160156,0.7958162801273306
0.00013756752014160156,0.7959072305593452
0.00013756752014160156,0.7959981809913597
0.00013756752014160156,0.7960891314233742
0.00013756752014160156,0.7961800818553888
0.00013756752014160156,0.7962710322874034
0.00013756752014160156,0.7963619827194179
0.00013756752014160156,0.7964529331514325
0.00013756752014160156,0.7965438835834471
0.00013756752014160156,0.7966348340154615
0.00013756752014160156,0.7967257844474761
0.00013756752014160156,0.7968167348794907
0.00013756752014160156,0.7969076853115052
0.00013780593872070312,0.7969986357435198
0.00013780593872070312,0.7970895861755344
0.00013780593872070312,0.7971805366075488
0.00013780593872070312,0.7972714870395634
0.00013780593872070312,0.797362437471578
0.00013780593872070312,0.7974533879035925
0.00013780593872070312,0.7975443383356071
0.00013780593872070312,0.7976352887676217
0.00013780593872070312,0.7977262391996361
0.00013780593872070312,0.7978171896316507
0.00013780593872070312,0.7979081400636653
0.00013780593872070312,0.7979990904956799
0.00013780593872070312,0.7980900409276944
0.00013780593872070312,0.798180991359709
0.00013780593872070312,0.7982719417917236
0.00013780593872070312,0.798362892223738
0.00013780593872070312,0.7984538426557526
0.00013780593872070312,0.7985447930877672
0.00013780593872070312,0.7986357435197817
0.00013780593872070312,0.7987266939517963
0.00013780593872070312,0.7988176443838109
0.00013780593872070312,0.7989085948158253
0.00013780593872070312,0.7989995452478399
0.00013780593872070312,0.7990904956798545
0.00013780593872070312,0.799181446111869
0.00013780593872070312,0.7992723965438836
0.0001380443572998047,0.7993633469758982
0.0001380443572998047,0.7994542974079127
0.0001380443572998047,0.7995452478399272
0.0001380443572998047,0.7996361982719418
0.0001380443572998047,0.7997271487039563
0.0001380443572998047,0.7998180991359709
0.0001380443572998047,0.7999090495679855
0.0001380443572998047,0.8
0.0001380443572998047,0.8000909504320145
0.0001380443572998047,0.8001819008640291
0.0001380443572998047,0.8002728512960436
0.0001380443572998047,0.8003638017280582
0.0001380443572998047,0.8004547521600728
0.0001380443572998047,0.8005457025920873
0.0001380443572998047,0.8006366530241019
0.0001380443572998047,0.8007276034561164
0.00013828277587890625,0.800818553888131
0.00013828277587890625,0.8009095043201455
0.00013828277587890625,0.8010004547521601
0.00013828277587890625,0.8010914051841747
0.00013828277587890625,0.8011823556161892
0.00013828277587890625,0.8012733060482037
0.00013828277587890625,0.8013642564802183
0.00013828277587890625,0.8014552069122328
0.00013828277587890625,0.8015461573442474
0.00013828277587890625,0.801637107776262
0.00013828277587890625,0.8017280582082765
0.00013828277587890625,0.801819008640291
0.00013828277587890625,0.8019099590723056
0.00013828277587890625,0.8020009095043201
0.00013828277587890625,0.8020918599363347
0.00013828277587890625,0.8021828103683493
0.00013828277587890625,0.8022737608003638
0.00013828277587890625,0.8023647112323784
0.00013828277587890625,0.8024556616643929
0.00013828277587890625,0.8025466120964074
0.00013828277587890625,0.802637562528422
0.0001385211944580078,0.8027285129604366
0.0001385211944580078,0.8028194633924511
0.0001385211944580078,0.8029104138244657
0.0001385211944580078,0.8030013642564802
0.0001385211944580078,0.8030923146884947
0.0001385211944580078,0.8031832651205093
0.0001385211944580078,0.8032742155525239
0.0001385211944580078,0.8033651659845384
0.0001385211944580078,0.803456116416553
0.0001385211944580078,0.8035470668485676
0.0001385211944580078,0.803638017280582
0.0001385211944580078,0.8037289677125966
0.0001385211944580078,0.8038199181446112
0.0001385211944580078,0.8039108685766257
0.0001385211944580078,0.8040018190086403
0.0001385211944580078,0.8040927694406549
0.0001385211944580078,0.8041837198726693
0.00013875961303710938,0.8042746703046839
0.00013875961303710938,0.8043656207366985
0.00013875961303710938,0.804456571168713
0.00013875961303710938,0.8045475216007276
0.00013875961303710938,0.8046384720327422
0.00013875961303710938,0.8047294224647568
0.00013875961303710938,0.8048203728967712
0.00013875961303710938,0.8049113233287858
0.00013875961303710938,0.8050022737608004
0.00013875961303710938,0.8050932241928149
0.00013875961303710938,0.8051841746248295
0.00013875961303710938,0.8052751250568441
0.00013875961303710938,0.8053660754888585
0.00013875961303710938,0.8054570259208731
0.00013899803161621094,0.8055479763528877
0.00013899803161621094,0.8056389267849022
0.00013899803161621094,0.8057298772169168
0.00013899803161621094,0.8058208276489314
0.00013899803161621094,0.8059117780809459
0.00013899803161621094,0.8060027285129604
0.00013899803161621094,0.806093678944975
0.00013899803161621094,0.8061846293769895
0.00013899803161621094,0.8062755798090041
0.00013899803161621094,0.8063665302410187
0.00013899803161621094,0.8064574806730332
0.00013899803161621094,0.8065484311050477
0.00013899803161621094,0.8066393815370623
0.00013899803161621094,0.8067303319690768
0.00013899803161621094,0.8068212824010914
0.00013899803161621094,0.806912232833106
0.0001392364501953125,0.8070031832651205
0.0001392364501953125,0.807094133697135
0.0001392364501953125,0.8071850841291496
0.0001392364501953125,0.8072760345611641
0.0001392364501953125,0.8073669849931787
0.0001392364501953125,0.8074579354251933
0.0001392364501953125,0.8075488858572079
0.0001392364501953125,0.8076398362892224
0.0001392364501953125,0.8077307867212369
0.0001392364501953125,0.8078217371532515
0.0001392364501953125,0.807912687585266
0.0001392364501953125,0.8080036380172806
0.0001392364501953125,0.8080945884492952
0.0001392364501953125,0.8081855388813097
0.0001392364501953125,0.8082764893133242
0.0001392364501953125,0.8083674397453388
0.00013947486877441406,0.8084583901773533
0.00013947486877441406,0.8085493406093679
0.00013947486877441406,0.8086402910413825
0.00013947486877441406,0.808731241473397
0.00013947486877441406,0.8088221919054116
0.00013947486877441406,0.8089131423374261
0.00013947486877441406,0.8090040927694406
0.00013947486877441406,0.8090950432014552
0.00013947486877441406,0.8091859936334698
0.00013947486877441406,0.8092769440654843
0.00013947486877441406,0.8093678944974989
0.00013947486877441406,0.8094588449295134
0.00013947486877441406,0.8095497953615279
0.00013947486877441406,0.8096407457935425
0.00013947486877441406,0.8097316962255571
0.00013947486877441406,0.8098226466575716
0.00013947486877441406,0.8099135970895862
0.00013971328735351562,0.8100045475216008
0.00013971328735351562,0.8100954979536152
0.00013971328735351562,0.8101864483856298
0.00013971328735351562,0.8102773988176444
0.00013971328735351562,0.810368349249659
0.00013971328735351562,0.8104592996816735
0.00013971328735351562,0.8105502501136881
0.00013971328735351562,0.8106412005457025
0.00013971328735351562,0.8107321509777171
0.00013971328735351562,0.8108231014097317
0.00013971328735351562,0.8109140518417463
0.00013971328735351562,0.8110050022737608
0.00013971328735351562,0.8110959527057754
0.00013971328735351562,0.8111869031377898
0.00013971328735351562,0.8112778535698044
0.0001399517059326172,0.811368804001819
0.0001399517059326172,0.8114597544338336
0.0001399517059326172,0.8115507048658481
0.0001399517059326172,0.8116416552978627
0.0001399517059326172,0.8117326057298773
0.0001399517059326172,0.8118235561618917
0.0001399517059326172,0.8119145065939063
0.0001399517059326172,0.8120054570259209
0.0001399517059326172,0.8120964074579354
0.0001399517059326172,0.81218735788995
0.0001399517059326172,0.8122783083219646
0.0001399517059326172,0.812369258753979
0.0001399517059326172,0.8124602091859936
0.0001399517059326172,0.8125511596180082
0.0001399517059326172,0.8126421100500227
0.0001399517059326172,0.8127330604820373
0.0001399517059326172,0.8128240109140519
0.0001399517059326172,0.8129149613460664
0.0001399517059326172,0.8130059117780809
0.00014019012451171875,0.8130968622100955
0.00014019012451171875,0.81318781264211
0.00014019012451171875,0.8132787630741246
0.00014019012451171875,0.8133697135061392
0.00014019012451171875,0.8134606639381537
0.00014019012451171875,0.8135516143701682
0.00014019012451171875,0.8136425648021828
0.00014019012451171875,0.8137335152341973
0.00014019012451171875,0.8138244656662119
0.00014019012451171875,0.8139154160982265
0.00014019012451171875,0.814006366530241
0.00014019012451171875,0.8140973169622556
0.00014019012451171875,0.8141882673942701
0.00014019012451171875,0.8142792178262847
0.00014019012451171875,0.8143701682582992
0.00014019012451171875,0.8144611186903138
0.00014019012451171875,0.8145520691223284
0.00014019012451171875,0.8146430195543429
0.00014019012451171875,0.8147339699863574
0.00014019012451171875,0.814824920418372
0.00014019012451171875,0.8149158708503865
0.00014019012451171875,0.8150068212824011
0.00014019012451171875,0.8150977717144157
0.00014019012451171875,0.8151887221464302
0.00014019012451171875,0.8152796725784448
0.00014019012451171875,0.8153706230104593
0.00014019012451171875,0.8154615734424738
0.0001404285430908203,0.8155525238744884
0.0001404285430908203,0.815643474306503
0.0001404285430908203,0.8157344247385175
0.0001404285430908203,0.8158253751705321
0.0001404285430908203,0.8159163256025466
0.0001404285430908203,0.8160072760345611
0.0001404285430908203,0.8160982264665757
0.0001404285430908203,0.8161891768985903
0.0001404285430908203,0.8162801273306048
0.0001404285430908203,0.8163710777626194
0.0001404285430908203,0.8164620281946339
0.0001404285430908203,0.8165529786266484
0.0001404285430908203,0.816643929058663
0.0001404285430908203,0.8167348794906776
0.0001404285430908203,0.8168258299226921
0.00014066696166992188,0.8169167803547067
0.00014066696166992188,0.8170077307867213
0.00014066696166992188,0.8170986812187357
0.00014066696166992188,0.8171896316507503
0.00014066696166992188,0.8172805820827649
0.00014066696166992188,0.8173715325147795
0.00014066696166992188,0.817462482946794
0.00014066696166992188,0.8175534333788086
0.00014066696166992188,0.817644383810823
0.00014066696166992188,0.8177353342428376
0.00014066696166992188,0.8178262846748522
0.00014066696166992188,0.8179172351068668
0.00014066696166992188,0.8180081855388813
0.00014066696166992188,0.8180991359708959
0.00014066696166992188,0.8181900864029105
0.00014066696166992188,0.8182810368349249
0.00014066696166992188,0.8183719872669395
0.00014090538024902344,0.8184629376989541
0.00014090538024902344,0.8185538881309686
0.00014090538024902344,0.8186448385629832
0.00014090538024902344,0.8187357889949978
0.00014090538024902344,0.8188267394270122
0.00014090538024902344,0.8189176898590268
0.00014090538024902344,0.8190086402910414
0.00014090538024902344,0.8190995907230559
0.00014090538024902344,0.8191905411550705
0.00014090538024902344,0.8192814915870851
0.00014090538024902344,0.8193724420190996
0.000141143798828125,0.8194633924511141
0.000141143798828125,0.8195543428831287
0.000141143798828125,0.8196452933151432
0.000141143798828125,0.8197362437471578
0.000141143798828125,0.8198271941791724
0.000141143798828125,0.819918144611187
0.000141143798828125,0.8200090950432014
0.000141143798828125,0.820100045475216
0.000141143798828125,0.8201909959072305
0.000141143798828125,0.8202819463392451
0.000141143798828125,0.8203728967712597
0.000141143798828125,0.8204638472032743
0.000141143798828125,0.8205547976352887
0.000141143798828125,0.8206457480673033
0.000141143798828125,0.8207366984993179
0.000141143798828125,0.8208276489313324
0.000141143798828125,0.820918599363347
0.00014138221740722656,0.8210095497953616
0.00014138221740722656,0.8211005002273761
0.00014138221740722656,0.8211914506593906
0.00014138221740722656,0.8212824010914052
0.00014138221740722656,0.8213733515234197
0.00014138221740722656,0.8214643019554343
0.00014138221740722656,0.8215552523874489
0.00014138221740722656,0.8216462028194634
0.00014138221740722656,0.8217371532514779
0.00014138221740722656,0.8218281036834925
0.00014138221740722656,0.821919054115507
0.00014138221740722656,0.8220100045475216
0.00014138221740722656,0.8221009549795362
0.00014138221740722656,0.8221919054115507
0.00014138221740722656,0.8222828558435653
0.00014138221740722656,0.8223738062755798
0.00014138221740722656,0.8224647567075943
0.00014138221740722656,0.8225557071396089
0.00014162063598632812,0.8226466575716235
0.00014162063598632812,0.822737608003638
0.00014162063598632812,0.8228285584356526
0.00014162063598632812,0.8229195088676671
0.00014162063598632812,0.8230104592996816
0.00014162063598632812,0.8231014097316962
0.00014162063598632812,0.8231923601637108
0.00014162063598632812,0.8232833105957253
0.00014162063598632812,0.8233742610277399
0.00014162063598632812,0.8234652114597545
0.00014162063598632812,0.823556161891769
0.0001418590545654297,0.8236471123237835
0.0001418590545654297,0.8237380627557981
0.0001418590545654297,0.8238290131878127
0.0001418590545654297,0.8239199636198272
0.0001418590545654297,0.8240109140518418
0.0001418590545654297,0.8241018644838563
0.0001418590545654297,0.8241928149158708
0.0001418590545654297,0.8242837653478854
0.0001418590545654297,0.8243747157799
0.0001418590545654297,0.8244656662119145
0.0001418590545654297,0.8245566166439291
0.0001418590545654297,0.8246475670759437
0.0001418590545654297,0.8247385175079581
0.0001418590545654297,0.8248294679399727
0.0001418590545654297,0.8249204183719873
0.0001418590545654297,0.8250113688040018
0.0001418590545654297,0.8251023192360164
0.0001418590545654297,0.825193269668031
0.0001418590545654297,0.8252842201000454
0.0001418590545654297,0.82537517053206
0.0001418590545654297,0.8254661209640746
0.00014209747314453125,0.8255570713960891
0.00014209747314453125,0.8256480218281037
0.00014209747314453125,0.8257389722601183
0.00014209747314453125,0.8258299226921327
0.00014209747314453125,0.8259208731241473
0.00014209747314453125,0.8260118235561619
0.00014209747314453125,0.8261027739881764
0.00014209747314453125,0.826193724420191
0.00014209747314453125,0.8262846748522056
0.00014209747314453125,0.8263756252842201
0.00014209747314453125,0.8264665757162346
0.00014209747314453125,0.8265575261482492
0.00014209747314453125,0.8266484765802637
0.00014209747314453125,0.8267394270122783
0.00014209747314453125,0.8268303774442929
0.0001423358917236328,0.8269213278763075
0.0001423358917236328,0.8270122783083219
0.0001423358917236328,0.8271032287403365
0.0001423358917236328,0.827194179172351
0.0001423358917236328,0.8272851296043656
0.0001423358917236328,0.8273760800363802
0.0001423358917236328,0.8274670304683948
0.0001423358917236328,0.8275579809004093
0.0001423358917236328,0.8276489313324238
0.0001423358917236328,0.8277398817644384
0.0001423358917236328,0.8278308321964529
0.0001423358917236328,0.8279217826284675
0.0001423358917236328,0.8280127330604821
0.0001423358917236328,0.8281036834924966
0.0001423358917236328,0.8281946339245111
0.0001423358917236328,0.8282855843565257
0.00014257431030273438,0.8283765347885402
0.00014257431030273438,0.8284674852205548
0.00014257431030273438,0.8285584356525694
0.00014257431030273438,0.8286493860845839
0.00014257431030273438,0.8287403365165985
0.00014257431030273438,0.828831286948613
0.00014257431030273438,0.8289222373806275
0.00014257431030273438,0.8290131878126421
0.00014257431030273438,0.8291041382446567
0.00014257431030273438,0.8291950886766712
0.00014257431030273438,0.8292860391086858
0.00014257431030273438,0.8293769895407003
0.00014257431030273438,0.8294679399727148
0.00014257431030273438,0.8295588904047294
0.00014257431030273438,0.829649840836744
0.00014257431030273438,0.8297407912687585
0.00014257431030273438,0.8298317417007731
0.00014257431030273438,0.8299226921327876
0.00014257431030273438,0.8300136425648021
0.00014257431030273438,0.8301045929968167
0.00014257431030273438,0.8301955434288313
0.00014281272888183594,0.8302864938608459
0.00014281272888183594,0.8303774442928604
0.00014281272888183594,0.830468394724875
0.00014281272888183594,0.8305593451568895
0.00014281272888183594,0.830650295588904
0.00014281272888183594,0.8307412460209186
0.00014281272888183594,0.8308321964529332
0.00014281272888183594,0.8309231468849477
0.00014281272888183594,0.8310140973169623
0.00014281272888183594,0.8311050477489768
0.00014281272888183594,0.8311959981809913
0.00014281272888183594,0.8312869486130059
0.00014281272888183594,0.8313778990450205
0.00014281272888183594,0.831468849477035
0.00014281272888183594,0.8315597999090496
0.00014281272888183594,0.8316507503410642
0.00014281272888183594,0.8317417007730786
0.00014281272888183594,0.8318326512050932
0.00014281272888183594,0.8319236016371078
0.00014281272888183594,0.8320145520691223
0.0001430511474609375,0.8321055025011369
0.0001430511474609375,0.8321964529331515
0.0001430511474609375,0.8322874033651659
0.0001430511474609375,0.8323783537971805
0.0001430511474609375,0.8324693042291951
0.0001430511474609375,0.8325602546612096
0.0001430511474609375,0.8326512050932242
0.0001430511474609375,0.8327421555252388
0.0001430511474609375,0.8328331059572534
0.0001430511474609375,0.8329240563892678
0.0001430511474609375,0.8330150068212824
0.0001430511474609375,0.833105957253297
0.0001430511474609375,0.8331969076853115
0.0001430511474609375,0.8332878581173261
0.0001430511474609375,0.8333788085493407
0.00014328956604003906,0.8334697589813551
0.00014328956604003906,0.8335607094133697
0.00014328956604003906,0.8336516598453843
0.00014328956604003906,0.8337426102773988
0.00014328956604003906,0.8338335607094134
0.00014328956604003906,0.833924511141428
0.00014328956604003906,0.8340154615734425
0.00014328956604003906,0.834106412005457
0.00014328956604003906,0.8341973624374716
0.00014328956604003906,0.8342883128694861
0.00014352798461914062,0.8343792633015007
0.00014352798461914062,0.8344702137335153
0.00014352798461914062,0.8345611641655298
0.00014352798461914062,0.8346521145975443
0.00014352798461914062,0.8347430650295589
0.00014352798461914062,0.8348340154615734
0.00014352798461914062,0.834924965893588
0.00014352798461914062,0.8350159163256026
0.00014352798461914062,0.8351068667576171
0.00014352798461914062,0.8351978171896316
0.00014352798461914062,0.8352887676216462
0.00014352798461914062,0.8353797180536607
0.00014352798461914062,0.8354706684856753
0.00014352798461914062,0.8355616189176899
0.00014352798461914062,0.8356525693497044
0.00014352798461914062,0.835743519781719
0.00014352798461914062,0.8358344702137335
0.00014352798461914062,0.835925420645748
0.00014352798461914062,0.8360163710777626
0.00014352798461914062,0.8361073215097772
0.00014352798461914062,0.8361982719417917
0.0001437664031982422,0.8362892223738063
0.0001437664031982422,0.8363801728058208
0.0001437664031982422,0.8364711232378353
0.0001437664031982422,0.8365620736698499
0.0001437664031982422,0.8366530241018645
0.0001437664031982422,0.836743974533879
0.0001437664031982422,0.8368349249658936
0.0001437664031982422,0.8369258753979082
0.0001437664031982422,0.8370168258299227
0.0001437664031982422,0.8371077762619372
0.0001437664031982422,0.8371987266939518
0.0001437664031982422,0.8372896771259664
0.0001437664031982422,0.8373806275579809
0.0001437664031982422,0.8374715779899955
0.0001437664031982422,0.83756252842201
0.0001437664031982422,0.8376534788540245
0.0001437664031982422,0.8377444292860391
0.0001437664031982422,0.8378353797180537
0.00014400482177734375,0.8379263301500682
0.00014400482177734375,0.8380172805820828
0.00014400482177734375,0.8381082310140974
0.00014400482177734375,0.8381991814461118
0.00014400482177734375,0.8382901318781264
0.00014400482177734375,0.838381082310141
0.00014400482177734375,0.8384720327421555
0.00014400482177734375,0.8385629831741701
0.00014400482177734375,0.8386539336061847
0.00014400482177734375,0.8387448840381991
0.00014400482177734375,0.8388358344702137
0.00014400482177734375,0.8389267849022283
0.00014400482177734375,0.8390177353342428
0.00014400482177734375,0.8391086857662574
0.00014400482177734375,0.839199636198272
0.00014400482177734375,0.8392905866302864
0.0001442432403564453,0.839381537062301
0.0001442432403564453,0.8394724874943156
0.0001442432403564453,0.8395634379263301
0.0001442432403564453,0.8396543883583447
0.0001442432403564453,0.8397453387903593
0.0001442432403564453,0.8398362892223739
0.0001442432403564453,0.8399272396543883
0.0001442432403564453,0.8400181900864029
0.0001442432403564453,0.8401091405184175
0.0001442432403564453,0.840200090950432
0.0001442432403564453,0.8402910413824466
0.0001442432403564453,0.8403819918144612
0.0001442432403564453,0.8404729422464756
0.0001442432403564453,0.8405638926784902
0.0001442432403564453,0.8406548431105048
0.0001442432403564453,0.8407457935425193
0.00014448165893554688,0.8408367439745339
0.00014448165893554688,0.8409276944065485
0.00014448165893554688,0.841018644838563
0.00014448165893554688,0.8411095952705775
0.00014448165893554688,0.8412005457025921
0.00014448165893554688,0.8412914961346066
0.00014448165893554688,0.8413824465666212
0.00014448165893554688,0.8414733969986358
0.00014448165893554688,0.8415643474306503
0.00014448165893554688,0.8416552978626648
0.00014448165893554688,0.8417462482946794
0.00014448165893554688,0.8418371987266939
0.00014448165893554688,0.8419281491587085
0.00014448165893554688,0.8420190995907231
0.00014448165893554688,0.8421100500227376
0.00014448165893554688,0.8422010004547522
0.00014448165893554688,0.8422919508867667
0.00014472007751464844,0.8423829013187812
0.00014472007751464844,0.8424738517507958
0.00014472007751464844,0.8425648021828104
0.00014472007751464844,0.842655752614825
0.00014472007751464844,0.8427467030468395
0.00014472007751464844,0.842837653478854
0.00014472007751464844,0.8429286039108685
0.00014472007751464844,0.8430195543428831
0.00014472007751464844,0.8431105047748977
0.00014472007751464844,0.8432014552069123
0.00014472007751464844,0.8432924056389268
0.00014495849609375,0.8433833560709414
0.00014495849609375,0.8434743065029559
0.00014495849609375,0.8435652569349704
0.00014495849609375,0.843656207366985
0.00014495849609375,0.8437471577989996
0.00014495849609375,0.8438381082310141
0.00014495849609375,0.8439290586630287
0.00014495849609375,0.8440200090950432
0.00014495849609375,0.8441109595270577
0.00014495849609375,0.8442019099590723
0.00014519691467285156,0.8442928603910869
0.00014519691467285156,0.8443838108231014
0.00014519691467285156,0.844474761255116
0.00014519691467285156,0.8445657116871305
0.00014519691467285156,0.844656662119145
0.00014519691467285156,0.8447476125511596
0.00014519691467285156,0.8448385629831742
0.00014519691467285156,0.8449295134151887
0.00014519691467285156,0.8450204638472033
0.00014519691467285156,0.8451114142792179
0.00014519691467285156,0.8452023647112323
0.00014519691467285156,0.8452933151432469
0.00014519691467285156,0.8453842655752615
0.00014519691467285156,0.845475216007276
0.00014519691467285156,0.8455661664392906
0.00014519691467285156,0.8456571168713052
0.00014519691467285156,0.8457480673033196
0.00014543533325195312,0.8458390177353342
0.00014543533325195312,0.8459299681673488
0.00014543533325195312,0.8460209185993633
0.00014543533325195312,0.8461118690313779
0.00014543533325195312,0.8462028194633925
0.00014543533325195312,0.846293769895407
0.00014543533325195312,0.8463847203274215
0.00014543533325195312,0.8464756707594361
0.00014543533325195312,0.8465666211914507
0.00014543533325195312,0.8466575716234652
0.00014543533325195312,0.8467485220554798
0.00014543533325195312,0.8468394724874944
0.00014543533325195312,0.8469304229195088
0.00014543533325195312,0.8470213733515234
0.00014543533325195312,0.847112323783538
0.00014543533325195312,0.8472032742155525
0.00014543533325195312,0.8472942246475671
0.00014543533325195312,0.8473851750795817
0.00014543533325195312,0.8474761255115962
0.00014543533325195312,0.8475670759436107
0.00014543533325195312,0.8476580263756253
0.0001456737518310547,0.8477489768076398
0.0001456737518310547,0.8478399272396544
0.0001456737518310547,0.847930877671669
0.0001456737518310547,0.8480218281036835
0.0001456737518310547,0.848112778535698
0.0001456737518310547,0.8482037289677126
0.0001456737518310547,0.8482946793997271
0.0001456737518310547,0.8483856298317417
0.0001456737518310547,0.8484765802637563
0.0001456737518310547,0.8485675306957708
0.0001456737518310547,0.8486584811277853
0.0001456737518310547,0.8487494315597999
0.0001456737518310547,0.8488403819918144
0.0001456737518310547,0.848931332423829
0.0001456737518310547,0.8490222828558436
0.00014591217041015625,0.8491132332878581
0.00014591217041015625,0.8492041837198727
0.00014591217041015625,0.8492951341518872
0.00014591217041015625,0.8493860845839017
0.00014591217041015625,0.8494770350159163
0.00014591217041015625,0.8495679854479309
0.00014591217041015625,0.8496589358799455
0.00014591217041015625,0.84974988631196
0.00014591217041015625,0.8498408367439745
0.00014591217041015625,0.849931787175989
0.00014591217041015625,0.8500227376080036
0.00014591217041015625,0.8501136880400182
0.00014591217041015625,0.8502046384720328
0.00014591217041015625,0.8502955889040473
0.0001461505889892578,0.8503865393360619
0.0001461505889892578,0.8504774897680764
0.0001461505889892578,0.8505684402000909
0.0001461505889892578,0.8506593906321055
0.0001461505889892578,0.8507503410641201
0.0001461505889892578,0.8508412914961346
0.0001461505889892578,0.8509322419281492
0.0001461505889892578,0.8510231923601637
0.0001461505889892578,0.8511141427921782
0.0001461505889892578,0.8512050932241928
0.0001461505889892578,0.8512960436562074
0.0001461505889892578,0.8513869940882219
0.00014638900756835938,0.8514779445202365
0.00014638900756835938,0.8515688949522511
0.00014638900756835938,0.8516598453842655
0.00014638900756835938,0.8517507958162801
0.00014638900756835938,0.8518417462482947
0.00014638900756835938,0.8519326966803092
0.00014662742614746094,0.8520236471123238
0.00014662742614746094,0.8521145975443384
0.00014662742614746094,0.8522055479763528
0.00014662742614746094,0.8522964984083674
0.00014662742614746094,0.852387448840382
0.00014662742614746094,0.8524783992723965
0.00014662742614746094,0.8525693497044111
0.00014662742614746094,0.8526603001364257
0.00014662742614746094,0.8527512505684403
0.00014662742614746094,0.8528422010004547
0.00014662742614746094,0.8529331514324693
0.00014662742614746094,0.8530241018644839
0.00014662742614746094,0.8531150522964984
0.00014662742614746094,0.853206002728513
0.00014662742614746094,0.8532969531605276
0.00014662742614746094,0.853387903592542
0.00014662742614746094,0.8534788540245566
0.00014662742614746094,0.8535698044565712
0.0001468658447265625,0.8536607548885857
0.0001468658447265625,0.8537517053206003
0.0001468658447265625,0.8538426557526149
0.0001468658447265625,0.8539336061846293
0.0001468658447265625,0.8540245566166439
0.0001468658447265625,0.8541155070486585
0.0001468658447265625,0.854206457480673
0.0001468658447265625,0.8542974079126876
0.0001468658447265625,0.8543883583447022
0.0001468658447265625,0.8544793087767167
0.0001468658447265625,0.8545702592087312
0.0001468658447265625,0.8546612096407458
0.0001468658447265625,0.8547521600727603
0.0001468658447265625,0.8548431105047749
0.0001468658447265625,0.8549340609367895
0.0001468658447265625,0.855025011368804
0.0001468658447265625,0.8551159618008185
0.0001468658447265625,0.8552069122328331
0.0001468658447265625,0.8552978626648476
0.0001468658447265625,0.8553888130968622
0.0001468658447265625,0.8554797635288768
0.00014710426330566406,0.8555707139608913
0.00014710426330566406,0.8556616643929059
0.00014710426330566406,0.8557526148249204
0.00014710426330566406,0.855843565256935
0.00014710426330566406,0.8559345156889495
0.00014710426330566406,0.8560254661209641
0.00014710426330566406,0.8561164165529787
0.00014710426330566406,0.8562073669849932
0.00014710426330566406,0.8562983174170077
0.00014710426330566406,0.8563892678490223
0.00014710426330566406,0.8564802182810368
0.00014710426330566406,0.8565711687130514
0.00014710426330566406,0.856662119145066
0.00014710426330566406,0.8567530695770805
0.00014710426330566406,0.8568440200090951
0.00014710426330566406,0.8569349704411096
0.00014710426330566406,0.8570259208731241
0.00014710426330566406,0.8571168713051387
0.00014710426330566406,0.8572078217371533
0.00014710426330566406,0.8572987721691678
0.00014710426330566406,0.8573897226011824
0.00014710426330566406,0.8574806730331969
0.00014710426330566406,0.8575716234652114
0.00014734268188476562,0.857662573897226
0.00014734268188476562,0.8577535243292406
0.00014734268188476562,0.8578444747612551
0.00014734268188476562,0.8579354251932697
0.00014734268188476562,0.8580263756252842
0.00014734268188476562,0.8581173260572987
0.00014734268188476562,0.8582082764893133
0.00014734268188476562,0.8582992269213279
0.00014734268188476562,0.8583901773533424
0.00014734268188476562,0.858481127785357
0.00014734268188476562,0.8585720782173716
0.00014734268188476562,0.858663028649386
0.00014734268188476562,0.8587539790814006
0.00014734268188476562,0.8588449295134152
0.00014734268188476562,0.8589358799454297
0.00014734268188476562,0.8590268303774443
0.00014734268188476562,0.8591177808094589
0.00014734268188476562,0.8592087312414733
0.00014734268188476562,0.8592996816734879
0.00014734268188476562,0.8593906321055025
0.0001475811004638672,0.859481582537517
0.0001475811004638672,0.8595725329695316
0.0001475811004638672,0.8596634834015462
0.0001475811004638672,0.8597544338335608
0.0001475811004638672,0.8598453842655752
0.0001475811004638672,0.8599363346975898
0.0001475811004638672,0.8600272851296044
0.0001475811004638672,0.8601182355616189
0.0001475811004638672,0.8602091859936335
0.0001475811004638672,0.8603001364256481
0.0001475811004638672,0.8603910868576625
0.00014781951904296875,0.8604820372896771
0.00014781951904296875,0.8605729877216917
0.00014781951904296875,0.8606639381537062
0.00014781951904296875,0.8607548885857208
0.00014781951904296875,0.8608458390177354
0.00014781951904296875,0.8609367894497499
0.00014781951904296875,0.8610277398817644
0.00014781951904296875,0.861118690313779
0.00014781951904296875,0.8612096407457935
0.00014781951904296875,0.8613005911778081
0.00014781951904296875,0.8613915416098227
0.00014781951904296875,0.8614824920418372
0.00014781951904296875,0.8615734424738517
0.0001480579376220703,0.8616643929058663
0.0001480579376220703,0.8617553433378808
0.0001480579376220703,0.8618462937698954
0.0001480579376220703,0.86193724420191
0.0001480579376220703,0.8620281946339245
0.0001480579376220703,0.8621191450659391
0.0001480579376220703,0.8622100954979536
0.0001480579376220703,0.8623010459299681
0.0001480579376220703,0.8623919963619827
0.0001480579376220703,0.8624829467939973
0.0001480579376220703,0.8625738972260119
0.0001480579376220703,0.8626648476580264
0.0001480579376220703,0.8627557980900409
0.0001480579376220703,0.8628467485220555
0.0001480579376220703,0.86293769895407
0.00014829635620117188,0.8630286493860846
0.00014829635620117188,0.8631195998180992
0.00014829635620117188,0.8632105502501137
0.00014829635620117188,0.8633015006821282
0.00014829635620117188,0.8633924511141428
0.00014829635620117188,0.8634834015461573
0.00014829635620117188,0.8635743519781719
0.00014829635620117188,0.8636653024101865
0.00014829635620117188,0.863756252842201
0.00014829635620117188,0.8638472032742156
0.00014829635620117188,0.8639381537062301
0.00014853477478027344,0.8640291041382446
0.00014853477478027344,0.8641200545702592
0.00014853477478027344,0.8642110050022738
0.00014853477478027344,0.8643019554342883
0.00014853477478027344,0.8643929058663029
0.00014853477478027344,0.8644838562983174
0.00014853477478027344,0.8645748067303319
0.00014853477478027344,0.8646657571623465
0.00014853477478027344,0.8647567075943611
0.00014853477478027344,0.8648476580263756
0.00014853477478027344,0.8649386084583902
0.00014853477478027344,0.8650295588904048
0.00014853477478027344,0.8651205093224192
0.000148773193359375,0.8652114597544338
0.000148773193359375,0.8653024101864484
0.000148773193359375,0.865393360618463
0.000148773193359375,0.8654843110504775
0.000148773193359375,0.8655752614824921
0.000148773193359375,0.8656662119145065
0.000148773193359375,0.8657571623465211
0.000148773193359375,0.8658481127785357
0.000148773193359375,0.8659390632105503
0.00014901161193847656,0.8660300136425648
0.00014901161193847656,0.8661209640745794
0.00014901161193847656,0.866211914506594
0.00014901161193847656,0.8663028649386084
0.00014901161193847656,0.866393815370623
0.00014901161193847656,0.8664847658026376
0.00014901161193847656,0.8665757162346521
0.00014901161193847656,0.8666666666666667
0.00014901161193847656,0.8667576170986813
0.00014901161193847656,0.8668485675306957
0.00014925003051757812,0.8669395179627103
0.00014925003051757812,0.8670304683947249
0.00014925003051757812,0.8671214188267394
0.00014925003051757812,0.867212369258754
0.00014925003051757812,0.8673033196907686
0.00014925003051757812,0.867394270122783
0.00014925003051757812,0.8674852205547976
0.00014925003051757812,0.8675761709868122
0.0001494884490966797,0.8676671214188267
0.0001494884490966797,0.8677580718508413
0.0001494884490966797,0.8678490222828559
0.0001494884490966797,0.8679399727148704
0.0001494884490966797,0.8680309231468849
0.0001494884490966797,0.8681218735788995
0.0001494884490966797,0.868212824010914
0.0001494884490966797,0.8683037744429286
0.0001494884490966797,0.8683947248749432
0.0001494884490966797,0.8684856753069577
0.00014972686767578125,0.8685766257389722
0.00014972686767578125,0.8686675761709868
0.00014972686767578125,0.8687585266030013
0.00014972686767578125,0.8688494770350159
0.00014972686767578125,0.8689404274670305
0.00014972686767578125,0.869031377899045
0.00014972686767578125,0.8691223283310596
0.00014972686767578125,0.8692132787630741
0.00014972686767578125,0.8693042291950887
0.00014972686767578125,0.8693951796271032
0.00014972686767578125,0.8694861300591178
0.00014972686767578125,0.8695770804911324
0.00014972686767578125,0.8696680309231469
0.0001499652862548828,0.8697589813551614
0.0001499652862548828,0.869849931787176
0.0001499652862548828,0.8699408822191905
0.0001499652862548828,0.8700318326512051
0.0001499652862548828,0.8701227830832197
0.0001499652862548828,0.8702137335152342
0.0001499652862548828,0.8703046839472488
0.0001499652862548828,0.8703956343792633
0.0001499652862548828,0.8704865848112778
0.0001499652862548828,0.8705775352432924
0.0001499652862548828,0.870668485675307
0.0001499652862548828,0.8707594361073215
0.00015020370483398438,0.8708503865393361
0.00015020370483398438,0.8709413369713506
0.00015020370483398438,0.8710322874033651
0.00015020370483398438,0.8711232378353797
0.00015020370483398438,0.8712141882673943
0.00015020370483398438,0.8713051386994088
0.00015020370483398438,0.8713960891314234
0.00015020370483398438,0.871487039563438
0.00015020370483398438,0.8715779899954524
0.00015020370483398438,0.871668940427467
0.00015044212341308594,0.8717598908594816
0.00015044212341308594,0.8718508412914961
0.00015044212341308594,0.8719417917235107
0.00015044212341308594,0.8720327421555253
0.00015044212341308594,0.8721236925875397
0.00015044212341308594,0.8722146430195543
0.00015044212341308594,0.8723055934515689
0.00015044212341308594,0.8723965438835835
0.00015044212341308594,0.872487494315598
0.00015044212341308594,0.8725784447476126
0.00015044212341308594,0.872669395179627
0.0001506805419921875,0.8727603456116416
0.0001506805419921875,0.8728512960436562
0.0001506805419921875,0.8729422464756708
0.0001506805419921875,0.8730331969076853
0.0001506805419921875,0.8731241473396999
0.0001506805419921875,0.8732150977717145
0.0001506805419921875,0.8733060482037289
0.0001506805419921875,0.8733969986357435
0.0001506805419921875,0.8734879490677581
0.0001506805419921875,0.8735788994997726
0.0001506805419921875,0.8736698499317872
0.00015091896057128906,0.8737608003638018
0.00015091896057128906,0.8738517507958162
0.00015091896057128906,0.8739427012278308
0.00015091896057128906,0.8740336516598454
0.00015091896057128906,0.8741246020918599
0.00015091896057128906,0.8742155525238745
0.00015091896057128906,0.8743065029558891
0.00015091896057128906,0.8743974533879036
0.00015115737915039062,0.8744884038199181
0.00015115737915039062,0.8745793542519327
0.00015115737915039062,0.8746703046839472
0.00015115737915039062,0.8747612551159618
0.00015115737915039062,0.8748522055479764
0.00015115737915039062,0.874943155979991
0.00015115737915039062,0.8750341064120054
0.0001513957977294922,0.87512505684402
0.0001513957977294922,0.8752160072760345
0.0001513957977294922,0.8753069577080491
0.0001513957977294922,0.8753979081400637
0.0001513957977294922,0.8754888585720783
0.0001513957977294922,0.8755798090040928
0.0001513957977294922,0.8756707594361073
0.0001513957977294922,0.8757617098681219
0.0001513957977294922,0.8758526603001364
0.0001513957977294922,0.875943610732151
0.0001513957977294922,0.8760345611641656
0.0001513957977294922,0.8761255115961801
0.0001513957977294922,0.8762164620281946
0.00015163421630859375,0.8763074124602092
0.00015163421630859375,0.8763983628922237
0.00015163421630859375,0.8764893133242383
0.00015163421630859375,0.8765802637562529
0.00015163421630859375,0.8766712141882674
0.00015163421630859375,0.8767621646202819
0.00015163421630859375,0.8768531150522965
0.00015163421630859375,0.876944065484311
0.00015163421630859375,0.8770350159163256
0.00015163421630859375,0.8771259663483402
0.00015163421630859375,0.8772169167803547
0.00015163421630859375,0.8773078672123693
0.00015163421630859375,0.8773988176443838
0.0001518726348876953,0.8774897680763983
0.0001518726348876953,0.8775807185084129
0.0001518726348876953,0.8776716689404275
0.0001518726348876953,0.877762619372442
0.0001518726348876953,0.8778535698044566
0.0001518726348876953,0.8779445202364711
0.0001518726348876953,0.8780354706684856
0.0001518726348876953,0.8781264211005002
0.0001518726348876953,0.8782173715325148
0.0001518726348876953,0.8783083219645293
0.0001518726348876953,0.8783992723965439
0.0001518726348876953,0.8784902228285585
0.00015211105346679688,0.878581173260573
0.00015211105346679688,0.8786721236925875
0.00015211105346679688,0.8787630741246021
0.00015211105346679688,0.8788540245566167
0.00015211105346679688,0.8789449749886312
0.00015211105346679688,0.8790359254206458
0.00015211105346679688,0.8791268758526603
0.00015211105346679688,0.8792178262846748
0.00015211105346679688,0.8793087767166894
0.00015211105346679688,0.879399727148704
0.00015211105346679688,0.8794906775807185
0.00015234947204589844,0.8795816280127331
0.00015234947204589844,0.8796725784447477
0.00015234947204589844,0.8797635288767621
0.00015234947204589844,0.8798544793087767
0.00015234947204589844,0.8799454297407913
0.00015234947204589844,0.8800363801728058
0.00015234947204589844,0.8801273306048204
0.00015234947204589844,0.880218281036835
0.00015234947204589844,0.8803092314688494
0.00015234947204589844,0.880400181900864
0.000152587890625,0.8804911323328786
0.000152587890625,0.8805820827648931
0.000152587890625,0.8806730331969077
0.000152587890625,0.8807639836289223
0.000152587890625,0.8808549340609367
0.000152587890625,0.8809458844929513
0.000152587890625,0.8810368349249659
0.000152587890625,0.8811277853569804
0.000152587890625,0.881218735788995
0.000152587890625,0.8813096862210096
0.000152587890625,0.8814006366530241
0.000152587890625,0.8814915870850386
0.000152587890625,0.8815825375170532
0.00015282630920410156,0.8816734879490677
0.00015282630920410156,0.8817644383810823
0.00015282630920410156,0.8818553888130969
0.00015282630920410156,0.8819463392451115
0.00015306472778320312,0.8820372896771259
0.00015306472778320312,0.8821282401091405
0.00015306472778320312,0.882219190541155
0.00015306472778320312,0.8823101409731696
0.00015306472778320312,0.8824010914051842
0.00015306472778320312,0.8824920418371988
0.00015306472778320312,0.8825829922692133
0.00015306472778320312,0.8826739427012278
0.00015306472778320312,0.8827648931332424
0.00015306472778320312,0.8828558435652569
0.0001533031463623047,0.8829467939972715
0.0001533031463623047,0.8830377444292861
0.00015354156494140625,0.8831286948613006
0.00015354156494140625,0.8832196452933151
0.00015354156494140625,0.8833105957253297
0.00015354156494140625,0.8834015461573442
0.00015354156494140625,0.8834924965893588
0.00015354156494140625,0.8835834470213734
0.00015354156494140625,0.8836743974533879
0.00015354156494140625,0.8837653478854025
0.0001537799835205078,0.883856298317417
0.0001537799835205078,0.8839472487494315
0.0001537799835205078,0.8840381991814461
0.0001537799835205078,0.8841291496134607
0.0001537799835205078,0.8842201000454752
0.0001537799835205078,0.8843110504774898
0.0001537799835205078,0.8844020009095043
0.0001537799835205078,0.8844929513415188
0.0001537799835205078,0.8845839017735334
0.0001537799835205078,0.884674852205548
0.00015401840209960938,0.8847658026375625
0.00015401840209960938,0.8848567530695771
0.00015401840209960938,0.8849477035015917
0.00015401840209960938,0.8850386539336061
0.00015401840209960938,0.8851296043656207
0.00015401840209960938,0.8852205547976353
0.00015401840209960938,0.8853115052296499
0.00015425682067871094,0.8854024556616644
0.00015425682067871094,0.885493406093679
0.00015425682067871094,0.8855843565256935
0.00015425682067871094,0.885675306957708
0.0001544952392578125,0.8857662573897226
0.0001544952392578125,0.8858572078217372
0.0001544952392578125,0.8859481582537517
0.0001544952392578125,0.8860391086857663
0.0001544952392578125,0.8861300591177808
0.0001544952392578125,0.8862210095497953
0.0001544952392578125,0.8863119599818099
0.0001544952392578125,0.8864029104138245
0.0001544952392578125,0.886493860845839
0.00015473365783691406,0.8865848112778536
0.00015473365783691406,0.8866757617098682
0.00015473365783691406,0.8867667121418826
0.00015473365783691406,0.8868576625738972
0.00015473365783691406,0.8869486130059118
0.00015473365783691406,0.8870395634379263
0.00015473365783691406,0.8871305138699409
0.00015497207641601562,0.8872214643019555
0.00015497207641601562,0.8873124147339699
0.00015497207641601562,0.8874033651659845
0.00015497207641601562,0.8874943155979991
0.00015497207641601562,0.8875852660300136
0.00015497207641601562,0.8876762164620282
0.00015497207641601562,0.8877671668940428
0.00015497207641601562,0.8878581173260574
0.00015497207641601562,0.8879490677580718
0.00015497207641601562,0.8880400181900864
0.00015497207641601562,0.888130968622101
0.00015497207641601562,0.8882219190541155
0.00015497207641601562,0.8883128694861301
0.00015497207641601562,0.8884038199181447
0.0001552104949951172,0.8884947703501591
0.0001552104949951172,0.8885857207821737
0.0001552104949951172,0.8886766712141883
0.0001552104949951172,0.8887676216462028
0.0001552104949951172,0.8888585720782174
0.0001552104949951172,0.888949522510232
0.0001552104949951172,0.8890404729422465
0.0001552104949951172,0.889131423374261
0.0001552104949951172,0.8892223738062756
0.0001552104949951172,0.8893133242382901
0.00015544891357421875,0.8894042746703047
0.00015544891357421875,0.8894952251023193
0.00015544891357421875,0.8895861755343338
0.00015544891357421875,0.8896771259663483
0.00015544891357421875,0.8897680763983629
0.00015544891357421875,0.8898590268303774
0.00015544891357421875,0.889949977262392
0.00015544891357421875,0.8900409276944066
0.00015544891357421875,0.8901318781264211
0.0001556873321533203,0.8902228285584356
0.0001556873321533203,0.8903137789904502
0.0001556873321533203,0.8904047294224647
0.0001556873321533203,0.8904956798544793
0.0001556873321533203,0.8905866302864939
0.00015592575073242188,0.8906775807185084
0.00015592575073242188,0.890768531150523
0.00015592575073242188,0.8908594815825375
0.00015592575073242188,0.890950432014552
0.00015592575073242188,0.8910413824465666
0.00015592575073242188,0.8911323328785812
0.00015592575073242188,0.8912232833105957
0.00015592575073242188,0.8913142337426103
0.00015616416931152344,0.8914051841746248
0.00015616416931152344,0.8914961346066393
0.00015616416931152344,0.8915870850386539
0.00015616416931152344,0.8916780354706685
0.00015616416931152344,0.891768985902683
0.00015616416931152344,0.8918599363346976
0.000156402587890625,0.8919508867667122
0.000156402587890625,0.8920418371987267
0.000156402587890625,0.8921327876307412
0.000156402587890625,0.8922237380627558
0.000156402587890625,0.8923146884947704
0.000156402587890625,0.8924056389267849
0.00015664100646972656,0.8924965893587995
0.00015664100646972656,0.892587539790814
0.00015664100646972656,0.8926784902228285
0.00015664100646972656,0.8927694406548431
0.00015664100646972656,0.8928603910868577
0.00015664100646972656,0.8929513415188722
0.00015664100646972656,0.8930422919508868
0.00015664100646972656,0.8931332423829014
0.00015664100646972656,0.8932241928149158
0.00015687942504882812,0.8933151432469304
0.00015687942504882812,0.893406093678945
0.00015687942504882812,0.8934970441109595
0.00015687942504882812,0.8935879945429741
0.00015687942504882812,0.8936789449749887
0.00015687942504882812,0.8937698954070031
0.00015687942504882812,0.8938608458390177
0.0001571178436279297,0.8939517962710323
0.0001571178436279297,0.8940427467030468
0.0001571178436279297,0.8941336971350614
0.0001571178436279297,0.894224647567076
0.0001571178436279297,0.8943155979990906
0.0001571178436279297,0.894406548431105
0.0001571178436279297,0.8944974988631196
0.0001571178436279297,0.8945884492951341
0.0001571178436279297,0.8946793997271487
0.0001571178436279297,0.8947703501591633
0.0001571178436279297,0.8948613005911779
0.00015735626220703125,0.8949522510231923
0.00015735626220703125,0.8950432014552069
0.00015735626220703125,0.8951341518872215
0.00015735626220703125,0.895225102319236
0.00015735626220703125,0.8953160527512506
0.00015735626220703125,0.8954070031832652
0.00015735626220703125,0.8954979536152796
0.0001575946807861328,0.8955889040472942
0.0001575946807861328,0.8956798544793088
0.0001575946807861328,0.8957708049113233
0.0001575946807861328,0.8958617553433379
0.0001575946807861328,0.8959527057753525
0.0001575946807861328,0.896043656207367
0.0001575946807861328,0.8961346066393815
0.0001575946807861328,0.8962255570713961
0.0001575946807861328,0.8963165075034106
0.0001575946807861328,0.8964074579354252
0.0001575946807861328,0.8964984083674398
0.0001575946807861328,0.8965893587994543
0.00015783309936523438,0.8966803092314688
0.00015783309936523438,0.8967712596634834
0.00015783309936523438,0.8968622100954979
0.00015807151794433594,0.8969531605275125
0.00015807151794433594,0.8970441109595271
0.00015807151794433594,0.8971350613915416
0.00015807151794433594,0.8972260118235562
0.00015807151794433594,0.8973169622555707
0.0001583099365234375,0.8974079126875852
0.0001583099365234375,0.8974988631195998
0.0001583099365234375,0.8975898135516144
0.0001583099365234375,0.897680763983629
0.0001583099365234375,0.8977717144156435
0.0001583099365234375,0.897862664847658
0.0001583099365234375,0.8979536152796725
0.0001583099365234375,0.8980445657116871
0.0001583099365234375,0.8981355161437017
0.0001583099365234375,0.8982264665757163
0.0001583099365234375,0.8983174170077308
0.00015854835510253906,0.8984083674397454
0.00015854835510253906,0.8984993178717599
0.00015854835510253906,0.8985902683037744
0.00015878677368164062,0.898681218735789
0.00015878677368164062,0.8987721691678036
0.00015878677368164062,0.8988631195998181
0.00015878677368164062,0.8989540700318327
0.00015878677368164062,0.8990450204638472
0.00015878677368164062,0.8991359708958617
0.00015878677368164062,0.8992269213278763
0.00015878677368164062,0.8993178717598909
0.00015878677368164062,0.8994088221919054
0.00015878677368164062,0.89949977262392
0.00015878677368164062,0.8995907230559345
0.0001590251922607422,0.899681673487949
0.0001590251922607422,0.8997726239199636
0.0001590251922607422,0.8998635743519782
0.0001590251922607422,0.8999545247839927
0.0001590251922607422,0.9000454752160073
0.0001590251922607422,0.9001364256480219
0.0001590251922607422,0.9002273760800363
0.0001590251922607422,0.9003183265120509
0.00015926361083984375,0.9004092769440655
0.00015926361083984375,0.90050022737608
0.00015926361083984375,0.9005911778080946
0.00015926361083984375,0.9006821282401092
0.00015926361083984375,0.9007730786721236
0.00015926361083984375,0.9008640291041382
0.00015926361083984375,0.9009549795361528
0.00015926361083984375,0.9010459299681673
0.00015926361083984375,0.9011368804001819
0.0001595020294189453,0.9012278308321965
0.0001595020294189453,0.901318781264211
0.0001595020294189453,0.9014097316962255
0.0001595020294189453,0.9015006821282401
0.0001595020294189453,0.9015916325602547
0.0001595020294189453,0.9016825829922692
0.0001595020294189453,0.9017735334242838
0.0001595020294189453,0.9018644838562984
0.0001595020294189453,0.9019554342883128
0.00015974044799804688,0.9020463847203274
0.00015974044799804688,0.902137335152342
0.00015974044799804688,0.9022282855843565
0.00015974044799804688,0.9023192360163711
0.00015974044799804688,0.9024101864483857
0.00015974044799804688,0.9025011368804002
0.00015974044799804688,0.9025920873124147
0.00015997886657714844,0.9026830377444293
0.00015997886657714844,0.9027739881764438
0.00015997886657714844,0.9028649386084584
0.00015997886657714844,0.902955889040473
0.00015997886657714844,0.9030468394724875
0.00015997886657714844,0.903137789904502
0.00015997886657714844,0.9032287403365166
0.00015997886657714844,0.9033196907685311
0.00015997886657714844,0.9034106412005457
0.00015997886657714844,0.9035015916325603
0.00015997886657714844,0.9035925420645748
0.00015997886657714844,0.9036834924965894
0.00015997886657714844,0.9037744429286039
0.00015997886657714844,0.9038653933606184
0.00015997886657714844,0.903956343792633
0.00015997886657714844,0.9040472942246476
0.00015997886657714844,0.9041382446566621
0.00016021728515625,0.9042291950886767
0.00016021728515625,0.9043201455206912
0.00016021728515625,0.9044110959527057
0.00016021728515625,0.9045020463847203
0.00016021728515625,0.9045929968167349
0.00016021728515625,0.9046839472487495
0.00016021728515625,0.904774897680764
0.00016021728515625,0.9048658481127785
0.00016021728515625,0.904956798544793
0.00016045570373535156,0.9050477489768076
0.00016045570373535156,0.9051386994088222
0.00016045570373535156,0.9052296498408368
0.00016045570373535156,0.9053206002728513
0.00016069412231445312,0.9054115507048659
0.00016069412231445312,0.9055025011368804
0.00016069412231445312,0.9055934515688949
0.00016069412231445312,0.9056844020009095
0.0001609325408935547,0.9057753524329241
0.0001609325408935547,0.9058663028649386
0.0001609325408935547,0.9059572532969532
0.0001609325408935547,0.9060482037289677
0.0001609325408935547,0.9061391541609822
0.0001609325408935547,0.9062301045929968
0.0001609325408935547,0.9063210550250114
0.0001609325408935547,0.9064120054570259
0.0001609325408935547,0.9065029558890405
0.0001609325408935547,0.9065939063210551
0.0001609325408935547,0.9066848567530695
0.00016117095947265625,0.9067758071850841
0.00016117095947265625,0.9068667576170987
0.00016117095947265625,0.9069577080491132
0.00016117095947265625,0.9070486584811278
0.00016117095947265625,0.9071396089131424
0.00016117095947265625,0.9072305593451568
0.00016117095947265625,0.9073215097771714
0.00016117095947265625,0.907412460209186
0.00016117095947265625,0.9075034106412005
0.00016117095947265625,0.9075943610732151
0.00016117095947265625,0.9076853115052297
0.00016117095947265625,0.9077762619372443
0.0001614093780517578,0.9078672123692587
0.0001614093780517578,0.9079581628012733
0.0001614093780517578,0.9080491132332879
0.0001614093780517578,0.9081400636653024
0.00016164779663085938,0.908231014097317
0.00016164779663085938,0.9083219645293316
0.00016164779663085938,0.908412914961346
0.00016164779663085938,0.9085038653933606
0.00016164779663085938,0.9085948158253752
0.00016188621520996094,0.9086857662573897
0.00016188621520996094,0.9087767166894043
0.00016188621520996094,0.9088676671214189
0.00016188621520996094,0.9089586175534333
0.00016188621520996094,0.9090495679854479
0.00016188621520996094,0.9091405184174625
0.00016188621520996094,0.909231468849477
0.00016188621520996094,0.9093224192814916
0.00016188621520996094,0.9094133697135062
0.00016188621520996094,0.9095043201455207
0.00016188621520996094,0.9095952705775352
0.00016188621520996094,0.9096862210095498
0.00016188621520996094,0.9097771714415643
0.00016188621520996094,0.9098681218735789
0.0001621246337890625,0.9099590723055935
0.0001621246337890625,0.910050022737608
0.0001621246337890625,0.9101409731696225
0.0001621246337890625,0.9102319236016371
0.0001621246337890625,0.9103228740336516
0.0001621246337890625,0.9104138244656662
0.00016236305236816406,0.9105047748976808
0.00016236305236816406,0.9105957253296953
0.00016236305236816406,0.9106866757617099
0.00016236305236816406,0.9107776261937244
0.00016236305236816406,0.910868576625739
0.00016236305236816406,0.9109595270577535
0.00016260147094726562,0.9110504774897681
0.00016260147094726562,0.9111414279217827
0.00016260147094726562,0.9112323783537972
0.00016260147094726562,0.9113233287858117
0.00016260147094726562,0.9114142792178263
0.00016260147094726562,0.9115052296498408
0.0001628398895263672,0.9115961800818554
0.0001628398895263672,0.91168713051387
0.0001628398895263672,0.9117780809458845
0.0001628398895263672,0.9118690313778991
0.0001628398895263672,0.9119599818099136
0.00016307830810546875,0.9120509322419281
0.00016307830810546875,0.9121418826739427
0.00016307830810546875,0.9122328331059573
0.00016307830810546875,0.9123237835379718
0.00016307830810546875,0.9124147339699864
0.00016307830810546875,0.9125056844020009
0.00016307830810546875,0.9125966348340154
0.00016307830810546875,0.91268758526603
0.0001633167266845703,0.9127785356980446
0.0001633167266845703,0.9128694861300591
0.0001633167266845703,0.9129604365620737
0.0001633167266845703,0.9130513869940883
0.0001633167266845703,0.9131423374261027
0.0001633167266845703,0.9132332878581173
0.0001633167266845703,0.9133242382901319
0.0001633167266845703,0.9134151887221464
0.0001633167266845703,0.913506139154161
0.0001633167266845703,0.9135970895861756
0.00016355514526367188,0.91368804001819
0.00016355514526367188,0.9137789904502046
0.00016355514526367188,0.9138699408822192
0.00016355514526367188,0.9139608913142337
0.00016355514526367188,0.9140518417462483
0.00016379356384277344,0.9141427921782629
0.00016379356384277344,0.9142337426102773
0.000164031982421875,0.9143246930422919
0.000164031982421875,0.9144156434743065
0.000164031982421875,0.914506593906321
0.000164031982421875,0.9145975443383356
0.000164031982421875,0.9146884947703502
0.00016427040100097656,0.9147794452023648
0.00016427040100097656,0.9148703956343792
0.00016427040100097656,0.9149613460663938
0.00016427040100097656,0.9150522964984084
0.00016427040100097656,0.9151432469304229
0.00016427040100097656,0.9152341973624375
0.00016450881958007812,0.9153251477944521
0.00016450881958007812,0.9154160982264665
0.00016450881958007812,0.9155070486584811
0.00016450881958007812,0.9155979990904957
0.00016450881958007812,0.9156889495225102
0.00016450881958007812,0.9157798999545248
0.00016450881958007812,0.9158708503865394
0.00016450881958007812,0.9159618008185539
0.0001647472381591797,0.9160527512505684
0.0001647472381591797,0.916143701682583
0.0001647472381591797,0.9162346521145975
0.0001647472381591797,0.9163256025466121
0.0001647472381591797,0.9164165529786267
0.00016498565673828125,0.9165075034106412
0.00016498565673828125,0.9165984538426557
0.00016498565673828125,0.9166894042746703
0.00016498565673828125,0.9167803547066848
0.00016498565673828125,0.9168713051386994
0.00016498565673828125,0.916962255570714
0.00016498565673828125,0.9170532060027285
0.00016498565673828125,0.9171441564347431
0.0001652240753173828,0.9172351068667576
0.0001652240753173828,0.9173260572987721
0.0001652240753173828,0.9174170077307867
0.00016546249389648438,0.9175079581628013
0.00016546249389648438,0.9175989085948159
0.00016546249389648438,0.9176898590268304
0.00016570091247558594,0.9177808094588449
0.00016570091247558594,0.9178717598908595
0.0001659393310546875,0.917962710322874
0.0001659393310546875,0.9180536607548886
0.0001659393310546875,0.9181446111869032
0.0001659393310546875,0.9182355616189177
0.0001659393310546875,0.9183265120509322
0.0001659393310546875,0.9184174624829468
0.0001659393310546875,0.9185084129149613
0.0001659393310546875,0.9185993633469759
0.0001659393310546875,0.9186903137789905
0.0001659393310546875,0.918781264211005
0.00016617774963378906,0.9188722146430196
0.00016617774963378906,0.9189631650750341
0.00016617774963378906,0.9190541155070486
0.00016617774963378906,0.9191450659390632
0.00016617774963378906,0.9192360163710778
0.00016641616821289062,0.9193269668030923
0.00016641616821289062,0.9194179172351069
0.00016641616821289062,0.9195088676671214
0.00016641616821289062,0.9195998180991359
0.00016641616821289062,0.9196907685311505
0.00016641616821289062,0.9197817189631651
0.00016641616821289062,0.9198726693951796
0.00016641616821289062,0.9199636198271942
0.0001666545867919922,0.9200545702592088
0.0001666545867919922,0.9201455206912232
0.0001666545867919922,0.9202364711232378
0.0001666545867919922,0.9203274215552524
0.0001666545867919922,0.920418371987267
0.0001666545867919922,0.9205093224192815
0.0001666545867919922,0.9206002728512961
0.0001666545867919922,0.9206912232833105
0.0001666545867919922,0.9207821737153251
0.00016689300537109375,0.9208731241473397
0.00016689300537109375,0.9209640745793543
0.00016689300537109375,0.9210550250113688
0.00016689300537109375,0.9211459754433834
0.00016689300537109375,0.921236925875398
0.00016689300537109375,0.9213278763074124
0.00016689300537109375,0.921418826739427
0.00016689300537109375,0.9215097771714416
0.0001671314239501953,0.9216007276034561
0.0001671314239501953,0.9216916780354707
0.0001671314239501953,0.9217826284674853
0.0001671314239501953,0.9218735788994997
0.0001671314239501953,0.9219645293315143
0.0001671314239501953,0.9220554797635289
0.0001671314239501953,0.9221464301955434
0.00016736984252929688,0.922237380627558
0.00016736984252929688,0.9223283310595726
0.00016736984252929688,0.9224192814915871
0.00016736984252929688,0.9225102319236016
0.00016736984252929688,0.9226011823556162
0.00016736984252929688,0.9226921327876307
0.00016760826110839844,0.9227830832196453
0.00016760826110839844,0.9228740336516599
0.00016760826110839844,0.9229649840836744
0.0001678466796875,0.9230559345156889
0.0001678466796875,0.9231468849477035
0.0001678466796875,0.923237835379718
0.0001678466796875,0.9233287858117326
0.0001678466796875,0.9234197362437472
0.0001678466796875,0.9235106866757617
0.0001678466796875,0.9236016371077762
0.0001678466796875,0.9236925875397908
0.0001678466796875,0.9237835379718053
0.0001678466796875,0.9238744884038199
0.00016808509826660156,0.9239654388358345
0.00016808509826660156,0.924056389267849
0.00016808509826660156,0.9241473396998636
0.00016808509826660156,0.9242382901318781
0.00016808509826660156,0.9243292405638927
0.00016808509826660156,0.9244201909959072
0.00016832351684570312,0.9245111414279218
0.00016832351684570312,0.9246020918599364
0.00016832351684570312,0.9246930422919509
0.00016832351684570312,0.9247839927239654
0.00016832351684570312,0.92487494315598
0.00016832351684570312,0.9249658935879945
0.00016832351684570312,0.9250568440200091
0.0001685619354248047,0.9251477944520237
0.0001685619354248047,0.9252387448840382
0.0001685619354248047,0.9253296953160528
0.0001685619354248047,0.9254206457480673
0.0001685619354248047,0.9255115961800818
0.0001685619354248047,0.9256025466120964
0.00016880035400390625,0.925693497044111
0.00016880035400390625,0.9257844474761255
0.00016880035400390625,0.9258753979081401
0.00016880035400390625,0.9259663483401546
0.00016880035400390625,0.9260572987721691
0.00016880035400390625,0.9261482492041837
0.00016880035400390625,0.9262391996361983
0.00016880035400390625,0.9263301500682128
0.00016880035400390625,0.9264211005002274
0.00016880035400390625,0.926512050932242
0.00016880035400390625,0.9266030013642564
0.00016880035400390625,0.926693951796271
0.00016880035400390625,0.9267849022282856
0.00016880035400390625,0.9268758526603001
0.0001690387725830078,0.9269668030923147
0.0001690387725830078,0.9270577535243293
0.0001690387725830078,0.9271487039563437
0.0001690387725830078,0.9272396543883583
0.00016927719116210938,0.9273306048203729
0.00016927719116210938,0.9274215552523875
0.00016927719116210938,0.927512505684402
0.00016927719116210938,0.9276034561164166
0.00016951560974121094,0.927694406548431
0.00016951560974121094,0.9277853569804456
0.00016951560974121094,0.9278763074124602
0.00016951560974121094,0.9279672578444748
0.00016951560974121094,0.9280582082764893
0.00016951560974121094,0.9281491587085039
0.00016951560974121094,0.9282401091405185
0.00016951560974121094,0.9283310595725329
0.00016951560974121094,0.9284220100045475
0.0001697540283203125,0.9285129604365621
0.0001697540283203125,0.9286039108685766
0.0001697540283203125,0.9286948613005912
0.0001697540283203125,0.9287858117326058
0.0001697540283203125,0.9288767621646202
0.0001697540283203125,0.9289677125966348
0.00016999244689941406,0.9290586630286494
0.00016999244689941406,0.9291496134606639
0.00016999244689941406,0.9292405638926785
0.00016999244689941406,0.9293315143246931
0.00016999244689941406,0.9294224647567076
0.00017023086547851562,0.9295134151887221
0.00017023086547851562,0.9296043656207367
0.00017023086547851562,0.9296953160527512
0.00017023086547851562,0.9297862664847658
0.00017023086547851562,0.9298772169167804
0.00017023086547851562,0.929968167348795
0.00017023086547851562,0.9300591177808094
0.00017023086547851562,0.930150068212824
0.00017023086547851562,0.9302410186448385
0.00017023086547851562,0.9303319690768531
0.0001704692840576172,0.9304229195088677
0.0001704692840576172,0.9305138699408823
0.0001704692840576172,0.9306048203728968
0.0001704692840576172,0.9306957708049113
0.00017070770263671875,0.9307867212369259
0.00017070770263671875,0.9308776716689404
0.00017070770263671875,0.930968622100955
0.00017070770263671875,0.9310595725329696
0.00017070770263671875,0.9311505229649841
0.00017070770263671875,0.9312414733969986
0.0001709461212158203,0.9313324238290132
0.0001709461212158203,0.9314233742610277
0.0001709461212158203,0.9315143246930423
0.0001709461212158203,0.9316052751250569
0.0001709461212158203,0.9316962255570714
0.00017118453979492188,0.931787175989086
0.00017118453979492188,0.9318781264211005
0.00017118453979492188,0.931969076853115
0.00017118453979492188,0.9320600272851296
0.00017118453979492188,0.9321509777171442
0.00017118453979492188,0.9322419281491587
0.00017118453979492188,0.9323328785811733
0.00017118453979492188,0.9324238290131878
0.00017142295837402344,0.9325147794452023
0.00017142295837402344,0.9326057298772169
0.00017142295837402344,0.9326966803092315
0.00017142295837402344,0.932787630741246
0.00017142295837402344,0.9328785811732606
0.00017142295837402344,0.9329695316052751
0.00017142295837402344,0.9330604820372896
0.000171661376953125,0.9331514324693042
0.000171661376953125,0.9332423829013188
0.000171661376953125,0.9333333333333333
0.000171661376953125,0.9334242837653479
0.000171661376953125,0.9335152341973625
0.000171661376953125,0.933606184629377
0.00017189979553222656,0.9336971350613915
0.00017189979553222656,0.9337880854934061
0.00017189979553222656,0.9338790359254207
0.00017189979553222656,0.9339699863574352
0.00017189979553222656,0.9340609367894498
0.00017189979553222656,0.9341518872214642
0.00017189979553222656,0.9342428376534788
0.00017189979553222656,0.9343337880854934
0.00017189979553222656,0.934424738517508
0.00017213821411132812,0.9345156889495225
0.00017213821411132812,0.9346066393815371
0.00017213821411132812,0.9346975898135517
0.00017213821411132812,0.9347885402455661
0.00017213821411132812,0.9348794906775807
0.00017213821411132812,0.9349704411095953
0.0001723766326904297,0.9350613915416098
0.0001723766326904297,0.9351523419736244
0.0001723766326904297,0.935243292405639
0.0001723766326904297,0.9353342428376534
0.0001723766326904297,0.935425193269668
0.0001723766326904297,0.9355161437016826
0.0001723766326904297,0.9356070941336971
0.0001723766326904297,0.9356980445657117
0.0001723766326904297,0.9357889949977263
0.00017261505126953125,0.9358799454297408
0.00017261505126953125,0.9359708958617553
0.00017261505126953125,0.9360618462937699
0.0001728534698486328,0.9361527967257844
0.0001728534698486328,0.936243747157799
0.0001728534698486328,0.9363346975898136
0.0001728534698486328,0.9364256480218281
0.0001728534698486328,0.9365165984538426
0.0001728534698486328,0.9366075488858572
0.0001728534698486328,0.9366984993178717
0.0001728534698486328,0.9367894497498863
0.0001728534698486328,0.9368804001819009
0.00017309188842773438,0.9369713506139155
0.00017309188842773438,0.9370623010459299
0.00017309188842773438,0.9371532514779445
0.00017309188842773438,0.937244201909959
0.00017309188842773438,0.9373351523419736
0.00017309188842773438,0.9374261027739882
0.00017333030700683594,0.9375170532060028
0.00017333030700683594,0.9376080036380173
0.00017333030700683594,0.9376989540700318
0.00017333030700683594,0.9377899045020464
0.00017333030700683594,0.9378808549340609
0.00017333030700683594,0.9379718053660755
0.00017333030700683594,0.9380627557980901
0.00017333030700683594,0.9381537062301046
0.00017333030700683594,0.9382446566621191
0.00017333030700683594,0.9383356070941337
0.0001735687255859375,0.9384265575261482
0.0001735687255859375,0.9385175079581628
0.0001735687255859375,0.9386084583901774
0.0001735687255859375,0.9386994088221919
0.0001735687255859375,0.9387903592542065
0.00017380714416503906,0.938881309686221
0.00017380714416503906,0.9389722601182355
0.00017380714416503906,0.9390632105502501
0.00017404556274414062,0.9391541609822647
0.00017404556274414062,0.9392451114142792
0.00017404556274414062,0.9393360618462938
0.00017404556274414062,0.9394270122783083
0.00017404556274414062,0.9395179627103228
0.00017404556274414062,0.9396089131423374
0.00017404556274414062,0.939699863574352
0.0001742839813232422,0.9397908140063665
0.0001742839813232422,0.9398817644383811
0.0001742839813232422,0.9399727148703957
0.0001742839813232422,0.9400636653024101
0.00017452239990234375,0.9401546157344247
0.00017452239990234375,0.9402455661664393
0.00017452239990234375,0.9403365165984539
0.00017452239990234375,0.9404274670304684
0.0001747608184814453,0.940518417462483
0.0001747608184814453,0.9406093678944975
0.0001747608184814453,0.940700318326512
0.0001747608184814453,0.9407912687585266
0.0001747608184814453,0.9408822191905412
0.0001747608184814453,0.9409731696225557
0.0001747608184814453,0.9410641200545703
0.0001747608184814453,0.9411550704865849
0.0001747608184814453,0.9412460209185993
0.0001747608184814453,0.9413369713506139
0.0001747608184814453,0.9414279217826285
0.00017499923706054688,0.941518872214643
0.00017499923706054688,0.9416098226466576
0.00017499923706054688,0.9417007730786722
0.00017499923706054688,0.9417917235106866
0.00017499923706054688,0.9418826739427012
0.00017499923706054688,0.9419736243747158
0.00017499923706054688,0.9420645748067303
0.00017499923706054688,0.9421555252387449
0.00017499923706054688,0.9422464756707595
0.00017499923706054688,0.9423374261027739
0.00017523765563964844,0.9424283765347885
0.00017523765563964844,0.9425193269668031
0.00017523765563964844,0.9426102773988176
0.00017523765563964844,0.9427012278308322
0.00017547607421875,0.9427921782628468
0.00017547607421875,0.9428831286948613
0.00017547607421875,0.9429740791268758
0.00017547607421875,0.9430650295588904
0.00017547607421875,0.943155979990905
0.00017547607421875,0.9432469304229195
0.00017547607421875,0.9433378808549341
0.00017571449279785156,0.9434288312869487
0.00017571449279785156,0.9435197817189631
0.00017571449279785156,0.9436107321509777
0.00017571449279785156,0.9437016825829923
0.00017571449279785156,0.9437926330150068
0.00017571449279785156,0.9438835834470214
0.00017595291137695312,0.943974533879036
0.00017595291137695312,0.9440654843110505
0.00017595291137695312,0.944156434743065
0.00017595291137695312,0.9442473851750796
0.00017595291137695312,0.9443383356070941
0.00017595291137695312,0.9444292860391087
0.0001761913299560547,0.9445202364711233
0.0001761913299560547,0.9446111869031378
0.0001761913299560547,0.9447021373351523
0.00017642974853515625,0.9447930877671669
0.00017642974853515625,0.9448840381991814
0.00017642974853515625,0.944974988631196
0.00017642974853515625,0.9450659390632106
0.00017642974853515625,0.9451568894952251
0.00017642974853515625,0.9452478399272397
0.0001766681671142578,0.9453387903592542
0.0001766681671142578,0.9454297407912687
0.0001766681671142578,0.9455206912232833
0.0001766681671142578,0.9456116416552979
0.0001766681671142578,0.9457025920873124
0.0001766681671142578,0.945793542519327
0.0001766681671142578,0.9458844929513415
0.00017690658569335938,0.945975443383356
0.00017690658569335938,0.9460663938153706
0.00017690658569335938,0.9461573442473852
0.00017690658569335938,0.9462482946793997
0.00017690658569335938,0.9463392451114143
0.00017690658569335938,0.9464301955434288
0.00017690658569335938,0.9465211459754433
0.00017690658569335938,0.9466120964074579
0.00017690658569335938,0.9467030468394725
0.00017714500427246094,0.946793997271487
0.00017714500427246094,0.9468849477035016
0.00017714500427246094,0.9469758981355162
0.00017714500427246094,0.9470668485675307
0.00017714500427246094,0.9471577989995452
0.00017714500427246094,0.9472487494315598
0.00017714500427246094,0.9473396998635744
0.00017714500427246094,0.9474306502955889
0.00017714500427246094,0.9475216007276035
0.0001773834228515625,0.947612551159618
0.0001773834228515625,0.9477035015916325
0.0001773834228515625,0.9477944520236471
0.0001773834228515625,0.9478854024556617
0.00017762184143066406,0.9479763528876762
0.00017762184143066406,0.9480673033196908
0.00017762184143066406,0.9481582537517054
0.00017762184143066406,0.9482492041837198
0.00017762184143066406,0.9483401546157344
0.00017786026000976562,0.948431105047749
0.0001780986785888672,0.9485220554797635
0.0001780986785888672,0.9486130059117781
0.0001780986785888672,0.9487039563437927
0.0001780986785888672,0.9487949067758071
0.00017833709716796875,0.9488858572078217
0.00017833709716796875,0.9489768076398363
0.00017833709716796875,0.9490677580718508
0.00017833709716796875,0.9491587085038654
0.00017833709716796875,0.94924965893588
0.00017833709716796875,0.9493406093678946
0.00017833709716796875,0.949431559799909
0.00017833709716796875,0.9495225102319236
0.00017833709716796875,0.9496134606639381
0.0001785755157470703,0.9497044110959527
0.0001785755157470703,0.9497953615279673
0.0001785755157470703,0.9498863119599819
0.0001785755157470703,0.9499772623919963
0.0001785755157470703,0.9500682128240109
0.00017881393432617188,0.9501591632560255
0.00017881393432617188,0.95025011368804
0.00017881393432617188,0.9503410641200546
0.00017881393432617188,0.9504320145520692
0.00017905235290527344,0.9505229649840837
0.00017905235290527344,0.9506139154160982
0.00017905235290527344,0.9507048658481128
0.00017905235290527344,0.9507958162801273
0.00017905235290527344,0.9508867667121419
0.00017905235290527344,0.9509777171441565
0.000179290771484375,0.951068667576171
0.000179290771484375,0.9511596180081855
0.000179290771484375,0.9512505684402001
0.000179290771484375,0.9513415188722146
0.00017952919006347656,0.9514324693042292
0.00017952919006347656,0.9515234197362438
0.00017952919006347656,0.9516143701682583
0.00017952919006347656,0.9517053206002728
0.00017952919006347656,0.9517962710322874
0.00017976760864257812,0.9518872214643019
0.00017976760864257812,0.9519781718963165
0.00017976760864257812,0.9520691223283311
0.00017976760864257812,0.9521600727603456
0.00017976760864257812,0.9522510231923602
0.0001800060272216797,0.9523419736243747
0.0001800060272216797,0.9524329240563892
0.0001800060272216797,0.9525238744884038
0.0001800060272216797,0.9526148249204184
0.0001800060272216797,0.952705775352433
0.00018024444580078125,0.9527967257844475
0.00018024444580078125,0.952887676216462
0.00018024444580078125,0.9529786266484765
0.00018024444580078125,0.9530695770804911
0.00018024444580078125,0.9531605275125057
0.00018024444580078125,0.9532514779445203
0.0001804828643798828,0.9533424283765348
0.0001804828643798828,0.9534333788085494
0.0001804828643798828,0.9535243292405639
0.0001804828643798828,0.9536152796725784
0.00018072128295898438,0.953706230104593
0.00018072128295898438,0.9537971805366076
0.00018072128295898438,0.9538881309686221
0.00018095970153808594,0.9539790814006367
0.00018095970153808594,0.9540700318326512
0.00018095970153808594,0.9541609822646657
0.00018095970153808594,0.9542519326966803
0.00018095970153808594,0.9543428831286949
0.00018095970153808594,0.9544338335607094
0.00018095970153808594,0.954524783992724
0.0001811981201171875,0.9546157344247386
0.0001811981201171875,0.954706684856753
0.0001811981201171875,0.9547976352887676
0.0001811981201171875,0.9548885857207822
0.0001811981201171875,0.9549795361527967
0.0001811981201171875,0.9550704865848113
0.0001811981201171875,0.9551614370168259
0.0001811981201171875,0.9552523874488403
0.00018143653869628906,0.9553433378808549
0.00018143653869628906,0.9554342883128695
0.00018143653869628906,0.955525238744884
0.00018167495727539062,0.9556161891768986
0.00018167495727539062,0.9557071396089132
0.00018167495727539062,0.9557980900409276
0.00018167495727539062,0.9558890404729422
0.00018167495727539062,0.9559799909049568
0.00018167495727539062,0.9560709413369713
0.00018167495727539062,0.9561618917689859
0.0001819133758544922,0.9562528422010005
0.0001819133758544922,0.956343792633015
0.0001819133758544922,0.9564347430650295
0.0001819133758544922,0.9565256934970441
0.0001819133758544922,0.9566166439290587
0.0001819133758544922,0.9567075943610732
0.0001819133758544922,0.9567985447930878
0.00018215179443359375,0.9568894952251024
0.00018215179443359375,0.9569804456571168
0.00018215179443359375,0.9570713960891314
0.00018215179443359375,0.957162346521146
0.00018215179443359375,0.9572532969531605
0.00018215179443359375,0.9573442473851751
0.0001823902130126953,0.9574351978171897
0.0001823902130126953,0.9575261482492042
0.0001823902130126953,0.9576170986812187
0.0001823902130126953,0.9577080491132333
0.0001823902130126953,0.9577989995452478
0.0001823902130126953,0.9578899499772624
0.00018262863159179688,0.957980900409277
0.00018262863159179688,0.9580718508412915
0.00018262863159179688,0.958162801273306
0.00018262863159179688,0.9582537517053206
0.00018262863159179688,0.9583447021373351
0.00018262863159179688,0.9584356525693497
0.00018286705017089844,0.9585266030013643
0.00018286705017089844,0.9586175534333788
0.00018286705017089844,0.9587085038653934
0.00018286705017089844,0.9587994542974079
0.00018286705017089844,0.9588904047294224
0.00018310546875,0.958981355161437
0.00018310546875,0.9590723055934516
0.00018310546875,0.9591632560254661
0.00018310546875,0.9592542064574807
0.00018310546875,0.9593451568894952
0.00018334388732910156,0.9594361073215097
0.00018334388732910156,0.9595270577535243
0.00018334388732910156,0.9596180081855389
0.00018334388732910156,0.9597089586175535
0.00018334388732910156,0.959799909049568
0.00018334388732910156,0.9598908594815826
0.00018358230590820312,0.959981809913597
0.00018358230590820312,0.9600727603456116
0.0001838207244873047,0.9601637107776262
0.0001838207244873047,0.9602546612096408
0.0001838207244873047,0.9603456116416553
0.00018405914306640625,0.9604365620736699
0.00018405914306640625,0.9605275125056844
0.00018405914306640625,0.9606184629376989
0.00018405914306640625,0.9607094133697135
0.00018405914306640625,0.9608003638017281
0.0001842975616455078,0.9608913142337426
0.0001842975616455078,0.9609822646657572
0.00018453598022460938,0.9610732150977717
0.00018453598022460938,0.9611641655297862
0.00018453598022460938,0.9612551159618008
0.00018453598022460938,0.9613460663938154
0.00018453598022460938,0.9614370168258299
0.00018477439880371094,0.9615279672578445
0.00018477439880371094,0.9616189176898591
0.00018477439880371094,0.9617098681218735
0.0001850128173828125,0.9618008185538881
0.0001850128173828125,0.9618917689859027
0.0001850128173828125,0.9619827194179172
0.0001850128173828125,0.9620736698499318
0.0001850128173828125,0.9621646202819464
0.0001850128173828125,0.9622555707139608
0.0001850128173828125,0.9623465211459754
0.00018525123596191406,0.96243747157799
0.00018525123596191406,0.9625284220100045
0.00018525123596191406,0.9626193724420191
0.00018525123596191406,0.9627103228740337
0.00018548965454101562,0.9628012733060483
0.00018548965454101562,0.9628922237380627
0.00018548965454101562,0.9629831741700773
0.0001857280731201172,0.9630741246020919
0.0001857280731201172,0.9631650750341064
0.0001857280731201172,0.963256025466121
0.0001857280731201172,0.9633469758981356
0.0001857280731201172,0.96343792633015
0.00018596649169921875,0.9635288767621646
0.00018596649169921875,0.9636198271941792
0.00018596649169921875,0.9637107776261937
0.0001862049102783203,0.9638017280582083
0.0001862049102783203,0.9638926784902229
0.0001862049102783203,0.9639836289222374
0.0001862049102783203,0.9640745793542519
0.0001862049102783203,0.9641655297862665
0.0001862049102783203,0.964256480218281
0.0001862049102783203,0.9643474306502956
0.0001862049102783203,0.9644383810823102
0.0001862049102783203,0.9645293315143247
0.00018644332885742188,0.9646202819463392
0.00018644332885742188,0.9647112323783538
0.00018644332885742188,0.9648021828103683
0.00018644332885742188,0.9648931332423829
0.00018644332885742188,0.9649840836743975
0.00018668174743652344,0.965075034106412
0.00018668174743652344,0.9651659845384265
0.00018668174743652344,0.9652569349704411
0.00018668174743652344,0.9653478854024556
0.00018668174743652344,0.9654388358344702
0.00018668174743652344,0.9655297862664848
0.000186920166015625,0.9656207366984993
0.000186920166015625,0.9657116871305139
0.000186920166015625,0.9658026375625284
0.000186920166015625,0.965893587994543
0.00018715858459472656,0.9659845384265575
0.00018715858459472656,0.9660754888585721
0.00018715858459472656,0.9661664392905867
0.00018739700317382812,0.9662573897226012
0.00018739700317382812,0.9663483401546157
0.00018739700317382812,0.9664392905866303
0.0001876354217529297,0.9665302410186448
0.0001876354217529297,0.9666211914506594
0.0001876354217529297,0.966712141882674
0.0001876354217529297,0.9668030923146885
0.0001876354217529297,0.9668940427467031
0.0001876354217529297,0.9669849931787176
0.0001876354217529297,0.9670759436107321
0.0001876354217529297,0.9671668940427467
0.00018787384033203125,0.9672578444747613
0.00018787384033203125,0.9673487949067758
0.00018787384033203125,0.9674397453387904
0.00018787384033203125,0.9675306957708049
0.00018787384033203125,0.9676216462028194
0.00018787384033203125,0.967712596634834
0.00018787384033203125,0.9678035470668486
0.0001881122589111328,0.9678944974988631
0.0001881122589111328,0.9679854479308777
0.0001881122589111328,0.9680763983628923
0.00018835067749023438,0.9681673487949067
0.00018835067749023438,0.9682582992269213
0.00018835067749023438,0.9683492496589359
0.00018835067749023438,0.9684402000909504
0.00018835067749023438,0.968531150522965
0.00018858909606933594,0.9686221009549796
0.00018858909606933594,0.968713051386994
0.00018858909606933594,0.9688040018190086
0.00018858909606933594,0.9688949522510232
0.00018858909606933594,0.9689859026830377
0.00018858909606933594,0.9690768531150523
0.0001888275146484375,0.9691678035470669
0.0001888275146484375,0.9692587539790815
0.0001888275146484375,0.9693497044110959
0.0001888275146484375,0.9694406548431105
0.0001888275146484375,0.969531605275125
0.00018906593322753906,0.9696225557071396
0.00018906593322753906,0.9697135061391542
0.00018906593322753906,0.9698044565711688
0.00018906593322753906,0.9698954070031832
0.00018906593322753906,0.9699863574351978
0.00018906593322753906,0.9700773078672124
0.00018906593322753906,0.9701682582992269
0.00018906593322753906,0.9702592087312415
0.00018930435180664062,0.9703501591632561
0.00018930435180664062,0.9704411095952705
0.00018930435180664062,0.9705320600272851
0.00018930435180664062,0.9706230104592997
0.00018930435180664062,0.9707139608913142
0.00018930435180664062,0.9708049113233288
0.0001895427703857422,0.9708958617553434
0.0001895427703857422,0.9709868121873579
0.0001895427703857422,0.9710777626193724
0.0001895427703857422,0.971168713051387
0.00018978118896484375,0.9712596634834015
0.00018978118896484375,0.9713506139154161
0.0001900196075439453,0.9714415643474307
0.0001900196075439453,0.9715325147794452
0.0001900196075439453,0.9716234652114597
0.0001900196075439453,0.9717144156434743
0.0001900196075439453,0.9718053660754888
0.0001900196075439453,0.9718963165075034
0.0001900196075439453,0.971987266939518
0.0001900196075439453,0.9720782173715325
0.00019025802612304688,0.9721691678035471
0.00019025802612304688,0.9722601182355616
0.00019025802612304688,0.9723510686675761
0.00019025802612304688,0.9724420190995907
0.00019049644470214844,0.9725329695316053
0.00019049644470214844,0.9726239199636199
0.00019049644470214844,0.9727148703956344
0.00019049644470214844,0.9728058208276489
0.00019049644470214844,0.9728967712596635
0.00019049644470214844,0.972987721691678
0.00019073486328125,0.9730786721236926
0.00019073486328125,0.9731696225557072
0.00019073486328125,0.9732605729877217
0.00019073486328125,0.9733515234197363
0.00019073486328125,0.9734424738517508
0.00019073486328125,0.9735334242837653
0.00019073486328125,0.9736243747157799
0.00019097328186035156,0.9737153251477945
0.00019097328186035156,0.973806275579809
0.00019097328186035156,0.9738972260118236
0.00019097328186035156,0.9739881764438381
0.00019121170043945312,0.9740791268758526
0.0001914501190185547,0.9741700773078672
0.0001914501190185547,0.9742610277398818
0.00019168853759765625,0.9743519781718963
0.00019168853759765625,0.9744429286039109
0.00019168853759765625,0.9745338790359254
0.00019216537475585938,0.9746248294679399
0.00019216537475585938,0.9747157798999545
0.00019240379333496094,0.9748067303319691
0.00019240379333496094,0.9748976807639836
0.00019240379333496094,0.9749886311959982
0.00019240379333496094,0.9750795816280128
0.00019240379333496094,0.9751705320600272
0.00019240379333496094,0.9752614824920418
0.0001926422119140625,0.9753524329240564
0.0001926422119140625,0.975443383356071
0.0001926422119140625,0.9755343337880855
0.0001926422119140625,0.9756252842201001
0.00019288063049316406,0.9757162346521145
0.00019288063049316406,0.9758071850841291
0.00019311904907226562,0.9758981355161437
0.0001933574676513672,0.9759890859481583
0.0001933574676513672,0.9760800363801728
0.0001933574676513672,0.9761709868121874
0.0001933574676513672,0.976261937244202
0.0001933574676513672,0.9763528876762164
0.00019359588623046875,0.976443838108231
0.00019359588623046875,0.9765347885402456
0.00019407272338867188,0.9766257389722601
0.00019407272338867188,0.9767166894042747
0.00019407272338867188,0.9768076398362893
0.00019407272338867188,0.9768985902683037
0.00019407272338867188,0.9769895407003183
0.00019407272338867188,0.9770804911323329
0.00019431114196777344,0.9771714415643474
0.000194549560546875,0.977262391996362
0.000194549560546875,0.9773533424283766
0.00019478797912597656,0.9774442928603911
0.00019478797912597656,0.9775352432924056
0.00019502639770507812,0.9776261937244202
0.00019502639770507812,0.9777171441564347
0.00019502639770507812,0.9778080945884493
0.0001952648162841797,0.9778990450204639
0.00019550323486328125,0.9779899954524784
0.00019550323486328125,0.9780809458844929
0.00019550323486328125,0.9781718963165075
0.00019550323486328125,0.978262846748522
0.00019550323486328125,0.9783537971805366
0.00019550323486328125,0.9784447476125512
0.0001957416534423828,0.9785356980445657
0.0001957416534423828,0.9786266484765803
0.0001957416534423828,0.9787175989085948
0.00019598007202148438,0.9788085493406093
0.00019598007202148438,0.9788994997726239
0.00019598007202148438,0.9789904502046385
0.00019621849060058594,0.979081400636653
0.00019621849060058594,0.9791723510686676
0.0001964569091796875,0.9792633015006821
0.0001964569091796875,0.9793542519326967
0.0001964569091796875,0.9794452023647112
0.0001964569091796875,0.9795361527967258
0.0001964569091796875,0.9796271032287404
0.00019669532775878906,0.9797180536607549
0.00019693374633789062,0.9798090040927694
0.00019693374633789062,0.979899954524784
0.00019693374633789062,0.9799909049567985
0.0001971721649169922,0.9800818553888131
0.0001971721649169922,0.9801728058208277
0.0001971721649169922,0.9802637562528422
0.00019741058349609375,0.9803547066848568
0.00019741058349609375,0.9804456571168713
0.0001976490020751953,0.9805366075488858
0.0001976490020751953,0.9806275579809004
0.0001976490020751953,0.980718508412915
0.0001976490020751953,0.9808094588449295
0.0001976490020751953,0.9809004092769441
0.0001976490020751953,0.9809913597089586
0.00019788742065429688,0.9810823101409731
0.00019788742065429688,0.9811732605729877
0.00019788742065429688,0.9812642110050023
0.00019812583923339844,0.9813551614370168
0.00019812583923339844,0.9814461118690314
0.0001983642578125,0.981537062301046
0.0001983642578125,0.9816280127330604
0.0001983642578125,0.981718963165075
0.0001983642578125,0.9818099135970896
0.0001983642578125,0.9819008640291041
0.00019860267639160156,0.9819918144611187
0.00019884109497070312,0.9820827648931333
0.00019884109497070312,0.9821737153251477
0.00019884109497070312,0.9822646657571623
0.00019884109497070312,0.9823556161891769
0.00019884109497070312,0.9824465666211915
0.0001990795135498047,0.982537517053206
0.00019931793212890625,0.9826284674852206
0.00019931793212890625,0.9827194179172352
0.0001995563507080078,0.9828103683492496
0.0001995563507080078,0.9829013187812642
0.0001995563507080078,0.9829922692132788
0.00019979476928710938,0.9830832196452933
0.00019979476928710938,0.9831741700773079
0.00019979476928710938,0.9832651205093225
0.00020003318786621094,0.9833560709413369
0.00020003318786621094,0.9834470213733515
0.00020003318786621094,0.9835379718053661
0.0002002716064453125,0.9836289222373806
0.00020051002502441406,0.9837198726693952
0.00020051002502441406,0.9838108231014098
0.00020051002502441406,0.9839017735334242
0.00020074844360351562,0.9839927239654388
0.00020074844360351562,0.9840836743974534
0.00020074844360351562,0.9841746248294679
0.00020074844360351562,0.9842655752614825
0.0002009868621826172,0.9843565256934971
0.0002009868621826172,0.9844474761255116
0.00020122528076171875,0.9845384265575261
0.00020122528076171875,0.9846293769895407
0.0002014636993408203,0.9847203274215552
0.0002014636993408203,0.9848112778535698
0.00020170211791992188,0.9849022282855844
0.00020170211791992188,0.984993178717599
0.00020170211791992188,0.9850841291496134
0.00020170211791992188,0.985175079581628
0.00020194053649902344,0.9852660300136425
0.00020194053649902344,0.9853569804456571
0.00020194053649902344,0.9854479308776717
0.000202178955078125,0.9855388813096863
0.000202178955078125,0.9856298317417008
0.00020241737365722656,0.9857207821737153
0.0002028942108154297,0.9858117326057299
0.00020313262939453125,0.9859026830377444
0.00020313262939453125,0.985993633469759
0.0002033710479736328,0.9860845839017736
0.0002033710479736328,0.9861755343337881
0.0002033710479736328,0.9862664847658026
0.0002033710479736328,0.9863574351978172
0.00020360946655273438,0.9864483856298317
0.00020360946655273438,0.9865393360618463
0.0002040863037109375,0.9866302864938609
0.00020432472229003906,0.9867212369258754
0.00020432472229003906,0.98681218735789
0.00020432472229003906,0.9869031377899045
0.00020432472229003906,0.986994088221919
0.00020456314086914062,0.9870850386539336
0.0002048015594482422,0.9871759890859482
0.0002048015594482422,0.9872669395179627
0.00020503997802734375,0.9873578899499773
0.00020503997802734375,0.9874488403819918
0.0002052783966064453,0.9875397908140063
0.0002052783966064453,0.9876307412460209
0.0002052783966064453,0.9877216916780355
0.00020551681518554688,0.98781264211005
0.00020551681518554688,0.9879035925420646
0.00020599365234375,0.9879945429740792
0.00020599365234375,0.9880854934060936
0.00020623207092285156,0.9881764438381082
0.00020647048950195312,0.9882673942701228
0.0002067089080810547,0.9883583447021373
0.0002067089080810547,0.9884492951341519
0.00020694732666015625,0.9885402455661665
0.0002071857452392578,0.988631195998181
0.0002071857452392578,0.9887221464301955
0.0002071857452392578,0.9888130968622101
0.00020742416381835938,0.9889040472942247
0.00020742416381835938,0.9889949977262392
0.0002079010009765625,0.9890859481582538
0.0002079010009765625,0.9891768985902682
0.00020813941955566406,0.9892678490222828
0.00020813941955566406,0.9893587994542974
0.00020813941955566406,0.989449749886312
0.00020837783813476562,0.9895407003183265
0.00020837783813476562,0.9896316507503411
0.00020885467529296875,0.9897226011823557
0.0002090930938720703,0.9898135516143701
0.00020933151245117188,0.9899045020463847
0.00020933151245117188,0.9899954524783993
0.00020933151245117188,0.9900864029104138
0.00020956993103027344,0.9901773533424284
0.00020956993103027344,0.990268303774443
0.000209808349609375,0.9903592542064574
0.00021004676818847656,0.990450204638472
0.00021004676818847656,0.9905411550704866
0.00021028518676757812,0.9906321055025011
0.00021028518676757812,0.9907230559345157
0.00021028518676757812,0.9908140063665303
0.0002105236053466797,0.9909049567985448
0.0002105236053466797,0.9909959072305593
0.0002105236053466797,0.9910868576625739
0.00021076202392578125,0.9911778080945884
0.00021123886108398438,0.991268758526603
0.0002117156982421875,0.9913597089586176
0.00021195411682128906,0.9914506593906321
0.00021195411682128906,0.9915416098226466
0.00021219253540039062,0.9916325602546612
0.0002124309539794922,0.9917235106866757
0.0002124309539794922,0.9918144611186903
0.0002124309539794922,0.9919054115507049
0.0002124309539794922,0.9919963619827195
0.00021266937255859375,0.992087312414734
0.00021266937255859375,0.9921782628467485
0.0002129077911376953,0.992269213278763
0.000213623046875,0.9923601637107776
0.000213623046875,0.9924511141427922
0.0002148151397705078,0.9925420645748068
0.0002148151397705078,0.9926330150068213
0.00021505355834960938,0.9927239654388358
0.0002155303955078125,0.9928149158708504
0.0002155303955078125,0.9929058663028649
0.00021576881408691406,0.9929968167348795
0.00021576881408691406,0.9930877671668941
0.00021576881408691406,0.9931787175989086
0.00021600723266601562,0.9932696680309231
0.00021600723266601562,0.9933606184629377
0.0002162456512451172,0.9934515688949522
0.00021648406982421875,0.9935425193269668
0.00021648406982421875,0.9936334697589814
0.00021648406982421875,0.9937244201909959
0.0002167224884033203,0.9938153706230105
0.00021719932556152344,0.993906321055025
0.00021719932556152344,0.9939972714870395
0.00021767616271972656,0.9940882219190541
0.00021767616271972656,0.9941791723510687
0.0002181529998779297,0.9942701227830832
0.00021839141845703125,0.9943610732150978
0.00021886825561523438,0.9944520236471123
0.00021886825561523438,0.9945429740791268
0.00021910667419433594,0.9946339245111414
0.00021910667419433594,0.994724874943156
0.00021910667419433594,0.9948158253751705
0.00021982192993164062,0.9949067758071851
0.0002200603485107422,0.9949977262391997
0.00022077560424804688,0.9950886766712141
0.00022101402282714844,0.9951796271032287
0.00022172927856445312,0.9952705775352433
0.0002219676971435547,0.9953615279672579
0.0002219676971435547,0.9954524783992724
0.00022220611572265625,0.995543428831287
0.00022268295288085938,0.9956343792633015
0.00022268295288085938,0.995725329695316
0.00022363662719726562,0.9958162801273306
0.00022459030151367188,0.9959072305593452
0.00022482872009277344,0.9959981809913597
0.00022530555725097656,0.9960891314233743
0.0002257823944091797,0.9961800818553889
0.0002257823944091797,0.9962710322874033
0.00022602081298828125,0.9963619827194179
0.00022649765014648438,0.9964529331514325
0.00022649765014648438,0.996543883583447
0.0002281665802001953,0.9966348340154616
0.00022840499877929688,0.9967257844474762
0.0002288818359375,0.9968167348794906
0.0002300739288330078,0.9969076853115052
0.00023031234741210938,0.9969986357435198
0.00023055076599121094,0.9970895861755343
0.0002315044403076172,0.9971805366075489
0.00023174285888671875,0.9972714870395635
0.0002353191375732422,0.997362437471578
0.00023651123046875,0.9974533879035925
0.00023651123046875,0.9975443383356071
0.00023698806762695312,0.9976352887676216
0.00023698806762695312,0.9977262391996362
0.0002377033233642578,0.9978171896316508
0.00023794174194335938,0.9979081400636653
0.00023794174194335938,0.9979990904956798
0.0002384185791015625,0.9980900409276944
0.0002391338348388672,0.998180991359709
0.0002396106719970703,0.9982719417917235
0.0002396106719970703,0.9983628922237381
0.0002415180206298828,0.9984538426557527
0.00024199485778808594,0.9985447930877671
0.0002484321594238281,0.9986357435197817
0.0002529621124267578,0.9987266939517963
0.0002536773681640625,0.9988176443838108
0.0002541542053222656,0.9989085948158254
0.0002560615539550781,0.99899954524784
0.0002560615539550781,0.9990904956798545
0.0002562999725341797,0.999181446111869
0.00026679039001464844,0.9992723965438836
0.00027179718017578125,0.9993633469758981
0.0002865791320800781,0.9994542974079127
0.0003113746643066406,0.9995452478399273
0.0003173351287841797,0.9996361982719418
0.0003407001495361328,0.9997271487039563
0.00038361549377441406,0.9998180991359709
0.0005316734313964844,0.9999090495679854
0.000560760498046875,1.0
