prefill_e2e_time_normalized,cdf
1.9621978935902007e-05,0.00024108003857280618
2.0971028789062984e-05,0.00048216007714561236
2.620073610160034e-05,0.0007232401157184186
2.628092079248745e-05,0.0009643201542912247
2.835567283909768e-05,0.0012054001928640309
2.8542444852064364e-05,0.0014464802314368371
2.8741715141222812e-05,0.0016875602700096432
3.022769305971451e-05,0.0019286403085824494
3.269990338594653e-05,0.0021697203471552555
3.343198841321282e-05,0.0024108003857280617
3.550826295395382e-05,0.002651880424300868
3.574731817934662e-05,0.0028929604628736743
3.59238802047912e-05,0.00313404050144648
3.6479192203842103e-05,0.0033751205400192863
3.700558590935543e-05,0.0036162005785920926
3.736740836757235e-05,0.003857280617164899
3.7511344999074936e-05,0.004098360655737705
3.788024696405046e-05,0.004339440694310511
3.867388659273274e-05,0.004580520732883318
3.8993486668914557e-05,0.0048216007714561235
3.904548066202551e-05,0.005062680810028929
3.9457310776924714e-05,0.005303760848601736
4.037505277665332e-05,0.005544840887174542
4.058211197843775e-05,0.0057859209257473485
4.102947059436701e-05,0.006027000964320154
4.193929271423258e-05,0.00626808100289296
4.375089338282123e-05,0.006509161041465767
4.423424252308905e-05,0.006750241080038573
4.4900403736392036e-05,0.006991321118611379
4.5325385144678876e-05,0.007232401157184185
4.575549974106252e-05,0.007473481195756991
4.635788354789838e-05,0.007714561234329798
4.682818325818516e-05,0.007955641272902604
4.7475445171585307e-05,0.00819672131147541
4.760723459185101e-05,0.008437801350048216
4.7827561502344906e-05,0.008678881388621022
4.786139470525086e-05,0.008919961427193828
4.814562271349132e-05,0.009161041465766635
4.829771933145821e-05,0.009402121504339441
4.8358044296037406e-05,0.009643201542912247
4.84419142594561e-05,0.009884281581485053
4.8455451178597286e-05,0.010125361620057859
4.895289384876378e-05,0.010366441658630666
4.902633008896373e-05,0.010607521697203472
4.927867485093884e-05,0.010848601735776278
4.931439980282448e-05,0.011089681774349084
4.9330883484799415e-05,0.01133076181292189
4.9451831728219986e-05,0.011571841851494697
4.946344779455103e-05,0.011812921890067503
4.970173176843673e-05,0.012054001928640309
4.974206967744976e-05,0.012295081967213115
4.975422780262306e-05,0.01253616200578592
5.044167846790515e-05,0.012777242044358728
5.04680720041506e-05,0.013018322082931534
5.098464680486359e-05,0.01325940212150434
5.112737926538102e-05,0.013500482160077145
5.117254477227107e-05,0.013741562198649951
5.1400773372733966e-05,0.013982642237222759
5.1539787818910554e-05,0.014223722275795565
5.170956865185872e-05,0.01446480231436837
5.234093259787187e-05,0.014705882352941176
5.252384289633483e-05,0.014946962391513982
5.260408215690404e-05,0.01518804243008679
5.266863081487827e-05,0.015429122468659595
5.29050303157419e-05,0.0156702025072324
5.3084648243384436e-05,0.01591128254580521
5.333192166290246e-05,0.016152362584378015
5.337165930541232e-05,0.01639344262295082
5.337507900549099e-05,0.016634522661523626
5.4025240388000384e-05,0.016875602700096432
5.412999234977178e-05,0.017116682738669238
5.4386022384278476e-05,0.017357762777242044
5.4465068387798965e-05,0.01759884281581485
5.451315882964991e-05,0.017839922854387655
5.47096788068302e-05,0.01808100289296046
5.4855263442732394e-05,0.01832208293153327
5.5603726650588214e-05,0.018563162970106076
5.5631033319514245e-05,0.018804243008678882
5.567327025346458e-05,0.019045323047251688
5.572834561462514e-05,0.019286403085824494
5.596957271336578e-05,0.0195274831243973
5.6082284572767094e-05,0.019768563162970106
5.649148442898877e-05,0.02000964320154291
5.7124972954625264e-05,0.020250723240115717
5.72253338759765e-05,0.020491803278688523
5.7566303439671174e-05,0.020732883317261332
5.7906658184947446e-05,0.020973963355834138
5.797220001113601e-05,0.021215043394406944
5.8059067669091746e-05,0.02145612343297975
5.8457429986447096e-05,0.021697203471552556
5.856395000591874e-05,0.02193828351012536
5.865273124072701e-05,0.022179363548698167
5.896820584894158e-05,0.022420443587270973
5.89714472880587e-05,0.02266152362584378
5.9048517869086936e-05,0.022902603664416585
5.924477591179311e-05,0.023143683702989394
5.92448704992421e-05,0.0233847637415622
5.925614095758647e-05,0.023625843780135006
5.9590871387626976e-05,0.02386692381870781
5.960046109976247e-05,0.024108003857280617
6.064522312954068e-05,0.024349083895853423
6.12926742178388e-05,0.02459016393442623
6.141742778709158e-05,0.024831243972999035
6.165557715576142e-05,0.02507232401157184
6.171592394821346e-05,0.025313404050144647
6.192066211951897e-05,0.025554484088717456
6.219332863111049e-05,0.02579556412729026
6.220707291504368e-05,0.026036644165863067
6.228229176485911e-05,0.026277724204435873
6.229033169802278e-05,0.02651880424300868
6.275370105868205e-05,0.026759884281581485
6.288790609687567e-05,0.02700096432015429
6.291061436058953e-05,0.027242044358727097
6.304837734205648e-05,0.027483124397299902
6.348770693875849e-05,0.02772420443587271
6.453027890529484e-05,0.027965284474445518
6.461629527620971e-05,0.028206364513018323
6.475928239524364e-05,0.02844744455159113
6.50924484943971e-05,0.028688524590163935
6.549140380229801e-05,0.02892960462873674
6.5626110881567e-05,0.029170684667309547
6.580858462257311e-05,0.029411764705882353
6.58108911011368e-05,0.02965284474445516
6.612346624024212e-05,0.029893924783027964
6.620903877774253e-05,0.03013500482160077
6.632866279687732e-05,0.03037608486017358
6.700960511807352e-05,0.030617164898746385
6.710508023388684e-05,0.03085824493731919
6.740311800967902e-05,0.031099324975891997
6.74187540425919e-05,0.0313404050144648
6.77035641274415e-05,0.03158148505303761
6.771446351194754e-05,0.03182256509161042
6.774309440515935e-05,0.03206364513018322
6.816262612119317e-05,0.03230472516875603
6.853765080450103e-05,0.03254580520732883
6.868596392450854e-05,0.03278688524590164
6.872758240206167e-05,0.03302796528447444
6.881922308821231e-05,0.03326904532304725
6.894477701280266e-05,0.033510125361620055
6.908425712026656e-05,0.033751205400192864
6.913801917107776e-05,0.033992285438765674
6.921302701812238e-05,0.034233365477338476
6.928659422555938e-05,0.034474445515911285
6.932362884981558e-05,0.03471552555448409
6.933683471288532e-05,0.0349566055930569
6.951509567443281e-05,0.0351976856316297
7.003160862950608e-05,0.03543876567020251
7.053471927065402e-05,0.03567984570877531
7.063066732371226e-05,0.03592092574734812
7.06738792359829e-05,0.03616200578592092
7.100052607711405e-05,0.03640308582449373
7.121561066014692e-05,0.03664416586306654
7.156158972065896e-05,0.036885245901639344
7.169300806708634e-05,0.03712632594021215
7.178753730840981e-05,0.037367405978784955
7.21496544429101e-05,0.037608486017357765
7.216084486572072e-05,0.03784956605593057
7.218846440082416e-05,0.038090646094503376
7.222553540486842e-05,0.03833172613307618
7.226520392578095e-05,0.03857280617164899
7.231007475638762e-05,0.03881388621022179
7.235473458422348e-05,0.0390549662487946
7.245512097142637e-05,0.03929604628736741
7.29957246221602e-05,0.03953712632594021
7.305329927476123e-05,0.03977820636451302
7.306728366529569e-05,0.04001928640308582
7.314937829505652e-05,0.04026036644165863
7.319311407627538e-05,0.040501446480231434
7.335454574786127e-05,0.040742526518804244
7.335764530580491e-05,0.040983606557377046
7.349706720560789e-05,0.041224686595949855
7.360793824773282e-05,0.041465766634522665
7.364639168372378e-05,0.04170684667309547
7.427055243169889e-05,0.041947926711668276
7.475078746210784e-05,0.04218900675024108
7.49392929719761e-05,0.04243008678881389
7.516638288507238e-05,0.04267116682738669
7.526499393861741e-05,0.0429122468659595
7.529085996793583e-05,0.0431533269045323
7.551482121925801e-05,0.04339440694310511
7.610681495862082e-05,0.043635486981677914
7.6116448326502e-05,0.04387656702025072
7.613802881678566e-05,0.04411764705882353
7.616689981659874e-05,0.044358727097396335
7.659965922357515e-05,0.044599807135969144
7.676755922148004e-05,0.044840887174541946
7.682941213715822e-05,0.045081967213114756
7.685610762564465e-05,0.04532304725168756
7.686857861699536e-05,0.04556412729026037
7.763487519696355e-05,0.04580520732883317
7.78001340222545e-05,0.04604628736740598
7.799121522111818e-05,0.04628736740597879
7.800079038133845e-05,0.04652844744455159
7.821834151400253e-05,0.0467695274831244
7.823259511496872e-05,0.0470106075216972
7.82704446464777e-05,0.04725168756027001
7.863245264161378e-05,0.047492767598842814
7.87348544690758e-05,0.04773384763741562
7.877814641688019e-05,0.047974927675988426
7.913490844657645e-05,0.048216007714561235
7.914957677712664e-05,0.04845708775313404
7.922324584797025e-05,0.048698167791706846
7.928942795842886e-05,0.048939247830279656
7.937124610180035e-05,0.04918032786885246
7.943740638438612e-05,0.04942140790742527
7.947681297082454e-05,0.04966248794599807
7.953154272399843e-05,0.04990356798457088
7.98322435002774e-05,0.05014464802314368
7.987300341483206e-05,0.05038572806171649
7.992634346010163e-05,0.05062680810028929
8.024147973628715e-05,0.0508678881388621
8.025066199479625e-05,0.05110896817743491
8.040434477152303e-05,0.051350048216007714
8.105129381874576e-05,0.05159112825458052
8.115096716210246e-05,0.051832208293153326
8.160353172570467e-05,0.052073288331726135
8.16079045762308e-05,0.05231436837029894
8.165049075614661e-05,0.05255544840887175
8.165232429746538e-05,0.05279652844744455
8.178388816304505e-05,0.05303760848601736
8.19934211904183e-05,0.05327868852459016
8.218109724111855e-05,0.05351976856316297
8.236563007812947e-05,0.05376084860173578
8.242866897489876e-05,0.05400192864030858
8.254207932623103e-05,0.05424300867888139
8.254485874203965e-05,0.05448408871745419
8.257864828919992e-05,0.054725168756027
8.258662273874506e-05,0.054966248794599805
8.25971583253704e-05,0.055207328833172614
8.262386836577207e-05,0.05544840887174542
8.263159543275833e-05,0.055689488910318226
8.29607160994783e-05,0.055930568948891035
8.296548912767321e-05,0.05617164898746384
8.297628664877266e-05,0.05641272902603665
8.301490015583113e-05,0.05665380906460945
8.315774175571278e-05,0.05689488910318226
8.342834189534187e-05,0.05713596914175506
8.363912638742477e-05,0.05737704918032787
8.397133933613077e-05,0.05761812921890067
8.418146899202839e-05,0.05785920925747348
8.489879837725312e-05,0.058100289296046284
8.503538992954418e-05,0.05834136933461909
8.54124955367297e-05,0.0585824493731919
8.554140367778018e-05,0.058823529411764705
8.583127055317163e-05,0.059064609450337514
8.59663778101094e-05,0.05930568948891032
8.602390880696476e-05,0.059546769527483126
8.626061753602698e-05,0.05978784956605593
8.667039219290018e-05,0.06002892960462874
8.681981125846505e-05,0.06027000964320154
8.683595660841092e-05,0.06051108968177435
8.706521475687623e-05,0.06075216972034716
8.709886606084183e-05,0.06099324975891996
8.71455340529792e-05,0.06123432979749277
8.729883847991005e-05,0.06147540983606557
8.736659947317094e-05,0.06171648987463838
8.743754733586684e-05,0.061957569913211184
8.797853661235422e-05,0.062198649951783994
8.798275666777045e-05,0.062439729990356796
8.830033038975671e-05,0.0626808100289296
8.852481551002711e-05,0.06292189006750241
8.852506289258599e-05,0.06316297010607522
8.860213711159304e-05,0.06340405014464802
8.871748286765069e-05,0.06364513018322084
8.878307562554255e-05,0.06388621022179364
8.894291386241093e-05,0.06412729026036644
8.895798964658752e-05,0.06436837029893924
8.92986063263379e-05,0.06460945033751206
8.941667329054326e-05,0.06485053037608486
8.946286834543571e-05,0.06509161041465766
8.963566506281495e-05,0.06533269045323047
8.965381130110472e-05,0.06557377049180328
8.980290294857696e-05,0.06581485053037608
8.982605504570529e-05,0.06605593056894889
9.000646241474897e-05,0.0662970106075217
9.005844913190231e-05,0.0665380906460945
9.02885221876204e-05,0.06677917068466731
9.032328671310097e-05,0.06702025072324011
9.043029422173277e-05,0.06726133076181293
9.04384651221335e-05,0.06750241080038573
9.044432226801291e-05,0.06774349083895853
9.052666428033262e-05,0.06798457087753135
9.070008673006669e-05,0.06822565091610415
9.08175716176629e-05,0.06846673095467695
9.088007936952636e-05,0.06870781099324975
9.127015073318034e-05,0.06894889103182257
9.136044536717236e-05,0.06918997107039537
9.14100746740587e-05,0.06943105110896818
9.183279325952753e-05,0.06967213114754098
9.190554555971175e-05,0.0699132111861138
9.191347635351121e-05,0.0701542912246866
9.19998055906035e-05,0.0703953712632594
9.21257451409474e-05,0.07063645130183221
9.2393318482209e-05,0.07087753134040502
9.250918810721487e-05,0.07111861137897782
9.317217336501926e-05,0.07135969141755062
9.322259575128555e-05,0.07160077145612344
9.346620208816603e-05,0.07184185149469624
9.361980482935905e-05,0.07208293153326904
9.372695785714313e-05,0.07232401157184185
9.393764048581943e-05,0.07256509161041466
9.397097892360762e-05,0.07280617164898746
9.411814244231209e-05,0.07304725168756027
9.464233880862594e-05,0.07328833172613308
9.484025213168934e-05,0.07352941176470588
9.484921611147001e-05,0.07377049180327869
9.496528946328908e-05,0.07401157184185149
9.535434219287708e-05,0.0742526518804243
9.536659490549937e-05,0.07449373191899711
9.56647636485286e-05,0.07473481195756991
9.566622611600906e-05,0.07497589199614271
9.567506640451029e-05,0.07521697203471553
9.589119872543961e-05,0.07545805207328833
9.590222907718271e-05,0.07569913211186113
9.59684475674294e-05,0.07594021215043395
9.600185148883611e-05,0.07618129218900675
9.619923366699368e-05,0.07642237222757955
9.62266931310296e-05,0.07666345226615236
9.62278718361631e-05,0.07690453230472517
9.644330566516146e-05,0.07714561234329798
9.661426884122193e-05,0.07738669238187078
9.66881780186668e-05,0.07762777242044358
9.693756146589294e-05,0.0778688524590164
9.69404136412777e-05,0.0781099324975892
9.695051267044619e-05,0.078351012536162
9.72417983575724e-05,0.07859209257473482
9.7251235274598e-05,0.07883317261330762
9.768894960870966e-05,0.07907425265188042
9.774097270565107e-05,0.07931533269045322
9.81056218734011e-05,0.07955641272902604
9.840750135481358e-05,0.07979749276759884
9.844915621215478e-05,0.08003857280617165
9.861823491519317e-05,0.08027965284474446
9.885729377856478e-05,0.08052073288331726
9.907614003168419e-05,0.08076181292189007
9.975838474929333e-05,0.08100289296046287
9.979136666515842e-05,0.08124397299903569
9.985196811612695e-05,0.08148505303760849
0.00010067017137771472,0.08172613307618129
0.00010070962889585644,0.08196721311475409
0.00010097026824951172,0.08220829315332691
0.00010121583909494802,0.08244937319189971
0.00010225004371022806,0.08269045323047251
0.00010235682566417381,0.08293153326904533
0.00010244557051919401,0.08317261330761813
0.0001024912198772654,0.08341369334619093
0.00010261407442158088,0.08365477338476374
0.000102731712104287,0.08389585342333655
0.00010281416325597093,0.08413693346190936
0.00010288958583259955,0.08437801350048216
0.00010306803596904501,0.08461909353905496
0.0001032042273436673,0.08486017357762778
0.0001033378139254637,0.08510125361620058
0.00010342345922254026,0.08534233365477338
0.00010363008186686784,0.0855834136933462
0.00010367827053414658,0.085824493731919
0.00010400135943200439,0.0860655737704918
0.00010412878327770159,0.0863066538090646
0.00010417983867228031,0.08654773384763742
0.0001042140502249822,0.08678881388621022
0.0001046824108925648,0.08702989392478302
0.00010476831084815785,0.08727097396335583
0.00010489891428733245,0.08751205400192864
0.00010497160110389814,0.08775313404050145
0.00010510022548260167,0.08799421407907425
0.0001054012609529309,0.08823529411764706
0.00010541704978095368,0.08847637415621987
0.00010543632379267365,0.08871745419479267
0.00010548612772254273,0.08895853423336547
0.00010548665159149095,0.08919961427193829
0.00010555268818279728,0.08944069431051109
0.00010556534834904596,0.08968177434908389
0.00010621119145071134,0.08992285438765671
0.00010621119145071134,0.09016393442622951
0.00010625057620927691,0.09040501446480231
0.00010631998884491622,0.09064609450337512
0.00010655285586835817,0.09088717454194793
0.00010656314407242462,0.09112825458052073
0.00010665732406778261,0.09136933461909354
0.00010677933460101485,0.09161041465766634
0.00010681279673008248,0.09185149469623916
0.00010697782272472978,0.09209257473481196
0.00010698709957068786,0.09233365477338476
0.00010702886356739327,0.09257473481195758
0.00010723141895141453,0.09281581485053038
0.00010740798461483791,0.09305689488910318
0.00010742960148490965,0.09329797492767598
0.00010747771739261225,0.0935390549662488
0.00010764506441773847,0.0937801350048216
0.00010773800022434443,0.0940212150433944
0.00010788255167426541,0.0942622950819672
0.0001080952788470313,0.09450337512054002
0.00010820751776918769,0.09474445515911283
0.00010835000284714624,0.09498553519768563
0.00010835861030500382,0.09522661523625844
0.00010867577657336369,0.09546769527483125
0.0001089956786017865,0.09570877531340405
0.00010916280007222667,0.09594985535197685
0.00010919813939835876,0.09619093539054967
0.00010939477215288207,0.09643201542912247
0.00010960544750560075,0.09667309546769527
0.00010962509259115905,0.09691417550626807
0.0001096839114325121,0.09715525554484089
0.00010993364412570372,0.09739633558341369
0.00011000577796949074,0.0976374156219865
0.0001100350491469726,0.09787849566055931
0.00011010679008904845,0.09811957569913211
0.00011022630496881902,0.09836065573770492
0.00011023169645341113,0.09860173577627772
0.00011033727787435055,0.09884281581485053
0.00011073346104240045,0.09908389585342334
0.00011079260730184615,0.09932497589199614
0.00011094087676610798,0.09956605593056896
0.00011099857510998845,0.09980713596914176
0.00011113032087450847,0.10004821600771456
0.00011116835958091542,0.10028929604628736
0.00011132884537801147,0.10053037608486018
0.00011140689457533881,0.10077145612343298
0.00011143253504997119,0.10101253616200578
0.00011159036512253806,0.10125361620057859
0.00011164363968418911,0.1014946962391514
0.00011211347737116739,0.1017357762777242
0.00011253080447204411,0.10197685631629701
0.00011277353041805327,0.10221793635486982
0.00011298371100565419,0.10245901639344263
0.00011303668725304306,0.10270009643201543
0.00011318898759782314,0.10294117647058823
0.00011320173507556319,0.10318225650916105
0.00011331791756674647,0.10342333654773385
0.00011348168482072651,0.10366441658630665
0.00011355627066222951,0.10390549662487945
0.00011359244672348723,0.10414657666345227
0.00011379654461052269,0.10438765670202507
0.00011394637112971395,0.10462873674059787
0.00011415738117648289,0.10486981677917069
0.00011416889901738614,0.1051108968177435
0.00011434348562033847,0.1053519768563163
0.00011441499373177066,0.1055930568948891
0.00011451118916738778,0.10583413693346191
0.00011462112161098048,0.10607521697203472
0.00011479090608190745,0.10631629701060752
0.00011501907283673063,0.10655737704918032
0.0001150394236901775,0.10679845708775314
0.00011510892363730818,0.10703953712632594
0.0001151368924183771,0.10728061716489874
0.00011524899309733883,0.10752169720347156
0.00011529793846420944,0.10776277724204436
0.00011531727795954794,0.10800385728061716
0.00011540271225385368,0.10824493731918997
0.00011544449080247432,0.10848601735776278
0.00011544871085789055,0.10872709739633558
0.00011546685709618032,0.10896817743490839
0.00011556497338460758,0.10920925747348119
0.00011558054393390194,0.109450337512054
0.00011558694677660242,0.10969141755062681
0.00011580837599467486,0.10993249758919961
0.00011584947060327977,0.11017357762777243
0.00011590815847739577,0.11041465766634523
0.00011592061491683125,0.11065573770491803
0.0001159913299488835,0.11089681774349083
0.00011602976155700162,0.11113789778206365
0.00011607444321271032,0.11137897782063645
0.00011607821943471208,0.11162005785920925
0.00011610110232140869,0.11186113789778207
0.00011611560330493376,0.11210221793635487
0.00011625046317931265,0.11234329797492767
0.00011625460319919512,0.11258437801350048
0.00011639728472800925,0.1128254580520733
0.00011641293531283736,0.1130665380906461
0.00011641713354038075,0.1133076181292189
0.00011659013398457319,0.1135486981677917
0.00011668672232190147,0.11378977820636452
0.00011671832180581987,0.11403085824493732
0.00011688005906762555,0.11427193828351012
0.00011696818546624854,0.11451301832208294
0.00011698066373355687,0.11475409836065574
0.00011700682080117986,0.11499517839922854
0.00011706720397341996,0.11523625843780134
0.00011737994645955041,0.11547733847637416
0.00011739284673240036,0.11571841851494696
0.00011743692448362708,0.11595949855351977
0.00011744486982934177,0.11620057859209257
0.0001174924909719266,0.11644165863066538
0.00011766640091082081,0.11668273866923819
0.0001177291851490736,0.11692381870781099
0.00011774396989494562,0.1171648987463838
0.00011788947449531406,0.11740597878495661
0.0001180003528133966,0.11764705882352941
0.00011802609515143558,0.11788813886210221
0.00011806317343143746,0.11812921890067503
0.00011852881289087236,0.11837029893924783
0.0001187165908049792,0.11861137897782063
0.00011875093332491815,0.11885245901639344
0.00011903262929990888,0.11909353905496625
0.00011938672105316073,0.11933461909353905
0.00011976084351772442,0.11957569913211186
0.00011988785990979522,0.11981677917068467
0.00011997103138128296,0.12005785920925748
0.00011998599802609533,0.12029893924783028
0.00012001232244074345,0.12054001928640308
0.00012009209604002535,0.1207810993249759
0.00012022371811326593,0.1210221793635487
0.00012035788677167147,0.1212632594021215
0.00012047295604133978,0.12150433944069432
0.00012047644850099459,0.12174541947926712
0.00012048054486513138,0.12198649951783992
0.00012066212366335094,0.12222757955641272
0.00012076522398274392,0.12246865959498554
0.00012092920223949477,0.12270973963355834
0.00012095931015210226,0.12295081967213115
0.00012096308637410402,0.12319189971070395
0.00012103008339181542,0.12343297974927676
0.00012106532085454091,0.12367405978784957
0.0001210893242387101,0.12391513982642237
0.00012110801617382094,0.12415621986499518
0.00012115736899431795,0.12439729990356799
0.00012118263839511201,0.12463837994214079
0.00012136311124777421,0.12487945998071359
0.00012136502482462674,0.1251205400192864
0.00012137831072323024,0.1253616200578592
0.00012139525642851368,0.125602700096432
0.00012140269245719537,0.12584378013500483
0.00012143007916165516,0.12608486017357762
0.00012155897275079042,0.12632594021215043
0.0001216012824443169,0.12656702025072325
0.00012179110490251333,0.12680810028929604
0.00012180059275124222,0.12704918032786885
0.00012188689288450405,0.12729026036644167
0.00012191105633974075,0.12753134040501446
0.0001219292389578186,0.12777242044358728
0.00012206556129967794,0.12801350048216006
0.00012211481225676835,0.12825458052073288
0.00012213866284582764,0.1284956605593057
0.00012219113705214113,0.12873674059787849
0.00012220970529597253,0.1289778206364513
0.0001225038868142292,0.12921890067502412
0.00012259111099410802,0.1294599807135969
0.00012270115257706493,0.12970106075216972
0.00012271215382497758,0.12994214079074254
0.00012283021351322532,0.13018322082931533
0.00012283695104997605,0.13042430086788814
0.0001230452471645549,0.13066538090646093
0.00012306449934840202,0.13090646094503375
0.00012310476449783891,0.13114754098360656
0.00012311936006881297,0.13138862102217935
0.00012339434761088341,0.13162970106075217
0.0001233957736985758,0.13187078109932499
0.0001234359369846061,0.13211186113789777
0.00012348064046818763,0.1323529411764706
0.00012360324035398662,0.1325940212150434
0.00012364701251499355,0.1328351012536162
0.00012391043128445745,0.133076181292189
0.0001239308185176924,0.1333172613307618
0.00012414137017913163,0.13355834136933462
0.00012420852726791054,0.13379942140790743
0.00012424553278833628,0.13404050144648022
0.0001242740690940991,0.13428158148505304
0.00012433667143341154,0.13452266152362585
0.00012440592399798334,0.13476374156219864
0.0001244301674887538,0.13500482160077146
0.00012447302287910134,0.13524590163934427
0.00012450611393433064,0.13548698167791706
0.00012451283691916615,0.13572806171648988
0.00012458521814551204,0.1359691417550627
0.00012462960148695856,0.13621022179363548
0.00012463248276617378,0.1364513018322083
0.0001246966130565852,0.1366923818707811
0.0001248980697710067,0.1369334619093539
0.00012497611169237643,0.13717454194792672
0.0001249925553565845,0.1374156219864995
0.0001250382192665711,0.13765670202507233
0.00012506271013990045,0.13789778206364514
0.0001251036737812683,0.13813886210221793
0.00012520163727458566,0.13837994214079075
0.0001252137153642252,0.13862102217936356
0.00012526595673989505,0.13886210221793635
0.00012529561354313046,0.13910318225650917
0.0001254799572052434,0.13934426229508196
0.00012557390436995775,0.13958534233365477
0.00012574969150591642,0.1398264223722276
0.00012579382746480405,0.14006750241080038
0.00012586297816596925,0.1403085824493732
0.000125958671560511,0.140549662487946
0.0001259929413208738,0.1407907425265188
0.0001261250436073169,0.1410318225650916
0.00012625598174054176,0.14127290260366443
0.00012627168325707316,0.14151398264223722
0.00012631788558792323,0.14175506268081003
0.00012633230653591454,0.14199614271938282
0.0001264407765120268,0.14223722275795564
0.00012661264918278903,0.14247830279652846
0.00012662708468269557,0.14271938283510124
0.00012663478264585137,0.14296046287367406
0.00012665380199905485,0.14320154291224688
0.00012671516742557287,0.14344262295081966
0.00012674382014665753,0.14368370298939248
0.00012678667553700507,0.1439247830279653
0.00012685685942415148,0.14416586306653809
0.00012692924065049738,0.1444069431051109
0.0001269820932066068,0.1446480231436837
0.00012700472143478692,0.1448891031822565
0.00012703084212262183,0.14513018322082932
0.00012723323015961796,0.1453712632594021
0.00012736572534777224,0.14561234329797493
0.00012736799544654787,0.14585342333654774
0.00012743128172587603,0.14609450337512053
0.00012750081077683717,0.14633558341369335
0.00012752352631650865,0.14657666345226616
0.00012759945821017027,0.14681774349083895
0.00012769721797667444,0.14705882352941177
0.00012783890997525305,0.14729990356798456
0.00012784652062691748,0.14754098360655737
0.00012787060404662043,0.1477820636451302
0.00012806040467694402,0.14802314368370298
0.00012814100773539394,0.1482642237222758
0.000128180327010341,0.1485053037608486
0.00012820084521081299,0.1487463837994214
0.0001282252196688205,0.14898746383799422
0.00012823697761632502,0.14922854387656703
0.00012830347986891866,0.14946962391513982
0.0001283126330235973,0.14971070395371264
0.000128326952108182,0.14995178399228543
0.00012836743553634733,0.15019286403085824
0.00012839461851399392,0.15043394406943106
0.00012854108354076743,0.15067502410800385
0.00012855663953814656,0.15091610414657666
0.00012862280709668994,0.15115718418514948
0.00012865421012975276,0.15139826422372227
0.00012868457997683436,0.15163934426229508
0.00012893389794044197,0.1518804243008679
0.00012901680020149797,0.1521215043394407
0.00012905054609291255,0.1523625843780135
0.00012912804959341884,0.1526036644165863
0.00012914878607261926,0.1528447444551591
0.00012925321061629802,0.15308582449373193
0.0001294237736146897,0.15332690453230471
0.00012944795889779925,0.15356798457087753
0.00012955513375345618,0.15380906460945035
0.00012966828944627196,0.15405014464802314
0.0001299493742408231,0.15429122468659595
0.00013001025945413858,0.15453230472516877
0.00013011277769692242,0.15477338476374156
0.00013011602277401835,0.15501446480231437
0.00013011900591664016,0.15525554484088716
0.00013014127034693956,0.15549662487945998
0.00013015132572036237,0.1557377049180328
0.00013022666098549962,0.15597878495660558
0.00013024955114815384,0.1562198649951784
0.00013033809955231845,0.15646094503375121
0.0001304036850342527,0.156702025072324
0.00013063594815321267,0.15694310511089682
0.00013066947576589882,0.15718418514946964
0.00013072114961687475,0.15742526518804242
0.00013082742225378752,0.15766634522661524
0.00013083266094326973,0.15790742526518806
0.00013088669220451266,0.15814850530376084
0.00013094648602418602,0.15838958534233366
0.0001309621293330565,0.15863066538090645
0.00013098442286718637,0.15887174541947927
0.0001310608204221353,0.15911282545805208
0.00013113068416714668,0.15935390549662487
0.00013119167124386877,0.1595949855351977
0.00013121514348313212,0.1598360655737705
0.0001313923130510375,0.1600771456123433
0.00013141281669959426,0.1603182256509161
0.00013142901298124343,0.16055930568948892
0.00013142974057700485,0.1608003857280617
0.00013151676103007048,0.16104146576663453
0.00013159660738892853,0.16128254580520732
0.00013161050446797162,0.16152362584378013
0.00013163375842850655,0.16176470588235295
0.0001317179121542722,0.16200578592092574
0.00013175318599678576,0.16224686595949855
0.00013184470299165696,0.16248794599807137
0.0001318894501309842,0.16272902603664416
0.00013189268065616488,0.16297010607521698
0.00013192679034546018,0.1632111861137898
0.0001320641749771312,0.16345226615236258
0.00013211427722126245,0.1636933461909354
0.00013213227794039994,0.16393442622950818
0.00013236975064501166,0.164175506268081
0.00013240370026323944,0.16441658630665382
0.00013245809532236308,0.1646576663452266
0.00013254625082481652,0.16489874638379942
0.00013264415611047298,0.16513982642237224
0.00013283734733704478,0.16538090646094503
0.00013287572073750198,0.16562198649951784
0.00013289802882354707,0.16586306653809066
0.0001329004007857293,0.16610414657666345
0.00013295732787810266,0.16634522661523626
0.00013297272380441427,0.16658630665380905
0.00013302863226272166,0.16682738669238187
0.00013306946493685246,0.16706846673095468
0.00013314370880834758,0.16730954676952747
0.0001332531828666106,0.1675506268081003
0.0001333251129835844,0.1677917068466731
0.0001333710242761299,0.1680327868852459
0.00013362975732889026,0.1682738669238187
0.00013370314263738692,0.16851494696239153
0.00013373752881307155,0.16875602700096431
0.00013374039554037154,0.16899710703953713
0.00013376821880228817,0.16923818707810992
0.0001338171714451164,0.16947926711668274
0.00013383060286287218,0.16972034715525555
0.00013383406621869653,0.16996142719382834
0.00013387459330260754,0.17020250723240116
0.00013393949484452605,0.17044358727097397
0.0001339726004516706,0.17068466730954676
0.00013402420154307038,0.17092574734811958
0.00013411795953288674,0.1711668273866924
0.00013414694694802165,0.17140790742526518
0.00013427525118459016,0.171648987463838
0.0001344428164884448,0.1718900675024108
0.0001344858028460294,0.1721311475409836
0.00013449274410959333,0.17237222757955642
0.00013464532094076276,0.1726133076181292
0.00013465523079503328,0.17285438765670202
0.00013466291420627385,0.17309546769527484
0.0001348535588476807,0.17333654773384763
0.00013486242096405476,0.17357762777242045
0.000134944828459993,0.17381870781099326
0.00013495070743374527,0.17405978784956605
0.000134976944536902,0.17430086788813887
0.00013504071102943271,0.17454194792671165
0.00013505175593309104,0.17478302796528447
0.00013507937546819448,0.1750241080038573
0.00013525049143936485,0.17526518804243008
0.0001352627296000719,0.1755062680810029
0.00013526389375329018,0.1757473481195757
0.00013535971811506897,0.1759884281581485
0.0001354611449642107,0.1762295081967213
0.00013548576680477709,0.17647058823529413
0.00013555004261434078,0.17671166827386692
0.0001355575950583443,0.17695274831243973
0.00013557926286011934,0.17719382835101255
0.00013558492355514318,0.17743490838958534
0.00013568115537054837,0.17767598842815815
0.00013569653674494475,0.17791706846673094
0.00013579093501903117,0.17815814850530376
0.00013580925588030368,0.17839922854387658
0.00013581066741608083,0.17864030858244936
0.00013590203889179975,0.17888138862102218
0.00013592139293905348,0.179122468659595
0.00013593641051556915,0.17936354869816779
0.0001359620364382863,0.1796046287367406
0.00013604832929559052,0.17984570877531342
0.0001361209579044953,0.1800867888138862
0.0001361417816951871,0.18032786885245902
0.00013621644757222384,0.1805689488910318
0.00013623425911646336,0.18081002892960463
0.00013633561320602894,0.18105110896817744
0.00013634709466714412,0.18129218900675023
0.0001363921182928607,0.18153326904532305
0.00013645215949509293,0.18177434908389586
0.00013649648462887853,0.18201542912246865
0.0001365081698168069,0.18225650916104147
0.00013652650522999465,0.18249758919961429
0.0001365912175970152,0.18273866923818707
0.0001366061478620395,0.1829797492767599
0.0001366270735161379,0.18322082931533268
0.00013665846199728549,0.1834619093539055
0.00013684069563169032,0.1837029893924783
0.00013684558507520705,0.1839440694310511
0.0001368970115436241,0.18418514946962392
0.0001369215315207839,0.18442622950819673
0.00013692372885998338,0.18466730954676952
0.0001370555692119524,0.18490838958534234
0.000137113340315409,0.18514946962391515
0.00013716798275709152,0.18539054966248794
0.00013716984540224075,0.18563162970106076
0.00013732122897636145,0.18587270973963355
0.00013734199455939233,0.18611378977820636
0.00013735878746956587,0.18635486981677918
0.0001375208084937185,0.18659594985535197
0.00013761204900220037,0.18683702989392478
0.0001376567524857819,0.1870781099324976
0.00013772999227512628,0.1873191899710704
0.00013773937826044858,0.1875602700096432
0.00013775058323517442,0.18780135004821602
0.00013781865709461272,0.1880424300867888
0.00013789792137686163,0.18828351012536163
0.0001379286841256544,0.1885245901639344
0.00013793326797895133,0.18876567020250723
0.00013794378901366144,0.18900675024108005
0.00013800320448353887,0.18924783027965283
0.0001380091707687825,0.18948891031822565
0.00013805381604470313,0.18972999035679847
0.00013814299018122256,0.18997107039537126
0.00013818152365274727,0.19021215043394407
0.00013822571781929582,0.1904532304725169
0.00013828666124027222,0.19069431051108968
0.00013830495299771428,0.1909353905496625
0.00013846848742105067,0.19117647058823528
0.00013857624435331672,0.1914175506268081
0.0001386241929139942,0.1916586306653809
0.00013869523536413908,0.1918997107039537
0.00013871808187104762,0.19214079074252652
0.00013890820264350623,0.19238187078109933
0.00013901389320380986,0.19262295081967212
0.0001391415426041931,0.19286403085824494
0.00013921689242124557,0.19310511089681776
0.00013936473987996578,0.19334619093539054
0.00013946455146651715,0.19358727097396336
0.00013947287516202778,0.19382835101253615
0.0001395139843225479,0.19406943105110896
0.00013951984874438494,0.19431051108968178
0.00013952903100289404,0.19455159112825457
0.00013953595771454275,0.19479267116682739
0.00013970208237878978,0.1950337512054002
0.00013977412891108543,0.195274831243973
0.00013978326751384884,0.1955159112825458
0.0001398226449964568,0.19575699132111862
0.0001398394233547151,0.1959980713596914
0.0001398474269080907,0.19623915139826423
0.000139961251989007,0.19648023143683702
0.000140023636049591,0.19672131147540983
0.0001400262553943321,0.19696239151398265
0.0001400330220349133,0.19720347155255544
0.0001400975597789511,0.19744455159112825
0.0001401335175614804,0.19768563162970107
0.00014026404824107885,0.19792671166827386
0.0001402947527822107,0.19816779170684667
0.00014030250895302743,0.1984088717454195
0.00014030303282197565,0.19864995178399228
0.00014030850434210151,0.1988910318225651
0.00014038884546607733,0.1991321118611379
0.0001403962232870981,0.1993731918997107
0.00014039772213436663,0.19961427193828352
0.00014047921285964549,0.1998553519768563
0.00014047985314391553,0.20009643201542912
0.00014050088066142052,0.20033751205400194
0.00014053414633963257,0.20057859209257473
0.0001405349757988006,0.20081967213114754
0.00014054603525437415,0.20106075216972036
0.00014061057299841195,0.20130183220829315
0.00014061723777558655,0.20154291224686596
0.00014063210983294994,0.20178399228543878
0.00014071023906581104,0.20202507232401157
0.00014071162149775773,0.20226615236258438
0.00014073368220124394,0.20250723240115717
0.0001407795789418742,0.20274831243973
0.00014078042295295745,0.2029893924783028
0.00014090270269662142,0.2032304725168756
0.00014095222286414355,0.2034715525554484
0.00014096243830863386,0.20371263259402123
0.00014097818348091096,0.20395371263259401
0.0001409824617439881,0.20419479267116683
0.00014102458953857422,0.20443587270973965
0.00014111847849562764,0.20467695274831244
0.0001411206176271662,0.20491803278688525
0.00014114951773080975,0.20515911282545804
0.0001413536665495485,0.20540019286403086
0.00014145183376967907,0.20564127290260367
0.00014149474736768752,0.20588235294117646
0.00014150682545732707,0.20612343297974928
0.0001415273582097143,0.2063645130183221
0.0001416842278558761,0.20660559305689488
0.00014174198440741748,0.2068466730954677
0.00014178994752001017,0.20708775313404051
0.0001418160245520994,0.2073288331726133
0.00014191694208420813,0.20756991321118612
0.0001419386826455593,0.2078109932497589
0.00014203439059201628,0.20805207328833172
0.00014203944010660052,0.20829315332690454
0.00014208063657861203,0.20853423336547733
0.00014208689390216023,0.20877531340405014
0.00014210598601493984,0.20901639344262296
0.00014214786642696708,0.20925747348119575
0.00014226336497813463,0.20949855351976857
0.0001423311186954379,0.20973963355834138
0.00014234463742468506,0.20998071359691417
0.0001423615904059261,0.210221793635487
0.00014248042134568095,0.21046287367405977
0.00014253142580855638,0.2107039537126326
0.0001427754177711904,0.2109450337512054
0.00014277973969001323,0.2111861137897782
0.00014283281052485108,0.211427193828351
0.00014289672253653407,0.21166827386692383
0.00014293240383267403,0.21190935390549662
0.00014294424909166992,0.21215043394406943
0.0001429659459972754,0.21239151398264225
0.00014301617920864373,0.21263259402121504
0.00014313416613731533,0.21287367405978785
0.00014315724547486752,0.21311475409836064
0.00014327288954518735,0.21335583413693346
0.0001432838907931,0.21359691417550628
0.00014339081826619804,0.21383799421407906
0.00014340209600050002,0.21407907425265188
0.00014344674127642065,0.2143201542912247
0.0001434994046576321,0.21456123432979748
0.0001435768062947318,0.2148023143683703
0.00014361206558533013,0.21504339440694312
0.00014364227536134422,0.2152844744455159
0.00014367158291861415,0.21552555448408872
0.0001436733000446111,0.2157666345226615
0.00014367634139489383,0.21600771456123433
0.00014368447591550648,0.21624879459980714
0.00014369793643709272,0.21648987463837993
0.0001438567996956408,0.21673095467695275
0.00014386708789970726,0.21697203471552556
0.00014389780699275434,0.21721311475409835
0.00014393469609785825,0.21745419479267117
0.00014402679516933858,0.21769527483124398
0.00014408900460693985,0.21793635486981677
0.00014409756113309413,0.2181774349083896
0.0001442038919776678,0.21841851494696238
0.00014421263767872006,0.2186595949855352
0.00014427368296310306,0.218900675024108
0.00014427604037337005,0.2191417550626808
0.00014438109064940363,0.21938283510125361
0.00014438433572649956,0.21962391513982643
0.00014440607628785074,0.21986499517839922
0.00014456649660132825,0.22010607521697204
0.00014464704145211726,0.22034715525554485
0.00014468832523562014,0.22058823529411764
0.00014470356109086424,0.22082931533269046
0.0001447709510102868,0.22107039537126327
0.00014484403072856367,0.22131147540983606
0.00014494586503133178,0.22155255544840888
0.00014507462037727237,0.22179363548698167
0.00014513972564600408,0.22203471552555448
0.00014516786905005574,0.2222757955641273
0.0001452264841645956,0.2225168756027001
0.00014529841428156942,0.2227579556412729
0.0001453963341191411,0.22299903567984572
0.00014546826423611492,0.2232401157184185
0.00014548527542501688,0.22348119575699132
0.00014548818580806255,0.22372227579556414
0.0001455020101275295,0.22396335583413693
0.0001455962483305484,0.22420443587270975
0.00014562612341251224,0.22444551591128253
0.00014573389489669353,0.22468659594985535
0.00014574284432455897,0.22492767598842817
0.000145744503242895,0.22516875602700095
0.00014577001275029033,0.22540983606557377
0.0001457882026443258,0.2256509161041466
0.00014597167319152504,0.22589199614271938
0.00014598238340113312,0.2261330761812922
0.00014599338464904577,0.226374156219865
0.00014610115613322705,0.2266152362584378
0.00014610224752686918,0.2268563162970106
0.0001461402134737,0.2270973963355834
0.00014619051944464445,0.22733847637415622
0.00014626925985794514,0.22757955641272903
0.00014630872465204448,0.22782063645130182
0.00014631512749474496,0.22806171648987464
0.00014632585225626826,0.22830279652844745
0.00014633519458584487,0.22854387656702024
0.00014638467109762132,0.22878495660559306
0.00014643228496424854,0.22902603664416588
0.00014648059732280672,0.22926711668273866
0.00014651770470663905,0.22950819672131148
0.00014655644190497696,0.22974927675988427
0.0001465953391743824,0.22999035679845709
0.0001466831163270399,0.2302314368370299
0.00014668992662336677,0.2304725168756027
0.00014671767712570727,0.2307135969141755
0.00014676872524432838,0.23095467695274832
0.00014677918807137758,0.2311957569913211
0.0001468733826186508,0.23143683702989393
0.00014690388343296945,0.23167791706846674
0.00014692985860165209,0.23191899710703953
0.00014702262706123292,0.23216007714561235
0.0001471250579925254,0.23240115718418514
0.00014714784629177302,0.23264223722275795
0.00014729447138961405,0.23288331726133077
0.00014743197243660688,0.23312439729990356
0.00014747645764146,0.23336547733847637
0.00014750963600818068,0.2336065573770492
0.00014756816381122917,0.23384763741562198
0.00014764562365598977,0.2340887174541948
0.0001476476463722065,0.2343297974927676
0.00014774969895370305,0.2345708775313404
0.000147764862049371,0.23481195756991322
0.00014782120706513524,0.235053037608486
0.00014787189138587564,0.23529411764705882
0.00014807318802922964,0.23553519768563164
0.00014813854068052024,0.23577627772420442
0.0001482169609516859,0.23601735776277724
0.00014833963359706104,0.23625843780135006
0.00014840364747215062,0.23649951783992285
0.00014842110977042466,0.23674059787849566
0.00014853524044156075,0.23698167791706848
0.00014862135867588222,0.23722275795564127
0.00014866390847600996,0.23746383799421408
0.00014866642595734447,0.23770491803278687
0.00014871162420604378,0.2379459980713597
0.0001487130211899057,0.2381870781099325
0.00014871401072014123,0.2384281581485053
0.0001487732515670359,0.2386692381870781
0.00014881153765600175,0.23891031822565093
0.00014881990500725806,0.2391513982642237
0.00014883118274156004,0.23939247830279653
0.00014891725732013583,0.23963355834136935
0.00014893681509420276,0.23987463837994213
0.00014898371591698378,0.24011571841851495
0.0001490387658122927,0.24035679845708777
0.0001490685244789347,0.24059787849566056
0.0001490884751547128,0.24083895853423337
0.0001490974536864087,0.24108003857280616
0.00014910605386830866,0.24132111861137898
0.00014915186329744756,0.2415621986499518
0.00014924125571269542,0.24180327868852458
0.00014933336933609098,0.2420443587270974
0.00014934895443730056,0.2422854387656702
0.00014935064245946705,0.242526518804243
0.00014945457223802805,0.24276759884281582
0.00014959668624214828,0.24300867888138863
0.00014966513845138252,0.24324975891996142
0.00014974195801187307,0.24349083895853424
0.00014976625971030444,0.24373191899710703
0.0001500137004768476,0.24397299903567984
0.00015006047033239156,0.24421407907425266
0.00015021217404864728,0.24445515911282545
0.00015024456661194563,0.24469623915139826
0.00015025175525806844,0.24493731918997108
0.00015029155474621803,0.24517839922854387
0.00015032707597129047,0.24541947926711669
0.00015033845556899905,0.2456605593056895
0.00015042218728922307,0.2459016393442623
0.00015059048018883914,0.2461427193828351
0.00015059493307489902,0.2463837994214079
0.00015066139167174697,0.2466248794599807
0.00015070171502884477,0.24686595949855353
0.00015079292643349618,0.24710703953712632
0.00015091402747202665,0.24734811957569913
0.00015099237498361617,0.24758919961427195
0.0001509952562628314,0.24783027965284474
0.0001510133151896298,0.24807135969141755
0.00015102041652426124,0.24831243972999037
0.0001510411675553769,0.24855351976856316
0.00015108456136658788,0.24879459980713597
0.00015138773596845567,0.24903567984570876
0.00015147060912568122,0.24927675988428158
0.00015147881640587002,0.2495178399228544
0.00015160588372964412,0.24975891996142718
0.00015163769421633333,0.25
0.0001517187774879858,0.2502410800385728
0.00015189019904937595,0.25048216007714563
0.00015189102850854397,0.2507232401157184
0.00015193679428193718,0.2509643201542912
0.00015194242587313056,0.251205400192864
0.0001521730300737545,0.25144648023143684
0.00015223042282741517,0.25168756027000966
0.00015228535630740225,0.2519286403085825
0.00015230223652906716,0.25216972034715524
0.000152450505993329,0.25241080038572805
0.00015245654503814876,0.25265188042430087
0.0001524764666100964,0.2528929604628737
0.00015257908671628684,0.2531340405014465
0.0001526103587821126,0.25337512054001926
0.00015268773131538182,0.2536162005785921
0.00015278116916306317,0.2538572806171649
0.00015281341620720923,0.2540983606557377
0.0001528583961771801,0.2543394406943105
0.00015293835895136,0.25458052073288334
0.00015295397315640002,0.2548216007714561
0.00015297200297936797,0.2550626808100289
0.00015303061809390783,0.25530376084860174
0.00015307473950088024,0.25554484088717455
0.00015317893121391535,0.25578592092574737
0.0001532815076643601,0.25602700096432013
0.00015341994003392756,0.25626808100289294
0.00015352966147474945,0.25650916104146576
0.00015356711810454726,0.2567502410800386
0.00015360709221567959,0.2569913211186114
0.0001536536292405799,0.2572324011571842
0.00015382228593807667,0.25747348119575697
0.00015407250612042844,0.2577145612343298
0.00015407821047119796,0.2579556412729026
0.00015409503248520195,0.2581967213114754
0.00015412528591696173,0.25843780135004824
0.00015420168347191066,0.258678881388621
0.00015424800221808255,0.2589199614271938
0.00015432562213391066,0.25916104146576663
0.00015440330025739968,0.25940212150433944
0.00015440901916008443,0.25964320154291226
0.00015444780001416802,0.2598842815814851
0.000154451685375534,0.26012536162005784
0.0001545508421259001,0.26036644165863065
0.0001546899729873985,0.26060752169720347
0.00015472440281882882,0.2608486017357763
0.0001547272695461288,0.2610896817743491
0.0001547388092149049,0.26133076181292186
0.00015479033754672855,0.2615718418514947
0.00015497658750973642,0.2618129218900675
0.00015498665743507445,0.2620540019286403
0.00015500849985983223,0.26229508196721313
0.00015512629761360586,0.26253616200578594
0.00015514215920120478,0.2627772420443587
0.00015518681902904063,0.2630183220829315
0.00015521663590334356,0.26325940212150434
0.00015532462566625327,0.26350048216007715
0.0001553637266624719,0.26374156219864997
0.00015538977459073067,0.26398264223722273
0.00015545512724202126,0.26422372227579555
0.0001554877235321328,0.26446480231436836
0.00015553862613160163,0.2647058823529412
0.00015564086788799614,0.264946962391514
0.00015572429401800036,0.2651880424300868
0.00015572465781588107,0.2654291224686596
0.00015589686518069357,0.2656702025072324
0.0001559475203976035,0.2659112825458052
0.000155957110109739,0.266152362584378
0.00015601023915223777,0.26639344262295084
0.0001560162054374814,0.2666345226615236
0.00015605930821038783,0.2668756027000964
0.0001560833043185994,0.26711668273866923
0.0001560952077852562,0.26735776277724205
0.00015609558613505214,0.26759884281581486
0.00015610009722877294,0.2678399228543877
0.0001561997487442568,0.26808100289296044
0.00015620044723618776,0.26832208293153326
0.00015630740381311625,0.2685631629701061
0.00015656538016628474,0.2688042430086789
0.000156622554641217,0.2690453230472517
0.00015683892706874758,0.26928640308582447
0.00015687465202063322,0.2695274831243973
0.0001570743479533121,0.2697685631629701
0.00015718821668997407,0.2700096432015429
0.00015739515947643667,0.27025072324011573
0.00015751509636174887,0.27049180327868855
0.00015769133460707963,0.2707328833172613
0.00015778312808834016,0.2709739633558341
0.00015780232206452638,0.27121504339440694
0.00015780598914716393,0.27145612343297976
0.0001578386581968516,0.2716972034715526
0.000157846967340447,0.2719382835101254
0.00015788852761033922,0.27217936354869815
0.00015796955267433077,0.27242044358727097
0.00015799308312125504,0.2726615236258438
0.00015799350512679666,0.2729026036644166
0.00015801329573150724,0.2731436837029894
0.00015805858129169792,0.2733847637415622
0.00015811230696272105,0.273625843780135
0.00015812927449587733,0.2738669238187078
0.0001581417745910585,0.2741080038572806
0.00015817646635696292,0.27434908389585344
0.00015818669635336846,0.27459016393442626
0.00015826133312657475,0.274831243972999
0.00015840728883631527,0.27507232401157183
0.00015845271991565824,0.27531340405014465
0.00015862831787671894,0.27555448408871747
0.00015870881907176226,0.2757955641272903
0.00015890022041276097,0.27603664416586304
0.00015896141121629626,0.27627772420443586
0.0001590199099155143,0.2765188042430087
0.00015906764019746333,0.2767598842815815
0.0001592449698364362,0.2770009643201543
0.00015925113984849304,0.2772420443587271
0.00015927560161799192,0.2774831243972999
0.00015937564603518695,0.2777242044358727
0.0001594401546753943,0.2779652844744455
0.0001594425120856613,0.27820636451301833
0.00015945029736030847,0.27844744455159115
0.00015945688937790692,0.2786885245901639
0.00015954763512127101,0.2789296046287367
0.00015962275210767984,0.27917068466730954
0.00015962292673066258,0.27941176470588236
0.00015964219346642494,0.2796528447444552
0.0001598368544364348,0.279893924783028
0.0001598836824996397,0.28013500482160075
0.00015990756219252944,0.28037608486017357
0.00015992463158909231,0.2806171648987464
0.00015996690490283072,0.2808582449373192
0.00015996820002328604,0.281099324975892
0.00015999286551959813,0.2813404050144648
0.00015999842435121536,0.2815814850530376
0.00016011051775421947,0.2818225650916104
0.0001601174008101225,0.2820636451301832
0.00016017431335058063,0.28230472516875604
0.0001602344127604738,0.28254580520732886
0.0001604597782716155,0.2827868852459016
0.00016053962463047355,0.28302796528447444
0.00016059742483776063,0.28326904532304725
0.00016063405200839043,0.28351012536162007
0.0001607706944923848,0.2837512054001929
0.00016090933058876544,0.28399228543876565
0.00016096211038529873,0.28423336547733846
0.0001611012121429667,0.2844744455159113
0.0001611118932487443,0.2847155255544841
0.00016112226876430213,0.2849566055930569
0.00016120949294418097,0.2851976856316297
0.00016124021203722805,0.2854387656702025
0.00016126636182889342,0.2856798457087753
0.00016133429016917944,0.2859209257473481
0.00016142769891303033,0.28616200578592094
0.00016144079563673586,0.28640308582449375
0.00016145373228937387,0.2866441658630665
0.00016154340119101107,0.28688524590163933
0.00016165856504812837,0.28712632594021215
0.00016171099559869617,0.28736740597878496
0.00016173854237422347,0.2876084860173578
0.00016176869394257665,0.2878495660559306
0.00016187661094591022,0.28809064609450336
0.00016188759764190763,0.28833172613307617
0.00016194397176150233,0.288572806171649
0.0001619980321265757,0.2888138862102218
0.00016213313210755587,0.2890549662487946
0.00016214826609939337,0.2892960462873674
0.0001621550472918898,0.2895371263259402
0.00016215727373491973,0.289778206364513
0.00016216601943597198,0.29001928640308583
0.00016223493730649352,0.29026036644165865
0.00016241861158050597,0.29050144648023146
0.0001624475116841495,0.2907425265188042
0.0001624509459361434,0.29098360655737704
0.00016248456086032093,0.29122468659594986
0.0001624921860639006,0.29146576663452267
0.00016252647037617862,0.2917068466730955
0.00016255168884526938,0.29194792671166825
0.00016261379641946405,0.29218900675024106
0.00016278168186545372,0.2924300867888139
0.00016281068383250386,0.2926711668273867
0.0001628214813536033,0.2929122468659595
0.0001629068865440786,0.29315332690453233
0.00016298095579259098,0.2933944069431051
0.00016300637798849493,0.2936354869816779
0.0001631215855013579,0.2938765670202507
0.00016314483946189284,0.29411764705882354
0.00016322631563525647,0.29435872709739636
0.0001633119973121211,0.2945998071359691
0.0001633590873098001,0.29484088717454193
0.00016348368080798537,0.29508196721311475
0.00016361290181521326,0.29532304725168756
0.00016366035561077297,0.2955641272902604
0.0001637246023165062,0.2958052073288332
0.00016391983081120998,0.29604628736740596
0.00016405292262788862,0.2962873674059788
0.00016409375530201942,0.2965284474445516
0.0001644254953134805,0.2967695274831244
0.0001644950098125264,0.2970106075216972
0.00016474630683660507,0.29725168756027
0.0001647518656682223,0.2974927675988428
0.0001648183970246464,0.2977338476374156
0.00016483133367728442,0.29797492767598843
0.00016484985826537013,0.29821600771456125
0.00016500898345839232,0.29845708775313406
0.00016505082021467388,0.2986981677917068
0.00016510924615431577,0.29893924783027964
0.00016512066940777004,0.29918032786885246
0.00016513704031240195,0.2994214079074253
0.00016513868467882276,0.2996624879459981
0.00016515390598215163,0.29990356798457085
0.0001651578349992633,0.30014464802314367
0.00016516678442712873,0.3003857280617165
0.00016519989003427327,0.3006268081002893
0.00016527499246876687,0.3008678881388621
0.00016539888747502118,0.30110896817743493
0.00016542969387955964,0.3013500482160077
0.0001655126252444461,0.3015911282545805
0.00016551840235479176,0.3018322082931533
0.00016553296882193536,0.30207328833172614
0.0001655400701565668,0.30231436837029896
0.00016561741358600557,0.3025554484088717
0.00016580447845626622,0.30279652844744454
0.0001658167311688885,0.30303760848601735
0.00016600041999481618,0.30327868852459017
0.0001660161797190085,0.303519768563163
0.0001660594716668129,0.3037608486017358
0.00016608041187282652,0.30400192864030856
0.00016611629689577967,0.3042430086788814
0.0001661284186411649,0.3044840887174542
0.0001661329297348857,0.304725168756027
0.0001663139701122418,0.3049662487945998
0.00016634986968711019,0.3052073288331726
0.00016635179053992033,0.3054484088717454
0.00016647177108097821,0.3056894889103182
0.00016649348253849894,0.30593056894889104
0.00016653079364914447,0.30617164898746385
0.00016655793297104537,0.30641272902603667
0.00016669904289301485,0.30665380906460943
0.0001667322067078203,0.30689488910318224
0.00016675578081049025,0.30713596914175506
0.0001667687320150435,0.3073770491803279
0.00016677712847013026,0.3076181292189007
0.00016688901814632118,0.30785920925747345
0.00016690646589268,0.30810028929604627
0.00016706199676264077,0.3083413693346191
0.00016717638936825097,0.3085824493731919
0.00016720534767955542,0.3088235294117647
0.00016730448987800628,0.30906460945033754
0.00016733739175833762,0.3093056894889103
0.00016736086399760097,0.3095467695274831
0.00016740942373871803,0.30978784956605593
0.0001674307422945276,0.31002892960462874
0.00016746124310884625,0.31027000964320156
0.0001675272360444069,0.3105110896817743
0.000167597783729434,0.31075216972034714
0.00016762390441726893,0.31099324975891995
0.00016762566519901156,0.31123432979749277
0.00016773414972703904,0.3114754098360656
0.00016782958118710667,0.3117164898746384
0.00016789785877335817,0.31195756991321116
0.00016797571151982993,0.312198649951784
0.00016800290904939175,0.3124397299903568
0.00016802734171506017,0.3126808100289296
0.00016813854745123535,0.31292189006750243
0.00016815178969409317,0.31316297010607524
0.00016818182484712452,0.313404050144648
0.00016826437786221504,0.3136451301832208
0.00016840606986079365,0.31388621022179364
0.00016846135258674622,0.31412729026036645
0.00016851865802891552,0.31436837029893927
0.00016854237765073776,0.31460945033751203
0.00016873884305823594,0.31485053037608485
0.00016874888387974352,0.31509161041465766
0.00016877407324500382,0.3153326904532305
0.00016878664609976113,0.3155737704918033
0.00016880266775842756,0.3158148505303761
0.0001688612683210522,0.3160559305689489
0.00016894529107958078,0.3162970106075217
0.00016894793952815235,0.3165380906460945
0.00016905828670132905,0.3167791706846673
0.00016911111015360802,0.31702025072324014
0.0001691525976639241,0.3172613307618129
0.00016916105232667178,0.3175024108003857
0.0001692139048827812,0.31774349083895853
0.00016924469673540443,0.31798457087753135
0.00016959317144937813,0.31822565091610416
0.00016960309585556388,0.318466730954677
0.00016967840201687068,0.31870781099324974
0.00016971559671219438,0.31894889103182256
0.00016971645527519286,0.3191899710703954
0.00016972399316728115,0.3194310511089682
0.00016973985475488007,0.319672131147541
0.0001697669067652896,0.31991321118611377
0.00016985429101623595,0.3201542912246866
0.0001701203582342714,0.3203953712632594
0.00017019390361383557,0.3206364513018322
0.00017031018796842545,0.32087753134040503
0.00017035783093888313,0.32111861137897785
0.0001703719317447394,0.3213596914175506
0.00017041210958268493,0.3216007714561234
0.0001704290771158412,0.32184185149469624
0.00017044103879015893,0.32208293153326906
0.00017048745939973742,0.3223240115718419
0.00017056846991181374,0.32256509161041463
0.00017062900587916374,0.32280617164898745
0.00017076233052648604,0.32304725168756027
0.00017081151599995792,0.3232883317261331
0.00017086257867049426,0.3235294117647059
0.00017092871712520719,0.3237704918032787
0.0001709296484477818,0.3240115718418515
0.00017097880481742322,0.3242526518804243
0.00017111291526816785,0.3244937319189971
0.00017112932982854545,0.3247348119575699
0.00017121087876148522,0.32497589199614274
0.00017126018065027893,0.3252169720347155
0.0001712717639748007,0.3254580520732883
0.00017128727631643414,0.32569913211186113
0.00017130501510109752,0.32594021215043395
0.00017142003343906254,0.32618129218900677
0.00017144375306088477,0.3264223722275796
0.00017155443492811173,0.32666345226615234
0.00017156012472696602,0.32690453230472516
0.00017157681577373296,0.327145612343298
0.00017160477000288665,0.3273866923818708
0.0001716274709906429,0.3276277724204436
0.0001717281120363623,0.32786885245901637
0.0001717379200272262,0.3281099324975892
0.0001717843988444656,0.328351012536162
0.00017182000738102943,0.3285920925747348
0.0001719362917356193,0.32883317261330763
0.00017200037837028503,0.32907425265188045
0.00017214810941368341,0.3293153326904532
0.0001722788147162646,0.329556412729026
0.000172292668139562,0.32979749276759884
0.00017236662097275257,0.33003857280617166
0.00017237933934666216,0.3302796528447445
0.0001726233895169571,0.33052073288331724
0.00017267958901356906,0.33076181292189005
0.0001727031049085781,0.33100289296046287
0.00017270313401240855,0.3312439729990357
0.0001729321083985269,0.3314850530376085
0.0001730042276903987,0.3317261330761813
0.0001730261865304783,0.3319672131147541
0.0001731326774461195,0.3322082931533269
0.00017315133300144225,0.3324493731918997
0.00017315364675596356,0.3326904532304725
0.00017321405175607651,0.33293153326904534
0.00017327547539025545,0.3331726133076181
0.00017331611888948828,0.3334136933461909
0.00017333283904008567,0.33365477338476374
0.00017335590382572263,0.33389585342333655
0.00017343051149509847,0.33413693346190937
0.00017360676429234445,0.3343780135004822
0.00017361475329380482,0.33461909353905495
0.00017374106391798705,0.33486017357762776
0.00017402050434611738,0.3351012536162006
0.00017406446568202227,0.3353423336547734
0.0001741528103593737,0.3355834136933462
0.00017417110211681575,0.33582449373191897
0.00017420189396943897,0.3360655737704918
0.00017420388758182526,0.3363066538090646
0.0001742323802318424,0.3365477338476374
0.00017442212265450507,0.33678881388621024
0.0001744298351695761,0.33702989392478305
0.0001744493783917278,0.3372709739633558
0.00017468810256104916,0.33751205400192863
0.00017472996842116117,0.33775313404050145
0.0001748230424709618,0.33799421407907426
0.00017508944438304752,0.3382352941176471
0.00017512604244984686,0.33847637415621984
0.00017513726197648793,0.33871745419479266
0.00017522503912914544,0.33895853423336547
0.00017530092736706138,0.3391996142719383
0.00017553787620272487,0.3394406943105111
0.00017583571025170386,0.3396817743490839
0.00017586354806553572,0.3399228543876567
0.00017598879639990628,0.3401639344262295
0.00017605193716008216,0.3404050144648023
0.00017606133769731969,0.34064609450337513
0.0001761832827469334,0.34088717454194795
0.00017628296336624771,0.3411282545805207
0.0001763244072208181,0.3413693346190935
0.00017643539467826486,0.34161041465766634
0.00017649227811489254,0.34185149469623916
0.0001765893102856353,0.34209257473481197
0.00017664582992438227,0.3423336547733848
0.00017680808377917856,0.34257473481195755
0.0001768414513207972,0.34281581485053036
0.00017686953651718795,0.3430568948891032
0.00017702100740280002,0.343297974927676
0.00017708848463371396,0.3435390549662488
0.00017728608509059995,0.3437801350048216
0.00017733829736243933,0.3440212150433944
0.00017735932487994432,0.3442622950819672
0.00017737325106281787,0.34450337512054
0.00017737421148922294,0.34474445515911284
0.00017742259660735726,0.34498553519768566
0.00017748476238921285,0.3452266152362584
0.0001775200362317264,0.34546769527483123
0.00017765215307008475,0.34570877531340405
0.00017771251441445202,0.34594985535197686
0.0001777253346517682,0.3461909353905497
0.00017773023864720017,0.34643201542912244
0.00017794757150113583,0.34667309546769526
0.00017809498240239918,0.3469141755062681
0.00017816864419728518,0.3471552555448409
0.0001781829196261242,0.3473963355834137
0.0001782590989023447,0.3476374156219865
0.00017826240218710154,0.3478784956605593
0.0001782701292540878,0.3481195756991321
0.00017827066767495126,0.3483606557377049
0.00017833673337008804,0.34860173577627773
0.00017871336604002863,0.34884281581485055
0.00017873177421279252,0.3490838958534233
0.00017882116662804037,0.3493249758919961
0.00017885213310364634,0.34956605593056894
0.0001789607194950804,0.34980713596914176
0.00017896151985041797,0.3500482160077146
0.0001789711823221296,0.3502892960462874
0.00017898561782203615,0.35053037608486015
0.0001790051901480183,0.35077145612343297
0.00017900860984809697,0.3510125361620058
0.00017901277169585228,0.3512536162005786
0.00017914922500494868,0.3514946962391514
0.00017915184434968978,0.3517357762777242
0.00017918406229000539,0.351976856316297
0.00017925551219377667,0.3522179363548698
0.00017932157788891345,0.3524590163934426
0.0001793508417904377,0.35270009643201544
0.00017953196947928518,0.35294117647058826
0.00017961229605134577,0.353182256509161
0.00017966449377126992,0.35342333654773384
0.00017973680223803967,0.35366441658630665
0.0001797475852072239,0.35390549662487947
0.00017980327538680285,0.3541465766634523
0.0001798062730813399,0.3543876567020251
0.0001798390585463494,0.35462873674059786
0.0001798456214601174,0.3548698167791707
0.00017986464081332088,0.3551108968177435
0.00017987449245993048,0.3553519768563163
0.00017996077076531947,0.3555930568948891
0.00017999093688558787,0.3558341369334619
0.00018002635624725372,0.3560752169720347
0.00018008593178819865,0.3563162970106075
0.00018025722238235176,0.35655737704918034
0.0001803427148843184,0.35679845708775315
0.00018050627841148525,0.35703953712632597
0.00018060622096527368,0.35728061716489873
0.00018069885845761746,0.35752169720347154
0.00018073066894430667,0.35776277724204436
0.00018076733977068216,0.3580038572806172
0.00018078318680636585,0.35824493731919
0.00018091642414219677,0.35848601735776275
0.00018095555424224585,0.35872709739633557
0.0001810158573789522,0.3589681774349084
0.00018104178889188915,0.3592092574734812
0.0001811885740607977,0.359450337512054
0.00018122707842849195,0.35969141755062684
0.00018128477677237242,0.3599324975891996
0.00018132844706997275,0.3601735776277724
0.00018134582205675542,0.36041465766634523
0.0001813870039768517,0.36065573770491804
0.00018142983026336879,0.36089681774349086
0.00018144732166547328,0.3611378977820636
0.00018147735681850463,0.36137897782063644
0.00018148966773878783,0.36162005785920925
0.00018154157442040741,0.36186113789778207
0.00018157761951442808,0.3621022179363549
0.00018161720072384924,0.3623432979749277
0.00018170877592638135,0.36258437801350046
0.0001817660959204659,0.3628254580520733
0.00018176813318859786,0.3630665380906461
0.00018184164946433157,0.3633076181292189
0.00018184560758527368,0.36354869816779173
0.00018188857939094305,0.3637897782063645
0.00018198127509094775,0.3640308582449373
0.00018216611351817846,0.3642719382835101
0.00018229600391350687,0.36451301832208294
0.00018234462186228484,0.36475409836065575
0.00018235611787531525,0.36499517839922857
0.00018244041712023318,0.36523625843780133
0.00018253545567858964,0.36547733847637415
0.0001826429070206359,0.36571841851494696
0.0001827754604164511,0.3659594985535198
0.00018278491916134953,0.3662005785920926
0.00018291927699465305,0.36644165863066536
0.00018310868472326547,0.3666827386692382
0.00018317504145670682,0.366923818707811
0.00018318815273232758,0.3671648987463838
0.00018323103722650558,0.3674059787849566
0.00018330900638829917,0.36764705882352944
0.00018337577057536691,0.3678881388621022
0.0001834132126532495,0.368129218900675
0.00018341332906857133,0.36837029893924783
0.00018345416174270213,0.36861137897782065
0.00018354703206568956,0.36885245901639346
0.00018361746333539486,0.3690935390549662
0.00018366219592280686,0.36933461909353904
0.0001837233721744269,0.36957569913211186
0.00018376849766355008,0.3698167791706847
0.0001838238094933331,0.3700578592092575
0.00018383348651695997,0.3702989392478303
0.00018385984003543854,0.37054001928640307
0.0001840241311583668,0.3707810993249759
0.00018405406444799155,0.3710221793635487
0.00018411276687402278,0.3712632594021215
0.00018414107034914196,0.37150433944069433
0.0001841500197770074,0.3717454194792671
0.00018423364963382483,0.3719864995178399
0.00018430881027597934,0.3722275795564127
0.00018439622363075614,0.37246865959498554
0.00018440042913425714,0.37270973963355836
0.0001844312355387956,0.3729508196721312
0.00018453536904416978,0.37319189971070393
0.00018463731976225972,0.37343297974927675
0.00018467797781340778,0.37367405978784957
0.00018475161050446332,0.3739151398264224
0.0001847909006755799,0.3741562198649952
0.00018484010070096701,0.37439729990356796
0.0001848887768574059,0.3746383799421408
0.00018491147784516215,0.3748794599807136
0.00018499510770197958,0.3751205400192864
0.00018503484898246825,0.3753616200578592
0.0001851377310231328,0.37560270009643204
0.0001852273562690243,0.3758437801350048
0.0001852808054536581,0.3760848601735776
0.00018538846052251756,0.37632594021215043
0.0001854056608863175,0.37656702025072325
0.00018553440168034285,0.37680810028929607
0.00018557178555056453,0.3770491803278688
0.0001855959271779284,0.37729026036644164
0.0001855971640907228,0.37753134040501446
0.00018569557869341224,0.3777724204435873
0.0001857471652328968,0.3780135004821601
0.00018581828044261783,0.3782545805207329
0.00018591832485981286,0.37849566055930567
0.0001859473850345239,0.3787367405978785
0.00018597341841086745,0.3789778206364513
0.0001861650962382555,0.3792189006750241
0.00018643034854903817,0.37945998071359693
0.00018655421445146203,0.3797010607521697
0.00018656652537174523,0.3799421407907425
0.0001866050879471004,0.3801832208293153
0.00018672639271244407,0.38042430086788814
0.0001868699910119176,0.38066538090646096
0.00018704573449213058,0.3809064609450338
0.00018708010611589998,0.38114754098360654
0.0001871400309028104,0.38138862102217935
0.00018715830810833722,0.38162970106075217
0.00018721197557169944,0.381870781099325
0.00018736020138021559,0.3821118611378978
0.00018748790898825973,0.38235294117647056
0.00018749227456282824,0.3825940212150434
0.00018750681192614138,0.3828351012536162
0.00018754911434371024,0.383076181292189
0.00018760842795018107,0.3833172613307618
0.0001876292662927881,0.38355834136933464
0.000187650352017954,0.3837994214079074
0.00018766972061712295,0.3840405014464802
0.00018770054157357663,0.38428158148505304
0.00018774517229758203,0.38452266152362585
0.0001878419134300202,0.38476374156219867
0.0001878848997876048,0.38500482160077143
0.000187935060239397,0.38524590163934425
0.00018794756033457816,0.38548698167791706
0.00018806790467351675,0.3857280617164899
0.0001881704811239615,0.3859691417550627
0.0001882399374153465,0.3862102217936355
0.00018824379367288202,0.38645130183220827
0.00018826716404873878,0.3866923818707811
0.0001883037039078772,0.3869334619093539
0.00018839453696273267,0.3871745419479267
0.00018841569544747472,0.38741562198649954
0.0001886265235953033,0.3876567020250723
0.00018862959404941648,0.3878977820636451
0.00018867953622248024,0.38813886210221793
0.00018873611406888813,0.38837994214079075
0.00018877253751270473,0.38862102217936356
0.00018908383208326995,0.3888621022179364
0.00018925510812550783,0.38910318225650914
0.0001892884902190417,0.38934426229508196
0.00018936695414595306,0.38958534233365477
0.00018941389862447977,0.3898264223722276
0.00018941711459774524,0.3900675024108004
0.00018945256306324154,0.39030858244937316
0.0001895065070129931,0.390549662487946
0.00018972605175804347,0.3907907425265188
0.0001897926995297894,0.3910318225650916
0.00018985028145834804,0.39127290260366443
0.0001899174094432965,0.39151398264223725
0.00019006307411473244,0.39175506268081
0.00019009693642146885,0.3919961427193828
0.00019013421842828393,0.39223722275795564
0.0001901595387607813,0.39247830279652846
0.00019017586600966752,0.39271938283510127
0.000190219929208979,0.39296046287367403
0.0001902632648125291,0.39320154291224685
0.00019030242401640862,0.39344262295081966
0.00019043177599087358,0.3936837029893925
0.00019055197481065989,0.3939247830279653
0.00019067825633101165,0.3941658630665381
0.00019078778859693557,0.3944069431051109
0.00019079181947745383,0.3946480231436837
0.00019089762645307928,0.3948891031822565
0.00019095028983429074,0.3951301832208293
0.00019095382594969124,0.39537126325940214
0.00019108591368421912,0.3956123432979749
0.0001911664439830929,0.3958534233365477
0.00019118809723295271,0.39609450337512053
0.0001911910658236593,0.39633558341369335
0.00019119374337606132,0.39657666345226616
0.00019124848768115044,0.396817743490839
0.00019128408166579902,0.39705882352941174
0.00019140055519528687,0.39729990356798456
0.00019140714721288532,0.3975409836065574
0.0001915627799462527,0.3977820636451302
0.00019156932830810547,0.398023143683703
0.00019158843497280031,0.3982642237222758
0.0001917684421641752,0.3985053037608486
0.00019184741540811956,0.3987463837994214
0.0001919360365718603,0.3989874638379942
0.00019195560889784247,0.39922854387656703
0.00019196499488316476,0.39946962391513985
0.00019198934023734182,0.3997107039537126
0.0001919964124681428,0.3999517839922854
0.00019208781304769218,0.40019286403085824
0.000192118197446689,0.40043394406943106
0.00019213934137951583,0.4006750241080039
0.00019218382658436894,0.4009161041465767
0.00019220041576772928,0.40115718418514945
0.0001922354567795992,0.40139826422372227
0.00019227515440434217,0.4016393442622951
0.00019228826567996293,0.4018804243008679
0.00019236512889619917,0.4021215043394407
0.00019242211419623345,0.4023625843780135
0.0001924513780977577,0.4026036644165863
0.0001926624245243147,0.4028447444551591
0.00019275037629995495,0.4030858244937319
0.00019280573178548366,0.40332690453230474
0.00019283760047983378,0.40356798457087756
0.000192837615031749,0.4038090646094503
0.00019305312889628112,0.40405014464802314
0.00019315678218845278,0.40429122468659595
0.00019326680921949446,0.40453230472516877
0.00019329480710439384,0.4047733847637416
0.00019337749108672142,0.40501446480231434
0.0001934353931574151,0.40525554484088716
0.00019357845303602517,0.40549662487946
0.0001936923072207719,0.4057377049180328
0.00019392180547583848,0.4059787849566056
0.0001939544454216957,0.4062198649951784
0.00019398816220927984,0.4064609450337512
0.00019401058671064675,0.406702025072324
0.00019425568461883813,0.4069431051108968
0.00019435981812421232,0.40718418514946964
0.0001944160321727395,0.40742526518804245
0.00019452525884844363,0.4076663452266152
0.00019457199960015714,0.40790742526518803
0.00019458781753201038,0.40814850530376084
0.0001946139964275062,0.40838958534233366
0.00019475207955110818,0.4086306653809065
0.00019481471099425107,0.4088717454194793
0.00019488763064146042,0.40911282545805205
0.00019499988411553204,0.40935390549662487
0.000195010841707699,0.4095949855351977
0.00019515618623699993,0.4098360655737705
0.00019528920529410243,0.4100771456123433
0.00019535173487383872,0.4103182256509161
0.00019538048945832998,0.4105593056894889
0.0001955195766640827,0.4108003857280617
0.00019556262122932822,0.41104146576663453
0.0001956394116859883,0.41128254580520734
0.00019571377197280526,0.41152362584378016
0.00019573290774133056,0.4117647058823529
0.0001957430358743295,0.41200578592092574
0.0001958845095941797,0.41224686595949855
0.00019596419588197023,0.41248794599807137
0.00019599043298512697,0.4127290260366442
0.00019603165856096894,0.41297010607521695
0.00019609101582318544,0.41321118611378976
0.00019613081531133503,0.4134522661523626
0.00019615981727838516,0.4136933461909354
0.00019623515254352242,0.4139344262295082
0.00019634023192338645,0.41417550626808103
0.00019637797959148884,0.4144165863066538
0.00019640420214273036,0.4146576663452266
0.00019656436052173376,0.4148987463837994
0.00019662950944621116,0.41513982642237224
0.00019669794710353017,0.41538090646094505
0.00019675133808050305,0.4156219864995178
0.00019676667579915375,0.41586306653809063
0.0001970444427570328,0.41610414657666345
0.00019704650912899524,0.41634522661523626
0.00019720650743693113,0.4165863066538091
0.00019724166486412287,0.4168273866923819
0.00019736283866222948,0.41706846673095466
0.0001975054037757218,0.4173095467695275
0.00019760664144996554,0.4175506268081003
0.00019764670287258923,0.4177917068466731
0.0001977028587134555,0.4180327868852459
0.000197782224859111,0.4182738669238187
0.00019795996195171028,0.4185149469623915
0.0001980811939574778,0.4187560270009643
0.0001981331006390974,0.41899710703953713
0.00019826127390842885,0.41923818707810995
0.00019835162675008178,0.41947926711668276
0.00019845899078063667,0.4197203471552555
0.0001985612470889464,0.41996142719382834
0.00019862799672409892,0.42020250723240116
0.00019887325470335782,0.420443587270974
0.00019902881467714906,0.4206846673095468
0.00019918655743822455,0.42092574734811955
0.00019920562044717371,0.42116682738669237
0.00019938559853471816,0.4214079074252652
0.00019939246703870595,0.421648987463838
0.0001996590435737744,0.4218900675024108
0.00019966230320278555,0.42213114754098363
0.00019969153800047934,0.4223722275795564
0.00019969989079982042,0.4226133076181292
0.00019970930588897318,0.422854387656702
0.00019975245231762528,0.42309546769527484
0.0001998432562686503,0.42333654773384766
0.0001998470106627792,0.4235776277724204
0.00020005197438877076,0.42381870781099323
0.00020007968123536557,0.42405978784956605
0.00020013793255202472,0.42430086788813887
0.00020018189388792962,0.4245419479267117
0.0002002586843445897,0.4247830279652845
0.0002006177237490192,0.42502410800385726
0.00020075695647392422,0.4252651880424301
0.00020081391267012805,0.4255062680810029
0.00020100433903280646,0.4257473481195757
0.0002011260949075222,0.4259884281581485
0.000201234026462771,0.4262295081967213
0.0002012547047343105,0.4264705882352941
0.0002013846969930455,0.4267116682738669
0.00020147876057308167,0.42695274831243973
0.00020151064381934702,0.42719382835101255
0.00020154942467343062,0.42743490838958537
0.0002017216756939888,0.4276759884281581
0.00020174785458948463,0.42791706846673094
0.00020192834199406207,0.42815814850530376
0.00020194250100757927,0.4283992285438766
0.00020237559510860592,0.4286403085824494
0.00020243959443178028,0.42888138862102215
0.00020244429470039904,0.42912246865959497
0.00020248845976311713,0.4293635486981678
0.00020249653607606888,0.4296046287367406
0.0002025160938501358,0.4298457087753134
0.00020261867030058056,0.43008678881388623
0.00020275199494790286,0.430327868852459
0.00020277553994674236,0.4305689488910318
0.00020284611673559994,0.4308100289296046
0.00020322630007285625,0.43105110896817744
0.00020336551824584603,0.43129218900675026
0.0002034403441939503,0.431533269045323
0.0002034552744589746,0.43177434908389584
0.00020351781859062612,0.43201542912246865
0.00020371096616145223,0.43225650916104147
0.00020376757311169058,0.4324975891996143
0.00020381055946927518,0.4327386692381871
0.00020381553622428328,0.43297974927675986
0.00020381958165671676,0.4332208293153327
0.00020387713448144495,0.4334619093539055
0.00020389365090522915,0.4337029893924783
0.000203925374080427,0.4339440694310511
0.00020396459149196744,0.4341851494696239
0.00020402816880960017,0.4344262295081967
0.00020406303519848734,0.4346673095467695
0.00020417144696693867,0.43490838958534234
0.00020418087660800666,0.43514946962391515
0.00020430861331988126,0.43539054966248797
0.00020447270071599633,0.43563162970106073
0.0002046276058536023,0.43587270973963355
0.00020465123816393316,0.43611378977820636
0.00020469832816161215,0.4363548698167792
0.00020502611005213112,0.436595949855352
0.00020509223395492882,0.43683702989392476
0.0002051373157883063,0.43707810993249757
0.00020522266277112067,0.4373191899710704
0.00020524361752904952,0.4375602700096432
0.00020526252046693116,0.437801350048216
0.00020530885376501828,0.43804243008678884
0.00020546345331240445,0.4382835101253616
0.00020561405108310282,0.4385245901639344
0.00020579228294081986,0.43876567020250723
0.00020584076992236078,0.43900675024108005
0.00020584315643645823,0.43924783027965286
0.00020590360509231687,0.4394889103182257
0.000205929420189932,0.43972999035679844
0.00020595150999724865,0.43997107039537126
0.00020598075934685767,0.44021215043394407
0.00020601942378561944,0.4404532304725169
0.00020620806026272476,0.4406943105110897
0.00020630045037250966,0.44093539054966246
0.00020630875951610506,0.4411764705882353
0.00020632859377656132,0.4414175506268081
0.00020637530542444438,0.4416586306653809
0.0002068211615551263,0.44189971070395373
0.00020694157865364105,0.44214079074252655
0.00020709392265416682,0.4423818707810993
0.00020715997379738837,0.4426229508196721
0.00020728509116452187,0.44286403085824494
0.0002073137293336913,0.44310511089681776
0.00020752365526277572,0.44334619093539057
0.00020755005243699998,0.44358727097396333
0.0002075754018733278,0.44382835101253615
0.0002075772063108161,0.44406943105110896
0.00020768321701325476,0.4443105110896818
0.00020800295169465244,0.4445515911282546
0.00020800680795218796,0.4447926711668274
0.0002080411504721269,0.4450337512054002
0.0002081657585222274,0.445274831243973
0.00020818454504478723,0.4455159112825458
0.00020826299441978335,0.4457569913211186
0.0002083553554257378,0.44599807135969144
0.00020842382218688726,0.4462391513982642
0.00020852840680163354,0.446480231436837
0.00020859485084656626,0.44672131147540983
0.00020873361791018397,0.44696239151398265
0.00020901508105453104,0.44720347155255546
0.00020918800146318972,0.4474445515911283
0.0002092763752443716,0.44768563162970104
0.00020939255773555487,0.44792671166827386
0.00020949628378730267,0.4481677917068467
0.0002098155819112435,0.4484088717454195
0.00020989183394704014,0.4486499517839923
0.00020990247139707208,0.44889103182256507
0.00020992063218727708,0.4491321118611379
0.00020998316176701337,0.4493731918997107
0.0002101381978718564,0.4496142719382835
0.00021018261031713337,0.44985535197685633
0.00021042118896730244,0.45009643201542915
0.00021046468464192003,0.4503375120540019
0.0002106407773680985,0.4505785920925747
0.0002107695909217,0.45081967213114754
0.00021089863730594516,0.45106075216972036
0.0002110681525664404,0.4513018322082932
0.00021120913152117282,0.45154291224686594
0.00021123469923622906,0.45178399228543875
0.00021124309569131583,0.45202507232401157
0.00021136538998689502,0.4522661523625844
0.00021150766406208277,0.4525072324011572
0.0002115182433044538,0.45274831243973
0.00021159356401767582,0.4529893924783028
0.00021166184160392731,0.4532304725168756
0.00021169116371311247,0.4534715525554484
0.0002117009717039764,0.4537126325940212
0.00021187576930969954,0.45395371263259404
0.00021190472762100399,0.4541947926711668
0.00021192844724282622,0.4544358727097396
0.00021195271983742714,0.45467695274831244
0.00021204019139986485,0.45491803278688525
0.0002120557037414983,0.45515911282545807
0.00021208498219493777,0.4554001928640309
0.0002121425641234964,0.45564127290260364
0.00021234316227491945,0.45588235294117646
0.0002125097526004538,0.4561234329797493
0.0002125156024703756,0.4563645130183221
0.00021254215971566737,0.4566055930568949
0.00021258622291497886,0.45684667309546767
0.00021266659314278513,0.4570877531340405
0.0002127688640030101,0.4573288331726133
0.00021294568432494998,0.4575699132111861
0.0002129866770701483,0.45781099324975894
0.00021303717221599072,0.45805207328833175
0.00021321982785593718,0.4582931533269045
0.00021326058777049184,0.45853423336547733
0.0002132877561962232,0.45877531340405014
0.00021335763449314982,0.45901639344262296
0.00021357362857088447,0.4592574734811958
0.0002136357652489096,0.45949855351976854
0.00021379339159466326,0.45973963355834135
0.00021387480956036597,0.45998071359691417
0.00021392198686953634,0.460221793635487
0.0002139388961950317,0.4604628736740598
0.00021407162421382964,0.4607039537126326
0.00021425519662443548,0.4609450337512054
0.00021433140500448644,0.4611861137897782
0.0002143425663234666,0.461427193828351
0.0002143563178833574,0.46166827386692383
0.00021437215036712587,0.46190935390549664
0.0002143923775292933,0.4621504339440694
0.00021439984266180545,0.4623915139826422
0.00021458996343426406,0.46263259402121504
0.00021460710559040308,0.46287367405978785
0.0002147143823094666,0.46311475409836067
0.00021476519759744406,0.4633558341369335
0.00021477462723851204,0.46359691417550625
0.0002148068160749972,0.46383799421407906
0.00021487152844201773,0.4640790742526519
0.00021508692589122802,0.4643201542912247
0.00021513710089493543,0.4645612343297975
0.00021515070693567395,0.4648023143683703
0.0002151986409444362,0.4650433944069431
0.00021540797024499625,0.4652844744455159
0.00021551961253862828,0.4655255544840887
0.00021556882711593062,0.46576663452266154
0.00021566708164755255,0.46600771456123435
0.00021569171804003417,0.4662487945998071
0.000215797612327151,0.46648987463837993
0.00021601139451377094,0.46673095467695275
0.00021605704387184232,0.46697203471552556
0.00021614004799630493,0.4672131147540984
0.00021615976584143937,0.46745419479267114
0.00021633325377479196,0.46769527483124396
0.0002163436874980107,0.4679363548698168
0.00021644298976752907,0.4681774349083896
0.00021647600806318223,0.4684185149469624
0.00021655275486409664,0.4686595949855352
0.00021670431306120008,0.468900675024108
0.00021672183356713504,0.4691417550626808
0.00021677531185559928,0.4693828351012536
0.00021689462300855666,0.46962391513982643
0.00021689575805794448,0.46986499517839925
0.00021695469331461936,0.470106075216972
0.0002169641520595178,0.4703471552555448
0.00021700526122003794,0.47058823529411764
0.00021706656843889505,0.47082931533269046
0.00021708058193325996,0.4710703953712633
0.0002170966617995873,0.4713114754098361
0.00021715034381486475,0.47155255544840885
0.00021726920385845006,0.47179363548698167
0.00021727679995819926,0.4720347155255545
0.00021728336287196726,0.4722757955641273
0.00021731210290454328,0.4725168756027001
0.00021735155314672738,0.4727579556412729
0.0002174180990550667,0.4729990356798457
0.00021779203962069005,0.4732401157184185
0.00021786574507132173,0.4734811957569913
0.00021789157472085208,0.47372227579556414
0.00021795692737214267,0.47396335583413696
0.00021799144451506436,0.4742044358727097
0.00021800401736982167,0.47444551591128253
0.00021806186123285443,0.47468659594985535
0.00021811667829751968,0.47492767598842817
0.0002181659365305677,0.475168756027001
0.00021817637025378644,0.47540983606557374
0.00021817914966959506,0.47565091610414656
0.0002181802410632372,0.4758919961427194
0.00021819936227984726,0.4761330761812922
0.00021843516151420772,0.476374156219865
0.00021867002942599356,0.4766152362584378
0.0002186913916375488,0.4768563162970106
0.0002187301724916324,0.4770973963355834
0.0002192098618252203,0.4773384763741562
0.00021927130001131445,0.47757955641272903
0.0002192896354245022,0.47782063645130185
0.00021942981402389705,0.4780617164898746
0.0002195177075918764,0.4783027965284474
0.00021956503042019904,0.47854387656702024
0.00021959521109238267,0.47878495660559306
0.0002196588320657611,0.4790260366441659
0.00021982999169267714,0.4792671166827387
0.00021983480837661773,0.47950819672131145
0.0002198426373070106,0.47974927675988427
0.00021991987887304276,0.4799903567984571
0.00022027670638635755,0.4802314368370299
0.00022028875537216663,0.4804725168756027
0.00022028999228496104,0.48071359691417553
0.0002203250041930005,0.4809546769527483
0.00022036992595531046,0.4811957569913211
0.00022054211876820773,0.4814368370298939
0.00022058446484152228,0.48167791706846674
0.00022071445710025728,0.48191899710703956
0.00022091175196692348,0.4821600771456123
0.00022094379528425634,0.48240115718418514
0.00022095287567935884,0.48264223722275795
0.0002211449755122885,0.48288331726133077
0.00022134614118840545,0.4831243972999036
0.000221382433664985,0.4833654773384764
0.00022160283697303385,0.48360655737704916
0.00022167174029164016,0.483847637415622
0.0002216795110143721,0.4840887174541948
0.00022169591102283448,0.4843297974927676
0.00022188913135323673,0.4845708775313404
0.00022255361545830965,0.4848119575699132
0.0002228682133136317,0.485053037608486
0.00022302677098196,0.4852941176470588
0.00022320877178572118,0.48553519768563164
0.00022321881260722876,0.48577627772420445
0.00022351973166223615,0.48601735776277727
0.00022353790700435638,0.48625843780135003
0.00022355861437972635,0.48649951783992285
0.00022359180729836226,0.48674059787849566
0.00022366136545315385,0.4869816779170685
0.00022376138076651841,0.4872227579556413
0.0002239020395791158,0.48746383799421406
0.00022392910614144057,0.48770491803278687
0.0002239348104922101,0.4879459980713597
0.00022405271010939032,0.4881870781099325
0.00022410221572499722,0.4884281581485053
0.00022410678502637893,0.48866923818707814
0.00022418954176828265,0.4889103182256509
0.00022422225447371602,0.4891513982642237
0.00022444386559072882,0.48939247830279653
0.00022455272846855223,0.48963355834136935
0.000224609553697519,0.48987463837994216
0.00022461285698227584,0.4901157184185149
0.00022496606106869876,0.49035679845708774
0.00022509327391162515,0.49059787849566056
0.00022555768373422325,0.49083895853423337
0.00022580903896596283,0.4910800385728062
0.0002258853637613356,0.491321118611379
0.0002260758337797597,0.49156219864995176
0.00022608165454585105,0.4918032786885246
0.00022620122763328254,0.4920443587270974
0.00022628373699262738,0.4922854387656702
0.00022642832482233644,0.49252651880424303
0.00022643872944172472,0.4927675988428158
0.0002265632792841643,0.4930086788813886
0.00022667738085146993,0.4932497589199614
0.0002267801173729822,0.49349083895853424
0.00022686908778268844,0.49373191899710706
0.00022719621483702213,0.49397299903567987
0.00022735765378456563,0.49421407907425263
0.0002276220329804346,0.49445515911282545
0.00022774981334805489,0.49469623915139826
0.00022780556173529476,0.4949373191899711
0.00022786819317843765,0.4951783992285439
0.0002279706677654758,0.49541947926711666
0.0002281272318214178,0.4956605593056895
0.00022827100474387407,0.4959016393442623
0.00022830729722045362,0.4961427193828351
0.00022869180247653276,0.4963837994214079
0.0002287784736836329,0.49662487945998074
0.00022889657702762634,0.4968659594985535
0.00022892181004863232,0.4971070395371263
0.00022896485461387783,0.49734811957569913
0.00022897640883456916,0.49758919961427195
0.00022909931431058794,0.49783027965284476
0.00022935360902920365,0.4980713596914175
0.00022935567540116608,0.49831243972999034
0.0002294678706675768,0.49855351976856316
0.0002295960148330778,0.498794599807136
0.00022994763276074082,0.4990356798457088
0.00023001617228146642,0.4992767598842816
0.00023011879238765687,0.49951783992285437
0.0002303981891600415,0.4997589199614272
0.0002304015215486288,0.5
0.0002304044464835897,0.5002410800385728
0.00023059458180796355,0.5004821600771456
0.00023069231247063726,0.5007232401157184
0.00023071462055668235,0.5009643201542913
0.00023090746253728867,0.5012054001928641
0.00023106879962142557,0.5014464802314368
0.00023117511591408402,0.5016875602700096
0.00023124356812331825,0.5019286403085824
0.00023127865279093385,0.5021697203471552
0.0002313669101567939,0.502410800385728
0.0002314345329068601,0.5026518804243009
0.000231494806939736,0.5028929604628737
0.00023157625400926918,0.5031340405014465
0.00023176896502263844,0.5033751205400193
0.00023176900867838413,0.5036162005785921
0.0002318483602721244,0.503857280617165
0.00023186125326901674,0.5040983606557377
0.00023242711904458702,0.5043394406943105
0.0002327627589693293,0.5045805207328833
0.00023278170556295663,0.5048216007714561
0.00023288627562578768,0.5050626808100289
0.00023315493308473378,0.5053037608486017
0.00023320401669479907,0.5055448408871746
0.0002334573946427554,0.5057859209257474
0.00023346477246377617,0.5060270009643202
0.0002335564640816301,0.506268081002893
0.00023356966266874224,0.5065091610414658
0.00023384499945677817,0.5067502410800385
0.00023409024288412184,0.5069913211186113
0.0002343738015042618,0.5072324011571842
0.00023447017883881927,0.507473481195757
0.00023450191656593233,0.5077145612343298
0.00023476021306123585,0.5079556412729026
0.00023511274775955826,0.5081967213114754
0.00023514607164543122,0.5084378013500482
0.00023526417498942465,0.508678881388621
0.00023537781089544296,0.5089199614271939
0.00023555375810246915,0.5091610414657667
0.00023559389228466898,0.5094021215043394
0.0002356711047468707,0.5096432015429122
0.00023569924815092236,0.509884281581485
0.0002357132179895416,0.5101253616200578
0.0002357611374463886,0.5103664416586307
0.00023578639957122505,0.5106075216972035
0.00023580937704537064,0.5108486017357763
0.0002358166966587305,0.5110896817743491
0.00023592013167217374,0.5113307618129219
0.0002363299863645807,0.5115718418514947
0.00023645631154067814,0.5118129218900676
0.00023663551837671548,0.5120540019286403
0.00023665161279495806,0.5122950819672131
0.0002369224384892732,0.5125361620057859
0.00023705851344857365,0.5127772420443587
0.00023715168936178088,0.5130183220829315
0.00023717335716355592,0.5132594021215043
0.00023749659885652363,0.5135004821600772
0.00023750356922391802,0.51374156219865
0.00023751257685944438,0.5139826422372228
0.00023752173001412302,0.5142237222757956
0.0002375220792600885,0.5144648023143684
0.00023766902450006455,0.5147058823529411
0.00023837514163460582,0.5149469623915139
0.00023850602156016976,0.5151880424300868
0.00023854699975345284,0.5154291224686596
0.00023871337180025876,0.5156702025072324
0.00023878083447925746,0.5159112825458052
0.00023882841924205422,0.516152362584378
0.00023883735411800444,0.5163934426229508
0.00023892948229331523,0.5166345226615237
0.0002392572205280885,0.5168756027000965
0.00023928949667606503,0.5171166827386693
0.00023948373564053327,0.517357762777242
0.00023975849035196006,0.5175988428158148
0.00023999430413823575,0.5178399228543876
0.00024027204199228436,0.5180810028929604
0.00024057603150140494,0.5183220829315333
0.0002405926788924262,0.5185631629701061
0.0002406521962257102,0.5188042430086789
0.0002408254804322496,0.5190453230472517
0.00024094014952424914,0.5192864030858245
0.00024138379376381636,0.5195274831243973
0.00024140112509485334,0.5197685631629702
0.00024168162781279534,0.5200096432015429
0.00024171384575311095,0.5202507232401157
0.00024185296206269413,0.5204918032786885
0.0002420352102490142,0.5207328833172613
0.00024205677618738264,0.5209739633558341
0.0002423581900075078,0.5212150433944069
0.00024240977654699236,0.5214561234329798
0.0002424325793981552,0.5216972034715526
0.00024252451839856803,0.5219382835101254
0.00024275867326650769,0.5221793635486982
0.00024281209334731102,0.522420443587271
0.0002429036539979279,0.5226615236258437
0.00024292664602398872,0.5229026036644165
0.0002433837071293965,0.5231436837029894
0.00024347986618522555,0.5233847637415622
0.00024385038705077022,0.523625843780135
0.00024390114413108677,0.5238669238187078
0.0002442312834318727,0.5241080038572806
0.0002442499389871955,0.5243490838958534
0.00024433681392110884,0.5245901639344263
0.0002443559351377189,0.5248312439729991
0.00024452887009829283,0.5250723240115719
0.0002446623402647674,0.5253134040501446
0.00024479860439896584,0.5255544840887174
0.0002448900486342609,0.5257955641272902
0.0002449915336910635,0.526036644165863
0.00024545053020119667,0.5262777242044359
0.0002455306239426136,0.5265188042430087
0.000245593604631722,0.5267598842815815
0.0002456706715747714,0.5270009643201543
0.0002457776863593608,0.5272420443587271
0.00024597818264737725,0.5274831243972999
0.00024605481303296983,0.5277242044358728
0.00024614541325718164,0.5279652844744455
0.00024618860334157944,0.5282063645130183
0.00024619122268632054,0.5284474445515911
0.00024630024563521147,0.5286885245901639
0.000246445182710886,0.5289296046287367
0.0002467648300807923,0.5291706846673095
0.0002469408209435642,0.5294117647058824
0.0002470292674843222,0.5296528447444552
0.00024714134633541107,0.529893924783028
0.00024721052614040673,0.5301350048216008
0.0002472821797709912,0.5303760848601736
0.00024752868921495974,0.5306171648987463
0.00024763651890680194,0.5308582449373191
0.00024804024724289775,0.531099324975892
0.00024814752396196127,0.5313404050144648
0.0002482249983586371,0.5315814850530376
0.00024823518469929695,0.5318225650916104
0.00024841606500558555,0.5320636451301832
0.00024860043777152896,0.532304725168756
0.00024863812723197043,0.5325458052073289
0.00024864485021680593,0.5327868852459017
0.00024867127649486065,0.5330279652844745
0.00024895110982470214,0.5332690453230472
0.00024909080821089447,0.53351012536162
0.00024925879552029073,0.5337512054001928
0.0002492849889677018,0.5339922854387656
0.0002494995133019984,0.5342333654773385
0.0002495210792403668,0.5344744455159113
0.0002496860106475651,0.5347155255544841
0.0002497884852346033,0.5349566055930569
0.00024981985916383564,0.5351976856316297
0.00024992457474581897,0.5354387656702025
0.00025021799956448376,0.5356798457087754
0.0002502965508028865,0.5359209257473481
0.00025050522526726127,0.5361620057859209
0.00025076151359826326,0.5364030858244937
0.0002508439065422863,0.5366441658630665
0.00025084736989811063,0.5368852459016393
0.0002508928591851145,0.5371263259402121
0.00025099562481045723,0.537367405978785
0.00025120089412666857,0.5376084860173578
0.00025138159980997443,0.5378495660559306
0.0002514541847631335,0.5380906460945034
0.00025150750298053026,0.5383317261330762
0.00025158689823001623,0.5385728061716489
0.000252127560088411,0.5388138862102217
0.00025234027998521924,0.5390549662487946
0.00025254834326915443,0.5392960462873674
0.00025260879192501307,0.5395371263259402
0.0002526240423321724,0.539778206364513
0.00025268594617955387,0.5400192864030858
0.0002528357144910842,0.5402603664416586
0.0002528426703065634,0.5405014464802315
0.00025301508139818907,0.5407425265188043
0.0002531241625547409,0.5409836065573771
0.00025357253616675735,0.5412246865959498
0.0002535926760174334,0.5414657666345226
0.0002538197149988264,0.5417068466730954
0.0002538670087233186,0.5419479267116682
0.000254033220699057,0.5421890067502411
0.0002541211142670363,0.5424300867888139
0.00025414960691705346,0.5426711668273867
0.0002542185829952359,0.5429122468659595
0.00025455188006162643,0.5431533269045323
0.0002547439362388104,0.5433944069431051
0.0002552522928453982,0.543635486981678
0.0002553220256231725,0.5438765670202508
0.00025566271506249905,0.5441176470588235
0.000255667109740898,0.5443587270973963
0.00025577418273314834,0.5445998071359691
0.0002557768893893808,0.5448408871745419
0.00025585308321751654,0.5450819672131147
0.0002562047739047557,0.5453230472516876
0.0002562051813583821,0.5455641272902604
0.00025629097945056856,0.5458052073288332
0.000256796512985602,0.546046287367406
0.0002569651696830988,0.5462873674059788
0.00025703548453748226,0.5465284474445516
0.00025719273253344,0.5467695274831244
0.0002573522215243429,0.5470106075216972
0.0002575064718257636,0.54725168756027
0.0002575068501755595,0.5474927675988428
0.000257544539636001,0.5477338476374156
0.00025760207790881395,0.5479749276759884
0.00025801287847571075,0.5482160077145612
0.00025807839119806886,0.5484570877531341
0.00025816328707151115,0.5486981677917069
0.00025820545852184296,0.5489392478302797
0.00025832216488197446,0.5491803278688525
0.000258451298577711,0.5494214079074252
0.00025845476193353534,0.549662487945998
0.0002585994661785662,0.5499035679845709
0.00025869824457913637,0.5501446480231437
0.0002587996714282781,0.5503857280617165
0.0002591299416963011,0.5506268081002893
0.0002591880620457232,0.5508678881388621
0.00025925878435373306,0.5511089681774349
0.0002593301178421825,0.5513500482160077
0.0002603502362035215,0.5515911282545806
0.00026041007367894053,0.5518322082931534
0.0002605767804197967,0.5520732883317261
0.0002606582420412451,0.5523143683702989
0.0002607024216558784,0.5525554484088717
0.0002607415081001818,0.5527965284474445
0.00026176703977398574,0.5530376084860174
0.0002618425933178514,0.5532786885245902
0.0002620530722197145,0.553519768563163
0.00026220406289212406,0.5537608486017358
0.00026220950530841947,0.5540019286403086
0.0002626798814162612,0.5542430086788814
0.0002628578804433346,0.5544840887174542
0.0002628880611155182,0.554725168756027
0.00026291992980986834,0.5549662487945998
0.00026300238096155226,0.5552073288331726
0.00026305392384529114,0.5554484088717454
0.0002630564558785409,0.5556894889103182
0.0002630622766446322,0.555930568948891
0.00026346801314502954,0.5561716489874639
0.0002635135897435248,0.5564127290260367
0.0002635512501001358,0.5566538090646095
0.0002636020944919437,0.5568948891031823
0.000264065369265154,0.5571359691417551
0.00026443699607625604,0.5573770491803278
0.00026449630968272686,0.5576181292189006
0.0002645877830218524,0.5578592092574735
0.0002647182554937899,0.5581002892960463
0.0002650627866387367,0.5583413693346191
0.00026523316046223044,0.5585824493731919
0.0002653111005201936,0.5588235294117647
0.000265315204160288,0.5590646094503375
0.0002654383424669504,0.5593056894889104
0.0002655642747413367,0.5595467695274832
0.00026559014804661274,0.559787849566056
0.0002657101722434163,0.5600289296046287
0.0002657476579770446,0.5602700096432015
0.0002660148311406374,0.5605110896817743
0.00026607851032167673,0.5607521697203471
0.00026607868494465947,0.56099324975892
0.00026609725318849087,0.5612343297974928
0.0002662419865373522,0.5614754098360656
0.0002662933839019388,0.5617164898746384
0.00026644967147149146,0.5619575699132112
0.0002665633801370859,0.562198649951784
0.00026659262948669493,0.5624397299903569
0.0002666215877979994,0.5626808100289296
0.0002668162633199245,0.5629218900675024
0.0002669140521902591,0.5631629701060752
0.00026736134896054864,0.563404050144648
0.00026743742637336254,0.5636451301832208
0.00026748215896077454,0.5638862102217936
0.0002675589348655194,0.5641272902603665
0.0002675643190741539,0.5643683702989393
0.0002679520403034985,0.5646094503375121
0.000267970870481804,0.5648505303760849
0.0002680086763575673,0.5650916104146577
0.0002680986071936786,0.5653326904532304
0.0002685505314730108,0.5655737704918032
0.0002688240783754736,0.5658148505303761
0.0002691855188459158,0.5660559305689489
0.0002695454459171742,0.5662970106075217
0.00026978374808095396,0.5665380906460945
0.0002699241740629077,0.5667791706846673
0.0002701229532249272,0.5670202507232401
0.00027019833214581013,0.567261330761813
0.000270373304374516,0.5675024108003858
0.0002704168437048793,0.5677434908389586
0.00027045985916629434,0.5679845708775313
0.0002704681537579745,0.5682256509161041
0.00027054548263549805,0.5684667309546769
0.0002705659717321396,0.5687078109932497
0.00027059149579145014,0.5689488910318226
0.0002706262457650155,0.5691899710703954
0.00027086836053058505,0.5694310511089682
0.0002709705731831491,0.569672131147541
0.0002711063134483993,0.5699132111861138
0.0002711430424824357,0.5701542912246866
0.0002712172281462699,0.5703953712632595
0.0002713538415264338,0.5706364513018322
0.0002714188303798437,0.570877531340405
0.00027148867957293987,0.5711186113789778
0.00027150704408995807,0.5713596914175506
0.00027161507750861347,0.5716007714561234
0.0002716304443310946,0.5718418514946962
0.0002718745090533048,0.5720829315332691
0.0002718991308938712,0.5723240115718419
0.00027211508131586015,0.5725650916104147
0.0002721225027926266,0.5728061716489875
0.00027219162438996136,0.5730472516875603
0.0002722865028772503,0.573288331726133
0.0002722943027038127,0.5735294117647058
0.000272305536782369,0.5737704918032787
0.0002723399957176298,0.5740115718418515
0.0002726673264987767,0.5742526518804243
0.00027310647419653833,0.5744937319189971
0.0002734005975071341,0.5747348119575699
0.0002735912858042866,0.5749758919961427
0.0002735978050623089,0.5752169720347156
0.0002736128808464855,0.5754580520732884
0.0002736773749347776,0.5756991321118612
0.0002739120973274112,0.5759402121504339
0.00027399222017265856,0.5761812921890067
0.00027414667420089245,0.5764223722275795
0.00027431335183791816,0.5766634522661523
0.0002744446392171085,0.5769045323047252
0.00027444769511930645,0.577145612343298
0.00027447662432678044,0.5773866923818708
0.0002744809025898576,0.5776277724204436
0.0002746746176853776,0.5778688524590164
0.00027477325056679547,0.5781099324975892
0.0002751269203145057,0.5783510125361621
0.00027537965797819197,0.5785920925747348
0.0002754212764557451,0.5788331726133076
0.000275544123724103,0.5790742526518804
0.00027558382134884596,0.5793153326904532
0.00027564686024561524,0.579556412729026
0.00027568856603465974,0.5797974927675988
0.0002760966890491545,0.5800385728061717
0.0002767523692455143,0.5802796528447445
0.000276765989838168,0.5805207328833173
0.00027676744502969086,0.5807618129218901
0.0002768249833025038,0.5810028929604629
0.0002771620638668537,0.5812439729990356
0.0002773298183456063,0.5814850530376084
0.0002774009481072426,0.5817261330761813
0.00027750644949264824,0.5819672131147541
0.0002776510955300182,0.5822082931533269
0.0002781889052130282,0.5824493731918997
0.00027823634445667267,0.5826904532304725
0.0002787741250358522,0.5829315332690453
0.00027888643671758473,0.5831726133076182
0.00027894420782104135,0.583413693346191
0.000279263302218169,0.5836547733847638
0.000279369909549132,0.5838958534233365
0.00027938559651374817,0.5841369334619093
0.0002795892651192844,0.5843780135004821
0.0002796551852952689,0.584619093539055
0.0002797853958327323,0.5848601735776278
0.0002800535876303911,0.5851012536162006
0.0002810055448208004,0.5853423336547734
0.0002813054888974875,0.5855834136933462
0.0002818860812112689,0.585824493731919
0.00028216425562277436,0.5860655737704918
0.00028239807579666376,0.5863066538090647
0.0002824400144163519,0.5865477338476374
0.00028251498588360846,0.5867888138862102
0.00028254970675334334,0.587029893924783
0.0002829497097991407,0.5872709739633558
0.0002835165068972856,0.5875120540019286
0.0002835415943991393,0.5877531340405014
0.0002838847867678851,0.5879942140790743
0.0002841802197508514,0.5882352941176471
0.0002841864188667387,0.5884763741562199
0.0002845904673449695,0.5887174541947927
0.0002847122959792614,0.5889585342333655
0.00028471770929172635,0.5891996142719382
0.00028474110877141356,0.589440694310511
0.00028475100407376885,0.5896817743490839
0.0002848818839993328,0.5899228543876567
0.0002850341552402824,0.5901639344262295
0.00028503997600637376,0.5904050144648023
0.00028511087293736637,0.5906460945033751
0.00028511384152807295,0.590887174541948
0.00028522120555862784,0.5911282545805208
0.0002853169571608305,0.5913693346190936
0.0002854088961612433,0.5916104146576664
0.00028562385705299675,0.5918514946962391
0.0002859045343939215,0.5920925747348119
0.00028614659095183015,0.5923336547733847
0.00028620584635064006,0.5925747348119575
0.00028626949642784894,0.5928158148505304
0.00028629423468373716,0.5930568948891032
0.00028658710652962327,0.593297974927676
0.00028712398489005864,0.5935390549662488
0.0002871316100936383,0.5937801350048216
0.0002873005869332701,0.5940212150433944
0.0002873468620236963,0.5942622950819673
0.0002876657235901803,0.59450337512054
0.00028794610989280045,0.5947444551591128
0.0002879755920730531,0.5949855351976856
0.00028811366064473987,0.5952266152362584
0.000288179173367098,0.5954676952748312
0.0002882695698644966,0.595708775313404
0.00028830196242779493,0.5959498553519769
0.00028876509168185294,0.5961909353905497
0.0002888579620048404,0.5964320154291225
0.0002889193710871041,0.5966730954676953
0.0002892838674597442,0.5969141755062681
0.00028934504371136427,0.5971552555448408
0.00028950668638572097,0.5973963355834137
0.0002898946695495397,0.5976374156219865
0.0002907142916228622,0.5978784956605593
0.00029077459475956857,0.5981195756991321
0.000291302683763206,0.5983606557377049
0.00029169724439270794,0.5986017357762777
0.000291768170427531,0.5988428158148505
0.0002920591796282679,0.5990838958534234
0.0002922468411270529,0.5993249758919962
0.00029228522907942533,0.599566055930569
0.0002923024003393948,0.5998071359691417
0.00029237972921691835,0.6000482160077145
0.00029241005540825427,0.6002892960462873
0.0002926417801063508,0.6005303760848602
0.0002927204768639058,0.600771456123433
0.0002927686145994812,0.6010125361620058
0.00029291058308444917,0.6012536162005786
0.0002931596536654979,0.6014946962391514
0.0002932170173153281,0.6017357762777242
0.0002933448413386941,0.601976856316297
0.0002934456861112267,0.6022179363548699
0.00029378748149611056,0.6024590163934426
0.00029401015490293503,0.6027000964320154
0.00029408192494884133,0.6029411764705882
0.0002946075692307204,0.603182256509161
0.00029462442034855485,0.6034233365477338
0.0002946325403172523,0.6036644165863067
0.00029465238912962377,0.6039054966248795
0.00029478472424671054,0.6041465766634523
0.00029479560907930136,0.6043876567020251
0.0002950362104456872,0.6046287367405979
0.0002950464258901775,0.6048698167791707
0.0002953756775241345,0.6051108968177434
0.00029552282649092376,0.6053519768563163
0.0002955831296276301,0.6055930568948891
0.0002956592943519354,0.6058341369334619
0.0002959515550173819,0.6060752169720347
0.00029609884950332344,0.6063162970106075
0.0002964850573334843,0.6065573770491803
0.0002967241161968559,0.6067984570877532
0.000297130347462371,0.607039537126326
0.00029744012863375247,0.6072806171648988
0.0002974824164994061,0.6075216972034716
0.0002976168179884553,0.6077627772420443
0.0002977769763674587,0.6080038572806171
0.00029797240858897567,0.6082449373191899
0.0002982571313623339,0.6084860173577628
0.0002983399317599833,0.6087270973963356
0.0002989076019730419,0.6089681774349084
0.00029935684869997203,0.6092092574734812
0.0002994891838170588,0.609450337512054
0.0002996155235450715,0.6096914175506268
0.0003001266741193831,0.6099324975891997
0.00030044050072319806,0.6101735776277725
0.00030051585054025054,0.6104146576663452
0.0003005236794706434,0.610655737704918
0.00030069801141507924,0.6108968177434908
0.0003009397187270224,0.6111378977820636
0.00030097446870058775,0.6113789778206364
0.00030099780997261405,0.6116200578592093
0.00030116798006929457,0.6118611378977821
0.00030143774347379804,0.6121022179363549
0.0003015453112311661,0.6123432979749277
0.00030203620553947985,0.6125843780135005
0.0003021866432391107,0.6128254580520733
0.0003024872567038983,0.613066538090646
0.00030249517294578254,0.6133076181292189
0.00030253338627517223,0.6135486981677917
0.00030272782896645367,0.6137897782063645
0.00030311450245790184,0.6140308582449373
0.0003031690139323473,0.6142719382835101
0.00030350463930517435,0.6145130183220829
0.0003036034177057445,0.6147540983606558
0.00030362396501004696,0.6149951783992286
0.000303661945508793,0.6152362584378014
0.00030381683609448373,0.6154773384763742
0.0003051149542443454,0.6157184185149469
0.0003054404223803431,0.6159594985535197
0.00030562729807570577,0.6162005785920925
0.0003059461887460202,0.6164416586306654
0.000306506990455091,0.6166827386692382
0.0003067867655772716,0.616923818707811
0.00030685230740346014,0.6171648987463838
0.00030701159266754985,0.6174059787849566
0.0003070735838264227,0.6176470588235294
0.0003074607811868191,0.6178881388621023
0.00030747574055567384,0.6181292189006751
0.00030777728534303606,0.6183702989392478
0.0003078033623751253,0.6186113789778206
0.0003084130585193634,0.6188524590163934
0.0003086606157012284,0.6190935390549662
0.00030903005972504616,0.619334619093539
0.0003090942627750337,0.6195756991321119
0.0003092338447459042,0.6198167791706847
0.00030957433045841753,0.6200578592092575
0.0003096104774158448,0.6202989392478303
0.00030961851007305086,0.6205400192864031
0.0003101066395174712,0.6207810993249759
0.0003101129550486803,0.6210221793635486
0.0003106306539848447,0.6212632594021215
0.00031072317506186664,0.6215043394406943
0.00031080807093530893,0.6217454194792671
0.0003109375247731805,0.6219864995178399
0.00031104727531783283,0.6222275795564127
0.00031119261984713376,0.6224686595949855
0.00031143715023063123,0.6227097396335584
0.00031151907751336694,0.6229508196721312
0.00031170150032266974,0.623191899710704
0.000311863434035331,0.6234329797492768
0.00031213878537528217,0.6236740597878495
0.0003123458882328123,0.6239151398264223
0.00031236300128512084,0.6241562198649951
0.0003124101203866303,0.624397299903568
0.0003124386421404779,0.6246383799421408
0.00031300418777391315,0.6248794599807136
0.00031318410765379667,0.6251205400192864
0.0003132602432742715,0.6253616200578592
0.00031329935882240534,0.625602700096432
0.00031338134431280196,0.6258437801350049
0.00031353661324828863,0.6260848601735777
0.00031378166750073433,0.6263259402121505
0.0003138483443763107,0.6265670202507232
0.0003143801586702466,0.626808100289296
0.0003151543205603957,0.6270491803278688
0.00031564204255118966,0.6272902603664416
0.00031579050119034946,0.6275313404050145
0.0003161237109452486,0.6277724204435873
0.00031614580075256526,0.6280135004821601
0.0003165218513458967,0.6282545805207329
0.0003171044518239796,0.6284956605593057
0.0003172039578203112,0.6287367405978785
0.0003173419099766761,0.6289778206364514
0.00031735285301692784,0.6292189006750241
0.00031742258579470217,0.6294599807135969
0.0003175664460286498,0.6297010607521697
0.0003180241910740733,0.6299421407907425
0.0003182697109878063,0.6301832208293153
0.00031862594187259674,0.6304243008678881
0.0003192219010088593,0.630665380906461
0.0003193941374775022,0.6309064609450338
0.0003194921591784805,0.6311475409836066
0.00031953383586369455,0.6313886210221794
0.000319636455969885,0.6316297010607522
0.000319899816531688,0.6318707810993249
0.0003201309882570058,0.6321118611378977
0.0003201336367055774,0.6323529411764706
0.00032021457445807755,0.6325940212150434
0.0003202408261131495,0.6328351012536162
0.0003203600354027003,0.633076181292189
0.000320452731102705,0.6333172613307618
0.00032088838634081185,0.6335583413693346
0.00032091717002913356,0.6337994214079075
0.00032118227682076395,0.6340405014464803
0.0003212799201719463,0.6342815814850531
0.00032152808853425086,0.6345226615236258
0.00032170244958251715,0.6347637415621986
0.0003220703511033207,0.6350048216007714
0.0003221911902073771,0.6352459016393442
0.0003229280700907111,0.6354869816779171
0.00032304422347806394,0.6357280617164899
0.0003233861643821001,0.6359691417550627
0.00032384629594162107,0.6362102217936355
0.0003239846264477819,0.6364513018322083
0.0003239931247662753,0.6366923818707811
0.0003240375954192132,0.636933461909354
0.0003244549734517932,0.6371745419479267
0.0003248266875743866,0.6374156219864995
0.0003254824841860682,0.6376567020250723
0.0003257763455621898,0.6378977820636451
0.00032584904693067074,0.6381388621022179
0.0003259706136304885,0.6383799421407907
0.00032626569736748934,0.6386210221793636
0.00032634506351314485,0.6388621022179364
0.00032635070965625346,0.6391031822565092
0.0003266166604589671,0.639344262295082
0.000326950685121119,0.6395853423336548
0.00032711465610191226,0.6398264223722275
0.00032728357473388314,0.6400675024108003
0.00032731200917623937,0.6403085824493732
0.00032761917100287974,0.640549662487946
0.00032799976179376245,0.6407907425265188
0.00032818017643876374,0.6410318225650916
0.0003285205166321248,0.6412729026036644
0.0003294169146101922,0.6415139826422372
0.0003295407223049551,0.6417550626808101
0.0003298040246590972,0.6419961427193829
0.0003301383985672146,0.6422372227579557
0.00033046436146833,0.6424783027965284
0.00033046863973140717,0.6427193828351012
0.0003309560415800661,0.642960462873674
0.0003310300235170871,0.6432015429122468
0.00033105502370744944,0.6434426229508197
0.0003314114874228835,0.6436837029893925
0.0003314837522339076,0.6439247830279653
0.0003318896924611181,0.6441658630665381
0.0003319414972793311,0.6444069431051109
0.0003321391704957932,0.6446480231436837
0.0003323964774608612,0.6448891031822566
0.000332515686750412,0.6451301832208293
0.0003329033497720957,0.6453712632594021
0.0003331637417431921,0.6456123432979749
0.00033353129401803017,0.6458534233365477
0.00033359936787746847,0.6460945033751205
0.0003337253292556852,0.6463355834136933
0.0003337556845508516,0.6465766634522662
0.00033434832585044205,0.646817743490839
0.0003346575249452144,0.6470588235294118
0.0003347721940372139,0.6472999035679846
0.0003347845049574971,0.6475409836065574
0.0003348149184603244,0.6477820636451301
0.00033498244010843337,0.648023143683703
0.000335452874423936,0.6482642237222758
0.0003354866639710963,0.6485053037608486
0.000336127559421584,0.6487463837994214
0.00033640838228166103,0.6489874638379942
0.0003367605386301875,0.649228543876567
0.00033697934122756124,0.6494696239151398
0.00033706543035805225,0.6497107039537127
0.00033709168201312423,0.6499517839922855
0.0003372698265593499,0.6501928640308583
0.0003372737264726311,0.650433944069431
0.00033755897311493754,0.6506750241080038
0.00033777483622543514,0.6509161041465766
0.00033794756745919585,0.6511571841851495
0.0003383042349014431,0.6513982642237223
0.00033834122586995363,0.6516393442622951
0.00033856069785542786,0.6518804243008679
0.0003385626769158989,0.6521215043394407
0.0003387315955478698,0.6523625843780135
0.00033876721863634884,0.6526036644165863
0.00033894999069161713,0.6528447444551592
0.00033922321745194495,0.6530858244937319
0.0003393039805814624,0.6533269045323047
0.0003393803199287504,0.6535679845708775
0.00033939932473003864,0.6538090646094503
0.00033947493648156524,0.6540501446480231
0.00033948911004699767,0.654291224686596
0.00033980183070525527,0.6545323047251688
0.0003406920877750963,0.6547733847637416
0.0003409764321986586,0.6550144648023144
0.00034107614192180336,0.6552555448408872
0.0003414241364225745,0.65549662487946
0.00034174963366240263,0.6557377049180327
0.00034205103293061256,0.6559787849566056
0.0003423335147090256,0.6562198649951784
0.00034267743467353284,0.6564609450337512
0.00034293613862246275,0.656702025072324
0.00034304038854315877,0.6569431051108968
0.0003432536032050848,0.6571841851494696
0.0003434237733017653,0.6574252651880425
0.00034372828667983413,0.6576663452266153
0.0003439240390434861,0.6579074252651881
0.0003440655709709972,0.6581485053037609
0.0003443859750404954,0.6583895853423336
0.00034457974834367633,0.6586306653809064
0.0003447951457928866,0.6588717454194792
0.0003448347852099687,0.659112825458052
0.0003448974166531116,0.6593539054966249
0.00034525428782217205,0.6595949855351977
0.0003458326100371778,0.6598360655737705
0.00034603418316692114,0.6600771456123433
0.0003460931475274265,0.6603182256509161
0.0003462781896814704,0.660559305689489
0.00034655758645385504,0.6608003857280618
0.0003468870709184557,0.6610414657666345
0.0003471858217380941,0.6612825458052073
0.0003477459540590644,0.6615236258437801
0.0003483353939373046,0.6617647058823529
0.00034921529004350305,0.6620057859209257
0.00034943450009450316,0.6622468659594986
0.0003494960837997496,0.6624879459980714
0.0003495484415907413,0.6627290260366442
0.0003495613345876336,0.662970106075217
0.0003497509751468897,0.6632111861137898
0.00034981060889549553,0.6634522661523626
0.00035061431117355824,0.6636933461909353
0.00035085741546936333,0.6639344262295082
0.0003509383532218635,0.664175506268081
0.0003515491262078285,0.6644165863066538
0.0003515915886964649,0.6646576663452266
0.0003516419674269855,0.6648987463837994
0.000351964496076107,0.6651398264223722
0.0003520245663821697,0.665380906460945
0.0003522386832628399,0.6656219864995179
0.00035227290936745703,0.6658630665380907
0.0003525306819938123,0.6661041465766635
0.0003525844949763268,0.6663452266152362
0.00035368656972423196,0.666586306653809
0.0003545146028045565,0.6668273866923818
0.0003545530780684203,0.6670684667309547
0.0003546376246958971,0.6673095467695275
0.0003548983368091285,0.6675506268081003
0.0003553475544322282,0.6677917068466731
0.0003555060247890651,0.6680327868852459
0.00035554077476263046,0.6682738669238187
0.0003557597810868174,0.6685149469623916
0.00035600358387455344,0.6687560270009644
0.00035610937629826367,0.6689971070395371
0.00035612363717518747,0.6692381870781099
0.0003562313795555383,0.6694792671166827
0.00035635201493278146,0.6697203471552555
0.0003565569350030273,0.6699614271938283
0.0003567103995010257,0.6702025072324012
0.0003574541478883475,0.670443587270974
0.00035783875500783324,0.6706846673095468
0.00035796730662696064,0.6709257473481196
0.00035801800549961627,0.6711668273866924
0.0003591138229239732,0.6714079074252652
0.00035914345062337816,0.6716489874638379
0.000359269353793934,0.6718900675024108
0.0003593881265260279,0.6721311475409836
0.0003594520385377109,0.6723722275795564
0.00035954901250079274,0.6726133076181292
0.0003595918242353946,0.672854387656702
0.00036031100898981094,0.6730954676952748
0.0003603362711146474,0.6733365477338477
0.00036044730222783983,0.6735776277724205
0.00036053123767487705,0.6738187078109933
0.00036073979572393,0.6740597878495661
0.00036091552465222776,0.6743008678881388
0.0003609241684898734,0.6745419479267116
0.0003609717241488397,0.6747830279652844
0.0003610667772591114,0.6750241080038573
0.00036144579644314945,0.6752651880424301
0.00036187292425893247,0.6755062680810029
0.0003619576746132225,0.6757473481195757
0.00036205517244525254,0.6759884281581485
0.00036239164182916284,0.6762295081967213
0.00036245331284590065,0.6764705882352942
0.0003632279403973371,0.676711668273867
0.0003632337902672589,0.6769527483124397
0.000363293249392882,0.6771938283510125
0.00036332092713564634,0.6774349083895853
0.0003634975873865187,0.6776759884281581
0.0003645369433797896,0.6779170684667309
0.000364561565220356,0.6781581485053038
0.00036487754550762475,0.6783992285438766
0.0003651299048215151,0.6786403085824494
0.0003654613101389259,0.6788813886210222
0.00036572469980455935,0.679122468659595
0.00036605383502319455,0.6793635486981678
0.00036609108792617917,0.6796046287367405
0.0003663076495286077,0.6798457087753134
0.00036676693707704544,0.6800867888138862
0.0003671316953841597,0.680327868852459
0.00036773833562619984,0.6805689488910318
0.00036785058910027146,0.6808100289296046
0.0003687206481117755,0.6810511089681774
0.00036898060352541506,0.6812921890067503
0.000369655987014994,0.6815332690453231
0.0003697622159961611,0.6817743490838959
0.0003702350950334221,0.6820154291224687
0.00037029036320745945,0.6822565091610414
0.000370322959497571,0.6824975891996142
0.0003704288392327726,0.682738669238187
0.0003704796836245805,0.6829797492767599
0.0003713964542839676,0.6832208293153327
0.0003715100756380707,0.6834619093539055
0.0003715410712175071,0.6837029893924783
0.00037196886842139065,0.6839440694310511
0.00037246482679620385,0.6841851494696239
0.0003727242583408952,0.6844262295081968
0.0003728248120751232,0.6846673095467696
0.00037290266482159495,0.6849083895853423
0.00037388544296845794,0.6851494696239151
0.00037425541086122394,0.6853905496624879
0.0003742980770766735,0.6856316297010607
0.00037533332942985,0.6858727097396335
0.00037536834133788943,0.6861137897782064
0.0003754959034267813,0.6863548698167792
0.00037556336610578,0.686595949855352
0.0003755777142941952,0.6868370298939248
0.00037561720819212496,0.6870781099324976
0.0003756349324248731,0.6873191899710704
0.0003757168888114393,0.6875602700096431
0.0003759090031962842,0.687801350048216
0.0003772481286432594,0.6880424300867888
0.00037751311901956797,0.6882835101253616
0.0003779698454309255,0.6885245901639344
0.0003780527040362358,0.6887656702025072
0.0003785966837313026,0.68900675024108
0.0003790300979744643,0.6892478302796529
0.0003798807447310537,0.6894889103182257
0.0003808189940173179,0.6897299903567985
0.00038137444062158465,0.6899710703953713
0.00038141151890158653,0.690212150433944
0.00038141931872814894,0.6904532304725168
0.00038179467082954943,0.6906943105110896
0.00038220614078454673,0.6909353905496625
0.000382636790163815,0.6911764705882353
0.0003835412790067494,0.6914175506268081
0.00038359686732292175,0.6916586306653809
0.00038376322481781244,0.6918997107039537
0.00038379523903131485,0.6921407907425265
0.00038391558337025344,0.6923818707810994
0.0003847453626804054,0.6926229508196722
0.0003855058166664094,0.6928640308582449
0.00038587633753195405,0.6931051108968177
0.0003862532030325383,0.6933461909353905
0.00038633428630419075,0.6935872709739633
0.00038665439933538437,0.6938283510125361
0.00038675914402119815,0.694069431051109
0.00038677037809975445,0.6943105110896818
0.0003867940977215767,0.6945515911282546
0.0003868450876325369,0.6947926711668274
0.00038704098551534116,0.6950337512054002
0.0003873114474117756,0.695274831243973
0.0003874311223626137,0.6955159112825458
0.00038743900950066745,0.6957569913211186
0.00038767108344472945,0.6959980713596914
0.00038782585761509836,0.6962391513982642
0.00038788869278505445,0.696480231436837
0.0003880648873746395,0.6967213114754098
0.00038902179221622646,0.6969623915139826
0.0003895850386470556,0.6972034715525555
0.0003898903087247163,0.6974445515911283
0.00039017293602228165,0.6976856316297011
0.0003902134485542774,0.6979267116682739
0.00039046359597705305,0.6981677917068466
0.0003905159537680447,0.6984088717454194
0.00039063525036908686,0.6986499517839923
0.00039097608532756567,0.6988910318225651
0.0003910830128006637,0.6991321118611379
0.0003910984087269753,0.6993731918997107
0.00039127262425608933,0.6996142719382835
0.0003915881970897317,0.6998553519768563
0.00039170277887023985,0.7000964320154291
0.0003920209128409624,0.700337512054002
0.00039252967690117657,0.7005785920925748
0.0003932996769435704,0.7008196721311475
0.00039456711965613067,0.7010607521697203
0.0003948186931665987,0.7013018322082931
0.00039497288526035845,0.7015429122468659
0.00039512256626039743,0.7017839922854388
0.00039515853859484196,0.7020250723240116
0.0003953551349695772,0.7022661523625844
0.00039537347038276494,0.7025072324011572
0.0003955601423513144,0.70274831243973
0.000395722861867398,0.7029893924783028
0.000395888346247375,0.7032304725168756
0.00039657193701714277,0.7034715525554484
0.0003968568053096533,0.7037126325940212
0.00039703043876215816,0.703953712632594
0.0003970357356593013,0.7041947926711668
0.0003970427787862718,0.7044358727097396
0.0003972640261054039,0.7046769527483124
0.00039749458665028214,0.7049180327868853
0.00039778323844075203,0.7051591128254581
0.0003980283217970282,0.7054001928640309
0.0003980557667091489,0.7056412729026037
0.0003981637128163129,0.7058823529411765
0.000398284406401217,0.7061234329797492
0.00039831484900787473,0.706364513018322
0.00039834814378991723,0.7066055930568949
0.00039894788642413914,0.7068466730954677
0.0003990203549619764,0.7070877531340405
0.00039910947089083493,0.7073288331726133
0.00039972906233742833,0.7075699132111861
0.00039990711957216263,0.7078109932497589
0.00040021390304900706,0.7080520732883318
0.0004002826754003763,0.7082931533269046
0.0004008387040812522,0.7085342333654774
0.00040117991738952696,0.7087753134040502
0.00040237908251583576,0.7090163934426229
0.0004025387461297214,0.7092574734811957
0.0004030487616546452,0.7094985535197685
0.00040336992242373526,0.7097396335583414
0.0004043077351525426,0.7099807135969142
0.0004049804119858891,0.710221793635487
0.0004053655138704926,0.7104628736740598
0.00040568385156802833,0.7107039537126326
0.0004059986677020788,0.7109450337512054
0.00040605952381156385,0.7111861137897783
0.0004072610754519701,0.7114271938283511
0.0004073530435562134,0.7116682738669238
0.00040776884998194873,0.7119093539054966
0.0004087502893526107,0.7121504339440694
0.0004087595734745264,0.7123915139826422
0.0004088390269316733,0.712632594021215
0.00040890296804718673,0.7128736740597879
0.0004092899907846004,0.7131147540983607
0.00041009351843968034,0.7133558341369335
0.00041035335743799806,0.7135969141755063
0.000410740845836699,0.7138379942140791
0.00041081791277974844,0.7140790742526519
0.0004108962311875075,0.7143201542912246
0.0004111242888029665,0.7145612343297975
0.0004117338394280523,0.7148023143683703
0.0004125208070036024,0.7150433944069431
0.00041272767703048885,0.7152844744455159
0.000412794848671183,0.7155255544840887
0.000412816705647856,0.7157666345226615
0.0004130464803893119,0.7160077145612344
0.0004132555623073131,0.7162487945998072
0.0004138336516916752,0.71648987463838
0.0004140696255490184,0.7167309546769528
0.0004140860983170569,0.7169720347155255
0.0004143222176935524,0.7172131147540983
0.0004143725673202425,0.7174541947926711
0.00041474567842669785,0.717695274831244
0.00041493200114928186,0.7179363548698168
0.00041521081584505737,0.7181774349083896
0.00041522967512719333,0.7184185149469624
0.00041562929982319474,0.7186595949855352
0.00041581771802157164,0.718900675024108
0.00041584865539334714,0.7191417550626809
0.00041630814666859806,0.7193828351012537
0.0004167112638242543,0.7196239151398264
0.00041671335930004716,0.7198649951783992
0.0004168457817286253,0.720106075216972
0.00041710070217959583,0.7203471552555448
0.0004174205823801458,0.7205882352941176
0.00041836348827928305,0.7208293153326905
0.00041838179458864033,0.7210703953712633
0.0004185624420642853,0.7213114754098361
0.00041884277015924454,0.7215525554484089
0.0004195790970697999,0.7217936354869817
0.00042009938624687493,0.7220347155255545
0.0004204783763270825,0.7222757955641272
0.0004209164180792868,0.7225168756027001
0.00042093140655197203,0.7227579556412729
0.0004210644692648202,0.7229990356798457
0.00042114569805562496,0.7232401157184185
0.00042207431397400796,0.7234811957569913
0.00042266747914254665,0.7237222757955641
0.00042331527220085263,0.723963355834137
0.00042339583160355687,0.7242044358727098
0.00042371448944322765,0.7244455159112826
0.00042391917668282986,0.7246865959498554
0.0004241180722601712,0.7249276759884281
0.0004242071881890297,0.7251687560270009
0.0004242447030264884,0.7254098360655737
0.0004242583818268031,0.7256509161041466
0.000424263474997133,0.7258919961427194
0.0004245070449542254,0.7261330761812922
0.0004245470918249339,0.726374156219865
0.00042533621308393776,0.7266152362584378
0.0004254915111232549,0.7268563162970106
0.0004260731511749327,0.7270973963355835
0.000426081387558952,0.7273384763741563
0.00042723683873191476,0.727579556412729
0.00042734804446808994,0.7278206364513018
0.0004275985702406615,0.7280617164898746
0.00042934337398037314,0.7283027965284474
0.0004297904670238495,0.7285438765670202
0.0004304292961023748,0.7287849566055931
0.000430983433034271,0.7290260366441659
0.0004309896903578192,0.7292671166827387
0.00043148972326889634,0.7295081967213115
0.0004317823040764779,0.7297492767598843
0.0004319583240430802,0.7299903567984571
0.00043207837734371424,0.7302314368370298
0.00043225320405326784,0.7304725168756027
0.0004323565517552197,0.7307135969141755
0.00043289209133945405,0.7309546769527483
0.00043293292401358485,0.7311957569913211
0.0004332871176302433,0.7314368370298939
0.00043349029147066176,0.7316779170684667
0.0004335594712756574,0.7319189971070396
0.0004336753918323666,0.7321600771456124
0.0004337597929406911,0.7324011571841852
0.0004347896610852331,0.732642237222758
0.0004350429808255285,0.7328833172613307
0.0004358188307378441,0.7331243972999035
0.00043607421685010195,0.7333654773384763
0.00043641767115332186,0.7336065573770492
0.00043654165347106755,0.733847637415622
0.00043672238825820386,0.7340887174541948
0.0004369131347630173,0.7343297974927676
0.00043740522232837975,0.7345708775313404
0.00043787312461063266,0.7348119575699132
0.0004389813984744251,0.7350530376084861
0.0004397184238769114,0.7352941176470589
0.00044029735727235675,0.7355351976856316
0.0004412282141856849,0.7357762777242044
0.00044161343248561025,0.7360173577627772
0.00044190307380631566,0.73625843780135
0.00044219926348887384,0.7364995178399228
0.00044260668801143765,0.7367405978784957
0.0004429573309607804,0.7369816779170685
0.00044326356146484613,0.7372227579556413
0.00044357316801324487,0.7374638379942141
0.0004440401098690927,0.7377049180327869
0.0004451464337762445,0.7379459980713597
0.00044603957212530077,0.7381870781099324
0.00044651911593973637,0.7384281581485053
0.0004465824749786407,0.7386692381870781
0.0004467828548513353,0.7389103182256509
0.00044693658128380775,0.7391513982642237
0.0004470839339774102,0.7393924783027965
0.0004478910705074668,0.7396335583413693
0.0004480237257666886,0.7398746383799422
0.0004481166834011674,0.740115718418515
0.0004485935205593705,0.7403567984570878
0.00044865912059322,0.7405978784956606
0.0004487442784011364,0.7408389585342333
0.0004487977712415159,0.7410800385728061
0.0004489629063755274,0.741321118611379
0.00044898747000843287,0.7415621986499518
0.00044923173845745623,0.7418032786885246
0.0004493367741815746,0.7420443587270974
0.000450308492872864,0.7422854387656702
0.000450650230050087,0.742526518804243
0.00045071137719787657,0.7427675988428158
0.00045101865543983877,0.7430086788813887
0.0004512488085310906,0.7432497589199615
0.0004524905816651881,0.7434908389585342
0.0004530703299678862,0.743731918997107
0.000453224522061646,0.7439729990356798
0.00045335793402045965,0.7442140790742526
0.00045434696949087083,0.7444551591128254
0.00045472889905795455,0.7446962391513983
0.00045473212958313525,0.7449373191899711
0.00045540518476627767,0.7451783992285439
0.00045662265620194376,0.7454194792671167
0.0004567147989291698,0.7456605593056895
0.0004568649746943265,0.7459016393442623
0.0004570047603920102,0.746142719382835
0.0004573014157358557,0.7463837994214079
0.00045757173211313784,0.7466248794599807
0.0004579625092446804,0.7468659594985535
0.0004587906296364963,0.7471070395371263
0.0004590621392708272,0.7473481195756991
0.00045955966925248504,0.747589199614272
0.00045968982158228755,0.7478302796528448
0.00046003464376553893,0.7480713596914176
0.0004606103175319731,0.7483124397299904
0.0004607400915119797,0.7485535197685632
0.00046091878903098404,0.7487945998071359
0.0004619755782186985,0.7490356798457087
0.0004624650755431503,0.7492767598842816
0.0004629124596249312,0.7495178399228544
0.000463106989627704,0.7497589199614272
0.0004632458440028131,0.75
0.00046331677003763616,0.7502410800385728
0.00046390958596020937,0.7504821600771456
0.0004644090076908469,0.7507232401157184
0.00046480863238684833,0.7509643201542913
0.00046481797471642494,0.7512054001928641
0.0004649128532037139,0.7514464802314368
0.0004655567754525691,0.7516875602700096
0.0004656944365706295,0.7519286403085824
0.00046626158291473985,0.7521697203471552
0.0004665759624913335,0.752410800385728
0.00046691246097907424,0.7526518804243009
0.0004669761983677745,0.7528929604628737
0.00046702034887857735,0.7531340405014465
0.00046757873496972024,0.7533751205400193
0.00046786112943664193,0.7536162005785921
0.0004680162528529763,0.753857280617165
0.00046807003673166037,0.7540983606557377
0.00046818802366033196,0.7543394406943105
0.0004685551975853741,0.7545805207328833
0.00046857018605805933,0.7548216007714561
0.0004686339816544205,0.7550626808100289
0.0004694848321378231,0.7553037608486017
0.00047020261990837753,0.7555448408871746
0.00047021106001921,0.7557859209257474
0.00047030142741277814,0.7560270009643202
0.00047069904394447803,0.756268081002893
0.0004707853659056127,0.7565091610414658
0.00047091598389670253,0.7567502410800385
0.0004711103392764926,0.7569913211186113
0.0004712299269158393,0.7572324011571842
0.0004733102105092257,0.757473481195757
0.0004736045084428042,0.7577145612343298
0.0004748391511384398,0.7579556412729026
0.00047528775758109987,0.7581967213114754
0.0004755159025080502,0.7584378013500482
0.00047574425116181374,0.758678881388621
0.0004760191368404776,0.7589199614271939
0.00047602932318113744,0.7591610414657667
0.00047651014756411314,0.7594021215043394
0.00047670488129369915,0.7596432015429122
0.0004768541839439422,0.759884281581485
0.000477055786177516,0.7601253616200578
0.00047919258940964937,0.7603664416586307
0.0004799340676981956,0.7606075216972035
0.0004804444033652544,0.7608486017357763
0.00048113823868334293,0.7610896817743491
0.0004811750550288707,0.7613307618129219
0.00048118529957719147,0.7615718418514947
0.00048122621956281364,0.7618129218900676
0.000481651775771752,0.7620540019286403
0.00048177814460359514,0.7622950819672131
0.00048189511289820075,0.7625361620057859
0.00048209313536062837,0.7627772420443587
0.0004826595541089773,0.7630183220829315
0.00048317445907741785,0.7632594021215043
0.00048344454262405634,0.7635004821600772
0.0004834919236600399,0.76374156219865
0.0004839017929043621,0.7639826422372228
0.0004842601774726063,0.7642237222757956
0.0004845746443606913,0.7644648023143684
0.00048516239621676505,0.7647058823529411
0.00048527156468480825,0.7649469623915139
0.00048541309661231935,0.7651880424300868
0.0004856052401009947,0.7654291224686596
0.00048618888831697404,0.7656702025072324
0.00048631776007823646,0.7659112825458052
0.00048634849372319877,0.766152362584378
0.0004881664935965091,0.7663934426229508
0.0004886634997092187,0.7666345226615237
0.0004887058748863637,0.7668756027000965
0.0004889016854576766,0.7671166827386693
0.0004890430136583745,0.767357762777242
0.000489991856738925,0.7675988428158148
0.0004901039064861834,0.7678399228543876
0.0004911439609713852,0.7680810028929604
0.0004918354097753763,0.7683220829315333
0.0004921854706481099,0.7685631629701061
0.0004924792447127402,0.7688042430086789
0.0004935266333632171,0.7690453230472517
0.0004935492761433125,0.7692864030858245
0.0004940787912346423,0.7695274831243973
0.0004947042907588184,0.7697685631629702
0.0004949808353558183,0.7700096432015429
0.0004952411982230842,0.7702507232401157
0.000495279033202678,0.7704918032786885
0.0004963415558449924,0.7707328833172613
0.0004963927203789353,0.7709739633558341
0.0004975150222890079,0.7712150433944069
0.0004979124059900641,0.7714561234329798
0.0004981461679562926,0.7716972034715526
0.0004987048450857401,0.7719382835101254
0.0004987108986824751,0.7721793635486982
0.000499035173561424,0.772420443587271
0.0005000251694582403,0.7726615236258437
0.0005002438556402922,0.7729026036644165
0.0005004437989555299,0.7731436837029894
0.000500669761095196,0.7733847637415622
0.0005015108617953956,0.773625843780135
0.0005019974778406322,0.7738669238187078
0.0005033588968217373,0.7741080038572806
0.000503610703162849,0.7743490838958534
0.0005036600632593036,0.7745901639344263
0.0005049040191806853,0.7748312439729991
0.000506542797666043,0.7750723240115719
0.0005075570079497993,0.7753134040501446
0.0005077848327346146,0.7755544840887174
0.0005083103897050023,0.7757955641272902
0.0005089993355795741,0.776036644165863
0.0005096286768093705,0.7762777242044359
0.0005097922985441983,0.7765188042430087
0.000510871410369873,0.7767598842815815
0.0005116495303809643,0.7770009643201543
0.0005133469821885228,0.7772420443587271
0.0005142790614627302,0.7774831243972999
0.0005143270827829838,0.7777242044358728
0.000514596002176404,0.7779652844744455
0.0005146368639543653,0.7782063645130183
0.0005152482772246003,0.7784474445515911
0.000516419589985162,0.7786885245901639
0.0005207118229009211,0.7789296046287367
0.0005207466892898083,0.7791706846673095
0.0005210391827858984,0.7794117647058824
0.0005222879117354751,0.7796528447444552
0.0005224878550507128,0.779893924783028
0.0005231261602602899,0.7801350048216008
0.0005232535186223686,0.7803760848601736
0.0005233968840911984,0.7806171648987463
0.0005236691795289516,0.7808582449373191
0.0005252618575468659,0.781099324975892
0.0005257318262010813,0.7813404050144648
0.0005257742595858872,0.7815814850530376
0.000526245275977999,0.7818225650916104
0.0005262835184112191,0.7820636451301832
0.000526873511262238,0.782304725168756
0.000527173571754247,0.7825458052073289
0.0005273503484204412,0.7827868852459017
0.0005274980212561786,0.7830279652844745
0.0005278937169350684,0.7832690453230472
0.0005284149665385485,0.78351012536162
0.0005290578701533377,0.7837512054001928
0.0005296966410242021,0.7839922854387656
0.0005297879688441753,0.7842333654773385
0.0005301782512106001,0.7844744455159113
0.000530501245521009,0.7847155255544841
0.0005317021277733147,0.7849566055930569
0.0005318086477927864,0.7851976856316297
0.0005338799674063921,0.7854387656702025
0.0005351300351321697,0.7856798457087754
0.0005356823676265776,0.7859209257473481
0.0005357592017389834,0.7861620057859209
0.0005359294009394944,0.7864030858244937
0.0005359443021006882,0.7866441658630665
0.000535974686499685,0.7868852459016393
0.0005370224243961275,0.7871263259402121
0.0005370497237890959,0.787367405978785
0.0005371584556996822,0.7876084860173578
0.0005372638697735965,0.7878495660559306
0.0005372929153963923,0.7880906460945034
0.0005383964162319899,0.7883317261330762
0.000539227039553225,0.7885728061716489
0.0005395532352849841,0.7888138862102217
0.0005397148197516799,0.7890549662487946
0.0005401952657848597,0.7892960462873674
0.0005402492242865264,0.7895371263259402
0.0005406092968769372,0.789778206364513
0.0005420505185611546,0.7900192864030858
0.0005441982648335397,0.7902603664416586
0.0005447845906019211,0.7905014464802315
0.0005451653269119561,0.7907425265188043
0.0005453116027638316,0.7909836065573771
0.0005464825080707669,0.7912246865959498
0.0005464894347824156,0.7914657666345226
0.0005467805312946439,0.7917068466730954
0.0005473291384987533,0.7919479267116682
0.000548951851669699,0.7921890067502411
0.0005505344015546143,0.7924300867888139
0.0005512571660801768,0.7926711668273867
0.0005515802185982466,0.7929122468659595
0.0005525734159164131,0.7931533269045323
0.0005530235939659178,0.7933944069431051
0.0005530447233468294,0.793635486981678
0.000553426390979439,0.7938765670202508
0.0005553415394388139,0.7941176470588235
0.0005554692470468581,0.7943587270973963
0.0005555562674999237,0.7945998071359691
0.000556079437956214,0.7948408871745419
0.0005566508625634015,0.7950819672131147
0.0005571671645157039,0.7953230472516876
0.0005575151299126446,0.7955641272902604
0.0005576419644057751,0.7958052073288332
0.0005587560008279979,0.796046287367406
0.0005591570516116917,0.7962873674059788
0.0005603847093880177,0.7965284474445516
0.0005606229533441365,0.7967695274831244
0.0005607809871435165,0.7970106075216972
0.0005610794760286808,0.79725168756027
0.0005613256944343448,0.7974927675988428
0.0005614317487925291,0.7977338476374156
0.0005616706912405789,0.7979749276759884
0.0005631326930597425,0.7982160077145612
0.0005639187875203788,0.7984570877531341
0.0005639994633384049,0.7986981677917069
0.0005642187315970659,0.7989392478302797
0.0005647040670737624,0.7991803278688525
0.0005653785774484277,0.7994214079074252
0.0005656557623296976,0.799662487945998
0.0005659169983118773,0.7999035679845709
0.0005680148024111986,0.8001446480231437
0.0005684879142791033,0.8003857280617165
0.0005690276739187539,0.8006268081002893
0.00057028146693483,0.8008678881388621
0.0005709741380997002,0.8011089681774349
0.0005718571483157575,0.8013500482160077
0.0005721374182030559,0.8015911282545806
0.0005726538365706801,0.8018322082931534
0.000573489407543093,0.8020732883317261
0.0005738413310609758,0.8023143683702989
0.0005738481995649636,0.8025554484088717
0.0005742490757256746,0.8027965284474445
0.0005743805086240172,0.8030376084860174
0.0005744621739722788,0.8032786885245902
0.0005748553667217493,0.803519768563163
0.000575372192543,0.8037608486017358
0.0005763457156717777,0.8040019286403086
0.000577805913053453,0.8042430086788814
0.0005786464898847044,0.8044840887174542
0.0005790960858576,0.804725168756027
0.000579394749365747,0.8049662487945998
0.0005796608165837824,0.8052073288331726
0.0005798652418889105,0.8054484088717454
0.0005801954539492726,0.8056894889103182
0.0005806023837067187,0.805930568948891
0.0005813969182781875,0.8061716489874639
0.0005826888373121619,0.8064127290260367
0.0005833397153764963,0.8066538090646095
0.000583975634071976,0.8068948891031823
0.0005840945523232222,0.8071359691417551
0.0005843984545208514,0.8073770491803278
0.0005847496213391423,0.8076181292189006
0.0005851293099112809,0.8078592092574735
0.0005853282054886222,0.8081002892960463
0.0005876510986126959,0.8083413693346191
0.0005880045937374234,0.8085824493731919
0.000588536262512207,0.8088235294117647
0.0005891958135180175,0.8090646094503375
0.0005892466870136559,0.8093056894889104
0.0005922317504882812,0.8095467695274832
0.00059287971816957,0.809787849566056
0.0005929215694777668,0.8100289296046287
0.000592944270465523,0.8102700096432015
0.0005933032371103764,0.8105110896817743
0.0005935867666266859,0.8107521697203471
0.0005944824661128223,0.81099324975892
0.0005964877200312912,0.8112343297974928
0.0005968493642285466,0.8114754098360656
0.0005971164209768176,0.8117164898746384
0.000600055034738034,0.8119575699132112
0.0006005894974805415,0.812198649951784
0.000600758648943156,0.8124397299903569
0.0006015484686940908,0.8126808100289296
0.0006040864973329008,0.8129218900675024
0.000604300235863775,0.8131629701060752
0.0006055542035028338,0.813404050144648
0.0006062069442123175,0.8136451301832208
0.0006064814515411854,0.8138862102217936
0.0006071951938793063,0.8141272902603665
0.0006073205731809139,0.8143683702989393
0.0006088752415962517,0.8146094503375121
0.0006088882219046354,0.8148505303760849
0.0006100392201915383,0.8150916104146577
0.0006102406186982989,0.8153326904532304
0.0006123021012172103,0.8155737704918032
0.0006129530956968665,0.8158148505303761
0.0006130204419605434,0.8160559305689489
0.0006130905821919441,0.8162970106075217
0.0006132434355095029,0.8165380906460945
0.0006133875576779246,0.8167791706846673
0.0006137690506875515,0.8170202507232401
0.0006141278427094221,0.817261330761813
0.0006162035861052573,0.8175024108003858
0.0006178845651447773,0.8177434908389586
0.0006183352088555694,0.8179845708775313
0.0006192779401317239,0.8182256509161041
0.0006195714813657105,0.8184667309546769
0.0006217763875611126,0.8187078109932497
0.000622004852630198,0.8189488910318226
0.000622221443336457,0.8191899710703954
0.0006223295349627733,0.8194310511089682
0.0006226483965292573,0.819672131147541
0.0006241837982088327,0.8199132111861138
0.0006241878727450967,0.8201542912246866
0.0006243774550966918,0.8203953712632595
0.0006250845035538077,0.8206364513018322
0.0006259806104935706,0.820877531340405
0.0006262479582801461,0.8211186113789778
0.0006270470912568271,0.8213596914175506
0.000627635046839714,0.8216007714561234
0.0006276909844018519,0.8218418514946962
0.0006291139288805425,0.8220829315332691
0.0006293808692134917,0.8223240115718419
0.0006293888436630368,0.8225650916104147
0.0006300278473645449,0.8228061716489875
0.0006300720851868391,0.8230472516875603
0.0006303817499428988,0.823288331726133
0.0006322644185274839,0.8235294117647058
0.0006322860717773438,0.8237704918032787
0.000636409386061132,0.8240115718418515
0.0006373931537382305,0.8242526518804243
0.0006386209279298782,0.8244937319189971
0.0006393286166712642,0.8247348119575699
0.0006412470247596502,0.8249758919961427
0.0006412932998500764,0.8252169720347156
0.0006426913314498961,0.8254580520732884
0.0006435660761781037,0.8256991321118612
0.0006454517715610564,0.8259402121504339
0.0006459096330218017,0.8261812921890067
0.0006460269214585423,0.8264223722275795
0.0006491445819847286,0.8266634522661523
0.0006505018682219088,0.8269045323047252
0.0006519591552205384,0.827145612343298
0.0006525342469103634,0.8273866923818708
0.0006526901270262897,0.8276277724204436
0.0006569870165549219,0.8278688524590164
0.00065751897636801,0.8281099324975892
0.0006577110616490245,0.8283510125361621
0.0006584469811059535,0.8285920925747348
0.0006601903005503118,0.8288331726133076
0.0006604590453207493,0.8290742526518804
0.0006616382743231952,0.8293153326904532
0.0006635483005084097,0.829556412729026
0.0006638261256739497,0.8297974927675988
0.0006638357881456614,0.8300385728061717
0.000664222170598805,0.8302796528447445
0.0006669402355328202,0.8305207328833173
0.0006669565918855369,0.8307618129218901
0.0006697322241961956,0.8310028929604629
0.0006706028943881392,0.8312439729990356
0.0006706249550916255,0.8314850530376084
0.000671404239255935,0.8317261330761813
0.000673984526656568,0.8319672131147541
0.000674546230584383,0.8322082931533269
0.0006746500148437917,0.8324493731918997
0.0006747429724782705,0.8326904532304725
0.0006751093897037208,0.8329315332690453
0.0006754939095117152,0.8331726133076182
0.0006757737137377262,0.833413693346191
0.000676485535223037,0.8336547733847638
0.0006767309387214482,0.8338958534233365
0.0006770467152819037,0.8341369334619093
0.000678462500218302,0.8343780135004821
0.0006797667592763901,0.834619093539055
0.0006798908580094576,0.8348601735776278
0.0006809927290305495,0.8351012536162006
0.0006810364429838955,0.8353423336547734
0.0006825458840467036,0.8355834136933462
0.0006831972277723253,0.835824493731919
0.0006837415276095271,0.8360655737704918
0.0006843329174444079,0.8363066538090647
0.0006844964809715748,0.8365477338476374
0.0006859733839519322,0.8367888138862102
0.0006888574571348727,0.837029893924783
0.0006904431502334774,0.8372709739633558
0.000691654218826443,0.8375120540019286
0.0006927571957930923,0.8377531340405014
0.0006932475953362882,0.8379942140790743
0.0006953504052944481,0.8382352941176471
0.0006977269076742232,0.8384763741562199
0.0007002940401434898,0.8387174541947927
0.0007004084181971848,0.8389585342333655
0.000701772456523031,0.8391996142719382
0.0007031743880361319,0.839440694310511
0.0007042721263132989,0.8396817743490839
0.0007053122390061617,0.8399228543876567
0.0007054612506181002,0.8401639344262295
0.0007058907067403197,0.8404050144648023
0.0007061233627609909,0.8406460945033751
0.0007065145764499903,0.840887174541948
0.0007088499260134995,0.8411282545805208
0.0007115025073289871,0.8413693346190936
0.0007125935517251492,0.8416104146576664
0.000713377958163619,0.8418514946962391
0.0007134843617677689,0.8420925747348119
0.0007143324473872781,0.8423336547733847
0.0007169228047132492,0.8425747348119575
0.0007169431773945689,0.8428158148505304
0.0007171167526394129,0.8430568948891032
0.0007187664159573615,0.843297974927676
0.0007201094995252788,0.8435390549662488
0.0007205211441032588,0.8437801350048216
0.0007237005047500134,0.8440212150433944
0.0007240419508889318,0.8442622950819673
0.0007251682691276073,0.84450337512054
0.0007254627998918295,0.8447444551591128
0.0007261480786837637,0.8449855351976856
0.0007268729386851192,0.8452266152362584
0.0007282522856257856,0.8454676952748312
0.0007286592153832316,0.845708775313404
0.0007287917542271316,0.8459498553519769
0.0007290929788723588,0.8461909353905497
0.0007308410131372511,0.8464320154291225
0.0007315996335819364,0.8466730954676953
0.0007323318859562278,0.8469141755062681
0.0007335000555031002,0.8471552555448408
0.0007342944736592472,0.8473963355834137
0.0007349163061007857,0.8476374156219865
0.0007377061992883682,0.8478784956605593
0.0007386848446913064,0.8481195756991321
0.0007390513201244175,0.8483606557377049
0.0007394190179184079,0.8486017357762777
0.0007404577336274087,0.8488428158148505
0.0007423217757605016,0.8490838958534234
0.0007429419201798737,0.8493249758919962
0.0007430287078022957,0.849566055930569
0.0007451683050021529,0.8498071359691417
0.0007462042267434299,0.8500482160077145
0.000746875477489084,0.8502892960462873
0.0007471928838640451,0.8505303760848602
0.0007480617496185005,0.850771456123433
0.0007491350988857448,0.8510125361620058
0.0007509321440011263,0.8512536162005786
0.0007534966571256518,0.8514946962391514
0.0007541351951658726,0.8517357762777242
0.000754759123083204,0.851976856316297
0.0007555974298156798,0.8522179363548699
0.0007580351666547358,0.8524590163934426
0.0007580566452816129,0.8527000964320154
0.0007591801695525646,0.8529411764705882
0.000760624126996845,0.853182256509161
0.0007620897958986461,0.8534233365477338
0.0007637976086698472,0.8536644165863067
0.0007646876620128751,0.8539054966248795
0.0007657671230845153,0.8541465766634523
0.0007663344731554389,0.8543876567020251
0.0007678544498048723,0.8546287367405979
0.000770875602029264,0.8548698167791707
0.000770999351516366,0.8551108968177434
0.0007717832922935486,0.8553519768563163
0.0007733574602752924,0.8555930568948891
0.0007740924484096467,0.8558341369334619
0.0007759970612823963,0.8560752169720347
0.0007793831755407155,0.8563162970106075
0.0007833403651602566,0.8565573770491803
0.0007857658783905208,0.8567984570877532
0.0007873163558542728,0.857039537126326
0.0007875461596995592,0.8572806171648988
0.0007886989624239504,0.8575216972034716
0.0007895648595876992,0.8577627772420443
0.0007918518385849893,0.8580038572806171
0.0007924115634523332,0.8582449373191899
0.0007931657019071281,0.8584860173577628
0.0007953167660161853,0.8587270973963356
0.0007968421559780836,0.8589681774349084
0.0008001835667528212,0.8592092574734812
0.0008103484287858009,0.859450337512054
0.0008125568274408579,0.8596914175506268
0.000813478953205049,0.8599324975891997
0.0008146322215907276,0.8601735776277725
0.0008148521883413196,0.8604146576663452
0.0008150506764650345,0.860655737704918
0.0008169407956302166,0.8608968177434908
0.0008175807888619602,0.8611378977820636
0.0008192216628231108,0.8613789778206364
0.0008219853043556213,0.8616200578592093
0.0008228816441260278,0.8618611378977821
0.0008254048880189657,0.8621022179363549
0.000826873816549778,0.8623432979749277
0.0008290567202493548,0.8625843780135005
0.0008339037303812802,0.8628254580520733
0.0008347058319486678,0.863066538090646
0.0008350441348738968,0.8633076181292189
0.00083648890722543,0.8635486981677917
0.0008415639749728143,0.8637897782063645
0.0008415798656642437,0.8640308582449373
0.0008439027587883174,0.8642719382835101
0.0008471778710372746,0.8645130183220829
0.000848693773150444,0.8647540983606558
0.0008513603243045509,0.8649951783992286
0.0008526265155524015,0.8652362584378014
0.0008554360829293728,0.8654773384763742
0.0008554891683161259,0.8657184185149469
0.0008566174656152725,0.8659594985535197
0.0008579415734857321,0.8662005785920925
0.0008600480505265296,0.8664416586306654
0.0008600830333307385,0.8666827386692382
0.000861310982145369,0.866923818707811
0.0008634910918772221,0.8671648987463838
0.0008635964477434754,0.8674059787849566
0.0008760837954469025,0.8676470588235294
0.0008771444554440677,0.8678881388621023
0.000878252787515521,0.8681292189006751
0.0008794284076429904,0.8683702989392478
0.0008808706770651042,0.8686113789778206
0.0008836633642204106,0.8688524590163934
0.0008845837437547743,0.8690935390549662
0.0008867306169122458,0.869334619093539
0.0008872457547113299,0.8695756991321119
0.0008872673497535288,0.8698167791706847
0.0008885366260074079,0.8700578592092575
0.0008895842474885285,0.8702989392478303
0.0008906977600418031,0.8705400192864031
0.00089214276522398,0.8707810993249759
0.0008949050679802895,0.8710221793635486
0.000896812416613102,0.8712632594021215
0.0008990664500743151,0.8715043394406943
0.0009021420846693218,0.8717454194792671
0.000902725150808692,0.8719864995178399
0.0009030901128426194,0.8722275795564127
0.0009037134004756808,0.8724686595949855
0.0009060502052307129,0.8727097396335584
0.0009065424674190581,0.8729508196721312
0.0009069226216524839,0.873191899710704
0.0009074450354091823,0.8734329797492768
0.000911852577701211,0.8736740597878495
0.0009145400254055858,0.8739151398264223
0.0009147865348495543,0.8741562198649951
0.0009155839798040688,0.874397299903568
0.0009181394125334918,0.8746383799421408
0.0009194411104544997,0.8748794599807136
0.000922523089684546,0.8751205400192864
0.0009255606564693153,0.8753616200578592
0.0009275563643313944,0.875602700096432
0.0009281913517042994,0.8758437801350049
0.0009285745909437537,0.8760848601735777
0.0009291864698752761,0.8763259402121505
0.0009308462031185627,0.8765670202507232
0.0009359153336845338,0.876808100289296
0.0009385938756167889,0.8770491803278688
0.0009399803238920867,0.8772902603664416
0.0009423919254913926,0.8775313404050145
0.0009445306495763361,0.8777724204435873
0.0009463977185077965,0.8780135004821601
0.0009470760705880821,0.8782545805207329
0.000947206630371511,0.8784956605593057
0.0009495164849795401,0.8787367405978785
0.0009563142666593194,0.8789778206364514
0.0009568819077685475,0.8792189006750241
0.0009620767086744308,0.8794599807135969
0.00096210150513798,0.8797010607521697
0.0009625031962059438,0.8799421407907425
0.0009660115465521812,0.8801832208293153
0.0009717215434648097,0.8804243008678881
0.0009718974470160902,0.880665380906461
0.0009732316830195487,0.8809064609450338
0.0009739486849866807,0.8811475409836066
0.0009762977715581656,0.8813886210221794
0.0009772339835762978,0.8816297010607522
0.0009781093103811145,0.8818707810993249
0.0009795349324122071,0.8821118611378977
0.000980757875367999,0.8823529411764706
0.0009827218018472195,0.8825940212150434
0.0009837406687438488,0.8828351012536162
0.0009857910918071866,0.883076181292189
0.0009874411625787616,0.8833172613307618
0.000989549676887691,0.8835583413693346
0.0009947745129466057,0.8837994214079075
0.0009951046667993069,0.8840405014464803
0.0009971631225198507,0.8842815814850531
0.0009972932748496532,0.8845226615236258
0.0009973174892365932,0.8847637415621986
0.0009976017754524946,0.8850048216007714
0.0009983446216210723,0.8852459016393442
0.0010002452181652188,0.8854869816779171
0.0010027128737419844,0.8857280617164899
0.0010039150947704911,0.8859691417550627
0.0010084440000355244,0.8862102217936355
0.001010468346066773,0.8864513018322083
0.0010148822329938412,0.8866923818707811
0.0010183424456045032,0.886933461909354
0.0010220871772617102,0.8871745419479267
0.0010233360808342695,0.8874156219864995
0.0010253567015752196,0.8876567020250723
0.0010257527465000749,0.8878977820636451
0.0010263428557664156,0.8881388621022179
0.0010270402999594808,0.8883799421407907
0.0010321814334020019,0.8886210221793636
0.0010355309350416064,0.8888621022179364
0.0010420330800116062,0.8891031822565092
0.0010453229770064354,0.889344262295082
0.0010486869141459465,0.8895853423336548
0.0010494425659999251,0.8898264223722275
0.001049628364853561,0.8900675024108003
0.0010567008284851909,0.8903085824493732
0.001065809396095574,0.890549662487946
0.0010683618020266294,0.8907907425265188
0.0010697998804971576,0.8910318225650916
0.0010728768538683653,0.8912729026036644
0.0010747270425781608,0.8915139826422372
0.0010808532824739814,0.8917550626808101
0.0010833712294697762,0.8919961427193829
0.0010834840359166265,0.8922372227579557
0.0010850820690393448,0.8924783027965284
0.0010856697335839272,0.8927193828351012
0.001086812699213624,0.892960462873674
0.00109136663377285,0.8932015429122468
0.0010923377703875303,0.8934426229508197
0.0010925307869911194,0.8936837029893925
0.0010951269650831819,0.8939247830279653
0.0010959309292957187,0.8941658630665381
0.0010997526114806533,0.8944069431051109
0.0011036657961085439,0.8946480231436837
0.001105248462408781,0.8948891031822566
0.0011068438179790974,0.8951301832208293
0.0011069878237321973,0.8953712632594021
0.0011134163942188025,0.8956123432979749
0.0011144609889015555,0.8958534233365477
0.0011150254867970943,0.8960945033751205
0.0011156200198456645,0.8963355834136933
0.001116827130317688,0.8965766634522662
0.001119965803809464,0.896817743490839
0.0011231080861762166,0.8970588235294118
0.0011319515760987997,0.8972999035679846
0.0011334177106618881,0.8975409836065574
0.0011419258080422878,0.8977820636451301
0.0011472556507214904,0.898023143683703
0.0011475762585178018,0.8982642237222758
0.001149951945990324,0.8985053037608486
0.0011583613231778145,0.8987463837994214
0.00116220663767308,0.8989874638379942
0.0011623569298535585,0.899228543876567
0.0011625088518485427,0.8994696239151398
0.0011652938555926085,0.8997107039537127
0.0011675548739731312,0.8999517839922855
0.0011731638805940747,0.9001928640308583
0.0011767129180952907,0.900433944069431
0.0011781384237110615,0.9006750241080038
0.0011790662538260221,0.9009161041465766
0.0011846103006973863,0.9011571841851495
0.0011861274251714349,0.9013982642237223
0.0011896893847733736,0.9016393442622951
0.0011903869453817606,0.9018804243008679
0.0011908583110198379,0.9021215043394407
0.0011947473976761103,0.9023625843780135
0.001205064239911735,0.9026036644165863
0.0012097599683329463,0.9028447444551592
0.0012101482134312391,0.9030858244937319
0.0012106142239645123,0.9033269045323047
0.0012107905931770802,0.9035679845708775
0.0012133307754993439,0.9038090646094503
0.001215647323988378,0.9040501446480231
0.001220852485857904,0.904291224686596
0.001221617916598916,0.9045323047251688
0.0012219538912177086,0.9047733847637416
0.0012257419293746352,0.9050144648023144
0.001226515625603497,0.9052555448408872
0.0012291959719732404,0.90549662487946
0.00124529586173594,0.9057377049180327
0.0012492452515289187,0.9059787849566056
0.001258708885870874,0.9062198649951784
0.0012591038830578327,0.9064609450337512
0.001263120793737471,0.906702025072324
0.0012636762112379074,0.9069431051108968
0.0012654820457100868,0.9071841851494696
0.0012658860068768263,0.9074252651880425
0.0012737055076286197,0.9076663452266153
0.0012769241584464908,0.9079074252651881
0.0012771917972713709,0.9081485053037609
0.0012773965718224645,0.9083895853423336
0.0012796480441465974,0.9086306653809064
0.0012805942678824067,0.9088717454194792
0.0012806074228137732,0.909112825458052
0.0012845360906794667,0.9093539054966249
0.001286469865590334,0.9095949855351977
0.001291733467951417,0.9098360655737705
0.001292109489440918,0.9100771456123433
0.0012922331225126982,0.9103182256509161
0.0013074843445792794,0.910559305689489
0.0013102099765092134,0.9108003857280618
0.0013236642116680741,0.9110414657666345
0.0013319208519533277,0.9112825458052073
0.0013416196452453732,0.9115236258437801
0.0013477865140885115,0.9117647058823529
0.001348309451714158,0.9120057859209257
0.001349900965578854,0.9122468659594986
0.001355105428956449,0.9124879459980714
0.0013558591017499566,0.9127290260366442
0.0013582904357463121,0.912970106075217
0.001362925278954208,0.9132111861137898
0.0013632081681862473,0.9134522661523626
0.0013739886926487088,0.9136933461909353
0.00137458520475775,0.9139344262295082
0.001375243766233325,0.914175506268081
0.0013759118737652898,0.9144165863066538
0.0013799851294606924,0.9146576663452266
0.0013810239033773541,0.9148987463837994
0.0013947983970865607,0.9151398264223722
0.001396682346239686,0.915380906460945
0.0013969683786854148,0.9156219864995179
0.0014023205731064081,0.9158630665380907
0.0014075218932703137,0.9161041465766635
0.001417975639924407,0.9163452266152362
0.0014195720432326198,0.916586306653809
0.0014289654791355133,0.9168273866923818
0.0014321926282718778,0.9170684667309547
0.0014331558486446738,0.9173095467695275
0.0014346943935379386,0.9175506268081003
0.0014372802106663585,0.9177917068466731
0.0014396936167031527,0.9180327868852459
0.0014399815117940307,0.9182738669238187
0.001455392804928124,0.9185149469623916
0.001463543507270515,0.9187560270009644
0.001463803113438189,0.9189971070395371
0.0014676303835585713,0.9192381870781099
0.0014803851954638958,0.9194792671166827
0.00148097169585526,0.9197203471552555
0.0014824379468336701,0.9199614271938283
0.0014830223517492414,0.9202025072324012
0.001486827153712511,0.920443587270974
0.0015005110763013363,0.9206846673095468
0.0015043745515868068,0.9209257473481196
0.0015053233364596963,0.9211668273866924
0.0015234313905239105,0.9214079074252652
0.001534595270641148,0.9216489874638379
0.0015390906482934952,0.9218900675024108
0.0015431459760293365,0.9221311475409836
0.0015449909260496497,0.9223722275795564
0.0015463843010365963,0.9226133076181292
0.0015537418657913804,0.922854387656702
0.0015603179344907403,0.9230954676952748
0.001577087678015232,0.9233365477338477
0.0015797960804775357,0.9235776277724205
0.001581205171532929,0.9238187078109933
0.0016019671456888318,0.9240597878495661
0.0016047683311626315,0.9243008678881388
0.001616469118744135,0.9245419479267116
0.001624026452191174,0.9247830279652844
0.0016390184173360467,0.9250241080038573
0.001641624141484499,0.9252651880424301
0.001644885865971446,0.9255062680810029
0.0016468219691887498,0.9257473481195757
0.001652014092542231,0.9259884281581485
0.001665004645474255,0.9262295081967213
0.0016668366733938456,0.9264705882352942
0.0016706024762243032,0.926711668273867
0.0016722246073186398,0.9269527483124397
0.0016756257973611355,0.9271938283510125
0.0016812215326353908,0.9274349083895853
0.0016982152592390776,0.9276759884281581
0.0016992200398817658,0.9279170684667309
0.001700063468888402,0.9281581485053038
0.0017082811100408435,0.9283992285438766
0.0017087681917473674,0.9286403085824494
0.0017097924137488008,0.9288813886210222
0.0017126350430771708,0.929122468659595
0.0017195561667904258,0.9293635486981678
0.0017197405686601996,0.9296046287367405
0.0017207703785970807,0.9298457087753134
0.0017294908175244927,0.9300867888138862
0.001732909120619297,0.930327868852459
0.0017369239358231425,0.9305689488910318
0.0017490193713456392,0.9308100289296046
0.0017554067308083177,0.9310511089681774
0.0017616967670619488,0.9312921890067503
0.001764732296578586,0.9315332690453231
0.0017710572574287653,0.9317743490838959
0.0017715056892484426,0.9320154291224687
0.001776806777343154,0.9322565091610414
0.0017890057060867548,0.9324975891996142
0.0018155950820073485,0.932738669238187
0.00183729431591928,0.9329797492767599
0.0018414234509691596,0.9332208293153327
0.0018480990547686815,0.9334619093539055
0.001852058107033372,0.9337029893924783
0.0018635961459949613,0.9339440694310511
0.0018945265328511596,0.9341851494696239
0.0019032530253753066,0.9344262295081968
0.001904016942717135,0.9346673095467696
0.001905968994833529,0.9349083895853423
0.0019062007777392864,0.9351494696239151
0.0019171620951965451,0.9353905496624879
0.0019302271539345384,0.9356316297010607
0.0019399264128878713,0.9358727097396335
0.0019467438105493784,0.9361137897782064
0.001957650063559413,0.9363548698167792
0.001957650762051344,0.936595949855352
0.0019599893130362034,0.9368370298939248
0.001960363471880555,0.9370781099324976
0.001969014760106802,0.9373191899710704
0.0019693211652338505,0.9375602700096431
0.001975060673430562,0.937801350048216
0.001979948254302144,0.9380424300867888
0.001986263319849968,0.9382835101253616
0.0019914957229048014,0.9385245901639344
0.002003203611820936,0.9387656702025072
0.002017526188865304,0.93900675024108
0.00203713309019804,0.9392478302796529
0.002038900274783373,0.9394889103182257
0.0020476311910897493,0.9397299903567985
0.0020492817275226116,0.9399710703953713
0.002049874048680067,0.940212150433944
0.0020582289434969425,0.9404532304725168
0.002059139544144273,0.9406943105110896
0.0020641826558858156,0.9409353905496625
0.002083023777231574,0.9411764705882353
0.0020838964264839888,0.9414175506268081
0.0020846007391810417,0.9416586306653809
0.002085186308249831,0.9418997107039537
0.00209111999720335,0.9421407907425265
0.0021397536620497704,0.9423818707810994
0.002141892211511731,0.9426229508196722
0.002142079174518585,0.9428640308582449
0.0021472175139933825,0.9431051108968177
0.002147996099665761,0.9433461909353905
0.0021510927472263575,0.9435872709739633
0.002154167043045163,0.9438283510125361
0.0021550925448536873,0.944069431051109
0.0021601496264338493,0.9443105110896818
0.0021665922831743956,0.9445515911282546
0.0021745064295828342,0.9447926711668274
0.0021993634290993214,0.9450337512054002
0.0022239091340452433,0.945274831243973
0.0022377532441169024,0.9455159112825458
0.0022559859789907932,0.9457569913211186
0.002258509397506714,0.9459980713596914
0.0022681199479848146,0.9462391513982642
0.002269742311909795,0.946480231436837
0.0022934344597160816,0.9467213114754098
0.0023109042085707188,0.9469623915139826
0.0023257967550307512,0.9472034715525555
0.0023292142432183027,0.9474445515911283
0.0023353255819529295,0.9476856316297011
0.002341729123145342,0.9479267116682739
0.0023458104114979506,0.9481677917068466
0.0023546090815216303,0.9484088717454194
0.0023929723538458347,0.9486499517839923
0.0023946359287947416,0.9488910318225651
0.002394841518253088,0.9491321118611379
0.0024105601478368044,0.9493731918997107
0.0024116733111441135,0.9496142719382835
0.002411870751529932,0.9498553519768563
0.002438948955386877,0.9500964320154291
0.002444489160552621,0.950337512054002
0.0024489271454513073,0.9505785920925748
0.0024533006362617016,0.9508196721311475
0.002455968176946044,0.9510607521697203
0.002457803813740611,0.9513018322082931
0.0024722921662032604,0.9515429122468659
0.00247649266384542,0.9517839922854388
0.0024879053235054016,0.9520250723240116
0.0024902999866753817,0.9522661523625844
0.0025292125064879656,0.9525072324011572
0.0025374675169587135,0.95274831243973
0.00256800907664001,0.9529893924783028
0.002590431831777096,0.9532304725168756
0.002608279697597027,0.9534715525554484
0.0027115929406136274,0.9537126325940212
0.002713149879127741,0.953953712632594
0.0027466111350804567,0.9541947926711668
0.0027624231297522783,0.9544358727097396
0.002788618439808488,0.9546769527483124
0.0028105482924729586,0.9549180327868853
0.002842401387169957,0.9551591128254581
0.0028448791708797216,0.9554001928640309
0.002861757529899478,0.9556412729026037
0.0028628893196582794,0.9558823529411765
0.0028827593196183443,0.9561234329797492
0.0028833698015660048,0.956364513018322
0.002890803851187229,0.9566055930568949
0.0029485230334103107,0.9568466730954677
0.0029520250391215086,0.9570877531340405
0.0029574111104011536,0.9573288331726133
0.0029632963705807924,0.9575699132111861
0.002966855186969042,0.9578109932497589
0.002969295484945178,0.9580520732883318
0.002996377181261778,0.9582931533269046
0.003013393608853221,0.9585342333654774
0.0030384515412151814,0.9587753134040502
0.0030500402208417654,0.9590163934426229
0.003093006322160363,0.9592574734811957
0.0031341365538537502,0.9594985535197685
0.0031454740092158318,0.9597396335583414
0.003146017901599407,0.9599807135969142
0.003161648754030466,0.960221793635487
0.0031698972452431917,0.9604628736740598
0.0031962816137820482,0.9607039537126326
0.003211119445040822,0.9609450337512054
0.0032203125301748514,0.9611861137897783
0.0032269146759063005,0.9614271938283511
0.003256584284827113,0.9616682738669238
0.0032615037634968758,0.9619093539054966
0.0032903447281569242,0.9621504339440694
0.003316683229058981,0.9623915139826422
0.003338961396366358,0.962632594021215
0.003356154775246978,0.9628736740597879
0.003357981564477086,0.9631147540983607
0.003362571122124791,0.9633558341369335
0.0033655681181699038,0.9635969141755063
0.0034629637375473976,0.9638379942140791
0.0034812609665095806,0.9640790742526519
0.0034877443686127663,0.9643201542912246
0.0035262973979115486,0.9645612343297975
0.003529809881001711,0.9648023143683703
0.003552091773599386,0.9650433944069431
0.003569765482097864,0.9652844744455159
0.0036059613339602947,0.9655255544840887
0.0036164612974971533,0.9657666345226615
0.0036457341630011797,0.9660077145612344
0.0036577621940523386,0.9662487945998072
0.003794061951339245,0.96648987463838
0.00387784861959517,0.9667309546769528
0.003893582383170724,0.9669720347155255
0.003957922104746103,0.9672131147540983
0.004012787248939276,0.9674541947926711
0.004019217099994421,0.967695274831244
0.004025772213935852,0.9679363548698168
0.0040288567543029785,0.9681774349083896
0.004058268386870623,0.9684185149469624
0.004069111309945583,0.9686595949855352
0.004089246038347483,0.968900675024108
0.0040937853045761585,0.9691417550626809
0.004105287604033947,0.9693828351012537
0.004150430206209421,0.9696239151398264
0.004172428045421839,0.9698649951783992
0.004194220528006554,0.970106075216972
0.00419609434902668,0.9703471552555448
0.004217309877276421,0.9705882352941176
0.0042885951697826385,0.9708293153326905
0.004363443236798048,0.9710703953712633
0.004383271560072899,0.9713114754098361
0.004426318686455488,0.9715525554484089
0.004431580193340778,0.9717936354869817
0.004447744693607092,0.9720347155255545
0.004460868891328573,0.9722757955641272
0.004487217869609594,0.9725168756027001
0.004504579585045576,0.9727579556412729
0.0045066880993545055,0.9729990356798457
0.0045371814630925655,0.9732401157184185
0.004569363314658403,0.9734811957569913
0.004583339672535658,0.9737222757955641
0.004622747655957937,0.973963355834137
0.004642455838620663,0.9742044358727098
0.004647400695830584,0.9744455159112826
0.004705938044935465,0.9746865959498554
0.00470726890489459,0.9749276759884281
0.004730378743261099,0.9751687560270009
0.004738660529255867,0.9754098360655737
0.0047899289056658745,0.9756509161041466
0.004796523600816727,0.9758919961427194
0.004826109856367111,0.9761330761812922
0.004902124870568514,0.976374156219865
0.004930656403303146,0.9766152362584378
0.0049308789893984795,0.9768563162970106
0.004962165839970112,0.9770973963355835
0.004998643882572651,0.9773384763741563
0.0050586373545229435,0.977579556412729
0.005214746575802565,0.9778206364513018
0.005407207179814577,0.9780617164898746
0.005413252394646406,0.9783027965284474
0.0054474035277962685,0.9785438765670202
0.005470000673085451,0.9787849566055931
0.005479972809553146,0.9790260366441659
0.005601873155683279,0.9792671166827387
0.005727838259190321,0.9795081967213115
0.005833543371409178,0.9797492767598843
0.005862228572368622,0.9799903567984571
0.005918019916862249,0.9802314368370298
0.006031103897839785,0.9804725168756027
0.006040669046342373,0.9807135969141755
0.006256395019590855,0.9809546769527483
0.006285953335464001,0.9811957569913211
0.0063125984743237495,0.9814368370298939
0.006441991310566664,0.9816779170684667
0.0064637502655386925,0.9819189971070396
0.006493856199085712,0.9821600771456124
0.00661399494856596,0.9824011571841852
0.00666443957015872,0.982642237222758
0.006813668645918369,0.9828833172613307
0.0070801991969347,0.9831243972999035
0.007413812913000584,0.9833654773384763
0.007453417871147394,0.9836065573770492
0.007503652945160866,0.983847637415622
0.0075583914294838905,0.9840887174541948
0.0076531460508704185,0.9843297974927676
0.007769372779875994,0.9845708775313404
0.007802851032465696,0.9848119575699132
0.00783696398139,0.9850530376084861
0.008183347061276436,0.9852941176470589
0.00854138657450676,0.9855351976856316
0.008788671344518661,0.9857762777242044
0.009259657002985477,0.9860173577627772
0.009512186981737614,0.98625843780135
0.009581414982676506,0.9864995178399228
0.009745224379003048,0.9867405978784957
0.009880398400127888,0.9869816779170685
0.009880660101771355,0.9872227579556413
0.009944121353328228,0.9874638379942141
0.010046402923762798,0.9877049180327869
0.010670329444110394,0.9879459980713597
0.010813490487635136,0.9881870781099324
0.010830912739038467,0.9884281581485053
0.011013951152563095,0.9886692381870781
0.011159433051943779,0.9889103182256509
0.011280864477157593,0.9891513982642237
0.011380111798644066,0.9893924783027965
0.011425735428929329,0.9896335583413693
0.01157087367027998,0.9898746383799422
0.012177854776382446,0.990115718418515
0.012291957624256611,0.9903567984570878
0.012357840314507484,0.9905978784956606
0.012622253969311714,0.9908389585342333
0.013083547353744507,0.9910800385728061
0.01321805827319622,0.991321118611379
0.013578800484538078,0.9915621986499518
0.013764813542366028,0.9918032786885246
0.0148356007412076,0.9920443587270974
0.014905559830367565,0.9922854387656702
0.015142965130507946,0.992526518804243
0.015171132981777191,0.9927675988428158
0.01524623017758131,0.9930086788813887
0.016364941373467445,0.9932497589199615
0.016857080161571503,0.9934908389585342
0.017209786921739578,0.993731918997107
0.01798621006309986,0.9939729990356798
0.018770908936858177,0.9942140790742526
0.018956158310174942,0.9944551591128254
0.019189756363630295,0.9946962391513983
0.01941579207777977,0.9949373191899711
0.01956186443567276,0.9951783992285439
0.02083960920572281,0.9954194792671167
0.02097076177597046,0.9956605593056895
0.02256469428539276,0.9959016393442623
0.0248832069337368,0.996142719382835
0.025539346039295197,0.9963837994214079
0.026330918073654175,0.9966248794599807
0.02708316780626774,0.9968659594985535
0.027254782617092133,0.9971070395371263
0.029644237831234932,0.9973481195756991
0.031020168215036392,0.997589199614272
0.03217122331261635,0.9978302796528448
0.03396046534180641,0.9980713596914176
0.03818017989397049,0.9983124397299904
0.039743050932884216,0.9985535197685632
0.0417453907430172,0.9987945998071359
0.04459979757666588,0.9990356798457087
0.0562405101954937,0.9992767598842816
0.06121256947517395,0.9995178399228544
0.09050419926643372,0.9997589199614272
0.11245447397232056,1.0
