SECONDS,prefix_cache_block_evictions_cpu
1746685414.885077,0.0
1746685414.9492893,0.0
1746685414.9975903,0.0
1746685415.0305367,0.0
1746685415.069205,0.0
1746685415.0939705,0.0
1746685415.121955,0.0
1746685415.1539955,0.0
1746685415.178139,0.0
1746685415.2105427,0.0
1746685415.2411284,0.0
1746685415.2658896,0.0
1746685415.3020728,0.0
1746685415.3667784,0.0
1746685415.4221523,0.0
1746685415.4545264,0.0
1746685415.48661,0.0
1746685415.5111454,0.0
1746685415.5465634,0.0
1746685415.5758436,0.0
1746685415.6037028,0.0
1746685415.6317258,0.0
1746685415.6596622,0.0
1746685415.687709,0.0
1746685415.7158062,0.0
1746685415.7437458,0.0
1746685415.7736661,0.0
1746685415.802533,0.0
1746685415.853861,0.0
1746685415.8756151,0.0
1746685415.9078538,0.0
1746685415.9357958,0.0
1746685415.9637856,0.0
1746685415.9917815,0.0
1746685416.0198243,0.0
1746685416.047809,0.0
1746685416.0757632,0.0
1746685416.1037757,0.0
1746685416.1317585,0.0
1746685416.1597817,0.0
1746685416.1877968,0.0
1746685416.2184658,0.0
1746685416.2431087,0.0
1746685416.2752552,0.0
1746685416.3025172,0.0
1746685416.3307416,0.0
1746685416.3630126,0.0
1746685416.4275098,0.0
1746685416.461864,0.0
1746685416.4926474,0.0
1746685416.5226874,0.0
1746685416.550916,0.0
1746685416.5788846,0.0
1746685416.6068976,0.0
1746685416.6348815,0.0
1746685416.6630185,0.0
1746685416.6909003,0.0
1746685416.7187598,0.0
1746685416.7538342,0.0
1746685416.7789958,0.0
1746685416.8109078,0.0
1746685416.8429968,0.0
1746685416.8709488,0.0
1746685416.8989453,0.0
1746685416.9340212,0.0
1746685416.9671497,0.0
1746685416.9949207,0.0
1746685417.024653,0.0
1746685417.0526562,0.0
1746685417.085887,0.0
1746685417.1149068,0.0
1746685417.1454847,0.0
1746685417.1768324,0.0
1746685417.207857,0.0
1746685417.2391229,0.0
1746685417.2626183,0.0
1746685417.2979126,0.0
1746685417.3307066,0.0
1746685417.3577602,0.0
1746685417.4145572,0.0
1746685417.4693274,0.0
1746685417.5273275,0.0
1746685417.575343,0.0
1746685417.6312535,0.0
1746685417.7104483,0.0
1746685417.7330842,0.0
1746685417.7659721,0.0
1746685417.789095,0.0
1746685417.8219333,0.0
1746685417.8448176,0.0
1746685417.877926,0.0
1746685417.9008973,0.0
1746685417.9339023,0.0
1746685417.956881,0.0
1746685417.9900959,0.0
1746685418.0188844,0.0
1746685418.0447185,0.0
1746685418.077865,0.0
1746685418.1068652,0.0
1746685418.132869,0.0
1746685418.1861043,0.0
1746685418.2107234,0.0
1746685418.2427578,0.0
1746685418.27523,0.0
1746685418.30718,0.0
1746685418.3388138,0.0
1746685418.399174,0.0
1746685418.4619832,0.0
1746685418.5220864,0.0
1746685418.586432,0.0
1746685418.6109762,0.0
1746685418.6430767,0.0
1746685418.6695006,0.0
1746685418.7223449,0.0
1746685418.7583058,0.0
1746685418.7831047,0.0
1746685418.8152921,0.0
1746685418.8475702,0.0
1746685418.879522,0.0
1746685418.9075148,0.0
1746685418.9376507,0.0
1746685418.9654627,0.0
1746685418.9990551,0.0
1746685419.0311642,0.0
1746685419.0572138,0.0
1746685419.11014,0.0
1746685419.1459486,0.0
1746685419.1689744,0.0
1746685419.2020202,0.0
1746685419.225069,0.0
1746685419.2581923,0.0
1746685419.2869244,0.0
1746685419.3129654,0.0
1746685419.3458745,0.0
1746685419.3992317,0.0
1746685419.4606705,0.0
1746685419.5233512,0.0
1746685419.5755358,0.0
1746685419.6340244,0.0
1746685419.6952462,0.0
1746685419.75831,0.0
1746685419.819529,0.0
1746685419.886539,0.0
1746685419.919752,0.0
1746685419.947487,0.0
1746685419.9824624,0.0
1746685420.0074368,0.0
1746685420.0467358,0.0
1746685420.071612,0.0
1746685420.0996587,0.0
1746685420.1234746,0.0
1746685420.1514122,0.0
1746685420.1835093,0.0
1746685420.211459,0.0
1746685420.2395074,0.0
1746685420.2677078,0.0
1746685420.2954502,0.0
1746685420.3234417,0.0
1746685420.3608758,0.0
1746685420.3902538,0.0
1746685420.4599628,0.0
1746685420.5239651,0.0
1746685420.5841253,0.0
1746685420.6317933,0.0
1746685420.6596308,0.0
1746685420.687678,0.0
1746685420.7198756,0.0
1746685420.7478456,0.0
1746685420.7797635,0.0
1746685420.819719,0.0
1746685420.8476038,0.0
1746685420.8755975,0.0
1746685420.9035375,0.0
1746685420.931549,0.0
1746685420.9596083,0.0
1746685420.9987702,0.0
1746685421.0276132,0.0
1746685421.0545752,0.0
1746685421.0837612,0.0
1746685421.1154847,0.0
1746685421.147583,0.0
1746685421.1746216,0.0
1746685421.2034743,0.0
1746685421.2314339,0.0
1746685421.2593036,0.0
1746685421.2954583,0.0
1746685421.3233728,0.0
1746685421.3624806,0.0
1746685421.3995624,0.0
1746685421.4274886,0.0
1746685421.4552639,0.0
1746685421.491456,0.0
1746685421.53141,0.0
1746685421.5985382,0.0
1746685421.6442513,0.0
1746685421.69337,0.0
1746685421.74793,0.0
1746685421.818432,0.0
1746685421.8848097,0.0
1746685421.9444306,0.0
1746685421.9960072,0.0
1746685422.0481477,0.0
1746685422.0956774,0.0
1746685422.1510906,0.0
1746685422.2038875,0.0
1746685422.2673604,0.0
1746685422.3315446,0.0
1746685422.3795836,0.0
1746685422.4465322,0.0
1746685422.5237153,0.0
1746685422.5876446,0.0
1746685422.651526,0.0
1746685422.71597,0.0
1746685422.7919674,0.0
1746685422.8670673,0.0
1746685422.9230568,0.0
1746685422.9812973,0.0
1746685423.063336,0.0
1746685423.0999663,0.0
1746685423.128025,0.0
1746685423.1668303,0.0
1746685423.2067993,0.0
1746685423.2323492,0.0
1746685423.2747762,0.0
1746685423.30007,0.0
1746685423.3399975,0.0
1746685423.3720422,0.0
1746685423.4107256,0.0
1746685423.4439998,0.0
1746685423.490994,0.0
1746685423.52368,0.0
1746685423.586985,0.0
1746685423.6523001,0.0
1746685423.7111187,0.0
1746685423.799475,0.0
1746685423.8320603,0.0
1746685423.8720238,0.0
1746685423.9053283,0.0
1746685423.9471445,0.0
1746685423.9802005,0.0
1746685424.0088243,0.0
1746685424.0551155,0.0
1746685424.0865555,0.0
1746685424.1172686,0.0
1746685424.1590223,0.0
1746685424.184696,0.0
1746685424.2167704,0.0
1746685424.2570236,0.0
1746685424.2889469,0.0
1746685424.31661,0.0
1746685424.352197,0.0
1746685424.3805046,0.0
1746685424.425935,0.0
1746685424.452708,0.0
1746685424.4950175,0.0
1746685424.5202982,0.0
1746685424.5560248,0.0
1746685424.6273384,0.0
1746685424.6965613,0.0
1746685424.760803,0.0
1746685424.8124323,0.0
1746685424.8758695,0.0
1746685424.9288795,0.0
1746685425.0088153,0.0
1746685425.0686922,0.0
1746685425.1288297,0.0
1746685425.2011595,0.0
1746685425.2762165,0.0
1746685425.347702,0.0
1746685425.4087944,0.0
1746685425.4690332,0.0
1746685425.5253088,0.0
1746685425.580593,0.0
1746685425.656841,0.0
1746685425.7132306,0.0
1746685425.768588,0.0
1746685425.8401911,0.0
1746685425.9161367,0.0
1746685425.9886234,0.0
1746685426.0486805,0.0
1746685426.1171718,0.0
1746685426.1899767,0.0
1746685426.2281115,0.0
1746685426.2690303,0.0
1746685426.3036678,0.0
1746685426.3427923,0.0
1746685426.3767726,0.0
1746685426.4169595,0.0
1746685426.4552674,0.0
1746685426.4869702,0.0
1746685426.5226235,0.0
1746685426.5609863,0.0
1746685426.5937266,0.0
1746685426.6363301,0.0
1746685426.7089543,0.0
1746685426.7635155,0.0
1746685426.8371687,0.0
1746685426.899043,0.0
1746685426.9564052,0.0
1746685427.0291564,0.0
1746685427.093082,0.0
1746685427.1593227,0.0
1746685427.232024,0.0
1746685427.3040848,0.0
1746685427.3734174,0.0
1746685427.4373007,0.0
1746685427.4933395,0.0
1746685427.5616553,0.0
1746685427.6218164,0.0
1746685427.6896434,0.0
1746685427.7654467,0.0
1746685427.8524249,0.0
1746685427.9214382,0.0
1746685427.981629,0.0
1746685428.0658474,0.0
1746685428.1295455,0.0
1746685428.1975162,0.0
1746685428.2574115,0.0
1746685428.3215,0.0
1746685428.4098725,0.0
1746685428.469244,0.0
1746685428.529216,0.0
1746685428.5891237,0.0
1746685428.6598706,0.0
1746685428.7454855,0.0
1746685428.8096368,0.0
1746685428.8622983,0.0
1746685428.9479935,0.0
1746685429.002461,0.0
1746685429.085616,0.0
1746685429.164223,0.0
1746685429.225661,0.0
1746685429.2976851,0.0
1746685429.3839777,0.0
1746685429.457853,0.0
1746685429.5348153,0.0
1746685429.6016326,0.0
1746685429.6703527,0.0
1746685429.765996,0.0
1746685429.8288932,0.0
1746685429.9058661,0.0
1746685430.0250764,0.0
1746685430.1024609,0.0
1746685430.180296,0.0
1746685430.254736,0.0
1746685430.3143563,0.0
1746685430.3989406,0.0
1746685430.4747488,0.0
1746685430.5505912,0.0
1746685430.6121285,0.0
1746685430.6954777,0.0
1746685430.7668598,0.0
1746685430.8426023,0.0
1746685430.9063785,0.0
1746685430.9972157,0.0
1746685431.0757737,0.0
1746685431.1481102,0.0
1746685431.2226675,0.0
1746685431.293008,0.0
1746685431.393259,0.0
1746685431.4708557,0.0
1746685431.5551088,0.0
1746685431.6455781,0.0
1746685431.7126417,0.0
1746685431.7805736,0.0
1746685431.8590531,0.0
1746685431.9270818,0.0
1746685431.9908319,0.0
1746685432.0711348,0.0
1746685432.1389468,0.0
1746685432.2197483,0.0
1746685432.2990665,0.0
1746685432.3669765,0.0
1746685432.431213,0.0
1746685432.4951751,0.0
1746685432.5951672,0.0
1746685432.6794538,0.0
1746685432.7552204,0.0
1746685432.826926,0.0
1746685432.922275,0.0
1746685432.987004,0.0
1746685433.077408,0.0
1746685433.1549826,0.0
1746685433.231836,0.0
1746685433.3152456,0.0
1746685433.3952212,0.0
1746685433.4775443,0.0
1746685433.5403562,0.0
1746685433.6111884,0.0
1746685433.6891942,0.0
1746685433.7634223,0.0
1746685433.8316333,0.0
1746685433.9193304,0.0
1746685434.0089152,0.0
1746685434.0879767,0.0
1746685434.180057,0.0
1746685434.247027,0.0
1746685434.3287728,0.0
1746685434.3951356,0.0
1746685434.4853802,0.0
1746685434.563343,0.0
1746685434.643668,0.0
1746685434.715445,0.0
1746685434.802783,0.0
1746685434.8931115,0.0
1746685434.985803,0.0
1746685435.0612226,0.0
1746685435.1311975,0.0
1746685435.1952736,0.0
1746685435.2574744,0.0
1746685435.3254812,0.0
1746685435.406994,0.0
1746685435.488866,0.0
1746685435.561281,0.0
1746685435.6514714,0.0
1746685435.7354386,0.0
1746685435.8193908,0.0
1746685435.8995128,0.0
1746685435.9754703,0.0
1746685436.0623183,0.0
1746685436.135183,0.0
1746685436.2277234,0.0
1746685436.3198466,0.0
1746685436.3939612,0.0
1746685436.48388,0.0
1746685436.5495002,0.0
1746685436.6397614,0.0
1746685436.7093728,0.0
1746685436.8036778,0.0
1746685436.891719,0.0
1746685436.973655,0.0
1746685437.041355,0.0
1746685437.131697,0.0
1746685437.2112522,0.0
1746685437.3063927,0.0
1746685437.3835485,0.0
1746685437.4728997,0.0
1746685437.5821714,0.0
1746685437.668487,0.0
1746685437.7755156,0.0
1746685437.8725357,0.0
1746685437.9481916,0.0
1746685438.0243907,0.0
1746685438.101062,0.0
1746685438.2163124,0.0
1746685438.312521,0.0
1746685438.4224935,0.0
1746685438.500966,0.0
1746685438.6011136,0.0
1746685438.6727662,0.0
1746685438.7405825,0.0
1746685438.828624,0.0
1746685438.9064624,0.0
1746685438.980425,0.0
1746685439.0748188,0.0
1746685439.1684072,0.0
1746685439.2606373,0.0
1746685439.3441422,0.0
1746685439.4181516,0.0
1746685439.5112457,0.0
1746685439.59223,0.0
1746685439.681151,0.0
1746685439.7529788,0.0
1746685439.8538523,0.0
1746685439.9347763,0.0
1746685440.00564,0.0
1746685440.075967,0.0
1746685440.1436405,0.0
1746685440.2237878,0.0
1746685440.3199954,0.0
1746685440.4164224,0.0
1746685440.5051765,0.0
1746685440.5884638,0.0
1746685440.6828825,0.0
1746685440.757483,0.0
1746685440.8502576,0.0
1746685440.922067,0.0
1746685441.0084188,0.0
1746685441.1008034,0.0
1746685441.1926348,0.0
1746685441.2825577,0.0
1746685441.3765342,0.0
1746685441.4604394,0.0
1746685441.5486572,0.0
1746685441.6147127,0.0
1746685441.7089546,0.0
1746685441.7930012,0.0
1746685441.85952,0.0
1746685441.9285579,0.0
1746685442.0310311,0.0
1746685442.1225715,0.0
1746685442.1957107,0.0
1746685442.2857044,0.0
1746685442.3746078,0.0
1746685442.4441028,0.0
1746685442.5363634,0.0
1746685442.6262977,0.0
1746685442.7185693,0.0
1746685442.8002806,0.0
1746685442.8885517,0.0
1746685442.9788551,0.0
1746685443.0683298,0.0
1746685443.158765,0.0
1746685443.2501123,0.0
1746685443.3240192,0.0
1746685443.4139428,0.0
1746685443.4920092,0.0
1746685443.5805237,0.0
1746685443.6719892,0.0
1746685443.7458115,0.0
1746685443.8373976,0.0
1746685443.919577,0.0
1746685443.988416,0.0
1746685444.0769494,0.0
1746685444.1562161,0.0
1746685444.2409246,0.0
1746685444.3232682,0.0
1746685444.39531,0.0
1746685444.4833577,0.0
1746685444.5493643,0.0
1746685444.6421027,0.0
1746685444.7316399,0.0
1746685444.8023596,0.0
1746685444.8699002,0.0
1746685444.945739,0.0
1746685445.0109286,0.0
1746685445.085599,0.0
1746685445.165632,0.0
1746685445.2474325,0.0
1746685445.3192453,0.0
1746685445.4034326,0.0
1746685445.4891016,0.0
1746685445.5546405,0.0
1746685445.618752,0.0
1746685445.6897423,0.0
1746685445.765081,0.0
1746685445.8672392,0.0
1746685445.945841,0.0
1746685446.010527,0.0
1746685446.089398,0.0
1746685446.1790493,0.0
1746685446.2625709,0.0
1746685446.3389628,0.0
1746685446.4024222,0.0
1746685446.466754,0.0
1746685446.54326,0.0
1746685446.6470718,0.0
1746685446.7269483,0.0
1746685446.8025153,0.0
1746685446.8807943,0.0
1746685446.9703405,0.0
1746685447.0523503,0.0
1746685447.1309755,0.0
1746685447.1977003,0.0
1746685447.2830346,0.0
1746685447.3672788,0.0
1746685447.4428756,0.0
1746685447.5071418,0.0
1746685447.5744135,0.0
1746685447.6682777,0.0
1746685447.7452557,0.0
1746685447.818812,0.0
1746685447.892993,0.0
1746685447.9850485,0.0
1746685448.0609734,0.0
1746685448.139344,0.0
1746685448.2101772,0.0
1746685448.290729,0.0
1746685448.360899,0.0
1746685448.4228854,0.0
1746685448.5170383,0.0
1746685448.5946279,0.0
1746685448.674154,0.0
1746685448.7386935,0.0
1746685448.8263953,0.0
1746685448.8981164,0.0
1746685448.9861634,0.0
1746685449.056801,0.0
1746685449.1287105,0.0
1746685449.2166917,0.0
1746685449.30034,0.0
1746685449.3684797,0.0
1746685449.440509,0.0
1746685449.5130682,0.0
1746685449.6101983,0.0
1746685449.673837,0.0
1746685449.7646334,0.0
1746685449.8371425,0.0
1746685449.9183304,0.0
1746685449.994573,0.0
1746685450.0621176,0.0
1746685450.1479733,0.0
1746685450.2180183,0.0
1746685450.2820888,0.0
1746685450.3502429,0.0
1746685450.4219446,0.0
1746685450.4883447,0.0
1746685450.590453,0.0
1746685450.6540868,0.0
1746685450.730379,0.0
1746685450.7977095,0.0
1746685450.8619883,0.0
1746685450.9544227,0.0
1746685451.0218909,0.0
1746685451.1042578,0.0
1746685451.18422,0.0
1746685451.258074,0.0
1746685451.336326,0.0
1746685451.4101102,0.0
1746685451.4775693,0.0
1746685451.5591412,0.0
1746685451.6338677,0.0
1746685451.72434,0.0
1746685451.7992342,0.0
1746685451.882263,0.0
1746685451.960285,0.0
1746685452.0380309,0.0
1746685452.1143558,0.0
1746685452.1945915,0.0
1746685452.2623775,0.0
1746685452.3340704,0.0
1746685452.402324,0.0
1746685452.476506,0.0
1746685452.5846772,0.0
1746685452.664909,0.0
1746685452.7339778,0.0
1746685452.822561,0.0
1746685452.902866,0.0
1746685452.9743855,0.0
1746685453.0381417,0.0
1746685453.1265686,0.0
1746685453.2035444,0.0
1746685453.266412,0.0
1746685453.358449,0.0
1746685453.4302685,0.0
1746685453.5251222,0.0
1746685453.6146138,0.0
1746685453.6864858,0.0
1746685453.7544181,0.0
1746685453.828812,0.0
1746685453.9211135,0.0
1746685454.002865,0.0
1746685454.0883791,0.0
1746685454.162544,0.0
1746685454.2263746,0.0
1746685454.3186893,0.0
1746685454.3870418,0.0
1746685454.4650033,0.0
1746685454.5385919,0.0
1746685454.6175647,0.0
1746685454.730893,0.0
1746685454.8027647,0.0
1746685454.87064,0.0
1746685454.96027,0.0
1746685455.057723,0.0
1746685455.1349752,0.0
1746685455.2148802,0.0
1746685455.2952757,0.0
1746685455.3830936,0.0
1746685455.463491,0.0
1746685455.5551162,0.0
1746685455.6571004,0.0
1746685455.7469976,0.0
1746685455.8237138,0.0
1746685455.905725,0.0
1746685455.9765942,0.0
1746685456.0840154,0.0
1746685456.161805,0.0
1746685456.261723,0.0
1746685456.347401,0.0
1746685456.4314494,0.0
1746685456.507375,0.0
1746685456.5962443,0.0
1746685456.6879754,0.0
1746685456.7738445,0.0
1746685456.8664107,0.0
1746685456.9560533,0.0
1746685457.0241244,0.0
1746685457.1118295,0.0
1746685457.1999867,0.0
1746685457.2758937,0.0
1746685457.3640735,0.0
1746685457.4395688,0.0
1746685457.550209,0.0
1746685457.6400285,0.0
1746685457.7359512,0.0
1746685457.8285334,0.0
1746685457.921478,0.0
1746685458.011974,0.0
1746685458.0837772,0.0
1746685458.1733494,0.0
1746685458.2524712,0.0
1746685458.3502908,0.0
1746685458.427945,0.0
1746685458.5190542,0.0
1746685458.606525,0.0
1746685458.7041516,0.0
1746685458.7916734,0.0
1746685458.8692331,0.0
1746685458.9659693,0.0
1746685459.0518587,0.0
1746685459.1363022,0.0
1746685459.2239652,0.0
1746685459.314428,0.0
1746685459.394287,0.0
1746685459.4961169,0.0
1746685459.5886192,0.0
1746685459.67869,0.0
1746685459.7801502,0.0
1746685459.855941,0.0
1746685459.936147,0.0
1746685460.0091558,0.0
1746685460.1202633,0.0
1746685460.2083905,0.0
1746685460.2859426,0.0
1746685460.3763204,0.0
1746685460.460192,0.0
1746685460.5319815,0.0
1746685460.6248085,0.0
1746685460.70807,0.0
1746685460.783773,0.0
1746685460.8783076,0.0
1746685460.9599926,0.0
1746685461.035681,0.0
1746685461.13553,0.0
1746685461.2346606,0.0
1746685461.3188593,0.0
1746685461.3933048,0.0
1746685461.4838316,0.0
1746685461.5827124,0.0
1746685461.655692,0.0
1746685461.7374718,0.0
1746685461.8399997,0.0
1746685461.9279895,0.0
1746685462.022003,0.0
1746685462.111819,0.0
1746685462.2060456,0.0
1746685462.3023827,0.0
1746685462.3904781,0.0
1746685462.4832473,0.0
1746685462.5739832,0.0
1746685462.6633792,0.0
1746685462.7543867,0.0
1746685462.83213,0.0
1746685462.909968,0.0
1746685463.0045142,0.0
1746685463.0798984,0.0
1746685463.180251,0.0
1746685463.2565382,0.0
1746685463.3518944,0.0
1746685463.4277496,0.0
1746685463.505947,0.0
1746685463.5838733,0.0
1746685463.692095,0.0
1746685463.7822778,0.0
1746685463.8677933,0.0
1746685463.943806,0.0
1746685464.0426261,0.0
1746685464.115854,0.0
1746685464.2119675,0.0
1746685464.300358,0.0
1746685464.3718271,0.0
1746685464.4515414,0.0
1746685464.5640502,0.0
1746685464.639557,0.0
1746685464.7157998,0.0
1746685464.8031855,0.0
1746685464.8797543,0.0
1746685464.9558313,0.0
1746685465.047537,0.0
1746685465.1320295,0.0
1746685465.2199311,0.0
1746685465.297614,0.0
1746685465.3917115,0.0
1746685465.4839175,0.0
1746685465.5596693,0.0
1746685465.6539876,0.0
1746685465.749826,0.0
1746685465.8403494,0.0
1746685465.9278216,0.0
1746685466.011707,0.0
1746685466.0960097,0.0
1746685466.1904411,0.0
1746685466.2817886,0.0
1746685466.3677845,0.0
1746685466.443649,0.0
1746685466.5175858,0.0
1746685466.5939226,0.0
1746685466.6678207,0.0
1746685466.7478323,0.0
1746685466.8271053,0.0
1746685466.9053419,0.0
1746685467.0036638,0.0
1746685467.0817575,0.0
1746685467.1754034,0.0
1746685467.2530534,0.0
1746685467.3512254,0.0
1746685467.4226346,0.0
1746685467.4971364,0.0
1746685467.570903,0.0
1746685467.6471171,0.0
1746685467.7593477,0.0
1746685467.8535655,0.0
1746685467.9357357,0.0
1746685468.0294573,0.0
1746685468.0988317,0.0
1746685468.1908877,0.0
1746685468.274807,0.0
1746685468.3552632,0.0
1746685468.443615,0.0
1746685468.527111,0.0
1746685468.606892,0.0
1746685468.6866968,0.0
1746685468.7674549,0.0
1746685468.8508847,0.0
1746685468.9412944,0.0
1746685469.0266893,0.0
1746685469.1106791,0.0
1746685469.1979678,0.0
1746685469.2712486,0.0
1746685469.3593028,0.0
1746685469.4349716,0.0
1746685469.531386,0.0
1746685469.6073723,0.0
1746685469.7067077,0.0
1746685469.7826598,0.0
1746685469.8709648,0.0
1746685469.9468863,0.0
1746685470.0474155,0.0
1746685470.1336703,0.0
1746685470.2191844,0.0
1746685470.2958064,0.0
1746685470.3848372,0.0
1746685470.462841,0.0
1746685470.5482054,0.0
1746685470.6309779,0.0
1746685470.7184334,0.0
1746685470.7897868,0.0
1746685470.866968,0.0
1746685470.9469864,0.0
1746685471.0594478,0.0
1746685471.1375964,0.0
1746685471.2141237,0.0
1746685471.294045,0.0
1746685471.395519,0.0
1746685471.46688,0.0
1746685471.5518694,0.0
1746685471.6298294,0.0
1746685471.7341084,0.0
1746685471.8165703,0.0
1746685471.9034724,0.0
1746685471.9770634,0.0
1746685472.0670414,22.0
1746685472.1554947,116.0
1746685472.230926,213.0
1746685472.3314753,413.0
1746685472.4066527,618.0
1746685472.4911127,830.0
1746685472.6014135,1113.0
1746685472.6748464,1403.0
1746685472.7590768,1760.0
1746685472.8303103,2122.0
1746685472.9219635,2520.0
1746685473.003203,2990.0
1746685473.0827856,3463.0
1746685473.167002,3977.0
1746685473.2509983,4527.0
1746685473.3376517,5151.0
1746685473.412152,5777.0
1746685473.5094411,6443.0
1746685473.599176,7147.0
1746685473.689892,7892.0
1746685473.7999814,8715.0
1746685473.8712425,9543.0
1746685473.9638858,10444.0
1746685474.0354755,11351.0
1746685474.1242254,12328.0
1746685474.2075915,13319.0
1746685474.2957077,14345.0
1746685474.3877285,15412.0
1746685474.4838707,16547.0
1746685474.5599957,17691.0
1746685474.6607027,18934.0
1746685474.7355564,20184.0
1746685474.8117332,21438.0
1746685474.9158034,22730.0
1746685475.0050673,24123.0
1746685475.0858634,25521.0
1746685475.1591964,26925.0
1746685475.2595625,28430.0
1746685475.3381946,29944.0
1746685475.4108124,31465.0
1746685475.5140145,33021.0
1746685475.5993857,34622.0
1746685475.6836352,36291.0
1746685475.7643037,37967.0
1746685475.867877,39774.0
1746685475.943678,41589.0
1746685476.0196445,43406.0
1746685476.099398,45232.0
1746685476.2050116,47126.0
1746685476.2789588,49023.0
1746685476.3860078,51054.0
1746685476.4589338,53090.0
1746685476.5374246,55129.0
1746685476.6215835,57173.0
1746685476.7354207,59258.0
1746685476.815261,61379.0
1746685476.897661,63570.0
1746685476.9735405,65774.0
1746685477.0672083,68045.0
1746685477.1441746,70326.0
1746685477.247149,72641.0
1746685477.335319,74999.0
1746685477.4192944,77392.0
1746685477.5071328,79826.0
1746685477.6112206,82327.0
1746685477.6893644,84834.0
1746685477.7958272,87379.0
1746685477.895222,89964.0
1746685477.9792457,92618.0
1746685478.0532935,95276.0
1746685478.1473522,97974.0
1746685478.2440817,100807.0
1746685478.3215933,103643.0
1746685478.4036958,106492.0
1746685478.479975,109342.0
1746685478.5836718,112263.0
1746685478.6614213,115186.0
1746685478.7576087,118149.0
1746685478.8431141,121147.0
1746685478.927076,124185.0
1746685479.0212846,127290.0
1746685479.0953164,130400.0
1746685479.1910052,133611.0
1746685479.263887,136829.0
1746685479.3388677,140047.0
1746685479.4415066,143334.0
1746685479.519242,146624.0
1746685479.6189487,150016.0
1746685479.6945662,153411.0
1746685479.7704444,156815.0
1746685479.866966,160286.0
1746685479.9465382,163764.0
1746685480.0416515,167283.0
1746685480.1333427,170904.0
1746685480.2170076,174528.0
1746685480.2905436,178161.0
1746685480.390713,181829.0
1746685480.476496,185536.0
1746685480.5681593,189282.0
1746685480.6653886,193066.0
1746685480.7594147,196885.0
1746685480.8430088,200806.0
1746685480.9185388,204732.0
1746685480.999116,208662.0
1746685481.0930867,212661.0
1746685481.1600702,216668.0
1746685481.2478008,220711.0
1746685481.331118,224795.0
1746685481.4130657,228918.0
1746685481.510904,233114.0
1746685481.5870829,237313.0
1746685481.6722116,241553.0
1746685481.7571511,245829.0
1746685481.8496332,250176.0
1746685481.9227252,254527.0
1746685482.0233777,258946.0
1746685482.0968788,263368.0
1746685482.197203,267830.0
1746685482.2908883,272364.0
1746685482.3709474,276902.0
1746685482.459253,281477.0
1746685482.5493925,286094.0
1746685482.6313539,290780.0
1746685482.7068841,295472.0
1746685482.8055394,300203.0
1746685482.8929253,304975.0
1746685482.9833164,309784.0
1746685483.0754404,314635.0
1746685483.161853,319523.0
1746685483.2537982,324449.0
1746685483.3498464,329415.0
1746685483.4503918,334548.0
1746685483.5418105,339684.0
1746685483.6256993,344829.0
1746685483.7078636,349982.0
1746685483.7872071,355137.0
1746685483.8962374,360329.0
1746685483.9817991,365563.0
1746685484.0636785,370833.0
1746685484.156209,376140.0
1746685484.2555344,381489.0
1746685484.343861,386879.0
1746685484.4349144,392304.0
1746685484.5358448,397770.0
1746685484.634094,403272.0
1746685484.7315269,408817.0
1746685484.8316033,414467.0
1746685484.9078217,420124.0
1746685484.984076,425787.0
1746685485.0858073,431586.0
1746685485.1632917,437393.0
1746685485.2392368,443206.0
1746685485.3237236,449023.0
1746685485.4272895,454879.0
1746685485.5114665,460804.0
1746685485.589823,466733.0
1746685485.6917834,472730.0
1746685485.7672064,478733.0
1746685485.8597455,484773.0
1746685485.9435077,490852.0
1746685486.0314398,496999.0
1746685486.1177998,503158.0
1746685486.222383,509356.0
1746685486.3138738,515658.0
1746685486.3933718,521968.0
1746685486.4717584,528284.0
1746685486.5738864,534642.0
1746685486.6756296,541040.0
1746685486.759546,547473.0
1746685486.840984,554007.0
1746685486.9111667,560545.0
1746685486.9959514,567088.0
1746685487.0994942,573667.0
1746685487.1875463,580287.0
1746685487.2833147,587040.0
1746685487.3620946,593801.0
1746685487.4325264,600562.0
1746685487.5095417,607334.0
1746685487.6151915,614143.0
1746685487.7054272,621025.0
1746685487.7830346,627912.0
1746685487.8711028,634837.0
1746685487.9634326,641900.0
1746685488.0497267,648971.0
1746685488.1275816,656044.0
1746685488.1988285,663118.0
1746685488.299601,670231.0
1746685488.3852518,677413.0
1746685488.459002,684599.0
1746685488.5563505,691827.0
1746685488.635132,699090.0
1746685488.7270782,706458.0
1746685488.8033507,713829.0
1746685488.8788795,721208.0
1746685488.978271,728628.0
1746685489.0704691,736088.0
1746685489.1575053,743582.0
1746685489.2448997,751144.0
1746685489.3171017,758709.0
1746685489.4139514,766315.0
1746685489.5032318,773993.0
1746685489.5810618,781674.0
1746685489.671233,789393.0
1746685489.757206,797150.0
1746685489.8389096,804977.0
1746685489.924604,812812.0
1746685490.0150807,820747.0
1746685490.091225,828691.0
1746685490.179467,836638.0
1746685490.2793713,844655.0
1746685490.357295,852676.0
1746685490.4509523,860735.0
1746685490.53282,868831.0
1746685490.6188173,876962.0
1746685490.7032113,885196.0
1746685490.77674,893437.0
1746685490.8473299,901684.0
1746685490.9427648,909967.0
1746685491.0206876,918321.0
1746685491.0948737,926677.0
1746685491.1852753,935100.0
1746685491.2630477,943529.0
1746685491.3544867,951993.0
1746685491.4343963,960497.0
1746685491.5153735,969101.0
1746685491.6024039,977710.0
1746685491.678911,986325.0
1746685491.7811043,995009.0
1746685491.856909,1003698.0
1746685491.944125,1012455.0
1746685492.0149758,1021215.0
1746685492.1047704,1030014.0
1746685492.1863532,1038886.0
1746685492.2582717,1047761.0
1746685492.34667,1056676.0
1746685492.4223168,1065628.0
1746685492.4990907,1074647.0
1746685492.5746105,1083667.0
1746685492.668457,1092723.0
1746685492.7508347,1101883.0
1746685492.826475,1111047.0
1746685492.8986793,1120218.0
1746685492.9865644,1129426.0
1746685493.0629637,1138675.0
1746685493.1417682,1147963.0
1746685493.2237666,1157287.0
1746685493.306926,1166677.0
1746685493.3783588,1176072.0
1746685493.4693167,1185506.0
1746685493.5507982,1194977.0
1746685493.6268003,1204488.0
1746685493.7026017,1214036.0
1746685493.7869081,1223652.0
1746685493.8628461,1233274.0
1746685493.9690835,1243061.0
1746685494.043412,1252855.0
1746685494.1149058,1262652.0
1746685494.1934109,1272455.0
1746685494.266642,1282259.0
1746685494.390497,1292135.0
1746685494.4661717,1302016.0
1746685494.5586207,1311996.0
1746685494.6282532,1321979.0
1746685494.695813,1331966.0
1746685494.793212,1342023.0
1746685494.8731692,1352083.0
1746685494.9623463,1362217.0
1746685495.041031,1372353.0
1746685495.1264007,1382523.0
1746685495.2183876,1392796.0
1746685495.301344,1403073.0
1746685495.3674395,1413356.0
1746685495.4585142,1423676.0
1746685495.5463278,1434068.0
1746685495.622501,1444463.0
1746685495.7215438,1454896.0
1746685495.798531,1465399.0
1746685495.8742955,1475904.0
1746685495.9625857,1486446.0
1746685496.038761,1497026.0
1746685496.1255012,1507741.0
1746685496.1915753,1518458.0
1746685496.259586,1529181.0
1746685496.3277605,1539907.0
1746685496.4277794,1550764.0
1746685496.5019233,1561624.0
1746685496.576466,1572487.0
1746685496.6480267,1583355.0
1746685496.7426794,1594292.0
1746685496.818161,1605235.0
1746685496.9091444,1616212.0
1746685497.002019,1627224.0
1746685497.0819678,1638272.0
1746685497.1584864,1649357.0
1746685497.2340279,1660510.0
1746685497.2982855,1671668.0
1746685497.3887243,1682930.0
1746685497.4621449,1694195.0
1746685497.5419905,1705466.0
1746685497.6341376,1716902.0
1746685497.7063046,1728340.0
1746685497.7804508,1739783.0
1746685497.8539739,1751229.0
1746685497.9322274,1762681.0
1746685498.0372694,1774232.0
1746685498.1124778,1785789.0
1746685498.1859577,1797348.0
1746685498.2701497,1808975.0
1746685498.3355098,1820603.0
1746685498.424125,1832330.0
1746685498.4905932,1844061.0
1746685498.5549412,1855796.0
1746685498.6499658,1867601.0
1746685498.7247438,1879411.0
1746685498.8035014,1891258.0
1746685498.8777163,1903141.0
1746685498.9540873,1915124.0
1746685499.0261202,1927113.0
1746685499.0902457,1939103.0
1746685499.1860602,1951225.0
1746685499.2605138,1963349.0
1746685499.3359995,1975479.0
1746685499.4055657,1987611.0
1746685499.4955642,1999841.0
1746685499.5615628,2012072.0
1746685499.6296792,2024306.0
1746685499.7134643,2036638.0
1746685499.7774181,2048974.0
1746685499.8472302,2061317.0
1746685499.9363604,2073697.0
1746685500.0133197,2086113.0
1746685500.0893853,2098567.0
1746685500.1654093,2111056.0
1746685500.2419343,2123777.0
1746685500.3093438,2136499.0
1746685500.3774312,2149226.0
1746685500.449446,2161957.0
1746685500.517333,2174696.0
1746685500.5833259,2187436.0
1746685500.6574085,2200176.0
1746685500.7536318,2212983.0
1746685500.832039,2225794.0
1746685500.9138994,2238640.0
1746685500.989864,2251522.0
1746685501.0746186,2264442.0
1746685501.15793,2277433.0
1746685501.231934,2290425.0
1746685501.317965,2303456.0
1746685501.4136074,2316552.0
1746685501.4852922,2329656.0
1746685501.5696676,2342799.0
1746685501.654128,2356011.0
1746685501.7294977,2369226.0
1746685501.8138528,2382514.0
1746685501.8804276,2395802.0
1746685501.9660244,2409126.0
1746685502.0522087,2422484.0
1746685502.1403189,2435880.0
1746685502.2338927,2449344.0
1746685502.2995095,2462810.0
1746685502.3979876,2476348.0
1746685502.4745631,2489892.0
1746685502.562969,2503503.0
1746685502.6340237,2517119.0
1746685502.7177448,2530769.0
1746685502.7976944,2544462.0
1746685502.8843358,2558192.0
1746685502.965735,2571960.0
1746685503.0461152,2585798.0
1746685503.1202593,2599642.0
1746685503.2023141,2613521.0
1746685503.2819738,2627469.0
1746685503.34981,2641421.0
1746685503.444935,2655443.0
1746685503.520614,2669467.0
1746685503.611265,2683590.0
1746685503.6818516,2697721.0
1746685503.752315,2711858.0
1746685503.8541737,2726321.0
1746685503.9285362,2740790.0
1746685503.999339,2755261.0
1746685504.0744164,2769739.0
1746685504.156419,2784219.0
1746685504.2367053,2798704.0
1746685504.3101614,2813193.0
1746685504.378667,2827685.0
1746685504.449518,2842177.0
1746685504.5236382,2856671.0
1746685504.5939348,2871169.0
1746685504.6822402,2885704.0
1746685504.7575278,2900273.0
1746685504.8296204,2914877.0
1746685504.9057531,2929521.0
1746685504.9902647,2944202.0
1746685505.0658376,2958951.0
1746685505.1336837,2973705.0
1746685505.2261631,2988528.0
1746685505.303039,3003392.0
1746685505.365556,3018259.0
1746685505.450236,3033196.0
1746685505.5223105,3048170.0
1746685505.5956802,3063150.0
1746685505.686096,3078324.0
1746685505.757731,3093502.0
1746685505.8300748,3108685.0
1746685505.9019465,3123871.0
1746685505.9676082,3139059.0
1746685506.041635,3154248.0
1746685506.1426628,3169509.0
1746685506.2177632,3184773.0
1746685506.3121886,3200233.0
1746685506.3815665,3215696.0
1746685506.4605591,3231162.0
1746685506.5263352,3246633.0
1746685506.6138053,3262106.0
1746685506.689391,3277584.0
1746685506.7944174,3293163.0
1746685506.8804767,3308745.0
1746685506.949199,3324327.0
1746685507.0407908,3340041.0
1746685507.1055214,3355758.0
1746685507.1759732,3371477.0
1746685507.2412462,3387198.0
1746685507.321126,3402954.0
1746685507.4008207,3418749.0
1746685507.4744313,3434611.0
1746685507.5493054,3450476.0
1746685507.6332004,3466376.0
1746685507.7131882,3482343.0
1746685507.781039,3498317.0
1746685507.86147,3514327.0
1746685507.9416902,3530407.0
1746685508.0090883,3546490.0
1746685508.0871913,3562707.0
1746685508.1536493,3578924.0
1746685508.225115,3595143.0
1746685508.290234,3611365.0
1746685508.3734848,3627622.0
1746685508.4491327,3643915.0
1746685508.529393,3660244.0
1746685508.6018283,3676611.0
1746685508.6805997,3693013.0
1746685508.7720523,3709452.0
1746685508.8562841,3725927.0
1746685508.9408147,3742437.0
1746685509.025477,3759017.0
1746685509.093112,3775599.0
1746685509.1693816,3792219.0
1746685509.2501187,3808909.0
1746685509.3246622,3825602.0
1746685509.4167886,3842392.0
1746685509.491817,3859183.0
1746685509.5655568,3875978.0
1746685509.6539435,3892809.0
1746685509.7331889,3909708.0
1746685509.797009,3926610.0
1746685509.888423,3943581.0
1746685509.9579608,3960553.0
1746685510.0453377,3977594.0
1746685510.1132085,3994638.0
1746685510.1974132,4011814.0
1746685510.2678807,4028997.0
1746685510.3378415,4046183.0
1746685510.4059217,4063374.0
1746685510.5114825,4080698.0
1746685510.5826557,4098025.0
1746685510.651037,4115352.0
1746685510.7142057,4132679.0
1746685510.8011227,4150074.0
1746685510.8710952,4167473.0
1746685510.9454226,4184909.0
1746685511.0209303,4202381.0
1746685511.1001573,4219922.0
1746685511.1651483,4237464.0
1746685511.2477407,4255042.0
1746685511.3253555,4272689.0
1746685511.3890824,4290338.0
1746685511.4677804,4308056.0
1746685511.5329757,4325774.0
1746685511.6050947,4343530.0
1746685511.6771016,4361357.0
1746685511.739664,4379187.0
1746685511.825223,4397115.0
1746685511.9001122,4415044.0
1746685511.9737053,4432974.0
1746685512.0509017,4450973.0
1746685512.1283073,4468974.0
1746685512.2137172,4487107.0
1746685512.276966,4505242.0
1746685512.3516006,4523380.0
1746685512.4148278,4541522.0
1746685512.5052714,4559702.0
1746685512.5853448,4577952.0
1746685512.649296,4596205.0
1746685512.7330592,4614522.0
1746685512.796999,4632844.0
1746685512.8694198,4651239.0
1746685512.947646,4669636.0
1746685513.0316927,4688100.0
1746685513.0995548,4706566.0
1746685513.1733923,4725067.0
1746685513.253611,4743640.0
1746685513.3238592,4762215.0
1746685513.405215,4780858.0
1746685513.472975,4799504.0
1746685513.549172,4818219.0
1746685513.6131518,4836939.0
1746685513.6937096,4855694.0
1746685513.7776835,4874518.0
1746685513.8530064,4893344.0
1746685513.9289446,4912205.0
1746685514.0094838,4931103.0
1746685514.0789552,4950041.0
1746685514.1574984,4969048.0
1746685514.2289886,4988056.0
1746685514.3130631,5007260.0
1746685514.3771,5026467.0
1746685514.4531639,5045681.0
1746685514.5277689,5064898.0
1746685514.5971563,5084117.0
1746685514.6651092,5103339.0
1746685514.768438,5122598.0
1746685514.8533182,5141894.0
1746685514.938574,5161259.0
1746685515.0136032,5180630.0
1746685515.101396,5200036.0
1746685515.185899,5219478.0
1746685515.2655091,5239020.0
1746685515.3374546,5258572.0
1746685515.4027061,5278128.0
1746685515.486342,5297752.0
1746685515.5496223,5317380.0
1746685515.6377797,5337044.0
1746685515.7218778,5356747.0
1746685515.8115747,5376484.0
1746685515.8966506,5396260.0
1746685515.979925,5416103.0
1746685516.0524666,5435950.0
1746685516.1343899,5455865.0
1746685516.2015061,5475783.0
1746685516.2897446,5495774.0
1746685516.3617733,5515769.0
1746685516.4562519,5535798.0
1746685516.537859,5555864.0
1746685516.6286266,5576004.0
1746685516.6936376,5596146.0
1746685516.773793,5616355.0
1746685516.8374946,5636569.0
1746685516.9217374,5656822.0
1746685517.0030181,5677114.0
1746685517.0899138,5697633.0
1746685517.1617162,5718157.0
1746685517.226539,5738684.0
1746685517.301753,5759215.0
1746685517.366203,5779752.0
1746685517.4376764,5800293.0
1746685517.5096538,5820839.0
1746685517.5898442,5841389.0
1746685517.6662867,5861974.0
1746685517.741653,5882655.0
1746685517.817944,5903342.0
1746685517.8921657,5924032.0
1746685517.9738061,5944758.0
1746685518.0497937,5965555.0
1746685518.129913,5986359.0
1746685518.2138681,6007201.0
1746685518.298002,6028141.0
1746685518.3688176,6049086.0
1746685518.4394042,6070035.0
1746685518.5324364,6091117.0
1746685518.5976846,6112205.0
1746685518.674011,6133298.0
1746685518.738483,6154396.0
1746685518.8419871,6175563.0
1746685518.9101448,6196733.0
1746685518.9982967,6218097.0
1746685519.0696962,6239467.0
1746685519.1442285,6260838.0
1746685519.2177548,6282214.0
1746685519.28272,6303594.0
1746685519.349923,6324981.0
1746685519.4583619,6346405.0
1746685519.5416517,6367924.0
1746685519.613489,6389448.0
1746685519.681848,6410975.0
1746685519.7701414,6432571.0
1746685519.8444984,6454173.0
1746685519.9321642,6475843.0
1746685519.9981785,6497519.0
1746685520.0856032,6519230.0
1746685520.1658325,6541010.0
1746685520.2333155,6562791.0
1746685520.3282812,6584673.0
1746685520.3946085,6606555.0
1746685520.4589844,6628443.0
1746685520.5458288,6650398.0
1746685520.6145117,6672358.0
1746685520.7013364,6694358.0
1746685520.7848628,6716392.0
1746685520.8617659,6738494.0
1746685520.933329,6760599.0
1746685521.0179203,6782773.0
1746685521.0866609,6804952.0
1746685521.1694324,6827170.0
1746685521.2498384,6849426.0
1746685521.3295405,6871718.0
1746685521.4020703,6894048.0
1746685521.4942062,6916412.0
1746685521.5816667,6938909.0
1746685521.654179,6961406.0
1746685521.7376018,6983909.0
1746685521.8138416,7006416.0
1746685521.9015357,7028993.0
1746685521.9772193,7051577.0
1746685522.0778942,7074259.0
1746685522.1614919,7096943.0
1746685522.2295876,7119630.0
1746685522.3224564,7142386.0
1746685522.4002285,7165145.0
1746685522.4857564,7187943.0
1746685522.5686836,7210778.0
1746685522.6531637,7233679.0
1746685522.7285864,7256586.0
1746685522.8143582,7279558.0
1746685522.8819115,7302534.0
1746685522.9637756,7325577.0
1746685523.0375528,7348628.0
1746685523.1238308,7371717.0
1746685523.2020543,7394875.0
1746685523.2694776,7418038.0
1746685523.3582022,7441267.0
1746685523.426804,7464497.0
1746685523.5143132,7487764.0
1746685523.593749,7511197.0
1746685523.6664166,7534635.0
1746685523.7416098,7558077.0
1746685523.8106785,7581523.0
1746685523.8964381,7604971.0
1746685523.9938967,7628460.0
1746685524.070491,7652014.0
1746685524.145186,7675572.0
1746685524.2306461,7699196.0
1746685524.3097293,7722824.0
1746685524.4046009,7746526.0
1746685524.478082,7770234.0
1746685524.5701046,7794011.0
1746685524.645921,7817790.0
1746685524.7314212,7841603.0
1746685524.8141432,7865489.0
1746685524.889844,7889381.0
1746685524.9741318,7913311.0
1746685525.0684571,7937310.0
1746685525.141571,7961311.0
1746685525.23269,7985349.0
1746685525.325775,8009426.0
1746685525.4019375,8033569.0
1746685525.4766219,8057718.0
1746685525.5745628,8082381.0
1746685525.64358,8107051.0
1746685525.7219837,8131727.0
1746685525.7945247,8156410.0
1746685525.8683934,8181096.0
1746685525.9439535,8205785.0
1746685526.0184991,8230475.0
1746685526.0896685,8255171.0
1746685526.1579046,8279873.0
1746685526.231037,8304576.0
1746685526.304477,8329282.0
1746685526.3802621,8353988.0
1746685526.4496593,8378696.0
1746685526.5216315,8403409.0
1746685526.5935354,8428122.0
1746685526.6815739,8452840.0
1746685526.7574809,8477559.0
1746685526.8334622,8502285.0
1746685526.9225895,8527049.0
1746685527.0015433,8551852.0
1746685527.0819805,8576694.0
1746685527.1699975,8601699.0
1746685527.244275,8626704.0
1746685527.317626,8651716.0
1746685527.3903365,8676733.0
1746685527.4621055,8701753.0
1746685527.5619895,8726873.0
1746685527.6258962,8751994.0
1746685527.68972,8777117.0
1746685527.7857008,8802308.0
1746685527.8681436,8827500.0
1746685527.9581308,8852735.0
1746685528.033627,8878003.0
1746685528.121952,8903340.0
1746685528.1982615,8928682.0
1746685528.2904804,8954154.0
1746685528.373373,8979630.0
1746685528.4479468,9005109.0
1746685528.5148296,9030590.0
1746685528.605555,9056111.0
1746685528.6856322,9081702.0
1746685528.7593598,9107296.0
1746685528.8455102,9132927.0
1746685528.927516,9158592.0
1746685529.0057065,9184323.0
1746685529.0693824,9210055.0
1746685529.1620903,9235917.0
1746685529.2303588,9261788.0
1746685529.3015451,9287660.0
1746685529.3702903,9313538.0
1746685529.4722517,9339583.0
1746685529.5453665,9365630.0
1746685529.6134167,9391683.0
1746685529.6852794,9417738.0
1746685529.7533753,9443795.0
1746685529.846055,9469924.0
1746685529.9093018,9496056.0
1746685529.993974,9522225.0
1746685530.0734136,9548427.0
1746685530.1545334,9574697.0
1746685530.2253177,9600970.0
1746685530.3139164,9627470.0
1746685530.3853958,9653971.0
1746685530.4576066,9680481.0
1746685530.5294206,9706994.0
1746685530.5975173,9733511.0
1746685530.6823223,9760033.0
1746685530.7468264,9786556.0
1746685530.8495104,9813148.0
1746685530.913512,9839742.0
1746685530.9893105,9866370.0
1746685531.0632474,9893036.0
1746685531.1481912,9919803.0
1746685531.2241268,9946574.0
1746685531.2972617,9973345.0
1746685531.3896794,10000151.0
1746685531.4711347,10027058.0
1746685531.5410328,10053965.0
1746685531.6049895,10080873.0
1746685531.6973948,10107824.0
1746685531.7774858,10134814.0
1746685531.8533888,10161840.0
1746685531.9294105,10188904.0
1746685532.0014436,10216035.0
1746685532.0760818,10243176.0
1746685532.169895,10270353.0
1746685532.2496858,10297567.0
1746685532.3298666,10324915.0
1746685532.4037745,10352265.0
1746685532.4803615,10379616.0
1746685532.5453296,10406968.0
1746685532.6378186,10434390.0
1746685532.7180882,10461817.0
1746685532.8097067,10489278.0
1746685532.8856041,10516806.0
1746685532.9561088,10544340.0
1746685533.0384886,10571946.0
1746685533.1059046,10599555.0
1746685533.1987138,10627201.0
1746685533.2778318,10654882.0
1746685533.357635,10682602.0
1746685533.4528327,10710359.0
1746685533.5337195,10738153.0
1746685533.6221783,10765988.0
1746685533.713184,10793861.0
1746685533.7982943,10821770.0
1746685533.8867593,10849717.0
1746685533.9702437,10877833.0
1746685534.0373085,10905957.0
1746685534.1012142,10934086.0
1746685534.170547,10962217.0
1746685534.246111,10990351.0
1746685534.3548946,11018559.0
1746685534.4349053,11046770.0
1746685534.5224855,11075047.0
1746685534.5900686,11103326.0
1746685534.6885495,11131677.0
1746685534.7607589,11160032.0
1746685534.8436697,11188453.0
1746685534.9163804,11216877.0
1746685534.998435,11245336.0
1746685535.0781288,11273863.0
1746685535.1459453,11302394.0
1746685535.2444391,11330998.0
1746685535.3181102,11359610.0
1746685535.402255,11388292.0
1746685535.4692214,11416975.0
1746685535.550369,11445695.0
1746685535.6304817,11474455.0
1746685535.7248647,11503345.0
1746685535.8006835,11532238.0
1746685535.878524,11561132.0
1746685535.9540954,11590032.0
1746685536.0461314,11619001.0
1746685536.1177292,11647970.0
1746685536.2020257,11676976.0
1746685536.2780907,11706015.0
1746685536.3588102,11735087.0
1746685536.4375823,11764196.0
1746685536.518098,11793412.0
1746685536.6002889,11822634.0
1746685536.6762657,11851862.0
1746685536.7657697,11881158.0
1746685536.84015,11910457.0
1746685536.925745,11939796.0
1746685537.0037909,11969203.0
1746685537.0742023,11998613.0
1746685537.16591,12028057.0
1746685537.249709,12057571.0
1746685537.3177555,12087090.0
1746685537.4143667,12116644.0
1746685537.4972365,12146233.0
1746685537.577643,12175889.0
1746685537.6473181,12205547.0
1746685537.729887,12235273.0
1746685537.7983954,12265007.0
1746685537.884607,12294880.0
1746685537.9607403,12324758.0
1746685538.0329127,12354638.0
1746685538.1040974,12384519.0
1746685538.1979933,12414440.0
1746685538.2822258,12444460.0
1746685538.3459382,12474480.0
1746685538.409459,12504500.0
1746685538.4935734,12534556.0
1746685538.5696347,12564744.0
1746685538.6333222,12594935.0
1746685538.6997633,12625128.0
1746685538.765205,12655321.0
1746685538.8533676,12685581.0
1746685538.9214144,12715845.0
1746685539.0118856,12746210.0
1746685539.0769334,12776581.0
1746685539.1477215,12806956.0
1746685539.2377882,12837400.0
1746685539.307375,12867845.0
1746685539.381831,12898327.0
1746685539.45432,12928845.0
1746685539.5374134,12959396.0
1746685539.6157596,12989982.0
1746685539.6932771,13020637.0
1746685539.7636802,13051294.0
1746685539.8491795,13082212.0
1746685539.9134932,13113133.0
1746685539.9863641,13144056.0
1746685540.053545,13174982.0
1746685540.1184757,13205911.0
1746685540.181942,13236846.0
1746685540.2530987,13267785.0
1746685540.3214104,13298728.0
1746685540.421406,13329740.0
1746685540.4893248,13360755.0
1746685540.5856693,13391971.0
1746685540.649138,13423191.0
1746685540.7205827,13454412.0
1746685540.7917066,13485635.0
1746685540.855722,13516861.0
1746685540.9177117,13548095.0
1746685541.016399,13579397.0
1746685541.085131,13610702.0
1746685541.1693718,13642106.0
1746685541.2375505,13673513.0
1746685541.305334,13704921.0
1746685541.3870335,13736431.0
1746685541.4651082,13767943.0
1746685541.5411458,13799460.0
1746685541.6375823,13831076.0
1746685541.7091017,13862693.0
1746685541.7891722,13894316.0
1746685541.8773348,13925974.0
1746685541.9513485,13957730.0
1746685542.02118,13989490.0
1746685542.085157,14021253.0
1746685542.1738768,14053123.0
1746685542.2411425,14084997.0
1746685542.3179176,14116874.0
1746685542.4015696,14148785.0
1746685542.4853296,14180795.0
1746685542.5681272,14212811.0
1746685542.6494837,14244830.0
1746685542.7379098,14276885.0
1746685542.8258207,14309011.0
1746685542.9003496,14341138.0
1746685542.9748757,14373300.0
1746685543.0494816,14405531.0
1746685543.113154,14437764.0
1746685543.203506,14470034.0
1746685543.2882407,14502374.0
1746685543.3615127,14534717.0
1746685543.4454584,14567135.0
1746685543.5145876,14599556.0
1746685543.5933242,14632010.0
1746685543.6673334,14664498.0
1746685543.745137,14697017.0
1746685543.8192668,14729608.0
1746685543.8890147,14762200.0
1746685543.975876,14794827.0
1746685544.0641913,14827717.0
1746685544.137088,14860609.0
1746685544.2013762,14893504.0
1746685544.2739224,14926400.0
1746685544.341085,14959299.0
1746685544.4064724,14992202.0
1746685544.4773097,15025109.0
1746685544.549561,15058019.0
1746685544.6533282,15090968.0
1746685544.726919,15123985.0
1746685544.7969952,15157004.0
1746685544.8757684,15190089.0
1746685544.9481149,15223175.0
1746685545.0213501,15256300.0
1746685545.1012285,15289492.0
1746685545.1653078,15322685.0
1746685545.2517874,15356109.0
1746685545.3170974,15389536.0
1746685545.3856652,15422965.0
1746685545.4488337,15456394.0
1746685545.519469,15489826.0
1746685545.580809,15523263.0
1746685545.6517506,15556702.0
1746685545.7452838,15590179.0
1746685545.8247066,15623851.0
1746685545.888841,15657525.0
1746685545.9577794,15691202.0
1746685546.0198555,15724880.0
1746685546.101166,15758560.0
1746685546.1738644,15792249.0
1746685546.2691243,15826070.0
1746685546.3372142,15859893.0
1746685546.400684,15893719.0
1746685546.4716709,15927548.0
1746685546.5651739,15961446.0
1746685546.635331,15995347.0
1746685546.711575,16029316.0
1746685546.773216,16063290.0
1746685546.8597534,16097331.0
1746685546.928425,16131379.0
1746685547.006564,16165461.0
1746685547.078495,16199577.0
1746685547.155827,16233761.0
1746685547.2211816,16267947.0
1746685547.3013594,16302167.0
1746685547.3777812,16336430.0
1746685547.4798262,16371337.0
1746685547.5454588,16406248.0
1746685547.6110237,16441161.0
1746685547.673157,16476074.0
1746685547.7541885,16510991.0
1746685547.817222,16545909.0
1746685547.892924,16580829.0
1746685547.961677,16615751.0
1746685548.0351648,16650675.0
1746685548.1005468,16685605.0
1746685548.162194,16720536.0
1746685548.236638,16755467.0
1746685548.3043458,16790398.0
1746685548.3763666,16825330.0
1746685548.4402015,16860264.0
1746685548.5082421,16895202.0
1746685548.5764506,16930142.0
1746685548.645144,16965085.0
1746685548.7127643,17000029.0
1746685548.7802558,17034973.0
1746685548.8442154,17069959.0
1746685548.9446132,17104945.0
1746685549.0315332,17140126.0
1746685549.0921102,17175309.0
1746685549.1521864,17210494.0
1746685549.2284667,17245685.0
1746685549.2925477,17280878.0
1746685549.3645594,17316074.0
1746685549.4689057,17351400.0
1746685549.5383155,17386728.0
1746685549.608725,17422058.0
1746685549.6765938,17457391.0
1746685549.754751,17492790.0
1746685549.8205848,17528189.0
1746685549.8934898,17563622.0
1746685549.9695947,17599219.0
1746685550.031519,17634819.0
1746685550.1043565,17670423.0
1746685550.1723812,17706029.0
1746685550.2359977,17741637.0
1746685550.3162246,17777346.0
1746685550.382816,17813060.0
1746685550.4446096,17848775.0
1746685550.5323553,17884524.0
1746685550.6083465,17920305.0
1746685550.6765065,17956120.0
1746685550.748419,17992001.0
1746685550.8083298,18027884.0
1746685550.8811162,18063803.0
1746685550.9565248,18099791.0
1746685551.0206516,18135781.0
1746685551.0931048,18171805.0
1746685551.181088,18207896.0
1746685551.2484229,18243990.0
1746685551.331279,18280118.0
1746685551.4104762,18316281.0
1746685551.497348,18352482.0
1746685551.5767012,18388754.0
1746685551.6404865,18425027.0
1746685551.713546,18461367.0
1746685551.7793021,18497707.0
1746685551.85683,18534079.0
1746685551.9284897,18570518.0
1746685551.9883506,18606958.0
1746685552.0586154,18643435.0
1746685552.1493628,18680012.0
1746685552.2197056,18716591.0
1746685552.287144,18753172.0
1746685552.3713446,18789820.0
1746685552.4431872,18826473.0
1746685552.5166414,18863162.0
1746685552.5930998,18899916.0
1746685552.6688082,18936675.0
1746685552.7527273,18973600.0
1746685552.8207345,19010525.0
1746685552.8927708,19047454.0
1746685552.9705248,19084385.0
1746685553.0441754,19121318.0
1746685553.1395419,19158288.0
1746685553.2157195,19195292.0
1746685553.297076,19232334.0
1746685553.3757627,19269508.0
1746685553.4367757,19306685.0
1746685553.5007892,19343867.0
1746685553.5648863,19381052.0
1746685553.6536486,19418311.0
1746685553.723892,19455572.0
1746685553.808117,19492864.0
1746685553.8784716,19530224.0
1746685553.9409811,19567589.0
1746685554.0169923,19604988.0
1746685554.1091347,19642584.0
1746685554.173669,19680183.0
1746685554.2372382,19717785.0
1746685554.3089418,19755391.0
1746685554.3768747,19792999.0
1746685554.4423697,19830610.0
1746685554.5374608,19868319.0
1746685554.6008348,19906029.0
1746685554.6651175,19943743.0
1746685554.7510362,19981491.0
1746685554.824902,20019312.0
1746685554.8929045,20057137.0
1746685554.965032,20094995.0
1746685555.0451689,20132889.0
1746685555.1211722,20170854.0
1746685555.1814542,20208823.0
1746685555.2718992,20246860.0
1746685555.349407,20284901.0
1746685555.4294279,20322980.0
1746685555.5055685,20361128.0
1746685555.5686722,20399277.0
1746685555.6532767,20437462.0
1746685555.7297308,20475682.0
1746685555.8113484,20514067.0
1746685555.8729618,20552456.0
1746685555.9374561,20590846.0
1746685556.001201,20629244.0
1746685556.066624,20667647.0
1746685556.1585827,20706086.0
1746685556.2375178,20744562.0
1746685556.313925,20783075.0
1746685556.397433,20821624.0
1746685556.4805837,20860208.0
1746685556.5656812,20899022.0
1746685556.6446497,20937843.0
1746685556.7182841,20976668.0
1746685556.7893875,21015494.0
1746685556.8657894,21054325.0
1746685556.9400103,21093158.0
1746685557.0093024,21131995.0
1746685557.077451,21170841.0
1746685557.1581686,21209752.0
1746685557.2279818,21248669.0
1746685557.316874,21287623.0
1746685557.391045,21326705.0
1746685557.4574504,21365793.0
1746685557.525331,21404884.0
1746685557.5896063,21443979.0
1746685557.6779473,21483108.0
1746685557.75361,21522276.0
1746685557.8299146,21561515.0
1746685557.892718,21600757.0
1746685557.9736576,21640193.0
1746685558.037116,21679633.0
1746685558.1016002,21719077.0
1746685558.1718435,21758523.0
1746685558.2415817,21797973.0
1746685558.3132815,21837423.0
1746685558.4056523,21876909.0
1746685558.4868546,21916463.0
1746685558.5475192,21956017.0
1746685558.6296518,21995609.0
1746685558.70934,22035237.0
1746685558.7961097,22074902.0
1746685558.8856647,22114604.0
1746685558.9695902,22154440.0
1746685559.0447176,22194281.0
1746685559.1123989,22234122.0
1746685559.1775267,22273966.0
1746685559.272883,22313882.0
1746685559.3348653,22353801.0
1746685559.424103,22393757.0
1746685559.520348,22433973.0
1746685559.585709,22474190.0
1746685559.650162,22514410.0
1746685559.713314,22554630.0
1746685559.7845516,22594852.0
1746685559.8537252,22635079.0
1746685559.921251,22675309.0
1746685559.9878035,22715541.0
1746685560.0855422,22755839.0
1746685560.1533425,22796140.0
1746685560.2247872,22836475.0
1746685560.297135,22876845.0
1746685560.3688548,22917281.0
1746685560.4303184,22957722.0
1746685560.50529,22998198.0
1746685560.5770848,23038772.0
1746685560.6385167,23079347.0
1746685560.704947,23119924.0
1746685560.7849247,23160537.0
1746685560.8570116,23201218.0
1746685560.9183633,23241902.0
1746685560.9928257,23282689.0
1746685561.0566769,23323479.0
1746685561.1162212,23364272.0
1746685561.2157168,23405101.0
1746685561.2957635,23445996.0
1746685561.3678539,23486894.0
1746685561.4452546,23527857.0
1746685561.5091593,23568820.0
1746685561.584985,23609885.0
1746685561.6553307,23650953.0
1746685561.714578,23692023.0
1746685561.8078594,23733385.0
1746685561.868811,23774747.0
1746685561.9365537,23816113.0
1746685561.9965656,23857481.0
1746685562.0605378,23898852.0
1746685562.120433,23940227.0
1746685562.1885192,23981605.0
1746685562.248618,24022985.0
1746685562.3129694,24064367.0
1746685562.409454,24105783.0
1746685562.4833393,24147267.0
1746685562.5423274,24188753.0
1746685562.620954,24230435.0
1746685562.684905,24272123.0
1746685562.7528775,24313816.0
1746685562.8168378,24355510.0
1746685562.880842,24397206.0
1746685562.9447284,24438904.0
1746685563.032898,24480670.0
1746685563.0954869,24522438.0
1746685563.1726725,24564274.0
1746685563.2352242,24606114.0
1746685563.3208492,24648022.0
1746685563.3846443,24689931.0
1746685563.4608681,24731874.0
1746685563.5329835,24773850.0
1746685563.62381,24815895.0
1746685563.6892803,24857942.0
1746685563.7646365,24900021.0
1746685563.8489404,24942425.0
1746685563.9168851,24984836.0
1746685563.9876246,25027249.0
1746685564.0607326,25069664.0
1746685564.1316166,25112082.0
1746685564.196587,25154504.0
1746685564.2605886,25196928.0
1746685564.3254738,25239354.0
1746685564.3965502,25281781.0
1746685564.4581423,25324210.0
1746685564.5612745,25366705.0
1746685564.636466,25409200.0
1746685564.7111616,25451762.0
1746685564.7762895,25494324.0
1746685564.8485227,25536922.0
1746685564.9236436,25579555.0
1746685564.994191,25622225.0
1746685565.0647476,25664935.0
1746685565.1406586,25707777.0
1746685565.2154396,25750621.0
1746685565.2846117,25793469.0
1746685565.3525496,25836321.0
1746685565.4354577,25879209.0
1746685565.5092273,25922133.0
1746685565.5914571,25965093.0
1746685565.6680892,26008087.0
1746685565.7366228,26051114.0
1746685565.8087785,26094177.0
1746685565.8811781,26137307.0
1746685565.9462504,26180438.0
1746685566.0248423,26223605.0
1746685566.096879,26266808.0
1746685566.1758587,26310081.0
1746685566.240813,26353360.0
1746685566.319695,26396675.0
1746685566.391488,26440026.0
1746685566.475781,26483512.0
1746685566.5475018,26527003.0
1746685566.6129463,26570496.0
1746685566.6769357,26613993.0
1746685566.7882807,26657559.0
1746685566.8610544,26701128.0
1746685566.9479263,26744764.0
1746685567.0177228,26788403.0
1746685567.107937,26832076.0
1746685567.1812189,26875786.0
1746685567.2574043,26919565.0
1746685567.3278656,26963348.0
1746685567.4199522,27007174.0
1746685567.510054,27051170.0
1746685567.5819495,27095169.0
1746685567.648204,27139171.0
1746685567.726436,27183177.0
1746685567.8014512,27227191.0
1746685567.8943703,27271272.0
1746685567.9576151,27315354.0
1746685568.045881,27359472.0
1746685568.1253493,27403656.0
1746685568.1890724,27447841.0
1746685568.2734923,27492095.0
1746685568.335704,27536351.0
1746685568.4419193,27580650.0
1746685568.5178716,27625017.0
1746685568.588213,27669387.0
1746685568.6816075,27713828.0
1746685568.7494206,27758276.0
1746685568.8345118,27802797.0
1746685568.9018564,27847322.0
1746685568.9925375,27891883.0
1746685569.0656657,27936486.0
1746685569.148368,27981124.0
1746685569.2257967,28025799.0
1746685569.319137,28070575.0
1746685569.3938086,28115351.0
1746685569.461768,28160129.0
1746685569.5501735,28204944.0
1746685569.634345,28249828.0
1746685569.7127893,28294719.0
1746685569.812201,28339710.0
1746685569.8860078,28384705.0
1746685569.9624093,28429706.0
1746685570.0542128,28474745.0
1746685570.133909,28519855.0
1746685570.2048852,28564972.0
1746685570.2859364,28610123.0
1746685570.3739934,28655348.0
1746685570.446542,28700577.0
1746685570.541969,28746161.0
1746685570.6164932,28791748.0
1746685570.684593,28837335.0
1746685570.749828,28882923.0
1746685570.8242347,28928513.0
1746685570.898219,28974106.0
1746685570.972096,29019703.0
1746685571.0416052,29065302.0
1746685571.1163828,29110903.0
1746685571.1825812,29156509.0
1746685571.2572782,29202118.0
1746685571.3258858,29247734.0
1746685571.4204834,29293420.0
1746685571.4852223,29339106.0
1746685571.565578,29384893.0
1746685571.6292412,29430682.0
1746685571.6971402,29476473.0
1746685571.7774246,29522333.0
1746685571.8415747,29568194.0
1746685571.9199862,29614121.0
1746685571.9916184,29660050.0
1746685572.0690556,29706047.0
1746685572.139786,29752051.0
1746685572.2213407,29798281.0
1746685572.2885313,29844514.0
1746685572.356357,29890751.0
1746685572.433589,29936990.0
1746685572.501516,29983233.0
1746685572.5730135,30029477.0
1746685572.6452935,30075721.0
1746685572.739622,30122000.0
1746685572.8170109,30168346.0
1746685572.891714,30214693.0
1746685572.971136,30261107.0
1746685573.036619,30307523.0
1746685573.1215177,30353977.0
1746685573.2129686,30400721.0
1746685573.2850828,30447467.0
1746685573.3554194,30494218.0
1746685573.4278653,30540970.0
1746685573.4927294,30587726.0
1746685573.563761,30634487.0
1746685573.636972,30681250.0
1746685573.7048457,30728015.0
1746685573.7702,30774783.0
1746685573.8687577,30821614.0
1746685573.9324367,30868447.0
1746685574.009145,30915316.0
1746685574.0850165,30962247.0
1746685574.1455643,31009179.0
1746685574.2292497,31056178.0
1746685574.289152,31103178.0
1746685574.3612432,31150214.0
1746685574.4409614,31197381.0
1746685574.508732,31244551.0
1746685574.5763052,31291721.0
1746685574.636678,31338895.0
1746685574.7124171,31386106.0
1746685574.7925174,31433388.0
1746685574.8631585,31480670.0
1746685574.9431815,31527986.0
1746685575.0165684,31575335.0
1746685575.098408,31622816.0
1746685575.1725676,31670301.0
1746685575.2436967,31717786.0
1746685575.319219,31765273.0
1746685575.3955915,31812828.0
1746685575.4582362,31860387.0
1746685575.536649,31907980.0
1746685575.627594,31955896.0
1746685575.696662,32003815.0
1746685575.768881,32051735.0
1746685575.8434658,32099657.0
1746685575.9043064,32147584.0
1746685575.9727633,32195516.0
1746685576.036899,32243448.0
1746685576.1072433,32291380.0
1746685576.179049,32339312.0
1746685576.2432246,32387244.0
1746685576.3365514,32435275.0
1746685576.3979464,32483306.0
1746685576.4642015,32531339.0
1746685576.5472348,32579472.0
1746685576.6162443,32627608.0
1746685576.6873143,32675747.0
1746685576.7674603,32723919.0
1746685576.8430142,32772124.0
1746685576.9166625,32820365.0
1746685576.9843187,32868641.0
1746685577.060406,32916987.0
1746685577.125588,32965339.0
1746685577.2124312,33014267.0
1746685577.2806013,33063197.0
1746685577.3442483,33112127.0
1746685577.4082522,33161060.0
1746685577.4722452,33209996.0
1746685577.532433,33258933.0
1746685577.5990856,33307871.0
1746685577.6641479,33356811.0
1746685577.7256846,33405754.0
1746685577.7927535,33454700.0
1746685577.8607721,33503646.0
1746685577.920988,33552592.0
1746685577.9916162,33601541.0
1746685578.062097,33650491.0
1746685578.125229,33699443.0
1746685578.1959796,33748399.0
1746685578.27623,33797356.0
1746685578.342024,33846315.0
1746685578.4187498,33895275.0
1746685578.5081468,33944301.0
1746685578.5840619,33993330.0
1746685578.6666036,34042393.0
1746685578.748296,34091491.0
1746685578.8209538,34140656.0
1746685578.8817956,34189823.0
1746685578.9602568,34239027.0
1746685579.0353165,34288297.0
1746685579.107007,34337569.0
1746685579.1884234,34386877.0
1746685579.26439,34436219.0
1746685579.3490083,34485631.0
1746685579.412314,34535045.0
1746685579.4925463,34584557.0
1746685579.5603173,34634072.0
1746685579.6245153,34683589.0
1746685579.7082508,34733269.0
1746685579.7723966,34782949.0
1746685579.834204,34832631.0
1746685579.906619,34882314.0
1746685579.96818,34931999.0
1746685580.0531085,34981720.0
1746685580.1271107,35031475.0
1746685580.19645,35081264.0
1746685580.2821188,35131088.0
1746685580.3605723,35180947.0
1746685580.4375997,35231097.0
1746685580.5045393,35281252.0
1746685580.5687592,35331410.0
1746685580.6467793,35381570.0
1746685580.708328,35431734.0
1746685580.7674317,35481901.0
1746685580.8337085,35532071.0
1746685580.9098997,35582241.0
1746685580.9724557,35632411.0
1746685581.0567923,35682613.0
1746685581.1241548,35732848.0
1746685581.1978376,35783215.0
1746685581.2647512,35833582.0
1746685581.3348823,35883949.0
1746685581.4028459,35934317.0
1746685581.4867146,35984721.0
1746685581.5602462,36035161.0
1746685581.639181,36085735.0
1746685581.7001493,36136311.0
1746685581.7642338,36186889.0
1746685581.8309076,36237471.0
1746685581.916471,36288218.0
1746685581.9841266,36338968.0
1746685582.0419128,36389720.0
1746685582.1100283,36440473.0
1746685582.1720352,36491226.0
1746685582.2541873,36542078.0
1746685582.316597,36592933.0
1746685582.3859673,36643788.0
1746685582.46431,36694674.0
1746685582.5484333,36745595.0
1746685582.6231732,36796553.0
1746685582.7004836,36847547.0
1746685582.7728207,36898577.0
1746685582.8446515,36949642.0
1746685582.9173117,37000775.0
1746685582.9801533,37051909.0
1746685583.0646515,37103209.0
1746685583.1391494,37154513.0
1746685583.2151911,37205820.0
1746685583.2782073,37257129.0
1746685583.3552058,37308438.0
1746685583.4406028,37359814.0
1746685583.5083215,37411193.0
1746685583.5798569,37462605.0
1746685583.656453,37514179.0
1746685583.7203104,37565755.0
1746685583.7924333,37617336.0
1746685583.860449,37668920.0
1746685583.93655,37720507.0
1746685584.0277205,37772194.0
1746685584.099204,37823883.0
1746685584.160407,37875574.0
1746685584.2437496,37927335.0
1746685584.31257,37979099.0
1746685584.3927236,38030900.0
1746685584.4687064,38082736.0
1746685584.5477824,38134669.0
1746685584.6178336,38186606.0
1746685584.6799834,38238546.0
1746685584.7573054,38290616.0
1746685584.8211758,38342688.0
1746685584.8845463,38394761.0
1746685584.9485652,38446839.0
1746685585.039586,38499113.0
1746685585.1084895,38551391.0
1746685585.1891115,38603672.0
1746685585.2530196,38655955.0
1746685585.32723,38708239.0
1746685585.3993442,38760528.0
1746685585.4860094,38812949.0
1746685585.5533898,38865373.0
1746685585.6191869,38917797.0
1746685585.6843867,38970221.0
1746685585.7714007,39022713.0
1746685585.8380072,39075208.0
1746685585.9102068,39127768.0
1746685585.9805048,39180330.0
1746685586.0609503,39233151.0
1746685586.1287868,39285977.0
1746685586.190702,39338805.0
1746685586.2604635,39391637.0
1746685586.3243816,39444472.0
1746685586.388425,39497310.0
1746685586.452906,39550150.0
1746685586.5231218,39602991.0
1746685586.6206686,39655868.0
1746685586.696466,39708782.0
1746685586.7850244,39761762.0
1746685586.856488,39814742.0
1746685586.92898,39867756.0
1746685587.000538,39920804.0
1746685587.0813255,39973920.0
1746685587.1445012,40027038.0
1746685587.225017,40080286.0
1746685587.2876844,40133538.0
1746685587.3527975,40186793.0
1746685587.4190784,40240053.0
1746685587.497571,40293348.0
1746685587.5728264,40346680.0
1746685587.6486056,40400045.0
1746685587.724626,40453573.0
1746685587.7955298,40507102.0
1746685587.8648071,40560635.0
1746685587.9324489,40614169.0
1746685588.0045242,40667704.0
1746685588.084757,40721307.0
1746685588.1484852,40774913.0
1746685588.2246308,40828650.0
1746685588.2925308,40882390.0
1746685588.3632472,40936131.0
1746685588.435541,40989878.0
1746685588.5254745,41043691.0
1746685588.599255,41097509.0
1746685588.6771548,41151393.0
1746685588.7444513,41205279.0
1746685588.8272898,41259263.0
1746685588.8929405,41313249.0
1746685588.960969,41367236.0
1746685589.0425398,41421326.0
1746685589.1050873,41475416.0
1746685589.1685185,41529507.0
1746685589.2566993,41583761.0
1746685589.328702,41638018.0
1746685589.3964891,41692277.0
1746685589.4678094,41746538.0
1746685589.5293007,41800799.0
1746685589.6183925,41855323.0
1746685589.6863048,41909849.0
1746685589.748368,41964380.0
1746685589.8123724,42018912.0
1746685589.8763092,42073446.0
1746685589.9407587,42127982.0
1746685590.0007823,42182518.0
1746685590.068424,42237054.0
1746685590.1606553,42291627.0
1746685590.2300682,42346235.0
1746685590.3018289,42400878.0
1746685590.3807971,42455684.0
1746685590.4461007,42510492.0
1746685590.5210721,42565303.0
1746685590.585089,42620116.0
1746685590.652395,42674931.0
1746685590.7482173,42729818.0
1746685590.8194747,42784705.0
1746685590.8924696,42839628.0
1746685590.9685583,42894713.0
1746685591.0371256,42949799.0
1746685591.1070793,43004887.0
1746685591.172763,43059976.0
1746685591.2362354,43115065.0
1746685591.3165665,43170193.0
1746685591.3925169,43225388.0
1746685591.4590793,43280585.0
1746685591.5501003,43335849.0
1746685591.620653,43391115.0
1746685591.6924577,43446418.0
1746685591.7645247,43501788.0
1746685591.8352787,43557160.0
1746685591.9198146,43612604.0
1746685591.9844153,43668048.0
1746685592.067568,43723561.0
1746685592.1366901,43779075.0
1746685592.2126257,43834622.0
1746685592.295345,43890302.0
1746685592.360494,43945983.0
1746685592.4331524,44001666.0
1746685592.5005116,44057351.0
1746685592.5887787,44113167.0
1746685592.6673331,44168985.0
1746685592.7332015,44224804.0
1746685592.800495,44280624.0
1746685592.8847904,44336546.0
1746685592.9524868,44392471.0
1746685593.0205207,44448398.0
1746685593.112062,44504397.0
1746685593.1743665,44560396.0
1746685593.2553704,44616559.0
1746685593.323255,44672724.0
1746685593.392828,44728889.0
1746685593.4568067,44785058.0
1746685593.5215666,44841227.0
1746685593.6152973,44897494.0
1746685593.6844077,44953765.0
1746685593.756489,45010038.0
1746685593.8409631,45066602.0
1746685593.9043193,45123166.0
1746685593.96919,45179732.0
1746685594.0322208,45236301.0
1746685594.0942917,45292872.0
1746685594.1567583,45349445.0
1746685594.2282965,45406025.0
1746685594.2922487,45462605.0
1746685594.364237,45519188.0
1746685594.463609,45575902.0
1746685594.5282106,45632616.0
1746685594.5924482,45689333.0
1746685594.6521916,45746050.0
1746685594.736738,45802866.0
1746685594.810996,45859685.0
1746685594.8805084,45916505.0
1746685594.969886,45973391.0
1746685595.0470934,46030277.0
1746685595.127109,46087198.0
1746685595.204415,46144221.0
1746685595.272341,46201246.0
1746685595.3362813,46258274.0
1746685595.4205322,46315341.0
1746685595.4903865,46372442.0
1746685595.562392,46429579.0
1746685595.6452534,46486943.0
1746685595.7151768,46544307.0
1746685595.7843583,46601674.0
1746685595.8523138,46659042.0
1746685595.92742,46716413.0
1746685595.9890196,46773788.0
1746685596.0643861,46831163.0
1746685596.1498723,46888604.0
1746685596.2202246,46946045.0
1746685596.3073926,47003553.0
1746685596.376796,47061066.0
1746685596.4583182,47118646.0
1746685596.524837,47176229.0
1746685596.6044593,47233880.0
1746685596.6697748,47291533.0
1746685596.7413735,47349378.0
1746685596.804178,47407226.0
1746685596.8682115,47465074.0
1746685596.9362829,47522927.0
1746685597.0041733,47580781.0
1746685597.0762525,47638639.0
1746685597.1627462,47696566.0
1746685597.2350729,47754493.0
1746685597.3128672,47812518.0
1746685597.376195,47870543.0
1746685597.4362054,47928570.0
1746685597.5151536,47986633.0
1746685597.5933437,48044732.0
1746685597.6725183,48102868.0
1746685597.760176,48161105.0
1746685597.8324447,48219342.0
1746685597.8967667,48277582.0
1746685597.9806976,48335957.0
1746685598.0478756,48394334.0
1746685598.1151407,48452715.0
1746685598.1794457,48511097.0
1746685598.2606955,48569611.0
1746685598.3243213,48628130.0
1746685598.388367,48686649.0
1746685598.4565332,48745168.0
1746685598.5410087,48803720.0
1746685598.6131916,48862340.0
1746685598.6786344,48920961.0
1746685598.752644,48979647.0
1746685598.8164935,49038338.0
1746685598.9048376,49097100.0
1746685598.9704003,49155865.0
1746685599.0515501,49214698.0
1746685599.1170816,49273538.0
1746685599.193149,49332444.0
1746685599.2606277,49391356.0
1746685599.343845,49450429.0
1746685599.4154112,49509506.0
1746685599.4805915,49568588.0
1746685599.5494754,49627671.0
1746685599.613023,49686754.0
1746685599.7028217,49746093.0
1746685599.7633657,49805435.0
1746685599.8248296,49864779.0
1746685599.8845146,49924123.0
1746685599.952736,49983470.0
1746685600.0204833,50042821.0
1746685600.0890944,50102175.0
1746685600.152664,50161530.0
1746685600.2411861,50220925.0
1746685600.3151793,50280385.0
1746685600.3843591,50339849.0
1746685600.4605668,50399410.0
1746685600.5277398,50458974.0
1746685600.595642,50518541.0
1746685600.6724424,50578238.0
1746685600.7321954,50637935.0
1746685600.8010235,50697634.0
1746685600.87108,50757336.0
1746685600.9485605,50817073.0
1746685601.0275,50876844.0
1746685601.1004732,50936648.0
1746685601.1768413,50996489.0
1746685601.2516332,51056396.0
1746685601.3168337,51116305.0
1746685601.3943284,51176348.0
1746685601.4604733,51236394.0
1746685601.5308473,51296445.0
1746685601.5964534,51356497.0
1746685601.6806738,51416617.0
1746685601.7453058,51476742.0
1746685601.8246343,51536965.0
1746685601.8823454,51597188.0
1746685601.9443846,51657412.0
1746685602.0354269,51717706.0
1746685602.1004663,51778001.0
1746685602.181223,51838364.0
1746685602.2484512,51898727.0
1746685602.3246424,51959159.0
1746685602.392834,52019593.0
1746685602.4651613,52080059.0
1746685602.5617862,52140691.0
1746685602.6330101,52201323.0
1746685602.7003744,52261959.0
1746685602.764416,52322596.0
1746685602.8365102,52383236.0
1746685602.920001,52443948.0
1746685602.9772146,52504660.0
1746685603.0565145,52565500.0
1746685603.120437,52626342.0
1746685603.1924493,52687187.0
1746685603.2678106,52748033.0
1746685603.3569407,52808916.0
1746685603.4366682,52869866.0
1746685603.5045025,52930820.0
1746685603.5810401,52991841.0
1746685603.6486142,53052863.0
1746685603.7354965,53113956.0
1746685603.7993042,53175053.0
1746685603.8720033,53236219.0
1746685603.938487,53297387.0
1746685604.0130346,53358591.0
1746685604.0887465,53419898.0
1746685604.1528502,53481206.0
1746685604.219889,53542515.0
1746685604.3090105,53604050.0
1746685604.3810096,53665589.0
1746685604.4527924,53727129.0
1746685604.517075,53788672.0
1746685604.5805633,53850215.0
1746685604.6445324,53911763.0
1746685604.7085953,53973312.0
1746685604.7993543,54034991.0
1746685604.8608024,54096674.0
1746685604.9285305,54158360.0
1746685604.9928195,54220048.0
1746685605.0793974,54281802.0
1746685605.144546,54343560.0
1746685605.2207706,54405391.0
1746685605.28057,54467223.0
1746685605.3637116,54529122.0
1746685605.4286623,54591022.0
1746685605.5074425,54652957.0
1746685605.5889916,54714963.0
1746685605.667529,54776972.0
1746685605.7452807,54839018.0
1746685605.829155,54901200.0
1746685605.8998349,54963384.0
1746685605.9675326,55025571.0
1746685606.0395958,55087763.0
1746685606.1293244,55150023.0
1746685606.1929595,55212289.0
1746685606.2757864,55274590.0
1746685606.3508935,55336928.0
1746685606.426487,55399337.0
1746685606.4899747,55461747.0
1746685606.5652401,55524190.0
1746685606.645477,55586734.0
1746685606.707794,55649281.0
1746685606.779244,55711830.0
1746685606.8718517,55774413.0
1746685606.9524632,55837067.0
1746685607.0218334,55899726.0
1746685607.105624,55962449.0
1746685607.1801252,56025175.0
1746685607.2678177,56087939.0
1746685607.342783,56150773.0
1746685607.409497,56213612.0
1746685607.5022635,56276774.0
1746685607.5651739,56339937.0
1746685607.626259,56403103.0
1746685607.6940956,56466271.0
1746685607.7568622,56529439.0
1746685607.816816,56592609.0
1746685607.8849127,56655782.0
1746685607.9554563,56718959.0
1746685608.0238464,56782137.0
1746685608.0916595,56845319.0
1746685608.159446,56908504.0
1746685608.2330265,56971725.0
1746685608.321671,57034987.0
1746685608.3936167,57098285.0
1746685608.4692607,57161650.0
1746685608.5304813,57225019.0
1746685608.6050956,57288425.0
1746685608.6773071,57351871.0
1746685608.749283,57415386.0
1746685608.8129878,57478903.0
1746685608.8933165,57542676.0
1746685608.953645,57606453.0
1746685609.0169475,57670231.0
1746685609.0768769,57734015.0
1746685609.1455674,57797799.0
1746685609.206559,57861587.0
1746685609.273398,57925376.0
1746685609.3406599,57989165.0
1746685609.4534476,58053340.0
1746685609.5198543,58117517.0
1746685609.5808916,58181696.0
1746685609.644711,58245877.0
1746685609.7157407,58310061.0
1746685609.7806816,58374251.0
1746685609.8492298,58438444.0
1746685609.917187,58502637.0
1746685609.983697,58566830.0
1746685610.0440798,58631023.0
1746685610.1041706,58695217.0
1746685610.172495,58759416.0
1746685610.2363338,58823615.0
1746685610.3082423,58887849.0
1746685610.383265,58952151.0
1746685610.4440763,59016453.0
1746685610.516965,59080787.0
1746685610.5922458,59145218.0
1746685610.6686156,59209653.0
1746685610.7281299,59274088.0
1746685610.79743,59338559.0
1746685610.8616416,59403069.0
1746685610.9361784,59467807.0
1746685610.9995086,59532547.0
1746685611.0643148,59597287.0
1746685611.1241024,59662030.0
1746685611.180866,59726775.0
1746685611.2522128,59791523.0
1746685611.3165934,59856271.0
1746685611.4084065,59921213.0
1746685611.4683197,59986158.0
1746685611.5288093,60051103.0
1746685611.5922225,60116048.0
1746685611.660058,60180993.0
1746685611.7242672,60245938.0
1746685611.8082469,60310948.0
1746685611.8804018,60375960.0
1746685611.9624696,60441076.0
1746685612.0219867,60506195.0
1746685612.087844,60571314.0
1746685612.164133,60636467.0
1746685612.2283378,60701688.0
1746685612.2988071,60766911.0
1746685612.3764954,60832202.0
1746685612.4358132,60897493.0
1746685612.5122547,60962882.0
1746685612.5690472,61028273.0
1746685612.6363788,61093664.0
1746685612.71322,61159089.0
1746685612.7922275,61224579.0
1746685612.8520565,61290072.0
1746685612.9285352,61355630.0
1746685612.9936793,61421188.0
1746685613.0679982,61486786.0
1746685613.1444175,61552421.0
1746685613.216131,61618120.0
1746685613.2824552,61683821.0
1746685613.3521082,61749589.0
1746685613.4178755,61815360.0
1746685613.4928157,61881264.0
1746685613.5541208,61947169.0
1746685613.6141286,62013076.0
1746685613.6829717,62078987.0
1746685613.768487,62144995.0
1746685613.8402324,62211005.0
1746685613.9163723,62277015.0
1746685613.9923778,62343061.0
1746685614.0715132,62409173.0
1746685614.136239,62475286.0
1746685614.2083156,62541438.0
1746685614.288957,62607817.0
1746685614.3482249,62674196.0
1746685614.4191394,62740578.0
1746685614.4870253,62806961.0
1746685614.555786,62873348.0
1746685614.6161249,62939738.0
1746685614.684227,63006129.0
1746685614.7684531,63072620.0
1746685614.8262255,63139115.0
1746685614.8990605,63205610.0
1746685614.9792926,63272173.0
1746685615.0402496,63338736.0
1746685615.1164424,63405400.0
1746685615.1866596,63472065.0
1746685615.2482324,63538732.0
1746685615.3446543,63605471.0
1746685615.41929,63672212.0
1746685615.4966304,63739180.0
1746685615.5564294,63806151.0
1746685615.6236315,63873123.0
1746685615.6875181,63940100.0
1746685615.75013,64007081.0
1746685615.8285644,64074064.0
1746685615.900542,64141049.0
1746685615.9903114,64208071.0
1746685616.060398,64275155.0
1746685616.1202984,64342241.0
1746685616.192433,64409424.0
1746685616.2603958,64476611.0
1746685616.3284812,64543799.0
1746685616.4127445,64611024.0
1746685616.507848,64678288.0
1746685616.5805862,64745586.0
1746685616.6688156,64813079.0
1746685616.7516737,64880575.0
1746685616.8166347,64948072.0
1746685616.8846202,65015573.0
1746685616.9505029,65083077.0
1746685617.0203552,65150581.0
1746685617.1313956,65218249.0
1746685617.204397,65285921.0
1746685617.2722833,65353593.0
1746685617.3403046,65421266.0
1746685617.411143,65488939.0
1746685617.496496,65556651.0
1746685617.5771751,65624462.0
1746685617.640575,65692275.0
1746685617.7151923,65760093.0
1746685617.8037126,65827947.0
1746685617.8772273,65895836.0
1746685617.9528062,65963760.0
1746685618.0368738,66031718.0
1746685618.1088037,66099712.0
1746685618.1806498,66167775.0
1746685618.2485538,66235841.0
1746685618.3287766,66304070.0
1746685618.393798,66372304.0
1746685618.4637964,66440538.0
1746685618.5431974,66508772.0
1746685618.6050205,66577006.0
1746685618.6927154,66645310.0
1746685618.7637053,66713615.0
1746685618.8366346,66781953.0
1746685618.9125237,66850327.0
1746685618.989442,66918833.0
1746685619.0617807,66987343.0
1746685619.1244028,67055855.0
1746685619.1925602,67124370.0
1746685619.284777,67193083.0
1746685619.3476083,67261802.0
1746685619.4130476,67330523.0
1746685619.4875045,67399245.0
1746685619.5483835,67467968.0
1746685619.6084464,67536695.0
1746685619.6967819,67605682.0
1746685619.7569232,67674669.0
1746685619.824866,67743659.0
1746685619.8884778,67812649.0
1746685619.9551184,67881640.0
1746685620.0210543,67950634.0
1746685620.084677,68019628.0
1746685620.1522813,68088626.0
1746685620.2513585,68157660.0
1746685620.3245637,68226730.0
1746685620.4005957,68295899.0
1746685620.4671934,68365074.0
1746685620.5367446,68434250.0
1746685620.618728,68503493.0
1746685620.6850102,68572739.0
1746685620.7647426,68642120.0
1746685620.8321931,68711503.0
1746685620.890051,68780886.0
1746685620.9591548,68850270.0
1746685621.050324,68919784.0
1746685621.1190639,68989299.0
1746685621.1844232,69058815.0
1746685621.2442307,69128332.0
1746685621.3212028,69197887.0
1746685621.3967698,69267479.0
1746685621.4687128,69337137.0
1746685621.5357533,69406796.0
1746685621.6051044,69476491.0
1746685621.6805358,69546285.0
1746685621.7378054,69616083.0
1746685621.8064842,69685885.0
1746685621.8846507,69755725.0
1746685621.9569364,69825600.0
1746685622.0327058,69895507.0
1746685622.104611,69965449.0
1746685622.1768007,70035457.0
1746685622.2446315,70105469.0
1746685622.321146,70175515.0
1746685622.401309,70245629.0
1746685622.4622347,70315746.0
1746685622.539675,70385899.0
1746685622.6077487,70456084.0
1746685622.6770694,70526303.0
1746685622.7488418,70596626.0
1746685622.814394,70666949.0
1746685622.8833115,70737275.0
1746685622.9653075,70807639.0
1746685623.044754,70878040.0
1746685623.1166205,70948508.0
1746685623.1764557,71018977.0
1746685623.263548,71089545.0
1746685623.3357348,71160114.0
1746685623.4087062,71230689.0
1746685623.496995,71301364.0
1746685623.5585337,71372040.0
1746685623.6247313,71442720.0
1746685623.7105925,71513598.0
1746685623.7772682,71584476.0
1746685623.8455772,71655356.0
1746685623.9275732,71726240.0
1746685623.9966817,71797125.0
1746685624.0654178,71868016.0
1746685624.1570067,71939041.0
1746685624.2317226,72010069.0
1746685624.305422,72081099.0
1746685624.376903,72152129.0
1746685624.4648778,72223226.0
1746685624.5286345,72294325.0
1746685624.615936,72365559.0
1746685624.6878572,72436795.0
1746685624.7552555,72508031.0
1746685624.8165967,72579270.0
1746685624.9053273,72650610.0
1746685624.9685476,72721950.0
1746685625.0325415,72793291.0
1746685625.1209877,72864671.0
1746685625.19033,72936117.0
1746685625.2651064,73007569.0
1746685625.3482091,73079058.0
1746685625.4329975,73150581.0
1746685625.5132315,73222270.0
1746685625.5834801,73293960.0
1746685625.6555476,73365652.0
1746685625.720754,73437348.0
1746685625.7887526,73509051.0
1746685625.8799748,73580791.0
1746685625.9544415,73652564.0
1746685626.033036,73724471.0
1746685626.1079507,73796381.0
1746685626.1698895,73868291.0
1746685626.2367964,73940201.0
1746685626.3316994,74012245.0
1746685626.3972826,74084291.0
1746685626.4606273,74156341.0
1746685626.5277562,74228394.0
1746685626.6171994,74300579.0
1746685626.6872325,74372768.0
1746685626.7486918,74444958.0
1746685626.8154514,74517149.0
1746685626.9065204,74589409.0
1746685626.9725828,74661672.0
1746685627.0488937,74734035.0
1746685627.1210532,74806399.0
1746685627.1927905,74878766.0
1746685627.2848504,74951170.0
1746685627.3586972,75023609.0
1746685627.4356117,75096148.0
1746685627.5051692,75168691.0
1746685627.5769854,75241235.0
1746685627.6635754,75313849.0
1746685627.732039,75386467.0
1746685627.8129044,75459216.0
1746685627.88258,75531969.0
1746685627.952734,75604722.0
1746685628.0207198,75677476.0
1746685628.1076338,75750299.0
1746685628.1731067,75823128.0
1746685628.2596526,75896024.0
1746685628.3212519,75968921.0
1746685628.3928347,76041854.0
1746685628.4648895,76114826.0
1746685628.5490317,76187897.0
1746685628.6145623,76260972.0
1746685628.681838,76334049.0
1746685628.7677684,76407162.0
1746685628.8491547,76480378.0
1746685628.9129443,76553600.0
1746685628.9852092,76626824.0
1746685629.081611,76700659.0
1746685629.1454012,76774495.0
1746685629.2172523,76848331.0
1746685629.2915556,76922169.0
1746685629.3544455,76996012.0
1746685629.4221718,77069857.0
1746685629.492976,77143703.0
1746685629.5673044,77217552.0
1746685629.6293817,77291405.0
1746685629.6967177,77365258.0
1746685629.7646642,77439114.0
1746685629.826052,77512973.0
1746685629.8993905,77586835.0
1746685629.9714036,77660703.0
1746685630.043035,77734576.0
1746685630.1165395,77808451.0
1746685630.187629,77882326.0
1746685630.2591188,77956201.0
1746685630.3293626,78030078.0
1746685630.399452,78103955.0
1746685630.5092933,78177934.0
1746685630.5805974,78251915.0
1746685630.6488266,78325897.0
1746685630.732955,78399945.0
1746685630.8006449,78473997.0
1746685630.8767087,78548084.0
1746685630.9526935,78622239.0
1746685631.0238502,78696396.0
1746685631.109088,78770588.0
1746685631.1846745,78844881.0
1746685631.2609959,78919179.0
1746685631.3284383,78993479.0
1746685631.4127033,79067974.0
1746685631.4773629,79142471.0
1746685631.5525186,79216969.0
1746685631.6272407,79291468.0
1746685631.6896348,79365972.0
1746685631.7582195,79440480.0
1746685631.8527749,79515021.0
1746685631.936669,79589693.0
1746685632.0088313,79664369.0
1746685632.0827138,79739047.0
1746685632.1549456,79813727.0
1746685632.237052,79888473.0
1746685632.3090727,79963221.0
1746685632.3845503,80038229.0
1746685632.4587255,80113240.0
1746685632.5325375,80188253.0
1746685632.5975378,80263268.0
1746685632.6643314,80338283.0
1746685632.7323189,80413302.0
1746685632.796452,80488322.0
1746685632.8611586,80563344.0
1746685632.9610074,80638658.0
1746685633.0367033,80714069.0
1746685633.1002443,80789480.0
1746685633.164133,80864894.0
1746685633.2323108,80940310.0
1746685633.2944307,81015728.0
1746685633.3559575,81091147.0
1746685633.4202619,81166570.0
1746685633.4821825,81241996.0
1746685633.5462599,81317425.0
1746685633.6090922,81392856.0
1746685633.6819007,81468289.0
1746685633.784481,81543755.0
1746685633.860359,81619258.0
1746685633.9323764,81694827.0
1746685633.996687,81770399.0
1746685634.0723083,81846005.0
1746685634.14835,81921773.0
1746685634.2163467,81997544.0
1746685634.2870238,82073318.0
1746685634.3550222,82149093.0
1746685634.416781,82224871.0
1746685634.5005846,82300683.0
1746685634.5726361,82376628.0
1746685634.6342962,82452575.0
1746685634.7003644,82528525.0
1746685634.770986,82604477.0
1746685634.8525221,82680497.0
1746685634.9158216,82756519.0
1746685634.9965067,82832671.0
1746685635.0603232,82908824.0
1746685635.128314,82984980.0
1746685635.199069,83061140.0
1746685635.2873342,83137367.0
1746685635.3563528,83213598.0
1746685635.432919,83289896.0
1746685635.5031877,83366194.0
1746685635.584647,83442687.0
1746685635.6524441,83519184.0
1746685635.7245066,83595685.0
1746685635.7889016,83672190.0
1746685635.8530295,83748697.0
1746685635.917335,83825206.0
1746685636.0131702,83901878.0
1746685636.076385,83978551.0
1746685636.1445007,84055227.0
1746685636.2165127,84131904.0
1746685636.2912533,84208584.0
1746685636.384731,84285302.0
1746685636.458668,84362118.0
1746685636.5208545,84438938.0
1746685636.5926957,84515760.0
1746685636.679941,84592615.0
1746685636.7566247,84669506.0
1746685636.8375063,84746435.0
1746685636.9157107,84823432.0
1746685636.9795444,84900433.0
1746685637.0608683,84977470.0
1746685637.1451817,85054767.0
1746685637.2210677,85132066.0
1746685637.2932267,85209366.0
1746685637.3566802,85286668.0
1746685637.4212298,85363972.0
1746685637.4890501,85441278.0
1746685637.556502,85518587.0
1746685637.6285443,85595897.0
1746685637.7248995,85673244.0
1746685637.8056512,85750754.0
1746685637.8725088,85828264.0
1746685637.943205,85905775.0
1746685638.0125175,85983290.0
1746685638.0853562,86060808.0
1746685638.1755402,86138362.0
1746685638.248505,86215984.0
1746685638.3125653,86293610.0
1746685638.391721,86371272.0
1746685638.4687705,86448970.0
1746685638.5410695,86526737.0
1746685638.604655,86604506.0
1746685638.685385,86682374.0
1746685638.7493832,86760246.0
1746685638.8167121,86838120.0
1746685638.903007,86916066.0
1746685638.974452,86994045.0
1746685639.0406432,87072025.0
1746685639.135801,87150328.0
1746685639.2118714,87228634.0
1746685639.2784295,87306946.0
1746685639.356896,87385262.0
1746685639.4223683,87463582.0
1746685639.4994817,87541907.0
1746685639.5688503,87620234.0
1746685639.64087,87698563.0
1746685639.7084045,87776895.0
1746685639.780851,87855230.0
1746685639.8528907,87933567.0
1746685639.9456708,88012038.0
1746685640.018325,88090510.0
1746685640.0910156,88168985.0
1746685640.157325,88247460.0
1746685640.2411697,88325967.0
1746685640.3208795,88404542.0
1746685640.3856452,88483119.0
1746685640.4691656,88561735.0
1746685640.5419877,88640481.0
1746685640.6049876,88719232.0
1746685640.6731954,88797989.0
1746685640.7395668,88876746.0
1746685640.8276157,88955572.0
1746685640.8927486,89034401.0
1746685640.971662,89113298.0
1746685641.0433466,89192196.0
1746685641.127493,89271162.0
1746685641.1986456,89350132.0
1746685641.2767766,89429266.0
1746685641.3443267,89508402.0
1746685641.408737,89587539.0
1746685641.4808187,89666679.0
1746685641.5451927,89745821.0
1746685641.6373322,89825036.0
1746685641.705739,89904252.0
1746685641.784982,89983536.0
1746685641.855428,90062825.0
1746685641.945632,90142404.0
1746685642.0128663,90221988.0
1746685642.0774949,90301575.0
1746685642.1407344,90381165.0
1746685642.2055693,90460757.0
1746685642.2733455,90540350.0
1746685642.340592,90619946.0
1746685642.413243,90699545.0
1746685642.4846733,90779145.0
1746685642.578632,90858811.0
1746685642.6474702,90938480.0
1746685642.7249477,91018182.0
1746685642.81549,91097984.0
1746685642.881926,91177788.0
1746685642.9486437,91257596.0
1746685643.0411406,91337443.0
1746685643.114192,91417356.0
1746685643.1764977,91497274.0
1746685643.2639966,91577260.0
1746685643.3245633,91657249.0
1746685643.4074988,91737307.0
1746685643.46951,91817368.0
1746685643.5600653,91897465.0
1746685643.6414318,91977597.0
1746685643.7208152,92057762.0
1746685643.798412,92138125.0
1746685643.8666582,92218489.0
1746685643.9284716,92298856.0
1746685643.9944568,92379226.0
1746685644.0566156,92459597.0
1746685644.124704,92539976.0
1746685644.2198567,92620392.0
1746685644.2929325,92700875.0
1746685644.3575506,92781365.0
1746685644.4478972,92861888.0
1746685644.529237,92942478.0
1746685644.5930965,93023072.0
1746685644.6799781,93103703.0
1746685644.757856,93184369.0
1746685644.8416882,93265200.0
1746685644.9049492,93346034.0
1746685644.9732037,93426871.0
1746685645.0441074,93507712.0
1746685645.1171875,93588557.0
1746685645.220257,93669438.0
1746685645.297107,93750352.0
1746685645.373142,93831370.0
1746685645.438777,93912392.0
1746685645.5102541,93993416.0
1746685645.597107,94074508.0
1746685645.6730042,94155602.0
1746685645.7574499,94236731.0
1746685645.843707,94317897.0
1746685645.9281225,94399130.0
1746685646.0029483,94480365.0
1746685646.0878608,94561636.0
1746685646.161145,94642944.0
1746685646.2370145,94724322.0
1746685646.3131506,94805704.0
1746685646.3978536,94887316.0
1746685646.4676924,94968930.0
1746685646.539821,95050546.0
1746685646.6091309,95132169.0
1746685646.6840765,95213795.0
1746685646.757167,95295421.0
1746685646.8291469,95377051.0
1746685646.94012,95458716.0
1746685647.0360792,95540415.0
1746685647.118166,95622150.0
1746685647.193255,95703984.0
1746685647.2651937,95785821.0
1746685647.333147,95867664.0
1746685647.4215178,95949577.0
1746685647.485403,96031496.0
1746685647.5762663,96113485.0
1746685647.6426008,96195478.0
1746685647.7258277,96277571.0
1746685647.8002136,96359665.0
1746685647.8653753,96441765.0
1746685647.9577801,96524125.0
1746685648.022955,96606485.0
1746685648.097026,96688849.0
1746685648.1690266,96771215.0
1746685648.24105,96853583.0
1746685648.3197796,96935955.0
1746685648.3889356,97018329.0
1746685648.4631777,97100706.0
1746685648.5625765,97183121.0
1746685648.6456091,97265607.0
1746685648.7243736,97348094.0
1746685648.80587,97430617.0
1746685648.8882594,97513208.0
1746685648.9609902,97595801.0
1746685649.041438,97678495.0
1746685649.1131582,97761192.0
1746685649.1922245,97843894.0
1746685649.291445,97926630.0
1746685649.3691838,98009405.0
1746685649.445757,98092248.0
1746685649.519826,98175091.0
1746685649.5976052,98258035.0
1746685649.6622205,98340979.0
1746685649.7292774,98423928.0
1746685649.8212812,98506977.0
1746685649.8931024,98590030.0
1746685649.9653957,98673086.0
1746685650.0572326,98756208.0
1746685650.1249769,98839333.0
1746685650.2093701,98922495.0
1746685650.2964692,99005694.0
1746685650.3772864,99088961.0
1746685650.4411333,99172233.0
1746685650.5217786,99255540.0
1746685650.601533,99338884.0
1746685650.6943107,99422681.0
1746685650.7610667,99506478.0
1746685650.829046,99590277.0
1746685650.90342,99674079.0
1746685650.975861,99757887.0
1746685651.0456257,99841701.0
1746685651.113539,99925518.0
1746685651.1883123,100009337.0
1746685651.2599535,100093158.0
1746685651.3299692,100176981.0
1746685651.398576,100260805.0
1746685651.4734445,100344632.0
1746685651.5521038,100428462.0
1746685651.6316886,100512296.0
1746685651.7099385,100596132.0
1746685651.8157964,100680131.0
1746685651.8875067,100764133.0
1746685651.9609993,100848137.0
1746685652.053378,100932143.0
1746685652.1258893,101016151.0
1746685652.2214708,101100421.0
1746685652.2846918,101184694.0
1746685652.3529532,101268971.0
1746685652.4207127,101353248.0
1746685652.4931254,101437526.0
1746685652.560571,101521807.0
1746685652.6286845,101606089.0
1746685652.6966367,101690373.0
1746685652.7889078,101774725.0
1746685652.8530164,101859080.0
1746685652.9290242,101943596.0
1746685652.9993277,102028115.0
1746685653.0610893,102112637.0
1746685653.125537,102197160.0
1746685653.1884053,102281683.0
1746685653.2726197,102366241.0
1746685653.34915,102450836.0
1746685653.424513,102535499.0
1746685653.4917712,102620166.0
1746685653.5685995,102704899.0
1746685653.635599,102789634.0
1746685653.706321,102874406.0
1746685653.796752,102959245.0
1746685653.871316,103044085.0
1746685653.9487123,103128996.0
1746685654.012514,103213909.0
1746685654.0890322,103298922.0
1746685654.15272,103383939.0
1746685654.2205503,103468957.0
1746685654.3051674,103554013.0
1746685654.388166,103639134.0
1746685654.454986,103724257.0
1746685654.5287774,103809447.0
1746685654.5948362,103894639.0
1746685654.6813037,103979868.0
1746685654.760752,104065226.0
1746685654.8245351,104150586.0
1746685654.8926713,104235950.0
1746685654.9567423,104321316.0
1746685655.0409496,104406716.0
1746685655.1248949,104492251.0
1746685655.190728,104577788.0
1746685655.2675664,104663327.0
1746685655.3333616,104748870.0
1746685655.4174564,104834447.0
1746685655.4886413,104920061.0
1746685655.5673428,105005837.0
1746685655.6285138,105091614.0
1746685655.6885717,105177394.0
1746685655.7485862,105263176.0
1746685655.80852,105348963.0
1746685655.896939,105434786.0
1746685655.9687521,105520644.0
1746685656.055869,105606539.0
1746685656.1409047,105692724.0
1746685656.212805,105778911.0
1746685656.2774909,105865104.0
1746685656.3514137,105951300.0
1746685656.4236832,106037499.0
1746685656.486573,106123702.0
1746685656.5572922,106209907.0
1746685656.6264124,106296117.0
1746685656.6955383,106382328.0
1746685656.7980857,106468572.0
1746685656.8851104,106554915.0
1746685656.9536364,106641259.0
1746685657.0222485,106727605.0
1746685657.1047947,106814019.0
1746685657.179392,106900436.0
1746685657.2676198,106987018.0
1746685657.3370576,107073602.0
1746685657.397384,107160186.0
1746685657.4727068,107246778.0
1746685657.5380418,107333372.0
1746685657.6250029,107420036.0
1746685657.700665,107506703.0
1746685657.7834697,107593435.0
1746685657.8557076,107680173.0
1746685657.9287853,107766945.0
1746685658.0141807,107853754.0
1746685658.0904474,107940631.0
1746685658.1608994,108027510.0
1746685658.2410848,108114457.0
1746685658.3114648,108201407.0
1746685658.3974617,108288490.0
1746685658.4663954,108375577.0
1746685658.5304441,108462665.0
1746685658.6009192,108549755.0
1746685658.6958098,108636919.0
1746685658.7634933,108724086.0
1746685658.8372972,108811289.0
1746685658.9234228,108898624.0
1746685658.9958987,108985961.0
1746685659.0691237,109073306.0
1746685659.1378262,109160652.0
1746685659.221298,109248035.0
1746685659.3015413,109335551.0
1746685659.3735363,109423069.0
1746685659.4450178,109510588.0
1746685659.5129838,109598109.0
1746685659.6079865,109685700.0
1746685659.6730716,109773296.0
1746685659.75306,109860958.0
1746685659.8178196,109948622.0
1746685659.8931577,110036325.0
1746685659.979992,110124064.0
1746685660.055173,110211871.0
1746685660.1251802,110299681.0
1746685660.201889,110387558.0
1746685660.277819,110475442.0
1746685660.3640194,110563360.0
1746685660.4455287,110651413.0
1746685660.5132177,110739470.0
1746685660.5882409,110827531.0
1746685660.6571796,110915594.0
1746685660.7457595,111003693.0
1746685660.8254015,111091925.0
1746685660.8892083,111180161.0
1746685660.953252,111268398.0
1746685661.0148368,111356637.0
1746685661.1057248,111444949.0
1746685661.1693227,111533265.0
1746685661.256236,111621649.0
1746685661.32135,111710035.0
1746685661.3979268,111798456.0
1746685661.4781494,111886918.0
1746685661.557946,111975415.0
1746685661.6377637,112063983.0
1746685661.7142696,112152555.0
1746685661.8064597,112241291.0
1746685661.8710563,112330029.0
1746685661.9375706,112418772.0
1746685662.0012703,112507520.0
1746685662.0658474,112596270.0
1746685662.162144,112685054.0
1746685662.2435882,112773903.0
1746685662.3092554,112862758.0
1746685662.3935115,112951715.0
1746685662.4576945,113040675.0
1746685662.5230584,113129637.0
1746685662.6093585,113218636.0
1746685662.7004833,113307770.0
1746685662.7763517,113396907.0
1746685662.847267,113486047.0
1746685662.9160066,113575188.0
1746685663.008053,113664368.0
1746685663.0920494,113753650.0
1746685663.168676,113842937.0
1746685663.2400417,113932229.0
1746685663.3243082,114021556.0
1746685663.4016862,114110950.0
1746685663.4732792,114200345.0
1746685663.556055,114289809.0
1746685663.6228957,114379275.0
1746685663.7054398,114468777.0
1746685663.7895074,114558315.0
1746685663.865351,114647889.0
1746685663.9601634,114737678.0
1746685664.0475664,114827504.0
1746685664.1135323,114917334.0
1746685664.182262,115007167.0
1746685664.2574923,115097006.0
1746685664.3224053,115186851.0
1746685664.3934238,115276699.0
1746685664.4941192,115366585.0
1746685664.5736232,115456505.0
1746685664.6616645,115546813.0
1746685664.7338047,115637122.0
1746685664.8058045,115727434.0
1746685664.8776722,115817750.0
1746685664.9518507,115908070.0
1746685665.0218613,115998394.0
1746685665.0892537,116088719.0
1746685665.1612608,116179050.0
1746685665.235831,116269385.0
1746685665.3098803,116359723.0
1746685665.3878272,116450061.0
1746685665.4600594,116540403.0
1746685665.5330667,116630750.0
1746685665.6254823,116721228.0
1746685665.6938024,116811711.0
1746685665.757488,116902195.0
1746685665.8258204,116992681.0
1746685665.9214015,117083233.0
1746685665.9890707,117173789.0
1746685666.0632648,117264383.0
1746685666.1437745,117355140.0
1746685666.217531,117445901.0
1746685666.2923405,117536665.0
1746685666.3654044,117627433.0
1746685666.4297972,117718205.0
1746685666.5253253,117809046.0
1746685666.5888798,117899889.0
1746685666.671418,117990865.0
1746685666.7450378,118081844.0
1746685666.8170338,118172824.0
1746685666.8890197,118263809.0
1746685666.9773545,118354829.0
1746685667.053163,118445885.0
1746685667.1457686,118537007.0
1746685667.2196994,118628132.0
1746685667.3038244,118719326.0
1746685667.3734531,118810523.0
1746685667.4652724,118902012.0
1746685667.5334105,118993510.0
1746685667.601047,119085008.0
1746685667.6656935,119176512.0
1746685667.7411854,119268020.0
1746685667.8090298,119359531.0
1746685667.8751204,119451046.0
1746685667.9529443,119542564.0
1746685668.0321755,119634083.0
1746685668.1018133,119725605.0
1746685668.1812587,119817160.0
1746685668.2537472,119908750.0
1746685668.3346238,120000532.0
1746685668.3967972,120092317.0
1746685668.469867,120184106.0
1746685668.5340989,120275898.0
1746685668.5968707,120367693.0
1746685668.6609128,120459494.0
1746685668.7488456,120551335.0
1746685668.8265524,120643439.0
1746685668.8970459,120735545.0
1746685668.9693902,120827653.0
1746685669.0410457,120919762.0
1746685669.1048753,121011878.0
1746685669.1729722,121103996.0
1746685669.2539809,121196117.0
1746685669.3248649,121288238.0
1746685669.4333775,121380586.0
1746685669.5036516,121472934.0
1746685669.5650828,121565285.0
1746685669.6295764,121657639.0
1746685669.6928916,121749995.0
1746685669.7565799,121842357.0
1746685669.821524,121934725.0
1746685669.916149,122027161.0
1746685669.9847574,122119601.0
1746685670.0651455,122212076.0
1746685670.1418445,122304616.0
1746685670.2082603,122397156.0
1746685670.2848942,122489766.0
1746685670.3513684,122582378.0
1746685670.4252417,122675059.0
1746685670.4888828,122767741.0
1746685670.5649211,122860489.0
1746685670.6362438,122953238.0
1746685670.7091954,123046021.0
1746685670.7852523,123138840.0
1746685670.8676472,123231726.0
1746685670.9287572,123324618.0
1746685671.0158246,123417707.0
1746685671.0810678,123510800.0
1746685671.145076,123603895.0
1746685671.2113416,123696992.0
1746685671.272696,123790090.0
1746685671.3433137,123883190.0
1746685671.4331133,123976328.0
1746685671.5089574,124069500.0
1746685671.58523,124162709.0
1746685671.6532354,124255952.0
1746685671.7255688,124349261.0
1746685671.7972708,124442572.0
1746685671.8837771,124536048.0
1746685671.9489448,124629529.0
1746685672.0171053,124723014.0
1746685672.08085,124816504.0
1746685672.1418781,124909998.0
1746685672.2372508,125003561.0
1746685672.30081,125097127.0
1746685672.3811502,125190729.0
1746685672.4534695,125284397.0
1746685672.5251322,125378066.0
1746685672.6050444,125471964.0
1746685672.6755474,125565863.0
1746685672.7410717,125659767.0
1746685672.8050768,125753673.0
1746685672.876041,125847579.0
1746685672.9490004,125941488.0
1746685673.0171742,126035401.0
1746685673.1198304,126129447.0
1746685673.1892557,126223496.0
1746685673.2611504,126317548.0
1746685673.3327851,126411602.0
1746685673.4205918,126505725.0
1746685673.4915593,126599850.0
1746685673.5689077,126694011.0
1746685673.6416306,126788237.0
1746685673.7039177,126882465.0
1746685673.787678,126976762.0
1746685673.849015,127071060.0
1746685673.9290218,127165427.0
1746685673.9937558,127259798.0
1746685674.0689678,127354267.0
1746685674.1332133,127448740.0
1746685674.2051637,127543216.0
1746685674.2930622,127637857.0
1746685674.3591907,127732501.0
1746685674.4247544,127827147.0
1746685674.4968636,127921795.0
1746685674.5688922,128016447.0
1746685674.6571126,128111200.0
1746685674.7250907,128205956.0
1746685674.788895,128300712.0
1746685674.8689086,128395533.0
1746685674.941094,128490358.0
1746685675.0209718,128585282.0
1746685675.088823,128680210.0
1746685675.1594512,128775141.0
1746685675.2429564,128870268.0
1746685675.3054624,128965398.0
1746685675.3698788,129060531.0
1746685675.4325502,129155666.0
1746685675.4970772,129250804.0
1746685675.560785,129345946.0
1746685675.6495922,129441154.0
1746685675.710558,129536363.0
1746685675.7846084,129631640.0
1746685675.852471,129726919.0
1746685675.9327128,129822359.0
1746685676.0005147,129917800.0
1746685676.0644624,130013244.0
1746685676.1352913,130108691.0
1746685676.205076,130204141.0
1746685676.284672,130299625.0
1746685676.3649833,130395144.0
1746685676.436622,130490699.0
1746685676.5167947,130586292.0
1746685676.597327,130681923.0
1746685676.6690104,130777653.0
1746685676.7401414,130873387.0
1746685676.8087134,130969121.0
1746685676.8903675,131064924.0
1746685676.956842,131160732.0
1746685677.0269444,131256576.0
1746685677.103931,131352453.0
1746685677.1835144,131448364.0
1746685677.2692933,131544376.0
1746685677.3409958,131640390.0
1746685677.4154801,131736408.0
1746685677.50104,131832526.0
1746685677.5649016,131928646.0
1746685677.628925,132024770.0
1746685677.7139482,132120995.0
1746685677.7767506,132217224.0
1746685677.8396885,132313457.0
1746685677.9210656,132409791.0
1746685677.9930034,132506126.0
1746685678.0610297,132602466.0
1746685678.141242,132699036.0
1746685678.2089968,132795609.0
1746685678.2795699,132892183.0
1746685678.3449507,132988758.0
1746685678.420269,133085337.0
1746685678.4893768,133181919.0
1746685678.5609684,133278504.0
1746685678.6497564,133375125.0
1746685678.7293348,133471811.0
1746685678.7923453,133568499.0
1746685678.8649647,133665287.0
1746685678.9329567,133762079.0
1746685679.0116227,133858876.0
1746685679.0933168,133955839.0
1746685679.165533,134052803.0
1746685679.228822,134149772.0
1746685679.2971628,134246746.0
1746685679.3613596,134343721.0
1746685679.4451873,134440762.0
1746685679.513278,134537804.0
1746685679.5845342,134634882.0
1746685679.6568153,134731996.0
1746685679.74105,134829210.0
1746685679.8084261,134926427.0
1746685679.8753078,135023645.0
1746685679.9641426,135120930.0
1746685680.0287888,135218218.0
1746685680.105071,135315575.0
1746685680.1688073,135412937.0
1746685680.2571704,135510336.0
1746685680.337424,135607801.0
1746685680.404908,135705271.0
1746685680.4854436,135802844.0
1746685680.5511072,135900418.0
1746685680.6122463,135997993.0
1746685680.693651,136095795.0
1746685680.7575557,136193599.0
1746685680.82903,136291406.0
1746685680.8886416,136389214.0
1746685680.948588,136487022.0
1746685681.012592,136584832.0
1746685681.0797062,136682644.0
1746685681.1694508,136780492.0
1746685681.2448704,136878471.0
1746685681.3154266,136976455.0
1746685681.383347,137074443.0
1746685681.4513774,137172432.0
1746685681.5490556,137270875.0
1746685681.6167858,137369324.0
1746685681.6888537,137467775.0
1746685681.7568107,137566229.0
1746685681.8334005,137664685.0
1746685681.900828,137763141.0
1746685681.9752662,137861599.0
1746685682.0445468,137960058.0
1746685682.1085317,138058518.0
1746685682.177091,138156979.0
1746685682.2377849,138255440.0
1746685682.306274,138353903.0
1746685682.3748426,138452369.0
1746685682.455204,138550838.0
1746685682.5245426,138649311.0
1746685682.6061606,138747914.0
1746685682.6684508,138846521.0
1746685682.7372844,138945134.0
1746685682.7990248,139043747.0
1746685682.8772442,139142394.0
1746685682.951407,139241076.0
1746685683.0291986,139339825.0
1746685683.0902135,139438575.0
1746685683.1687357,139537391.0
1746685683.2355828,139636208.0
1746685683.3085465,139735122.0
1746685683.3721526,139834036.0
1746685683.4321275,139932951.0
1746685683.511684,140031935.0
1746685683.5719945,140130922.0
1746685683.644178,140229945.0
1746685683.7176962,140329066.0
1746685683.7801652,140428191.0
1746685683.848307,140527322.0
1746685683.9227476,140626520.0
1746685683.9923337,140725718.0
1746685684.0684974,140824953.0
1746685684.1520233,140924416.0
1746685684.2124147,141023880.0
1746685684.2727685,141123346.0
1746685684.332476,141222813.0
1746685684.3963122,141322282.0
1746685684.4605122,141421754.0
1746685684.5243897,141521226.0
1746685684.6174967,141620735.0
1746685684.696557,141720313.0
1746685684.7605712,141819894.0
1746685684.844515,141919764.0
1746685684.9164987,142019638.0
1746685684.9884639,142119519.0
1746685685.0604541,142219402.0
1746685685.1331975,142319286.0
1746685685.1984856,142419174.0
1746685685.268353,142519062.0
1746685685.3403103,142618951.0
1746685685.4151368,142718842.0
1746685685.5154486,142818768.0
1746685685.5966692,142918794.0
1746685685.6605248,143018823.0
1746685685.7244885,143118852.0
1746685685.8040223,143218950.0
1746685685.8827584,143319051.0
1746685685.9632993,143419190.0
1746685686.0365977,143519362.0
1746685686.11374,143619603.0
1746685686.1768346,143719848.0
1746685686.2484784,143820159.0
1746685686.3164227,143920472.0
1746685686.400038,144020887.0
1746685686.4711578,144121304.0
1746685686.5325673,144221722.0
1746685686.615611,144322175.0
1746685686.688566,144422694.0
1746685686.7579162,144523215.0
1746685686.8370054,144623993.0
1746685686.9030454,144724771.0
1746685686.9654682,144825550.0
1746685687.022118,144926332.0
1746685687.092324,145027118.0
1746685687.1608715,145127905.0
1746685687.2309215,145228692.0
1746685687.2926948,145329484.0
1746685687.3842914,145430342.0
1746685687.4524717,145531202.0
1746685687.5348768,145632129.0
1746685687.5923905,145733057.0
1746685687.6608276,145834050.0
1746685687.73224,145935046.0
1746685687.8123326,146036077.0
1746685687.8868744,146137175.0
1746685687.9480999,146238274.0
1746685688.0176232,146339439.0
1746685688.081812,146440605.0
1746685688.1582065,146541841.0
1746685688.2209547,146643081.0
1746685688.3005965,146744451.0
1746685688.364067,146845822.0
1746685688.436216,146947198.0
1746685688.5000863,147048577.0
1746685688.5870984,147150216.0
1746685688.6481872,147251858.0
1746685688.7058167,147353501.0
1746685688.7710354,147455144.0
1746685688.8339324,147556789.0
1746685688.897221,147658438.0
1746685688.9668841,147760089.0
1746685689.032281,147861741.0
1746685689.1181974,147963427.0
1746685689.1926794,148065276.0
1746685689.2635868,148167129.0
1746685689.3243995,148268985.0
1746685689.3949666,148370841.0
1746685689.4592462,148472700.0
1746685689.552341,148574597.0
1746685689.6283846,148676562.0
1746685689.692143,148778529.0
1746685689.7768266,148880659.0
1746685689.8402178,148982789.0
1746685689.9085276,149084920.0
1746685689.9720569,149187054.0
1746685690.0429504,149289192.0
1746685690.128987,149391366.0
1746685690.2086968,149493765.0
1746685690.269544,149596164.0
1746685690.3301349,149698565.0
1746685690.3961697,149800968.0
1746685690.454315,149903377.0
1746685690.5196326,150005786.0
1746685690.581743,150108197.0
1746685690.665789,150210742.0
1746685690.736273,150313290.0
1746685690.7998912,150415838.0
1746685690.8681006,150518388.0
1746685690.955171,150620972.0
1746685691.0311584,150723624.0
1746685691.0921936,150826280.0
1746685691.168436,150929037.0
1746685691.227886,151031795.0
1746685691.2923326,151134555.0
1746685691.3792815,151237446.0
1746685691.4446814,151340339.0
1746685691.502288,151443235.0
1746685691.5803804,151546136.0
1746685691.6610036,151649071.0
1746685691.744936,151752169.0
1746685691.8089182,151855270.0
1746685691.8772144,151958371.0
1746685691.9571328,152061473.0
1746685692.0242164,152164575.0
1746685692.1043649,152267711.0
1746685692.1785245,152370914.0
1746685692.250943,152474120.0
1746685692.3363843,152577714.0
1746685692.4002893,152681309.0
1746685692.4706385,152784908.0
1746685692.5320673,152888510.0
1746685692.5963624,152992113.0
1746685692.6655324,153095721.0
1746685692.7349937,153199331.0
1746685692.802892,153302942.0
1746685692.864657,153406556.0
1746685692.9309342,153510172.0
1746685692.9960175,153613788.0
1746685693.0622754,153717405.0
1746685693.161083,153821182.0
1746685693.2348678,153924960.0
1746685693.3040683,154028740.0
1746685693.3683336,154132523.0
1746685693.4319217,154236306.0
1746685693.5123248,154340252.0
1746685693.571918,154444201.0
1746685693.6318336,154548153.0
1746685693.6920466,154652106.0
1746685693.7593055,154756063.0
1746685693.8441029,154860088.0
1746685693.9160068,154964114.0
1746685693.9860141,155068207.0
1746685694.0518076,155172302.0
1746685694.1259713,155276462.0
1746685694.1879199,155380623.0
1746685694.2636902,155484850.0
1746685694.3304472,155589079.0
1746685694.416464,155693439.0
1746685694.4822304,155797802.0
1746685694.5523682,155902165.0
1746685694.6117713,156006530.0
1746685694.6961076,156110932.0
1746685694.7681932,156215403.0
1746685694.8279555,156319874.0
1746685694.900197,156424415.0
1746685694.964177,156528960.0
1746685695.042933,156633539.0
1746685695.1161163,156738185.0
1746685695.1845171,156842834.0
1746685695.2638972,156947517.0
1746685695.3358977,157052299.0
1746685695.3998272,157157083.0
1746685695.4637682,157261870.0
1746685695.5402553,157366820.0
1746685695.6123028,157471775.0
1746685695.6789293,157576731.0
1746685695.7523062,157681689.0
1746685695.816157,157786650.0
1746685695.907193,157891649.0
1746685695.984426,157996681.0
1746685696.067284,158101815.0
1746685696.1392095,158206953.0
1746685696.2085402,158312092.0
1746685696.3000882,158417363.0
1746685696.367081,158522637.0
1746685696.4325747,158627915.0
1746685696.5032027,158733195.0
1746685696.5822465,158838574.0
1746685696.6466172,158943957.0
1746685696.7086272,159049340.0
1746685696.7881517,159154791.0
1746685696.8484223,159260242.0
1746685696.9205956,159365729.0
1746685696.9985237,159471284.0
1746685697.0622914,159576844.0
1746685697.1414454,159682438.0
1746685697.2141445,159788099.0
1746685697.2769115,159893763.0
1746685697.3567173,159999685.0
1746685697.4236212,160105610.0
1746685697.4849164,160211540.0
1746685697.5444267,160317473.0
1746685697.6191885,160423407.0
1746685697.6803415,160529344.0
1746685697.7444255,160635284.0
1746685697.8165271,160741226.0
1746685697.9088202,160847237.0
1746685697.972755,160953249.0
1746685698.0513456,161059328.0
1746685698.1132958,161165409.0
1746685698.1888928,161271716.0
1746685698.2524655,161378024.0
1746685698.3167543,161484334.0
1746685698.3832002,161590646.0
1746685698.456778,161696959.0
1746685698.5230384,161803274.0
1746685698.5889564,161909595.0
1746685698.6769955,162016016.0
1746685698.7419388,162122437.0
1746685698.808345,162228861.0
1746685698.8843155,162335321.0
1746685698.9582093,162441816.0
1746685699.0325806,162548347.0
1746685699.1049333,162655008.0
1746685699.164362,162761671.0
1746685699.2352073,162868337.0
1746685699.2963598,162975005.0
1746685699.3807175,163081901.0
1746685699.4445148,163188800.0
1746685699.5086823,163295702.0
1746685699.575532,163402605.0
1746685699.6487775,163509510.0
1746685699.7232866,163616422.0
1746685699.7920687,163723337.0
1746685699.8927777,163830542.0
1746685699.9607606,163937750.0
1746685700.0291395,164044960.0
1746685700.0932395,164152171.0
1746685700.1630747,164259383.0
1746685700.2366302,164366596.0
1746685700.3083365,164473810.0
1746685700.3803525,164581027.0
1746685700.4416437,164688246.0
1746685700.5288103,164795498.0
1746685700.6002662,164902815.0
1746685700.6642232,165010135.0
1746685700.7408857,165117521.0
1746685700.804498,165224909.0
1746685700.8829887,165332368.0
1746685700.951176,165439830.0
1746685701.0283613,165547356.0
1746685701.0926335,165654885.0
1746685701.1693153,165762610.0
1746685701.2280533,165870335.0
1746685701.288078,165978062.0
1746685701.348368,166085791.0
1746685701.407777,166193521.0
1746685701.4681063,166301256.0
1746685701.5550177,166409026.0
1746685701.6350353,166517150.0
1746685701.7042987,166625275.0
1746685701.770019,166733402.0
1746685701.832532,166841530.0
1746685701.8961804,166949658.0
1746685701.9665666,167057794.0
1746685702.0320554,167165932.0
1746685702.0920439,167274070.0
1746685702.156493,167382211.0
1746685702.220069,167490353.0
1746685702.2842102,167598497.0
1746685702.3861635,167706931.0
1746685702.4521172,167815367.0
1746685702.518912,167923804.0
1746685702.5800326,168032246.0
1746685702.640036,168140690.0
1746685702.7041411,168249135.0
1746685702.7720864,168357580.0
1746685702.840263,168466027.0
1746685702.9017336,168574475.0
1746685702.9930353,168682990.0
1746685703.0560553,168791511.0
1746685703.1281126,168900099.0
1746685703.192225,169008687.0
1746685703.2681718,169117373.0
1746685703.3324516,169226063.0
1746685703.3946803,169334754.0
1746685703.4700396,169443481.0
1746685703.5430045,169552276.0
1746685703.6040525,169661073.0
1746685703.6803982,169769941.0
1746685703.744225,169878811.0
1746685703.823169,169987717.0
1746685703.9022934,170096978.0
1746685703.9808164,170206240.0
1746685704.051183,170315503.0
1746685704.1170843,170424769.0
1746685704.1803608,170534041.0
1746685704.2483854,170643316.0
1746685704.319267,170752591.0
1746685704.3820088,170861867.0
1746685704.4476707,170971146.0
1746685704.5162618,171080427.0
1746685704.5781958,171189710.0
1746685704.6765788,171299059.0
1746685704.7367933,171408410.0
1746685704.8093863,171517828.0
1746685704.8720741,171627246.0
1746685704.9422593,171736700.0
1746685705.0153105,171846189.0
1746685705.091276,171955745.0
1746685705.1525085,172065303.0
1746685705.2327168,172175118.0
1746685705.2920914,172284938.0
1746685705.3521106,172394762.0
1746685705.4093084,172504587.0
1746685705.4830656,172614413.0
1746685705.5440772,172724242.0
1746685705.6086571,172834073.0
1746685705.6720383,172943905.0
1746685705.7563725,173053771.0
1746685705.8389401,173163672.0
1746685705.9163303,173273673.0
1746685705.983037,173383676.0
1746685706.0509167,173493682.0
1746685706.1354487,173603725.0
1746685706.2042844,173713835.0
1746685706.2642138,173823949.0
1746685706.3382292,173934096.0
1746685706.4235778,174044666.0
1746685706.4883728,174155241.0
1746685706.5608456,174265818.0
1746685706.6329656,174376396.0
1746685706.696457,174486977.0
1746685706.7645428,174597561.0
1746685706.8428319,174708146.0
1746685706.9167075,174818732.0
1746685706.9915233,174929320.0
1746685707.0631595,175039910.0
1746685707.1352546,175150502.0
1746685707.2072396,175261097.0
1746685707.2724285,175371696.0
1746685707.3338444,175482296.0
1746685707.412456,175592997.0
1746685707.47908,175703698.0
1746685707.5516684,175814405.0
1746685707.6367464,175925181.0
1746685707.707201,176035958.0
1746685707.7787812,176146802.0
1746685707.8481362,176257650.0
1746685707.920554,176368534.0
1746685708.0011075,176479549.0
1746685708.0644357,176590564.0
1746685708.135394,176701581.0
1746685708.2010453,176812600.0
1746685708.278212,176923683.0
1746685708.3405771,177034769.0
1746685708.4201982,177145895.0
1746685708.4966571,177257057.0
1746685708.5689037,177368255.0
1746685708.648766,177479742.0
1746685708.7169328,177591234.0
1746685708.7813842,177702733.0
1746685708.8445745,177814235.0
1746685708.9125257,177925739.0
1746685708.981022,178037247.0
1746685709.047216,178148756.0
1746685709.108413,178260267.0
1746685709.1718092,178371779.0
1746685709.2660358,178483390.0
1746685709.3270695,178595001.0
1746685709.3941314,178706614.0
1746685709.470021,178818263.0
1746685709.54861,178929979.0
1746685709.6104152,179041697.0
1746685709.6855445,179153452.0
1746685709.7687454,179265558.0
1746685709.8335006,179377668.0
1746685709.9007845,179489786.0
1746685709.9645934,179601906.0
1746685710.028497,179714030.0
1746685710.1046946,179826158.0
1746685710.1688316,179938288.0
1746685710.2323046,180050419.0
1746685710.3005264,180162551.0
1746685710.3725576,180274684.0
1746685710.4404647,180386818.0
1746685710.543536,180499019.0
1746685710.6085331,180611223.0
1746685710.6847844,180723462.0
1746685710.754507,180835768.0
1746685710.8214443,180948075.0
1746685710.9009738,181060448.0
1746685710.9622593,181172824.0
1746685711.0432374,181285339.0
1746685711.1025226,181397858.0
1746685711.1748583,181510381.0
1746685711.2366867,181622909.0
1746685711.3274803,181735568.0
1746685711.400828,181848229.0
1746685711.4709318,181960890.0
1746685711.5332096,182073551.0
1746685711.6129367,182186308.0
1746685711.6807547,182299070.0
1746685711.7449777,182411832.0
1746685711.82078,182524628.0
1746685711.9009783,182637459.0
1746685711.9704034,182750324.0
1746685712.0649529,182863639.0
1746685712.1368258,182976958.0
1746685712.2007017,183090285.0
1746685712.2645802,183203616.0
1746685712.3398397,183316952.0
1746685712.4035513,183430293.0
1746685712.4687474,183543634.0
1746685712.5285323,183656975.0
1746685712.5924988,183770317.0
1746685712.6534188,183883659.0
1746685712.7245853,183997001.0
1746685712.7925284,184110348.0
1746685712.8573449,184223696.0
1746685712.9211266,184337046.0
1746685712.9924166,184450396.0
1746685713.072507,184563877.0
1746685713.1404588,184677359.0
1746685713.2046325,184790844.0
1746685713.2723248,184904334.0
1746685713.3525856,185017859.0
1746685713.4554365,185132126.0
1746685713.514445,185246397.0
1746685713.5884109,185360669.0
1746685713.6551073,185474941.0
1746685713.7163308,185589215.0
1746685713.7762978,185703490.0
1746685713.8363051,185817766.0
1746685713.896079,185932047.0
1746685713.9562607,186046329.0
1746685714.027128,186160613.0
1746685714.0966766,186274898.0
1746685714.1670723,186389184.0
1746685714.2391863,186503471.0
1746685714.3013835,186617760.0
1746685714.375141,186732055.0
1746685714.4403107,186846352.0
1746685714.50442,186960653.0
1746685714.5766008,187074958.0
1746685714.6406639,187189263.0
1746685714.7112925,187303569.0
1746685714.776184,187417876.0
1746685714.8401618,187532184.0
1746685714.912122,187646493.0
1746685714.9805975,187760807.0
1746685715.068707,187875185.0
1746685715.1322083,187989565.0
1746685715.2016366,188103979.0
1746685715.2684877,188218459.0
1746685715.3325794,188332940.0
1746685715.4138396,188447487.0
1746685715.4840615,188562040.0
1746685715.5580416,188676628.0
1746685715.6323776,188791254.0
1746685715.712741,188905947.0
1746685715.776251,189020641.0
1746685715.8550735,189135433.0
1746685715.9204469,189250228.0
1746685715.9870067,189365025.0
1746685716.067005,189479888.0
1746685716.1285036,189594755.0
1746685716.2083592,189709688.0
1746685716.2802145,189824623.0
1746685716.360317,189939624.0
1746685716.4241667,190054627.0
1746685716.5010548,190169728.0
1746685716.5642183,190284832.0
1746685716.6259432,190399941.0
1746685716.7164364,190515407.0
1746685716.780177,190630877.0
1746685716.8508615,190746349.0
1746685716.9161978,190861821.0
1746685716.987009,190977294.0
1746685717.0567338,191092771.0
1746685717.1215892,191208250.0
1746685717.1881063,191323730.0
1746685717.2601879,191439214.0
1746685717.3306608,191554699.0
1746685717.4001045,191670185.0
1746685717.4967444,191785737.0
1746685717.5595229,191901289.0
1746685717.6442864,192016907.0
1746685717.708097,192132527.0
1746685717.7802,192248280.0
1746685717.846109,192364037.0
1746685717.9162202,192479798.0
1746685717.9801912,192595562.0
1746685718.0644941,192711391.0
1746685718.1285083,192827222.0
1746685718.2043462,192943089.0
1746685718.287114,193059024.0
1746685718.348137,193174961.0
1746685718.4203117,193290968.0
1746685718.4805608,193406976.0
1746685718.5539572,193523083.0
1746685718.6167219,193639192.0
1746685718.6763613,193755301.0
1746685718.7564423,193871509.0
1746685718.8162818,193987719.0
1746685718.8767264,194103934.0
1746685718.9637997,194220217.0
1746685719.0280979,194336502.0
1746685719.1124003,194452887.0
1746685719.176196,194569272.0
1746685719.244681,194685659.0
1746685719.3243904,194802114.0
1746685719.389061,194918571.0
1746685719.4625716,195035063.0
1746685719.5368469,195151656.0
1746685719.601858,195268250.0
1746685719.6687179,195384848.0
1746685719.7559652,195501577.0
1746685719.8161457,195618306.0
1746685719.8804576,195735037.0
1746685719.945383,195851769.0
1746685720.036759,195968602.0
1746685720.105293,196085437.0
1746685720.1643198,196202272.0
1746685720.2402263,196319142.0
1746685720.319018,196436109.0
1746685720.3801363,196553081.0
1746685720.4523191,196670057.0
1746685720.5439742,196787099.0
1746685720.6121514,196904143.0
1746685720.6842551,197021257.0
1746685720.749844,197138372.0
1746685720.827314,197255712.0
1746685720.892627,197373055.0
1746685720.952306,197490398.0
1746685721.0245645,197607743.0
1746685721.0961764,197725089.0
1746685721.1681213,197842439.0
1746685721.2400985,197959791.0
1746685721.328361,198077273.0
1746685721.396002,198194758.0
1746685721.4600365,198312243.0
1746685721.5241792,198429731.0
1746685721.607122,198547288.0
1746685721.6722696,198664847.0
1746685721.7551956,198782635.0
1746685721.8174071,198900426.0
1746685721.8839667,199018217.0
1746685721.9458864,199136009.0
1746685722.0079527,199253803.0
1746685722.0655143,199371598.0
1746685722.1320212,199489396.0
1746685722.2281632,199607773.0
1746685722.2992322,199726154.0
1746685722.3610563,199844536.0
1746685722.4279618,199962919.0
1746685722.48845,200081305.0
1746685722.5523365,200199691.0
1746685722.6163602,200318077.0
1746685722.673766,200436464.0
1746685722.735699,200554852.0
1746685722.795644,200673244.0
1746685722.8621192,200791637.0
1746685722.923689,200910030.0
1746685722.987621,201028425.0
1746685723.0524242,201146822.0
1746685723.1115763,201265219.0
1746685723.175733,201383617.0
1746685723.2393928,201502015.0
1746685723.3074932,201620417.0
1746685723.3795762,201738820.0
1746685723.4550247,201857290.0
1746685723.5159726,201975760.0
1746685723.5835204,202094294.0
1746685723.6433594,202212830.0
1746685723.7220094,202331689.0
1746685723.7903242,202450552.0
1746685723.856058,202569417.0
1746685723.9184618,202688282.0
1746685723.9803064,202807147.0
1746685724.044951,202926012.0
1746685724.1076896,203044878.0
1746685724.1674397,203163744.0
1746685724.228619,203282612.0
1746685724.2873025,203401480.0
1746685724.3719847,203520417.0
1746685724.4338546,203639354.0
1746685724.4949486,203758356.0
1746685724.5592763,203877359.0
1746685724.6383426,203996396.0
1746685724.7074347,204115468.0
1746685724.7756765,204234670.0
1746685724.8405192,204353875.0
1746685724.9074228,204473081.0
1746685724.971853,204592289.0
1746685725.0475254,204711563.0
1746685725.1073484,204830840.0
1746685725.1800644,204950183.0
1746685725.2463424,205069526.0
1746685725.3356812,205189063.0
1746685725.4064062,205308602.0
1746685725.470919,205428144.0
1746685725.5506248,205547688.0
1746685725.6236107,205667233.0
1746685725.6955607,205786780.0
1746685725.7866247,205906393.0
1746685725.8550634,206026008.0
1746685725.927683,206145656.0
1746685726.0042133,206265532.0
1746685726.0716047,206385409.0
1746685726.1480849,206505289.0
1746685726.2077901,206625169.0
1746685726.2674208,206745052.0
1746685726.3278928,206864937.0
1746685726.3875694,206984822.0
1746685726.4759314,207104772.0
1746685726.5397398,207224724.0
1746685726.614638,207344742.0
1746685726.6799936,207464762.0
1746685726.7456746,207584847.0
1746685726.8037405,207704934.0
1746685726.8759491,207825055.0
1746685726.9496453,207945628.0
1746685727.0205264,208066202.0
1746685727.0820572,208186779.0
1746685727.1520233,208307357.0
1746685727.2197375,208427937.0
1746685727.2796,208548519.0
1746685727.3554647,208669105.0
1746685727.417471,208789692.0
1746685727.475565,208910279.0
1746685727.5354955,209030866.0
1746685727.5958629,209151453.0
1746685727.6555874,209272041.0
1746685727.7264707,209392631.0
1746685727.795595,209513222.0
1746685727.8987932,209633945.0
1746685727.9636495,209754669.0
1746685728.0237122,209875395.0
1746685728.0894213,209996122.0
1746685728.1803539,210116984.0
1746685728.2477965,210237848.0
1746685728.3120253,210358714.0
1746685728.3757975,210479581.0
1746685728.4766448,210600612.0
1746685728.5437913,210721647.0
1746685728.6120129,210842682.0
1746685728.675723,210963717.0
1746685728.7440002,211084752.0
1746685728.827999,211205854.0
1746685728.8924,211326957.0
1746685728.9719543,211448285.0
1746685729.0358484,211569614.0
1746685729.09985,211690944.0
1746685729.1638126,211812278.0
1746685729.230709,211933613.0
1746685729.2957819,212054953.0
1746685729.3613987,212176296.0
1746685729.4399335,212297737.0
1746685729.4997432,212419179.0
1746685729.5677164,212540623.0
1746685729.634063,212662105.0
1746685729.7147186,212783843.0
1746685729.7758512,212905582.0
1746685729.8398314,213027322.0
1746685729.9066904,213149064.0
1746685729.9677832,213270808.0
1746685730.0295415,213392554.0
1746685730.0925112,213514301.0
1746685730.1563249,213636048.0
1746685730.2401702,213757928.0
1746685730.300385,213879809.0
1746685730.3597312,214001694.0
1746685730.4197612,214123581.0
1746685730.5162897,214245855.0
1746685730.582731,214368132.0
1746685730.6439927,214490411.0
1746685730.7119975,214612694.0
1746685730.775982,214734977.0
1746685730.839992,214857263.0
1746685730.9080427,214979550.0
1746685730.9791217,215101839.0
1746685731.0480416,215224129.0
1746685731.1122193,215346421.0
1746685731.173243,215468713.0
1746685731.2438805,215591005.0
1746685731.3452654,215713780.0
1746685731.4094658,215836556.0
1746685731.4718153,215959336.0
1746685731.538648,216082118.0
1746685731.6069717,216204901.0
1746685731.6718938,216327688.0
1746685731.7440846,216450477.0
1746685731.8118227,216573269.0
1746685731.8801801,216696061.0
1746685731.943623,216818855.0
1746685732.0126572,216941650.0
1746685732.0757542,217064445.0
1746685732.151669,217187240.0
1746685732.2196698,217310036.0
1746685732.2904613,217432833.0
1746685732.3849037,217555664.0
1746685732.4657812,217678530.0
1746685732.5460722,217801558.0
1746685732.615892,217924589.0
1746685732.6881125,218047620.0
1746685732.7593899,218170651.0
1746685732.8236501,218293686.0
1746685732.9036345,218416788.0
1746685732.9715803,218539893.0
1746685733.051842,218663098.0
1746685733.112503,218786306.0
1746685733.1784785,218909514.0
1746685733.2600672,219032851.0
1746685733.3236291,219156188.0
1746685733.394442,219279530.0
1746685733.47096,219402872.0
1746685733.5479517,219526247.0
1746685733.6204543,219649850.0
1746685733.6798403,219773454.0
1746685733.7477543,219897060.0
1746685733.8117354,220020667.0
1746685733.8826365,220144276.0
1746685733.9437654,220267891.0
1746685734.006886,220391507.0
1746685734.096069,220515190.0
1746685734.1707492,220638873.0
1746685734.2474535,220762624.0
1746685734.3118916,220886375.0
1746685734.399995,221010256.0
1746685734.4677455,221134138.0
1746685734.5388746,221258025.0
1746685734.6038847,221381912.0
1746685734.6830337,221505834.0
1746685734.762958,221629921.0
1746685734.8280962,221754009.0
1746685734.89611,221878100.0
1746685734.9600892,222002192.0
1746685735.0280738,222126288.0
1746685735.1123266,222250487.0
1746685735.176084,222374687.0
1746685735.244182,222498889.0
1746685735.324418,222623157.0
1746685735.392196,222747428.0
1746685735.46783,222871734.0
1746685735.540219,222996073.0
1746685735.6284578,223120862.0
1746685735.69245,223245658.0
1746685735.7561626,223370454.0
1746685735.8326359,223495252.0
1746685735.8936334,223620053.0
1746685735.9710567,223744856.0
1746685736.0425982,223869662.0
1746685736.1146634,223994469.0
1746685736.1870644,224119280.0
1746685736.2561567,224244097.0
1746685736.3201256,224368915.0
1746685736.3968914,224493735.0
1746685736.4716258,224618555.0
1746685736.5442624,224743375.0
1746685736.60848,224868196.0
1746685736.6922653,224993497.0
1746685736.76428,225118799.0
1746685736.8239481,225244106.0
1746685736.888584,225369414.0
1746685736.9479363,225494722.0
1746685737.018749,225620034.0
1746685737.0879712,225745348.0
1746685737.1486275,225870664.0
1746685737.218843,225995981.0
1746685737.2840405,226121301.0
1746685737.3520284,226246625.0
1746685737.4138029,226371950.0
1746685737.4839904,226497277.0
1746685737.5479336,226622604.0
1746685737.6191015,226747933.0
1746685737.7179112,226873487.0
1746685737.780137,226999042.0
1746685737.8398457,227124597.0
1746685737.9078288,227250158.0
1746685737.978739,227375720.0
1746685738.0404382,227501284.0
1746685738.1112423,227626852.0
1746685738.1888015,227752454.0
1746685738.2617111,227878155.0
1746685738.3198802,228003856.0
1746685738.3911383,228129560.0
1746685738.474904,228255299.0
1746685738.5481184,228381233.0
1746685738.6193397,228507171.0
1746685738.690757,228633109.0
1746685738.7600374,228759047.0
1746685738.8201938,228884985.0
1746685738.8947768,229010925.0
1746685738.9818058,229136931.0
1746685739.0446072,229262943.0
1746685739.1350288,229388989.0
1746685739.2081559,229515071.0
1746685739.2803268,229641190.0
1746685739.3561692,229767377.0
1746685739.4241292,229893565.0
1746685739.497917,230019789.0
1746685739.5791419,230146180.0
1746685739.6483328,230272574.0
1746685739.7231748,230398972.0
1746685739.7950857,230525373.0
1746685739.8579056,230651776.0
1746685739.9416504,230778248.0
1746685740.0125108,230904721.0
1746685740.095888,231031261.0
1746685740.1644006,231157801.0
1746685740.24731,231284409.0
1746685740.3192255,231411019.0
1746685740.393865,231537696.0
1746685740.4685442,231664376.0
1746685740.5487924,231791093.0
1746685740.6248322,231917877.0
1746685740.6886141,232044663.0
1746685740.7732494,232171522.0
1746685740.8448431,232298383.0
1746685740.9290128,232425445.0
1746685740.9943767,232552511.0
1746685741.0675004,232679579.0
1746685741.1394722,232806654.0
1746685741.2155058,232933730.0
1746685741.2874966,233060810.0
1746685741.387737,233187925.0
1746685741.464978,233315204.0
1746685741.5396245,233442485.0
1746685741.6048045,233569768.0
1746685741.6728566,233697054.0
1746685741.7480752,233824344.0
1746685741.8507438,233951701.0
1746685741.9209034,234079060.0
1746685742.0131516,234206650.0
1746685742.0875995,234334243.0
1746685742.159639,234461843.0
1746685742.231758,234589448.0
1746685742.2971487,234717054.0
1746685742.3691287,234844666.0
1746685742.4333484,234972278.0
1746685742.5331764,235099926.0
1746685742.6200879,235227642.0
1746685742.6848345,235355360.0
1746685742.769041,235483208.0
1746685742.834541,235611056.0
1746685742.9050539,235738908.0
1746685742.9733374,235866767.0
1746685743.0664291,235994757.0
1746685743.1304471,236122747.0
1746685743.2034287,236250742.0
1746685743.2672994,236378739.0
1746685743.3574898,236506837.0
1746685743.422518,236634940.0
1746685743.4927883,236763044.0
1746685743.5799863,236891188.0
1746685743.666096,237019589.0
1746685743.736693,237147994.0
1746685743.8011215,237276400.0
1746685743.8655388,237404809.0
1746685743.937018,237533218.0
1746685743.997956,237661627.0
1746685744.0685954,237790036.0
1746685744.136887,237918450.0
1746685744.240667,238046899.0
1746685744.3236105,238175575.0
1746685744.3844545,238304252.0
1746685744.4536273,238432931.0
1746685744.5231204,238561611.0
1746685744.5952735,238690297.0
1746685744.6602743,238818984.0
1746685744.7302206,238947677.0
1746685744.8311641,239076436.0
1746685744.904494,239205201.0
1746685744.9846659,239334000.0
1746685745.0609636,239462833.0
1746685745.1346595,239591699.0
1746685745.2128227,239720633.0
1746685745.2805703,239849569.0
1746685745.360566,239978704.0
1746685745.427173,240107842.0
1746685745.492408,240236984.0
1746685745.5531693,240366129.0
1746685745.6192915,240495274.0
1746685745.680891,240624419.0
1746685745.776728,240753601.0
1746685745.8445191,240882849.0
1746685745.9044616,241012101.0
1746685745.983571,241141386.0
1746685746.0605996,241270741.0
1746685746.124515,241400097.0
1746685746.2045956,241529648.0
1746685746.268557,241659200.0
1746685746.3436015,241788757.0
1746685746.41255,241918318.0
1746685746.4753592,242047885.0
1746685746.5412126,242177456.0
1746685746.638198,242307513.0
1746685746.7086854,242437573.0
1746685746.768758,242567633.0
1746685746.8325965,242697695.0
1746685746.896879,242827761.0
1746685746.9691453,242957829.0
1746685747.0408425,243087899.0
1746685747.1060624,243217969.0
1746685747.172375,243348042.0
1746685747.2407258,243478116.0
1746685747.3090544,243608190.0
1746685747.3703587,243738264.0
1746685747.4446697,243868343.0
1746685747.5148644,243998425.0
1746685747.587025,244128510.0
1746685747.652556,244258598.0
1746685747.7433643,244388721.0
1746685747.825238,244518974.0
1746685747.8949218,244649227.0
1746685747.9713147,244779481.0
1746685748.0321321,244909738.0
1746685748.1166143,245040095.0
1746685748.1802256,245170455.0
1746685748.2589064,245300815.0
1746685748.3399997,245431210.0
1746685748.4242532,245561671.0
1746685748.48802,245692135.0
1746685748.5642786,245822729.0
1746685748.6389241,245953327.0
1746685748.7151053,246083930.0
1746685748.7813356,246214536.0
1746685748.864324,246345176.0
1746685748.93668,246475853.0
1746685749.0161378,246607012.0
1746685749.0870311,246738171.0
1746685749.1514149,246869331.0
1746685749.220581,247000495.0
1746685749.284543,247131662.0
1746685749.3482716,247262831.0
1746685749.4120305,247394000.0
1746685749.4764698,247525170.0
1746685749.5441015,247656341.0
1746685749.6160154,247787515.0
1746685749.6839828,247918689.0
1746685749.75486,248049867.0
1746685749.824126,248181049.0
1746685749.8845353,248312234.0
1746685749.9520624,248443421.0
1746685750.0202482,248574612.0
1746685750.1004503,248706189.0
1746685750.1667902,248837766.0
1746685750.2346907,248969343.0
1746685750.3030682,249100924.0
1746685750.3639677,249232508.0
1746685750.4238143,249364094.0
1746685750.4879508,249495680.0
1746685750.5485616,249627267.0
1746685750.6128955,249758855.0
1746685750.683809,249890446.0
1746685750.7558742,250022037.0
1746685750.8278801,250153631.0
1746685750.928319,250285422.0
1746685750.995844,250417215.0
1746685751.0638049,250549009.0
1746685751.1240277,250680807.0
1746685751.1918232,250812606.0
1746685751.2557685,250944406.0
1746685751.3320425,251076239.0
1746685751.4011781,251208140.0
1746685751.4729698,251340045.0
1746685751.5520635,251472083.0
1746685751.6160548,251604121.0
1746685751.6849647,251736161.0
1746685751.7553964,251868203.0
1746685751.832611,252000344.0
1746685751.8965652,252132488.0
1746685751.955868,252264633.0
1746685752.031067,252396814.0
1746685752.119207,252529063.0
1746685752.1798494,252661313.0
1746685752.2561257,252793632.0
1746685752.319993,252925952.0
1746685752.3961332,253058531.0
1746685752.4708521,253191112.0
1746685752.5387917,253323695.0
1746685752.6045713,253456281.0
1746685752.672679,253588868.0
1746685752.7426448,253721455.0
1746685752.812327,253854042.0
1746685752.8762636,253986629.0
1746685752.9639454,254119250.0
1746685753.039773,254251939.0
1746685753.1036365,254384628.0
1746685753.1826992,254517354.0
1746685753.255965,254650179.0
1746685753.3271124,254783006.0
1746685753.3877733,254915834.0
1746685753.4669893,255048728.0
1746685753.529623,255181626.0
1746685753.5979629,255314624.0
1746685753.6720724,255447624.0
1746685753.7317867,255580625.0
1746685753.80913,255713726.0
1746685753.8719847,255846827.0
1746685753.935933,255979931.0
1746685754.0149684,256113070.0
1746685754.088122,256246276.0
1746685754.1480417,256379486.0
1746685754.2183263,256512761.0
1746685754.2841015,256646039.0
1746685754.3562832,256779385.0
1746685754.420669,256912735.0
1746685754.5042768,257046215.0
1746685754.5681725,257179697.0
1746685754.640258,257313183.0
1746685754.711134,257446673.0
1746685754.789372,257580261.0
1746685754.8522081,257713851.0
1746685754.9228985,257847444.0
1746685755.0071332,257981103.0
1746685755.0721223,258114764.0
1746685755.1510935,258248493.0
1746685755.2156098,258382223.0
1746685755.286416,258516022.0
1746685755.363117,258649822.0
1746685755.4365323,258783754.0
1746685755.5034425,258917691.0
1746685755.5643523,259051631.0
1746685755.63382,259185574.0
1746685755.7205763,259319648.0
1746685755.7967699,259453727.0
1746685755.8671048,259587809.0
1746685755.928311,259721893.0
1746685756.0144553,259856268.0
1746685756.0871282,259990648.0
1746685756.1591709,260125029.0
1746685756.231147,260259412.0
1746685756.3031278,260393797.0
1746685756.3657124,260528184.0
1746685756.4370472,260662573.0
1746685756.50707,260796962.0
1746685756.5695438,260931352.0
1746685756.6686347,261065812.0
1746685756.7324283,261200275.0
1746685756.8126674,261334897.0
1746685756.8764808,261469520.0
1746685756.943175,261604148.0
1746685757.0043883,261738781.0
1746685757.0887764,261873481.0
1746685757.1593554,262008185.0
1746685757.2204368,262142894.0
1746685757.3050416,262277669.0
1746685757.368457,262412445.0
1746685757.4447005,262547512.0
1746685757.5154908,262682581.0
1746685757.5877235,262817653.0
1746685757.6530404,262952727.0
1746685757.719243,263087801.0
1746685757.7850604,263222880.0
1746685757.849066,263357961.0
1746685757.9124143,263493044.0
1746685757.980874,263628128.0
1746685758.077117,263763311.0
1746685758.1443639,263898497.0
1746685758.204149,264033685.0
1746685758.3013766,264168941.0
1746685758.3753917,264304200.0
1746685758.4487257,264439526.0
1746685758.5122118,264574852.0
1746685758.5911043,264710277.0
1746685758.6563053,264845705.0
1746685758.7165744,264981136.0
1746685758.8027167,265116635.0
1746685758.8643441,265252135.0
1746685758.9382718,265387674.0
1746685759.0166545,265523345.0
1746685759.0876322,265659019.0
1746685759.1597524,265794697.0
1746685759.2263563,265930377.0
1746685759.3155072,266066096.0
1746685759.3941557,266202171.0
1746685759.467472,266338248.0
1746685759.5392888,266474328.0
1746685759.604498,266610410.0
1746685759.6766243,266746494.0
1746685759.7405298,266882581.0
1746685759.8085732,267018671.0
1746685759.8724694,267154764.0
1746685759.936559,267290859.0
1746685759.9989607,267426955.0
1746685760.0709138,267563054.0
1746685760.1435118,267699156.0
1746685760.2289853,267835357.0
1746685760.292364,267971561.0
1746685760.369051,268107767.0
1746685760.456784,268244042.0
1746685760.5247107,268380320.0
1746685760.6046495,268516634.0
1746685760.6848476,268653016.0
1746685760.7498815,268789399.0
1746685760.826365,268925883.0
1746685760.9006,269062369.0
1746685760.9684854,269198859.0
1746685761.049778,269335545.0
1746685761.1208048,269472232.0
1746685761.1844609,269608920.0
1746685761.2524698,269745611.0
1746685761.3132164,269882304.0
1746685761.3778203,270019000.0
1746685761.472842,270155795.0
1746685761.543215,270292591.0
1746685761.6084661,270429390.0
1746685761.6926367,270566257.0
1746685761.76453,270703128.0
1746685761.8449259,270840100.0
1746685761.9124115,270977073.0
1746685761.974025,271114050.0
1746685762.0617523,271251128.0
1746685762.1285362,271388208.0
1746685762.1967802,271525291.0
1746685762.280999,271662439.0
1746685762.3528852,271799588.0
1746685762.4343743,271936804.0
1746685762.51269,272074150.0
1746685762.5727704,272211499.0
1746685762.6364555,272348851.0
1746685762.7087693,272486204.0
1746685762.7723768,272623561.0
1746685762.8605618,272761209.0
1746685762.928408,272898861.0
1746685762.9994426,273036516.0
1746685763.072412,273174171.0
1746685763.1412663,273311830.0
1746685763.208339,273449491.0
1746685763.2686117,273587155.0
1746685763.3295543,273724821.0
1746685763.3964605,273862487.0
1746685763.5005105,274000411.0
1746685763.5641465,274138337.0
1746685763.6241493,274276265.0
1746685763.6882236,274414196.0
1746685763.7522645,274552131.0
1746685763.8241327,274690069.0
1746685763.892562,274828010.0
1746685763.9525843,274965951.0
1746685764.048464,275104153.0
1746685764.1202068,275242358.0
1746685764.182897,275380563.0
1746685764.2458665,275518773.0
1746685764.309889,275656985.0
1746685764.3888786,275795201.0
1746685764.448331,275933419.0
1746685764.5190272,276071638.0
1746685764.616822,276209890.0
1746685764.688255,276348240.0
1746685764.7521615,276486591.0
1746685764.8161256,276624945.0
1746685764.9046662,276763655.0
1746685764.9769068,276902368.0
1746685765.048105,277041082.0
1746685765.1122541,277179797.0
1746685765.1720343,277318514.0
1746685765.2398174,277457235.0
1746685765.299843,277595956.0
1746685765.3747702,277734678.0
1746685765.439864,277873402.0
1746685765.5003335,278012130.0
1746685765.5646706,278150860.0
1746685765.6612208,278289752.0
1746685765.725623,278428644.0
1746685765.78964,278567538.0
1746685765.8536487,278706433.0
1746685765.9160688,278845330.0
1746685765.994239,278984326.0
1746685766.0641744,279123326.0
1746685766.1360369,279262329.0
1746685766.2124,279401527.0
1746685766.27872,279540727.0
1746685766.3472762,279679931.0
1746685766.40805,279819135.0
1746685766.4790845,279958339.0
1746685766.548018,280097547.0
1746685766.6361084,280236791.0
1746685766.7161572,280376070.0
1746685766.7992985,280515447.0
1746685766.8667886,280654824.0
1746685766.9279506,280794203.0
1746685766.996096,280933617.0
1746685767.0830276,281073099.0
1746685767.1440496,281212585.0
1746685767.220272,281352109.0
1746685767.2929785,281491667.0
1746685767.3715086,281631259.0
1746685767.4493408,281770885.0
1746685767.5311062,281910580.0
1746685767.5967555,282050277.0
1746685767.672429,282190075.0
1746685767.7362225,282329878.0
1746685767.812426,282469683.0
1746685767.9049788,282609876.0
1746685767.9726279,282750069.0
1746685768.0362515,282890262.0
1746685768.1070457,283030457.0
1746685768.1722927,283170654.0
1746685768.236226,283310854.0
1746685768.3083315,283451058.0
1746685768.3762438,283591266.0
1746685768.4494228,283731474.0
1746685768.5161645,283871683.0
1746685768.588886,284011895.0
1746685768.6601956,284152108.0
1746685768.7679312,284292676.0
1746685768.8347847,284433245.0
1746685768.9027684,284573818.0
1746685768.9680579,284714393.0
1746685769.0320272,284854970.0
1746685769.092427,284995548.0
1746685769.152884,285136128.0
1746685769.2171152,285276710.0
1746685769.2779324,285417294.0
1746685769.3507442,285557878.0
1746685769.4159524,285698466.0
1746685769.5123034,285839122.0
1746685769.5831425,285979778.0
1746685769.6601596,286120628.0
1746685769.7280266,286261481.0
1746685769.7955978,286402337.0
1746685769.8667688,286543195.0
1746685769.9430583,286684055.0
1746685770.0118785,286824919.0
1746685770.1083145,286966138.0
1746685770.1800325,287107359.0
1746685770.2397683,287248581.0
1746685770.3118618,287389805.0
1746685770.3753774,287531030.0
1746685770.4322653,287672257.0
1746685770.4989436,287813485.0
1746685770.5614119,287954714.0
1746685770.631934,288095946.0
1746685770.695263,288237178.0
1746685770.7678804,288378410.0
1746685770.8726218,288519776.0
1746685770.9495735,288661242.0
1746685771.0187335,288802711.0
1746685771.079966,288944182.0
1746685771.1440883,289085656.0
1746685771.2078874,289227135.0
1746685771.2748008,289368614.0
1746685771.3602188,289510286.0
1746685771.4239864,289651960.0
1746685771.4879222,289793637.0
1746685771.548279,289935316.0
1746685771.6139052,290076996.0
1746685771.6767833,290218678.0
1746685771.7601428,290360396.0
1746685771.8441634,290502147.0
1746685771.9160886,290643965.0
1746685771.9828148,290785786.0
1746685772.0631247,290927771.0
1746685772.1280708,291069758.0
1746685772.2004097,291211748.0
1746685772.2640324,291353740.0
1746685772.3242354,291495737.0
1746685772.408338,291637800.0
1746685772.471974,291779864.0
1746685772.5482366,291922091.0
1746685772.6161623,292064321.0
1746685772.680193,292206553.0
1746685772.750949,292348787.0
1746685772.8165278,292491024.0
1746685772.8963034,292633393.0
1746685772.9560747,292775762.0
1746685773.020083,292918133.0
1746685773.0801,293060506.0
1746685773.1563568,293202978.0
1746685773.2269704,293345454.0
1746685773.2921822,293487933.0
1746685773.3725982,293630448.0
1746685773.4465096,293773096.0
1746685773.5087202,293915746.0
1746685773.5729094,294058397.0
1746685773.6402202,294201049.0
1746685773.7409604,294343800.0
1746685773.8122761,294486554.0
1746685773.8910787,294629310.0
1746685773.9771178,294772198.0
1746685774.0510128,294915089.0
1746685774.1122851,295057981.0
1746685774.176278,295200874.0
1746685774.2632678,295343802.0
1746685774.3485644,295486798.0
1746685774.4086304,295629798.0
1746685774.4854023,295772930.0
1746685774.5591648,295916064.0
1746685774.6244085,296059204.0
1746685774.6883376,296202347.0
1746685774.7793956,296345620.0
1746685774.8422294,296488896.0
1746685774.9065151,296632174.0
1746685774.9758854,296775454.0
1746685775.0646164,296918768.0
1746685775.141057,297062119.0
1746685775.2167952,297205507.0
1746685775.2966912,297348929.0
1746685775.3769326,297492641.0
1746685775.4492235,297636354.0
1746685775.516598,297780070.0
1746685775.5872808,297923789.0
1746685775.6570168,298067513.0
1746685775.7313008,298211239.0
1746685775.8007276,298354969.0
1746685775.868433,298498701.0
1746685775.9324286,298642434.0
1746685776.0332613,298786203.0
1746685776.1196656,298930262.0
1746685776.184598,299074322.0
1746685776.2590725,299218382.0
1746685776.331103,299362445.0
1746685776.396246,299506513.0
1746685776.4647992,299650583.0
1746685776.5363748,299794654.0
1746685776.611722,299938727.0
1746685776.6762412,300082802.0
1746685776.7798285,300227169.0
1746685776.8442292,300371538.0
1746685776.9084878,300515909.0
1746685776.972233,300660283.0
1746685777.036615,300804658.0
1746685777.11094,300949034.0
1746685777.1763647,301093412.0
1746685777.248206,301237790.0
1746685777.3168163,301382168.0
1746685777.404175,301526641.0
1746685777.4638913,301671116.0
1746685777.5320642,301815596.0
1746685777.614957,301960144.0
1746685777.6872983,302104692.0
1746685777.7602305,302249307.0
1746685777.8311517,302393925.0
1746685777.9082813,302538707.0
1746685777.9680696,302683494.0
1746685778.03213,302828283.0
1746685778.1001353,302973077.0
1746685778.1620522,303117872.0
1746685778.2482648,303262734.0
1746685778.31238,303407598.0
1746685778.384135,303552495.0
1746685778.4564388,303697490.0
1746685778.52289,303842485.0
1746685778.588038,303987481.0
1746685778.6608355,304132547.0
1746685778.7241733,304277616.0
1746685778.8030496,304422783.0
1746685778.8682587,304567953.0
1746685778.9284837,304713125.0
1746685779.005825,304858335.0
1746685779.106646,305003584.0
1746685779.1862762,305148932.0
1746685779.2566214,305294284.0
1746685779.3171074,305439637.0
1746685779.4086144,305585060.0
1746685779.47864,305730488.0
1746685779.5673072,305876014.0
1746685779.6365035,306021540.0
1746685779.7009404,306167066.0
1746685779.7847376,306312627.0
1746685779.8655505,306458226.0
1746685779.9447007,306604086.0
1746685780.0208776,306749947.0
1746685780.088663,306895811.0
1746685780.156946,307041678.0
1746685780.224648,307187550.0
1746685780.2933016,307333427.0
1746685780.3627148,307479306.0
1746685780.4370363,307625189.0
1746685780.5410686,307771329.0
1746685780.608661,307917474.0
1746685780.6766493,308063624.0
1746685780.741431,308209775.0
1746685780.8098178,308355926.0
1746685780.8807473,308502078.0
1746685780.9446216,308648233.0
1746685781.008548,308794392.0
1746685781.1095753,308940780.0
1746685781.1807017,309087168.0
1746685781.2529864,309233558.0
1746685781.313697,309379949.0
1746685781.3806114,309526345.0
1746685781.445072,309672747.0
1746685781.506217,309819150.0
1746685781.5968578,309965589.0
1746685781.6768281,310112095.0
1746685781.7427714,310258606.0
1746685781.8208015,310405187.0
1746685781.8916528,310551769.0
1746685781.9809554,310698608.0
1746685782.0451365,310845450.0
1746685782.109399,310992295.0
1746685782.174151,311139145.0
1746685782.244672,311285997.0
1746685782.3125956,311432851.0
1746685782.3764951,311579706.0
1746685782.4448404,311726562.0
1746685782.550784,311873775.0
1746685782.6136599,312020993.0
1746685782.6848645,312168211.0
1746685782.7488356,312315431.0
1746685782.8171685,312462651.0
1746685782.8777397,312609873.0
1746685782.948313,312757097.0
1746685783.0101635,312904322.0
1746685783.076898,313051547.0
1746685783.1445327,313198775.0
1746685783.209939,313346005.0
1746685783.3125527,313493464.0
1746685783.3828707,313640925.0
1746685783.4521742,313788388.0
1746685783.5122535,313935852.0
1746685783.57697,314083317.0
1746685783.641891,314230785.0
1746685783.700548,314378256.0
1746685783.7923126,314525825.0
1746685783.8588498,314673395.0
1746685783.9241273,314820966.0
1746685784.0002499,314968574.0
1746685784.0878937,315116217.0
1746685784.1645033,315263893.0
1746685784.2402768,315411634.0
1746685784.3043318,315559377.0
1746685784.3871632,315707285.0
1746685784.454946,315855198.0
1746685784.516175,316003114.0
1746685784.5805311,316151032.0
1746685784.652353,316298950.0
1746685784.7302907,316446934.0
1746685784.7920573,316594922.0
1746685784.8682978,316742947.0
1746685784.944281,316891070.0
1746685785.0042715,317039194.0
1746685785.0810037,317187320.0
1746685785.16448,317335482.0
1746685785.2406363,317483744.0
1746685785.304173,317632008.0
1746685785.3641899,317780273.0
1746685785.455276,317928796.0
1746685785.524943,318077324.0
1746685785.5882604,318225857.0
1746685785.6562886,318374392.0
1746685785.7231367,318522929.0
1746685785.7843335,318671468.0
1746685785.856352,318820008.0
1746685785.928745,318968553.0
1746685786.0246055,319117358.0
1746685786.0845592,319266163.0
1746685786.1482563,319414968.0
1746685786.2123563,319563775.0
1746685786.2763293,319712586.0
1746685786.336915,319861401.0
1746685786.402792,320010219.0
1746685786.4654164,320159037.0
1746685786.564658,320307890.0
1746685786.64326,320456781.0
1746685786.7286797,320605935.0
1746685786.7927058,320755091.0
1746685786.8650463,320904248.0
1746685786.9324236,321053408.0
1746685786.9924982,321202571.0
1746685787.068832,321351740.0
1746685787.1365638,321500910.0
1746685787.2083871,321650080.0
1746685787.2966807,321799315.0
1746685787.3603919,321948552.0
1746685787.4325404,322097857.0
1746685787.4989889,322247166.0
1746685787.588653,322396895.0
1746685787.6564674,322546626.0
1746685787.7287006,322696358.0
1746685787.8046243,322846094.0
1746685787.868406,322995835.0
1746685787.9405308,323145579.0
1746685788.004393,323295325.0
1746685788.0712342,323445075.0
1746685788.14359,323594828.0
1746685788.2151117,323744585.0
1746685788.2843797,323894343.0
1746685788.3552575,324044101.0
1746685788.4244452,324193860.0
1746685788.4967482,324343621.0
1746685788.5769672,324493545.0
1746685788.6482284,324643471.0
1746685788.7214031,324793400.0
1746685788.7852557,324943331.0
1746685788.8671641,325093263.0
1746685788.9526532,325243297.0
1746685789.0204773,325393336.0
1746685789.0926192,325543378.0
1746685789.1887965,325693486.0
1746685789.2603753,325843596.0
1746685789.3512025,325993806.0
1746685789.418496,326144021.0
1746685789.4839199,326294237.0
1746685789.5727818,326444614.0
1746685789.6475375,326594991.0
1746685789.7121768,326745370.0
1746685789.7769096,326895752.0
1746685789.836624,327046136.0
1746685789.9285157,327196589.0
1746685789.9881172,327347044.0
1746685790.0646892,327497756.0
1746685790.1304348,327648472.0
1746685790.1921828,327799190.0
1746685790.2643185,327949911.0
1746685790.33624,328100634.0
1746685790.4018192,328251360.0
1746685790.4723053,328402089.0
1746685790.5323102,328552823.0
1746685790.6205075,328703591.0
1746685790.6939857,328854425.0
1746685790.7603095,329005260.0
1746685790.8367937,329156162.0
1746685790.9083102,329307066.0
1746685790.9874449,329458007.0
1746685791.0724702,329609017.0
1746685791.1404314,329760029.0
1746685791.219489,329911075.0
1746685791.2914329,330062254.0
1746685791.3576496,330213436.0
1746685791.4284525,330364620.0
1746685791.5004547,330515805.0
1746685791.587293,330667059.0
1746685791.6492746,330818317.0
1746685791.7245634,330969613.0
1746685791.8009555,331120944.0
1746685791.8726897,331272341.0
1746685791.9515395,331423740.0
1746685792.0288005,331575206.0
1746685792.0969503,331726675.0
1746685792.1728475,331878182.0
1746685792.2572324,332029760.0
1746685792.328729,332181339.0
1746685792.402845,332332986.0
1746685792.4714568,332484637.0
1746685792.555576,332636419.0
1746685792.6209717,332788205.0
1746685792.6825156,332939991.0
1746685792.7462578,333091780.0
1746685792.8412547,333243894.0
1746685792.9086783,333396013.0
1746685792.9729242,333548132.0
1746685793.040719,333700251.0
1746685793.1113167,333852371.0
1746685793.1807022,334004495.0
1746685793.2446404,334156622.0
1746685793.3126936,334308754.0
1746685793.3847737,334460891.0
1746685793.456838,334613030.0
1746685793.5288258,334765173.0
1746685793.6138482,334917546.0
1746685793.6787956,335069920.0
1746685793.7420669,335222296.0
1746685793.8026311,335374672.0
1746685793.8705196,335527055.0
1746685793.9447062,335679440.0
1746685794.015747,335831830.0
1746685794.1089723,335984252.0
1746685794.1881022,336136740.0
1746685794.2525928,336289228.0
1746685794.3374562,336441752.0
1746685794.4127233,336594309.0
1746685794.4846592,336746969.0
1746685794.5553632,336899634.0
1746685794.6247046,337052301.0
1746685794.7128553,337205133.0
1746685794.7806382,337357968.0
1746685794.8526773,337510806.0
1746685794.9169922,337663648.0
1746685794.9804952,337816490.0
1746685795.0689898,337969434.0
1746685795.138933,338122380.0
1746685795.2046723,338275329.0
1746685795.2846534,338428342.0
1746685795.3504348,338581355.0
1746685795.4222777,338734402.0
1746685795.504697,338887518.0
1746685795.579311,339040636.0
1746685795.665214,339193857.0
1746685795.7391846,339347081.0
1746685795.8085544,339500308.0
1746685795.8967528,339653572.0
1746685795.9726322,339806904.0
1746685796.0384374,339960240.0
1746685796.1251516,340113613.0
1746685796.2077785,340267018.0
1746685796.287332,340420493.0
1746685796.3527567,340573971.0
1746685796.4407916,340727645.0
1746685796.5128522,340881320.0
1746685796.5805857,341034995.0
1746685796.648891,341188672.0
1746685796.7233915,341342353.0
1746685796.7998087,341496037.0
1746685796.9120436,341650044.0
1746685796.9834616,341804054.0
1746685797.0568264,341958067.0
1746685797.1391678,342112083.0
1746685797.2195745,342266102.0
1746685797.29274,342420125.0
1746685797.360718,342574151.0
1746685797.4328651,342728177.0
1746685797.5016215,342882210.0
1746685797.5689862,343036246.0
1746685797.6810641,343190381.0
1746685797.7555985,343344517.0
1746685797.8208134,343498653.0
1746685797.9048474,343652919.0
1746685797.9799933,343807189.0
1746685798.0513551,343961461.0
1746685798.1233475,344115736.0
1746685798.2088382,344270080.0
1746685798.2787416,344424427.0
1746685798.360824,344578809.0
1746685798.4366481,344733257.0
1746685798.5010443,344887709.0
1746685798.585036,345042518.0
1746685798.6463902,345197327.0
1746685798.715172,345352143.0
1746685798.7918136,345506962.0
1746685798.8543744,345661783.0
1746685798.9203515,345816607.0
1746685798.9891095,345971432.0
1746685799.063441,346126258.0
1746685799.1323447,346281087.0
1746685799.196514,346435920.0
1746685799.2671945,346590755.0
1746685799.3321848,346745592.0
1746685799.4113376,346900527.0
1746685799.4803426,347055462.0
1746685799.5483396,347210397.0
1746685799.632246,347365398.0
1746685799.695999,347520404.0
1746685799.776286,347675507.0
1746685799.8372428,347830618.0
1746685799.9108684,347985732.0
1746685799.9967356,348140915.0
1746685800.0753307,348296099.0
1746685800.153064,348451349.0
1746685800.2240207,348606599.0
1746685800.3001828,348761884.0
1746685800.376246,348917239.0
1746685800.4369617,349072596.0
1746685800.5122406,349227989.0
1746685800.6001298,349383576.0
1746685800.6810493,349539163.0
1746685800.74423,349694750.0
1746685800.8083253,349850338.0
1746685800.881151,350005930.0
1746685800.94146,350161522.0
1746685801.0218012,350317182.0
1746685801.095919,350472843.0
1746685801.167987,350628637.0
1746685801.231788,350784433.0
1746685801.298652,350940230.0
1746685801.3633554,351096030.0
1746685801.448075,351251865.0
1746685801.5173125,351407737.0
1746685801.5960834,351563677.0
1746685801.664219,351719619.0
1746685801.7363546,351875626.0
1746685801.800054,352031634.0
1746685801.8762314,352187774.0
1746685801.9406679,352343917.0
1746685802.0067375,352500064.0
1746685802.0680277,352656213.0
1746685802.1482368,352812430.0
1746685802.2120821,352968649.0
1746685802.292731,353124937.0
1746685802.3591664,353281226.0
1746685802.4361439,353437644.0
1746685802.5028307,353594066.0
1746685802.5708606,353750490.0
1746685802.6361134,353906919.0
1746685802.7299445,354063703.0
1746685802.8069003,354220487.0
1746685802.8788857,354377271.0
1746685802.94034,354534056.0
1746685803.004242,354690843.0
1746685803.0761745,354847633.0
1746685803.1441467,355004427.0
1746685803.2123425,355161223.0
1746685803.2842994,355318021.0
1746685803.3482528,355474820.0
1746685803.4096134,355631622.0
1746685803.5145364,355788492.0
1746685803.5758393,355945362.0
1746685803.6507885,356102268.0
1746685803.7242472,356259208.0
1746685803.800416,356416218.0
1746685803.8748264,356573230.0
1746685803.9633172,356730341.0
1746685804.0281022,356887452.0
1746685804.0947976,357044566.0
1746685804.1723216,357201780.0
1746685804.2408335,357358997.0
1746685804.3107789,357516217.0
1746685804.396228,357673504.0
1746685804.466845,357830794.0
1746685804.5405302,357988120.0
1746685804.6232712,358145545.0
1746685804.684461,358302970.0
1746685804.7591841,358460396.0
1746685804.8406086,358617890.0
1746685804.9087636,358775386.0
1746685804.9964602,358933016.0
1746685805.0686095,359090649.0
1746685805.144369,359248283.0
1746685805.2203798,359405919.0
1746685805.311929,359563654.0
1746685805.3832917,359721391.0
1746685805.456443,359879130.0
1746685805.536302,360037000.0
1746685805.604218,360194871.0
1746685805.6698778,360352745.0
1746685805.7332854,360510622.0
1746685805.816577,360668565.0
1746685805.8858178,360826509.0
1746685805.9689133,360984679.0
1746685806.0321505,361142849.0
1746685806.100362,361301021.0
1746685806.1644938,361459200.0
1746685806.2322142,361617382.0
1746685806.2973633,361775566.0
1746685806.3651626,361933751.0
1746685806.4525633,362092035.0
1746685806.520111,362250321.0
1746685806.5858278,362408609.0
1746685806.668341,362566997.0
1746685806.7325916,362725385.0
1746685806.7969093,362883776.0
1746685806.8769886,363042234.0
1746685806.9510198,363200693.0
1746685807.040328,363359348.0
1746685807.108128,363518004.0
1746685807.1725206,363676661.0
1746685807.2367885,363835322.0
1746685807.3012285,363993988.0
1746685807.3713088,364152659.0
1746685807.4605207,364311556.0
1746685807.5244136,364470455.0
1746685807.603114,364629355.0
1746685807.6682222,364788258.0
1746685807.7291954,364947163.0
1746685807.7960413,365106071.0
1746685807.860236,365264979.0
1746685807.9564075,365424115.0
1746685808.0165517,365583252.0
1746685808.0839348,365742391.0
1746685808.148037,365901532.0
1746685808.2122579,366060674.0
1746685808.2774177,366219817.0
1746685808.3452082,366378964.0
1746685808.432324,366538178.0
1746685808.491932,366697396.0
1746685808.5656133,366856777.0
1746685808.6283376,367016159.0
1746685808.692547,367175542.0
1746685808.7602096,367334928.0
1746685808.8296819,367494315.0
1746685808.920118,367653835.0
1746685808.9949079,367813355.0
1746685809.0599918,367972878.0
1746685809.1238873,368132402.0
1746685809.2044919,368291993.0
1746685809.2760372,368451585.0
1746685809.3588102,368611273.0
1746685809.4239156,368770963.0
1746685809.4880795,368930657.0
1746685809.560065,369090452.0
1746685809.6287777,369250250.0
1746685809.6919477,369410049.0
1746685809.7800274,369570458.0
1746685809.8480194,369730868.0
1746685809.9187865,369891281.0
1746685809.9840171,370051696.0
1746685810.0524302,370212115.0
1746685810.1141481,370372535.0
1746685810.1867151,370532957.0
1746685810.2589347,370693380.0
1746685810.3277898,370853804.0
1746685810.39394,371014231.0
1746685810.4705422,371174658.0
1746685810.537405,371335085.0
1746685810.6064065,371495516.0
1746685810.6834095,371655950.0
1746685810.7553484,371816385.0
1746685810.8195822,371976821.0
1746685810.8904011,372137257.0
1746685810.9623995,372297694.0
1746685811.0347283,372458134.0
1746685811.1077752,372618574.0
1746685811.1881578,372779051.0
1746685811.2556508,372939594.0
1746685811.3195744,373100139.0
1746685811.3881187,373260750.0
1746685811.4559317,373421361.0
1746685811.525499,373582008.0
1746685811.601436,373742785.0
1746685811.6662014,373903563.0
1746685811.7282884,374064345.0
1746685811.78755,374225129.0
1746685811.8718581,374386014.0
1746685811.9316273,374546899.0
1746685811.9983861,374707784.0
1746685812.0717702,374868704.0
1746685812.1436284,375029660.0
1746685812.2198155,375190651.0
1746685812.2986867,375351676.0
1746685812.3720384,375512768.0
1746685812.4362416,375673864.0
1746685812.5201025,375835506.0
1746685812.5838983,375997151.0
1746685812.647868,376158800.0
1746685812.708333,376320452.0
1746685812.7678788,376482104.0
1746685812.8280416,376643760.0
1746685812.9000545,376805419.0
1746685812.9642923,376967081.0
1746685813.034715,377128744.0
1746685813.0963945,377290407.0
1746685813.1639578,377452070.0
1746685813.2257326,377613736.0
1746685813.2959514,377775403.0
1746685813.3639739,377937071.0
1746685813.428239,378098741.0
1746685813.4958854,378260414.0
1746685813.5667024,378422089.0
1746685813.6359637,378583767.0
1746685813.728009,378745514.0
1746685813.8027086,378907264.0
1746685813.8759778,379069240.0
1746685813.9399242,379231219.0
1746685814.0093024,379393201.0
1746685814.072175,379555187.0
1746685814.1358123,379717174.0
1746685814.1998227,379879162.0
1746685814.271924,380041150.0
1746685814.3602095,380203173.0
1746685814.444378,380365550.0
1746685814.5079966,380527927.0
1746685814.5726678,380690306.0
1746685814.6431282,380852688.0
1746685814.7150578,381015072.0
1746685814.7803636,381177459.0
1746685814.8505244,381339846.0
1746685814.9185874,381502235.0
1746685814.9837508,381664625.0
1746685815.0459173,381827017.0
1746685815.111744,381989412.0
1746685815.2120078,382151844.0
1746685815.2880993,382314373.0
1746685815.3479903,382476902.0
1746685815.4187791,382639431.0
1746685815.4959264,382802026.0
1746685815.5603535,382964623.0
1746685815.642991,383127255.0
1746685815.7158303,383290047.0
1746685815.7797377,383452843.0
1746685815.8439386,383615643.0
1746685815.9116786,383778446.0
1746685815.9797363,383941250.0
1746685816.064753,384104123.0
1746685816.1236873,384266996.0
1746685816.199946,384429935.0
1746685816.2637444,384592877.0
1746685816.3467135,384756079.0
1746685816.407493,384919282.0
1746685816.4758983,385082486.0
1746685816.5367293,385245691.0
1746685816.59987,385408897.0
1746685816.6678207,385572106.0
1746685816.7358577,385735316.0
1746685816.8119144,385898526.0
1746685816.8968806,386061773.0
1746685816.9729128,386225089.0
1746685817.0357733,386388407.0
1746685817.1313772,386551887.0
1746685817.1981997,386715368.0
1746685817.2717261,386878849.0
1746685817.3356037,387042331.0
1746685817.4105449,387205816.0
1746685817.4919374,387369337.0
1746685817.5786357,387533180.0
1746685817.6388037,387697023.0
1746685817.7076776,387860867.0
1746685817.7675478,388024713.0
1746685817.8316507,388188563.0
1746685817.899725,388352415.0
1746685817.9602702,388516267.0
1746685818.0248003,388680122.0
1746685818.0892863,388843980.0
1746685818.1536489,389007839.0
1746685818.2404697,389171795.0
1746685818.3086352,389335753.0
1746685818.3678377,389499712.0
1746685818.4425652,389663737.0
1746685818.503604,389827765.0
1746685818.575828,389991829.0
1746685818.6518257,390156055.0
1746685818.7170467,390320281.0
1746685818.786643,390484508.0
1746685818.8523118,390648737.0
1746685818.9116464,390812969.0
1746685818.9917479,390977268.0
1746685819.0677407,391141567.0
1746685819.1400695,391305933.0
1746685819.20016,391470300.0
1746685819.2838528,391635148.0
1746685819.3545732,391799997.0
1746685819.426806,391964849.0
1746685819.496001,392129704.0
1746685819.5639665,392294561.0
1746685819.6319919,392459422.0
1746685819.700818,392624285.0
1746685819.7653713,392789149.0
1746685819.8360488,392954013.0
1746685819.9042013,393118879.0
1746685819.972849,393283745.0
1746685820.0439293,393448614.0
1746685820.1159508,393613485.0
1746685820.1865656,393778356.0
1746685820.2585666,393943229.0
1746685820.3682883,394108393.0
1746685820.4315176,394273558.0
1746685820.4996068,394438724.0
1746685820.5640154,394603892.0
1746685820.624848,394769062.0
1746685820.6961575,394934234.0
1746685820.7594748,395099409.0
1746685820.827562,395264586.0
1746685820.8955493,395429763.0
1746685820.9915273,395595037.0
1746685821.0592418,395760312.0
1746685821.1268857,395925587.0
1746685821.1925159,396090961.0
1746685821.2553673,396256337.0
1746685821.330381,396421714.0
1746685821.4197006,396587701.0
1746685821.487613,396753690.0
1746685821.5516572,396919681.0
1746685821.612209,397085673.0
1746685821.671491,397251665.0
1746685821.7383919,397417660.0
1746685821.8063304,397583657.0
1746685821.8714955,397749658.0
1746685821.946414,397915661.0
1746685822.0115705,398081664.0
1746685822.075654,398247667.0
1746685822.1394777,398413671.0
1746685822.2038043,398579676.0
1746685822.2649894,398745683.0
1746685822.3355026,398911692.0
1746685822.3998137,399077702.0
1746685822.4708035,399243712.0
1746685822.5421958,399409722.0
1746685822.607445,399575732.0
1746685822.7108448,399741808.0
1746685822.7832294,399907884.0
1746685822.8674378,400074315.0
1746685822.9394226,400240748.0
1746685823.010211,400407184.0
1746685823.0822413,400573622.0
1746685823.151565,400740060.0
1746685823.222176,400906498.0
1746685823.287194,401072938.0
1746685823.3584955,401239379.0
1746685823.4193087,401405820.0
1746685823.495425,401572262.0
1746685823.5673845,401738705.0
1746685823.6542656,401905214.0
1746685823.7152414,402071723.0
1746685823.791434,402238554.0
1746685823.8629553,402405386.0
1746685823.9301438,402572218.0
1746685823.9871418,402739054.0
1746685824.0511787,402905892.0
1746685824.1152935,403072733.0
1746685824.1874218,403239576.0
1746685824.251342,403406419.0
1746685824.3193324,403573263.0
1746685824.3831666,403740108.0
1746685824.4720025,403907083.0
1746685824.535217,404074058.0
1746685824.5970771,404241034.0
1746685824.6712973,404408010.0
1746685824.7546258,404575052.0
1746685824.8151968,404742094.0
1746685824.8873403,404909234.0
1746685824.9543755,405076374.0
1746685825.0113542,405243515.0
1746685825.083587,405410758.0
1746685825.1501641,405578003.0
1746685825.2145705,405745252.0
1746685825.2982893,405912855.0
1746685825.3632534,406080458.0
1746685825.4304013,406248063.0
1746685825.499746,406415668.0
1746685825.5613337,406583273.0
1746685825.6249387,406750879.0
1746685825.6890547,406918486.0
1746685825.7521403,407086093.0
1746685825.8155382,407253700.0
1746685825.8754513,407421308.0
1746685825.9403088,407588917.0
1746685826.024024,407756591.0
1746685826.0795302,407924265.0
1746685826.1554499,408092006.0
1746685826.2152479,408259749.0
1746685826.2874014,408427561.0
1746685826.35422,408595376.0
1746685826.4259272,408763417.0
1746685826.5035722,408931460.0
1746685826.567501,409099503.0
1746685826.6423938,409267548.0
1746685826.7103672,409435595.0
1746685826.7863781,409603645.0
1746685826.862418,409771695.0
1746685826.950632,409939812.0
1746685827.0118368,410107930.0
1746685827.0864928,410276113.0
1746685827.1435368,410444296.0
1746685827.2201838,410612673.0
1746685827.2795582,410781052.0
1746685827.3395345,410949433.0
1746685827.3995535,411117818.0
1746685827.470566,411286206.0
1746685827.539675,411454595.0
1746685827.6294587,411623019.0
1746685827.7017229,411791668.0
1746685827.7652354,411960318.0
1746685827.8276172,412128970.0
1746685827.887634,412297624.0
1746685827.9517708,412466279.0
1746685828.0197473,412634936.0
1746685828.0877995,412803594.0
1746685828.1800902,412972350.0
1746685828.2436602,413141106.0
1746685828.3077128,413309863.0
1746685828.3798223,413478720.0
1746685828.443746,413647578.0
1746685828.5040896,413816441.0
1746685828.5827608,413985340.0
1746685828.6558764,414154401.0
1746685828.7202957,414323465.0
1746685828.7854474,414492529.0
1746685828.851886,414661595.0
1746685828.92398,414830664.0
1746685829.0017142,414999769.0
1746685829.074496,415169036.0
1746685829.1467915,415338304.0
1746685829.2160487,415507573.0
1746685829.2839713,415676843.0
1746685829.3478599,415846114.0
1746685829.4281085,416015548.0
1746685829.4999816,416184985.0
1746685829.5679693,416354423.0
1746685829.6360483,416523866.0
1746685829.703973,416693312.0
1746685829.7994883,416862825.0
1746685829.8682935,417032340.0
1746685829.948375,417202079.0
1746685830.0190594,417371818.0
1746685830.0838902,417541558.0
1746685830.147857,417711301.0
1746685830.2118366,417881045.0
1746685830.2826436,418050792.0
1746685830.3519495,418220540.0
1746685830.4585526,418390963.0
1746685830.5245223,418561387.0
1746685830.5959358,418731812.0
1746685830.6598818,418902239.0
1746685830.7239468,419072667.0
1746685830.7846417,419243100.0
1746685830.8519208,419413536.0
1746685830.9227633,419583974.0
1746685830.9949956,419754415.0
1746685831.0680904,419924856.0
1746685831.13232,420095298.0
1746685831.2040327,420265742.0
1746685831.268772,420436189.0
1746685831.3468468,420606637.0
1746685831.4132178,420777088.0
1746685831.481557,420947540.0
1746685831.5683308,421117993.0
1746685831.640001,421288446.0
1746685831.7086716,421458901.0
1746685831.7742689,421629356.0
1746685831.8522546,421799811.0
1746685831.927745,421970268.0
1746685832.011943,422140761.0
1746685832.0837526,422311321.0
1746685832.1517978,422481883.0
1746685832.220841,422652478.0
1746685832.2958388,422823266.0
1746685832.3669453,422994056.0
1746685832.4357555,423164849.0
1746685832.5037618,423335643.0
1746685832.5683563,423506441.0
1746685832.6299348,423677240.0
1746685832.71945,423848169.0
1746685832.7909398,424019098.0
1746685832.8625398,424190027.0
1746685832.92372,424360956.0
1746685833.0067837,424531983.0
1746685833.0757475,424703015.0
1746685833.1397197,424874050.0
1746685833.2117715,425045150.0
1746685833.2797909,425216252.0
1746685833.3627617,425387645.0
1746685833.4357502,425559038.0
1746685833.4996526,425730433.0
1746685833.5639942,425901833.0
1746685833.6277697,426073233.0
1746685833.6998599,426244639.0
1746685833.7637746,426416047.0
1746685833.827803,426587455.0
1746685833.8999217,426758864.0
1746685833.9962342,426930563.0
1746685834.0679278,427102262.0
1746685834.1430316,427273962.0
1746685834.2060442,427445666.0
1746685834.2758486,427617372.0
1746685834.3437932,427789079.0
1746685834.407713,427960787.0
1746685834.4826534,428132496.0
1746685834.5521307,428304205.0
1746685834.6401374,428475948.0
1746685834.7098203,428647728.0
1746685834.7869434,428819542.0
1746685834.8680146,428991650.0
1746685834.9283125,429163760.0
1746685834.9941282,429335871.0
1746685835.0575697,429507983.0
1746685835.1272407,429680097.0
1746685835.1990464,429852211.0
1746685835.26792,430024325.0
1746685835.3291612,430196443.0
1746685835.397537,430368564.0
1746685835.4923463,430540783.0
1746685835.5516732,430713002.0
1746685835.6166155,430885222.0
1746685835.7033978,431057540.0
1746685835.7609463,431229858.0
1746685835.8237603,431402180.0
1746685835.9071686,431574599.0
1746685835.9680912,431747022.0
1746685836.0385885,431919448.0
1746685836.1118984,432091940.0
1746685836.171744,432264434.0
1746685836.2439983,432436963.0
1746685836.3199725,432609622.0
1746685836.3840878,432782282.0
1746685836.4491136,432954945.0
1746685836.511839,433127610.0
1746685836.5920682,433300374.0
1746685836.655803,433473140.0
1746685836.7224972,433645907.0
1746685836.798737,433818771.0
1746685836.8602004,433991636.0
1746685836.9198356,434164503.0
1746685836.9960177,434337467.0
1746685837.0603356,434510434.0
1746685837.1197722,434683405.0
1746685837.2002418,434856442.0
1746685837.2680416,435029481.0
1746685837.3484583,435203004.0
1746685837.418773,435376527.0
1746685837.4907851,435550051.0
1746685837.5608468,435723579.0
1746685837.6239386,435897109.0
1746685837.6992543,436070641.0
1746685837.7679145,436244173.0
1746685837.8370688,436417706.0
1746685837.9038656,436591239.0
1746685837.9827964,436764772.0
1746685838.0586836,436938308.0
1746685838.1238194,437111844.0
1746685838.1852791,437285383.0
1746685838.2586403,437458925.0
1746685838.3231711,437632468.0
1746685838.4268074,437806076.0
1746685838.4985538,437979687.0
1746685838.568514,438153365.0
1746685838.6357872,438327043.0
1746685838.7148132,438500789.0
1746685838.7788808,438674539.0
1746685838.8495743,438848323.0
1746685838.930868,439022175.0
1746685838.9998307,439196028.0
1746685839.076038,439369979.0
1746685839.1341074,439543931.0
1746685839.2040877,439717887.0
1746685839.2802234,439891973.0
1746685839.3442397,440066060.0
1746685839.4042406,440240151.0
1746685839.4719539,440414242.0
1746685839.5481405,440588399.0
1746685839.6120148,440762559.0
1746685839.6922362,440936977.0
1746685839.7519433,441111395.0
1746685839.8160517,441285816.0
1746685839.875928,441460242.0
1746685839.9472415,441634670.0
1746685840.0078557,441809101.0
1746685840.075936,441983533.0
1746685840.1358175,442157966.0
1746685840.2206726,442332433.0
1746685840.3012326,442506940.0
1746685840.3762167,442681576.0
1746685840.4440475,442856213.0
1746685840.508077,443030854.0
1746685840.579307,443205497.0
1746685840.667357,443380368.0
1746685840.7319818,443555241.0
1746685840.8001342,443730114.0
1746685840.8640466,443904987.0
1746685840.9281282,444079863.0
1746685840.9988842,444254745.0
1746685841.0601218,444429628.0
1746685841.1406207,444604547.0
1746685841.2202618,444779724.0
1746685841.28011,444954902.0
1746685841.3404493,445130081.0
1746685841.4070418,445305263.0
1746685841.4718227,445480446.0
1746685841.5361302,445655630.0
1746685841.6045163,445830816.0
1746685841.6748476,446006003.0
1746685841.7669678,446181324.0
1746685841.839168,446356647.0
1746685841.904107,446531970.0
1746685841.9707327,446707293.0
1746685842.056424,446882651.0
1746685842.1325126,447058241.0
1746685842.1921015,447233831.0
1746685842.2554934,447409424.0
1746685842.3228993,447585018.0
1746685842.3840156,447760616.0
1746685842.4440775,447936216.0
1746685842.5162373,448111818.0
1746685842.604493,448287551.0
1746685842.664091,448463286.0
1746685842.7310019,448639023.0
1746685842.8036702,448814762.0
1746685842.884393,448990540.0
1746685842.9618247,449166386.0
1746685843.0406654,449342232.0
1746685843.1167364,449518110.0
1746685843.1966097,449694117.0
1746685843.2603858,449870134.0
1746685843.327842,450046152.0
1746685843.3955934,450222171.0
1746685843.4772937,450398224.0
1746685843.5552008,450574345.0
1746685843.6142542,450750468.0
1746685843.6994183,450926688.0
1746685843.7610373,451102910.0
1746685843.818536,451279134.0
1746685843.9005485,451455584.0
1746685843.9629202,451632034.0
1746685844.0416617,451808490.0
1746685844.1047788,451984949.0
1746685844.1685183,452161408.0
1746685844.2364058,452337867.0
1746685844.303298,452514326.0
1746685844.3887558,452690890.0
1746685844.4480834,452867454.0
1746685844.5154445,453044019.0
1746685844.5923183,453220648.0
1746685844.656286,453397282.0
1746685844.7322073,453573983.0
1746685844.792004,453750684.0
1746685844.8685544,453927451.0
1746685844.932473,454104221.0
1746685845.0166051,454281282.0
1746685845.080345,454458344.0
1746685845.1412122,454635408.0
1746685845.2086086,454812476.0
1746685845.2763512,454989544.0
1746685845.3483799,455166613.0
1746685845.4125898,455343682.0
1746685845.4767916,455520758.0
1746685845.5442274,455697835.0
1746685845.632678,455874978.0
1746685845.7003794,456052122.0
1746685845.7781677,456229304.0
1746685845.8582458,456406553.0
1746685845.943,456583802.0
1746685846.0260391,456761342.0
1746685846.0900545,456938883.0
1746685846.1543365,457116427.0
1746685846.227116,457293974.0
1746685846.299111,457471523.0
1746685846.3611531,457649077.0
1746685846.427009,457826631.0
1746685846.4921694,458004185.0
1746685846.5589578,458181739.0
1746685846.6574488,458359493.0
1746685846.718581,458537247.0
1746685846.7817967,458715001.0
1746685846.8456092,458892755.0
1746685846.915,459070512.0
1746685846.9758542,459248270.0
1746685847.0750532,459426349.0
1746685847.1358805,459604430.0
1746685847.2150168,459782513.0
1746685847.2762473,459960598.0
1746685847.3439534,460138685.0
1746685847.4118576,460316775.0
1746685847.4759336,460494869.0
1746685847.547081,460672963.0
1746685847.615956,460851058.0
1746685847.683931,461029153.0
1746685847.7697692,461207384.0
1746685847.8359516,461385616.0
1746685847.899887,461563848.0
1746685847.971085,461742081.0
1746685848.0421083,461920380.0
1746685848.1059387,462098682.0
1746685848.1775496,462277049.0
1746685848.2405775,462455417.0
1746685848.3128865,462633915.0
1746685848.3802316,462812414.0
1746685848.4438071,462990913.0
1746685848.5036848,463169416.0
1746685848.5757432,463348115.0
1746685848.6356726,463526815.0
1746685848.703797,463705516.0
1746685848.7682788,463884217.0
1746685848.8316627,464062924.0
1746685848.9003487,464241633.0
1746685848.9801087,464420471.0
1746685849.0481513,464599309.0
1746685849.1078796,464778148.0
1746685849.1677632,464956990.0
1746685849.2361546,465135897.0
1746685849.301572,465314806.0
1746685849.3749342,465493845.0
1746685849.4354348,465672886.0
1746685849.4932303,465851927.0
1746685849.5559397,466030973.0
1746685849.6328874,466210118.0
1746685849.6960497,466389265.0
1746685849.755928,466568413.0
1746685849.8281958,466747626.0
1746685849.892958,466926844.0
1746685849.9641132,467106096.0
1746685850.035179,467285509.0
1746685850.0960543,467464923.0
1746685850.1601803,467644340.0
1746685850.2240236,467823760.0
1746685850.2841682,468003181.0
1746685850.3724973,468182766.0
1746685850.4365773,468362352.0
1746685850.5013716,468541940.0
1746685850.5615535,468721528.0
1746685850.6323283,468901119.0
1746685850.7122607,469080745.0
1746685850.7870681,469260438.0
1746685850.860041,469440132.0
1746685850.9367507,469619891.0
1746685851.0001535,469799654.0
1746685851.0762959,469979549.0
1746685851.1406722,470159444.0
1746685851.203964,470339339.0
1746685851.2680326,470519237.0
1746685851.344121,470699169.0
1746685851.4168553,470879200.0
1746685851.4825094,471059234.0
1746685851.5464244,471239268.0
1746685851.6182878,471419369.0
1746685851.6883852,471599471.0
1746685851.765852,471779671.0
1746685851.8282723,471959874.0
1746685851.887826,472140078.0
1746685851.9703338,472320445.0
1746685852.031894,472500812.0
1746685852.091827,472681184.0
1746685852.1527295,472861559.0
1746685852.2123148,473041934.0
1746685852.296129,473222439.0
1746685852.359845,473402947.0
1746685852.4203286,473583456.0
1746685852.4797494,473763966.0
1746685852.5580041,473944704.0
1746685852.619795,474125442.0
1746685852.6797428,474306182.0
1746685852.7397563,474486923.0
1746685852.7997193,474667665.0
1746685852.8600104,474848411.0
1746685852.9205747,475029157.0
1746685853.0040498,475210033.0
1746685853.0637693,475390909.0
1746685853.1222541,475571790.0
1746685853.1838305,475752673.0
1746685853.272293,475933783.0
1746685853.335921,476114896.0
1746685853.3959763,476296011.0
1746685853.4560618,476477127.0
1746685853.5200114,476658245.0
1746685853.5840461,476839368.0
1746685853.6480465,477020492.0
1746685853.7391045,477201715.0
1746685853.804082,477382939.0
1746685853.8680637,477564164.0
1746685853.9401665,477745458.0
1746685854.0000303,477926752.0
1746685854.072262,478108114.0
1746685854.1321514,478289476.0
1746685854.2043304,478470876.0
1746685854.2846718,478652568.0
1746685854.3479145,478834261.0
1746685854.4084122,479015958.0
1746685854.4678128,479197656.0
1746685854.528907,479379356.0
1746685854.5878057,479561057.0
1746685854.6478415,479742762.0
1746685854.7081416,479924468.0
1746685854.7678902,480106175.0
1746685854.8561761,480287980.0
1746685854.9167006,480469786.0
1746685854.975822,480651595.0
1746685855.0600817,480833437.0
1746685855.1308134,481015347.0
1746685855.1918972,481197258.0
1746685855.2646492,481379239.0
1746685855.324129,481561221.0
1746685855.3959763,481743236.0
1746685855.466816,481925383.0
1746685855.5278223,482107532.0
1746685855.5885015,482289684.0
1746685855.6478398,482471837.0
1746685855.7267678,482654092.0
1746685855.787882,482836349.0
1746685855.8478794,483018607.0
1746685855.9202056,483200931.0
1746685855.9799497,483383256.0
1746685856.0521007,483565618.0
1746685856.1245234,483748045.0
1746685856.1839962,483930474.0
1746685856.256161,484113098.0
1746685856.3160489,484295726.0
1746685856.3764286,484478357.0
1746685856.4399867,484660989.0
1746685856.5002198,484843624.0
1746685856.5604932,485026262.0
1746685856.6407192,485208935.0
1746685856.716609,485391802.0
1746685856.7760527,485574671.0
1746685856.8403046,485757542.0
1746685856.9006562,485940414.0
1746685856.9600997,486123287.0
1746685857.0202293,486306162.0
1746685857.1002944,486489105.0
1746685857.1600742,486672048.0
1746685857.2322512,486855122.0
1746685857.2920427,487038198.0
1746685857.3520617,487221278.0
1746685857.4120715,487404361.0
1746685857.4923117,487587543.0
1746685857.5520408,487770729.0
1746685857.6124322,487953918.0
1746685857.6842759,488137205.0
1746685857.7440581,488320494.0
1746685857.8047488,488503786.0
1746685857.8843303,488687464.0
1746685857.9440796,488871143.0
1746685858.0041556,489054824.0
1746685858.0641825,489238507.0
1746685858.1243935,489422194.0
1746685858.1841285,489605881.0
1746685858.244119,489789569.0
1746685858.3043046,489973259.0
1746685858.3645976,490156953.0
1746685858.4252193,490340649.0
1746685858.4858813,490524346.0
1746685858.5491707,490708046.0
1746685858.6444998,490891814.0
1746685858.7041016,491075584.0
1746685858.7811613,491259581.0
1746685858.8404472,491443579.0
1746685858.9000235,491627578.0
1746685858.9599228,491811579.0
1746685859.0203202,491995582.0
1746685859.080375,492179586.0
1746685859.1398454,492363592.0
1746685859.220175,492547760.0
1746685859.2802854,492731929.0
1746685859.340522,492916098.0
1746685859.399694,493100269.0
1746685859.4597762,493284442.0
1746685859.5348032,493468651.0
1746685859.6080122,493652992.0
1746685859.6683786,493837334.0
1746685859.727849,494021676.0
1746685859.787788,494206019.0
1746685859.8684304,494390399.0
1746685859.938709,494574845.0
1746685859.9998686,494759292.0
1746685860.0680997,494943774.0
1746685860.1434987,495128515.0
1746685860.203969,495313257.0
1746685860.2639873,495498001.0
1746685860.3239918,495682746.0
1746685860.3842328,495867493.0
1746685860.4438646,496052244.0
1746685860.5038831,496236997.0
1746685860.5638413,496421753.0
1746685860.6465566,496606575.0
1746685860.707954,496791398.0
1746685860.7800524,496976255.0
1746685860.852216,497161178.0
1746685860.9120402,497346104.0
1746685860.984155,497531098.0
1746685861.0440483,497716093.0
1746685861.116295,497901188.0
1746685861.1761065,498086286.0
1746685861.2361095,498271386.0
1746685861.308329,498456586.0
1746685861.368173,498641787.0
1746685861.4282475,498826991.0
1746685861.501053,499012265.0
1746685861.56017,499197540.0
1746685861.6426997,499383172.0
1746685861.7042792,499568805.0
1746685861.7648163,499754439.0
1746685861.8240836,499940074.0
1746685861.8841116,500125710.0
1746685861.9444818,500311350.0
1746685862.004306,500496991.0
1746685862.0643167,500682632.0
1746685862.1250625,500868275.0
1746685862.185096,501053920.0
1746685862.2449143,501239566.0
1746685862.3410158,501425312.0
1746685862.3998864,501611058.0
1746685862.459957,501796806.0
1746685862.5292642,501982592.0
1746685862.6002219,502168477.0
1746685862.6605825,502354365.0
1746685862.7201357,502540253.0
1746685862.792467,502726207.0
1746685862.8526235,502912163.0
1746685862.9257019,503098312.0
1746685862.98804,503284465.0
1746685863.0484502,503470620.0
1746685863.108503,503656776.0
1746685863.168002,503842933.0
1746685863.2281332,504029093.0
1746685863.308258,504215318.0
1746685863.3688982,504401546.0
1746685863.4414036,504587934.0
1746685863.5023305,504774324.0
1746685863.5639384,504960717.0
1746685863.6238737,505147112.0
1746685863.6839457,505333510.0
1746685863.7682884,505520134.0
1746685863.828608,505706759.0
1746685863.8879952,505893386.0
1746685863.9479923,506080014.0
1746685864.007994,506266646.0
1746685864.0685885,506453279.0
1746685864.1286135,506639913.0
1746685864.2081764,506826581.0
1746685864.28023,507013316.0
1746685864.339861,507200051.0
1746685864.4120593,507386821.0
1746685864.4844115,507573624.0
1746685864.552761,507760462.0
1746685864.624693,507947336.0
1746685864.6965191,508134276.0
1746685864.755918,508321219.0
1746685864.8281395,508508197.0
1746685864.9001853,508695306.0
1746685864.9600484,508882419.0
1746685865.019973,509069534.0
1746685865.080047,509256651.0
1746685865.160329,509443803.0
1746685865.2362735,509631151.0
1746685865.2966402,509818500.0
1746685865.356691,510005849.0
1746685865.4181101,510193198.0
1746685865.4801137,510380548.0
1746685865.5405238,510567899.0
1746685865.621238,510755284.0
1746685865.6949627,510942897.0
1746685865.7563481,511130512.0
1746685865.8165734,511318130.0
1746685865.8760412,511505749.0
1746685865.9358637,511693370.0
1746685865.9958613,511880995.0
1746685866.0560105,512068622.0
1746685866.1373816,512256346.0
1746685866.1958704,512444070.0
1746685866.2558944,512631797.0
1746685866.3363671,512819973.0
1746685866.3957698,513008149.0
1746685866.4558609,513196327.0
1746685866.5158367,513384506.0
1746685866.5758975,513572686.0
1746685866.635887,513760869.0
1746685866.6965,513949056.0
1746685866.7557366,514137243.0
1746685866.8207262,514325432.0
1746685866.879766,514513622.0
1746685866.9400017,514701813.0
1746685867.000657,514890007.0
1746685867.0606115,515078201.0
1746685867.1208932,515266395.0
1746685867.216705,515454720.0
1746685867.275705,515643047.0
1746685867.3357697,515831374.0
1746685867.3956788,516019702.0
1746685867.4678721,516208160.0
1746685867.5279257,516396620.0
1746685867.5877206,516585080.0
1746685867.647718,516773542.0
1746685867.7263358,516962041.0
1746685867.79987,517150639.0
1746685867.85972,517339239.0
1746685867.919711,517527841.0
1746685867.987955,517716477.0
1746685868.0587535,517905309.0
1746685868.119794,518094143.0
1746685868.180071,518282977.0
1746685868.2397835,518471812.0
1746685868.3000772,518660651.0
1746685868.3597324,518849490.0
1746685868.4391289,519038522.0
1746685868.5006235,519227555.0
1746685868.5596728,519416588.0
1746685868.6197147,519605622.0
1746685868.679738,519794658.0
1746685868.7401068,519983699.0
1746685868.8199906,520172774.0
1746685868.8947487,520362108.0
1746685868.955769,520551444.0
1746685869.0157337,520740781.0
1746685869.0758116,520930120.0
1746685869.1357605,521119462.0
1746685869.1957269,521308805.0
1746685869.2557607,521498148.0
1746685869.3162825,521687495.0
1746685869.3960125,521876971.0
1746685869.4557443,522066447.0
1746685869.5157256,522255924.0
1746685869.575746,522445403.0
1746685869.6490176,522634948.0
1746685869.707828,522824495.0
1746685869.7804961,523014112.0
1746685869.8397114,523203729.0
1746685869.9122918,523393444.0
1746685869.9720523,523583162.0
1746685870.0319831,523772880.0
1746685870.1038752,523962696.0
1746685870.163778,524152514.0
1746685870.2237258,524342334.0
1746685870.2919166,524532187.0
1746685870.3643875,524722205.0
1746685870.424121,524912223.0
1746685870.4837995,525102241.0
1746685870.5437305,525292259.0
1746685870.6037602,525482280.0
1746685870.684117,525672367.0
1746685870.7437522,525862456.0
1746685870.8136635,526052647.0
1746685870.8746207,526242840.0
1746685870.935843,526433034.0
1746685871.014948,526623297.0
1746685871.0759842,526813561.0
1746685871.148197,527003989.0
1746685871.208043,527194419.0
1746685871.2680256,527384851.0
1746685871.3279843,527575284.0
1746685871.3883648,527765719.0
1746685871.472313,527956284.0
1746685871.532338,528146849.0
1746685871.5936918,528337415.0
1746685871.6524274,528527983.0
1746685871.732287,528718585.0
1746685871.812257,528909511.0
1746685871.8719316,529100441.0
1746685871.9322197,529291373.0
1746685871.993704,529482306.0
1746685872.0521176,529673243.0
1746685872.113007,529864182.0
1746685872.1728716,530055123.0
1746685872.2329383,530246065.0
1746685872.2921412,530437007.0
1746685872.35233,530627949.0
1746685872.4401953,530818925.0
1746685872.5148225,531010128.0
1746685872.575879,531201331.0
1746685872.6358588,531392535.0
1746685872.6961598,531583742.0
1746685872.7558446,531774950.0
1746685872.8157716,531966162.0
1746685872.876335,532157377.0
1746685872.956588,532348689.0
1746685873.0159864,532540001.0
1746685873.076318,532731317.0
1746685873.1444697,532922698.0
1746685873.207774,533114081.0
1746685873.2754157,533305498.0
1746685873.351897,533496980.0
1746685873.4120831,533688463.0
1746685873.4879475,533880269.0
1746685873.5477626,534072076.0
1746685873.6078138,534263884.0
1746685873.671897,534455693.0
1746685873.73178,534647503.0
1746685873.7921264,534839316.0
1746685873.8517642,535031132.0
1746685873.9122722,535222951.0
1746685873.9717283,535414770.0
1746685874.0320506,535606590.0
1746685874.114602,535798478.0
1746685874.1756656,535990367.0
1746685874.2470243,536182450.0
1746685874.3085816,536374533.0
1746685874.3675895,536566616.0
1746685874.4276173,536758699.0
1746685874.4876425,536950784.0
1746685874.5475852,537142871.0
1746685874.6226892,537335024.0
1746685874.681001,537527178.0
1746685874.7466235,537719366.0
1746685874.8157094,537911782.0
1746685874.8757606,538104201.0
1746685874.935727,538296624.0
1746685874.9957414,538489048.0
1746685875.0557506,538681474.0
1746685875.116877,538873903.0
1746685875.1758523,539066332.0
1746685875.256452,539258826.0
1746685875.315594,539451320.0
1746685875.386579,539643911.0
1746685875.4452422,539836503.0
1746685875.5015283,540029097.0
1746685875.5799458,540221759.0
1746685875.6406443,540414422.0
1746685875.711988,540607184.0
1746685875.7720697,540799946.0
1746685875.8317297,540992709.0
1746685875.912023,541185925.0
1746685875.9721682,541379144.0
1746685876.0317593,541572364.0
1746685876.0918012,541765586.0
1746685876.1518004,541958811.0
1746685876.2126002,542152037.0
1746685876.2717628,542345263.0
1746685876.3316379,542538490.0
1746685876.3986464,542731717.0
1746685876.4668984,542924945.0
1746685876.5277307,543118175.0
1746685876.588089,543311407.0
1746685876.6483293,543504640.0
1746685876.7087572,543697875.0
1746685876.7960334,543891239.0
1746685876.8557901,544084604.0
1746685876.915786,544277973.0
1746685876.976306,544471345.0
1746685877.0441992,544664751.0
1746685877.1109414,544858224.0
1746685877.1758425,545051700.0
1746685877.257001,545245722.0
1746685877.3140376,545439745.0
1746685877.374519,545633770.0
1746685877.443146,545827796.0
1746685877.5039692,546021822.0
1746685877.5636516,546215850.0
1746685877.623687,546409879.0
1746685877.6837287,546603909.0
1746685877.743921,546797941.0
1746685877.805048,546991973.0
1746685877.8691978,547186005.0
1746685877.9275718,547380038.0
1746685877.9876199,547574072.0
1746685878.0478027,547768107.0
1746685878.1088333,547962145.0
1746685878.16833,548156183.0
1746685878.2282965,548350221.0
1746685878.3238077,548544323.0
1746685878.3834085,548738427.0
1746685878.4503996,548932597.0
1746685878.5117135,549126767.0
1746685878.5850098,549321196.0
1746685878.6434143,549515627.0
1746685878.7039754,549710059.0
1746685878.7634223,549904492.0
1746685878.8234103,550098925.0
1746685878.8834882,550293360.0
1746685878.9434218,550487797.0
1746685879.0041857,550682235.0
1746685879.0837364,550876737.0
1746685879.1435149,551071241.0
1746685879.2159317,551265843.0
1746685879.2754657,551460445.0
1746685879.335396,551655047.0
1746685879.4022343,551849717.0
1746685879.464419,552044388.0
1746685879.538455,552239124.0
1746685879.5992699,552433862.0
1746685879.6658487,552628667.0
1746685879.7233942,552823473.0
1746685879.79421,553018441.0
1746685879.8554795,553213410.0
1746685879.9154763,553408380.0
1746685879.975447,553603353.0
1746685880.0332937,553798326.0
1746685880.107645,553993526.0
1746685880.1681666,554188728.0
1746685880.2274678,554383930.0
1746685880.2874298,554579133.0
1746685880.3478334,554774336.0
1746685880.4073994,554969542.0
1746685880.4674804,555164749.0
1746685880.5417695,555360086.0
1746685880.6034334,555555425.0
1746685880.6634507,555750766.0
1746685880.7235217,555946108.0
1746685880.7926314,556141548.0
1746685880.848468,556336990.0
1746685880.9075096,556532433.0
1746685880.9796946,556727975.0
1746685881.0395362,556923517.0
1746685881.0995848,557119062.0
1746685881.1804981,557315218.0
1746685881.2369668,557511375.0
1746685881.2955468,557707534.0
1746685881.3556514,557903693.0
1746685881.4162555,558099855.0
1746685881.4755437,558296018.0
1746685881.5355182,558492182.0
1746685881.5955584,558688348.0
1746685881.6561298,558884515.0
1746685881.715468,559080682.0
1746685881.77633,559276850.0
1746685881.8354921,559473019.0
1746685881.8957648,559669189.0
1746685881.9553425,559865360.0
1746685882.0156991,560061531.0
1746685882.0759964,560257705.0
1746685882.1370027,560453881.0
1746685882.1967702,560650057.0
1746685882.2560573,560846233.0
1746685882.351723,561042569.0
1746685882.4113472,561238907.0
1746685882.4713914,561435247.0
1746685882.5313356,561631588.0
1746685882.5913339,561827931.0
1746685882.6609843,562024341.0
1746685882.7164347,562220751.0
1746685882.799607,562417482.0
1746685882.8607833,562614215.0
1746685882.919428,562810948.0
1746685882.979866,563007684.0
1746685883.0393515,563204420.0
1746685883.099373,563401159.0
1746685883.159337,563597900.0
1746685883.219438,563794641.0
1746685883.2800596,563991383.0
1746685883.3427331,564188125.0
1746685883.4385405,564384932.0
1746685883.5007253,564581739.0
1746685883.5700197,564778581.0
1746685883.6372144,564975585.0
1746685883.69578,565172590.0
1746685883.7554638,565369595.0
1746685883.8157697,565566600.0
1746685883.875455,565763607.0
1746685883.9435298,565960649.0
1746685884.0133724,566157983.0
1746685884.0714417,566355317.0
1746685884.1320431,566552654.0
1746685884.1914907,566749992.0
1746685884.251391,566947331.0
1746685884.312532,567144672.0
1746685884.3715427,567342013.0
1746685884.4315672,567539354.0
1746685884.4914768,567736696.0
1746685884.5704472,567934167.0
1746685884.6273994,568131638.0
1746685884.6874373,568329110.0
1746685884.7474504,568526583.0
1746685884.819607,568724153.0
1746685884.879443,568921727.0
1746685884.9394383,569119303.0
1746685885.0157368,569317139.0
1746685885.0755417,569514975.0
1746685885.135856,569712815.0
1746685885.195491,569910655.0
1746685885.2558696,570108496.0
1746685885.3153703,570306338.0
1746685885.3754213,570504180.0
1746685885.436013,570702023.0
1746685885.519631,570899899.0
1746685885.5996778,571097808.0
1746685885.6703951,571295814.0
1746685885.7314591,571493821.0
1746685885.791498,571691829.0
1746685885.8608913,571889903.0
1746685885.9182448,572087982.0
1746685885.9864995,572286191.0
1746685886.0475388,572484402.0
1746685886.107591,572682613.0
1746685886.1674895,572880829.0
1746685886.2442875,573079143.0
1746685886.303796,573277459.0
1746685886.364228,573475777.0
1746685886.4421942,573674128.0
1746685886.5082207,573872544.0
1746685886.5673907,574070960.0
1746685886.6356862,574269409.0
1746685886.7036953,574467923.0
1746685886.763672,574666439.0
1746685886.8355532,574864990.0
1746685886.911923,575063831.0
1746685886.9717762,575262677.0
1746685887.031769,575461526.0
1746685887.0917559,575660376.0
1746685887.1517854,575859227.0
1746685887.2122927,576058084.0
1746685887.2719147,576256941.0
1746685887.3322515,576455799.0
1746685887.3920972,576654659.0
1746685887.4761267,576853616.0
1746685887.5357223,577052574.0
1746685887.595799,577251533.0
1746685887.674923,577450525.0
1746685887.7454922,577649550.0
1746685887.8173344,577848675.0
1746685887.8789816,578047802.0
1746685887.940083,578246930.0
1746685888.0243108,578446193.0
1746685888.0843282,578645460.0
1746685888.1446757,578844729.0
1746685888.2049592,579043999.0
1746685888.2842526,579243372.0
1746685888.3563359,579442780.0
1746685888.4280398,579642253.0
1746685888.487892,579841728.0
1746685888.547997,580041203.0
1746685888.608501,580240680.0
1746685888.690141,580440350.0
1746685888.7519817,580640020.0
1746685888.8118105,580839690.0
1746685888.8721137,581039364.0
1746685888.932696,581239040.0
1746685888.9929512,581438718.0
1746685889.0725856,581638499.0
1746685889.1319919,581838283.0
1746685889.1923676,582038069.0
1746685889.2648718,582238017.0
1746685889.3241858,582437969.0
1746685889.3845043,582637924.0
1746685889.445591,582837880.0
1746685889.504938,583037837.0
1746685889.5841565,583237859.0
1746685889.6447413,583437883.0
1746685889.7182329,583638005.0
1746685889.776756,583838127.0
1746685889.8360898,584038249.0
1746685889.9125128,584238470.0
1746685889.9729261,584438692.0
1746685890.0319405,584638915.0
1746685890.1039512,584839207.0
1746685890.1637902,585039502.0
1746685890.2360663,585239865.0
1746685890.2962732,585440229.0
1746685890.3720922,585640884.0
1746685890.431881,585841542.0
1746685890.4919777,586042200.0
1746685890.5518856,586242860.0
1746685890.6126106,586443521.0
1746685890.6726305,586644183.0
1746685890.7323167,586844845.0
1746685890.7916706,587045507.0
1746685890.8520305,587246169.0
1746685890.9426475,587447186.0
1746685891.0036814,587648203.0
1746685891.0636475,587849223.0
1746685891.1242864,588050244.0
1746685891.1836267,588251267.0
1746685891.2442698,588452294.0
1746685891.3034937,588653321.0
1746685891.3635416,588854348.0
1746685891.423508,589055378.0
1746685891.483835,589256408.0
1746685891.5440845,589457438.0
1746685891.6307814,589658693.0
1746685891.6914835,589859949.0
1746685891.7518475,590061205.0
1746685891.8088474,590262461.0
1746685891.8653827,590463717.0
1746685891.9217575,590664977.0
1746685891.9835498,590866238.0
1746685892.0625055,591067630.0
1746685892.1235611,591269023.0
1746685892.1834369,591470417.0
1746685892.2434123,591671814.0
1746685892.319588,591873372.0
1746685892.379545,592074932.0
1746685892.4395313,592276495.0
1746685892.499802,592478058.0
1746685892.5602603,592679622.0
1746685892.6336665,592881221.0
1746685892.7211835,593083461.0
1746685892.7794898,593285701.0
1746685892.8395429,593487941.0
1746685892.8999288,593690181.0
1746685892.9595394,593892424.0
1746685893.0195255,594094669.0
1746685893.07962,594296915.0
1746685893.1398191,594499162.0
1746685893.1997309,594701409.0
1746685893.2609296,594903659.0
1746685893.3200336,595105909.0
1746685893.380398,595308159.0
1746685893.4405942,595510412.0
1746685893.5009592,595712665.0
1746685893.561917,595914919.0
1746685893.623529,596117174.0
1746685893.686046,596319430.0
1746685893.7450998,596521686.0
1746685893.8084688,596723942.0
1746685893.8692405,596926198.0
1746685893.967824,597128616.0
1746685894.0273197,597331035.0
1746685894.087465,597533454.0
1746685894.1474276,597735873.0
1746685894.207377,597938293.0
1746685894.2744644,598140781.0
1746685894.335459,598343269.0
1746685894.3977025,598545791.0
1746685894.4652138,598748605.0
1746685894.5201395,598951419.0
1746685894.5794916,599154235.0
1746685894.64002,599357053.0
1746685894.6995122,599559872.0
1746685894.7595022,599762692.0
1746685894.8194218,599965512.0
1746685894.8794682,600168332.0
1746685894.9394414,600371155.0
1746685895.0185657,600574140.0
1746685895.075548,600777125.0
1746685895.1333857,600980110.0
1746685895.188682,601183095.0
1746685895.2475824,601386083.0
1746685895.3202765,601589137.0
1746685895.379526,601792191.0
1746685895.4417422,601995313.0
1746685895.4960663,602198435.0
1746685895.562273,602401623.0
1746685895.617766,602604814.0
1746685895.6905034,602808103.0
1746685895.7515488,603011394.0
1746685895.8120198,603214685.0
1746685895.8800676,603418009.0
1746685895.9466627,603621432.0
1746685896.0074353,603824856.0
1746685896.0674422,604028280.0
1746685896.1344895,604231737.0
1746685896.1972857,604435293.0
1746685896.2518559,604638852.0
1746685896.3115876,604842412.0
1746685896.386544,605046261.0
1746685896.4475322,605250114.0
1746685896.509075,605453968.0
1746685896.5675185,605657822.0
1746685896.6274261,605861678.0
1746685896.6875622,606065536.0
1746685896.7476175,606269396.0
1746685896.8073761,606473256.0
1746685896.8674233,606677117.0
1746685896.9438105,606881077.0
1746685897.0034754,607085039.0
1746685897.0636053,607289001.0
1746685897.1404605,607493092.0
1746685897.1975026,607697185.0
1746685897.2550452,607901280.0
1746685897.308335,608105376.0
1746685897.3723817,608309601.0
1746685897.4315574,608513831.0
1746685897.4916265,608718062.0
1746685897.5515206,608922294.0
1746685897.6318176,609126977.0
1746685897.6916356,609331663.0
1746685897.7515986,609536351.0
1746685897.8116682,609741039.0
1746685897.8746297,609945728.0
1746685897.9357922,610150419.0
1746685897.9955475,610355111.0
1746685898.0541317,610559803.0
1746685898.1199605,610764495.0
1746685898.179529,610969187.0
1746685898.239501,611173881.0
1746685898.2995145,611378576.0
1746685898.3600185,611583271.0
1746685898.423513,611787970.0
1746685898.5118415,611992767.0
1746685898.5714817,612197565.0
1746685898.6319938,612402365.0
1746685898.699421,612607231.0
1746685898.7594604,612812097.0
1746685898.8304687,613017061.0
1746685898.8917933,613222026.0
1746685898.951874,613426992.0
1746685899.0154982,613632025.0
1746685899.0759852,613837058.0
1746685899.1424494,614042156.0
1746685899.2034945,614247255.0
1746685899.278181,614452677.0
1746685899.339571,614658101.0
1746685899.3995352,614863525.0
1746685899.4594479,615068953.0
1746685899.5198646,615274382.0
1746685899.5795157,615479812.0
1746685899.639521,615685244.0
1746685899.6994598,615890678.0
1746685899.759844,616096112.0
1746685899.8194802,616301546.0
1746685899.9041576,616507365.0
1746685899.9636853,616713185.0
1746685900.0275862,616919007.0
1746685900.0875638,617124829.0
1746685900.1483717,617330652.0
1746685900.2075033,617536476.0
1746685900.2678318,617742302.0
1746685900.3275409,617948129.0
1746685900.3875825,618153956.0
1746685900.4474945,618359786.0
1746685900.5074089,618565616.0
1746685900.5675113,618771448.0
1746685900.6541588,618977314.0
1746685900.7178712,619183215.0
1746685900.781123,619389244.0
1746685900.835936,619595274.0
1746685900.8954887,619801304.0
1746685900.956274,620007336.0
1746685901.0265324,620213433.0
1746685901.0841079,620419531.0
1746685901.1544044,620625695.0
1746685901.2155056,620831861.0
1746685901.287137,621038158.0
1746685901.3471215,621244456.0
1746685901.4074478,621450754.0
1746685901.4674325,621657056.0
1746685901.5384517,621863583.0
1746685901.599447,622070112.0
1746685901.6565516,622276641.0
1746685901.7127943,622483171.0
1746685901.771369,622689701.0
1746685901.8313353,622896233.0
1746685901.891424,623102765.0
1746685901.9825091,623309908.0
1746685902.043404,623517053.0
1746685902.101152,623724199.0
1746685902.1577973,623931346.0
1746685902.2134907,624138494.0
1746685902.2738662,624345645.0
1746685902.3313394,624552798.0
1746685902.3903086,624759951.0
1746685902.4473472,624967108.0
1746685902.5063877,625174265.0
1746685902.5643797,625381424.0
1746685902.6263409,625588583.0
1746685902.6834745,625795742.0
1746685902.7432764,626002901.0
1746685902.803959,626210062.0
1746685902.8651388,626417223.0
1746685902.9243684,626624384.0
1746685902.9848547,626831547.0
1746685903.0450757,627038711.0
1746685903.139782,627245972.0
1746685903.199414,627453235.0
1746685903.2637775,627660500.0
1746685903.3303883,627867831.0
1746685903.384324,628075162.0
1746685903.4503818,628282531.0
1746685903.5138981,628489997.0
1746685903.5686698,628697465.0
1746685903.6316156,628904934.0
1746685903.7039962,629112437.0
1746685903.7825558,629320389.0
1746685903.8435264,629528344.0
1746685903.9019916,629736299.0
1746685903.95704,629944254.0
1746685904.0133302,630152210.0
1746685904.071511,630360168.0
1746685904.1356277,630568126.0
1746685904.195506,630776086.0
1746685904.2553163,630984048.0
1746685904.3157532,631192012.0
1746685904.3754928,631399976.0
1746685904.435416,631607943.0
1746685904.4959702,631815910.0
1746685904.5558734,632023878.0
1746685904.644126,632232040.0
1746685904.703475,632440202.0
1746685904.7634633,632648365.0
1746685904.8233662,632856531.0
1746685904.8833196,633064697.0
1746685904.9433713,633272865.0
1746685905.0133946,633481131.0
1746685905.0688784,633689399.0
1746685905.1251683,633897667.0
1746685905.196008,634105970.0
1746685905.2622495,634314307.0
1746685905.330496,634522711.0
1746685905.3875387,634731115.0
1746685905.4585745,634939650.0
1746685905.5195549,635148186.0
1746685905.5796041,635356724.0
1746685905.6395717,635565264.0
1746685905.7117903,635773934.0
1746685905.7716353,635982606.0
1746685905.832119,636191281.0
1746685905.891551,636399956.0
1746685905.973095,636609177.0
1746685906.03136,636818399.0
1746685906.0929103,637027623.0
1746685906.151451,637236847.0
1746685906.2119298,637446071.0
1746685906.2712798,637655296.0
1746685906.3321233,637864522.0
1746685906.3914003,638073748.0
1746685906.4514139,638282974.0
1746685906.5113945,638492200.0
1746685906.5714624,638701427.0
1746685906.631426,638910656.0
1746685906.6914215,639119886.0
1746685906.751421,639329117.0
1746685906.8113973,639538351.0
1746685906.8722773,639747585.0
1746685906.931371,639956819.0
1746685907.019827,640166248.0
1746685907.0794113,640375678.0
1746685907.1435862,640585108.0
1746685907.2034814,640794540.0
1746685907.263504,641003974.0
1746685907.3234813,641213410.0
1746685907.3915472,641422879.0
1746685907.4578276,641632445.0
1746685907.512625,641842012.0
1746685907.5715067,642051580.0
1746685907.6424258,642261279.0
1746685907.6998038,642470980.0
1746685907.7630453,642680682.0
1746685907.8188808,642890386.0
1746685907.8870685,643100219.0
1746685907.9468958,643310054.0
1746685908.0069182,643519891.0
1746685908.0634856,643729729.0
1746685908.1363912,643939791.0
1746685908.195355,644149855.0
1746685908.2558563,644359920.0
1746685908.3152752,644569986.0
1746685908.3752985,644780052.0
1746685908.4357562,644990119.0
1746685908.4953935,645200186.0
1746685908.5757244,645410350.0
1746685908.6394696,645620515.0
1746685908.6993961,645830682.0
1746685908.7706392,646040884.0
1746685908.8539743,646251600.0
1746685908.91584,646462317.0
1746685908.9758248,646673035.0
1746685909.0355027,646883754.0
1746685909.0955062,647094475.0
1746685909.1570933,647305197.0
1746685909.219473,647515920.0
1746685909.2795825,647726644.0
1746685909.3394885,647937370.0
1746685909.406472,648148096.0
1746685909.4678922,648358823.0
1746685909.5280066,648569550.0
1746685909.5874903,648780277.0
1746685909.6474617,648991004.0
1746685909.7076585,649201732.0
1746685909.7682436,649412461.0
1746685909.858514,649623351.0
1746685909.9194212,649834242.0
1746685909.9791987,650045134.0
1746685910.0357714,650256027.0
1746685910.095276,650466921.0
1746685910.1632352,650677850.0
1746685910.228266,650888846.0
1746685910.2864301,651099842.0
1746685910.3531497,651310937.0
1746685910.411398,651522032.0
1746685910.4713824,651733129.0
1746685910.5423777,651944356.0
1746685910.6044707,652155583.0
1746685910.663389,652366810.0
1746685910.7232962,652578039.0
1746685910.7960649,652789302.0
1746685910.859927,653000599.0
1746685910.9281209,653212058.0
1746685910.9865322,653423518.0
1746685911.047493,653634978.0
1746685911.1075027,653846440.0
1746685911.1675153,654057905.0
1746685911.2396533,654269406.0
1746685911.3144999,654480972.0
1746685911.3755393,654692539.0
1746685911.4472675,654904139.0
1746685911.517934,655115869.0
1746685911.5796492,655327601.0
1746685911.6396327,655539334.0
1746685911.6996596,655751068.0
1746685911.7718587,655962902.0
1746685911.8316662,656174738.0
1746685911.891728,656386576.0
1746685911.9635117,656598448.0
1746685912.033977,656810545.0
1746685912.095723,657022643.0
1746685912.155664,657234743.0
1746685912.215597,657446846.0
1746685912.2755938,657658953.0
1746685912.3357797,657871061.0
1746685912.3953712,658083169.0
1746685912.4721012,658295310.0
1746685912.542055,658507518.0
1746685912.6038568,658719728.0
1746685912.6802738,658932164.0
1746685912.739718,659144600.0
1746685912.7996702,659357039.0
1746685912.859654,659569481.0
1746685912.9198627,659781925.0
1746685912.9796746,659994370.0
1746685913.0396388,660206815.0
1746685913.1295326,660419422.0
1746685913.1932287,660632031.0
1746685913.2535322,660844642.0
1746685913.3156602,661057257.0
1746685913.3780966,661269873.0
1746685913.463027,661482780.0
1746685913.5238385,661695687.0
1746685913.5838752,661908596.0
1746685913.644461,662121507.0
1746685913.703851,662334418.0
1746685913.763826,662547329.0
1746685913.8237333,662760244.0
1746685913.8836331,662973161.0
1746685913.9436924,663186080.0
1746685914.0240898,663399098.0
1746685914.0840228,663612116.0
1746685914.1437368,663825134.0
1746685914.216668,664038411.0
1746685914.2742288,664251690.0
1746685914.3296874,664464971.0
1746685914.3902993,664678253.0
1746685914.4476044,664891536.0
1746685914.5075078,665104820.0
1746685914.5675926,665318104.0
1746685914.6276495,665531390.0
1746685914.7088811,665744838.0
1746685914.7675433,665958286.0
1746685914.8274722,666171736.0
1746685914.8882954,666385188.0
1746685914.9480307,666598640.0
1746685915.0195138,666812191.0
1746685915.0794425,667025742.0
1746685915.1392858,667239294.0
1746685915.2121115,667453041.0
1746685915.271396,667666788.0
1746685915.3313382,667880539.0
1746685915.3918302,668094291.0
1746685915.4513507,668308043.0
1746685915.511294,668521797.0
1746685915.5843728,668735712.0
1746685915.6433318,668949627.0
1746685915.6972895,669163542.0
1746685915.7553854,669377457.0
1746685915.8153014,669591374.0
1746685915.8896573,669805549.0
1746685915.9444685,670019725.0
1746685916.007317,670233904.0
1746685916.068018,670448083.0
1746685916.1274707,670662262.0
1746685916.1875076,670876443.0
1746685916.2474535,671090625.0
1746685916.3081203,671304811.0
1746685916.3877108,671519062.0
1746685916.4480662,671733313.0
1746685916.5182855,671947630.0
1746685916.5753927,672161947.0
1746685916.646897,672376361.0
1746685916.7074769,672590775.0
1746685916.7674613,672805190.0
1746685916.8508837,673020248.0
1746685916.911521,673235306.0
1746685916.9715228,673450366.0
1746685917.0314815,673665428.0
1746685917.0922384,673880490.0
1746685917.1514153,674095552.0
1746685917.211427,674310616.0
1746685917.2713912,674525681.0
1746685917.3313878,674740748.0
1746685917.3914583,674955816.0
1746685917.4515436,675170884.0
1746685917.5119512,675385954.0
1746685917.5713909,675601024.0
1746685917.631397,675816094.0
1746685917.6917317,676031164.0
1746685917.7593746,676246234.0
1746685917.8194451,676461306.0
1746685917.879808,676676379.0
1746685917.9401462,676891454.0
1746685918.0011961,677106531.0
1746685918.0996413,677322216.0
1746685918.1593032,677537902.0
1746685918.2193203,677753590.0
1746685918.279324,677969279.0
1746685918.3392534,678184970.0
1746685918.3992848,678400662.0
1746685918.455268,678616354.0
1746685918.5152397,678832047.0
1746685918.5712755,679047740.0
1746685918.630163,679263433.0
1746685918.6872542,679479127.0
1746685918.7473207,679694822.0
1746685918.8157327,679910519.0
1746685918.8752098,680126216.0
1746685918.9351923,680341915.0
1746685918.9952064,680557615.0
1746685919.0511525,680773315.0
1746685919.1121767,680989016.0
1746685919.17117,681204718.0
1746685919.2498512,681420485.0
1746685919.3031352,681636254.0
1746685919.3700733,681852089.0
1746685919.427211,682067924.0
1746685919.4927564,682283887.0
1746685919.5502858,682499851.0
1746685919.6077387,682715815.0
1746685919.6679385,682931779.0
1746685919.7494159,683148480.0
1746685919.806962,683365182.0
1746685919.8620303,683581884.0
1746685919.918778,683798588.0
1746685919.9782448,684015292.0
1746685920.034983,684231997.0
1746685920.087491,684448702.0
1746685920.1470985,684665409.0
1746685920.2030733,684882116.0
1746685920.260455,685098825.0
1746685920.318989,685315535.0
1746685920.3790789,685532245.0
1746685920.4349668,685748955.0
1746685920.4950926,685965666.0
1746685920.5510364,686182377.0
1746685920.61153,686399089.0
1746685920.6668367,686615801.0
1746685920.7259223,686832513.0
1746685920.782921,687049226.0
1746685920.8429873,687265941.0
1746685920.9029846,687482657.0
1746685920.9599216,687699374.0
1746685921.0231948,687916091.0
1746685921.1061249,688132843.0
1746685921.1718767,688349756.0
1746685921.2302604,688566670.0
1746685921.287006,688783585.0
1746685921.3394105,689000500.0
1746685921.398946,689217416.0
1746685921.4660466,689434399.0
1746685921.5230465,689651382.0
1746685921.584955,689868431.0
1746685921.640867,690085480.0
1746685921.704721,690302594.0
1746685921.7632687,690519710.0
1746685921.8244514,690736893.0
1746685921.88619,690954078.0
1746685921.952464,691171457.0
1746685922.0101042,691388837.0
1746685922.0672965,691606219.0
1746685922.1273851,691823602.0
1746685922.1873856,692040986.0
1746685922.2443016,692258371.0
1746685922.3122478,692475821.0
1746685922.367413,692693272.0
1746685922.42966,692910758.0
1746685922.493136,693128277.0
1746685922.5572884,693345862.0
1746685922.6194267,693563448.0
1746685922.686907,693781100.0
1746685922.7474382,693998754.0
1746685922.8139415,694216444.0
1746685922.8779128,694434170.0
1746685922.9462953,694651962.0
1746685923.007562,694869756.0
1746685923.0701883,695087616.0
1746685923.1243088,695305477.0
1746685923.1943567,695523469.0
1746685923.255663,695741463.0
1746685923.3155758,695959457.0
1746685923.3755987,696177453.0
1746685923.4626374,696395515.0
1746685923.5318205,696613578.0
1746685923.6004755,696831707.0
1746685923.6637304,697049837.0
1746685923.7359915,697268065.0
1746685923.7957842,697486297.0
1746685923.8557985,697704532.0
1746685923.9401739,697922900.0
1746685923.9998958,698141269.0
1746685924.060214,698359641.0
1746685924.1205146,698578014.0
1746685924.2031972,698796710.0
1746685924.2657073,699015408.0
1746685924.3239615,699234106.0
1746685924.3838148,699452804.0
1746685924.443699,699671503.0
1746685924.5037677,699890204.0
1746685924.563708,700108906.0
1746685924.623769,700327609.0
1746685924.6837285,700546313.0
1746685924.7437904,700765018.0
1746685924.8285031,700983760.0
1746685924.9025655,701202727.0
1746685924.9649484,701421697.0
1746685925.0241957,701640667.0
1746685925.0836103,701859637.0
1746685925.143644,702078608.0
1746685925.203675,702297582.0
1746685925.2636359,702516559.0
1746685925.3431225,702735666.0
1746685925.4036071,702954773.0
1746685925.4636319,703173880.0
1746685925.523605,703392989.0
1746685925.5917706,703612164.0
1746685925.652019,703831340.0
1746685925.7222247,704050612.0
1746685925.7836504,704269885.0
1746685925.8436573,704489161.0
1746685925.9117877,704708472.0
1746685925.9787464,704927851.0
1746685926.0397553,705147231.0
1746685926.1078212,705366647.0
1746685926.175394,705586097.0
1746685926.2625897,705806351.0
1746685926.3236313,706026609.0
1746685926.3837574,706246868.0
1746685926.4437773,706467128.0
1746685926.5036843,706687390.0
1746685926.563683,706907655.0
1746685926.6250436,707127921.0
1746685926.687923,707348187.0
1746685926.7476106,707568453.0
1746685926.8076415,707788719.0
1746685926.8676136,708008987.0
1746685926.9278204,708229257.0
1746685926.9881454,708449530.0
1746685927.0485198,708669804.0
1746685927.1086004,708890080.0
1746685927.1692386,709110357.0
1746685927.2292147,709330635.0
1746685927.3001888,709550916.0
1746685927.3615036,709771197.0
1746685927.422287,709991479.0
1746685927.4834697,710211761.0
1746685927.5501113,710432046.0
1746685927.6153417,710652331.0
1746685927.6773326,710872616.0
1746685927.7379525,711092901.0
1746685927.799374,711313186.0
1746685927.8796206,711533601.0
1746685927.9393656,711754018.0
1746685927.999359,711974437.0
1746685928.059408,712194857.0
1746685928.1276703,712415311.0
1746685928.2008643,712636024.0
1746685928.2596025,712856739.0
1746685928.3194726,713077457.0
1746685928.3795936,713298176.0
1746685928.4394975,713518896.0
1746685928.4995115,713739618.0
1746685928.559603,713960343.0
1746685928.6195445,714181068.0
1746685928.695794,714401859.0
1746685928.7553904,714622650.0
1746685928.822133,714843507.0
1746685928.8795326,715064365.0
1746685928.9464417,715285290.0
1746685929.0075665,715506217.0
1746685929.078498,715727306.0
1746685929.1399653,715948396.0
1746685929.199854,716169487.0
1746685929.2594476,716390579.0
1746685929.3194764,716611673.0
1746685929.3969233,716833058.0
1746685929.455505,717054444.0
1746685929.515527,717275832.0
1746685929.576003,717497223.0
1746685929.6355164,717718614.0
1746685929.6956208,717940006.0
1746685929.7558403,718161398.0
1746685929.8219981,718382790.0
1746685929.8795185,718604183.0
1746685929.9598646,718825674.0
1746685930.0196066,719047168.0
1746685930.079866,719268663.0
1746685930.1476746,719490223.0
1746685930.207672,719711785.0
1746685930.2748108,719933447.0
1746685930.3361,720155110.0
1746685930.3956304,720376774.0
1746685930.4637809,720598505.0
1746685930.5239425,720820238.0
1746685930.59448,721042103.0
1746685930.653468,721263968.0
1746685930.7119527,721485834.0
1746685930.771569,721707700.0
1746685930.8437593,721929600.0
1746685930.91417,722151630.0
1746685930.9715297,722373660.0
1746685931.0315602,722595692.0
1746685931.0916054,722817724.0
1746685931.1600382,723039823.0
1746685931.2196596,723261923.0
1746685931.29069,723484091.0
1746685931.3521032,723706259.0
1746685931.422409,723928492.0
1746685931.4836216,724150727.0
1746685931.5497086,724373156.0
1746685931.6104717,724595589.0
1746685931.667641,724818022.0
1746685931.72761,725040458.0
1746685931.7880023,725262895.0
1746685931.847642,725485334.0
1746685931.9278831,725707871.0
1746685931.9894123,725930409.0
1746685932.0475097,726152947.0
1746685932.1185298,726375614.0
1746685932.1798224,726598282.0
1746685932.239555,726820952.0
1746685932.299519,727043625.0
1746685932.371924,727266396.0
1746685932.4315548,727489168.0
1746685932.4914508,727711942.0
1746685932.5664089,727935101.0
1746685932.6275759,728158263.0
1746685932.6875632,728381426.0
1746685932.7476249,728604592.0
1746685932.8075671,728827759.0
1746685932.8675985,729050929.0
1746685932.9275486,729274100.0
1746685932.9875379,729497271.0
1746685933.0474584,729720443.0
1746685933.1099432,729943615.0
1746685933.1675396,730166788.0
1746685933.2275357,730389964.0
1746685933.3145072,730613240.0
1746685933.3755035,730836517.0
1746685933.4358811,731059796.0
1746685933.5076387,731283205.0
1746685933.567617,731506614.0
1746685933.6276221,731730027.0
1746685933.687611,731953441.0
1746685933.763801,732177147.0
1746685933.8236992,732400855.0
1746685933.883722,732624566.0
1746685933.9436748,732848278.0
1746685934.0037735,733071990.0
1746685934.063977,733295704.0
1746685934.1235657,733519418.0
1746685934.1836648,733743132.0
1746685934.243641,733966849.0
1746685934.324339,734190665.0
1746685934.3843486,734414481.0
1746685934.443664,734638297.0
1746685934.5117512,734862180.0
1746685934.5725296,735086063.0
1746685934.6428878,735310046.0
1746685934.7036078,735534030.0
1746685934.763622,735758016.0
1746685934.8329337,735982069.0
1746685934.8916059,736206124.0
1746685934.9624455,736430278.0
1746685935.0195,736654432.0
1746685935.0800822,736878587.0
1746685935.1486495,737102775.0
1746685935.2220094,737327316.0
1746685935.279511,737551860.0
1746685935.3395894,737776406.0
1746685935.399476,738000953.0
1746685935.4595366,738225503.0
1746685935.519802,738450055.0
1746685935.5795467,738674607.0
1746685935.6395626,738899163.0
1746685935.6995842,739123720.0
1746685935.7595868,739348278.0
1746685935.8237066,739572838.0
1746685935.9120774,739797465.0
1746685935.9715858,740022093.0
1746685936.043378,740246946.0
1746685936.103728,740471799.0
1746685936.163667,740696653.0
1746685936.2237337,740921508.0
1746685936.2841494,741146366.0
1746685936.343652,741371226.0
1746685936.4035594,741596087.0
1746685936.4835265,741821208.0
1746685936.5436814,742046331.0
1746685936.603962,742271454.0
1746685936.664251,742496580.0
1746685936.7235794,742721706.0
1746685936.78353,742946833.0
1746685936.8436153,743171962.0
1746685936.9035618,743397093.0
1746685936.9877787,743622610.0
1746685937.0475302,743848127.0
1746685937.1076593,744073645.0
1746685937.1676972,744299164.0
1746685937.2276094,744524684.0
1746685937.2876835,744750207.0
1746685937.3475745,744975733.0
1746685937.407503,745201260.0
1746685937.4676054,745426790.0
1746685937.52802,745652322.0
1746685937.588205,745877854.0
1746685937.6475465,746103387.0
1746685937.734698,746329017.0
1746685937.7956245,746554649.0
1746685937.855565,746780282.0
1746685937.9237583,747005981.0
1746685937.9836347,747231681.0
1746685938.0514357,747457447.0
1746685938.1117063,747683214.0
1746685938.1793318,747909079.0
1746685938.2397478,748134946.0
1746685938.300109,748360816.0
1746685938.3762603,748587010.0
1746685938.435676,748813204.0
1746685938.495702,749039401.0
1746685938.5556974,749265600.0
1746685938.6164167,749491799.0
1746685938.675662,749718001.0
1746685938.7356238,749944203.0
1746685938.7959404,750170407.0
1746685938.8556633,750396611.0
1746685938.9187489,750622816.0
1746685938.99786,750849119.0
1746685939.053715,751075423.0
1746685939.1094718,751301727.0
1746685939.1798017,751528065.0
1746685939.2465155,751754438.0
1746685939.3185658,751980911.0
1746685939.3796637,752207387.0
1746685939.4399173,752433864.0
1746685939.5092885,752660377.0
1746685939.5798492,752886925.0
1746685939.6465905,753113507.0
1746685939.7147899,753340157.0
1746685939.7826269,753566807.0
1746685939.8528774,753793556.0
1746685939.9230864,754020340.0
1746685939.9838686,754247126.0
1746685940.043885,754473913.0
1746685940.1168337,754700734.0
1746685940.1877394,754927718.0
1746685940.2479908,755154703.0
1746685940.3079827,755381691.0
1746685940.3685648,755608682.0
1746685940.4279568,755835675.0
1746685940.5082726,756062734.0
1746685940.5686295,756289796.0
1746685940.6401448,756516892.0
1746685940.7122264,756744086.0
1746685940.7720206,756971283.0
1746685940.8320346,757198482.0
1746685940.911581,757425748.0
1746685940.9720302,757653016.0
1746685941.0442522,757880383.0
1746685941.1041362,758107751.0
1746685941.1640794,758335120.0
1746685941.2563941,758563388.0
1746685941.3161016,758791657.0
1746685941.3761468,759019930.0
1746685941.4361544,759248206.0
1746685941.4961908,759476485.0
1746685941.556135,759704766.0
1746685941.6161506,759933049.0
1746685941.6763594,760161335.0
1746685941.736564,760389622.0
1746685941.7972765,760617912.0
1746685941.8574116,760846204.0
1746685941.9200883,761074498.0
1746685941.982388,761302795.0
1746685942.0456734,761531093.0
1746685942.1060095,761759392.0
1746685942.1707227,761987692.0
1746685942.2343538,762215993.0
1746685942.2986612,762444295.0
1746685942.3667862,762672601.0
1746685942.4320102,762900909.0
1746685942.4987695,763129220.0
1746685942.567565,763357533.0
1746685942.6352446,763585847.0
1746685942.7040553,763814163.0
1746685942.7723186,764042480.0
1746685942.8399312,764270798.0
1746685942.9087481,764499118.0
1746685942.9758303,764727439.0
1746685943.0440078,764955763.0
1746685943.1482203,765184250.0
1746685943.2077558,765412738.0
1746685943.2681901,765641227.0
1746685943.3276978,765869717.0
1746685943.3877895,766098208.0
1746685943.4647334,766326736.0
1746685943.532507,766555298.0
1746685943.6048286,766783896.0
1746685943.6805534,767012592.0
1746685943.7398827,767241289.0
1746685943.8003266,767469989.0
1746685943.8869133,767698754.0
1746685943.9546857,767927522.0
1746685944.0241737,768156326.0
1746685944.0961924,768385197.0
1746685944.1563327,768614071.0
1746685944.2284434,768842979.0
1746685944.3002272,769071920.0
1746685944.369301,769300896.0
1746685944.441886,769530004.0
1746685944.5032768,769759112.0
1746685944.5641851,769988224.0
1746685944.6251063,770217338.0
1746685944.7085395,770446487.0
1746685944.7846978,770675736.0
1746685944.8488042,770904985.0
1746685944.9136086,771134236.0
1746685944.993046,771363712.0
1746685945.0562255,771593192.0
1746685945.1203048,771822676.0
1746685945.1846454,772052161.0
1746685945.2491336,772281649.0
1746685945.3130383,772511139.0
1746685945.3774142,772740629.0
1746685945.4671624,772970186.0
1746685945.5330055,773199746.0
1746685945.6044052,773429372.0
1746685945.6689234,773659001.0
1746685945.7512906,773888760.0
1746685945.8163724,774118522.0
1746685945.8884697,774348286.0
1746685945.9528759,774578052.0
1746685946.0373535,774807853.0
1746685946.11117,775037784.0
1746685946.17327,775267719.0
1746685946.2374668,775497658.0
1746685946.3017998,775727598.0
1746685946.388704,775957734.0
1746685946.453887,776187874.0
1746685946.5184832,776418014.0
1746685946.58245,776648155.0
1746685946.6519856,776878299.0
1746685946.718476,777108444.0
1746685946.8087306,777338753.0
1746685946.8736348,777569064.0
1746685946.9363954,777799376.0
1746685947.0084784,778029690.0
1746685947.07301,778260006.0
1746685947.1606543,778490517.0
1746685947.224816,778721030.0
1746685947.2890923,778951546.0
1746685947.35375,779182065.0
1746685947.4177818,779412585.0
1746685947.4882588,779643108.0
1746685947.5697427,779873795.0
1746685947.6321461,780104482.0
1746685947.692843,780335170.0
1746685947.7533875,780565861.0
1746685947.8162062,780796553.0
1746685947.8971863,781027346.0
1746685947.9562395,781258139.0
1746685948.016651,781488934.0
1746685948.1007211,781719890.0
1746685948.1603599,781950847.0
1746685948.2212152,782181807.0
1746685948.2807708,782412768.0
1746685948.3410735,782643731.0
1746685948.4243221,782874890.0
1746685948.4844177,783106050.0
1746685948.5443869,783337213.0
1746685948.6046822,783568379.0
1746685948.664953,783799545.0
1746685948.7252645,784030713.0
1746685948.8284066,784262460.0
1746685948.8899744,784494208.0
1746685948.9514976,784725957.0
1746685949.0200343,784957707.0
1746685949.0816865,785189460.0
1746685949.1461327,785421214.0
1746685949.2045083,785652968.0
1746685949.264871,785884723.0
1746685949.3255157,786116480.0
1746685949.3877406,786348238.0
1746685949.451741,786579999.0
1746685949.5140598,786811761.0
1746685949.5756629,787043525.0
1746685949.6427753,787275292.0
1746685949.706351,787507059.0
1746685949.7710352,787738827.0
1746685949.8352878,787970595.0
1746685949.9068644,788202364.0
1746685949.9758277,788434135.0
1746685950.0518548,788666133.0
1746685950.111667,788898133.0
1746685950.1717114,789130134.0
1746685950.2316973,789362136.0
1746685950.2921786,789594141.0
1746685950.3519495,789826148.0
1746685950.4124181,790058157.0
1746685950.491952,790290297.0
1746685950.5516565,790522438.0
1746685950.611713,790754581.0
1746685950.671985,790986727.0
1746685950.7478125,791219257.0
1746685950.8104165,791451790.0
1746685950.8716216,791684323.0
1746685950.931633,791916857.0
1746685950.992531,792149393.0
1746685951.0625148,792381930.0
1746685951.124095,792614469.0
1746685951.1861656,792847009.0
1746685951.2439802,793079549.0
1746685951.3038876,793312089.0
1746685951.364168,793544631.0
1746685951.424983,793777174.0
1746685951.5241547,794010262.0
1746685951.5833664,794243350.0
1746685951.6433907,794476440.0
1746685951.7034433,794709531.0
1746685951.7675076,794942622.0
1746685951.8273706,795175717.0
1746685951.8833864,795408812.0
1746685951.9434407,795641908.0
1746685952.0041656,795875006.0
1746685952.064102,796108105.0
1746685952.1244707,796341205.0
1746685952.1848364,796574306.0
1746685952.2451115,796807407.0
1746685952.3052962,797040510.0
1746685952.3675141,797273615.0
1746685952.4302628,797506721.0
1746685952.4915767,797739827.0
1746685952.583789,797973030.0
1746685952.6439822,798206235.0
1746685952.7035391,798439440.0
1746685952.7715125,798672710.0
1746685952.83132,798905983.0
1746685952.8995233,799139290.0
1746685952.975622,799372695.0
1746685953.0375862,799606102.0
1746685953.097892,799839512.0
1746685953.171649,800073020.0
1746685953.2325966,800306530.0
1746685953.2925334,800540040.0
1746685953.3636048,800773681.0
1746685953.4234776,801007322.0
1746685953.4854856,801240965.0
1746685953.543416,801474608.0
1746685953.613943,801708379.0
1746685953.6689756,801942152.0
1746685953.725774,802175926.0
1746685953.7814188,802409700.0
1746685953.8635855,802644085.0
1746685953.9233828,802878472.0
1746685953.98343,803112860.0
1746685954.043447,803347250.0
1746685954.103437,803581642.0
1746685954.1634185,803816036.0
1746685954.2234533,804050431.0
1746685954.2904167,804284827.0
1746685954.347432,804519224.0
1746685954.4073439,804753621.0
1746685954.4678328,804988020.0
1746685954.5355117,805222419.0
1746685954.5964513,805456819.0
1746685954.6567419,805691221.0
1746685954.7170358,805925624.0
1746685954.7773867,806160027.0
1746685954.8393908,806394433.0
1746685954.9060028,806628841.0
1746685954.9703445,806863250.0
1746685955.063869,807097758.0
1746685955.1234446,807332268.0
1746685955.1834888,807566780.0
1746685955.2556756,807801518.0
1746685955.3160977,808036257.0
1746685955.3754833,808270997.0
1746685955.4354784,808505737.0
1746685955.4954793,808740479.0
1746685955.5555074,808975222.0
1746685955.6154568,809209966.0
1746685955.6985996,809445033.0
1746685955.7597177,809680101.0
1746685955.8194866,809915169.0
1746685955.879466,810150239.0
1746685955.9394214,810385311.0
1746685955.9994102,810620385.0
1746685956.059469,810855460.0
1746685956.1196947,811090537.0
1746685956.179944,811325616.0
1746685956.2403474,811560696.0
1746685956.3197937,811795809.0
1746685956.3996713,812031373.0
1746685956.4664822,812266937.0
1746685956.5274558,812502503.0
1746685956.5875163,812738070.0
1746685956.6477265,812973639.0
1746685956.7080262,813209211.0
1746685956.7682753,813444784.0
1746685956.8285806,813680357.0
1746685956.8889887,813915933.0
1746685956.9492133,814151511.0
1746685957.0115669,814387091.0
1746685957.0738828,814622672.0
1746685957.1355205,814858255.0
1746685957.2024798,815093840.0
1746685957.2878606,815329491.0
1746685957.3478456,815565142.0
1746685957.4251614,815800828.0
1746685957.4958003,816036579.0
1746685957.5557814,816272332.0
1746685957.628396,816508184.0
1746685957.6881301,816744036.0
1746685957.7484229,816979892.0
1746685957.8346758,817215911.0
1746685957.9037406,817451930.0
1746685957.9724274,817687953.0
1746685958.0398047,817923976.0
1746685958.1078804,818160001.0
1746685958.1880493,818396221.0
1746685958.2483287,818632443.0
1746685958.3086882,818868667.0
1746685958.3689795,819104891.0
1746685958.429363,819341115.0
1746685958.489625,819577342.0
1746685958.5689514,819813634.0
1746685958.6281545,820049927.0
1746685958.7069054,820286287.0
1746685958.7683225,820522649.0
1746685958.844025,820759271.0
1746685958.9045973,820995896.0
1746685958.9648368,821232521.0
1746685959.0265357,821469151.0
1746685959.0884001,821705781.0
1746685959.1485758,821942413.0
1746685959.2088974,822179047.0
1746685959.2717798,822415682.0
1746685959.3632734,822652672.0
1746685959.4240925,822889662.0
1746685959.4844801,823126652.0
1746685959.5447423,823363642.0
1746685959.6050093,823600632.0
1746685959.6657443,823837625.0
1746685959.7277894,824074619.0
1746685959.7903056,824311615.0
1746685959.8517292,824548613.0
1746685959.9140427,824785613.0
1746685959.975597,825022613.0
1746685960.0605655,825259682.0
1746685960.1207542,825496751.0
1746685960.1918302,825733885.0
1746685960.25165,825971021.0
1746685960.3278613,826208447.0
1746685960.3878899,826445876.0
1746685960.4476857,826683305.0
1746685960.5084095,826920734.0
1746685960.5680373,827158163.0
1746685960.6274657,827395592.0
1746685960.687764,827633023.0
1746685960.7474911,827870454.0
1746685960.8077824,828107887.0
1746685960.8836699,828345355.0
1746685960.951512,828582890.0
1746685961.01149,828820425.0
1746685961.0846405,829058219.0
1746685961.143496,829296013.0
1746685961.2043946,829533809.0
1746685961.26344,829771606.0
1746685961.3225937,830009403.0
1746685961.3786604,830247203.0
1746685961.4382133,830485003.0
1746685961.4953222,830722804.0
1746685961.571632,830960703.0
1746685961.6313653,831198603.0
1746685961.6980214,831436505.0
1746685961.767566,831674473.0
1746685961.8275125,831912442.0
1746685961.8995829,832150542.0
1746685961.9594405,832388644.0
1746685962.0195942,832626746.0
1746685962.0916696,832864850.0
1746685962.1655488,833102987.0
1746685962.2436666,833341257.0
1746685962.303695,833579530.0
1746685962.3640535,833817803.0
1746685962.4243467,834056080.0
1746685962.504403,834294743.0
1746685962.5643692,834533408.0
1746685962.6243472,834772073.0
1746685962.6845372,835010738.0
1746685962.7430937,835249403.0
1746685962.8039832,835488070.0
1746685962.8634686,835726737.0
1746685962.9237025,835965405.0
1746685962.9844286,836204075.0
1746685963.0450277,836442745.0
1746685963.1044142,836681415.0
1746685963.1647222,836920085.0
1746685963.2564921,837159110.0
1746685963.3153117,837398136.0
1746685963.369552,837637162.0
1746685963.4296994,837876191.0
1746685963.487233,838115221.0
1746685963.5472765,838354254.0
1746685963.6073458,838593288.0
1746685963.6673622,838832323.0
1746685963.7274222,839071360.0
1746685963.7877398,839310398.0
1746685963.8480444,839549436.0
1746685963.9283724,839788604.0
1746685963.9873512,840027772.0
1746685964.0434353,840266940.0
1746685964.1041992,840506110.0
1746685964.1759944,840745472.0
1746685964.235507,840984836.0
1746685964.295513,841224202.0
1746685964.3555021,841463568.0
1746685964.4154954,841702937.0
1746685964.4755268,841942307.0
1746685964.5487466,842181776.0
1746685964.6114364,842421246.0
1746685964.6715126,842660717.0
1746685964.7435617,842900383.0
1746685964.8034048,843140050.0
1746685964.8634596,843379718.0
1746685964.9234614,843619386.0
1746685964.9834428,843859055.0
1746685965.0434465,844098725.0
1746685965.1237843,844338526.0
1746685965.183454,844578327.0
1746685965.243816,844818131.0
1746685965.3033733,845057936.0
1746685965.3751564,845297966.0
1746685965.4339237,845537999.0
1746685965.4910066,845778033.0
1746685965.5502756,846018069.0
1746685965.6073897,846258106.0
1746685965.6677535,846498145.0
1746685965.7280152,846738186.0
1746685965.807707,846978357.0
1746685965.8674963,847218529.0
1746685965.9285972,847458701.0
1746685965.987434,847698873.0
1746685966.059647,847939207.0
1746685966.1195555,848179544.0
1746685966.179576,848419881.0
1746685966.2395394,848660221.0
1746685966.2995286,848900563.0
1746685966.3677375,849140939.0
1746685966.436301,849381382.0
1746685966.4984093,849621826.0
1746685966.5689788,849862401.0
1746685966.6305215,850102977.0
1746685966.6916265,850343556.0
1746685966.7518196,850584138.0
1746685966.8320096,850824787.0
1746685966.8916345,851065438.0
1746685966.9678988,851306442.0
1746685967.027746,851547447.0
1746685967.0878134,851788453.0
1746685967.1483896,852029464.0
1746685967.208464,852270475.0
1746685967.2698336,852511489.0
1746685967.3279328,852752503.0
1746685967.3883495,852993518.0
1746685967.4486563,853234535.0
1746685967.5089498,853475553.0
1746685967.5692348,853716573.0
1746685967.6559749,853957659.0
1746685967.7156153,854198747.0
1746685967.7998748,854439935.0
1746685967.8621433,854681123.0
1746685967.920984,854922311.0
1746685967.9917681,855163629.0
1746685968.0516698,855404948.0
1746685968.1116433,855646269.0
1746685968.1719358,855887594.0
1746685968.244677,856129112.0
1746685968.30777,856370634.0
1746685968.36824,856612158.0
1746685968.4286523,856853683.0
1746685968.4895856,857095210.0
1746685968.5488732,857336737.0
1746685968.6258764,857578363.0
1746685968.684487,857819990.0
1746685968.7437031,858061617.0
1746685968.8159418,858303345.0
1746685968.8757539,858545073.0
1746685968.935976,858786804.0
1746685969.0079663,859028568.0
1746685969.0880136,859270718.0
1746685969.1484494,859512872.0
1746685969.208797,859755028.0
1746685969.269511,859997184.0
1746685969.3298037,860239344.0
1746685969.3918009,860481506.0
1746685969.4583375,860723669.0
1746685969.5227492,860965834.0
1746685969.5875525,861208000.0
1746685969.6553745,861450167.0
1746685969.723837,861692334.0
1746685969.7906199,861934501.0
1746685969.8840241,862177087.0
1746685969.943763,862419673.0
1746685970.0041163,862662262.0
1746685970.064439,862904852.0
1746685970.1248136,863147443.0
1746685970.185168,863390039.0
1746685970.2481363,863632637.0
1746685970.309497,863875235.0
1746685970.3706686,864117836.0
1746685970.4335952,864360438.0
1746685970.4938772,864603041.0
1746685970.5555618,864845645.0
1746685970.6224883,865088250.0
1746685970.718776,865330954.0
1746685970.7801323,865573659.0
1746685970.8407016,865816364.0
1746685970.9117,866059167.0
1746685970.9728398,866301970.0
1746685971.0322475,866544776.0
1746685971.1000779,866787614.0
1746685971.17226,867030613.0
1746685971.2315023,867273617.0
1746685971.2915168,867516623.0
1746685971.351698,867759629.0
1746685971.4155068,868002640.0
1746685971.4957402,868245750.0
1746685971.5557287,868488861.0
1746685971.6161902,868731973.0
1746685971.6986907,868975150.0
1746685971.762854,869218327.0
1746685971.8331916,869461635.0
1746685971.895541,869704943.0
1746685971.9561012,869948252.0
1746685972.0175478,870191562.0
1746685972.091945,870435163.0
1746685972.1514635,870678765.0
1746685972.2114737,870922368.0
1746685972.2717025,871165976.0
1746685972.3320174,871409586.0
1746685972.3922923,871653197.0
1746685972.4529321,871896813.0
1746685972.513682,872140430.0
1746685972.5725431,872384047.0
1746685972.6535447,872627697.0
1746685972.720292,872871411.0
1746685972.7797165,873115125.0
1746685972.8475137,873358905.0
1746685972.9074008,873602685.0
1746685972.9879344,873846789.0
1746685973.0474672,874090894.0
1746685973.1074326,874335001.0
1746685973.1674414,874579110.0
1746685973.2279348,874823220.0
1746685973.2881038,875067334.0
1746685973.348617,875311450.0
1746685973.409383,875555567.0
1746685973.4690697,875799688.0
1746685973.531732,876043811.0
1746685973.6200235,876288031.0
1746685973.6795847,876532252.0
1746685973.7409055,876776473.0
1746685973.8118033,877020758.0
1746685973.8717096,877265045.0
1746685973.942411,877509366.0
1746685974.0087566,877753785.0
1746685974.0677185,877998206.0
1746685974.1277194,878242630.0
1746685974.2121363,878487185.0
1746685974.2731683,878731742.0
1746685974.335858,878976304.0
1746685974.398081,879220868.0
1746685974.4840574,879465754.0
1746685974.5440314,879710645.0
1746685974.6044188,879955537.0
1746685974.6648448,880200429.0
1746685974.7250218,880445321.0
1746685974.791595,880690214.0
1746685974.8526998,880935107.0
1746685974.9129198,881180001.0
1746685974.9736865,881424896.0
1746685975.0357199,881669792.0
1746685975.1209528,881914787.0
1746685975.1834364,882159784.0
1746685975.2436502,882404782.0
1746685975.316084,882649847.0
1746685975.3755388,882894916.0
1746685975.4477959,883140053.0
1746685975.5076823,883385190.0
1746685975.58611,883630365.0
1746685975.671898,883876150.0
1746685975.732259,884121935.0
1746685975.7919836,884367721.0
1746685975.8523402,884613508.0
1746685975.912714,884859296.0
1746685975.9729528,885105086.0
1746685976.0332682,885350876.0
1746685976.0945482,885596668.0
1746685976.1574056,885842461.0
1746685976.217584,886088256.0
1746685976.284952,886334052.0
1746685976.3497944,886579849.0
1746685976.4147067,886825650.0
1746685976.4864821,887071452.0
1746685976.5541859,887317254.0
1746685976.6224546,887563059.0
1746685976.6907928,887808866.0
1746685976.7585378,888054673.0
1746685976.8265176,888300481.0
1746685976.8956895,888546290.0
1746685976.974606,888792421.0
1746685977.035746,889038554.0
1746685977.0957203,889284687.0
1746685977.1562707,889530821.0
1746685977.215978,889776956.0
1746685977.275622,890023092.0
1746685977.3365772,890269229.0
1746685977.3956237,890515367.0
1746685977.4560802,890761506.0
1746685977.5170314,891007646.0
1746685977.6058767,891253818.0
1746685977.6714172,891500123.0
1746685977.731741,891746430.0
1746685977.7897584,891992737.0
1746685977.8474724,892239045.0
1746685977.9236512,892485579.0
1746685977.9834352,892732115.0
1746685978.0434923,892978653.0
1746685978.1035838,893225191.0
1746685978.163851,893471730.0
1746685978.223482,893718271.0
1746685978.2837377,893964813.0
1746685978.3680918,894211453.0
1746685978.4276931,894458094.0
1746685978.4880326,894704736.0
1746685978.5596066,894951508.0
1746685978.619509,895198280.0
1746685978.6794884,895445055.0
1746685978.7394283,895691832.0
1746685978.807659,895938642.0
1746685978.8917394,896186064.0
1746685978.9516268,896433487.0
1746685979.0118544,896680912.0
1746685979.0715585,896928338.0
1746685979.1317685,897175765.0
1746685979.1921122,897423194.0
1746685979.2522988,897670626.0
1746685979.3130991,897918059.0
1746685979.3729546,898165492.0
1746685979.4332724,898412926.0
1746685979.4954891,898660361.0
1746685979.5578275,898907797.0
1746685979.6199572,899155233.0
1746685979.6859362,899402671.0
1746685979.7521255,899650111.0
1746685979.8138819,899897551.0
1746685979.875529,900144991.0
1746685979.9386141,900392431.0
1746685979.9994812,900639871.0
1746685980.0958238,900887345.0
1746685980.1663647,901135013.0
1746685980.2274985,901382683.0
1746685980.2879293,901630356.0
1746685980.354325,901878029.0
1746685980.4113133,902125704.0
1746685980.4786162,902373381.0
1746685980.5597,902621124.0
1746685980.6197853,902868868.0
1746685980.6876209,903116677.0
1746685980.747469,903364489.0
1746685980.8174617,903612368.0
1746685980.8789911,903860248.0
1746685980.9517264,904108290.0
1746685981.0117965,904356333.0
1746685981.0715315,904604376.0
1746685981.1315424,904852420.0
1746685981.19167,905100465.0
1746685981.2601655,905348578.0
1746685981.319464,905596693.0
1746685981.3917413,905844938.0
1746685981.4516234,906093184.0
1746685981.5132763,906341432.0
1746685981.5715532,906589681.0
1746685981.654905,906837996.0
1746685981.718223,907086311.0
1746685981.7877364,907334726.0
1746685981.847576,907583142.0
1746685981.9075754,907831559.0
1746685981.9797838,908080108.0
1746685982.0398078,908328658.0
1746685982.1002448,908577209.0
1746685982.1603692,908825762.0
1746685982.2325146,909074380.0
1746685982.2926989,909323002.0
1746685982.3636544,909571689.0
1746685982.4235742,909820377.0
1746685982.4957848,910069195.0
1746685982.5556402,910318016.0
1746685982.6156228,910566839.0
1746685982.6758945,910815664.0
1746685982.7481506,911064715.0
1746685982.8075976,911313769.0
1746685982.8676553,911562824.0
1746685982.928089,911811880.0
1746685982.9883986,912060939.0
1746685983.0486667,912310000.0
1746685983.1089256,912559062.0
1746685983.1880171,912808287.0
1746685983.2517366,913057512.0
1746685983.3128283,913306741.0
1746685983.372044,913555970.0
1746685983.4323602,913805200.0
1746685983.5170138,914054753.0
1746685983.5756304,914304307.0
1746685983.635766,914553863.0
1746685983.6958613,914803421.0
1746685983.7561438,915052980.0
1746685983.8163102,915302543.0
1746685983.8770099,915552107.0
1746685983.936909,915801671.0
1746685983.997194,916051237.0
1746685984.0596566,916300804.0
1746685984.148007,916550469.0
1746685984.2083895,916800136.0
1746685984.2683907,917049803.0
1746685984.3437562,917299729.0
1746685984.403828,917549655.0
1746685984.464996,917799582.0
1746685984.5237648,918049509.0
1746685984.5834918,918299438.0
1746685984.6434429,918549370.0
1746685984.7035346,918799303.0
1746685984.7638683,919049236.0
1746685984.8477228,919299493.0
1746685984.9074373,919549751.0
1746685984.967478,919800009.0
1746685985.0281932,920050270.0
1746685985.0885918,920300532.0
1746685985.1527276,920550796.0
1746685985.2126226,920801060.0
1746685985.2728372,921051324.0
1746685985.3437872,921301590.0
1746685985.4054718,921551856.0
1746685985.4929986,921802445.0
1746685985.5557199,922053036.0
1746685985.6156373,922303630.0
1746685985.6757443,922554227.0
1746685985.7364976,922804825.0
1746685985.7962494,923055423.0
1746685985.8555846,923306023.0
1746685985.916335,923556624.0
1746685985.975996,923807225.0
1746685986.036301,924057826.0
1746685986.1197343,924308684.0
1746685986.1795044,924559544.0
1746685986.239555,924810405.0
1746685986.299436,925061266.0
1746685986.3597326,925312129.0
1746685986.419453,925562992.0
1746685986.480015,925813857.0
1746685986.5402744,926064723.0
1746685986.6195803,926315783.0
1746685986.6798582,926566846.0
1746685986.7395208,926817909.0
1746685986.7993548,927068973.0
1746685986.859396,927320039.0
1746685986.9195733,927571107.0
1746685986.988044,927822208.0
1746685987.065379,928073598.0
1746685987.1233504,928324988.0
1746685987.183423,928576378.0
1746685987.2433777,928827769.0
1746685987.3033721,929079161.0
1746685987.3633385,929330555.0
1746685987.4233994,929581950.0
1746685987.484148,929833346.0
1746685987.54339,930084742.0
1746685987.6276214,930336523.0
1746685987.6874886,930588306.0
1746685987.7474375,930840090.0
1746685987.807437,931091875.0
1746685987.8673363,931343662.0
1746685987.928392,931595452.0
1746685987.9873524,931847242.0
1746685988.0473692,932099032.0
1746685988.1079485,932350822.0
1746685988.1673403,932602612.0
1746685988.2273762,932854402.0
1746685988.2876828,933106193.0
1746685988.367614,933358146.0
1746685988.4273922,933610100.0
1746685988.4873624,933862055.0
1746685988.5473614,934114011.0
1746685988.60822,934365968.0
1746685988.6795542,934618120.0
1746685988.739379,934870273.0
1746685988.7993808,935122427.0
1746685988.8604188,935374582.0
1746685988.9234562,935626739.0
1746685988.9833786,935878897.0
1746685989.066094,936131090.0
1746685989.143637,936383316.0
1746685989.214286,936635608.0
1746685989.2753775,936887901.0
1746685989.3474417,937140324.0
1746685989.407371,937392751.0
1746685989.4673476,937645180.0
1746685989.5280647,937897611.0
1746685989.6114976,938150555.0
1746685989.671305,938403501.0
1746685989.7313673,938656448.0
1746685989.7916977,938909396.0
1746685989.8520846,939162344.0
1746685989.9112785,939415293.0
1746685989.971267,939668245.0
1746685990.0312672,939921198.0
1746685990.0922654,940174151.0
1746685990.1514788,940427104.0
1746685990.2118218,940680057.0
1746685990.2724743,940933011.0
1746685990.336743,941185965.0
1746685990.4009557,941438923.0
1746685990.4651327,941691883.0
1746685990.5295944,941944845.0
1746685990.6197608,942197936.0
1746685990.6835458,942451029.0
1746685990.7434652,942704123.0
1746685990.8033988,942957217.0
1746685990.87956,943210537.0
1746685990.9394085,943463860.0
1746685990.999456,943717185.0
1746685991.0594242,943970511.0
1746685991.1195388,944223837.0
1746685991.1797395,944477164.0
1746685991.2400997,944730492.0
1746685991.3196673,944983886.0
1746685991.3802888,945237280.0
1746685991.4605503,945490966.0
1746685991.523438,945744653.0
1746685991.5835848,945998342.0
1746685991.6435573,946252032.0
1746685991.7035785,946505724.0
1746685991.765597,946759418.0
1746685991.8234804,947013112.0
1746685991.883509,947266806.0
1746685991.9438505,947520503.0
1746685992.0336106,947774299.0
1746685992.0957315,948028095.0
1746685992.1559665,948281891.0
1746685992.227593,948535753.0
1746685992.287467,948789615.0
1746685992.3596113,949043608.0
1746685992.4195244,949297601.0
1746685992.47953,949551597.0
1746685992.5394852,949805596.0
1746685992.616499,950059694.0
1746685992.6806254,950313793.0
1746685992.73998,950567893.0
1746685992.8184364,950822187.0
1746685992.8794422,951076481.0
1746685992.9394443,951330776.0
1746685992.9994483,951585074.0
1746685993.0608735,951839373.0
1746685993.1194131,952093672.0
1746685993.1986814,952348036.0
1746685993.2594094,952602400.0
1746685993.3318627,952856861.0
1746685993.391275,953111323.0
1746685993.451178,953365785.0
1746685993.5235496,953620284.0
1746685993.5943644,953874914.0
1746685993.6555347,954129547.0
1746685993.7156026,954384182.0
1746685993.7765696,954638817.0
1746685993.84765,954893520.0
1746685993.9075112,955148224.0
1746685993.978808,955402994.0
1746685994.0394526,955657766.0
1746685994.110416,955912636.0
1746685994.1715505,956167508.0
1746685994.2315478,956422380.0
1746685994.3037076,956677319.0
1746685994.3636155,956932258.0
1746685994.4397871,957187329.0
1746685994.4995654,957442400.0
1746685994.5595157,957697473.0
1746685994.6194623,957952549.0
1746685994.6956923,958207916.0
1746685994.7556143,958463286.0
1746685994.8156772,958718656.0
1746685994.8756979,958974030.0
1746685994.9357095,959229405.0
1746685994.9957647,959484782.0
1746685995.0556843,959740162.0
1746685995.1156402,959995543.0
1746685995.1761544,960250926.0
1746685995.262858,960506406.0
1746685995.3237422,960761888.0
1746685995.383753,961017370.0
1746685995.4615932,961273144.0
1746685995.5237234,961528918.0
1746685995.5843697,961784695.0
1746685995.6437101,962040473.0
1746685995.7036746,962296253.0
1746685995.7636578,962552037.0
1746685995.8239453,962807821.0
1746685995.8842468,963063609.0
1746685995.9446065,963319398.0
1746685996.0306742,963575286.0
1746685996.0916886,963831177.0
1746685996.1516914,964087069.0
1746685996.2239342,964343029.0
1746685996.2837083,964598989.0
1746685996.359993,964855272.0
1746685996.4198298,965111555.0
1746685996.4800625,965367841.0
1746685996.5399864,965624128.0
1746685996.6012225,965880417.0
1746685996.6598868,966136709.0
1746685996.7207124,966393003.0
1746685996.7804728,966649300.0
1746685996.840898,966905597.0
1746685996.9011126,967161897.0
1746685996.9882174,967418327.0
1746685997.047619,967674758.0
1746685997.1078866,967931192.0
1746685997.167834,968187627.0
1746685997.2467806,968444193.0
1746685997.3078382,968700760.0
1746685997.3678176,968957329.0
1746685997.4278722,969213898.0
1746685997.5108397,969470726.0
1746685997.571937,969727557.0
1746685997.6321979,969984390.0
1746685997.6922126,970241226.0
1746685997.751893,970498063.0
1746685997.812105,970754904.0
1746685997.8733816,971011745.0
1746685997.932205,971268587.0
1746685998.0139544,971525495.0
1746685998.075634,971782403.0
1746685998.156049,972039699.0
1746685998.2159176,972296996.0
1746685998.2762685,972554295.0
1746685998.3369741,972811596.0
1746685998.3966086,973068898.0
1746685998.4569685,973326201.0
1746685998.5171874,973583504.0
1746685998.5774262,973840809.0
1746685998.6398044,974098116.0
1746685998.702663,974355427.0
1746685998.7646866,974612738.0
1746685998.8255093,974870051.0
1746685998.924053,975127877.0
1746685998.9835663,975385706.0
1746685999.044256,975643536.0
1746685999.1035094,975901366.0
1746685999.1636627,976159197.0
1746685999.2240145,976417030.0
1746685999.284333,976674865.0
1746685999.3446171,976932702.0
1746685999.4050071,977190540.0
1746685999.4659488,977448379.0
1746685999.5274558,977706218.0
1746685999.5899065,977964059.0
1746685999.649274,978221900.0
1746685999.7113893,978479743.0
1746685999.7739668,978737586.0
1746685999.8381495,978995432.0
1746685999.9318378,979253311.0
1746686000.0024257,979511289.0
1746686000.0594175,979769267.0
1746686000.1194525,980027245.0
1746686000.1920242,980285386.0
1746686000.2515204,980543529.0
1746686000.3117437,980801675.0
1746686000.371408,981059822.0
1746686000.427513,981317969.0
1746686000.507858,981576151.0
1746686000.5806253,981834431.0
1746686000.6394782,982092712.0
1746686000.6994767,982350995.0
1746686000.7695239,982609377.0
1746686000.8298423,982867760.0
1746686000.887426,983126146.0
1746686000.9602063,983384629.0
1746686001.019647,983643112.0
1746686001.0795586,983901596.0
1746686001.1497025,984160177.0
1746686001.210068,984418760.0
1746686001.268034,984677347.0
1746686001.3440151,984936225.0
1746686001.4036071,985195105.0
1746686001.4636457,985453986.0
1746686001.5237074,985712869.0
1746686001.5836296,985971753.0
1746686001.6436062,986230640.0
1746686001.7037754,986489529.0
1746686001.7641904,986748420.0
1746686001.8248308,987007312.0
1746686001.9090667,987266430.0
1746686001.9676733,987525548.0
1746686002.0276198,987784666.0
1746686002.0888987,988043784.0
1746686002.1476004,988302902.0
1746686002.2075956,988562021.0
1746686002.2676528,988821144.0
1746686002.3478434,989080495.0
1746686002.407628,989339848.0
1746686002.4676478,989599202.0
1746686002.5280678,989858558.0
1746686002.5876212,990117914.0
1746686002.6475987,990377272.0
1746686002.7080343,990636632.0
1746686002.792062,990896409.0
1746686002.8515441,991156187.0
1746686002.9114683,991415966.0
1746686002.9716153,991675745.0
1746686003.031658,991935524.0
1746686003.0915403,992195305.0
1746686003.1515865,992455086.0
1746686003.2121012,992714869.0
1746686003.2719698,992974655.0
1746686003.3322196,993234443.0
1746686003.3926578,993494233.0
1746686003.4527895,993754024.0
1746686003.513492,994013817.0
1746686003.5998871,994273739.0
1746686003.65957,994533663.0
1746686003.7195563,994793589.0
1746686003.7865443,995053516.0
1746686003.8557448,995313509.0
1746686003.9165466,995573504.0
1746686004.0008323,995834139.0
1746686004.0623705,996094774.0
1746686004.1204162,996355411.0
1746686004.1795967,996616048.0
1746686004.2395632,996876686.0
1746686004.299744,997137328.0
1746686004.3599544,997397972.0
1746686004.42019,997658618.0
1746686004.4805372,997919265.0
1746686004.5409474,998179913.0
1746686004.6026702,998440562.0
1746686004.664256,998701211.0
1746686004.7242455,998961861.0
1746686004.7845373,999222512.0
1746686004.8512945,999483163.0
1746686004.9129305,999743815.0
1746686004.9732754,1000004467.0
1746686005.033517,1000265119.0
1746686005.0954113,1000525773.0
1746686005.1625369,1000786428.0
1746686005.2758164,1001047149.0
1746686005.3379555,1001307873.0
1746686005.4178355,1001569207.0
1746686005.4752786,1001830542.0
1746686005.5353467,1002091878.0
1746686005.5954084,1002353217.0
1746686005.6553907,1002614557.0
1746686005.7154038,1002875899.0
1746686005.7754018,1003137242.0
1746686005.8357503,1003398586.0
1746686005.8959568,1003659930.0
1746686005.963045,1003921274.0
1746686006.0237167,1004182618.0
1746686006.0832994,1004443962.0
1746686006.1433175,1004705306.0
1746686006.2115078,1004966651.0
1746686006.2716427,1005227997.0
1746686006.3318534,1005489344.0
1746686006.392234,1005750693.0
1746686006.4524984,1006012043.0
1746686006.5128884,1006273394.0
1746686006.5970902,1006534780.0
1746686006.6696837,1006796616.0
1746686006.7246351,1007058453.0
1746686006.783382,1007320291.0
1746686006.8434837,1007582130.0
1746686006.9043062,1007843970.0
1746686006.9634407,1008105811.0
1746686007.0217993,1008367652.0
1746686007.0800147,1008629493.0
1746686007.1393893,1008891335.0
1746686007.1993728,1009153178.0
1746686007.259412,1009415021.0
1746686007.3194075,1009676865.0
1746686007.3793674,1009938711.0
1746686007.4394186,1010200558.0
1746686007.51971,1010462567.0
1746686007.579367,1010724578.0
1746686007.6394138,1010986590.0
1746686007.6994402,1011248603.0
1746686007.7594543,1011510617.0
1746686007.8316107,1011772698.0
1746686007.8920438,1012034780.0
1746686007.9624565,1012296960.0
1746686008.0193763,1012559140.0
1746686008.0753098,1012821320.0
1746686008.14651,1013083662.0
1746686008.208096,1013346005.0
1746686008.2674286,1013608348.0
1746686008.3274548,1013870692.0
1746686008.387987,1014133037.0
1746686008.4595547,1014395576.0
1746686008.5193646,1014658115.0
1746686008.5794287,1014920655.0
1746686008.6394567,1015183196.0
1746686008.6994283,1015445738.0
1746686008.7594209,1015708281.0
1746686008.8356802,1015971084.0
1746686008.8954134,1016233888.0
1746686008.9555314,1016496694.0
1746686009.0155776,1016759500.0
1746686009.0755024,1017022306.0
1746686009.1359181,1017285116.0
1746686009.1954603,1017547926.0
1746686009.2556028,1017810737.0
1746686009.3426392,1018073933.0
1746686009.403527,1018337130.0
1746686009.4634454,1018600329.0
1746686009.5211823,1018863528.0
1746686009.577422,1019126727.0
1746686009.6337876,1019389929.0
1746686009.6940901,1019653132.0
1746686009.7584584,1019916336.0
1746686009.8195693,1020179542.0
1746686009.8795295,1020442749.0
1746686009.9406495,1020705958.0
1746686010.0035334,1020969167.0
1746686010.0796824,1021232440.0
1746686010.1393776,1021495717.0
1746686010.2065454,1021759028.0
1746686010.2820787,1022022724.0
1746686010.3379664,1022286420.0
1746686010.395462,1022550117.0
1746686010.4559247,1022813816.0
1746686010.5154393,1023077516.0
1746686010.5770197,1023341217.0
1746686010.635366,1023604920.0
1746686010.6954327,1023868623.0
1746686010.755423,1024132327.0
1746686010.8154016,1024396033.0
1746686010.8753917,1024659739.0
1746686010.935374,1024923446.0
1746686011.0116704,1025187218.0
1746686011.071433,1025450990.0
1746686011.1373494,1025714990.0
1746686011.1924527,1025978991.0
1746686011.2503855,1026242992.0
1746686011.307442,1026506994.0
1746686011.367486,1026770998.0
1746686011.4273984,1027035005.0
1746686011.488057,1027299013.0
1746686011.5609071,1027563182.0
1746686011.6189578,1027827353.0
1746686011.6742609,1028091524.0
1746686011.7343025,1028355695.0
1746686011.7903657,1028619867.0
1746686011.858237,1028884169.0
1746686011.9182174,1029148472.0
1746686011.9743118,1029412775.0
1746686012.0307992,1029677078.0
1746686012.0984304,1029941415.0
1746686012.1645808,1030205819.0
1746686012.2224896,1030470224.0
1746686012.2923098,1030734982.0
1746686012.3501942,1030999742.0
1746686012.4062686,1031264505.0
1746686012.466601,1031529271.0
1746686012.5233943,1031794037.0
1746686012.5834823,1032058805.0
1746686012.6434581,1032323573.0
1746686012.7034981,1032588342.0
1746686012.7634728,1032853112.0
1746686012.8234472,1033117883.0
1746686012.8818316,1033382654.0
1746686012.958305,1033647458.0
1746686013.0277271,1033912583.0
1746686013.0861564,1034177709.0
1746686013.1421802,1034442836.0
1746686013.2036502,1034707964.0
1746686013.263704,1034973094.0
1746686013.3234067,1035238226.0
1746686013.3834023,1035503361.0
1746686013.4433973,1035768499.0
1746686013.503457,1036033637.0
1746686013.5633748,1036298777.0
1746686013.6435797,1036563982.0
1746686013.6996748,1036829188.0
1746686013.7691953,1037094652.0
1746686013.8270264,1037360117.0
1746686013.8824573,1037625582.0
1746686013.9355621,1037891047.0
1746686013.9954834,1038156512.0
1746686014.0553687,1038421978.0
1746686014.1163015,1038687445.0
1746686014.1757376,1038952912.0
1746686014.2548368,1039218446.0
1746686014.3158326,1039483983.0
1746686014.3807442,1039749683.0
1746686014.4381762,1040015384.0
1746686014.4942646,1040281085.0
1746686014.5514872,1040546789.0
1746686014.61151,1040812493.0
1746686014.6959746,1041078871.0
1746686014.7554026,1041345249.0
1746686014.8153405,1041611627.0
1746686014.8760767,1041878005.0
1746686014.9358535,1042144383.0
1746686014.9953098,1042410761.0
1746686015.0553012,1042677140.0
1746686015.1142032,1042943520.0
1746686015.1686134,1043209900.0
1746686015.224996,1043476281.0
1746686015.2832534,1043742664.0
1746686015.3432403,1044009050.0
1746686015.399225,1044275436.0
1746686015.4581704,1044541822.0
1746686015.5153234,1044808211.0
1746686015.5744367,1045074600.0
1746686015.6318674,1045340990.0
1746686015.6912746,1045607380.0
1746686015.7515185,1045873770.0
1746686015.8117056,1046140160.0
1746686015.8720584,1046406551.0
1746686015.9573255,1046673040.0
1746686016.0111618,1046939530.0
1746686016.0631056,1047206020.0
1746686016.1242914,1047472607.0
1746686016.1861324,1047739196.0
1746686016.242402,1048005788.0
1746686016.3126397,1048272704.0
1746686016.3809881,1048539717.0
1746686016.4393299,1048806731.0
1746686016.4993343,1049073748.0
1746686016.5594027,1049340765.0
1746686016.6193702,1049607784.0
1746686016.6793854,1049874803.0
1746686016.739416,1050141823.0
1746686016.7994316,1050408843.0
1746686016.8598118,1050675865.0
1746686016.919307,1050942887.0
1746686016.9793162,1051209910.0
1746686017.0353477,1051476933.0
1746686017.1228766,1051743989.0
1746686017.1849923,1052011112.0
1746686017.2398756,1052278238.0
1746686017.3103411,1052545463.0
1746686017.3680115,1052812688.0
1746686017.4272568,1053079914.0
1746686017.4994605,1053347240.0
1746686017.5601304,1053614566.0
1746686017.6169162,1053881895.0
1746686017.6915405,1054149321.0
1746686017.7513232,1054416748.0
1746686017.8154762,1054684176.0
1746686017.887702,1054951831.0
1746686017.9475305,1055219487.0
1746686018.0054588,1055487145.0
1746686018.0643158,1055754803.0
1746686018.1235254,1056022461.0
1746686018.1835146,1056290121.0
1746686018.2434824,1056557784.0
1746686018.323674,1056825513.0
1746686018.384101,1057093242.0
1746686018.4501066,1057361037.0
1746686018.5118818,1057628835.0
1746686018.5943003,1057897242.0
1746686018.6554124,1058165652.0
1746686018.7154841,1058434062.0
1746686018.775445,1058702474.0
1746686018.8354297,1058970887.0
1746686018.89642,1059239304.0
1746686018.9554718,1059507721.0
1746686019.0156186,1059776139.0
1746686019.0753741,1060044557.0
1746686019.1313915,1060312975.0
1746686019.1917417,1060581393.0
1746686019.2513614,1060849813.0
1746686019.3113003,1061118234.0
1746686019.367367,1061386655.0
1746686019.4275978,1061655077.0
1746686019.487992,1061923502.0
1746686019.5482798,1062191927.0
1746686019.6084938,1062460355.0
1746686019.6695976,1062728783.0
1746686019.767769,1062997437.0
1746686019.8273578,1063266092.0
1746686019.8873878,1063534750.0
1746686019.9433393,1063803408.0
1746686020.0033176,1064072068.0
1746686020.0633276,1064340729.0
1746686020.1217086,1064609390.0
1746686020.1987834,1064878149.0
1746686020.2593982,1065146911.0
1746686020.3195212,1065415674.0
1746686020.3916128,1065684566.0
1746686020.4514933,1065953459.0
1746686020.511453,1066222356.0
1746686020.5715497,1066491253.0
1746686020.6396177,1066760218.0
1746686020.69954,1067029184.0
1746686020.770842,1067298217.0
1746686020.8316317,1067567251.0
1746686020.8985908,1067836321.0
1746686020.966618,1068105457.0
1746686021.0279882,1068374595.0
1746686021.104337,1068643928.0
1746686021.165274,1068913261.0
1746686021.2236145,1069182594.0
1746686021.283647,1069451929.0
1746686021.3436487,1069721265.0
1746686021.403795,1069990602.0
1746686021.4980383,1070260740.0
1746686021.555704,1070530881.0
1746686021.60952,1070801022.0
1746686021.6652515,1071071164.0
1746686021.7276711,1071341307.0
1746686021.7876198,1071611452.0
1746686021.84759,1071881598.0
1746686021.907653,1072151746.0
1746686021.967634,1072421895.0
1746686022.0278873,1072692046.0
1746686022.0883217,1072962198.0
1746686022.1478312,1073232350.0
1746686022.2075222,1073502502.0
1746686022.267584,1073772657.0
1746686022.328824,1074042813.0
1746686022.3878474,1074312969.0
1746686022.447616,1074583125.0
1746686022.5075781,1074853283.0
1746686022.5681653,1075123441.0
1746686022.6284158,1075393601.0
1746686022.688753,1075663762.0
1746686022.7490594,1075933925.0
1746686022.8093312,1076204089.0
1746686022.8715267,1076474254.0
1746686022.93404,1076744419.0
1746686022.9970088,1077014585.0
1746686023.061823,1077284849.0
1746686023.1151783,1077555113.0
1746686023.1674979,1077825377.0
1746686023.2417243,1078096061.0
1746686023.2982326,1078366746.0
1746686023.3586435,1078637433.0
1746686023.4154568,1078908120.0
1746686023.475635,1079178810.0
1746686023.5354333,1079449500.0
1746686023.5954256,1079720192.0
1746686023.6554961,1079990885.0
1746686023.7157931,1080261580.0
1746686023.775358,1080532275.0
1746686023.8353522,1080802971.0
1746686023.8956332,1081073667.0
1746686023.9553137,1081344363.0
1746686024.03194,1081615124.0
1746686024.0904021,1081885885.0
1746686024.1676147,1082156967.0
1746686024.227888,1082428050.0
1746686024.28736,1082699133.0
1746686024.3477378,1082970219.0
1746686024.407269,1083241305.0
1746686024.4639573,1083512393.0
1746686024.5226805,1083783482.0
1746686024.5764792,1084054572.0
1746686024.6351373,1084325663.0
1746686024.6935081,1084596755.0
1746686024.77291,1084868232.0
1746686024.8303385,1085139710.0
1746686024.8871312,1085411188.0
1746686024.9400775,1085682666.0
1746686024.9991224,1085954144.0
1746686025.05503,1086225622.0
1746686025.1150725,1086497101.0
1746686025.1727304,1086768581.0
1746686025.2291145,1087040062.0
1746686025.2853496,1087311545.0
1746686025.347128,1087583028.0
1746686025.407148,1087854514.0
1746686025.486637,1088126130.0
1746686025.5430818,1088397746.0
1746686025.6032178,1088669363.0
1746686025.6631773,1088940981.0
1746686025.7302632,1089212728.0
1746686025.783626,1089484477.0
1746686025.843222,1089756226.0
1746686025.8991323,1090027975.0
1746686025.9662213,1090299789.0
1746686026.0233037,1090571605.0
1746686026.0938284,1090843743.0
1746686026.1480439,1091115882.0
1746686026.2073572,1091388022.0
1746686026.2673733,1091660165.0
1746686026.3272932,1091932308.0
1746686026.3873005,1092204455.0
1746686026.4473119,1092476603.0
1746686026.5032175,1092748751.0
1746686026.5633035,1093020900.0
1746686026.6232083,1093293050.0
1746686026.7035937,1093565361.0
1746686026.7633185,1093837674.0
1746686026.8233309,1094109987.0
1746686026.8793533,1094382300.0
1746686026.9379148,1094654613.0
1746686027.0116012,1094927026.0
1746686027.0713825,1095199440.0
1746686027.1383297,1095471855.0
1746686027.2114654,1095744560.0
1746686027.271333,1096017268.0
1746686027.3313994,1096289977.0
1746686027.3913488,1096562690.0
1746686027.458133,1096835404.0
1746686027.5153108,1097108119.0
1746686027.579451,1097380835.0
1746686027.6393077,1097653552.0
1746686027.6957822,1097926269.0
1746686027.771521,1098199052.0
1746686027.8312564,1098471835.0
1746686027.903421,1098744779.0
1746686027.9633331,1099017723.0
1746686028.029831,1099290670.0
1746686028.0873594,1099563618.0
1746686028.1474292,1099836567.0
1746686028.223558,1100109807.0
1746686028.283417,1100383050.0
1746686028.3431401,1100656294.0
1746686028.4035833,1100929542.0
1746686028.4642253,1101202791.0
1746686028.5235028,1101476041.0
1746686028.5836654,1101749291.0
1746686028.6440809,1102022542.0
1746686028.7056675,1102295793.0
1746686028.7872753,1102569334.0
1746686028.8476026,1102842875.0
1746686028.907336,1103116416.0
1746686028.963263,1103389957.0
1746686029.0233424,1103663500.0
1746686029.0832872,1103937045.0
1746686029.1502354,1104210591.0
1746686029.2074232,1104484139.0
1746686029.2676232,1104757689.0
1746686029.3476617,1105031465.0
1746686029.4074152,1105305244.0
1746686029.4739473,1105579024.0
1746686029.5313869,1105852806.0
1746686029.591477,1106126588.0
1746686029.651434,1106400372.0
1746686029.719575,1106674156.0
1746686029.799662,1106948007.0
1746686029.859506,1107221858.0
1746686029.9276278,1107495774.0
1746686029.9875462,1107769690.0
1746686030.0557635,1108043674.0
1746686030.1160269,1108317661.0
1746686030.191799,1108591905.0
1746686030.2515686,1108866152.0
1746686030.3116286,1109140401.0
1746686030.371591,1109414652.0
1746686030.431762,1109688906.0
1746686030.4922066,1109963161.0
1746686030.552363,1110237418.0
1746686030.612678,1110511675.0
1746686030.6919274,1110786063.0
1746686030.7515554,1111060451.0
1746686030.8117878,1111334841.0
1746686030.8722944,1111609231.0
1746686030.947666,1111883909.0
1746686031.0075433,1112158588.0
1746686031.068325,1112433270.0
1746686031.1275015,1112707953.0
1746686031.1874952,1112982637.0
1746686031.2476823,1113257324.0
1746686031.3088233,1113532012.0
1746686031.3677518,1113806701.0
1746686031.4279377,1114081393.0
1746686031.5158143,1114356119.0
1746686031.5924993,1114630975.0
1746686031.6545906,1114905831.0
1746686031.7113855,1115180687.0
1746686031.7719934,1115455543.0
1746686031.847644,1115730626.0
1746686031.907365,1116005710.0
1746686031.9663746,1116280794.0
1746686032.0234308,1116555879.0
1746686032.0834148,1116830966.0
1746686032.143452,1117106056.0
1746686032.2064426,1117381147.0
1746686032.2834198,1117656306.0
1746686032.343452,1117931465.0
1746686032.411611,1118206656.0
1746686032.486516,1118482202.0
1746686032.5474758,1118757749.0
1746686032.6088402,1119033297.0
1746686032.6674864,1119308845.0
1746686032.7274902,1119584394.0
1746686032.787479,1119859944.0
1746686032.8459964,1120135497.0
1746686032.9040432,1120411051.0
1746686032.9634054,1120686605.0
1746686033.0233777,1120962159.0
1746686033.0833805,1121237714.0
1746686033.1741157,1121513368.0
1746686033.2435236,1121789023.0
1746686033.3043542,1122064680.0
1746686033.3755612,1122340434.0
1746686033.4353783,1122616189.0
1746686033.4954214,1122891947.0
1746686033.5775926,1123167803.0
1746686033.639528,1123443660.0
1746686033.7064571,1123719518.0
1746686033.7756052,1123995412.0
1746686033.851689,1124271596.0
1746686033.9115453,1124547784.0
1746686033.971805,1124823973.0
1746686034.031517,1125100162.0
1746686034.0922673,1125376352.0
1746686034.151526,1125652543.0
1746686034.2115166,1125928735.0
1746686034.2714777,1126204928.0
1746686034.3317373,1126481123.0
1746686034.4082532,1126757351.0
1746686034.479645,1127033644.0
1746686034.5394793,1127309940.0
1746686034.611706,1127586430.0
1746686034.6715848,1127862921.0
1746686034.7316005,1128139414.0
1746686034.798482,1128415911.0
1746686034.862697,1128692409.0
1746686034.9235597,1128968912.0
1746686035.0093975,1129245673.0
1746686035.0677063,1129522434.0
1746686035.127618,1129799195.0
1746686035.1876552,1130075957.0
1746686035.247683,1130352720.0
1746686035.3076613,1130629485.0
1746686035.367606,1130906252.0
1746686035.4279332,1131183019.0
1746686035.5132308,1131459915.0
1746686035.5721838,1131736814.0
1746686035.632458,1132013714.0
1746686035.692961,1132290615.0
1746686035.7747395,1132567614.0
1746686035.8422093,1132844618.0
1746686035.9065385,1133121622.0
1746686035.979853,1133398823.0
1746686036.0397182,1133676025.0
1746686036.0999537,1133953228.0
1746686036.1598692,1134230433.0
1746686036.2206473,1134507639.0
1746686036.2808986,1134784847.0
1746686036.3680506,1135062506.0
1746686036.4278061,1135340167.0
1746686036.4880435,1135617828.0
1746686036.548337,1135895489.0
1746686036.6086614,1136173153.0
1746686036.6704397,1136450819.0
1746686036.7282276,1136728485.0
1746686036.7885506,1137006153.0
1746686036.849016,1137283826.0
1746686036.909376,1137561499.0
1746686036.9695544,1137839176.0
1746686037.0316796,1138116854.0
1746686037.098433,1138394533.0
1746686037.1624188,1138672212.0
1746686037.2601147,1138950021.0
1746686037.3197396,1139227832.0
1746686037.3796434,1139505645.0
1746686037.4399703,1139783460.0
1746686037.5081854,1140061308.0
1746686037.573251,1140339222.0
1746686037.6317093,1140617138.0
1746686037.7047684,1140895185.0
1746686037.7642121,1141173232.0
1746686037.8237636,1141451279.0
1746686037.8844576,1141729331.0
1746686037.9559772,1142007479.0
1746686038.0157712,1142285631.0
1746686038.080121,1142563784.0
1746686038.164092,1142842002.0
1746686038.2270114,1143120221.0
1746686038.301253,1143398698.0
1746686038.357889,1143677176.0
1746686038.4181604,1143955655.0
1746686038.4801238,1144234136.0
1746686038.546555,1144512617.0
1746686038.6077676,1144791099.0
1746686038.6676617,1145069584.0
1746686038.7283764,1145348070.0
1746686038.816276,1145626844.0
1746686038.8756216,1145905619.0
1746686038.9356322,1146184398.0
1746686038.9956555,1146463177.0
1746686039.055633,1146741958.0
1746686039.1156263,1147020741.0
1746686039.1756313,1147299524.0
1746686039.2355905,1147578308.0
1746686039.296284,1147857094.0
1746686039.3798444,1148136106.0
1746686039.4395783,1148415118.0
1746686039.5001376,1148694132.0
1746686039.5593584,1148973146.0
1746686039.6195433,1149252160.0
1746686039.6795266,1149531178.0
1746686039.7395027,1149810197.0
1746686039.82782,1150089665.0
1746686039.8884604,1150369135.0
1746686039.9475179,1150648607.0
1746686040.0075574,1150928079.0
1746686040.0675087,1151207553.0
1746686040.1275249,1151487030.0
1746686040.1876047,1151766507.0
1746686040.2475429,1152045985.0
1746686040.3075147,1152325464.0
1746686040.3676562,1152604945.0
1746686040.4280136,1152884426.0
1746686040.4883635,1153163909.0
1746686040.5485737,1153443392.0
1746686040.6089294,1153722877.0
1746686040.695932,1154002430.0
1746686040.7555015,1154281984.0
1746686040.824084,1154561603.0
1746686040.8835971,1154841223.0
1746686040.9556725,1155121039.0
1746686041.0167904,1155400856.0
1746686041.07549,1155680673.0
1746686041.135548,1155960494.0
1746686041.1955862,1156240315.0
1746686041.2555358,1156520138.0
1746686041.338904,1156800283.0
1746686041.3995965,1157080430.0
1746686041.4666963,1157360577.0
1746686041.527709,1157640726.0
1746686041.5876703,1157920875.0
1746686041.6487815,1158201026.0
1746686041.7076566,1158481179.0
1746686041.7677383,1158761332.0
1746686041.8281298,1159041485.0
1746686041.8884554,1159321640.0
1746686041.9838395,1159602503.0
1746686042.0436094,1159883367.0
1746686042.1034229,1160164232.0
1746686042.1635165,1160445101.0
1746686042.2240646,1160725970.0
1746686042.283446,1161006841.0
1746686042.343406,1161287712.0
1746686042.40343,1161568584.0
1746686042.4596808,1161849456.0
1746686042.5199513,1162130330.0
1746686042.5802987,1162411204.0
1746686042.6411705,1162692080.0
1746686042.7004354,1162972958.0
1746686042.760722,1163253836.0
1746686042.821067,1163534714.0
1746686042.8834078,1163815594.0
1746686042.9457865,1164096477.0
1746686043.0073764,1164377361.0
1746686043.0754814,1164658246.0
1746686043.1423178,1164939134.0
1746686043.2063472,1165220022.0
1746686043.272081,1165500913.0
1746686043.3804877,1165781868.0
1746686043.441185,1166062824.0
1746686043.5155494,1166344005.0
1746686043.5753615,1166625188.0
1746686043.6354358,1166906371.0
1746686043.6954262,1167187557.0
1746686043.7556949,1167468746.0
1746686043.8153126,1167749935.0
1746686043.8790689,1168031124.0
1746686043.9595134,1168312571.0
1746686044.0193543,1168594021.0
1746686044.0793686,1168875472.0
1746686044.1394405,1169156924.0
1746686044.1993809,1169438377.0
1746686044.2601936,1169719831.0
1746686044.3200955,1170001287.0
1746686044.3794181,1170282743.0
1746686044.4563217,1170564262.0
1746686044.5154598,1170845781.0
1746686044.5890002,1171127462.0
1746686044.6503255,1171409143.0
1746686044.7075024,1171690826.0
1746686044.7677965,1171972513.0
1746686044.8280814,1172254201.0
1746686044.9116316,1172535987.0
1746686044.9729662,1172817774.0
1746686045.0330284,1173099562.0
1746686045.1076303,1173381415.0
1746686045.1680593,1173663269.0
1746686045.248641,1173945574.0
1746686045.3102365,1174227880.0
1746686045.3673136,1174510189.0
1746686045.4276166,1174792499.0
1746686045.4879904,1175074809.0
1746686045.5482173,1175357121.0
1746686045.6086366,1175639433.0
1746686045.668821,1175921745.0
1746686045.7292364,1176204059.0
1746686045.7922187,1176486377.0
1746686045.853413,1176768695.0
1746686045.9136906,1177051014.0
1746686045.9753215,1177333334.0
1746686046.0383253,1177615656.0
1746686046.1372976,1177898652.0
1746686046.198117,1178181649.0
1746686046.2553167,1178464647.0
1746686046.3222582,1178747646.0
1746686046.3793757,1179030648.0
1746686046.4395354,1179313652.0
1746686046.5074809,1179596656.0
1746686046.5681593,1179879662.0
1746686046.6285198,1180162668.0
1746686046.6888099,1180445674.0
1746686046.7490716,1180728682.0
1746686046.8095806,1181011693.0
1746686046.8714588,1181294705.0
1746686046.9341774,1181577718.0
1746686046.9955106,1181860732.0
1746686047.0622935,1182143748.0
1746686047.126899,1182426765.0
1746686047.187362,1182709782.0
1746686047.2514677,1182992800.0
1746686047.3195305,1183275819.0
1746686047.3875425,1183558841.0
1746686047.4919608,1183841931.0
1746686047.5521953,1184125021.0
1746686047.6235476,1184408209.0
1746686047.6952205,1184691654.0
1746686047.7554803,1184975099.0
1746686047.8154602,1185258548.0
1746686047.8755581,1185541999.0
1746686047.9359267,1185825452.0
1746686047.9973888,1186108906.0
1746686048.055748,1186392360.0
1746686048.1165473,1186675815.0
1746686048.176792,1186959270.0
1746686048.2360935,1187242725.0
1746686048.3157744,1187526246.0
1746686048.3756022,1187809767.0
1746686048.4475698,1188093418.0
1746686048.5073843,1188377072.0
1746686048.5677032,1188660726.0
1746686048.6280282,1188944382.0
1746686048.6995027,1189228230.0
1746686048.760928,1189512079.0
1746686048.8194168,1189795931.0
1746686048.879456,1190079785.0
1746686048.9405491,1190363641.0
1746686048.9993653,1190647497.0
1746686049.067588,1190931418.0
1746686049.1274567,1191215340.0
1746686049.1994812,1191499392.0
1746686049.2593358,1191783445.0
1746686049.320915,1192067499.0
1746686049.3793914,1192351553.0
1746686049.4515207,1192635769.0
1746686049.5117133,1192919988.0
1746686049.5714645,1193204207.0
1746686049.6314416,1193488428.0
1746686049.6915853,1193772649.0
1746686049.7679744,1194056937.0
1746686049.827782,1194341227.0
1746686049.8983955,1194625712.0
1746686049.95941,1194910198.0
1746686050.01941,1195194685.0
1746686050.079403,1195479173.0
1746686050.139395,1195763662.0
1746686050.1994007,1196048153.0
1746686050.2804642,1196332773.0
1746686050.3393643,1196617393.0
1746686050.39675,1196902014.0
1746686050.453054,1197186636.0
1746686050.5277033,1197471486.0
1746686050.5874572,1197756337.0
1746686050.6475034,1198041190.0
1746686050.7083578,1198326043.0
1746686050.7705681,1198610897.0
1746686050.8316677,1198895754.0
1746686050.8914008,1199180612.0
1746686050.9705448,1199465632.0
1746686051.0314863,1199750653.0
1746686051.0917666,1200035675.0
1746686051.151437,1200320697.0
1746686051.2114108,1200605721.0
1746686051.291643,1200891227.0
1746686051.3513584,1201176734.0
1746686051.4114532,1201462242.0
1746686051.4716284,1201747751.0
1746686051.533406,1202033262.0
1746686051.595544,1202318774.0
1746686051.6554663,1202604287.0
1746686051.7162497,1202889800.0
1746686051.775659,1203175313.0
1746686051.8355696,1203460828.0
1746686051.8956084,1203746345.0
1746686051.9555376,1204031863.0
1746686052.0156078,1204317382.0
1746686052.0756123,1204602902.0
1746686052.1356738,1204888423.0
1746686052.235942,1205174363.0
1746686052.2999487,1205460304.0
1746686052.3595665,1205746245.0
1746686052.4196167,1206032186.0
1746686052.4835584,1206318128.0
1746686052.54343,1206604073.0
1746686052.6034777,1206890020.0
1746686052.6637492,1207175968.0
1746686052.7234416,1207461916.0
1746686052.7834642,1207747864.0
1746686052.8436954,1208033813.0
1746686052.90439,1208319764.0
1746686052.9641492,1208605715.0
1746686053.046525,1208891730.0
1746686053.1020775,1209177745.0
1746686053.169202,1209464048.0
1746686053.2237668,1209750353.0
1746686053.283369,1210036659.0
1746686053.3433156,1210322967.0
1746686053.4004169,1210609275.0
1746686053.459168,1210895584.0
1746686053.5191712,1211181895.0
1746686053.5791163,1211468208.0
1746686053.6350925,1211754521.0
1746686053.705947,1212040899.0
1746686053.7601347,1212327277.0
1746686053.8247297,1212613752.0
1746686053.8823812,1212900229.0
1746686053.9391887,1213186706.0
1746686054.0154877,1213473313.0
1746686054.0753365,1213759920.0
1746686054.1353796,1214046529.0
1746686054.1958969,1214333138.0
1746686054.267493,1214619940.0
1746686054.3261955,1214906744.0
1746686054.3821318,1215193548.0
1746686054.43919,1215480354.0
1746686054.4992309,1215767161.0
1746686054.5592008,1216053970.0
1746686054.6304584,1216341036.0
1746686054.6832542,1216628102.0
1746686054.743395,1216915168.0
1746686054.8033814,1217202235.0
1746686054.8633733,1217489304.0
1746686054.923331,1217776374.0
1746686054.983353,1218063445.0
1746686055.0434098,1218350516.0
1746686055.1129398,1218637654.0
1746686055.167181,1218924792.0
1746686055.2332816,1219212156.0
1746686055.2916017,1219499523.0
1746686055.3529,1219786890.0
1746686055.4114637,1220074259.0
1746686055.4714396,1220361629.0
1746686055.531408,1220649002.0
1746686055.591479,1220936375.0
1746686055.6694815,1221223845.0
1746686055.7314913,1221511315.0
1746686055.7920184,1221798786.0
1746686055.8680313,1222086355.0
1746686055.9274435,1222373924.0
1746686055.9874098,1222661495.0
1746686056.0597765,1222949099.0
1746686056.1248314,1223236769.0
1746686056.1874976,1223524440.0
1746686056.260028,1223812145.0
1746686056.3250303,1224099917.0
1746686056.3876114,1224387690.0
1746686056.4621673,1224675692.0
1746686056.5236034,1224963695.0
1746686056.5835283,1225251702.0
1746686056.64353,1225539710.0
1746686056.7035906,1225827718.0
1746686056.763498,1226115727.0
1746686056.8235881,1226403736.0
1746686056.9078548,1226691812.0
1746686056.9722154,1226979889.0
1746686057.0491912,1227268064.0
1746686057.1116624,1227556239.0
1746686057.1716852,1227844415.0
1746686057.247864,1228132786.0
1746686057.3091264,1228421158.0
1746686057.3716679,1228709532.0
1746686057.431674,1228997907.0
1746686057.4914787,1229286285.0
1746686057.5516322,1229574664.0
1746686057.6344223,1229863272.0
1746686057.6957004,1230151881.0
1746686057.7569797,1230440490.0
1746686057.815568,1230729099.0
1746686057.87569,1231017708.0
1746686057.9355223,1231306320.0
1746686057.9955592,1231594933.0
1746686058.079989,1231883581.0
1746686058.157782,1232172263.0
1746686058.2311306,1232461170.0
1746686058.2917695,1232750079.0
1746686058.352375,1233038989.0
1746686058.4117453,1233327902.0
1746686058.4717255,1233616818.0
1746686058.5317695,1233905737.0
1746686058.591644,1234194657.0
1746686058.6806066,1234483933.0
1746686058.7438734,1234773209.0
1746686058.8021364,1235062485.0
1746686058.8637388,1235351762.0
1746686058.9237466,1235641039.0
1746686058.9844272,1235930321.0
1746686059.0437286,1236219603.0
1746686059.107687,1236508887.0
1746686059.1681547,1236798171.0
1746686059.2316618,1237087455.0
1746686059.2931921,1237376740.0
1746686059.3879204,1237666153.0
1746686059.449191,1237955569.0
1746686059.5116174,1238244987.0
1746686059.573872,1238534408.0
1746686059.652381,1238824119.0
1746686059.7115421,1239113832.0
1746686059.7715597,1239403546.0
1746686059.8315995,1239693260.0
1746686059.89163,1239982975.0
1746686059.9518712,1240272691.0
1746686060.0120454,1240562412.0
1746686060.0724196,1240852133.0
1746686060.132684,1241141855.0
1746686060.2171476,1241431708.0
1746686060.2764752,1241721562.0
1746686060.3356018,1242011416.0
1746686060.395589,1242301270.0
1746686060.4686277,1242591192.0
1746686060.527571,1242881118.0
1746686060.5961037,1243171080.0
1746686060.6665776,1243461203.0
1746686060.727668,1243751328.0
1746686060.7876112,1244041455.0
1746686060.8476644,1244331582.0
1746686060.9076467,1244621710.0
1746686060.9921649,1244912194.0
1746686061.0517025,1245202682.0
1746686061.111839,1245493170.0
1746686061.1718407,1245783659.0
1746686061.2336667,1246074148.0
1746686061.291646,1246364637.0
1746686061.3523085,1246655127.0
1746686061.4116402,1246945617.0
1746686061.471659,1247236108.0
1746686061.531616,1247526604.0
1746686061.5915694,1247817103.0
1746686061.68235,1248107923.0
1746686061.7436724,1248398745.0
1746686061.803633,1248689569.0
1746686061.8636408,1248980393.0
1746686061.9236789,1249271218.0
1746686061.9836724,1249562046.0
1746686062.0517337,1249852878.0
1746686062.1123252,1250143710.0
1746686062.1716428,1250434542.0
1746686062.2316234,1250725374.0
1746686062.3189561,1251016401.0
1746686062.379658,1251307429.0
1746686062.439688,1251598457.0
1746686062.5010185,1251889486.0
1746686062.5595672,1252180519.0
1746686062.619634,1252471555.0
1746686062.6988611,1252762689.0
1746686062.7596846,1253053825.0
1746686062.8201606,1253344963.0
1746686062.8917634,1253636261.0
1746686062.9638526,1253927560.0
1746686063.023689,1254218863.0
1746686063.0837226,1254510170.0
1746686063.1443315,1254801477.0
1746686063.2223077,1255092947.0
1746686063.2796283,1255384417.0
1746686063.339601,1255675889.0
1746686063.3996222,1255967361.0
1746686063.4596288,1256258833.0
1746686063.5389452,1256550468.0
1746686063.599715,1256842106.0
1746686063.6596622,1257133747.0
1746686063.7197018,1257425388.0
1746686063.7796998,1257717031.0
1746686063.8587992,1258008805.0
1746686063.9197724,1258300579.0
1746686063.9797654,1258592354.0
1746686064.0399656,1258884133.0
1746686064.1186767,1259175979.0
1746686064.1796696,1259467825.0
1746686064.2518146,1259759771.0
1746686064.3117437,1260051717.0
1746686064.3716936,1260343665.0
1746686064.439868,1260635647.0
1746686064.5120952,1260927854.0
1746686064.573391,1261220063.0
1746686064.6362755,1261512275.0
1746686064.6957006,1261804488.0
1746686064.7557333,1262096702.0
1746686064.8156044,1262388918.0
1746686064.8756588,1262681136.0
1746686064.9639606,1262973739.0
1746686065.0237696,1263266343.0
1746686065.0838177,1263558951.0
1746686065.1437528,1263851560.0
1746686065.2037578,1264144170.0
1746686065.2637413,1264436784.0
1746686065.3245437,1264729398.0
1746686065.3843327,1265022014.0
1746686065.4448197,1265314631.0
1746686065.5050197,1265607248.0
1746686065.5652044,1265899868.0
1746686065.627821,1266192490.0
1746686065.726471,1266485147.0
1746686065.8006647,1266777934.0
1746686065.8599231,1267070722.0
1746686065.920023,1267363511.0
1746686065.979696,1267656300.0
1746686066.051887,1267949251.0
1746686066.1117194,1268242207.0
1746686066.1716263,1268535165.0
1746686066.2317305,1268828124.0
1746686066.2917519,1269121086.0
1746686066.3711257,1269414146.0
1746686066.4319804,1269707207.0
1746686066.4956076,1270000269.0
1746686066.5678298,1270293524.0
1746686066.627928,1270586782.0
1746686066.6882517,1270880043.0
1746686066.748396,1271173304.0
1746686066.807629,1271466565.0
1746686066.8678298,1271759828.0
1746686066.9679291,1272053828.0
1746686067.0285716,1272347828.0
1746686067.0876193,1272641828.0
1746686067.1475596,1272935832.0
1746686067.2076957,1273229837.0
1746686067.2680426,1273523844.0
1746686067.3290195,1273817853.0
1746686067.388103,1274111862.0
1746686067.4490294,1274405871.0
1746686067.5083895,1274699880.0
1746686067.5687315,1274993889.0
1746686067.6289027,1275287901.0
1746686067.6892242,1275581916.0
1746686067.7515,1275875931.0
1746686067.8141084,1276169947.0
1746686067.875494,1276463965.0
1746686067.942349,1276757984.0
1746686068.0065658,1277052003.0
1746686068.0711617,1277346022.0
1746686068.1348927,1277640043.0
1746686068.1990938,1277934065.0
1746686068.263512,1278228088.0
1746686068.3316507,1278522113.0
1746686068.3995922,1278816139.0
1746686068.4689982,1279110454.0
1746686068.527742,1279404770.0
1746686068.5875335,1279699086.0
1746686068.6489387,1279993403.0
1746686068.7074573,1280287720.0
1746686068.767442,1280582038.0
1746686068.8274086,1280876356.0
1746686068.8874485,1281170676.0
1746686068.9478061,1281464997.0
1746686069.0277197,1281759446.0
1746686069.0874,1282053896.0
1746686069.1473877,1282348348.0
1746686069.207441,1282642801.0
1746686069.2844412,1282937288.0
1746686069.374391,1283232707.0
1746686069.4354284,1283528127.0
1746686069.5019395,1283823547.0
1746686069.5595112,1284118968.0
1746686069.6199994,1284414390.0
1746686069.679448,1284709814.0
1746686069.7394462,1285005240.0
1746686069.799426,1285300667.0
1746686069.8596902,1285596094.0
1746686069.9199715,1285891522.0
1746686069.9803612,1286186951.0
1746686070.0406837,1286482380.0
1746686070.1009526,1286777810.0
1746686070.1612034,1287073242.0
1746686070.2235034,1287368675.0
1746686070.2858047,1287664109.0
1746686070.3474882,1287959546.0
1746686070.41046,1288254983.0
1746686070.4715133,1288550420.0
1746686070.539693,1288845858.0
1746686070.60223,1289141296.0
1746686070.663344,1289436736.0
1746686070.7273102,1289732177.0
1746686070.786721,1290027618.0
1746686070.8469586,1290323059.0
1746686070.911506,1290618501.0
1746686070.9767306,1290913943.0
1746686071.0393465,1291209385.0
1746686071.0993905,1291504827.0
1746686071.1638908,1291800270.0
1746686071.230257,1292095875.0
1746686071.2845728,1292391480.0
1746686071.3470094,1292687088.0
1746686071.4028974,1292982696.0
1746686071.461565,1293278305.0
1746686071.5421886,1293573948.0
1746686071.6201174,1293869658.0
1746686071.6797416,1294165369.0
1746686071.7462285,1294461146.0
1746686071.803227,1294756924.0
1746686071.8787193,1295052832.0
1746686071.9392278,1295348742.0
1746686071.995289,1295644652.0
1746686072.0553882,1295940563.0
1746686072.139617,1296236603.0
1746686072.1994927,1296532645.0
1746686072.2600644,1296828688.0
1746686072.3204248,1297124732.0
1746686072.3915596,1297420845.0
1746686072.451378,1297716959.0
1746686072.520611,1298013203.0
1746686072.582226,1298309448.0
1746686072.6395428,1298605694.0
1746686072.6998882,1298901944.0
1746686072.7756197,1299198483.0
1746686072.835408,1299495024.0
1746686072.895493,1299791566.0
1746686072.9554124,1300088110.0
1746686073.0235834,1300384654.0
1746686073.083855,1300681200.0
1746686073.1516957,1300977746.0
1746686073.212393,1301274294.0
1746686073.2727566,1301570843.0
1746686073.3519652,1301867458.0
1746686073.4114373,1302164076.0
1746686073.4836192,1302460920.0
1746686073.5433948,1302757765.0
1746686073.610441,1303054610.0
1746686073.66768,1303351457.0
1746686073.7290509,1303648308.0
1746686073.788157,1303945160.0
1746686073.8481777,1304242013.0
1746686073.9356902,1304539315.0
1746686073.9953835,1304836619.0
1746686074.0577419,1305133923.0
1746686074.115287,1305431227.0
1746686074.1696806,1305728531.0
1746686074.2297592,1306025838.0
1746686074.2873065,1306323146.0
1746686074.3463168,1306620454.0
1746686074.4074545,1306917765.0
1746686074.4689288,1307215077.0
1746686074.5317721,1307512389.0
1746686074.5917428,1307809701.0
1746686074.6517818,1308107014.0
1746686074.7122304,1308404329.0
1746686074.8107343,1308701743.0
1746686074.8718681,1308999158.0
1746686074.9325223,1309296574.0
1746686074.999718,1309594089.0
1746686075.0594501,1309891604.0
1746686075.1215644,1310189122.0
1746686075.1875398,1310486704.0
1746686075.247496,1310784289.0
1746686075.3189363,1311082101.0
1746686075.3731859,1311379913.0
1746686075.4355288,1311677725.0
1746686075.4953942,1311975539.0
1746686075.5553598,1312273353.0
1746686075.615249,1312571168.0
1746686075.6819024,1312868984.0
1746686075.7583914,1313166835.0
1746686075.826528,1313464752.0
1746686075.880584,1313762669.0
1746686075.9516337,1314060779.0
1746686076.0115166,1314358890.0
1746686076.0715685,1314657002.0
1746686076.131505,1314955117.0
1746686076.191539,1315253232.0
1746686076.2515545,1315551351.0
1746686076.3399208,1315849538.0
1746686076.4009535,1316147725.0
1746686076.4718604,1316446011.0
1746686076.531581,1316744298.0
1746686076.5919213,1317042585.0
1746686076.6677313,1317341131.0
1746686076.7275677,1317639678.0
1746686076.7876017,1317938229.0
1746686076.8476646,1318236781.0
1746686076.9075832,1318535333.0
1746686076.9675698,1318833887.0
1746686077.0344129,1319132442.0
1746686077.0963233,1319430998.0
1746686077.1798892,1319729781.0
1746686077.2395496,1320028564.0
1746686077.2996194,1320327350.0
1746686077.359624,1320626138.0
1746686077.4196448,1320924926.0
1746686077.4796317,1321223716.0
1746686077.5395257,1321522508.0
1746686077.619931,1321821430.0
1746686077.6796336,1322120355.0
1746686077.7397306,1322419280.0
1746686077.7996738,1322718209.0
1746686077.871874,1323017364.0
1746686077.9320018,1323316521.0
1746686077.9915864,1323615679.0
1746686078.0524251,1323914838.0
1746686078.11161,1324213997.0
1746686078.1722672,1324513160.0
1746686078.2314906,1324812323.0
1746686078.3104954,1325111649.0
1746686078.37151,1325410977.0
1746686078.4320407,1325710305.0
1746686078.491457,1326009634.0
1746686078.5514624,1326308964.0
1746686078.6292832,1326608680.0
1746686078.6847649,1326908398.0
1746686078.7436068,1327208116.0
1746686078.8035176,1327507837.0
1746686078.8635697,1327807559.0
1746686078.923513,1328107284.0
1746686078.984591,1328407011.0
1746686079.0435753,1328706738.0
1746686079.1104436,1329006465.0
1746686079.171597,1329306195.0
1746686079.2315137,1329605925.0
1746686079.2915504,1329905658.0
1746686079.3757858,1330205425.0
1746686079.442862,1330505225.0
1746686079.5102816,1330805091.0
1746686079.5674152,1331104957.0
1746686079.6468494,1331405305.0
1746686079.7074199,1331705655.0
1746686079.767368,1332006006.0
1746686079.8279178,1332306361.0
1746686079.8875065,1332606716.0
1746686079.9475017,1332907075.0
1746686080.0074723,1333207435.0
1746686080.0674999,1333507795.0
1746686080.1275492,1333808156.0
1746686080.187472,1334108520.0
1746686080.2475884,1334408884.0
1746686080.3077319,1334709251.0
1746686080.3680348,1335009619.0
1746686080.4283621,1335309987.0
1746686080.4885156,1335610357.0
1746686080.5760894,1335910824.0
1746686080.6353753,1336211291.0
1746686080.6953871,1336511760.0
1746686080.7635062,1336812327.0
1746686080.823363,1337112898.0
1746686080.8834648,1337413471.0
1746686080.9515378,1337714081.0
1746686081.022602,1338014917.0
1746686081.0834498,1338315753.0
1746686081.1434598,1338616590.0
1746686081.204341,1338917430.0
1746686081.2634046,1339218270.0
1746686081.323395,1339519113.0
1746686081.3846087,1339819957.0
1746686081.4676273,1340120897.0
1746686081.5276928,1340421838.0
1746686081.587411,1340722779.0
1746686081.6636803,1341023916.0
1746686081.7343907,1341325152.0
1746686081.7955503,1341626390.0
1746686081.8554919,1341927631.0
1746686081.9156075,1342228874.0
1746686081.975524,1342530124.0
1746686082.0355835,1342831374.0
1746686082.0957866,1343132625.0
1746686082.155566,1343433876.0
1746686082.231798,1343735163.0
1746686082.3025408,1344036580.0
1746686082.3635418,1344338000.0
1746686082.4236436,1344639421.0
1746686082.4836533,1344940842.0
1746686082.558056,1345242394.0
1746686082.6195948,1345543947.0
1746686082.6802547,1345845501.0
1746686082.7402885,1346147056.0
1746686082.8248155,1346448645.0
1746686082.9078119,1346750749.0
1746686082.9677932,1347052855.0
1746686083.02749,1347354966.0
1746686083.0879705,1347657077.0
1746686083.1475554,1347959189.0
1746686083.20754,1348261302.0
1746686083.2675,1348563417.0
1746686083.3274946,1348865533.0
1746686083.3884287,1349167652.0
1746686083.447722,1349469771.0
1746686083.5074227,1349771890.0
1746686083.5674462,1350074010.0
1746686083.627663,1350376131.0
1746686083.6883621,1350678252.0
1746686083.7481868,1350980373.0
1746686083.8083336,1351282496.0
1746686083.9037678,1351584719.0
1746686083.9633822,1351886944.0
1746686084.0234003,1352189173.0
1746686084.0933156,1352491499.0
1746686084.1529803,1352793826.0
1746686084.209174,1353096155.0
1746686084.2795343,1353398519.0
1746686084.3502924,1353701012.0
1746686084.411705,1354003509.0
1746686084.4717517,1354306007.0
1746686084.5314634,1354608505.0
1746686084.6097326,1354911102.0
1746686084.6717246,1355213701.0
1746686084.7318196,1355516300.0
1746686084.8080676,1355818997.0
1746686084.8718822,1356121696.0
1746686084.931823,1356424400.0
1746686085.0040438,1356727171.0
1746686085.0680108,1357029946.0
1746686085.140308,1357332787.0
1746686085.2107704,1357635630.0
1746686085.2841666,1357938539.0
1746686085.348417,1358241451.0
1746686085.4246132,1358544428.0
1746686085.4882908,1358847408.0
1746686085.5624778,1359150485.0
1746686085.6239173,1359453562.0
1746686085.683812,1359756641.0
1746686085.7650158,1360059852.0
1746686085.829722,1360363063.0
1746686085.8936856,1360666275.0
1746686085.957455,1360969487.0
1746686086.0429573,1361273055.0
1746686086.1039543,1361576626.0
1746686086.163692,1361880199.0
1746686086.2246237,1362183772.0
1746686086.2838638,1362487345.0
1746686086.3438632,1362790921.0
1746686086.403965,1363094500.0
1746686086.4643517,1363398079.0
1746686086.5287135,1363701662.0
1746686086.5930083,1364005246.0
1746686086.6572342,1364308831.0
1746686086.7663867,1364612930.0
1746686086.8317301,1364917032.0
1746686086.891758,1365221134.0
1746686086.951846,1365525238.0
1746686087.0121927,1365829342.0
1746686087.0724242,1366133451.0
1746686087.1326997,1366437563.0
1746686087.1957664,1366741676.0
1746686087.2580616,1367045790.0
1746686087.3218925,1367349904.0
1746686087.3862164,1367654021.0
1746686087.45424,1367958141.0
1746686087.522675,1368262261.0
1746686087.5906918,1368566385.0
1746686087.6590147,1368870510.0
1746686087.7266877,1369174635.0
1746686087.8363113,1369478825.0
1746686087.9023705,1369783018.0
1746686087.976704,1370087307.0
1746686088.0398707,1370391597.0
1746686088.09986,1370695887.0
1746686088.1720657,1371000248.0
1746686088.2370937,1371304612.0
1746686088.3160484,1371609265.0
1746686088.379928,1371913919.0
1746686088.4399416,1372218574.0
1746686088.5010219,1372523231.0
1746686088.5638409,1372827890.0
1746686088.625311,1373132550.0
1746686088.6877022,1373437214.0
1746686088.7499754,1373741879.0
1746686088.8116903,1374046544.0
1746686088.8930893,1374351273.0
1746686088.9557118,1374656004.0
1746686089.0358708,1374960961.0
1746686089.0957088,1375265920.0
1746686089.1559665,1375570879.0
1746686089.2156346,1375875843.0
1746686089.2756736,1376180809.0
1746686089.3356946,1376485778.0
1746686089.3956425,1376790748.0
1746686089.4763315,1377095816.0
1746686089.5400343,1377400885.0
1746686089.5996118,1377705955.0
1746686089.6718123,1378011059.0
1746686089.7425737,1378316231.0
1746686089.8037386,1378621405.0
1746686089.8724883,1378926613.0
1746686089.9466467,1379232046.0
1746686090.0082393,1379537481.0
1746686090.0677757,1379842916.0
1746686090.1277857,1380148353.0
1746686090.1922195,1380453791.0
1746686090.256006,1380759235.0
1746686090.3164601,1381064681.0
1746686090.4002469,1381370386.0
1746686090.4606843,1381676091.0
1746686090.519856,1381981796.0
1746686090.5798266,1382287503.0
1746686090.6397622,1382593212.0
1746686090.7004652,1382898923.0
1746686090.7597659,1383204635.0
1746686090.8187842,1383510349.0
1746686090.8999224,1383816193.0
1746686090.9596505,1384122037.0
1746686091.0196633,1384427883.0
1746686091.0796335,1384733730.0
1746686091.1518328,1385039676.0
1746686091.211734,1385345624.0
1746686091.2717383,1385651577.0
1746686091.3438385,1385957597.0
1746686091.4037008,1386263619.0
1746686091.4758892,1386569739.0
1746686091.5357704,1386875860.0
1746686091.5961878,1387181983.0
1746686091.667891,1387488172.0
1746686091.7281182,1387794363.0
1746686091.799893,1388100749.0
1746686091.8597777,1388407137.0
1746686091.9197638,1388713526.0
1746686091.9797802,1389019916.0
1746686092.0401146,1389326308.0
1746686092.0997,1389632701.0
1746686092.1804843,1389939161.0
1746686092.2397287,1390245622.0
1746686092.3120482,1390552154.0
1746686092.372218,1390858688.0
1746686092.4565282,1391165642.0
1746686092.5280051,1391472631.0
1746686092.5882378,1391779620.0
1746686092.6478465,1392086611.0
1746686092.7081594,1392393603.0
1746686092.7678568,1392700598.0
1746686092.8318772,1393007596.0
1746686092.8925922,1393314597.0
1746686092.9518104,1393621598.0
1746686093.0128286,1393928599.0
1746686093.071758,1394235600.0
1746686093.1320963,1394542603.0
1746686093.1927779,1394849607.0
1746686093.252285,1395156612.0
1746686093.3522112,1395463878.0
1746686093.411733,1395771145.0
1746686093.4717734,1396078413.0
1746686093.5317554,1396385684.0
1746686093.59175,1396692955.0
1746686093.6517675,1397000230.0
1746686093.7118487,1397307506.0
1746686093.7731225,1397614786.0
1746686093.859809,1397922098.0
1746686093.9301128,1398229477.0
1746686093.9876447,1398536856.0
1746686094.0560505,1398844269.0
1746686094.126637,1399151780.0
1746686094.1877403,1399459294.0
1746686094.2479775,1399766811.0
1746686094.3340201,1400075065.0
1746686094.395738,1400383322.0
1746686094.4563055,1400691581.0
1746686094.5155904,1400999840.0
1746686094.575649,1401308100.0
1746686094.6355968,1401616361.0
1746686094.6956193,1401924625.0
1746686094.7562683,1402232889.0
1746686094.8179655,1402541155.0
1746686094.875555,1402849423.0
1746686094.9365406,1403157693.0
1746686094.9954822,1403465963.0
1746686095.0555544,1403774233.0
1746686095.1155355,1404082503.0
1746686095.175516,1404390775.0
1746686095.2356536,1404699049.0
1746686095.2960737,1405007323.0
1746686095.3562124,1405315600.0
1746686095.41655,1405623879.0
1746686095.4775004,1405932158.0
1746686095.536981,1406240439.0
1746686095.5993872,1406548720.0
1746686095.661233,1406857004.0
1746686095.7215855,1407165288.0
1746686095.7956238,1407473799.0
1746686095.8556376,1407782312.0
1746686095.9163506,1408090826.0
1746686095.97658,1408399340.0
1746686096.0353785,1408707854.0
1746686096.0953302,1409016369.0
1746686096.155373,1409324886.0
1746686096.229477,1409633502.0
1746686096.2861106,1409942118.0
1746686096.3429189,1410250736.0
1746686096.4223616,1410559645.0
1746686096.4793205,1410868554.0
1746686096.5393534,1411177464.0
1746686096.5993714,1411486375.0
1746686096.6595645,1411795289.0
1746686096.719381,1412104205.0
1746686096.7793891,1412413121.0
1746686096.8393726,1412722038.0
1746686096.8993638,1413030957.0
1746686096.978354,1413340005.0
1746686097.0406682,1413649054.0
1746686097.0982966,1413958104.0
1746686097.1544201,1414267154.0
1746686097.2259195,1414576367.0
1746686097.2822182,1414885581.0
1746686097.343719,1415194797.0
1746686097.403305,1415504013.0
1746686097.4598691,1415813229.0
1746686097.5240123,1416122480.0
1746686097.5885315,1416431797.0
1746686097.6473813,1416741116.0
1746686097.7095995,1417050471.0
1746686097.782333,1417359923.0
1746686097.843574,1417669376.0
1746686097.9036365,1417978832.0
1746686097.9785395,1418288577.0
1746686098.0399635,1418598324.0
1746686098.0996108,1418908073.0
1746686098.1607156,1419217823.0
1746686098.2195768,1419527573.0
1746686098.279575,1419837325.0
1746686098.33953,1420147079.0
1746686098.3995912,1420456834.0
1746686098.4570677,1420766589.0
1746686098.5361326,1421076379.0
1746686098.6066017,1421386234.0
1746686098.6675484,1421696090.0
1746686098.738553,1422006047.0
1746686098.7920308,1422316004.0
1746686098.8519661,1422625963.0
1746686098.9225626,1422936022.0
1746686098.9837568,1423246081.0
1746686099.0436919,1423556144.0
1746686099.1146045,1423866275.0
1746686099.176173,1424176407.0
1746686099.2466102,1424486733.0
1746686099.307797,1424797061.0
1746686099.3676915,1425107390.0
1746686099.4282343,1425417720.0
1746686099.4879375,1425728050.0
1746686099.547649,1426038381.0
1746686099.6226199,1426348746.0
1746686099.6894736,1426659240.0
1746686099.7476728,1426969737.0
1746686099.8078232,1427280234.0
1746686099.8677423,1427590733.0
1746686099.9399326,1427901366.0
1746686100.0001268,1428212000.0
1746686100.0600262,1428522637.0
1746686100.1196578,1428833274.0
1746686100.1958594,1429144265.0
1746686100.2557456,1429455258.0
1746686100.3155775,1429766253.0
1746686100.3730757,1430077248.0
1746686100.4294395,1430388244.0
1746686100.4856505,1430699241.0
1746686100.5459056,1431010241.0
1746686100.603846,1431321242.0
1746686100.6635635,1431632243.0
1746686100.7235641,1431943244.0
1746686100.7835913,1432254245.0
1746686100.8683105,1432565377.0
1746686100.9265623,1432876512.0
1746686100.9875472,1433187648.0
1746686101.0480962,1433498787.0
1746686101.1201003,1433809991.0
1746686101.1782863,1434121196.0
1746686101.2489033,1434432948.0
1746686101.3035483,1434744701.0
1746686101.3640783,1435056454.0
1746686101.423625,1435368208.0
1746686101.4843411,1435679963.0
1746686101.5434253,1435991721.0
1746686101.6035855,1436303479.0
1746686101.6634345,1436615237.0
1746686101.7237546,1436926996.0
1746686101.7810843,1437238755.0
1746686101.8434985,1437550514.0
1746686101.9034786,1437862276.0
1746686101.9634335,1438174039.0
1746686102.0234678,1438485805.0
1746686102.0835023,1438797572.0
1746686102.143723,1439109341.0
1746686102.2037888,1439421111.0
1746686102.2895465,1439732946.0
1746686102.3433611,1440044781.0
1746686102.416669,1440356971.0
1746686102.4742615,1440669162.0
1746686102.531477,1440981357.0
1746686102.5915275,1441293553.0
1746686102.6518,1441605749.0
1746686102.7114666,1441917947.0
1746686102.771484,1442230145.0
1746686102.8321931,1442542344.0
1746686102.8914917,1442854544.0
1746686102.9528384,1443166745.0
1746686103.0121422,1443478946.0
1746686103.095673,1443791212.0
1746686103.1553767,1444103480.0
1746686103.2223575,1444415784.0
1746686103.2966688,1444728472.0
1746686103.3553863,1445041160.0
1746686103.415475,1445353850.0
1746686103.4753554,1445666541.0
1746686103.5354393,1445979237.0
1746686103.5954094,1446291935.0
1746686103.65542,1446604633.0
1746686103.7159796,1446917333.0
1746686103.7754834,1447230033.0
1746686103.8354478,1447542733.0
1746686103.8954763,1447855433.0
1746686103.955506,1448168133.0
1746686104.0397556,1448481155.0
1746686104.100181,1448794178.0
1746686104.158574,1449107202.0
1746686104.21949,1449420227.0
1746686104.2758744,1449733252.0
1746686104.3395293,1450046278.0
1746686104.3995087,1450359306.0
1746686104.4595082,1450672335.0
1746686104.5199296,1450985368.0
1746686104.5793927,1451298402.0
1746686104.654303,1451611469.0
1746686104.720484,1451924667.0
1746686104.7794635,1452237865.0
1746686104.83949,1452551063.0
1746686104.8995411,1452864263.0
1746686104.9715703,1453177593.0
1746686105.0314546,1453490925.0
1746686105.091399,1453804258.0
1746686105.1514509,1454117592.0
1746686105.2241209,1454431024.0
1746686105.2833538,1454744456.0
1746686105.340737,1455057889.0
1746686105.4064658,1455371388.0
1746686105.4597163,1455684888.0
1746686105.5300267,1455998618.0
1746686105.5873656,1456312350.0
1746686105.647441,1456626082.0
1746686105.7075133,1456939817.0
1746686105.7673757,1457253552.0
1746686105.827578,1457567288.0
1746686105.887349,1457881025.0
1746686105.9617689,1458194892.0
1746686106.0163758,1458508760.0
1746686106.075335,1458822629.0
1746686106.1354384,1459136499.0
1746686106.2116299,1459450755.0
1746686106.274529,1459765013.0
1746686106.336356,1460079271.0
1746686106.3954062,1460393529.0
1746686106.4526625,1460707788.0
1746686106.5088844,1461022053.0
1746686106.571423,1461336320.0
1746686106.6313853,1461650587.0
1746686106.6914227,1461964856.0
1746686106.751443,1462279125.0
1746686106.8141387,1462593395.0
1746686106.8713624,1462907666.0
1746686106.9583755,1463222195.0
1746686107.0123825,1463536724.0
1746686107.0714483,1463851254.0
1746686107.1315374,1464165784.0
1746686107.1917791,1464480315.0
1746686107.2513864,1464794848.0
1746686107.317902,1465109382.0
1746686107.3756735,1465423917.0
1746686107.4503746,1465738517.0
1746686107.5114062,1466053121.0
1746686107.5788126,1466367760.0
1746686107.6452599,1466682527.0
1746686107.7033622,1466997295.0
1746686107.763311,1467312064.0
1746686107.8234615,1467626834.0
1746686107.8913217,1467941703.0
1746686107.9514964,1468256574.0
1746686108.011551,1468571446.0
1746686108.0763512,1468886352.0
1746686108.1460798,1469201419.0
1746686108.2036076,1469516488.0
1746686108.2635849,1469831560.0
1746686108.323596,1470146633.0
1746686108.3836284,1470461708.0
1746686108.4536479,1470776818.0
1746686108.5253646,1471091964.0
1746686108.5925422,1471407334.0
1746686108.6502259,1471722704.0
1746686108.706571,1472038075.0
1746686108.767863,1472353448.0
1746686108.8274043,1472668822.0
1746686108.8884041,1472984199.0
1746686108.9473703,1473299577.0
1746686109.0214097,1473615116.0
1746686109.082228,1473930656.0
1746686109.138495,1474246196.0
1746686109.195366,1474561737.0
1746686109.255394,1474877279.0
1746686109.3437421,1475192919.0
1746686109.4038935,1475508560.0
1746686109.4641154,1475824202.0
1746686109.533811,1476140007.0
1746686109.591323,1476455813.0
1746686109.655413,1476771620.0
1746686109.7154317,1477087427.0
1746686109.7754235,1477403236.0
1746686109.8475752,1477719144.0
1746686109.9074762,1478035055.0
1746686109.9673936,1478350968.0
1746686110.044041,1478667202.0
1746686110.1034353,1478983436.0
1746686110.163511,1479299671.0
1746686110.2234864,1479615908.0
1746686110.2835023,1479932146.0
1746686110.3435545,1480248386.0
1746686110.4035947,1480564627.0
1746686110.4635246,1480880870.0
1746686110.5235333,1481197115.0
1746686110.5835185,1481513361.0
1746686110.6638422,1481829737.0
1746686110.7236357,1482146113.0
1746686110.783609,1482462491.0
1746686110.844902,1482778871.0
1746686110.9156942,1483095380.0
1746686110.9755328,1483411892.0
1746686111.0362132,1483728404.0
1746686111.0954921,1484044916.0
1746686111.1665568,1484361622.0
1746686111.2275798,1484678331.0
1746686111.2874162,1484995040.0
1746686111.3475332,1485311751.0
1746686111.4075687,1485628463.0
1746686111.467498,1485945178.0
1746686111.5608208,1486262023.0
1746686111.626366,1486578868.0
1746686111.6911283,1486895714.0
1746686111.7516327,1487212560.0
1746686111.8261168,1487529570.0
1746686111.8876357,1487846582.0
1746686111.9475882,1488163597.0
1746686112.0084813,1488480615.0
1746686112.0675178,1488797633.0
1746686112.1375213,1489114686.0
1746686112.2076092,1489431836.0
1746686112.2679775,1489748988.0
1746686112.3278294,1490066140.0
1746686112.4037085,1490383455.0
1746686112.4634964,1490700772.0
1746686112.524059,1491018093.0
1746686112.5837715,1491335414.0
1746686112.6434622,1491652735.0
1746686112.7178912,1491970251.0
1746686112.7726853,1492287767.0
1746686112.8313878,1492605283.0
1746686112.8914585,1492922801.0
1746686112.9514236,1493240320.0
1746686113.0114968,1493557841.0
1746686113.0916476,1493875491.0
1746686113.1514719,1494193144.0
1746686113.2123408,1494510797.0
1746686113.2713838,1494828451.0
1746686113.3500564,1495146138.0
1746686113.4187727,1495463924.0
1746686113.4797854,1495781712.0
1746686113.53946,1496099502.0
1746686113.6075957,1496417326.0
1746686113.6796668,1496735248.0
1746686113.742524,1497053173.0
1746686113.7998312,1497371098.0
1746686113.870063,1497689055.0
1746686113.9385397,1498007047.0
1746686114.0048265,1498325169.0
1746686114.0623214,1498643292.0
1746686114.1197486,1498961415.0
1746686114.179602,1499279541.0
1746686114.250849,1499597797.0
1746686114.310199,1499916056.0
1746686114.3663025,1500234315.0
1746686114.4234734,1500552575.0
1746686114.4956858,1500870934.0
1746686114.5554411,1501189295.0
1746686114.6195977,1501507657.0
1746686114.6904168,1501826213.0
1746686114.7515755,1502144772.0
1746686114.8115416,1502463332.0
1746686114.8681948,1502781892.0
1746686114.9245734,1503100454.0
1746686114.9840946,1503419019.0
1746686115.0610745,1503737970.0
1746686115.1155214,1504056921.0
1746686115.1755683,1504375876.0
1746686115.2361176,1504694832.0
1746686115.2959528,1505013789.0
1746686115.3554819,1505332746.0
1746686115.4155006,1505651704.0
1746686115.475395,1505970663.0
1746686115.5355012,1506289624.0
1746686115.595509,1506608586.0
1746686115.6554627,1506927549.0
1746686115.7145574,1507246515.0
1746686115.7982213,1507565515.0
1746686115.8612628,1507884612.0
1746686115.9156585,1508203709.0
1746686115.9754827,1508522809.0
1746686116.0439398,1508841976.0
1746686116.107965,1509161144.0
1746686116.1735032,1509480412.0
1746686116.231528,1509799681.0
1746686116.2915854,1510118952.0
1746686116.3668268,1510438514.0
1746686116.427711,1510758077.0
1746686116.4875546,1511077641.0
1746686116.547477,1511397207.0
1746686116.6075635,1511716774.0
1746686116.6675446,1512036343.0
1746686116.7275133,1512355914.0
1746686116.7875292,1512675486.0
1746686116.8475792,1512995058.0
1746686116.929328,1513314664.0
1746686116.9944751,1513634337.0
1746686117.0480042,1513954010.0
1746686117.118395,1514273780.0
1746686117.179584,1514593554.0
1746686117.2398415,1514913329.0
1746686117.310524,1515233299.0
1746686117.3716314,1515553271.0
1746686117.4315362,1515873245.0
1746686117.492006,1516193220.0
1746686117.5514696,1516513196.0
1746686117.611506,1516833174.0
1746686117.7025664,1517153827.0
1746686117.7634513,1517474481.0
1746686117.8235233,1517795135.0
1746686117.8835974,1518115789.0
1746686117.9443462,1518436444.0
1746686118.0034692,1518757101.0
1746686118.0634255,1519077759.0
1746686118.1234825,1519398418.0
1746686118.1834307,1519719079.0
1746686118.243569,1520039741.0
1746686118.303914,1520360406.0
1746686118.3644288,1520681073.0
1746686118.424232,1521001741.0
1746686118.4845097,1521322410.0
1746686118.5454443,1521643081.0
1746686118.60462,1521963753.0
1746686118.6673996,1522284427.0
1746686118.729189,1522605102.0
1746686118.789469,1522925777.0
1746686118.851397,1523246452.0
1746686118.9178953,1523567128.0
1746686118.9821906,1523887807.0
1746686119.0451736,1524208616.0
1746686119.100293,1524529425.0
1746686119.1597154,1524850236.0
1746686119.2168355,1525171047.0
1746686119.2886016,1525492087.0
1746686119.3447697,1525813128.0
1746686119.403592,1526134169.0
1746686119.4640894,1526455210.0
1746686119.5233378,1526776251.0
1746686119.5833046,1527097295.0
1746686119.6433241,1527418340.0
1746686119.7179174,1527739418.0
1746686119.7811306,1528060593.0
1746686119.836072,1528381768.0
1746686119.895338,1528702943.0
1746686119.9663777,1529024250.0
1746686120.0286686,1529345559.0
1746686120.0874515,1529666868.0
1746686120.1485283,1529988177.0
1746686120.2142565,1530309550.0
1746686120.276689,1530630927.0
1746686120.3411915,1530952369.0
1746686120.4025881,1531273812.0
1746686120.4648256,1531595321.0
1746686120.52703,1531916833.0
1746686120.6004066,1532238795.0
1746686120.6581013,1532560759.0
1746686120.7141602,1532882723.0
1746686120.770181,1533204688.0
1746686120.8314261,1533526653.0
1746686120.8914351,1533848619.0
1746686120.9514139,1534170587.0
1746686121.0112693,1534492557.0
1746686121.0714123,1534814528.0
1746686121.1317506,1535136499.0
1746686121.1915648,1535458470.0
1746686121.2514722,1535780443.0
1746686121.311399,1536102417.0
1746686121.3713539,1536424391.0
1746686121.4539783,1536746399.0
1746686121.5315838,1537068699.0
1746686121.5905313,1537391001.0
1746686121.651419,1537713305.0
1746686121.710207,1538035609.0
1746686121.770353,1538357913.0
1746686121.8314767,1538680218.0
1746686121.8914852,1539002524.0
1746686121.9519486,1539324832.0
1746686122.0114245,1539647141.0
1746686122.0917904,1539969548.0
1746686122.1499581,1540291955.0
1746686122.2062228,1540614362.0
1746686122.274093,1540936836.0
1746686122.335824,1541259310.0
1746686122.4041939,1541582041.0
1746686122.4627972,1541904773.0
1746686122.5234895,1542227506.0
1746686122.5826728,1542550241.0
1746686122.6393347,1542872977.0
1746686122.6949644,1543195714.0
1746686122.7553298,1543518453.0
1746686122.8153284,1543841193.0
1746686122.884186,1544163999.0
1746686122.9420593,1544486806.0
1746686123.004247,1544809649.0
1746686123.0722582,1545132846.0
1746686123.1299381,1545456043.0
1746686123.1861026,1545779240.0
1746686123.2421114,1546102438.0
1746686123.298545,1546425638.0
1746686123.3593347,1546748839.0
1746686123.4193904,1547072040.0
1746686123.4793513,1547395242.0
1746686123.539754,1547718446.0
1746686123.599416,1548041651.0
1746686123.6593533,1548364857.0
1746686123.7436497,1548688195.0
1746686123.8033655,1549011534.0
1746686123.863374,1549334874.0
1746686123.9233341,1549658215.0
1746686123.990092,1549981591.0
1746686124.052399,1550305067.0
1746686124.1102593,1550628543.0
1746686124.1675718,1550952020.0
1746686124.2425203,1551275850.0
1746686124.3036318,1551599683.0
1746686124.3635812,1551923519.0
1746686124.4243267,1552247355.0
1746686124.4835622,1552571191.0
1746686124.5435398,1552895030.0
1746686124.6040294,1553218871.0
1746686124.6634395,1553542712.0
1746686124.723489,1553866555.0
1746686124.7839677,1554190399.0
1746686124.8409054,1554514243.0
1746686124.9368317,1554838761.0
1746686124.9957845,1555163280.0
1746686125.0554605,1555487801.0
1746686125.1157525,1555812322.0
1746686125.1754239,1556136843.0
1746686125.2353766,1556461365.0
1746686125.2953963,1556785890.0
1746686125.3558216,1557110418.0
1746686125.4155242,1557434946.0
1746686125.4761572,1557759474.0
1746686125.5356882,1558084002.0
1746686125.595393,1558408530.0
1746686125.6553473,1558733059.0
1746686125.7154577,1559057590.0
1746686125.775289,1559382122.0
1746686125.835377,1559706654.0
1746686125.8956203,1560031186.0
1746686125.9556396,1560355718.0
1746686126.0158648,1560680253.0
1746686126.0763254,1561004788.0
1746686126.1405299,1561329323.0
1746686126.2357142,1561653924.0
1746686126.294113,1561978527.0
1746686126.357551,1562303166.0
1746686126.4244952,1562628062.0
1746686126.484006,1562952958.0
1746686126.543415,1563277857.0
1746686126.6034834,1563602756.0
1746686126.663428,1563927656.0
1746686126.7234573,1564252559.0
1746686126.7834017,1564577463.0
1746686126.8434558,1564902367.0
1746686126.9177299,1565227464.0
1746686126.971429,1565552562.0
1746686127.0314138,1565877662.0
1746686127.0957098,1566202762.0
1746686127.155439,1566527862.0
1746686127.2154286,1566852963.0
1746686127.2876039,1567178227.0
1746686127.347427,1567503494.0
1746686127.4080207,1567828761.0
1746686127.46734,1568154028.0
1746686127.5273867,1568479297.0
1746686127.5995798,1568804729.0
1746686127.6593723,1569130162.0
1746686127.7195096,1569455598.0
1746686127.779346,1569781034.0
1746686127.8394885,1570106470.0
1746686127.9082844,1570431941.0
1746686127.972899,1570757540.0
1746686128.0316591,1571083140.0
1746686128.0914006,1571408740.0
1746686128.1513517,1571734340.0
1746686128.2193575,1572060039.0
1746686128.2793856,1572385741.0
1746686128.3393993,1572711444.0
1746686128.4102173,1573037276.0
1746686128.467278,1573363108.0
1746686128.527317,1573688945.0
1746686128.5873122,1574014783.0
1746686128.6634204,1574340750.0
1746686128.723654,1574666720.0
1746686128.7833362,1574992690.0
1746686128.8483155,1575318660.0
1746686128.9194427,1575644696.0
1746686128.979333,1575970734.0
1746686129.0459695,1576296902.0
1746686129.0997496,1576623070.0
1746686129.1593554,1576949238.0
1746686129.219387,1577275411.0
1746686129.2916114,1577601620.0
1746686129.357786,1577928023.0
1746686129.4128244,1578254426.0
1746686129.471528,1578580829.0
1746686129.5316327,1578907236.0
1746686129.5933108,1579233645.0
1746686129.651673,1579560054.0
1746686129.7258215,1579886498.0
1746686129.8077443,1580213488.0
1746686129.8676713,1580540478.0
1746686129.9276674,1580867470.0
1746686129.9876544,1581194464.0
1746686130.0476477,1581521460.0
1746686130.1085486,1581848458.0
1746686130.16795,1582175456.0
1746686130.2276194,1582502456.0
1746686130.2875493,1582829459.0
1746686130.3480315,1583156463.0
1746686130.4074585,1583483467.0
1746686130.470401,1583810471.0
1746686130.531448,1584137476.0
1746686130.591645,1584464483.0
1746686130.6519835,1584791491.0
1746686130.712356,1585118500.0
1746686130.7722957,1585445509.0
1746686130.865328,1585772743.0
1746686130.9235346,1586099979.0
1746686130.9835925,1586427217.0
1746686131.044196,1586754457.0
1746686131.1035178,1587081698.0
1746686131.1635325,1587408940.0
1746686131.2235734,1587736186.0
1746686131.3081822,1588063502.0
1746686131.3675067,1588390818.0
1746686131.4300282,1588718199.0
1746686131.4843438,1589045580.0
1746686131.5544848,1589373060.0
1746686131.615643,1589700544.0
1746686131.675662,1590028029.0
1746686131.7468915,1590355741.0
1746686131.8035917,1590683453.0
1746686131.8606846,1591011165.0
1746686131.9169626,1591338878.0
1746686131.9756236,1591666592.0
1746686132.0357008,1591994309.0
1746686132.0956528,1592322028.0
1746686132.184026,1592650166.0
1746686132.2437634,1592978308.0
1746686132.303803,1593306453.0
1746686132.3639987,1593634599.0
1746686132.4237447,1593962745.0
1746686132.483896,1594290892.0
1746686132.543751,1594619040.0
1746686132.6036863,1594947192.0
1746686132.6636844,1595275345.0
1746686132.723708,1595603500.0
1746686132.783753,1595931655.0
1746686132.844042,1596259811.0
1746686132.9043577,1596587968.0
1746686132.9983878,1596916159.0
1746686133.0665474,1597244418.0
1746686133.1277165,1597572678.0
1746686133.1999943,1597901037.0
1746686133.259817,1598229399.0
1746686133.3198316,1598557765.0
1746686133.3920627,1598886198.0
1746686133.4518933,1599214631.0
1746686133.5241225,1599543134.0
1746686133.5839264,1599871639.0
1746686133.6572592,1600200213.0
1746686133.716566,1600528788.0
1746686133.7880678,1600857428.0
1746686133.847886,1601186070.0
1746686133.9200878,1601514746.0
1746686134.0108867,1601843457.0
1746686134.0847762,1602172202.0
1746686134.1563141,1602500983.0
1746686134.2321274,1602829958.0
1746686134.2920825,1603158935.0
1746686134.3519158,1603487914.0
1746686134.4120095,1603816897.0
1746686134.4729204,1604145883.0
1746686134.5320814,1604474869.0
1746686134.6123421,1604804020.0
1746686134.6719158,1605133173.0
1746686134.7319465,1605462329.0
1746686134.7921295,1605791486.0
1746686134.8520494,1606120643.0
1746686134.9371777,1606449900.0
1746686134.9964747,1606779157.0
1746686135.0562198,1607108415.0
1746686135.1282911,1607437770.0
1746686135.1878297,1607767128.0
1746686135.2478604,1608096488.0
1746686135.3269165,1608425883.0
1746686135.3970149,1608755346.0
1746686135.458589,1609084813.0
1746686135.5361,1609414509.0
1746686135.59651,1609744206.0
1746686135.6558971,1610073907.0
1746686135.7161493,1610403611.0
1746686135.776395,1610733315.0
1746686135.8367326,1611063021.0
1746686135.8981273,1611392728.0
1746686135.9841866,1611722502.0
1746686136.044144,1612052276.0
1746686136.1141102,1612382083.0
1746686136.1921475,1612712211.0
1746686136.2519124,1613042343.0
1746686136.3121963,1613372478.0
1746686136.3718157,1613702614.0
1746686136.4321027,1614032754.0
1746686136.4924488,1614362899.0
1746686136.5528789,1614693047.0
1746686136.6131637,1615023196.0
1746686136.6759462,1615353348.0
1746686136.7377858,1615683503.0
1746686136.8406818,1616013755.0
1746686136.9065802,1616344009.0
1746686136.9717474,1616674263.0
1746686137.0463428,1617004649.0
1746686137.1078062,1617335035.0
1746686137.1683865,1617665421.0
1746686137.229119,1617995807.0
1746686137.3086107,1618326259.0
1746686137.36772,1618656714.0
1746686137.438229,1618987236.0
1746686137.5001388,1619317759.0
1746686137.5719337,1619648383.0
1746686137.6317537,1619979011.0
1746686137.6920972,1620309640.0
1746686137.7679336,1620640625.0
1746686137.8281314,1620971612.0
1746686137.8877144,1621302599.0
1746686137.9477112,1621633588.0
1746686138.0077934,1621964577.0
1746686138.0677247,1622295568.0
1746686138.1280658,1622626559.0
1746686138.1883638,1622957551.0
1746686138.2487555,1623288543.0
1746686138.310456,1623619538.0
1746686138.3721695,1623950536.0
1746686138.4601202,1624281632.0
1746686138.5214462,1624612730.0
1746686138.5837235,1624943831.0
1746686138.6771114,1625274968.0
1746686138.7601583,1625606233.0
1746686138.8275397,1625937503.0
1746686138.895028,1626268773.0
1746686138.9639556,1626600044.0
1746686139.0453565,1626931670.0
1746686139.1078472,1627263297.0
1746686139.1696975,1627594926.0
1746686139.2277272,1627926555.0
1746686139.2876477,1628258184.0
1746686139.3477955,1628589813.0
1746686139.4081538,1628921442.0
1746686139.4684882,1629253074.0
1746686139.532272,1629584706.0
1746686139.5930026,1629916339.0
1746686139.6572814,1630247975.0
1746686139.7484784,1630579679.0
1746686139.811555,1630911383.0
1746686139.8879294,1631243316.0
1746686139.9476924,1631575250.0
1746686140.0077703,1631907184.0
1746686140.067779,1632239120.0
1746686140.1277406,1632571057.0
1746686140.1877356,1632902997.0
1746686140.2482543,1633234937.0
1746686140.3302608,1633567006.0
1746686140.3926497,1633899075.0
1746686140.4557734,1634231145.0
1746686140.5156868,1634563218.0
1746686140.5918937,1634895357.0
1746686140.6515632,1635227499.0
1746686140.723733,1635559708.0
1746686140.784234,1635891920.0
1746686140.8604403,1636224325.0
1746686140.923813,1636556735.0
1746686140.9841213,1636889146.0
1746686141.0437155,1637221557.0
1746686141.1037488,1637553970.0
1746686141.1644423,1637886384.0
1746686141.2442667,1638218864.0
1746686141.3036122,1638551344.0
1746686141.37451,1638883920.0
1746686141.4357488,1639216497.0
1746686141.4957085,1639549075.0
1746686141.5679183,1639881785.0
1746686141.6277697,1640214495.0
1746686141.687747,1640547209.0
1746686141.747734,1640879925.0
1746686141.821115,1641212708.0
1746686141.8795927,1641545491.0
1746686141.9511735,1641878312.0
1746686142.0237567,1642211166.0
1746686142.094563,1642544118.0
1746686142.1556423,1642877072.0
1746686142.2156074,1643210027.0
1746686142.2891638,1643543082.0
1746686142.3518202,1643876138.0
1746686142.4157643,1644209195.0
1746686142.500025,1644542766.0
1746686142.5596435,1644876337.0
1746686142.619654,1645209912.0
1746686142.6798596,1645543487.0
1746686142.7407212,1645877066.0
1746686142.806634,1646210647.0
1746686142.867848,1646544230.0
1746686142.9281757,1646877814.0
1746686142.989201,1647211401.0
1746686143.0510874,1647544988.0
1746686143.1116667,1647878575.0
1746686143.171702,1648212162.0
1746686143.23165,1648545750.0
1746686143.2918124,1648879341.0
1746686143.352111,1649212933.0
1746686143.4129384,1649546526.0
1746686143.5081687,1649880151.0
1746686143.5841243,1650213905.0
1746686143.643589,1650547662.0
1746686143.7037325,1650881419.0
1746686143.7650697,1651215179.0
1746686143.83562,1651549069.0
1746686143.895782,1651882961.0
1746686143.9555225,1652216853.0
1746686144.015435,1652550747.0
1746686144.0963368,1652885026.0
1746686144.1554475,1653219305.0
1746686144.2154994,1653553586.0
1746686144.275538,1653887867.0
1746686144.3355005,1654222150.0
1746686144.3954632,1654556435.0
1746686144.4553828,1654890721.0
1746686144.5154946,1655225007.0
1746686144.5824053,1655559293.0
1746686144.6507082,1655893582.0
1746686144.7076368,1656227871.0
1746686144.7679882,1656562163.0
1746686144.8547034,1656896587.0
1746686144.925211,1657231238.0
1746686144.9834726,1657565890.0
1746686145.0435207,1657900544.0
1746686145.1035411,1658235198.0
1746686145.1635458,1658569854.0
1746686145.2235844,1658904512.0
1746686145.2841828,1659239170.0
1746686145.3439467,1659573829.0
1746686145.403456,1659908489.0
1746686145.4634137,1660243150.0
1746686145.543794,1660577908.0
1746686145.6035008,1660912666.0
1746686145.6634934,1661247428.0
1746686145.7472503,1661582287.0
1746686145.8074772,1661917148.0
1746686145.8678381,1662252013.0
1746686145.9385135,1662587040.0
1746686145.9957752,1662922067.0
1746686146.0554585,1663257095.0
1746686146.1155262,1663592123.0
1746686146.1755424,1663927153.0
1746686146.2436416,1664262251.0
1746686146.303889,1664597349.0
1746686146.3741336,1664932544.0
1746686146.4360101,1665267741.0
1746686146.4955368,1665602938.0
1746686146.564728,1665938202.0
1746686146.6208043,1666273466.0
1746686146.6916034,1666608768.0
1746686146.7566872,1666944261.0
1746686146.8121252,1667279755.0
1746686146.8762183,1667615254.0
1746686146.9355054,1667950753.0
1746686146.9954674,1668286253.0
1746686147.0554743,1668621755.0
1746686147.1345754,1668957323.0
1746686147.1955874,1669292892.0
1746686147.2663045,1669628561.0
1746686147.3236232,1669964230.0
1746686147.3835924,1670299900.0
1746686147.4546204,1670635671.0
1746686147.5116324,1670971442.0
1746686147.5716925,1671307215.0
1746686147.647877,1671643021.0
1746686147.7186687,1671978897.0
1746686147.7798543,1672314774.0
1746686147.8484533,1672650718.0
1746686147.9056635,1672986667.0
1746686147.9730139,1673322683.0
1746686148.031837,1673658702.0
1746686148.1041856,1673994788.0
1746686148.1644857,1674330875.0
1746686148.2339675,1674666995.0
1746686148.302898,1675003182.0
1746686148.36404,1675339369.0
1746686148.444281,1675676007.0
1746686148.5046897,1676012649.0
1746686148.5663471,1676349291.0
1746686148.6238556,1676685933.0
1746686148.6838808,1677022575.0
1746686148.7438655,1677359220.0
1746686148.8048222,1677695866.0
1746686148.8638499,1678032512.0
1746686148.9236608,1678369162.0
1746686148.983767,1678705814.0
1746686149.044376,1679042469.0
1746686149.1038983,1679379124.0
1746686149.1636474,1679715779.0
1746686149.223569,1680052434.0
1746686149.3355522,1680389860.0
1746686149.3955798,1680727286.0
1746686149.455713,1681064713.0
1746686149.5158553,1681402143.0
1746686149.579718,1681739573.0
1746686149.639569,1682077005.0
1746686149.6999621,1682414437.0
1746686149.7596307,1682751871.0
1746686149.8198972,1683089306.0
1746686149.87955,1683426741.0
1746686149.9395275,1683764179.0
1746686150.0000436,1684101618.0
1746686150.0597408,1684439058.0
1746686150.1194358,1684776498.0
1746686150.1798394,1685113938.0
1746686150.2395384,1685451378.0
1746686150.2999778,1685788820.0
1746686150.359428,1686126262.0
1746686150.4195094,1686463705.0
1746686150.4798212,1686801149.0
1746686150.5400655,1687138594.0
1746686150.6005363,1687476041.0
1746686150.6608627,1687813488.0
1746686150.7213914,1688150937.0
1746686150.7834468,1688488386.0
1746686150.8474565,1688825964.0
1746686150.9063435,1689163543.0
1746686150.9634285,1689501123.0
1746686151.0237215,1689838705.0
1746686151.0948644,1690176512.0
1746686151.1506314,1690514320.0
1746686151.2069466,1690852129.0
1746686151.267846,1691189939.0
1746686151.3285942,1691527749.0
1746686151.387182,1691865559.0
1746686151.443072,1692203369.0
1746686151.511115,1692541309.0
1746686151.5711293,1692879251.0
1746686151.6261227,1693217193.0
1746686151.6862776,1693555137.0
1746686151.757754,1693893371.0
1746686151.8182878,1694231606.0
1746686151.8744123,1694569841.0
1746686151.9313424,1694908076.0
1746686151.991433,1695246311.0
1746686152.0514114,1695584548.0
1746686152.1114016,1695922787.0
1746686152.171412,1696261027.0
1746686152.2314107,1696599268.0
1746686152.3018844,1696937542.0
1746686152.3678696,1697276075.0
1746686152.4274173,1697614608.0
1746686152.4869957,1697953142.0
1746686152.5473385,1698291677.0
1746686152.6077256,1698630213.0
1746686152.6670933,1698968751.0
1746686152.7274551,1699307290.0
1746686152.7871094,1699645830.0
1746686152.875496,1699984467.0
1746686152.9355993,1700323104.0
1746686152.9958959,1700661741.0
1746686153.065973,1701000476.0
1746686153.123309,1701339212.0
1746686153.1833832,1701677950.0
1746686153.262036,1702017138.0
1746686153.3197277,1702356326.0
1746686153.3792884,1702695517.0
1746686153.4393876,1703034708.0
1746686153.497159,1703373900.0
1746686153.5534513,1703713095.0
1746686153.6153882,1704052291.0
1746686153.6753085,1704391489.0
1746686153.7353537,1704730688.0
1746686153.7953048,1705069888.0
1746686153.8512695,1705409088.0
1746686153.9113078,1705748288.0
1746686153.9713318,1706087488.0
1746686154.032082,1706426689.0
1746686154.1157353,1706766116.0
1746686154.1753757,1707105545.0
1746686154.2354703,1707444975.0
1746686154.2954092,1707784405.0
1746686154.3554192,1708123838.0
1746686154.4171834,1708463272.0
1746686154.47538,1708802706.0
1746686154.544862,1709142176.0
1746686154.6096647,1709481712.0
1746686154.663692,1709821250.0
1746686154.7344222,1710160854.0
1746686154.7926505,1710500459.0
1746686154.867631,1710840132.0
1746686154.927493,1711179807.0
1746686154.9952831,1711519548.0
1746686155.0554993,1711859289.0
1746686155.127038,1712199159.0
1746686155.188844,1712539033.0
1746686155.247448,1712878907.0
1746686155.3074844,1713218781.0
1746686155.3797348,1713558913.0
1746686155.4395728,1713899047.0
1746686155.499513,1714239181.0
1746686155.559393,1714579318.0
1746686155.6195333,1714919456.0
1746686155.6794791,1715259597.0
1746686155.7395098,1715599739.0
1746686155.8006191,1715939882.0
1746686155.8785083,1716280122.0
1746686155.9394064,1716620364.0
1746686156.0000982,1716960606.0
1746686156.0699668,1717300978.0
1746686156.1266325,1717641350.0
1746686156.1841931,1717981727.0
1746686156.2434232,1718322104.0
1746686156.3270419,1718662770.0
1746686156.3862233,1719003437.0
1746686156.442209,1719344106.0
1746686156.5034382,1719684775.0
1746686156.563858,1720025446.0
1746686156.6234524,1720366118.0
1746686156.6834233,1720706793.0
1746686156.7406192,1721047468.0
1746686156.7965333,1721388143.0
1746686156.8749783,1721728884.0
1746686156.9343069,1722069626.0
1746686156.9974146,1722410433.0
1746686157.052274,1722751241.0
1746686157.1166646,1723092272.0
1746686157.1713467,1723433309.0
1746686157.2310474,1723774346.0
1746686157.2867699,1724115384.0
1746686157.347373,1724456424.0
1746686157.4073017,1724797467.0
1746686157.4673977,1725138510.0
1746686157.5412085,1725479715.0
1746686157.5978198,1725820920.0
1746686157.6541622,1726162126.0
1746686157.7102177,1726503332.0
1746686157.7662258,1726844538.0
1746686157.8395183,1727185907.0
1746686157.8984346,1727527278.0
1746686157.9541855,1727868649.0
1746686158.0101993,1728210020.0
1746686158.0673194,1728551391.0
1746686158.1505134,1728892835.0
1746686158.2073512,1729234279.0
1746686158.2695627,1729575758.0
1746686158.3370717,1729917463.0
1746686158.3920991,1730259171.0
1746686158.4513466,1730600879.0
1746686158.5114381,1730942588.0
1746686158.5713995,1731284299.0
1746686158.631377,1731626012.0
1746686158.6914606,1731967725.0
1746686158.7755582,1732309727.0
1746686158.834105,1732651729.0
1746686158.8914115,1732993731.0
1746686158.9514925,1733335733.0
1746686159.0114324,1733677735.0
1746686159.072155,1734019738.0
1746686159.131458,1734361745.0
1746686159.1914513,1734703752.0
1746686159.2514563,1735045761.0
1746686159.331656,1735387836.0
1746686159.3902717,1735729913.0
1746686159.4568758,1736072152.0
1746686159.5142965,1736414392.0
1746686159.5702868,1736756634.0
1746686159.6233702,1737098879.0
1746686159.6834404,1737441124.0
1746686159.7597466,1737783596.0
1746686159.8183916,1738126069.0
1746686159.8798032,1738468543.0
1746686159.939479,1738811017.0
1746686159.999479,1739153491.0
1746686160.0595448,1739495968.0
1746686160.1171947,1739838449.0
1746686160.1886387,1740180962.0
1746686160.2647028,1740524118.0
1746686160.3193872,1740867274.0
1746686160.379461,1741210431.0
1746686160.4394896,1741553589.0
1746686160.4994876,1741896749.0
1746686160.5594451,1742239912.0
1746686160.619438,1742583078.0
1746686160.6797986,1742926244.0
1746686160.7399213,1743269410.0
1746686160.8000574,1743612576.0
1746686160.8594897,1743955742.0
1746686160.9194674,1744298908.0
1746686160.9800365,1744642074.0
1746686161.0393949,1744985242.0
1746686161.0994413,1745328412.0
1746686161.1600363,1745671582.0
1746686161.219623,1746014752.0
1746686161.279409,1746357922.0
1746686161.3393905,1746701093.0
1746686161.3992906,1747044265.0
1746686161.4905841,1747387504.0
1746686161.550173,1747730745.0
1746686161.616571,1748074181.0
1746686161.6755552,1748417617.0
1746686161.7354271,1748761053.0
1746686161.7907908,1749104489.0
1746686161.843083,1749447925.0
1746686161.9032218,1749791362.0
1746686161.970805,1750134832.0
1746686162.0393221,1750478593.0
1746686162.0977905,1750822355.0
1746686162.1541848,1751166117.0
1746686162.210177,1751509880.0
1746686162.263284,1751853644.0
1746686162.3233664,1752197409.0
1746686162.3833275,1752541175.0
1746686162.4436154,1752884943.0
1746686162.5033598,1753228712.0
1746686162.5761087,1753572644.0
1746686162.6342492,1753916576.0
1746686162.690243,1754260509.0
1746686162.7503588,1754604443.0
1746686162.807233,1754948377.0
1746686162.8746862,1755292378.0
1746686162.9273407,1755636379.0
1746686162.9882507,1755980415.0
1746686163.056084,1756324805.0
1746686163.1148434,1756669195.0
1746686163.1702282,1757013585.0
1746686163.2305746,1757357975.0
1746686163.2914424,1757702367.0
1746686163.3517253,1758046760.0
1746686163.4118083,1758391154.0
1746686163.4711578,1758735549.0
1746686163.5311134,1759079945.0
1746686163.5877886,1759424341.0
1746686163.647096,1759768737.0
1746686163.7274802,1760113262.0
1746686163.7871346,1760457787.0
1746686163.8424065,1760802314.0
1746686163.8950841,1761146841.0
1746686163.9575417,1761491434.0
1746686164.0113096,1761836029.0
1746686164.0764964,1762180753.0
1746686164.135385,1762525478.0
1746686164.195065,1762870204.0
1746686164.255383,1763214932.0
1746686164.327656,1763559695.0
1746686164.4123492,1763905390.0
1746686164.4702022,1764251086.0
1746686164.526243,1764596783.0
1746686164.5865777,1764942480.0
1746686164.6473627,1765288179.0
1746686164.7074223,1765633881.0
1746686164.7674737,1765979583.0
1746686164.8275797,1766325287.0
1746686164.8875284,1766670991.0
1746686164.9474795,1767016695.0
1746686165.0074086,1767362401.0
1746686165.0674794,1767708107.0
1746686165.1274767,1768053814.0
1746686165.1875298,1768399522.0
1746686165.2475612,1768745232.0
1746686165.307519,1769090943.0
1746686165.36751,1769436656.0
1746686165.4283102,1769782370.0
1746686165.4876294,1770128084.0
1746686165.5479186,1770473798.0
1746686165.6082165,1770819514.0
1746686165.6685145,1771165233.0
1746686165.729105,1771510952.0
1746686165.7889576,1771856672.0
1746686165.8513482,1772202392.0
1746686165.913819,1772548112.0
1746686165.9779334,1772893834.0
1746686166.0422711,1773239556.0
1746686166.1063516,1773585279.0
1746686166.171007,1773931003.0
1746686166.2336087,1774276794.0
1746686166.28771,1774622586.0
1746686166.3579252,1774968414.0
1746686166.4355018,1775314307.0
1746686166.495886,1775660201.0
1746686166.5628898,1776006161.0
1746686166.6242135,1776352122.0
1746686166.69431,1776698184.0
1746686166.7512696,1777044246.0
1746686166.8080492,1777390310.0
1746686166.882314,1777736664.0
1746686166.940667,1778083018.0
1746686166.9995055,1778429373.0
1746686167.0593667,1778775728.0
1746686167.1193974,1779122083.0
1746686167.1793754,1779468438.0
1746686167.2393453,1779814795.0
1746686167.2995973,1780161153.0
1746686167.3593254,1780507511.0
1746686167.4386508,1780853966.0
1746686167.495281,1781200421.0
1746686167.5553718,1781546877.0
1746686167.6261866,1781893369.0
1746686167.6890898,1782239897.0
1746686167.7537086,1782586652.0
1746686167.816208,1782933473.0
1746686167.8755958,1783280295.0
