request_execution_plus_preemption_time,cdf
1.4550364017486572,0.00024108003857280618
1.4731664657592773,0.00048216007714561236
1.5076003074645996,0.0007232401157184186
1.6216559410095215,0.0009643201542912247
1.6240735054016113,0.0012054001928640309
1.6241796016693115,0.0014464802314368371
1.6243958473205566,0.0016875602700096432
1.6536495685577393,0.0019286403085824494
1.6613349914550781,0.0021697203471552555
1.6678431034088135,0.0024108003857280617
1.6719820499420166,0.002651880424300868
1.711461067199707,0.0028929604628736743
1.7154314517974854,0.00313404050144648
1.717501163482666,0.0033751205400192863
1.7314677238464355,0.0036162005785920926
1.7340672016143799,0.003857280617164899
1.7608273029327393,0.004098360655737705
1.7639186382293701,0.004339440694310511
1.7647337913513184,0.004580520732883318
1.7928495407104492,0.0048216007714561235
1.798888921737671,0.005062680810028929
1.7994964122772217,0.005303760848601736
1.8034603595733643,0.005544840887174542
1.824751615524292,0.0057859209257473485
1.8271152973175049,0.006027000964320154
1.8506052494049072,0.00626808100289296
1.8711819648742676,0.006509161041465767
1.8740153312683105,0.006750241080038573
1.8786036968231201,0.006991321118611379
1.8876008987426758,0.007232401157184185
1.894317865371704,0.007473481195756991
1.900031328201294,0.007714561234329798
1.9015157222747803,0.007955641272902604
1.9314439296722412,0.00819672131147541
1.9360816478729248,0.008437801350048216
1.940338134765625,0.008678881388621022
1.9415175914764404,0.008919961427193828
1.9568357467651367,0.009161041465766635
1.957125186920166,0.009402121504339441
1.9578351974487305,0.009643201542912247
1.9662504196166992,0.009884281581485053
1.9702303409576416,0.010125361620057859
1.976625680923462,0.010366441658630666
1.9827587604522705,0.010607521697203472
1.982790470123291,0.010848601735776278
1.9835455417633057,0.011089681774349084
1.9850552082061768,0.01133076181292189
1.9889130592346191,0.011571841851494697
1.9946446418762207,0.011812921890067503
1.996645212173462,0.012054001928640309
1.9990811347961426,0.012295081967213115
2.00120210647583,0.01253616200578592
2.0042965412139893,0.012777242044358728
2.0134365558624268,0.013018322082931534
2.014940023422241,0.01325940212150434
2.0218002796173096,0.013500482160077145
2.0241167545318604,0.013741562198649951
2.039375066757202,0.013982642237222759
2.0447916984558105,0.014223722275795565
2.046175003051758,0.01446480231436837
2.0473246574401855,0.014705882352941176
2.0492208003997803,0.014946962391513982
2.049896240234375,0.01518804243008679
2.050645589828491,0.015429122468659595
2.050907850265503,0.0156702025072324
2.057600736618042,0.01591128254580521
2.057891368865967,0.016152362584378015
2.0592265129089355,0.01639344262295082
2.0594687461853027,0.016634522661523626
2.060659885406494,0.016875602700096432
2.0650954246520996,0.017116682738669238
2.065478801727295,0.017357762777242044
2.0710530281066895,0.01759884281581485
2.072993278503418,0.017839922854387655
2.073173761367798,0.01808100289296046
2.0768356323242188,0.01832208293153327
2.0773322582244873,0.018563162970106076
2.0820181369781494,0.018804243008678882
2.085770845413208,0.019045323047251688
2.091542959213257,0.019286403085824494
2.092867612838745,0.0195274831243973
2.0944583415985107,0.019768563162970106
2.0973708629608154,0.02000964320154291
2.097581386566162,0.020250723240115717
2.0981013774871826,0.020491803278688523
2.098531723022461,0.020732883317261332
2.1098368167877197,0.020973963355834138
2.1103789806365967,0.021215043394406944
2.110546350479126,0.02145612343297975
2.1107189655303955,0.021697203471552556
2.1139914989471436,0.02193828351012536
2.114008903503418,0.022179363548698167
2.1215643882751465,0.022420443587270973
2.1232433319091797,0.02266152362584378
2.124964952468872,0.022902603664416585
2.125915288925171,0.023143683702989394
2.127521514892578,0.0233847637415622
2.1433377265930176,0.023625843780135006
2.1447949409484863,0.02386692381870781
2.146256446838379,0.024108003857280617
2.1463613510131836,0.024349083895853423
2.1496269702911377,0.02459016393442623
2.1551730632781982,0.024831243972999035
2.155198812484741,0.02507232401157184
2.1595096588134766,0.025313404050144647
2.1698577404022217,0.025554484088717456
2.1699106693267822,0.02579556412729026
2.1700479984283447,0.026036644165863067
2.170941114425659,0.026277724204435873
2.1751532554626465,0.02651880424300868
2.176938533782959,0.026759884281581485
2.180215835571289,0.02700096432015429
2.189013957977295,0.027242044358727097
2.1906564235687256,0.027483124397299902
2.19380784034729,0.02772420443587271
2.195596694946289,0.027965284474445518
2.2011754512786865,0.028206364513018323
2.203068494796753,0.02844744455159113
2.204188823699951,0.028688524590163935
2.2049014568328857,0.02892960462873674
2.207188844680786,0.029170684667309547
2.2136058807373047,0.029411764705882353
2.214406967163086,0.02965284474445516
2.215482234954834,0.029893924783027964
2.2155447006225586,0.03013500482160077
2.2170329093933105,0.03037608486017358
2.218069314956665,0.030617164898746385
2.2220423221588135,0.03085824493731919
2.2224245071411133,0.031099324975891997
2.2251639366149902,0.0313404050144648
2.226457118988037,0.03158148505303761
2.228238105773926,0.03182256509161042
2.229836940765381,0.03206364513018322
2.2396929264068604,0.03230472516875603
2.2403173446655273,0.03254580520732883
2.2410459518432617,0.03278688524590164
2.2415850162506104,0.03302796528447444
2.2449684143066406,0.03326904532304725
2.248967170715332,0.033510125361620055
2.254202365875244,0.033751205400192864
2.2638447284698486,0.033992285438765674
2.2679691314697266,0.034233365477338476
2.2689058780670166,0.034474445515911285
2.2737958431243896,0.03471552555448409
2.282006025314331,0.0349566055930569
2.2865734100341797,0.0351976856316297
2.2897350788116455,0.03543876567020251
2.2943732738494873,0.03567984570877531
2.296703577041626,0.03592092574734812
2.301084518432617,0.03616200578592092
2.301201343536377,0.03640308582449373
2.307154417037964,0.03664416586306654
2.3138411045074463,0.036885245901639344
2.3281021118164062,0.03712632594021215
2.3408892154693604,0.037367405978784955
2.3415117263793945,0.037608486017357765
2.3448359966278076,0.03784956605593057
2.358295440673828,0.038090646094503376
2.377470016479492,0.03833172613307618
2.3890798091888428,0.03857280617164899
2.3934340476989746,0.03881388621022179
2.4017510414123535,0.0390549662487946
2.425981283187866,0.03929604628736741
2.4426939487457275,0.03953712632594021
2.4492275714874268,0.03977820636451302
2.4504387378692627,0.04001928640308582
2.4582414627075195,0.04026036644165863
2.458688974380493,0.040501446480231434
2.45920991897583,0.040742526518804244
2.4680092334747314,0.040983606557377046
2.478407144546509,0.041224686595949855
2.4787893295288086,0.041465766634522665
2.481814384460449,0.04170684667309547
2.4843087196350098,0.041947926711668276
2.489872694015503,0.04218900675024108
2.5001630783081055,0.04243008678881389
2.5034987926483154,0.04267116682738669
2.5056121349334717,0.0429122468659595
2.5060901641845703,0.0431533269045323
2.508479118347168,0.04339440694310511
2.523426055908203,0.043635486981677914
2.530848503112793,0.04387656702025072
2.542041540145874,0.04411764705882353
2.55295467376709,0.044358727097396335
2.558635711669922,0.044599807135969144
2.560547113418579,0.044840887174541946
2.56318736076355,0.045081967213114756
2.565229654312134,0.04532304725168756
2.569673776626587,0.04556412729026037
2.576991319656372,0.04580520732883317
2.5783281326293945,0.04604628736740598
2.5929553508758545,0.04628736740597879
2.59428071975708,0.04652844744455159
2.5946900844573975,0.0467695274831244
2.608794689178467,0.0470106075216972
2.6134824752807617,0.04725168756027001
2.619957447052002,0.047492767598842814
2.6270153522491455,0.04773384763741562
2.639286994934082,0.047974927675988426
2.6417787075042725,0.048216007714561235
2.6530680656433105,0.04845708775313404
2.6571269035339355,0.048698167791706846
2.657274007797241,0.048939247830279656
2.657670736312866,0.04918032786885246
2.6602652072906494,0.04942140790742527
2.661041021347046,0.04966248794599807
2.6615631580352783,0.04990356798457088
2.6649181842803955,0.05014464802314368
2.6651079654693604,0.05038572806171649
2.6653616428375244,0.05062680810028929
2.6684441566467285,0.0508678881388621
2.6717188358306885,0.05110896817743491
2.674654483795166,0.051350048216007714
2.67854905128479,0.05159112825458052
2.678678035736084,0.051832208293153326
2.6804544925689697,0.052073288331726135
2.682798147201538,0.05231436837029894
2.6897847652435303,0.05255544840887175
2.689941644668579,0.05279652844744455
2.6917128562927246,0.05303760848601736
2.6926186084747314,0.05327868852459016
2.693476915359497,0.05351976856316297
2.6997170448303223,0.05376084860173578
2.7089152336120605,0.05400192864030858
2.7108774185180664,0.05424300867888139
2.7118828296661377,0.05448408871745419
2.7174038887023926,0.054725168756027
2.7179112434387207,0.054966248794599805
2.7192835807800293,0.055207328833172614
2.719695806503296,0.05544840887174542
2.728408098220825,0.055689488910318226
2.728748083114624,0.055930568948891035
2.7312424182891846,0.05617164898746384
2.7381293773651123,0.05641272902603665
2.739189863204956,0.05665380906460945
2.7491393089294434,0.05689488910318226
2.749445915222168,0.05713596914175506
2.7497174739837646,0.05737704918032787
2.7501773834228516,0.05761812921890067
2.7509937286376953,0.05785920925747348
2.753011703491211,0.058100289296046284
2.7681028842926025,0.05834136933461909
2.781383752822876,0.0585824493731919
2.784391403198242,0.058823529411764705
2.7865161895751953,0.059064609450337514
2.788810968399048,0.05930568948891032
2.789667844772339,0.059546769527483126
2.7899363040924072,0.05978784956605593
2.791454553604126,0.06002892960462874
2.796076536178589,0.06027000964320154
2.796293020248413,0.06051108968177435
2.796581745147705,0.06075216972034716
2.798318386077881,0.06099324975891996
2.7996394634246826,0.06123432979749277
2.8001630306243896,0.06147540983606557
2.8008949756622314,0.06171648987463838
2.80708384513855,0.061957569913211184
2.808648109436035,0.062198649951783994
2.813391923904419,0.062439729990356796
2.8219106197357178,0.0626808100289296
2.824483633041382,0.06292189006750241
2.8288261890411377,0.06316297010607522
2.82913875579834,0.06340405014464802
2.8302643299102783,0.06364513018322084
2.831968307495117,0.06388621022179364
2.8322622776031494,0.06412729026036644
2.8380820751190186,0.06436837029893924
2.847853899002075,0.06460945033751206
2.8485822677612305,0.06485053037608486
2.848773956298828,0.06509161041465766
2.849238157272339,0.06533269045323047
2.8525233268737793,0.06557377049180328
2.852969169616699,0.06581485053037608
2.8545525074005127,0.06605593056894889
2.854879140853882,0.0662970106075217
2.855458974838257,0.0665380906460945
2.8566713333129883,0.06677917068466731
2.857004404067993,0.06702025072324011
2.8584818840026855,0.06726133076181293
2.864090919494629,0.06750241080038573
2.8659613132476807,0.06774349083895853
2.868699073791504,0.06798457087753135
2.871230125427246,0.06822565091610415
2.8739609718322754,0.06846673095467695
2.8820407390594482,0.06870781099324975
2.882160186767578,0.06894889103182257
2.882221221923828,0.06918997107039537
2.8831145763397217,0.06943105110896818
2.8892982006073,0.06967213114754098
2.8928325176239014,0.0699132111861138
2.8995141983032227,0.0701542912246866
2.9012815952301025,0.0703953712632594
2.907524347305298,0.07063645130183221
2.9076011180877686,0.07087753134040502
2.9090304374694824,0.07111861137897782
2.916865348815918,0.07135969141755062
2.9172158241271973,0.07160077145612344
2.9194107055664062,0.07184185149469624
2.921754837036133,0.07208293153326904
2.923208475112915,0.07232401157184185
2.926271438598633,0.07256509161041466
2.926856517791748,0.07280617164898746
2.9341886043548584,0.07304725168756027
2.9396984577178955,0.07328833172613308
2.9423370361328125,0.07352941176470588
2.943631172180176,0.07377049180327869
2.9449267387390137,0.07401157184185149
2.9499216079711914,0.0742526518804243
2.9542691707611084,0.07449373191899711
2.9597694873809814,0.07473481195756991
2.9648122787475586,0.07497589199614271
2.9663522243499756,0.07521697203471553
2.9664392471313477,0.07545805207328833
2.9689078330993652,0.07569913211186113
2.9692280292510986,0.07594021215043395
2.976663827896118,0.07618129218900675
2.9808852672576904,0.07642237222757955
2.983116388320923,0.07666345226615236
2.985827684402466,0.07690453230472517
2.9881865978240967,0.07714561234329798
2.988421678543091,0.07738669238187078
2.989570140838623,0.07762777242044358
2.990924119949341,0.0778688524590164
2.9957759380340576,0.0781099324975892
3.00205135345459,0.078351012536162
3.0048208236694336,0.07859209257473482
3.01397705078125,0.07883317261330762
3.0148303508758545,0.07907425265188042
3.024442434310913,0.07931533269045322
3.0256187915802,0.07955641272902604
3.0261428356170654,0.07979749276759884
3.026442766189575,0.08003857280617165
3.029574394226074,0.08027965284474446
3.033987283706665,0.08052073288331726
3.038212299346924,0.08076181292189007
3.0394601821899414,0.08100289296046287
3.0409326553344727,0.08124397299903569
3.04097056388855,0.08148505303760849
3.042783260345459,0.08172613307618129
3.0441975593566895,0.08196721311475409
3.047250986099243,0.08220829315332691
3.048280954360962,0.08244937319189971
3.049408197402954,0.08269045323047251
3.0505831241607666,0.08293153326904533
3.0551705360412598,0.08317261330761813
3.061231851577759,0.08341369334619093
3.0619454383850098,0.08365477338476374
3.0630412101745605,0.08389585342333655
3.0640182495117188,0.08413693346190936
3.0656211376190186,0.08437801350048216
3.068164825439453,0.08461909353905496
3.0702686309814453,0.08486017357762778
3.0768978595733643,0.08510125361620058
3.0795538425445557,0.08534233365477338
3.0832293033599854,0.0855834136933462
3.0837597846984863,0.085824493731919
3.0838897228240967,0.0860655737704918
3.0868518352508545,0.0863066538090646
3.0878372192382812,0.08654773384763742
3.089334726333618,0.08678881388621022
3.091820478439331,0.08702989392478302
3.093952178955078,0.08727097396335583
3.095641851425171,0.08751205400192864
3.0959584712982178,0.08775313404050145
3.097224712371826,0.08799421407907425
3.0981926918029785,0.08823529411764706
3.09844970703125,0.08847637415621987
3.100919485092163,0.08871745419479267
3.106609344482422,0.08895853423336547
3.1077723503112793,0.08919961427193829
3.1100757122039795,0.08944069431051109
3.1106231212615967,0.08968177434908389
3.111238479614258,0.08992285438765671
3.111440420150757,0.09016393442622951
3.111698865890503,0.09040501446480231
3.112018585205078,0.09064609450337512
3.112764596939087,0.09088717454194793
3.1166350841522217,0.09112825458052073
3.1196320056915283,0.09136933461909354
3.120286464691162,0.09161041465766634
3.122169256210327,0.09185149469623916
3.125149726867676,0.09209257473481196
3.125775098800659,0.09233365477338476
3.1270062923431396,0.09257473481195758
3.128350257873535,0.09281581485053038
3.1300482749938965,0.09305689488910318
3.1317317485809326,0.09329797492767598
3.1354143619537354,0.0935390549662488
3.1358659267425537,0.0937801350048216
3.141116142272949,0.0940212150433944
3.1442272663116455,0.0942622950819672
3.153510332107544,0.09450337512054002
3.156465530395508,0.09474445515911283
3.161052703857422,0.09498553519768563
3.1635162830352783,0.09522661523625844
3.1637585163116455,0.09546769527483125
3.165584087371826,0.09570877531340405
3.170476198196411,0.09594985535197685
3.17252254486084,0.09619093539054967
3.173476457595825,0.09643201542912247
3.1756350994110107,0.09667309546769527
3.1760754585266113,0.09691417550626807
3.1763226985931396,0.09715525554484089
3.178109645843506,0.09739633558341369
3.178436279296875,0.0976374156219865
3.180253744125366,0.09787849566055931
3.1817870140075684,0.09811957569913211
3.183465003967285,0.09836065573770492
3.1836915016174316,0.09860173577627772
3.184145927429199,0.09884281581485053
3.185474395751953,0.09908389585342334
3.186509370803833,0.09932497589199614
3.1889846324920654,0.09956605593056896
3.1902456283569336,0.09980713596914176
3.1911163330078125,0.10004821600771456
3.193505048751831,0.10028929604628736
3.195542573928833,0.10053037608486018
3.1986827850341797,0.10077145612343298
3.199810028076172,0.10101253616200578
3.2003133296966553,0.10125361620057859
3.2006776332855225,0.1014946962391514
3.201714038848877,0.1017357762777242
3.2034029960632324,0.10197685631629701
3.20546817779541,0.10221793635486982
3.206444025039673,0.10245901639344263
3.20731520652771,0.10270009643201543
3.208244562149048,0.10294117647058823
3.2230064868927,0.10318225650916105
3.2240560054779053,0.10342333654773385
3.23124361038208,0.10366441658630665
3.2334699630737305,0.10390549662487945
3.238832712173462,0.10414657666345227
3.2401463985443115,0.10438765670202507
3.2425551414489746,0.10462873674059787
3.2430927753448486,0.10486981677917069
3.2447519302368164,0.1051108968177435
3.2460238933563232,0.1053519768563163
3.246528148651123,0.1055930568948891
3.251131296157837,0.10583413693346191
3.2511909008026123,0.10607521697203472
3.2541093826293945,0.10631629701060752
3.256115436553955,0.10655737704918032
3.258253574371338,0.10679845708775314
3.2602121829986572,0.10703953712632594
3.2615389823913574,0.10728061716489874
3.265559196472168,0.10752169720347156
3.2666563987731934,0.10776277724204436
3.2682077884674072,0.10800385728061716
3.269299030303955,0.10824493731918997
3.2715437412261963,0.10848601735776278
3.2716281414031982,0.10872709739633558
3.2756500244140625,0.10896817743490839
3.276869535446167,0.10920925747348119
3.2774579524993896,0.109450337512054
3.2779245376586914,0.10969141755062681
3.2782392501831055,0.10993249758919961
3.280954599380493,0.11017357762777243
3.2812178134918213,0.11041465766634523
3.281662940979004,0.11065573770491803
3.282224416732788,0.11089681774349083
3.284776210784912,0.11113789778206365
3.2903523445129395,0.11137897782063645
3.291759967803955,0.11162005785920925
3.2945141792297363,0.11186113789778207
3.2950377464294434,0.11210221793635487
3.2953085899353027,0.11234329797492767
3.2958226203918457,0.11258437801350048
3.296501398086548,0.1128254580520733
3.2966790199279785,0.1130665380906461
3.2988033294677734,0.1133076181292189
3.304339647293091,0.1135486981677917
3.307049512863159,0.11378977820636452
3.3081228733062744,0.11403085824493732
3.308326244354248,0.11427193828351012
3.309011936187744,0.11451301832208294
3.3092124462127686,0.11475409836065574
3.3092479705810547,0.11499517839922854
3.309980869293213,0.11523625843780134
3.3135929107666016,0.11547733847637416
3.314379930496216,0.11571841851494696
3.3166556358337402,0.11595949855351977
3.3167221546173096,0.11620057859209257
3.317017078399658,0.11644165863066538
3.31722354888916,0.11668273866923819
3.3198375701904297,0.11692381870781099
3.3209471702575684,0.1171648987463838
3.321429967880249,0.11740597878495661
3.323387861251831,0.11764705882352941
3.3292396068573,0.11788813886210221
3.329329490661621,0.11812921890067503
3.3296446800231934,0.11837029893924783
3.332082986831665,0.11861137897782063
3.3339929580688477,0.11885245901639344
3.334460735321045,0.11909353905496625
3.3368096351623535,0.11933461909353905
3.337594985961914,0.11957569913211186
3.3392703533172607,0.11981677917068467
3.3402020931243896,0.12005785920925748
3.340731143951416,0.12029893924783028
3.3411152362823486,0.12054001928640308
3.3454031944274902,0.1207810993249759
3.3462307453155518,0.1210221793635487
3.3467772006988525,0.1212632594021215
3.346851348876953,0.12150433944069432
3.349884033203125,0.12174541947926712
3.350029945373535,0.12198649951783992
3.3520727157592773,0.12222757955641272
3.3522701263427734,0.12246865959498554
3.3528037071228027,0.12270973963355834
3.3528668880462646,0.12295081967213115
3.3535025119781494,0.12319189971070395
3.3536250591278076,0.12343297974927676
3.3550655841827393,0.12367405978784957
3.3566837310791016,0.12391513982642237
3.360874891281128,0.12415621986499518
3.36340069770813,0.12439729990356799
3.367530584335327,0.12463837994214079
3.3683321475982666,0.12487945998071359
3.369081735610962,0.1251205400192864
3.369189977645874,0.1253616200578592
3.371412754058838,0.125602700096432
3.3718984127044678,0.12584378013500483
3.3720645904541016,0.12608486017357762
3.37258243560791,0.12632594021215043
3.376046895980835,0.12656702025072325
3.37632417678833,0.12680810028929604
3.3804705142974854,0.12704918032786885
3.3810222148895264,0.12729026036644167
3.381033182144165,0.12753134040501446
3.382676362991333,0.12777242044358728
3.3844997882843018,0.12801350048216006
3.384883165359497,0.12825458052073288
3.389681577682495,0.1284956605593057
3.392885684967041,0.12873674059787849
3.393003463745117,0.1289778206364513
3.394446849822998,0.12921890067502412
3.3956220149993896,0.1294599807135969
3.3976101875305176,0.12970106075216972
3.397646188735962,0.12994214079074254
3.3982746601104736,0.13018322082931533
3.3988308906555176,0.13042430086788814
3.3992152214050293,0.13066538090646093
3.4036614894866943,0.13090646094503375
3.404994249343872,0.13114754098360656
3.4056451320648193,0.13138862102217935
3.4076309204101562,0.13162970106075217
3.408977508544922,0.13187078109932499
3.4094128608703613,0.13211186113789777
3.4100663661956787,0.1323529411764706
3.4129278659820557,0.1325940212150434
3.413377046585083,0.1328351012536162
3.416480779647827,0.133076181292189
3.4171242713928223,0.1333172613307618
3.417297601699829,0.13355834136933462
3.4174060821533203,0.13379942140790743
3.422975778579712,0.13404050144648022
3.4234910011291504,0.13428158148505304
3.4248220920562744,0.13452266152362585
3.4278781414031982,0.13476374156219864
3.4297661781311035,0.13500482160077146
3.4311370849609375,0.13524590163934427
3.4317007064819336,0.13548698167791706
3.433582067489624,0.13572806171648988
3.4343245029449463,0.1359691417550627
3.436466693878174,0.13621022179363548
3.4374799728393555,0.1364513018322083
3.438530206680298,0.1366923818707811
3.4387195110321045,0.1369334619093539
3.439722776412964,0.13717454194792672
3.4425439834594727,0.1374156219864995
3.449082374572754,0.13765670202507233
3.4499704837799072,0.13789778206364514
3.4511260986328125,0.13813886210221793
3.4516308307647705,0.13837994214079075
3.4525442123413086,0.13862102217936356
3.4527745246887207,0.13886210221793635
3.457613945007324,0.13910318225650917
3.457674264907837,0.13934426229508196
3.4592173099517822,0.13958534233365477
3.4604110717773438,0.1398264223722276
3.461181402206421,0.14006750241080038
3.464752197265625,0.1403085824493732
3.4647631645202637,0.140549662487946
3.4658825397491455,0.1407907425265188
3.4692318439483643,0.1410318225650916
3.4713382720947266,0.14127290260366443
3.471952438354492,0.14151398264223722
3.4719672203063965,0.14175506268081003
3.472043037414551,0.14199614271938282
3.473050355911255,0.14223722275795564
3.475289821624756,0.14247830279652846
3.4759061336517334,0.14271938283510124
3.477971076965332,0.14296046287367406
3.4787003993988037,0.14320154291224688
3.47930908203125,0.14344262295081966
3.4799482822418213,0.14368370298939248
3.482145071029663,0.1439247830279653
3.482450008392334,0.14416586306653809
3.483673572540283,0.1444069431051109
3.485039710998535,0.1446480231436837
3.485921859741211,0.1448891031822565
3.4895191192626953,0.14513018322082932
3.489812135696411,0.1453712632594021
3.4918527603149414,0.14561234329797493
3.493760585784912,0.14585342333654774
3.4959917068481445,0.14609450337512053
3.499436378479004,0.14633558341369335
3.4996540546417236,0.14657666345226616
3.5005385875701904,0.14681774349083895
3.5006766319274902,0.14705882352941177
3.5042097568511963,0.14729990356798456
3.5044147968292236,0.14754098360655737
3.5048372745513916,0.1477820636451302
3.5058863162994385,0.14802314368370298
3.5076193809509277,0.1482642237222758
3.5093915462493896,0.1485053037608486
3.5119898319244385,0.1487463837994214
3.512993335723877,0.14898746383799422
3.516709804534912,0.14922854387656703
3.517876625061035,0.14946962391513982
3.518813371658325,0.14971070395371264
3.521603584289551,0.14995178399228543
3.521692991256714,0.15019286403085824
3.522252082824707,0.15043394406943106
3.5227739810943604,0.15067502410800385
3.524367094039917,0.15091610414657666
3.5246999263763428,0.15115718418514948
3.5288584232330322,0.15139826422372227
3.5290303230285645,0.15163934426229508
3.531909942626953,0.1518804243008679
3.5319907665252686,0.1521215043394407
3.53212571144104,0.1523625843780135
3.5366835594177246,0.1526036644165863
3.538787841796875,0.1528447444551591
3.5393824577331543,0.15308582449373193
3.53946590423584,0.15332690453230471
3.5402615070343018,0.15356798457087753
3.5432088375091553,0.15380906460945035
3.5456151962280273,0.15405014464802314
3.546794891357422,0.15429122468659595
3.5487289428710938,0.15453230472516877
3.550335645675659,0.15477338476374156
3.552532911300659,0.15501446480231437
3.5545077323913574,0.15525554484088716
3.5554797649383545,0.15549662487945998
3.5556397438049316,0.1557377049180328
3.559715509414673,0.15597878495660558
3.5598652362823486,0.1562198649951784
3.560602903366089,0.15646094503375121
3.5611534118652344,0.156702025072324
3.562084674835205,0.15694310511089682
3.5624797344207764,0.15718418514946964
3.562736988067627,0.15742526518804242
3.5627613067626953,0.15766634522661524
3.5628342628479004,0.15790742526518806
3.5632452964782715,0.15814850530376084
3.5665152072906494,0.15838958534233366
3.5685198307037354,0.15863066538090645
3.569030284881592,0.15887174541947927
3.571100950241089,0.15911282545805208
3.5712437629699707,0.15935390549662487
3.5714504718780518,0.1595949855351977
3.573702812194824,0.1598360655737705
3.5753962993621826,0.1600771456123433
3.576664686203003,0.1603182256509161
3.5766823291778564,0.16055930568948892
3.577880620956421,0.1608003857280617
3.5785772800445557,0.16104146576663453
3.5785958766937256,0.16128254580520732
3.580648422241211,0.16152362584378013
3.5823352336883545,0.16176470588235295
3.5827248096466064,0.16200578592092574
3.5836355686187744,0.16224686595949855
3.5846493244171143,0.16248794599807137
3.5850632190704346,0.16272902603664416
3.5852179527282715,0.16297010607521698
3.5879175662994385,0.1632111861137898
3.5880377292633057,0.16345226615236258
3.588737964630127,0.1636933461909354
3.589759588241577,0.16393442622950818
3.5897769927978516,0.164175506268081
3.5899507999420166,0.16441658630665382
3.5900580883026123,0.1646576663452266
3.5908031463623047,0.16489874638379942
3.593919515609741,0.16513982642237224
3.5943081378936768,0.16538090646094503
3.5946733951568604,0.16562198649951784
3.5964043140411377,0.16586306653809066
3.5968027114868164,0.16610414657666345
3.597362756729126,0.16634522661523626
3.5978763103485107,0.16658630665380905
3.5991384983062744,0.16682738669238187
3.605011463165283,0.16706846673095468
3.6064093112945557,0.16730954676952747
3.6080634593963623,0.1675506268081003
3.6083760261535645,0.1677917068466731
3.60943341255188,0.1680327868852459
3.6112077236175537,0.1682738669238187
3.6133742332458496,0.16851494696239153
3.6146302223205566,0.16875602700096431
3.616523027420044,0.16899710703953713
3.6168594360351562,0.16923818707810992
3.617884874343872,0.16947926711668274
3.6179468631744385,0.16972034715525555
3.62392520904541,0.16996142719382834
3.62394642829895,0.17020250723240116
3.6247730255126953,0.17044358727097397
3.627159595489502,0.17068466730954676
3.6276402473449707,0.17092574734811958
3.6294901371002197,0.1711668273866924
3.6319491863250732,0.17140790742526518
3.6322343349456787,0.171648987463838
3.6323354244232178,0.1718900675024108
3.634366750717163,0.1721311475409836
3.6344377994537354,0.17237222757955642
3.635331392288208,0.1726133076181292
3.6360507011413574,0.17285438765670202
3.636713981628418,0.17309546769527484
3.6375181674957275,0.17333654773384763
3.638014316558838,0.17357762777242045
3.6382806301116943,0.17381870781099326
3.6385111808776855,0.17405978784956605
3.6393842697143555,0.17430086788813887
3.6434578895568848,0.17454194792671165
3.644655704498291,0.17478302796528447
3.6469006538391113,0.1750241080038573
3.647918224334717,0.17526518804243008
3.650827646255493,0.1755062680810029
3.6527881622314453,0.1757473481195757
3.6543726921081543,0.1759884281581485
3.6543984413146973,0.1762295081967213
3.659496784210205,0.17647058823529413
3.662095546722412,0.17671166827386692
3.663177967071533,0.17695274831243973
3.663579225540161,0.17719382835101255
3.663705825805664,0.17743490838958534
3.663760185241699,0.17767598842815815
3.6639668941497803,0.17791706846673094
3.664818048477173,0.17815814850530376
3.6648406982421875,0.17839922854387658
3.672333240509033,0.17864030858244936
3.6742000579833984,0.17888138862102218
3.6768999099731445,0.179122468659595
3.6780598163604736,0.17936354869816779
3.680168628692627,0.1796046287367406
3.6806082725524902,0.17984570877531342
3.683849573135376,0.1800867888138862
3.6839773654937744,0.18032786885245902
3.6867353916168213,0.1805689488910318
3.687554359436035,0.18081002892960463
3.6937408447265625,0.18105110896817744
3.693976879119873,0.18129218900675023
3.6941897869110107,0.18153326904532305
3.696467161178589,0.18177434908389586
3.696896553039551,0.18201542912246865
3.6993885040283203,0.18225650916104147
3.6995387077331543,0.18249758919961429
3.7012903690338135,0.18273866923818707
3.7013440132141113,0.1829797492767599
3.7030975818634033,0.18322082931533268
3.7036209106445312,0.1834619093539055
3.703824996948242,0.1837029893924783
3.7041947841644287,0.1839440694310511
3.705446720123291,0.18418514946962392
3.7055704593658447,0.18442622950819673
3.7082581520080566,0.18466730954676952
3.70847225189209,0.18490838958534234
3.7097437381744385,0.18514946962391515
3.709892988204956,0.18539054966248794
3.710415840148926,0.18563162970106076
3.7105817794799805,0.18587270973963355
3.712324619293213,0.18611378977820636
3.7125024795532227,0.18635486981677918
3.7134552001953125,0.18659594985535197
3.7138192653656006,0.18683702989392478
3.7138264179229736,0.1870781099324976
3.7158706188201904,0.1873191899710704
3.716646432876587,0.1875602700096432
3.716883659362793,0.18780135004821602
3.717456579208374,0.1880424300867888
3.717773199081421,0.18828351012536163
3.71917724609375,0.1885245901639344
3.7207143306732178,0.18876567020250723
3.7238895893096924,0.18900675024108005
3.7242655754089355,0.18924783027965283
3.724454164505005,0.18948891031822565
3.7283060550689697,0.18972999035679847
3.7294883728027344,0.18997107039537126
3.729978561401367,0.19021215043394407
3.730480909347534,0.1904532304725169
3.7314627170562744,0.19069431051108968
3.7315123081207275,0.1909353905496625
3.7317724227905273,0.19117647058823528
3.732297420501709,0.1914175506268081
3.732800245285034,0.1916586306653809
3.7335996627807617,0.1918997107039537
3.7340457439422607,0.19214079074252652
3.7341575622558594,0.19238187078109933
3.7370636463165283,0.19262295081967212
3.737767457962036,0.19286403085824494
3.740868330001831,0.19310511089681776
3.7414803504943848,0.19334619093539054
3.743448495864868,0.19358727097396336
3.7450826168060303,0.19382835101253615
3.750960350036621,0.19406943105110896
3.7512919902801514,0.19431051108968178
3.752012252807617,0.19455159112825457
3.7522189617156982,0.19479267116682739
3.7523443698883057,0.1950337512054002
3.754185914993286,0.195274831243973
3.755023717880249,0.1955159112825458
3.755249261856079,0.19575699132111862
3.7562737464904785,0.1959980713596914
3.75691819190979,0.19623915139826423
3.757314682006836,0.19648023143683702
3.757582426071167,0.19672131147540983
3.7579991817474365,0.19696239151398265
3.7580628395080566,0.19720347155255544
3.759735584259033,0.19744455159112825
3.761176824569702,0.19768563162970107
3.7614681720733643,0.19792671166827386
3.7615511417388916,0.19816779170684667
3.761575937271118,0.1984088717454195
3.762179374694824,0.19864995178399228
3.7628185749053955,0.1988910318225651
3.7637834548950195,0.1991321118611379
3.7651216983795166,0.1993731918997107
3.765843629837036,0.19961427193828352
3.7666847705841064,0.1998553519768563
3.7672111988067627,0.20009643201542912
3.7675507068634033,0.20033751205400194
3.769462823867798,0.20057859209257473
3.7695863246917725,0.20081967213114754
3.769667387008667,0.20106075216972036
3.7701170444488525,0.20130183220829315
3.7706353664398193,0.20154291224686596
3.7716064453125,0.20178399228543878
3.771644115447998,0.20202507232401157
3.772968053817749,0.20226615236258438
3.7742576599121094,0.20250723240115717
3.774388551712036,0.20274831243973
3.774461507797241,0.2029893924783028
3.7754650115966797,0.2032304725168756
3.7760443687438965,0.2034715525554484
3.7767395973205566,0.20371263259402123
3.776890277862549,0.20395371263259401
3.7772395610809326,0.20419479267116683
3.778485059738159,0.20443587270973965
3.7791502475738525,0.20467695274831244
3.7796149253845215,0.20491803278688525
3.7809600830078125,0.20515911282545804
3.781651020050049,0.20540019286403086
3.784379482269287,0.20564127290260367
3.785301923751831,0.20588235294117646
3.787172317504883,0.20612343297974928
3.7875406742095947,0.2063645130183221
3.7899343967437744,0.20660559305689488
3.7906103134155273,0.2068466730954677
3.791033983230591,0.20708775313404051
3.7914459705352783,0.2073288331726133
3.792296886444092,0.20756991321118612
3.793182373046875,0.2078109932497589
3.79341459274292,0.20805207328833172
3.7936747074127197,0.20829315332690454
3.7939107418060303,0.20853423336547733
3.7940304279327393,0.20877531340405014
3.7942919731140137,0.20901639344262296
3.79443621635437,0.20925747348119575
3.7945194244384766,0.20949855351976857
3.7955291271209717,0.20973963355834138
3.7968156337738037,0.20998071359691417
3.799137592315674,0.210221793635487
3.800811767578125,0.21046287367405977
3.803276300430298,0.2107039537126326
3.8033506870269775,0.2109450337512054
3.807067394256592,0.2111861137897782
3.8097238540649414,0.211427193828351
3.8100383281707764,0.21166827386692383
3.811654806137085,0.21190935390549662
3.8155393600463867,0.21215043394406943
3.81593918800354,0.21239151398264225
3.8169031143188477,0.21263259402121504
3.817397117614746,0.21287367405978785
3.818699836730957,0.21311475409836064
3.821695327758789,0.21335583413693346
3.822239637374878,0.21359691417550628
3.8227880001068115,0.21383799421407906
3.8245646953582764,0.21407907425265188
3.824885368347168,0.2143201542912247
3.826824426651001,0.21456123432979748
3.8278043270111084,0.2148023143683703
3.827850818634033,0.21504339440694312
3.828415870666504,0.2152844744455159
3.828706741333008,0.21552555448408872
3.828765392303467,0.2157666345226615
3.830249547958374,0.21600771456123433
3.8306756019592285,0.21624879459980714
3.833425283432007,0.21648987463837993
3.8339145183563232,0.21673095467695275
3.8343448638916016,0.21697203471552556
3.8362224102020264,0.21721311475409835
3.8408522605895996,0.21745419479267117
3.8413116931915283,0.21769527483124398
3.843208074569702,0.21793635486981677
3.8438687324523926,0.2181774349083896
3.8455517292022705,0.21841851494696238
3.8475446701049805,0.2186595949855352
3.8480820655822754,0.218900675024108
3.848555564880371,0.2191417550626808
3.8524363040924072,0.21938283510125361
3.856506824493408,0.21962391513982643
3.858029365539551,0.21986499517839922
3.861467123031616,0.22010607521697204
3.8652145862579346,0.22034715525554485
3.867683172225952,0.22058823529411764
3.8679139614105225,0.22082931533269046
3.8684914112091064,0.22107039537126327
3.8685879707336426,0.22131147540983606
3.873570203781128,0.22155255544840888
3.8787646293640137,0.22179363548698167
3.8808257579803467,0.22203471552555448
3.8811299800872803,0.2222757955641273
3.881488084793091,0.2225168756027001
3.881585121154785,0.2227579556412729
3.884420156478882,0.22299903567984572
3.8848044872283936,0.2232401157184185
3.8861629962921143,0.22348119575699132
3.8868815898895264,0.22372227579556414
3.886927843093872,0.22396335583413693
3.8873379230499268,0.22420443587270975
3.887341260910034,0.22444551591128253
3.8894989490509033,0.22468659594985535
3.889523506164551,0.22492767598842817
3.890000581741333,0.22516875602700095
3.8900506496429443,0.22540983606557377
3.8923709392547607,0.2256509161041466
3.8927717208862305,0.22589199614271938
3.8928322792053223,0.2261330761812922
3.893242359161377,0.226374156219865
3.8947806358337402,0.2266152362584378
3.8988351821899414,0.2268563162970106
3.899393320083618,0.2270973963355834
3.9002559185028076,0.22733847637415622
3.901384115219116,0.22757955641272903
3.9015350341796875,0.22782063645130182
3.902348279953003,0.22806171648987464
3.902815103530884,0.22830279652844745
3.9086813926696777,0.22854387656702024
3.90974760055542,0.22878495660559306
3.911180257797241,0.22902603664416588
3.911595344543457,0.22926711668273866
3.9117207527160645,0.22950819672131148
3.912226676940918,0.22974927675988427
3.912813425064087,0.22999035679845709
3.9128804206848145,0.2302314368370299
3.9148032665252686,0.2304725168756027
3.915922164916992,0.2307135969141755
3.917325973510742,0.23095467695274832
3.9212493896484375,0.2311957569913211
3.921375274658203,0.23143683702989393
3.922983407974243,0.23167791706846674
3.9238381385803223,0.23191899710703953
3.9241809844970703,0.23216007714561235
3.924463987350464,0.23240115718418514
3.9261529445648193,0.23264223722275795
3.9282588958740234,0.23288331726133077
3.929643154144287,0.23312439729990356
3.9344100952148438,0.23336547733847637
3.939945936203003,0.2336065573770492
3.939967155456543,0.23384763741562198
3.9424593448638916,0.2340887174541948
3.9444949626922607,0.2343297974927676
3.945868492126465,0.2345708775313404
3.949312210083008,0.23481195756991322
3.9499478340148926,0.235053037608486
3.950031042098999,0.23529411764705882
3.951756477355957,0.23553519768563164
3.9522528648376465,0.23577627772420442
3.9528768062591553,0.23601735776277724
3.955749750137329,0.23625843780135006
3.9562840461730957,0.23649951783992285
3.958294630050659,0.23674059787849566
3.9586870670318604,0.23698167791706848
3.958784580230713,0.23722275795564127
3.9602763652801514,0.23746383799421408
3.9616293907165527,0.23770491803278687
3.9630990028381348,0.2379459980713597
3.964157819747925,0.2381870781099325
3.967494249343872,0.2384281581485053
3.9694111347198486,0.2386692381870781
3.9700701236724854,0.23891031822565093
3.9737884998321533,0.2391513982642237
3.9738852977752686,0.23939247830279653
3.9760756492614746,0.23963355834136935
3.9768238067626953,0.23987463837994213
3.9772980213165283,0.24011571841851495
3.977445602416992,0.24035679845708777
3.9779157638549805,0.24059787849566056
3.979731559753418,0.24083895853423337
3.9820029735565186,0.24108003857280616
3.9823970794677734,0.24132111861137898
3.983175277709961,0.2415621986499518
3.983438014984131,0.24180327868852458
3.9847586154937744,0.2420443587270974
3.9852089881896973,0.2422854387656702
3.9868476390838623,0.242526518804243
3.9871599674224854,0.24276759884281582
3.99037766456604,0.24300867888138863
3.99098539352417,0.24324975891996142
3.9934990406036377,0.24349083895853424
3.9938619136810303,0.24373191899710703
3.998896837234497,0.24397299903567984
3.999436378479004,0.24421407907425266
4.000733852386475,0.24445515911282545
4.003474712371826,0.24469623915139826
4.003785133361816,0.24493731918997108
4.008149147033691,0.24517839922854387
4.009044647216797,0.24541947926711669
4.010144233703613,0.2456605593056895
4.010400772094727,0.2459016393442623
4.010470390319824,0.2461427193828351
4.011835098266602,0.2463837994214079
4.012225151062012,0.2466248794599807
4.012326240539551,0.24686595949855353
4.0135040283203125,0.24710703953712632
4.014461517333984,0.24734811957569913
4.016757011413574,0.24758919961427195
4.017845153808594,0.24783027965284474
4.018044948577881,0.24807135969141755
4.020973205566406,0.24831243972999037
4.021727561950684,0.24855351976856316
4.02224063873291,0.24879459980713597
4.0227766036987305,0.24903567984570876
4.023684978485107,0.24927675988428158
4.026488780975342,0.2495178399228544
4.027421474456787,0.24975891996142718
4.030498027801514,0.25
4.030517578125,0.2502410800385728
4.031405448913574,0.25048216007714563
4.036900520324707,0.2507232401157184
4.037233829498291,0.2509643201542912
4.037894248962402,0.251205400192864
4.0405402183532715,0.25144648023143684
4.043550491333008,0.25168756027000966
4.043935298919678,0.2519286403085825
4.044939041137695,0.25216972034715524
4.047743797302246,0.25241080038572805
4.049408912658691,0.25265188042430087
4.049447059631348,0.2528929604628737
4.0500078201293945,0.2531340405014465
4.050786018371582,0.25337512054001926
4.05094051361084,0.2536162005785921
4.050992012023926,0.2538572806171649
4.051418304443359,0.2540983606557377
4.051455974578857,0.2543394406943105
4.051881790161133,0.25458052073288334
4.0524396896362305,0.2548216007714561
4.052645683288574,0.2550626808100289
4.052804946899414,0.25530376084860174
4.0553083419799805,0.25554484088717455
4.055410385131836,0.25578592092574737
4.055647373199463,0.25602700096432013
4.056023120880127,0.25626808100289294
4.056575775146484,0.25650916104146576
4.0570831298828125,0.2567502410800386
4.057587623596191,0.2569913211186114
4.060528755187988,0.2572324011571842
4.062917232513428,0.25747348119575697
4.063882827758789,0.2577145612343298
4.06513786315918,0.2579556412729026
4.065727710723877,0.2581967213114754
4.066896438598633,0.25843780135004824
4.068033218383789,0.258678881388621
4.0687713623046875,0.2589199614271938
4.0724897384643555,0.25916104146576663
4.073769569396973,0.25940212150433944
4.074145317077637,0.25964320154291226
4.0744781494140625,0.2598842815814851
4.0762104988098145,0.26012536162005784
4.076210975646973,0.26036644165863065
4.077325820922852,0.26060752169720347
4.079460620880127,0.2608486017357763
4.079986572265625,0.2610896817743491
4.08113956451416,0.26133076181292186
4.082369804382324,0.2615718418514947
4.084268569946289,0.2618129218900675
4.085063934326172,0.2620540019286403
4.087986469268799,0.26229508196721313
4.091648101806641,0.26253616200578594
4.092353820800781,0.2627772420443587
4.092373847961426,0.2630183220829315
4.092975616455078,0.26325940212150434
4.0963134765625,0.26350048216007715
4.096625328063965,0.26374156219864997
4.097126007080078,0.26398264223722273
4.098244667053223,0.26422372227579555
4.100254535675049,0.26446480231436836
4.100378513336182,0.2647058823529412
4.101810932159424,0.264946962391514
4.103650093078613,0.2651880424300868
4.106136322021484,0.2654291224686596
4.106399059295654,0.2656702025072324
4.10688591003418,0.2659112825458052
4.107542514801025,0.266152362584378
4.107728958129883,0.26639344262295084
4.108464241027832,0.2666345226615236
4.1085052490234375,0.2668756027000964
4.108609199523926,0.26711668273866923
4.109644412994385,0.26735776277724205
4.109711647033691,0.26759884281581486
4.111598014831543,0.2678399228543877
4.111745834350586,0.26808100289296044
4.112621307373047,0.26832208293153326
4.113114356994629,0.2685631629701061
4.113129615783691,0.2688042430086789
4.11318302154541,0.2690453230472517
4.114124774932861,0.26928640308582447
4.114188194274902,0.2695274831243973
4.116396903991699,0.2697685631629701
4.119100570678711,0.2700096432015429
4.120806694030762,0.27025072324011573
4.1214423179626465,0.27049180327868855
4.12705135345459,0.2707328833172613
4.127663612365723,0.2709739633558341
4.130934715270996,0.27121504339440694
4.131067276000977,0.27145612343297976
4.131583213806152,0.2716972034715526
4.132335662841797,0.2719382835101254
4.1337432861328125,0.27217936354869815
4.133949279785156,0.27242044358727097
4.1349639892578125,0.2726615236258438
4.135100364685059,0.2729026036644166
4.135239601135254,0.2731436837029894
4.138755798339844,0.2733847637415622
4.139640808105469,0.273625843780135
4.139684200286865,0.2738669238187078
4.140377044677734,0.2741080038572806
4.141059398651123,0.27434908389585344
4.14414119720459,0.27459016393442626
4.144623279571533,0.274831243972999
4.145195007324219,0.27507232401157183
4.145325183868408,0.27531340405014465
4.146195411682129,0.27555448408871747
4.146197319030762,0.2757955641272903
4.147151947021484,0.27603664416586304
4.14884090423584,0.27627772420443586
4.148890018463135,0.2765188042430087
4.149294853210449,0.2767598842815815
4.149949073791504,0.2770009643201543
4.151205539703369,0.2772420443587271
4.154906272888184,0.2774831243972999
4.156157493591309,0.2777242044358727
4.156264781951904,0.2779652844744455
4.157250881195068,0.27820636451301833
4.159399509429932,0.27844744455159115
4.159862041473389,0.2786885245901639
4.160344123840332,0.2789296046287367
4.161184310913086,0.27917068466730954
4.161703586578369,0.27941176470588236
4.163050651550293,0.2796528447444552
4.165163993835449,0.279893924783028
4.165563583374023,0.28013500482160075
4.166144371032715,0.28037608486017357
4.166837692260742,0.2806171648987464
4.166858673095703,0.2808582449373192
4.167065620422363,0.281099324975892
4.167386054992676,0.2813404050144648
4.167570114135742,0.2815814850530376
4.1680755615234375,0.2818225650916104
4.168182849884033,0.2820636451301832
4.1686272621154785,0.28230472516875604
4.169425010681152,0.28254580520732886
4.1704301834106445,0.2827868852459016
4.171480178833008,0.28302796528447444
4.172105312347412,0.28326904532304725
4.172143459320068,0.28351012536162007
4.172283172607422,0.2837512054001929
4.173047065734863,0.28399228543876565
4.173205852508545,0.28423336547733846
4.174920082092285,0.2844744455159113
4.1757001876831055,0.2847155255544841
4.176091194152832,0.2849566055930569
4.176584243774414,0.2851976856316297
4.181699752807617,0.2854387656702025
4.185702323913574,0.2856798457087753
4.188068866729736,0.2859209257473481
4.188935279846191,0.28616200578592094
4.192148208618164,0.28640308582449375
4.192510604858398,0.2866441658630665
4.193814277648926,0.28688524590163933
4.194819450378418,0.28712632594021215
4.19644832611084,0.28736740597878496
4.197979927062988,0.2876084860173578
4.199594497680664,0.2878495660559306
4.200458526611328,0.28809064609450336
4.2010040283203125,0.28833172613307617
4.201606273651123,0.288572806171649
4.203399658203125,0.2888138862102218
4.203413963317871,0.2890549662487946
4.203415870666504,0.2892960462873674
4.20402193069458,0.2895371263259402
4.206874847412109,0.289778206364513
4.207451820373535,0.29001928640308583
4.209210395812988,0.29026036644165865
4.2095513343811035,0.29050144648023146
4.210158824920654,0.2907425265188042
4.211969375610352,0.29098360655737704
4.212216377258301,0.29122468659594986
4.213177680969238,0.29146576663452267
4.215361595153809,0.2917068466730955
4.216102600097656,0.29194792671166825
4.21642541885376,0.29218900675024106
4.216433525085449,0.2924300867888139
4.21832275390625,0.2926711668273867
4.220711708068848,0.2929122468659595
4.2238664627075195,0.29315332690453233
4.224103927612305,0.2933944069431051
4.227119445800781,0.2936354869816779
4.227355003356934,0.2938765670202507
4.227470397949219,0.29411764705882354
4.228409767150879,0.29435872709739636
4.2299885749816895,0.2945998071359691
4.2300519943237305,0.29484088717454193
4.230134010314941,0.29508196721311475
4.230161190032959,0.29532304725168756
4.230399131774902,0.2955641272902604
4.230684280395508,0.2958052073288332
4.232944011688232,0.29604628736740596
4.2331929206848145,0.2962873674059788
4.2332868576049805,0.2965284474445516
4.2339582443237305,0.2967695274831244
4.234652519226074,0.2970106075216972
4.235556602478027,0.29725168756027
4.236758232116699,0.2974927675988428
4.237008094787598,0.2977338476374156
4.238038063049316,0.29797492767598843
4.23988151550293,0.29821600771456125
4.240329742431641,0.29845708775313406
4.241402626037598,0.2986981677917068
4.241628646850586,0.29893924783027964
4.244546890258789,0.29918032786885246
4.245162010192871,0.2994214079074253
4.2470316886901855,0.2996624879459981
4.2478766441345215,0.29990356798457085
4.248783111572266,0.30014464802314367
4.249833106994629,0.3003857280617165
4.25026273727417,0.3006268081002893
4.25161600112915,0.3008678881388621
4.252835273742676,0.30110896817743493
4.254414081573486,0.3013500482160077
4.2569169998168945,0.3015911282545805
4.2569756507873535,0.3018322082931533
4.258584022521973,0.30207328833172614
4.2588300704956055,0.30231436837029896
4.261250019073486,0.3025554484088717
4.261405944824219,0.30279652844744454
4.2614898681640625,0.30303760848601735
4.261868953704834,0.30327868852459017
4.262486457824707,0.303519768563163
4.263761043548584,0.3037608486017358
4.26410436630249,0.30400192864030856
4.266543388366699,0.3042430086788814
4.266611576080322,0.3044840887174542
4.268132209777832,0.304725168756027
4.268406867980957,0.3049662487945998
4.269132137298584,0.3052073288331726
4.272511959075928,0.3054484088717454
4.2734527587890625,0.3056894889103182
4.27374267578125,0.30593056894889104
4.274337291717529,0.30617164898746385
4.27487850189209,0.30641272902603667
4.278896331787109,0.30665380906460943
4.279149055480957,0.30689488910318224
4.280795097351074,0.30713596914175506
4.284283638000488,0.3073770491803279
4.28692626953125,0.3076181292189007
4.287066459655762,0.30785920925747345
4.288119316101074,0.30810028929604627
4.288731575012207,0.3083413693346191
4.289087295532227,0.3085824493731919
4.293450355529785,0.3088235294117647
4.294782638549805,0.30906460945033754
4.295709133148193,0.3093056894889103
4.295839309692383,0.3095467695274831
4.295905113220215,0.30978784956605593
4.296889305114746,0.31002892960462874
4.2969536781311035,0.31027000964320156
4.2983808517456055,0.3105110896817743
4.299536228179932,0.31075216972034714
4.299687385559082,0.31099324975891995
4.300160884857178,0.31123432979749277
4.300212860107422,0.3114754098360656
4.301280498504639,0.3117164898746384
4.301735877990723,0.31195756991321116
4.302199363708496,0.312198649951784
4.304046630859375,0.3124397299903568
4.305097579956055,0.3126808100289296
4.307370185852051,0.31292189006750243
4.307559490203857,0.31316297010607524
4.308108329772949,0.313404050144648
4.308666229248047,0.3136451301832208
4.308932304382324,0.31388621022179364
4.309408187866211,0.31412729026036645
4.309446334838867,0.31436837029893927
4.309573173522949,0.31460945033751203
4.309874057769775,0.31485053037608485
4.310454845428467,0.31509161041465766
4.312448501586914,0.3153326904532305
4.313320636749268,0.3155737704918033
4.314123630523682,0.3158148505303761
4.314708709716797,0.3160559305689489
4.315831184387207,0.3162970106075217
4.316440582275391,0.3165380906460945
4.316507816314697,0.3167791706846673
4.32003116607666,0.31702025072324014
4.320618629455566,0.3172613307618129
4.325722694396973,0.3175024108003857
4.32719612121582,0.31774349083895853
4.328149795532227,0.31798457087753135
4.328212738037109,0.31822565091610416
4.328336715698242,0.318466730954677
4.32905387878418,0.31870781099324974
4.32917594909668,0.31894889103182256
4.331000328063965,0.3191899710703954
4.331893444061279,0.3194310511089682
4.332000255584717,0.319672131147541
4.332576751708984,0.31991321118611377
4.333130836486816,0.3201542912246866
4.333736896514893,0.3203953712632594
4.335304260253906,0.3206364513018322
4.336798667907715,0.32087753134040503
4.338057041168213,0.32111861137897785
4.3385138511657715,0.3213596914175506
4.339109420776367,0.3216007714561234
4.339999675750732,0.32184185149469624
4.34061336517334,0.32208293153326906
4.342164516448975,0.3223240115718419
4.342277526855469,0.32256509161041463
4.342301368713379,0.32280617164898745
4.342609882354736,0.32304725168756027
4.3464226722717285,0.3232883317261331
4.346450328826904,0.3235294117647059
4.350374221801758,0.3237704918032787
4.3515167236328125,0.3240115718418515
4.352911949157715,0.3242526518804243
4.353838920593262,0.3244937319189971
4.354593276977539,0.3247348119575699
4.355267524719238,0.32497589199614274
4.355369567871094,0.3252169720347155
4.358154296875,0.3254580520732883
4.359064102172852,0.32569913211186113
4.36116886138916,0.32594021215043395
4.363414287567139,0.32618129218900677
4.363885879516602,0.3264223722275796
4.364802360534668,0.32666345226615234
4.366819858551025,0.32690453230472516
4.368775367736816,0.327145612343298
4.368974685668945,0.3273866923818708
4.369304656982422,0.3276277724204436
4.369870185852051,0.32786885245901637
4.37026309967041,0.3281099324975892
4.370842456817627,0.328351012536162
4.372524261474609,0.3285920925747348
4.374759674072266,0.32883317261330763
4.375175476074219,0.32907425265188045
4.376094818115234,0.3293153326904532
4.377982139587402,0.329556412729026
4.378221035003662,0.32979749276759884
4.378685474395752,0.33003857280617166
4.379605293273926,0.3302796528447445
4.381211280822754,0.33052073288331724
4.38137149810791,0.33076181292189005
4.386137008666992,0.33100289296046287
4.387377738952637,0.3312439729990357
4.389269828796387,0.3314850530376085
4.3894853591918945,0.3317261330761813
4.391210079193115,0.3319672131147541
4.391778945922852,0.3322082931533269
4.392328262329102,0.3324493731918997
4.395089149475098,0.3326904532304725
4.395155906677246,0.33293153326904534
4.39588737487793,0.3331726133076181
4.396618366241455,0.3334136933461909
4.400466442108154,0.33365477338476374
4.40073299407959,0.33389585342333655
4.402020454406738,0.33413693346190937
4.404541492462158,0.3343780135004822
4.4048752784729,0.33461909353905495
4.405689716339111,0.33486017357762776
4.407789707183838,0.3351012536162006
4.408388137817383,0.3353423336547734
4.409332275390625,0.3355834136933462
4.412154197692871,0.33582449373191897
4.412452220916748,0.3360655737704918
4.413507461547852,0.3363066538090646
4.413537979125977,0.3365477338476374
4.416443824768066,0.33678881388621024
4.416912078857422,0.33702989392478305
4.418356895446777,0.3372709739633558
4.421154975891113,0.33751205400192863
4.422223091125488,0.33775313404050145
4.42490291595459,0.33799421407907426
4.428264141082764,0.3382352941176471
4.428308010101318,0.33847637415621984
4.42935848236084,0.33871745419479266
4.430258750915527,0.33895853423336547
4.431973457336426,0.3391996142719383
4.433056354522705,0.3394406943105111
4.433304786682129,0.3396817743490839
4.433494567871094,0.3399228543876567
4.433658599853516,0.3401639344262295
4.43414306640625,0.3404050144648023
4.436558723449707,0.34064609450337513
4.436944007873535,0.34088717454194795
4.437979221343994,0.3411282545805207
4.4415483474731445,0.3413693346190935
4.4418182373046875,0.34161041465766634
4.44261360168457,0.34185149469623916
4.442940711975098,0.34209257473481197
4.443127632141113,0.3423336547733848
4.443779468536377,0.34257473481195755
4.4439191818237305,0.34281581485053036
4.445732116699219,0.3430568948891032
4.447608947753906,0.343297974927676
4.447734355926514,0.3435390549662488
4.448366641998291,0.3437801350048216
4.448748588562012,0.3440212150433944
4.4490790367126465,0.3442622950819672
4.451107025146484,0.34450337512054
4.451506614685059,0.34474445515911284
4.452371597290039,0.34498553519768566
4.452644348144531,0.3452266152362584
4.454754829406738,0.34546769527483123
4.454904556274414,0.34570877531340405
4.456405162811279,0.34594985535197686
4.461402893066406,0.3461909353905497
4.462291240692139,0.34643201542912244
4.462920665740967,0.34667309546769526
4.463810920715332,0.3469141755062681
4.464276313781738,0.3471552555448409
4.464341163635254,0.3473963355834137
4.464373588562012,0.3476374156219865
4.4646735191345215,0.3478784956605593
4.466536998748779,0.3481195756991321
4.466545581817627,0.3483606557377049
4.46709680557251,0.34860173577627773
4.467315673828125,0.34884281581485055
4.46745491027832,0.3490838958534233
4.468041896820068,0.3493249758919961
4.468118667602539,0.34956605593056894
4.4696431159973145,0.34980713596914176
4.471096992492676,0.3500482160077146
4.471153259277344,0.3502892960462874
4.471601963043213,0.35053037608486015
4.471616744995117,0.35077145612343297
4.472241401672363,0.3510125361620058
4.472635269165039,0.3512536162005786
4.473293304443359,0.3514946962391514
4.4734601974487305,0.3517357762777242
4.474442481994629,0.351976856316297
4.475086212158203,0.3522179363548698
4.477344512939453,0.3524590163934426
4.477460861206055,0.35270009643201544
4.4779229164123535,0.35294117647058826
4.479517936706543,0.353182256509161
4.480640888214111,0.35342333654773384
4.481760025024414,0.35366441658630665
4.482417583465576,0.35390549662487947
4.484227657318115,0.3541465766634523
4.484911918640137,0.3543876567020251
4.484969139099121,0.35462873674059786
4.4882965087890625,0.3548698167791707
4.488502502441406,0.3551108968177435
4.4920735359191895,0.3553519768563163
4.493662357330322,0.3555930568948891
4.495526313781738,0.3558341369334619
4.496081352233887,0.3560752169720347
4.4980669021606445,0.3563162970106075
4.49901008605957,0.35655737704918034
4.500633239746094,0.35679845708775315
4.5012383460998535,0.35703953712632597
4.501776695251465,0.35728061716489873
4.503293037414551,0.35752169720347154
4.505887985229492,0.35776277724204436
4.506827354431152,0.3580038572806172
4.506892204284668,0.35824493731919
4.510835647583008,0.35848601735776275
4.510908126831055,0.35872709739633557
4.512050628662109,0.3589681774349084
4.5122270584106445,0.3592092574734812
4.5130510330200195,0.359450337512054
4.513192176818848,0.35969141755062684
4.513258934020996,0.3599324975891996
4.514057159423828,0.3601735776277724
4.515418529510498,0.36041465766634523
4.515623569488525,0.36065573770491804
4.5156755447387695,0.36089681774349086
4.516068458557129,0.3611378977820636
4.517271041870117,0.36137897782063644
4.521524429321289,0.36162005785920925
4.522201061248779,0.36186113789778207
4.522631645202637,0.3621022179363549
4.525426864624023,0.3623432979749277
4.526007652282715,0.36258437801350046
4.526885986328125,0.3628254580520733
4.527383804321289,0.3630665380906461
4.52827262878418,0.3633076181292189
4.529261112213135,0.36354869816779173
4.530773162841797,0.3637897782063645
4.53502893447876,0.3640308582449373
4.537101745605469,0.3642719382835101
4.537162780761719,0.36451301832208294
4.539857387542725,0.36475409836065575
4.540305137634277,0.36499517839922857
4.540413856506348,0.36523625843780133
4.540421485900879,0.36547733847637415
4.541092872619629,0.36571841851494696
4.541991710662842,0.3659594985535198
4.542281150817871,0.3662005785920926
4.543798923492432,0.36644165863066536
4.544569969177246,0.3666827386692382
4.548012733459473,0.366923818707811
4.548169136047363,0.3671648987463838
4.5487470626831055,0.3674059787849566
4.54929256439209,0.36764705882352944
4.550147533416748,0.3678881388621022
4.554945945739746,0.368129218900675
4.55626106262207,0.36837029893924783
4.55629825592041,0.36861137897782065
4.556671142578125,0.36885245901639346
4.557065010070801,0.3690935390549662
4.559938430786133,0.36933461909353904
4.562544345855713,0.36957569913211186
4.564437389373779,0.3698167791706847
4.565165996551514,0.3700578592092575
4.565758228302002,0.3702989392478303
4.566339492797852,0.37054001928640307
4.567133903503418,0.3707810993249759
4.568607330322266,0.3710221793635487
4.569485187530518,0.3712632594021215
4.569638252258301,0.37150433944069433
4.569934844970703,0.3717454194792671
4.570403099060059,0.3719864995178399
4.571789741516113,0.3722275795564127
4.573250770568848,0.37246865959498554
4.57425594329834,0.37270973963355836
4.575514316558838,0.3729508196721312
4.578932762145996,0.37319189971070393
4.580178260803223,0.37343297974927675
4.580597877502441,0.37367405978784957
4.580694675445557,0.3739151398264224
4.581801414489746,0.3741562198649952
4.58200740814209,0.37439729990356796
4.584244728088379,0.3746383799421408
4.586071014404297,0.3748794599807136
4.587135314941406,0.3751205400192864
4.587216377258301,0.3753616200578592
4.587970733642578,0.37560270009643204
4.588376998901367,0.3758437801350048
4.59055233001709,0.3760848601735776
4.590666770935059,0.37632594021215043
4.592477798461914,0.37656702025072325
4.5945305824279785,0.37680810028929607
4.594736099243164,0.3770491803278688
4.5950608253479,0.37729026036644164
4.595126628875732,0.37753134040501446
4.596026420593262,0.3777724204435873
4.596571445465088,0.3780135004821601
4.596735000610352,0.3782545805207329
4.597765922546387,0.37849566055930567
4.597968101501465,0.3787367405978785
4.599945545196533,0.3789778206364513
4.60096549987793,0.3792189006750241
4.602052688598633,0.37945998071359693
4.60285758972168,0.3797010607521697
4.603194236755371,0.3799421407907425
4.604230880737305,0.3801832208293153
4.604303359985352,0.38042430086788814
4.606069564819336,0.38066538090646096
4.607269763946533,0.3809064609450338
4.608017921447754,0.38114754098360654
4.608539581298828,0.38138862102217935
4.610034942626953,0.38162970106075217
4.610439300537109,0.381870781099325
4.610713958740234,0.3821118611378978
4.613068103790283,0.38235294117647056
4.61482048034668,0.3825940212150434
4.614843368530273,0.3828351012536162
4.615165710449219,0.383076181292189
4.619231224060059,0.3833172613307618
4.6203131675720215,0.38355834136933464
4.621164321899414,0.3837994214079074
4.622977256774902,0.3840405014464802
4.624542236328125,0.38428158148505304
4.624776840209961,0.38452266152362585
4.625371932983398,0.38476374156219867
4.625886917114258,0.38500482160077143
4.626067161560059,0.38524590163934425
4.627456188201904,0.38548698167791706
4.627755641937256,0.3857280617164899
4.628660202026367,0.3859691417550627
4.630218505859375,0.3862102217936355
4.630478858947754,0.38645130183220827
4.631021499633789,0.3866923818707811
4.634208679199219,0.3869334619093539
4.63508415222168,0.3871745419479267
4.63693904876709,0.38741562198649954
4.638229846954346,0.3876567020250723
4.6384735107421875,0.3878977820636451
4.642337799072266,0.38813886210221793
4.642826557159424,0.38837994214079075
4.644428730010986,0.38862102217936356
4.645011901855469,0.3888621022179364
4.646091938018799,0.38910318225650914
4.646538734436035,0.38934426229508196
4.6468505859375,0.38958534233365477
4.650092601776123,0.3898264223722276
4.652283668518066,0.3900675024108004
4.652868270874023,0.39030858244937316
4.654571533203125,0.390549662487946
4.658335208892822,0.3907907425265188
4.658474922180176,0.3910318225650916
4.659217834472656,0.39127290260366443
4.660790920257568,0.39151398264223725
4.664632797241211,0.39175506268081
4.665386199951172,0.3919961427193828
4.666412353515625,0.39223722275795564
4.6665496826171875,0.39247830279652846
4.669110298156738,0.39271938283510127
4.669157028198242,0.39296046287367403
4.671175956726074,0.39320154291224685
4.672708988189697,0.39344262295081966
4.673084259033203,0.3936837029893925
4.673490524291992,0.3939247830279653
4.6740617752075195,0.3941658630665381
4.674951553344727,0.3944069431051109
4.6765546798706055,0.3946480231436837
4.6768479347229,0.3948891031822565
4.676877021789551,0.3951301832208293
4.680333137512207,0.39537126325940214
4.683858871459961,0.3956123432979749
4.684566497802734,0.3958534233365477
4.685638427734375,0.39609450337512053
4.687019348144531,0.39633558341369335
4.687342166900635,0.39657666345226616
4.688000679016113,0.396817743490839
4.688745498657227,0.39705882352941174
4.688799858093262,0.39729990356798456
4.688860893249512,0.3975409836065574
4.689446926116943,0.3977820636451302
4.690591812133789,0.398023143683703
4.690732955932617,0.3982642237222758
4.6915364265441895,0.3985053037608486
4.69166898727417,0.3987463837994214
4.6929779052734375,0.3989874638379942
4.693879127502441,0.39922854387656703
4.701239585876465,0.39946962391513985
4.702091217041016,0.3997107039537126
4.702592372894287,0.3999517839922854
4.7028632164001465,0.40019286403085824
4.703387260437012,0.40043394406943106
4.70497989654541,0.4006750241080039
4.706063747406006,0.4009161041465767
4.707528114318848,0.40115718418514945
4.707932472229004,0.40139826422372227
4.710390090942383,0.4016393442622951
4.711757659912109,0.4018804243008679
4.711951732635498,0.4021215043394407
4.712277412414551,0.4023625843780135
4.71462345123291,0.4026036644165863
4.7152533531188965,0.4028447444551591
4.71538782119751,0.4030858244937319
4.715452671051025,0.40332690453230474
4.715803146362305,0.40356798457087756
4.71816349029541,0.4038090646094503
4.719310760498047,0.40405014464802314
4.719379425048828,0.40429122468659595
4.724872589111328,0.40453230472516877
4.7252960205078125,0.4047733847637416
4.725397109985352,0.40501446480231434
4.7257080078125,0.40525554484088716
4.726244926452637,0.40549662487946
4.726593971252441,0.4057377049180328
4.726706504821777,0.4059787849566056
4.731178283691406,0.4062198649951784
4.734181880950928,0.4064609450337512
4.735417366027832,0.406702025072324
4.738236427307129,0.4069431051108968
4.73890495300293,0.40718418514946964
4.741718292236328,0.40742526518804245
4.7421345710754395,0.4076663452266152
4.743664741516113,0.40790742526518803
4.7439069747924805,0.40814850530376084
4.744933128356934,0.40838958534233366
4.749395847320557,0.4086306653809065
4.749741554260254,0.4088717454194793
4.750521659851074,0.40911282545805205
4.751382827758789,0.40935390549662487
4.752629280090332,0.4095949855351977
4.757785320281982,0.4098360655737705
4.758146286010742,0.4100771456123433
4.758538246154785,0.4103182256509161
4.758825302124023,0.4105593056894889
4.75900936126709,0.4108003857280617
4.759111404418945,0.41104146576663453
4.76155424118042,0.41128254580520734
4.763136863708496,0.41152362584378016
4.768048286437988,0.4117647058823529
4.769061088562012,0.41200578592092574
4.76947021484375,0.41224686595949855
4.771711349487305,0.41248794599807137
4.772100448608398,0.4127290260366442
4.775924205780029,0.41297010607521695
4.7768707275390625,0.41321118611378976
4.780636787414551,0.4134522661523626
4.782435417175293,0.4136933461909354
4.784146308898926,0.4139344262295082
4.784933567047119,0.41417550626808103
4.786334037780762,0.4144165863066538
4.787492752075195,0.4146576663452266
4.793396949768066,0.4148987463837994
4.795027732849121,0.41513982642237224
4.795158863067627,0.41538090646094505
4.796369552612305,0.4156219864995178
4.7966132164001465,0.41586306653809063
4.797905445098877,0.41610414657666345
4.798915386199951,0.41634522661523626
4.801213264465332,0.4165863066538091
4.80220365524292,0.4168273866923819
4.805943489074707,0.41706846673095466
4.806639671325684,0.4173095467695275
4.8078083992004395,0.4175506268081003
4.808600425720215,0.4177917068466731
4.809253692626953,0.4180327868852459
4.809290409088135,0.4182738669238187
4.809659004211426,0.4185149469623915
4.810328483581543,0.4187560270009643
4.814284324645996,0.41899710703953713
4.815959453582764,0.41923818707810995
4.817108154296875,0.41947926711668276
4.817124366760254,0.4197203471552555
4.818608283996582,0.41996142719382834
4.822247505187988,0.42020250723240116
4.824314594268799,0.420443587270974
4.830534934997559,0.4206846673095468
4.8307271003723145,0.42092574734811955
4.835897922515869,0.42116682738669237
4.835958480834961,0.4214079074252652
4.836577415466309,0.421648987463838
4.836911678314209,0.4218900675024108
4.836928367614746,0.42213114754098363
4.837100028991699,0.4223722275795564
4.838334083557129,0.4226133076181292
4.839152812957764,0.422854387656702
4.846468925476074,0.42309546769527484
4.850092887878418,0.42333654773384766
4.850809097290039,0.4235776277724204
4.850818634033203,0.42381870781099323
4.852508544921875,0.42405978784956605
4.853822231292725,0.42430086788813887
4.854405403137207,0.4245419479267117
4.855752944946289,0.4247830279652845
4.856509208679199,0.42502410800385726
4.856998443603516,0.4252651880424301
4.859508991241455,0.4255062680810029
4.860418319702148,0.4257473481195757
4.862038612365723,0.4259884281581485
4.864060878753662,0.4262295081967213
4.87302303314209,0.4264705882352941
4.875922203063965,0.4267116682738669
4.8766865730285645,0.42695274831243973
4.8787641525268555,0.42719382835101255
4.878883361816406,0.42743490838958537
4.880499362945557,0.4276759884281581
4.88325834274292,0.42791706846673094
4.88395881652832,0.42815814850530376
4.885220050811768,0.4283992285438766
4.888579845428467,0.4286403085824494
4.888723373413086,0.42888138862102215
4.889294147491455,0.42912246865959497
4.889591217041016,0.4293635486981678
4.892326354980469,0.4296046287367406
4.89478874206543,0.4298457087753134
4.895812511444092,0.43008678881388623
4.9001665115356445,0.430327868852459
4.9002885818481445,0.4305689488910318
4.903682708740234,0.4308100289296046
4.905832290649414,0.43105110896817744
4.905975341796875,0.43129218900675026
4.906564235687256,0.431533269045323
4.9066290855407715,0.43177434908389584
4.9089202880859375,0.43201542912246865
4.909380912780762,0.43225650916104147
4.91324520111084,0.4324975891996143
4.913352012634277,0.4327386692381871
4.9161176681518555,0.43297974927675986
4.9172282218933105,0.4332208293153327
4.917988300323486,0.4334619093539055
4.921823024749756,0.4337029893924783
4.9226274490356445,0.4339440694310511
4.923036098480225,0.4341851494696239
4.92324161529541,0.4344262295081967
4.925637722015381,0.4346673095467695
4.926587104797363,0.43490838958534234
4.926921367645264,0.43514946962391515
4.930993556976318,0.43539054966248797
4.9324870109558105,0.43563162970106073
4.932801246643066,0.43587270973963355
4.9371185302734375,0.43611378977820636
4.940797805786133,0.4363548698167792
4.941458702087402,0.436595949855352
4.942461013793945,0.43683702989392476
4.943511009216309,0.43707810993249757
4.945677757263184,0.4373191899710704
4.946173667907715,0.4375602700096432
4.946296691894531,0.437801350048216
4.947719573974609,0.43804243008678884
4.948470592498779,0.4382835101253616
4.949610710144043,0.4385245901639344
4.951275825500488,0.43876567020250723
4.951322078704834,0.43900675024108005
4.951560020446777,0.43924783027965286
4.951800346374512,0.4394889103182257
4.9522600173950195,0.43972999035679844
4.955778121948242,0.43997107039537126
4.9559526443481445,0.44021215043394407
4.957498550415039,0.4404532304725169
4.957514762878418,0.4406943105110897
4.958434104919434,0.44093539054966246
4.959790229797363,0.4411764705882353
4.961675643920898,0.4414175506268081
4.962131500244141,0.4416586306653809
4.962385177612305,0.44189971070395373
4.963906288146973,0.44214079074252655
4.9644389152526855,0.4423818707810993
4.968137264251709,0.4426229508196721
4.970705509185791,0.44286403085824494
4.971680164337158,0.44310511089681776
4.973052024841309,0.44334619093539057
4.973118782043457,0.44358727097396333
4.978080749511719,0.44382835101253615
4.978219032287598,0.44406943105110896
4.979599952697754,0.4443105110896818
4.982348442077637,0.4445515911282546
4.984063148498535,0.4447926711668274
4.987687110900879,0.4450337512054002
4.988953590393066,0.445274831243973
4.9893083572387695,0.4455159112825458
4.989940643310547,0.4457569913211186
4.992657661437988,0.44599807135969144
4.9928717613220215,0.4462391513982642
4.99512243270874,0.446480231436837
4.997653007507324,0.44672131147540983
5.003058433532715,0.44696239151398265
5.0033674240112305,0.44720347155255546
5.005362510681152,0.4474445515911283
5.007626533508301,0.44768563162970104
5.008090972900391,0.44792671166827386
5.008101463317871,0.4481677917068467
5.010677337646484,0.4484088717454195
5.013559818267822,0.4486499517839923
5.016129016876221,0.44889103182256507
5.01743221282959,0.4491321118611379
5.017801284790039,0.4493731918997107
5.0196027755737305,0.4496142719382835
5.01963996887207,0.44985535197685633
5.020883560180664,0.45009643201542915
5.02099609375,0.4503375120540019
5.025145530700684,0.4505785920925747
5.03375244140625,0.45081967213114754
5.035118103027344,0.45106075216972036
5.037070274353027,0.4513018322082932
5.040108680725098,0.45154291224686594
5.0416669845581055,0.45178399228543875
5.042318820953369,0.45202507232401157
5.043476104736328,0.4522661523625844
5.04374885559082,0.4525072324011572
5.0440826416015625,0.45274831243973
5.046462059020996,0.4529893924783028
5.049294471740723,0.4532304725168756
5.050704479217529,0.4534715525554484
5.057718753814697,0.4537126325940212
5.0577850341796875,0.45395371263259404
5.059108734130859,0.4541947926711668
5.0603532791137695,0.4544358727097396
5.061295032501221,0.45467695274831244
5.06240177154541,0.45491803278688525
5.062819480895996,0.45515911282545807
5.063195705413818,0.4554001928640309
5.064221382141113,0.45564127290260364
5.064265727996826,0.45588235294117646
5.064452171325684,0.4561234329797493
5.066651821136475,0.4563645130183221
5.068023681640625,0.4566055930568949
5.069316864013672,0.45684667309546767
5.070802688598633,0.4570877531340405
5.071740627288818,0.4573288331726133
5.075087547302246,0.4575699132111861
5.076897144317627,0.45781099324975894
5.077818870544434,0.45805207328833175
5.077820301055908,0.4582931533269045
5.081117630004883,0.45853423336547733
5.081196308135986,0.45877531340405014
5.08218240737915,0.45901639344262296
5.083150863647461,0.4592574734811958
5.0836639404296875,0.45949855351976854
5.087386131286621,0.45973963355834135
5.09370231628418,0.45998071359691417
5.094912528991699,0.460221793635487
5.09566593170166,0.4604628736740598
5.0978617668151855,0.4607039537126326
5.099356651306152,0.4609450337512054
5.100315570831299,0.4611861137897782
5.102812767028809,0.461427193828351
5.103610992431641,0.46166827386692383
5.103700637817383,0.46190935390549664
5.105960845947266,0.4621504339440694
5.10597562789917,0.4623915139826422
5.108152389526367,0.46263259402121504
5.110452175140381,0.46287367405978785
5.110528469085693,0.46311475409836067
5.115262031555176,0.4633558341369335
5.115874290466309,0.46359691417550625
5.117734909057617,0.46383799421407906
5.118897914886475,0.4640790742526519
5.121397972106934,0.4643201542912247
5.1230149269104,0.4645612343297975
5.124173164367676,0.4648023143683703
5.124327659606934,0.4650433944069431
5.125761032104492,0.4652844744455159
5.127296447753906,0.4655255544840887
5.128967761993408,0.46576663452266154
5.129365921020508,0.46600771456123435
5.12945556640625,0.4662487945998071
5.135268211364746,0.46648987463837993
5.136776447296143,0.46673095467695275
5.138577461242676,0.46697203471552556
5.142076015472412,0.4672131147540984
5.1423563957214355,0.46745419479267114
5.143000602722168,0.46769527483124396
5.144181251525879,0.4679363548698168
5.1450395584106445,0.4681774349083896
5.145430088043213,0.4684185149469624
5.147006034851074,0.4686595949855352
5.147159576416016,0.468900675024108
5.150651931762695,0.4691417550626808
5.153472900390625,0.4693828351012536
5.1540727615356445,0.46962391513982643
5.155341148376465,0.46986499517839925
5.155998706817627,0.470106075216972
5.156109809875488,0.4703471552555448
5.1580095291137695,0.47058823529411764
5.158481121063232,0.47082931533269046
5.160983085632324,0.4710703953712633
5.162114143371582,0.4713114754098361
5.162652492523193,0.47155255544840885
5.165256500244141,0.47179363548698167
5.165361404418945,0.4720347155255545
5.169707298278809,0.4722757955641273
5.171487808227539,0.4725168756027001
5.173050880432129,0.4727579556412729
5.1764678955078125,0.4729990356798457
5.17739725112915,0.4732401157184185
5.179234504699707,0.4734811957569913
5.181978702545166,0.47372227579556414
5.185064792633057,0.47396335583413696
5.185229778289795,0.4742044358727097
5.188739776611328,0.47444551591128253
5.188889026641846,0.47468659594985535
5.191263198852539,0.47492767598842817
5.1929216384887695,0.475168756027001
5.197014808654785,0.47540983606557374
5.1973466873168945,0.47565091610414656
5.197532653808594,0.4758919961427194
5.2015380859375,0.4761330761812922
5.202210426330566,0.476374156219865
5.202345848083496,0.4766152362584378
5.202825546264648,0.4768563162970106
5.204665184020996,0.4770973963355834
5.204800128936768,0.4773384763741562
5.205588340759277,0.47757955641272903
5.207710266113281,0.47782063645130185
5.213972091674805,0.4780617164898746
5.218398094177246,0.4783027965284474
5.21954345703125,0.47854387656702024
5.220599174499512,0.47878495660559306
5.2234930992126465,0.4790260366441659
5.224161148071289,0.4792671166827387
5.225337982177734,0.47950819672131145
5.225668907165527,0.47974927675988427
5.229968070983887,0.4799903567984571
5.230990409851074,0.4802314368370299
5.23615837097168,0.4804725168756027
5.237795829772949,0.48071359691417553
5.240407466888428,0.4809546769527483
5.240556240081787,0.4811957569913211
5.243022918701172,0.4814368370298939
5.243753910064697,0.48167791706846674
5.244715690612793,0.48191899710703956
5.24810791015625,0.4821600771456123
5.248356819152832,0.48240115718418514
5.250626087188721,0.48264223722275795
5.253662109375,0.48288331726133077
5.25692081451416,0.4831243972999036
5.259419918060303,0.4833654773384764
5.261395454406738,0.48360655737704916
5.262905120849609,0.483847637415622
5.26338529586792,0.4840887174541948
5.2638139724731445,0.4843297974927676
5.267012596130371,0.4845708775313404
5.269803047180176,0.4848119575699132
5.270544528961182,0.485053037608486
5.272826194763184,0.4852941176470588
5.273281097412109,0.48553519768563164
5.276357650756836,0.48577627772420445
5.279066562652588,0.48601735776277727
5.280618667602539,0.48625843780135003
5.281200885772705,0.48649951783992285
5.282346248626709,0.48674059787849566
5.2824249267578125,0.4869816779170685
5.2844133377075195,0.4872227579556413
5.284878730773926,0.48746383799421406
5.291927337646484,0.48770491803278687
5.292445659637451,0.4879459980713597
5.292478561401367,0.4881870781099325
5.294987678527832,0.4884281581485053
5.295554161071777,0.48866923818707814
5.296570301055908,0.4889103182256509
5.303945541381836,0.4891513982642237
5.304854869842529,0.48939247830279653
5.305832862854004,0.48963355834136935
5.306960105895996,0.48987463837994216
5.30704402923584,0.4901157184185149
5.3089189529418945,0.49035679845708774
5.31107234954834,0.49059787849566056
5.311867713928223,0.49083895853423337
5.312433242797852,0.4910800385728062
5.313092231750488,0.491321118611379
5.3145904541015625,0.49156219864995176
5.315958023071289,0.4918032786885246
5.316699028015137,0.4920443587270974
5.321314811706543,0.4922854387656702
5.321990489959717,0.49252651880424303
5.325591564178467,0.4927675988428158
5.331709861755371,0.4930086788813886
5.338664531707764,0.4932497589199614
5.3392486572265625,0.49349083895853424
5.339895248413086,0.49373191899710706
5.341891765594482,0.49397299903567987
5.343685150146484,0.49421407907425263
5.343857765197754,0.49445515911282545
5.3438615798950195,0.49469623915139826
5.344728469848633,0.4949373191899711
5.345475196838379,0.4951783992285439
5.346312522888184,0.49541947926711666
5.351651191711426,0.4956605593056895
5.352221965789795,0.4959016393442623
5.352499961853027,0.4961427193828351
5.356276988983154,0.4963837994214079
5.356849670410156,0.49662487945998074
5.360865116119385,0.4968659594985535
5.366120338439941,0.4971070395371263
5.366636276245117,0.49734811957569913
5.368215560913086,0.49758919961427195
5.37062931060791,0.49783027965284476
5.3714704513549805,0.4980713596914175
5.3715410232543945,0.49831243972999034
5.372623443603516,0.49855351976856316
5.372636795043945,0.498794599807136
5.373297691345215,0.4990356798457088
5.373392105102539,0.4992767598842816
5.377821922302246,0.49951783992285437
5.379071235656738,0.4997589199614272
5.379938125610352,0.5
5.382864952087402,0.5002410800385728
5.384101390838623,0.5004821600771456
5.384345054626465,0.5007232401157184
5.387494087219238,0.5009643201542913
5.3887763023376465,0.5012054001928641
5.3904619216918945,0.5014464802314368
5.391268730163574,0.5016875602700096
5.391633987426758,0.5019286403085824
5.39560604095459,0.5021697203471552
5.39756965637207,0.502410800385728
5.401940822601318,0.5026518804243009
5.402184963226318,0.5028929604628737
5.402245998382568,0.5031340405014465
5.404508590698242,0.5033751205400193
5.405159950256348,0.5036162005785921
5.406547546386719,0.503857280617165
5.410205841064453,0.5040983606557377
5.410505294799805,0.5043394406943105
5.410726070404053,0.5045805207328833
5.41170072555542,0.5048216007714561
5.41959285736084,0.5050626808100289
5.423117637634277,0.5053037608486017
5.423233985900879,0.5055448408871746
5.424029350280762,0.5057859209257474
5.425622940063477,0.5060270009643202
5.4258198738098145,0.506268081002893
5.425820350646973,0.5065091610414658
5.427633285522461,0.5067502410800385
5.428091049194336,0.5069913211186113
5.428939342498779,0.5072324011571842
5.429427146911621,0.507473481195757
5.429896354675293,0.5077145612343298
5.432793140411377,0.5079556412729026
5.4384684562683105,0.5081967213114754
5.4388861656188965,0.5084378013500482
5.440564155578613,0.508678881388621
5.441977500915527,0.5089199614271939
5.443549156188965,0.5091610414657667
5.445409297943115,0.5094021215043394
5.445509910583496,0.5096432015429122
5.446652889251709,0.509884281581485
5.448050022125244,0.5101253616200578
5.4498796463012695,0.5103664416586307
5.451504707336426,0.5106075216972035
5.452915191650391,0.5108486017357763
5.456725120544434,0.5110896817743491
5.462023735046387,0.5113307618129219
5.465032577514648,0.5115718418514947
5.466107368469238,0.5118129218900676
5.4700164794921875,0.5120540019286403
5.470564842224121,0.5122950819672131
5.475180625915527,0.5125361620057859
5.475209712982178,0.5127772420443587
5.477631568908691,0.5130183220829315
5.47890567779541,0.5132594021215043
5.47957706451416,0.5135004821600772
5.479778289794922,0.51374156219865
5.4800124168396,0.5139826422372228
5.480592727661133,0.5142237222757956
5.481715202331543,0.5144648023143684
5.48203182220459,0.5147058823529411
5.485037803649902,0.5149469623915139
5.487274169921875,0.5151880424300868
5.487728595733643,0.5154291224686596
5.490032196044922,0.5156702025072324
5.490836143493652,0.5159112825458052
5.49244499206543,0.516152362584378
5.493587017059326,0.5163934426229508
5.4964213371276855,0.5166345226615237
5.496654987335205,0.5168756027000965
5.496735572814941,0.5171166827386693
5.497493743896484,0.517357762777242
5.5090012550354,0.5175988428158148
5.509566307067871,0.5178399228543876
5.510534286499023,0.5180810028929604
5.514230251312256,0.5183220829315333
5.515053749084473,0.5185631629701061
5.515125751495361,0.5188042430086789
5.5204572677612305,0.5190453230472517
5.521209239959717,0.5192864030858245
5.5223493576049805,0.5195274831243973
5.522812843322754,0.5197685631629702
5.527848243713379,0.5200096432015429
5.530981063842773,0.5202507232401157
5.532082557678223,0.5204918032786885
5.532099723815918,0.5207328833172613
5.532973289489746,0.5209739633558341
5.534747123718262,0.5212150433944069
5.535079002380371,0.5214561234329798
5.535221099853516,0.5216972034715526
5.5383687019348145,0.5219382835101254
5.538715839385986,0.5221793635486982
5.543779373168945,0.522420443587271
5.544692039489746,0.5226615236258437
5.5452070236206055,0.5229026036644165
5.5510149002075195,0.5231436837029894
5.551698684692383,0.5233847637415622
5.552774429321289,0.523625843780135
5.552913188934326,0.5238669238187078
5.555903434753418,0.5241080038572806
5.558337688446045,0.5243490838958534
5.5584635734558105,0.5245901639344263
5.560798645019531,0.5248312439729991
5.562666893005371,0.5250723240115719
5.5654497146606445,0.5253134040501446
5.569665908813477,0.5255544840887174
5.570682525634766,0.5257955641272902
5.572766304016113,0.526036644165863
5.573002338409424,0.5262777242044359
5.573650360107422,0.5265188042430087
5.57386589050293,0.5267598842815815
5.575409889221191,0.5270009643201543
5.581854820251465,0.5272420443587271
5.582666397094727,0.5274831243972999
5.58375883102417,0.5277242044358728
5.584133625030518,0.5279652844744455
5.584620475769043,0.5282063645130183
5.585085868835449,0.5284474445515911
5.585808753967285,0.5286885245901639
5.586942672729492,0.5289296046287367
5.58909273147583,0.5291706846673095
5.59031867980957,0.5294117647058824
5.590486526489258,0.5296528447444552
5.590924263000488,0.529893924783028
5.5933074951171875,0.5301350048216008
5.593448638916016,0.5303760848601736
5.593636989593506,0.5306171648987463
5.5990142822265625,0.5308582449373191
5.5998430252075195,0.531099324975892
5.6046905517578125,0.5313404050144648
5.6085357666015625,0.5315814850530376
5.609350204467773,0.5318225650916104
5.6105756759643555,0.5320636451301832
5.610770225524902,0.532304725168756
5.611999988555908,0.5325458052073289
5.6122870445251465,0.5327868852459017
5.616874694824219,0.5330279652844745
5.617509841918945,0.5332690453230472
5.619108200073242,0.53351012536162
5.621106147766113,0.5337512054001928
5.623307228088379,0.5339922854387656
5.624593734741211,0.5342333654773385
5.627063751220703,0.5344744455159113
5.62739896774292,0.5347155255544841
5.627843856811523,0.5349566055930569
5.62789249420166,0.5351976856316297
5.627913475036621,0.5354387656702025
5.628762245178223,0.5356798457087754
5.630240440368652,0.5359209257473481
5.630960941314697,0.5361620057859209
5.631014823913574,0.5364030858244937
5.631387233734131,0.5366441658630665
5.633596420288086,0.5368852459016393
5.6346540451049805,0.5371263259402121
5.635430335998535,0.537367405978785
5.635976791381836,0.5376084860173578
5.638125419616699,0.5378495660559306
5.639961242675781,0.5380906460945034
5.643418312072754,0.5383317261330762
5.646507263183594,0.5385728061716489
5.651959419250488,0.5388138862102217
5.654579162597656,0.5390549662487946
5.655648231506348,0.5392960462873674
5.655799865722656,0.5395371263259402
5.656023979187012,0.539778206364513
5.65627384185791,0.5400192864030858
5.656534194946289,0.5402603664416586
5.657724380493164,0.5405014464802315
5.65834903717041,0.5407425265188043
5.6585259437561035,0.5409836065573771
5.661493301391602,0.5412246865959498
5.661614418029785,0.5414657666345226
5.661726951599121,0.5417068466730954
5.662954330444336,0.5419479267116682
5.665092945098877,0.5421890067502411
5.671474456787109,0.5424300867888139
5.672625541687012,0.5426711668273867
5.673491477966309,0.5429122468659595
5.674710273742676,0.5431533269045323
5.676207065582275,0.5433944069431051
5.680761337280273,0.543635486981678
5.682918548583984,0.5438765670202508
5.685277938842773,0.5441176470588235
5.691427230834961,0.5443587270973963
5.691536903381348,0.5445998071359691
5.694643974304199,0.5448408871745419
5.695585250854492,0.5450819672131147
5.696874141693115,0.5453230472516876
5.700242519378662,0.5455641272902604
5.705394744873047,0.5458052073288332
5.707216262817383,0.546046287367406
5.713775634765625,0.5462873674059788
5.715248107910156,0.5465284474445516
5.717133045196533,0.5467695274831244
5.718198299407959,0.5470106075216972
5.718754768371582,0.54725168756027
5.719321250915527,0.5474927675988428
5.72075080871582,0.5477338476374156
5.723470687866211,0.5479749276759884
5.727463722229004,0.5482160077145612
5.73391580581665,0.5484570877531341
5.7341742515563965,0.5486981677917069
5.736379623413086,0.5489392478302797
5.736691474914551,0.5491803278688525
5.744011878967285,0.5494214079074252
5.7467217445373535,0.549662487945998
5.747465133666992,0.5499035679845709
5.747821807861328,0.5501446480231437
5.751947402954102,0.5503857280617165
5.752350330352783,0.5506268081002893
5.752630710601807,0.5508678881388621
5.753658294677734,0.5511089681774349
5.754880905151367,0.5513500482160077
5.757657051086426,0.5515911282545806
5.757689952850342,0.5518322082931534
5.762484073638916,0.5520732883317261
5.766417026519775,0.5523143683702989
5.768570899963379,0.5525554484088717
5.7762603759765625,0.5527965284474445
5.779362201690674,0.5530376084860174
5.782801151275635,0.5532786885245902
5.783002853393555,0.553519768563163
5.783173084259033,0.5537608486017358
5.784945487976074,0.5540019286403086
5.786127090454102,0.5542430086788814
5.786662578582764,0.5544840887174542
5.78704833984375,0.554725168756027
5.787955284118652,0.5549662487945998
5.790376663208008,0.5552073288331726
5.791947364807129,0.5554484088717454
5.796525478363037,0.5556894889103182
5.796786308288574,0.555930568948891
5.797731876373291,0.5561716489874639
5.799724102020264,0.5564127290260367
5.807382583618164,0.5566538090646095
5.807548522949219,0.5568948891031823
5.810588836669922,0.5571359691417551
5.811593055725098,0.5573770491803278
5.815872669219971,0.5576181292189006
5.817314147949219,0.5578592092574735
5.820204734802246,0.5581002892960463
5.820771217346191,0.5583413693346191
5.822024822235107,0.5585824493731919
5.823142051696777,0.5588235294117647
5.823769569396973,0.5590646094503375
5.824126243591309,0.5593056894889104
5.827122688293457,0.5595467695274832
5.828927040100098,0.559787849566056
5.830103874206543,0.5600289296046287
5.831610202789307,0.5602700096432015
5.833430290222168,0.5605110896817743
5.834964275360107,0.5607521697203471
5.835019588470459,0.56099324975892
5.83587121963501,0.5612343297974928
5.836200714111328,0.5614754098360656
5.836916446685791,0.5617164898746384
5.8369293212890625,0.5619575699132112
5.839101791381836,0.562198649951784
5.840068817138672,0.5624397299903569
5.840091705322266,0.5626808100289296
5.840226173400879,0.5629218900675024
5.840548515319824,0.5631629701060752
5.842254638671875,0.563404050144648
5.842409610748291,0.5636451301832208
5.845277786254883,0.5638862102217936
5.847014427185059,0.5641272902603665
5.847236633300781,0.5643683702989393
5.847721099853516,0.5646094503375121
5.847785949707031,0.5648505303760849
5.850289821624756,0.5650916104146577
5.852884769439697,0.5653326904532304
5.85385799407959,0.5655737704918032
5.8555908203125,0.5658148505303761
5.862849235534668,0.5660559305689489
5.866186618804932,0.5662970106075217
5.866215705871582,0.5665380906460945
5.871697425842285,0.5667791706846673
5.874876976013184,0.5670202507232401
5.875518321990967,0.567261330761813
5.875812530517578,0.5675024108003858
5.877309799194336,0.5677434908389586
5.877882957458496,0.5679845708775313
5.8856329917907715,0.5682256509161041
5.886063575744629,0.5684667309546769
5.887401103973389,0.5687078109932497
5.8890228271484375,0.5689488910318226
5.890859603881836,0.5691899710703954
5.8923163414001465,0.5694310511089682
5.893734455108643,0.569672131147541
5.895183563232422,0.5699132111861138
5.896331787109375,0.5701542912246866
5.897348880767822,0.5703953712632595
5.900188446044922,0.5706364513018322
5.900234222412109,0.570877531340405
5.902739524841309,0.5711186113789778
5.904509544372559,0.5713596914175506
5.910048961639404,0.5716007714561234
5.913152694702148,0.5718418514946962
5.915373802185059,0.5720829315332691
5.917057991027832,0.5723240115718419
5.918060302734375,0.5725650916104147
5.9207258224487305,0.5728061716489875
5.92115592956543,0.5730472516875603
5.92123556137085,0.573288331726133
5.921774864196777,0.5735294117647058
5.921926021575928,0.5737704918032787
5.922240734100342,0.5740115718418515
5.923233509063721,0.5742526518804243
5.924653053283691,0.5744937319189971
5.92735481262207,0.5747348119575699
5.929086208343506,0.5749758919961427
5.930584907531738,0.5752169720347156
5.930676460266113,0.5754580520732884
5.930843353271484,0.5756991321118612
5.934963226318359,0.5759402121504339
5.934975624084473,0.5761812921890067
5.935051918029785,0.5764223722275795
5.937350749969482,0.5766634522661523
5.937372207641602,0.5769045323047252
5.939268112182617,0.577145612343298
5.9403076171875,0.5773866923818708
5.943568229675293,0.5776277724204436
5.946380615234375,0.5778688524590164
5.947933197021484,0.5781099324975892
5.951260566711426,0.5783510125361621
5.952547073364258,0.5785920925747348
5.952944755554199,0.5788331726133076
5.953804016113281,0.5790742526518804
5.958000183105469,0.5793153326904532
5.958584308624268,0.579556412729026
5.963254928588867,0.5797974927675988
5.9666242599487305,0.5800385728061717
5.967281341552734,0.5802796528447445
5.968454360961914,0.5805207328833173
5.968532562255859,0.5807618129218901
5.969972610473633,0.5810028929604629
5.975303649902344,0.5812439729990356
5.980025291442871,0.5814850530376084
5.98106050491333,0.5817261330761813
5.981614112854004,0.5819672131147541
5.991268157958984,0.5822082931533269
5.992763996124268,0.5824493731918997
5.996838569641113,0.5826904532304725
6.0009236335754395,0.5829315332690453
6.000940799713135,0.5831726133076182
6.004578113555908,0.583413693346191
6.005313873291016,0.5836547733847638
6.008923530578613,0.5838958534233365
6.009725570678711,0.5841369334619093
6.0111870765686035,0.5843780135004821
6.011553764343262,0.584619093539055
6.0124592781066895,0.5848601735776278
6.013609886169434,0.5851012536162006
6.017005920410156,0.5853423336547734
6.020865440368652,0.5855834136933462
6.028382301330566,0.585824493731919
6.033158779144287,0.5860655737704918
6.033199310302734,0.5863066538090647
6.034979820251465,0.5865477338476374
6.037418365478516,0.5867888138862102
6.039525985717773,0.587029893924783
6.054798126220703,0.5872709739633558
6.0564069747924805,0.5875120540019286
6.056488990783691,0.5877531340405014
6.058417320251465,0.5879942140790743
6.059179306030273,0.5882352941176471
6.063080310821533,0.5884763741562199
6.064722061157227,0.5887174541947927
6.067544937133789,0.5889585342333655
6.06846809387207,0.5891996142719382
6.068517684936523,0.589440694310511
6.068631172180176,0.5896817743490839
6.076813697814941,0.5899228543876567
6.078492164611816,0.5901639344262295
6.083127021789551,0.5904050144648023
6.088578224182129,0.5906460945033751
6.088622093200684,0.590887174541948
6.089877605438232,0.5911282545805208
6.090213298797607,0.5913693346190936
6.091326713562012,0.5916104146576664
6.095244407653809,0.5918514946962391
6.099877834320068,0.5920925747348119
6.100049018859863,0.5923336547733847
6.1028008460998535,0.5925747348119575
6.109893321990967,0.5928158148505304
6.110407829284668,0.5930568948891032
6.115116596221924,0.593297974927676
6.121366500854492,0.5935390549662488
6.1220808029174805,0.5937801350048216
6.124341011047363,0.5940212150433944
6.124762535095215,0.5942622950819673
6.124839782714844,0.59450337512054
6.125227928161621,0.5947444551591128
6.127945899963379,0.5949855351976856
6.1280927658081055,0.5952266152362584
6.128701686859131,0.5954676952748312
6.129230499267578,0.595708775313404
6.129953384399414,0.5959498553519769
6.130212306976318,0.5961909353905497
6.130979061126709,0.5964320154291225
6.131085395812988,0.5966730954676953
6.131617546081543,0.5969141755062681
6.134324073791504,0.5971552555448408
6.135110855102539,0.5973963355834137
6.140168190002441,0.5976374156219865
6.14186954498291,0.5978784956605593
6.14198112487793,0.5981195756991321
6.142427921295166,0.5983606557377049
6.150644302368164,0.5986017357762777
6.151132583618164,0.5988428158148505
6.158973693847656,0.5990838958534234
6.1598005294799805,0.5993249758919962
6.160250186920166,0.599566055930569
6.162583827972412,0.5998071359691417
6.16386604309082,0.6000482160077145
6.164581298828125,0.6002892960462873
6.165333271026611,0.6005303760848602
6.16605281829834,0.600771456123433
6.1677703857421875,0.6010125361620058
6.168340682983398,0.6012536162005786
6.170587539672852,0.6014946962391514
6.17066764831543,0.6017357762777242
6.175384521484375,0.601976856316297
6.1793718338012695,0.6022179363548699
6.180202484130859,0.6024590163934426
6.181339740753174,0.6027000964320154
6.182531356811523,0.6029411764705882
6.182590484619141,0.603182256509161
6.182988166809082,0.6034233365477338
6.186698913574219,0.6036644165863067
6.189821243286133,0.6039054966248795
6.191362380981445,0.6041465766634523
6.1928558349609375,0.6043876567020251
6.194782257080078,0.6046287367405979
6.1948747634887695,0.6048698167791707
6.195831775665283,0.6051108968177434
6.196601867675781,0.6053519768563163
6.19746208190918,0.6055930568948891
6.203243255615234,0.6058341369334619
6.203499794006348,0.6060752169720347
6.2095441818237305,0.6063162970106075
6.210503578186035,0.6065573770491803
6.211183071136475,0.6067984570877532
6.213558197021484,0.607039537126326
6.215496063232422,0.6072806171648988
6.2176690101623535,0.6075216972034716
6.223776340484619,0.6077627772420443
6.224383354187012,0.6080038572806171
6.227207183837891,0.6082449373191899
6.227755546569824,0.6084860173577628
6.229819297790527,0.6087270973963356
6.2334442138671875,0.6089681774349084
6.237396240234375,0.6092092574734812
6.242610931396484,0.609450337512054
6.2439284324646,0.6096914175506268
6.2487287521362305,0.6099324975891997
6.251626968383789,0.6101735776277725
6.256725311279297,0.6104146576663452
6.256914138793945,0.610655737704918
6.258965492248535,0.6108968177434908
6.262957572937012,0.6111378977820636
6.263095855712891,0.6113789778206364
6.264688491821289,0.6116200578592093
6.266274452209473,0.6118611378977821
6.2692108154296875,0.6121022179363549
6.272357940673828,0.6123432979749277
6.272424697875977,0.6125843780135005
6.282136917114258,0.6128254580520733
6.2826433181762695,0.613066538090646
6.285399436950684,0.6133076181292189
6.2893171310424805,0.6135486981677917
6.292832374572754,0.6137897782063645
6.297018051147461,0.6140308582449373
6.298008918762207,0.6142719382835101
6.299803733825684,0.6145130183220829
6.300212860107422,0.6147540983606558
6.301304340362549,0.6149951783992286
6.302295684814453,0.6152362584378014
6.3023223876953125,0.6154773384763742
6.309361457824707,0.6157184185149469
6.310586929321289,0.6159594985535197
6.314573287963867,0.6162005785920925
6.316499710083008,0.6164416586306654
6.316641807556152,0.6166827386692382
6.317752838134766,0.616923818707811
6.319446563720703,0.6171648987463838
6.319917678833008,0.6174059787849566
6.323361396789551,0.6176470588235294
6.327844619750977,0.6178881388621023
6.328391075134277,0.6181292189006751
6.3290205001831055,0.6183702989392478
6.329838752746582,0.6186113789778206
6.338656425476074,0.6188524590163934
6.345590114593506,0.6190935390549662
6.349543571472168,0.619334619093539
6.350020408630371,0.6195756991321119
6.352932929992676,0.6198167791706847
6.355769157409668,0.6200578592092575
6.357767105102539,0.6202989392478303
6.358089447021484,0.6205400192864031
6.360211372375488,0.6207810993249759
6.360960483551025,0.6210221793635486
6.361100196838379,0.6212632594021215
6.363339424133301,0.6215043394406943
6.363922119140625,0.6217454194792671
6.364043235778809,0.6219864995178399
6.366149425506592,0.6222275795564127
6.369956970214844,0.6224686595949855
6.371490478515625,0.6227097396335584
6.371602535247803,0.6229508196721312
6.374477386474609,0.623191899710704
6.377724647521973,0.6234329797492768
6.377774238586426,0.6236740597878495
6.381021499633789,0.6239151398264223
6.382454872131348,0.6241562198649951
6.387877464294434,0.624397299903568
6.391939163208008,0.6246383799421408
6.396364212036133,0.6248794599807136
6.398016929626465,0.6251205400192864
6.399484634399414,0.6253616200578592
6.400375843048096,0.625602700096432
6.406824111938477,0.6258437801350049
6.407398223876953,0.6260848601735777
6.411106109619141,0.6263259402121505
6.411240577697754,0.6265670202507232
6.41191291809082,0.626808100289296
6.414356708526611,0.6270491803278688
6.415396690368652,0.6272902603664416
6.416206359863281,0.6275313404050145
6.416505336761475,0.6277724204435873
6.417043685913086,0.6280135004821601
6.418313980102539,0.6282545805207329
6.420687675476074,0.6284956605593057
6.425319671630859,0.6287367405978785
6.430487632751465,0.6289778206364514
6.437997817993164,0.6292189006750241
6.438009262084961,0.6294599807135969
6.438817977905273,0.6297010607521697
6.439359188079834,0.6299421407907425
6.444480895996094,0.6301832208293153
6.445623397827148,0.6304243008678881
6.4496750831604,0.630665380906461
6.452649116516113,0.6309064609450338
6.453413009643555,0.6311475409836066
6.4541730880737305,0.6313886210221794
6.458763122558594,0.6316297010607522
6.461548805236816,0.6318707810993249
6.468280792236328,0.6321118611378977
6.468430519104004,0.6323529411764706
6.470485687255859,0.6325940212150434
6.471811294555664,0.6328351012536162
6.474814414978027,0.633076181292189
6.476734161376953,0.6333172613307618
6.477039337158203,0.6335583413693346
6.477046012878418,0.6337994214079075
6.477090835571289,0.6340405014464803
6.481139183044434,0.6342815814850531
6.48539924621582,0.6345226615236258
6.488383769989014,0.6347637415621986
6.494316101074219,0.6350048216007714
6.497900485992432,0.6352459016393442
6.498156547546387,0.6354869816779171
6.502049922943115,0.6357280617164899
6.503791332244873,0.6359691417550627
6.505356311798096,0.6362102217936355
6.505581855773926,0.6364513018322083
6.506017684936523,0.6366923818707811
6.508571624755859,0.636933461909354
6.509705543518066,0.6371745419479267
6.5097527503967285,0.6374156219864995
6.510066032409668,0.6376567020250723
6.513823986053467,0.6378977820636451
6.514395713806152,0.6381388621022179
6.5252766609191895,0.6383799421407907
6.528091907501221,0.6386210221793636
6.53216552734375,0.6388621022179364
6.53456449508667,0.6391031822565092
6.535944938659668,0.639344262295082
6.536101341247559,0.6395853423336548
6.5379557609558105,0.6398264223722275
6.544130325317383,0.6400675024108003
6.5465922355651855,0.6403085824493732
6.546686172485352,0.640549662487946
6.547792434692383,0.6407907425265188
6.551693916320801,0.6410318225650916
6.552155017852783,0.6412729026036644
6.552397727966309,0.6415139826422372
6.552526473999023,0.6417550626808101
6.553605079650879,0.6419961427193829
6.557607650756836,0.6422372227579557
6.557920455932617,0.6424783027965284
6.562193870544434,0.6427193828351012
6.565057277679443,0.642960462873674
6.565621376037598,0.6432015429122468
6.565799236297607,0.6434426229508197
6.566779136657715,0.6436837029893925
6.569852352142334,0.6439247830279653
6.570559978485107,0.6441658630665381
6.579301834106445,0.6444069431051109
6.5816192626953125,0.6446480231436837
6.582858085632324,0.6448891031822566
6.583354473114014,0.6451301832208293
6.584485054016113,0.6453712632594021
6.599045753479004,0.6456123432979749
6.600262641906738,0.6458534233365477
6.600574493408203,0.6460945033751205
6.601889610290527,0.6463355834136933
6.606381416320801,0.6465766634522662
6.60738468170166,0.646817743490839
6.609830856323242,0.6470588235294118
6.610335350036621,0.6472999035679846
6.612418174743652,0.6475409836065574
6.613716125488281,0.6477820636451301
6.615906238555908,0.648023143683703
6.617603778839111,0.6482642237222758
6.618691444396973,0.6485053037608486
6.620962619781494,0.6487463837994214
6.6240410804748535,0.6489874638379942
6.626344680786133,0.649228543876567
6.627587795257568,0.6494696239151398
6.628289222717285,0.6497107039537127
6.62849235534668,0.6499517839922855
6.629606246948242,0.6501928640308583
6.636075019836426,0.650433944069431
6.6362104415893555,0.6506750241080038
6.647884368896484,0.6509161041465766
6.649557113647461,0.6511571841851495
6.656592845916748,0.6513982642237223
6.6582932472229,0.6516393442622951
6.664675712585449,0.6518804243008679
6.664889335632324,0.6521215043394407
6.667827129364014,0.6523625843780135
6.669792175292969,0.6526036644165863
6.678455352783203,0.6528447444551592
6.682915687561035,0.6530858244937319
6.683462142944336,0.6533269045323047
6.683664798736572,0.6535679845708775
6.686507225036621,0.6538090646094503
6.686710357666016,0.6540501446480231
6.68734884262085,0.654291224686596
6.690751075744629,0.6545323047251688
6.690862655639648,0.6547733847637416
6.692561149597168,0.6550144648023144
6.700763702392578,0.6552555448408872
6.705790996551514,0.65549662487946
6.705814361572266,0.6557377049180327
6.709027290344238,0.6559787849566056
6.711134910583496,0.6562198649951784
6.71422004699707,0.6564609450337512
6.7165303230285645,0.656702025072324
6.73333740234375,0.6569431051108968
6.73811149597168,0.6571841851494696
6.747526168823242,0.6574252651880425
6.748268127441406,0.6576663452266153
6.75154972076416,0.6579074252651881
6.752439022064209,0.6581485053037609
6.757620811462402,0.6583895853423336
6.759080410003662,0.6586306653809064
6.764041423797607,0.6588717454194792
6.768676280975342,0.659112825458052
6.772566795349121,0.6593539054966249
6.772602558135986,0.6595949855351977
6.780128479003906,0.6598360655737705
6.781182289123535,0.6600771456123433
6.7821431159973145,0.6603182256509161
6.787224292755127,0.660559305689489
6.793417930603027,0.6608003857280618
6.794275760650635,0.6610414657666345
6.7961225509643555,0.6612825458052073
6.799962997436523,0.6615236258437801
6.806221961975098,0.6617647058823529
6.811501502990723,0.6620057859209257
6.82009220123291,0.6622468659594986
6.825005531311035,0.6624879459980714
6.831898212432861,0.6627290260366442
6.832408905029297,0.662970106075217
6.832763671875,0.6632111861137898
6.8359575271606445,0.6634522661523626
6.836461544036865,0.6636933461909353
6.843379020690918,0.6639344262295082
6.849430084228516,0.664175506268081
6.849853515625,0.6644165863066538
6.849853515625,0.6646576663452266
6.85496187210083,0.6648987463837994
6.855278968811035,0.6651398264223722
6.8554487228393555,0.665380906460945
6.861621856689453,0.6656219864995179
6.861777305603027,0.6658630665380907
6.8634419441223145,0.6661041465766635
6.864700794219971,0.6663452266152362
6.866787910461426,0.666586306653809
6.867051601409912,0.6668273866923818
6.869415283203125,0.6670684667309547
6.872232437133789,0.6673095467695275
6.87253475189209,0.6675506268081003
6.8794846534729,0.6677917068466731
6.8842620849609375,0.6680327868852459
6.884661674499512,0.6682738669238187
6.8851423263549805,0.6685149469623916
6.890713691711426,0.6687560270009644
6.893841743469238,0.6689971070395371
6.896328926086426,0.6692381870781099
6.898139476776123,0.6694792671166827
6.901021957397461,0.6697203471552555
6.903101921081543,0.6699614271938283
6.903566837310791,0.6702025072324012
6.911118984222412,0.670443587270974
6.9216508865356445,0.6706846673095468
6.924535751342773,0.6709257473481196
6.929540634155273,0.6711668273866924
6.935688495635986,0.6714079074252652
6.939591407775879,0.6716489874638379
6.940457344055176,0.6718900675024108
6.941570281982422,0.6721311475409836
6.943554878234863,0.6723722275795564
6.945215225219727,0.6726133076181292
6.94751501083374,0.672854387656702
6.9490180015563965,0.6730954676952748
6.949434280395508,0.6733365477338477
6.953434944152832,0.6735776277724205
6.958422660827637,0.6738187078109933
6.960996627807617,0.6740597878495661
6.967167854309082,0.6743008678881388
6.972546577453613,0.6745419479267116
6.974019527435303,0.6747830279652844
6.977112770080566,0.6750241080038573
6.9826812744140625,0.6752651880424301
6.9832611083984375,0.6755062680810029
6.984400272369385,0.6757473481195757
6.988433837890625,0.6759884281581485
6.989677906036377,0.6762295081967213
6.992836952209473,0.6764705882352942
6.993159770965576,0.676711668273867
6.998180389404297,0.6769527483124397
6.999332904815674,0.6771938283510125
7.000129699707031,0.6774349083895853
7.004398345947266,0.6776759884281581
7.005763053894043,0.6779170684667309
7.007503986358643,0.6781581485053038
7.012262344360352,0.6783992285438766
7.024806022644043,0.6786403085824494
7.025422096252441,0.6788813886210222
7.025859832763672,0.679122468659595
7.029675483703613,0.6793635486981678
7.035975933074951,0.6796046287367405
7.039172172546387,0.6798457087753134
7.039793968200684,0.6800867888138862
7.041082382202148,0.680327868852459
7.045175552368164,0.6805689488910318
7.045292854309082,0.6808100289296046
7.045454025268555,0.6810511089681774
7.0469136238098145,0.6812921890067503
7.048333168029785,0.6815332690453231
7.049000263214111,0.6817743490838959
7.055858612060547,0.6820154291224687
7.0585432052612305,0.6822565091610414
7.061235427856445,0.6824975891996142
7.061457633972168,0.682738669238187
7.062218189239502,0.6829797492767599
7.062352180480957,0.6832208293153327
7.062589645385742,0.6834619093539055
7.069095611572266,0.6837029893924783
7.06974458694458,0.6839440694310511
7.082538604736328,0.6841851494696239
7.084721565246582,0.6844262295081968
7.0874924659729,0.6846673095467696
7.090713977813721,0.6849083895853423
7.092385768890381,0.6851494696239151
7.102776050567627,0.6853905496624879
7.103279113769531,0.6856316297010607
7.1037797927856445,0.6858727097396335
7.106621742248535,0.6861137897782064
7.10904598236084,0.6863548698167792
7.111889839172363,0.686595949855352
7.1139631271362305,0.6868370298939248
7.114927291870117,0.6870781099324976
7.115137577056885,0.6873191899710704
7.120883464813232,0.6875602700096431
7.1272993087768555,0.687801350048216
7.128312110900879,0.6880424300867888
7.1292009353637695,0.6882835101253616
7.12952995300293,0.6885245901639344
7.132931232452393,0.6887656702025072
7.142405033111572,0.68900675024108
7.145167350769043,0.6892478302796529
7.145584583282471,0.6894889103182257
7.145737648010254,0.6897299903567985
7.1470627784729,0.6899710703953713
7.147952079772949,0.690212150433944
7.150603294372559,0.6904532304725168
7.150913238525391,0.6906943105110896
7.153450012207031,0.6909353905496625
7.153763771057129,0.6911764705882353
7.153919219970703,0.6914175506268081
7.156292915344238,0.6916586306653809
7.166546821594238,0.6918997107039537
7.171396255493164,0.6921407907425265
7.173852920532227,0.6923818707810994
7.173933982849121,0.6926229508196722
7.176108360290527,0.6928640308582449
7.177262306213379,0.6931051108968177
7.182024955749512,0.6933461909353905
7.184208393096924,0.6935872709739633
7.195356369018555,0.6938283510125361
7.196737289428711,0.694069431051109
7.19737434387207,0.6943105110896818
7.200345039367676,0.6945515911282546
7.202851295471191,0.6947926711668274
7.20320987701416,0.6950337512054002
7.205005645751953,0.695274831243973
7.205516815185547,0.6955159112825458
7.205962181091309,0.6957569913211186
7.212409973144531,0.6959980713596914
7.212656021118164,0.6962391513982642
7.214271068572998,0.696480231436837
7.21624755859375,0.6967213114754098
7.217154502868652,0.6969623915139826
7.218649864196777,0.6972034715525555
7.221080780029297,0.6974445515911283
7.221243858337402,0.6976856316297011
7.234269142150879,0.6979267116682739
7.235929012298584,0.6981677917068466
7.236002445220947,0.6984088717454194
7.241817474365234,0.6986499517839923
7.251957893371582,0.6988910318225651
7.254967212677002,0.6991321118611379
7.25637674331665,0.6993731918997107
7.256443977355957,0.6996142719382835
7.263460636138916,0.6998553519768563
7.265740394592285,0.7000964320154291
7.277185440063477,0.700337512054002
7.278896331787109,0.7005785920925748
7.283455848693848,0.7008196721311475
7.287568092346191,0.7010607521697203
7.288360118865967,0.7013018322082931
7.294826507568359,0.7015429122468659
7.31474494934082,0.7017839922854388
7.3196539878845215,0.7020250723240116
7.3292236328125,0.7022661523625844
7.336859226226807,0.7025072324011572
7.3384809494018555,0.70274831243973
7.3389129638671875,0.7029893924783028
7.340532302856445,0.7032304725168756
7.34056282043457,0.7034715525554484
7.3461689949035645,0.7037126325940212
7.346258163452148,0.703953712632594
7.350690841674805,0.7041947926711668
7.352564811706543,0.7044358727097396
7.354963302612305,0.7046769527483124
7.355055809020996,0.7049180327868853
7.357145309448242,0.7051591128254581
7.358367919921875,0.7054001928640309
7.372282981872559,0.7056412729026037
7.373405933380127,0.7058823529411765
7.378415107727051,0.7061234329797492
7.384283065795898,0.706364513018322
7.386727809906006,0.7066055930568949
7.388718605041504,0.7068466730954677
7.390589714050293,0.7070877531340405
7.396582126617432,0.7073288331726133
7.397800445556641,0.7075699132111861
7.399324417114258,0.7078109932497589
7.399693489074707,0.7080520732883318
7.399757385253906,0.7082931533269046
7.406642436981201,0.7085342333654774
7.413280487060547,0.7087753134040502
7.415683746337891,0.7090163934426229
7.418173789978027,0.7092574734811957
7.420036315917969,0.7094985535197685
7.421529769897461,0.7097396335583414
7.423779487609863,0.7099807135969142
7.426843166351318,0.710221793635487
7.431922912597656,0.7104628736740598
7.432830333709717,0.7107039537126326
7.435399532318115,0.7109450337512054
7.445016860961914,0.7111861137897783
7.446909427642822,0.7114271938283511
7.45003604888916,0.7116682738669238
7.452345371246338,0.7119093539054966
7.453709602355957,0.7121504339440694
7.456892013549805,0.7123915139826422
7.459566116333008,0.712632594021215
7.468883514404297,0.7128736740597879
7.470520973205566,0.7131147540983607
7.4706854820251465,0.7133558341369335
7.470879554748535,0.7135969141755063
7.477047920227051,0.7138379942140791
7.480813980102539,0.7140790742526519
7.486754894256592,0.7143201542912246
7.487480163574219,0.7145612343297975
7.487851142883301,0.7148023143683703
7.487977027893066,0.7150433944069431
7.488041877746582,0.7152844744455159
7.489771842956543,0.7155255544840887
7.49539041519165,0.7157666345226615
7.496157169342041,0.7160077145612344
7.49620246887207,0.7162487945998072
7.496494770050049,0.71648987463838
7.4967427253723145,0.7167309546769528
7.497082233428955,0.7169720347155255
7.50178337097168,0.7172131147540983
7.509669303894043,0.7174541947926711
7.512465000152588,0.717695274831244
7.514276504516602,0.7179363548698168
7.5145463943481445,0.7181774349083896
7.515810966491699,0.7184185149469624
7.522178649902344,0.7186595949855352
7.526110649108887,0.718900675024108
7.528103351593018,0.7191417550626809
7.531088352203369,0.7193828351012537
7.532469749450684,0.7196239151398264
7.535284996032715,0.7198649951783992
7.5367751121521,0.720106075216972
7.5380144119262695,0.7203471552555448
7.538492202758789,0.7205882352941176
7.5424113273620605,0.7208293153326905
7.543771743774414,0.7210703953712633
7.548042297363281,0.7213114754098361
7.548839092254639,0.7215525554484089
7.54982852935791,0.7217936354869817
7.553076267242432,0.7220347155255545
7.555859565734863,0.7222757955641272
7.555912971496582,0.7225168756027001
7.556946754455566,0.7227579556412729
7.567791938781738,0.7229990356798457
7.579147815704346,0.7232401157184185
7.5792436599731445,0.7234811957569913
7.582893371582031,0.7237222757955641
7.586885452270508,0.723963355834137
7.587942123413086,0.7242044358727098
7.589203834533691,0.7244455159112826
7.589463233947754,0.7246865959498554
7.593132019042969,0.7249276759884281
7.601344108581543,0.7251687560270009
7.601737022399902,0.7254098360655737
7.601997375488281,0.7256509161041466
7.612994194030762,0.7258919961427194
7.622166633605957,0.7261330761812922
7.623184680938721,0.726374156219865
7.627646446228027,0.7266152362584378
7.627886772155762,0.7268563162970106
7.6345062255859375,0.7270973963355835
7.635611057281494,0.7273384763741563
7.636714935302734,0.727579556412729
7.640210151672363,0.7278206364513018
7.6458282470703125,0.7280617164898746
7.647342681884766,0.7283027965284474
7.6504716873168945,0.7285438765670202
7.651145935058594,0.7287849566055931
7.653804779052734,0.7290260366441659
7.6651201248168945,0.7292671166827387
7.668664455413818,0.7295081967213115
7.671999454498291,0.7297492767598843
7.67207670211792,0.7299903567984571
7.679477691650391,0.7302314368370298
7.681897163391113,0.7304725168756027
7.682098865509033,0.7307135969141755
7.6826677322387695,0.7309546769527483
7.683405876159668,0.7311957569913211
7.684340000152588,0.7314368370298939
7.684758186340332,0.7316779170684667
7.68941593170166,0.7319189971070396
7.690827369689941,0.7321600771456124
7.694305419921875,0.7324011571841852
7.696199417114258,0.732642237222758
7.696656703948975,0.7328833172613307
7.699097633361816,0.7331243972999035
7.699361324310303,0.7333654773384763
7.700314521789551,0.7336065573770492
7.702847957611084,0.733847637415622
7.70411491394043,0.7340887174541948
7.70571756362915,0.7343297974927676
7.710622310638428,0.7345708775313404
7.7145891189575195,0.7348119575699132
7.716986656188965,0.7350530376084861
7.7175140380859375,0.7352941176470589
7.731147289276123,0.7355351976856316
7.7320966720581055,0.7357762777242044
7.7365827560424805,0.7360173577627772
7.737118721008301,0.73625843780135
7.75141716003418,0.7364995178399228
7.751534461975098,0.7367405978784957
7.75496768951416,0.7369816779170685
7.769794464111328,0.7372227579556413
7.789280891418457,0.7374638379942141
7.804603576660156,0.7377049180327869
7.81562614440918,0.7379459980713597
7.827925682067871,0.7381870781099324
7.830362796783447,0.7384281581485053
7.831367492675781,0.7386692381870781
7.836092948913574,0.7389103182256509
7.844194412231445,0.7391513982642237
7.846348285675049,0.7393924783027965
7.856162071228027,0.7396335583413693
7.859636306762695,0.7398746383799422
7.859762191772461,0.740115718418515
7.8605451583862305,0.7403567984570878
7.865926742553711,0.7405978784956606
7.868119239807129,0.7408389585342333
7.868947505950928,0.7410800385728061
7.87353515625,0.741321118611379
7.879544258117676,0.7415621986499518
7.882458686828613,0.7418032786885246
7.8860321044921875,0.7420443587270974
7.891207695007324,0.7422854387656702
7.898927688598633,0.742526518804243
7.900111198425293,0.7427675988428158
7.903885364532471,0.7430086788813887
7.90583610534668,0.7432497589199615
7.909903049468994,0.7434908389585342
7.912145614624023,0.743731918997107
7.914169788360596,0.7439729990356798
7.9221038818359375,0.7442140790742526
7.926819801330566,0.7444551591128254
7.930222511291504,0.7446962391513983
7.936331272125244,0.7449373191899711
7.946676254272461,0.7451783992285439
7.951776504516602,0.7454194792671167
7.963640213012695,0.7456605593056895
7.964191436767578,0.7459016393442623
7.966480255126953,0.746142719382835
7.966669082641602,0.7463837994214079
7.9695281982421875,0.7466248794599807
7.973916053771973,0.7468659594985535
7.976533889770508,0.7471070395371263
7.9826202392578125,0.7473481195756991
7.987185478210449,0.747589199614272
7.993372917175293,0.7478302796528448
7.993668079376221,0.7480713596914176
8.0009183883667,0.7483124397299904
8.001762390136719,0.7485535197685632
8.004863739013672,0.7487945998071359
8.005393028259277,0.7490356798457087
8.006126403808594,0.7492767598842816
8.011330604553223,0.7495178399228544
8.014768600463867,0.7497589199614272
8.016645431518555,0.75
8.01848030090332,0.7502410800385728
8.024946212768555,0.7504821600771456
8.02684211730957,0.7507232401157184
8.032951354980469,0.7509643201542913
8.033004760742188,0.7512054001928641
8.03512191772461,0.7514464802314368
8.037240982055664,0.7516875602700096
8.03775691986084,0.7519286403085824
8.043641090393066,0.7521697203471552
8.043913841247559,0.752410800385728
8.047057151794434,0.7526518804243009
8.055408477783203,0.7528929604628737
8.057188034057617,0.7531340405014465
8.058026313781738,0.7533751205400193
8.060855865478516,0.7536162005785921
8.06153392791748,0.753857280617165
8.066617965698242,0.7540983606557377
8.07684326171875,0.7543394406943105
8.080900192260742,0.7545805207328833
8.089717864990234,0.7548216007714561
8.09208869934082,0.7550626808100289
8.095787048339844,0.7553037608486017
8.097183227539062,0.7555448408871746
8.098020553588867,0.7557859209257474
8.098062515258789,0.7560270009643202
8.098474502563477,0.756268081002893
8.09943675994873,0.7565091610414658
8.102009773254395,0.7567502410800385
8.102710723876953,0.7569913211186113
8.103711128234863,0.7572324011571842
8.11119270324707,0.757473481195757
8.114702224731445,0.7577145612343298
8.122638702392578,0.7579556412729026
8.12374496459961,0.7581967213114754
8.124191284179688,0.7584378013500482
8.126431465148926,0.758678881388621
8.126937866210938,0.7589199614271939
8.128296852111816,0.7591610414657667
8.129057884216309,0.7594021215043394
8.13870620727539,0.7596432015429122
8.14332389831543,0.759884281581485
8.158246040344238,0.7601253616200578
8.166780471801758,0.7603664416586307
8.178194999694824,0.7606075216972035
8.179880142211914,0.7608486017357763
8.185930252075195,0.7610896817743491
8.189632415771484,0.7613307618129219
8.190176010131836,0.7615718418514947
8.192107200622559,0.7618129218900676
8.192992210388184,0.7620540019286403
8.199930191040039,0.7622950819672131
8.209799766540527,0.7625361620057859
8.213613510131836,0.7627772420443587
8.223092079162598,0.7630183220829315
8.224275588989258,0.7632594021215043
8.231219291687012,0.7635004821600772
8.234874725341797,0.76374156219865
8.236115455627441,0.7639826422372228
8.236204147338867,0.7642237222757956
8.237634658813477,0.7644648023143684
8.238412857055664,0.7647058823529411
8.23958969116211,0.7649469623915139
8.247743606567383,0.7651880424300868
8.249506950378418,0.7654291224686596
8.256754875183105,0.7656702025072324
8.266995429992676,0.7659112825458052
8.267810821533203,0.766152362584378
8.26980209350586,0.7663934426229508
8.274530410766602,0.7666345226615237
8.28016471862793,0.7668756027000965
8.28133773803711,0.7671166827386693
8.281595230102539,0.767357762777242
8.282129287719727,0.7675988428158148
8.282525062561035,0.7678399228543876
8.283157348632812,0.7680810028929604
8.283477783203125,0.7683220829315333
8.289834976196289,0.7685631629701061
8.292879104614258,0.7688042430086789
8.298833847045898,0.7690453230472517
8.304716110229492,0.7692864030858245
8.311578750610352,0.7695274831243973
8.313220977783203,0.7697685631629702
8.31399154663086,0.7700096432015429
8.31525993347168,0.7702507232401157
8.320894241333008,0.7704918032786885
8.323760986328125,0.7707328833172613
8.328097343444824,0.7709739633558341
8.32917594909668,0.7712150433944069
8.329452514648438,0.7714561234329798
8.338604927062988,0.7716972034715526
8.345876693725586,0.7719382835101254
8.347892761230469,0.7721793635486982
8.352230072021484,0.772420443587271
8.355147361755371,0.7726615236258437
8.355405807495117,0.7729026036644165
8.360725402832031,0.7731436837029894
8.360855102539062,0.7733847637415622
8.376778602600098,0.773625843780135
8.377052307128906,0.7738669238187078
8.379742622375488,0.7741080038572806
8.380064964294434,0.7743490838958534
8.384490966796875,0.7745901639344263
8.390945434570312,0.7748312439729991
8.392634391784668,0.7750723240115719
8.393512725830078,0.7753134040501446
8.394804000854492,0.7755544840887174
8.398385047912598,0.7757955641272902
8.409709930419922,0.776036644165863
8.418755531311035,0.7762777242044359
8.420124053955078,0.7765188042430087
8.427262306213379,0.7767598842815815
8.428738594055176,0.7770009643201543
8.430397033691406,0.7772420443587271
8.435491561889648,0.7774831243972999
8.437874794006348,0.7777242044358728
8.448894500732422,0.7779652844744455
8.452432632446289,0.7782063645130183
8.454488754272461,0.7784474445515911
8.461090087890625,0.7786885245901639
8.463399887084961,0.7789296046287367
8.473472595214844,0.7791706846673095
8.476323127746582,0.7794117647058824
8.478704452514648,0.7796528447444552
8.484298706054688,0.779893924783028
8.490926742553711,0.7801350048216008
8.498867988586426,0.7803760848601736
8.500356674194336,0.7806171648987463
8.511013984680176,0.7808582449373191
8.514444351196289,0.781099324975892
8.518998146057129,0.7813404050144648
8.519500732421875,0.7815814850530376
8.527100563049316,0.7818225650916104
8.529762268066406,0.7820636451301832
8.530960083007812,0.782304725168756
8.53470230102539,0.7825458052073289
8.538859367370605,0.7827868852459017
8.538986206054688,0.7830279652844745
8.539371490478516,0.7832690453230472
8.54298210144043,0.78351012536162
8.546010971069336,0.7837512054001928
8.55164909362793,0.7839922854387656
8.558917999267578,0.7842333654773385
8.565933227539062,0.7844744455159113
8.569368362426758,0.7847155255544841
8.577581405639648,0.7849566055930569
8.58515739440918,0.7851976856316297
8.586222648620605,0.7854387656702025
8.589542388916016,0.7856798457087754
8.59139633178711,0.7859209257473481
8.602477073669434,0.7861620057859209
8.629010200500488,0.7864030858244937
8.635421752929688,0.7866441658630665
8.641910552978516,0.7868852459016393
8.645742416381836,0.7871263259402121
8.650043487548828,0.787367405978785
8.661243438720703,0.7876084860173578
8.664291381835938,0.7878495660559306
8.684572219848633,0.7880906460945034
8.688848495483398,0.7883317261330762
8.69119930267334,0.7885728061716489
8.701919555664062,0.7888138862102217
8.703227996826172,0.7890549662487946
8.703535079956055,0.7892960462873674
8.704880714416504,0.7895371263259402
8.705379486083984,0.789778206364513
8.709245681762695,0.7900192864030858
8.717910766601562,0.7902603664416586
8.739785194396973,0.7905014464802315
8.747333526611328,0.7907425265188043
8.750795364379883,0.7909836065573771
8.771893501281738,0.7912246865959498
8.785012245178223,0.7914657666345226
8.796850204467773,0.7917068466730954
8.809103012084961,0.7919479267116682
8.809996604919434,0.7921890067502411
8.810896873474121,0.7924300867888139
8.811038970947266,0.7926711668273867
8.815675735473633,0.7929122468659595
8.818160057067871,0.7931533269045323
8.829998016357422,0.7933944069431051
8.846175193786621,0.793635486981678
8.852693557739258,0.7938765670202508
8.855789184570312,0.7941176470588235
8.864891052246094,0.7943587270973963
8.865285873413086,0.7945998071359691
8.869450569152832,0.7948408871745419
8.869949340820312,0.7950819672131147
8.879796028137207,0.7953230472516876
8.881291389465332,0.7955641272902604
8.884578704833984,0.7958052073288332
8.884940147399902,0.796046287367406
8.901187896728516,0.7962873674059788
8.903522491455078,0.7965284474445516
8.90360164642334,0.7967695274831244
8.911275863647461,0.7970106075216972
8.916670799255371,0.79725168756027
8.916959762573242,0.7974927675988428
8.920178413391113,0.7977338476374156
8.937065124511719,0.7979749276759884
8.943374633789062,0.7982160077145612
8.945189476013184,0.7984570877531341
8.947755813598633,0.7986981677917069
8.948145866394043,0.7989392478302797
8.9486083984375,0.7991803278688525
8.965497016906738,0.7994214079074252
8.970226287841797,0.799662487945998
8.970439910888672,0.7999035679845709
8.975821495056152,0.8001446480231437
8.9761962890625,0.8003857280617165
8.978675842285156,0.8006268081002893
8.983572006225586,0.8008678881388621
8.983872413635254,0.8011089681774349
8.987821578979492,0.8013500482160077
8.992921829223633,0.8015911282545806
8.993647575378418,0.8018322082931534
9.001398086547852,0.8020732883317261
9.014569282531738,0.8023143683702989
9.014785766601562,0.8025554484088717
9.022171974182129,0.8027965284474445
9.031620025634766,0.8030376084860174
9.034307479858398,0.8032786885245902
9.038896560668945,0.803519768563163
9.057740211486816,0.8037608486017358
9.05821418762207,0.8040019286403086
9.059621810913086,0.8042430086788814
9.060258865356445,0.8044840887174542
9.060890197753906,0.804725168756027
9.061046600341797,0.8049662487945998
9.071794509887695,0.8052073288331726
9.07321548461914,0.8054484088717454
9.079123497009277,0.8056894889103182
9.082741737365723,0.805930568948891
9.083511352539062,0.8061716489874639
9.084431648254395,0.8064127290260367
9.085333824157715,0.8066538090646095
9.086328506469727,0.8068948891031823
9.090666770935059,0.8071359691417551
9.094626426696777,0.8073770491803278
9.105420112609863,0.8076181292189006
9.111297607421875,0.8078592092574735
9.111627578735352,0.8081002892960463
9.112425804138184,0.8083413693346191
9.11366081237793,0.8085824493731919
9.120781898498535,0.8088235294117647
9.12301254272461,0.8090646094503375
9.124091148376465,0.8093056894889104
9.129647254943848,0.8095467695274832
9.13151741027832,0.809787849566056
9.132173538208008,0.8100289296046287
9.141024589538574,0.8102700096432015
9.14344310760498,0.8105110896817743
9.149742126464844,0.8107521697203471
9.150959968566895,0.81099324975892
9.155389785766602,0.8112343297974928
9.156224250793457,0.8114754098360656
9.158769607543945,0.8117164898746384
9.160140037536621,0.8119575699132112
9.162577629089355,0.812198649951784
9.163331031799316,0.8124397299903569
9.167941093444824,0.8126808100289296
9.170806884765625,0.8129218900675024
9.171002388000488,0.8131629701060752
9.174201965332031,0.813404050144648
9.182157516479492,0.8136451301832208
9.185761451721191,0.8138862102217936
9.18675422668457,0.8141272902603665
9.191067695617676,0.8143683702989393
9.194169998168945,0.8146094503375121
9.219758033752441,0.8148505303760849
9.22035026550293,0.8150916104146577
9.22342586517334,0.8153326904532304
9.226068496704102,0.8155737704918032
9.227170944213867,0.8158148505303761
9.239633560180664,0.8160559305689489
9.24825668334961,0.8162970106075217
9.2489595413208,0.8165380906460945
9.257102012634277,0.8167791706846673
9.268975257873535,0.8170202507232401
9.27672004699707,0.817261330761813
9.279552459716797,0.8175024108003858
9.300430297851562,0.8177434908389586
9.309117317199707,0.8179845708775313
9.309616088867188,0.8182256509161041
9.312508583068848,0.8184667309546769
9.313030242919922,0.8187078109932497
9.325340270996094,0.8189488910318226
9.327463150024414,0.8191899710703954
9.340465545654297,0.8194310511089682
9.347676277160645,0.819672131147541
9.356805801391602,0.8199132111861138
9.364734649658203,0.8201542912246866
9.367746353149414,0.8203953712632595
9.37848949432373,0.8206364513018322
9.392890930175781,0.820877531340405
9.400385856628418,0.8211186113789778
9.400891304016113,0.8213596914175506
9.416105270385742,0.8216007714561234
9.417620658874512,0.8218418514946962
9.422751426696777,0.8220829315332691
9.423226356506348,0.8223240115718419
9.424330711364746,0.8225650916104147
9.436958312988281,0.8228061716489875
9.444947242736816,0.8230472516875603
9.446481704711914,0.823288331726133
9.456993103027344,0.8235294117647058
9.459770202636719,0.8237704918032787
9.461108207702637,0.8240115718418515
9.46920394897461,0.8242526518804243
9.472732543945312,0.8244937319189971
9.473429679870605,0.8247348119575699
9.47917652130127,0.8249758919961427
9.480880737304688,0.8252169720347156
9.485010147094727,0.8254580520732884
9.486831665039062,0.8256991321118612
9.488313674926758,0.8259402121504339
9.49152946472168,0.8261812921890067
9.498567581176758,0.8264223722275795
9.501468658447266,0.8266634522661523
9.503935813903809,0.8269045323047252
9.531414985656738,0.827145612343298
9.532379150390625,0.8273866923818708
9.532646179199219,0.8276277724204436
9.538633346557617,0.8278688524590164
9.540474891662598,0.8281099324975892
9.543553352355957,0.8283510125361621
9.567927360534668,0.8285920925747348
9.56847858428955,0.8288331726133076
9.574015617370605,0.8290742526518804
9.574323654174805,0.8293153326904532
9.584129333496094,0.829556412729026
9.592370986938477,0.8297974927675988
9.597604751586914,0.8300385728061717
9.598030090332031,0.8302796528447445
9.600081443786621,0.8305207328833173
9.611801147460938,0.8307618129218901
9.614352226257324,0.8310028929604629
9.617895126342773,0.8312439729990356
9.64620590209961,0.8314850530376084
9.65218734741211,0.8317261330761813
9.659491539001465,0.8319672131147541
9.664586067199707,0.8322082931533269
9.686652183532715,0.8324493731918997
9.691974639892578,0.8326904532304725
9.693055152893066,0.8329315332690453
9.694452285766602,0.8331726133076182
9.696392059326172,0.833413693346191
9.700263023376465,0.8336547733847638
9.701696395874023,0.8338958534233365
9.712482452392578,0.8341369334619093
9.737161636352539,0.8343780135004821
9.741419792175293,0.834619093539055
9.741830825805664,0.8348601735776278
9.74766731262207,0.8351012536162006
9.753867149353027,0.8353423336547734
9.75659465789795,0.8355834136933462
9.771017074584961,0.835824493731919
9.771373748779297,0.8360655737704918
9.772880554199219,0.8363066538090647
9.795495986938477,0.8365477338476374
9.800128936767578,0.8367888138862102
9.804617881774902,0.837029893924783
9.808077812194824,0.8372709739633558
9.820207595825195,0.8375120540019286
9.833070755004883,0.8377531340405014
9.83315372467041,0.8379942140790743
9.84118938446045,0.8382352941176471
9.84970760345459,0.8384763741562199
9.854366302490234,0.8387174541947927
9.855141639709473,0.8389585342333655
9.865199089050293,0.8391996142719382
9.87240982055664,0.839440694310511
9.873104095458984,0.8396817743490839
9.883790016174316,0.8399228543876567
9.88965892791748,0.8401639344262295
9.895081520080566,0.8404050144648023
9.900360107421875,0.8406460945033751
9.90925121307373,0.840887174541948
9.912174224853516,0.8411282545805208
9.912897109985352,0.8413693346190936
9.920748710632324,0.8416104146576664
9.927984237670898,0.8418514946962391
9.928869247436523,0.8420925747348119
9.93437385559082,0.8423336547733847
9.95014762878418,0.8425747348119575
9.954029083251953,0.8428158148505304
9.960783004760742,0.8430568948891032
9.964386940002441,0.843297974927676
9.964730262756348,0.8435390549662488
9.984230041503906,0.8437801350048216
10.00592041015625,0.8440212150433944
10.01365852355957,0.8442622950819673
10.024065017700195,0.84450337512054
10.02645492553711,0.8447444551591128
10.028036117553711,0.8449855351976856
10.02989387512207,0.8452266152362584
10.035304069519043,0.8454676952748312
10.035394668579102,0.845708775313404
10.039448738098145,0.8459498553519769
10.042658805847168,0.8461909353905497
10.044644355773926,0.8464320154291225
10.057897567749023,0.8466730954676953
10.058257102966309,0.8469141755062681
10.059410095214844,0.8471552555448408
10.060462951660156,0.8473963355834137
10.061945915222168,0.8476374156219865
10.064453125,0.8478784956605593
10.082537651062012,0.8481195756991321
10.093968391418457,0.8483606557377049
10.09420394897461,0.8486017357762777
10.126567840576172,0.8488428158148505
10.139406204223633,0.8490838958534234
10.140266418457031,0.8493249758919962
10.141117095947266,0.849566055930569
10.148340225219727,0.8498071359691417
10.183402061462402,0.8500482160077145
10.185102462768555,0.8502892960462873
10.191924095153809,0.8505303760848602
10.203644752502441,0.850771456123433
10.205888748168945,0.8510125361620058
10.218564987182617,0.8512536162005786
10.223482131958008,0.8514946962391514
10.23110294342041,0.8517357762777242
10.238895416259766,0.851976856316297
10.240662574768066,0.8522179363548699
10.249457359313965,0.8524590163934426
10.254961013793945,0.8527000964320154
10.25671100616455,0.8529411764705882
10.313968658447266,0.853182256509161
10.319635391235352,0.8534233365477338
10.322225570678711,0.8536644165863067
10.338083267211914,0.8539054966248795
10.340799331665039,0.8541465766634523
10.342214584350586,0.8543876567020251
10.348531723022461,0.8546287367405979
10.348617553710938,0.8548698167791707
10.361326217651367,0.8551108968177434
10.36253547668457,0.8553519768563163
10.365667343139648,0.8555930568948891
10.374135971069336,0.8558341369334619
10.38273811340332,0.8560752169720347
10.388521194458008,0.8563162970106075
10.417303085327148,0.8565573770491803
10.451446533203125,0.8567984570877532
10.462966918945312,0.857039537126326
10.478619575500488,0.8572806171648988
10.491052627563477,0.8575216972034716
10.497471809387207,0.8577627772420443
10.526461601257324,0.8580038572806171
10.530596733093262,0.8582449373191899
10.54955768585205,0.8584860173577628
10.5562744140625,0.8587270973963356
10.559564590454102,0.8589681774349084
10.590901374816895,0.8592092574734812
10.597953796386719,0.859450337512054
10.599969863891602,0.8596914175506268
10.609075546264648,0.8599324975891997
10.610349655151367,0.8601735776277725
10.623808860778809,0.8604146576663452
10.626982688903809,0.860655737704918
10.661582946777344,0.8608968177434908
10.669168472290039,0.8611378977820636
10.676746368408203,0.8613789778206364
10.684707641601562,0.8616200578592093
10.694302558898926,0.8618611378977821
10.707906723022461,0.8621022179363549
10.710622787475586,0.8623432979749277
10.714459419250488,0.8625843780135005
10.732185363769531,0.8628254580520733
10.755905151367188,0.863066538090646
10.76723861694336,0.8633076181292189
10.773445129394531,0.8635486981677917
10.787919998168945,0.8637897782063645
10.80550479888916,0.8640308582449373
10.819160461425781,0.8642719382835101
10.82410717010498,0.8645130183220829
10.830379486083984,0.8647540983606558
10.842296600341797,0.8649951783992286
10.872926712036133,0.8652362584378014
10.884749412536621,0.8654773384763742
10.891766548156738,0.8657184185149469
10.894509315490723,0.8659594985535197
10.903552055358887,0.8662005785920925
10.905359268188477,0.8664416586306654
10.907536506652832,0.8666827386692382
10.928365707397461,0.866923818707811
10.932610511779785,0.8671648987463838
10.937010765075684,0.8674059787849566
10.968111991882324,0.8676470588235294
10.969797134399414,0.8678881388621023
10.9910888671875,0.8681292189006751
11.00273323059082,0.8683702989392478
11.01016902923584,0.8686113789778206
11.013134002685547,0.8688524590163934
11.019758224487305,0.8690935390549662
11.02354907989502,0.869334619093539
11.025534629821777,0.8695756991321119
11.035113334655762,0.8698167791706847
11.036579132080078,0.8700578592092575
11.0418119430542,0.8702989392478303
11.060771942138672,0.8705400192864031
11.103782653808594,0.8707810993249759
11.122931480407715,0.8710221793635486
11.124356269836426,0.8712632594021215
11.161727905273438,0.8715043394406943
11.166215896606445,0.8717454194792671
11.177915573120117,0.8719864995178399
11.181488990783691,0.8722275795564127
11.198465347290039,0.8724686595949855
11.22607135772705,0.8727097396335584
11.22921371459961,0.8729508196721312
11.23178482055664,0.873191899710704
11.246437072753906,0.8734329797492768
11.247495651245117,0.8736740597878495
11.249486923217773,0.8739151398264223
11.261238098144531,0.8741562198649951
11.28675651550293,0.874397299903568
11.28980827331543,0.8746383799421408
11.310225486755371,0.8748794599807136
11.319374084472656,0.8751205400192864
11.332222938537598,0.8753616200578592
11.334651947021484,0.875602700096432
11.336075782775879,0.8758437801350049
11.340919494628906,0.8760848601735777
11.342970848083496,0.8763259402121505
11.346443176269531,0.8765670202507232
11.352119445800781,0.876808100289296
11.365222930908203,0.8770491803278688
11.380642890930176,0.8772902603664416
11.389814376831055,0.8775313404050145
11.394848823547363,0.8777724204435873
11.40644359588623,0.8780135004821601
11.40997314453125,0.8782545805207329
11.414700508117676,0.8784956605593057
11.425008773803711,0.8787367405978785
11.42557144165039,0.8789778206364514
11.43106460571289,0.8792189006750241
11.47037410736084,0.8794599807135969
11.473275184631348,0.8797010607521697
11.475053787231445,0.8799421407907425
11.479513168334961,0.8801832208293153
11.487357139587402,0.8804243008678881
11.49920654296875,0.880665380906461
11.507047653198242,0.8809064609450338
11.509571075439453,0.8811475409836066
11.510306358337402,0.8813886210221794
11.511188507080078,0.8816297010607522
11.512439727783203,0.8818707810993249
11.564105987548828,0.8821118611378977
11.583002090454102,0.8823529411764706
11.583629608154297,0.8825940212150434
11.591789245605469,0.8828351012536162
11.595869064331055,0.883076181292189
11.59715747833252,0.8833172613307618
11.605937957763672,0.8835583413693346
11.612504959106445,0.8837994214079075
11.612717628479004,0.8840405014464803
11.618229866027832,0.8842815814850531
11.619750022888184,0.8845226615236258
11.638701438903809,0.8847637415621986
11.652604103088379,0.8850048216007714
11.679070472717285,0.8852459016393442
11.687681198120117,0.8854869816779171
11.690726280212402,0.8857280617164899
11.697005271911621,0.8859691417550627
11.706399917602539,0.8862102217936355
11.711052894592285,0.8864513018322083
11.716424942016602,0.8866923818707811
11.724868774414062,0.886933461909354
11.730365753173828,0.8871745419479267
11.73701286315918,0.8874156219864995
11.743324279785156,0.8876567020250723
11.747431755065918,0.8878977820636451
11.74765682220459,0.8881388621022179
11.759004592895508,0.8883799421407907
11.777631759643555,0.8886210221793636
11.791683197021484,0.8888621022179364
11.79180908203125,0.8891031822565092
11.799661636352539,0.889344262295082
11.801843643188477,0.8895853423336548
11.80813217163086,0.8898264223722275
11.810757637023926,0.8900675024108003
11.8178129196167,0.8903085824493732
11.818746566772461,0.890549662487946
11.81924057006836,0.8907907425265188
11.822726249694824,0.8910318225650916
11.82528305053711,0.8912729026036644
11.835838317871094,0.8915139826422372
11.842280387878418,0.8917550626808101
11.8489990234375,0.8919961427193829
11.852359771728516,0.8922372227579557
11.852502822875977,0.8924783027965284
11.860191345214844,0.8927193828351012
11.867441177368164,0.892960462873674
11.875038146972656,0.8932015429122468
11.895650863647461,0.8934426229508197
11.901006698608398,0.8936837029893925
11.909414291381836,0.8939247830279653
11.9339599609375,0.8941658630665381
11.951332092285156,0.8944069431051109
11.969562530517578,0.8946480231436837
11.98918342590332,0.8948891031822566
11.989664077758789,0.8951301832208293
11.995515823364258,0.8953712632594021
11.999323844909668,0.8956123432979749
12.021651268005371,0.8958534233365477
12.025652885437012,0.8960945033751205
12.038581848144531,0.8963355834136933
12.085476875305176,0.8965766634522662
12.087789535522461,0.896817743490839
12.11109447479248,0.8970588235294118
12.127096176147461,0.8972999035679846
12.14152717590332,0.8975409836065574
12.152044296264648,0.8977820636451301
12.192083358764648,0.898023143683703
12.199331283569336,0.8982642237222758
12.203133583068848,0.8985053037608486
12.211610794067383,0.8987463837994214
12.237870216369629,0.8989874638379942
12.249794006347656,0.899228543876567
12.251198768615723,0.8994696239151398
12.309906005859375,0.8997107039537127
12.324758529663086,0.8999517839922855
12.329195022583008,0.9001928640308583
12.334247589111328,0.900433944069431
12.359525680541992,0.9006750241080038
12.36513614654541,0.9009161041465766
12.370101928710938,0.9011571841851495
12.377567291259766,0.9013982642237223
12.381682395935059,0.9016393442622951
12.413200378417969,0.9018804243008679
12.419525146484375,0.9021215043394407
12.428025245666504,0.9023625843780135
12.441497802734375,0.9026036644165863
12.45755672454834,0.9028447444551592
12.468846321105957,0.9030858244937319
12.493534088134766,0.9033269045323047
12.493881225585938,0.9035679845708775
12.523311614990234,0.9038090646094503
12.545249938964844,0.9040501446480231
12.552312850952148,0.904291224686596
12.578359603881836,0.9045323047251688
12.586771011352539,0.9047733847637416
12.612600326538086,0.9050144648023144
12.62358283996582,0.9052555448408872
12.630756378173828,0.90549662487946
12.641641616821289,0.9057377049180327
12.666015625,0.9059787849566056
12.670263290405273,0.9062198649951784
12.68122673034668,0.9064609450337512
12.685994148254395,0.906702025072324
12.738062858581543,0.9069431051108968
12.7381591796875,0.9071841851494696
12.77958869934082,0.9074252651880425
12.815023422241211,0.9076663452266153
12.834894180297852,0.9079074252651881
12.837738990783691,0.9081485053037609
12.852983474731445,0.9083895853423336
12.871644973754883,0.9086306653809064
12.87547779083252,0.9088717454194792
12.892873764038086,0.909112825458052
12.89410400390625,0.9093539054966249
12.940900802612305,0.9095949855351977
12.945821762084961,0.9098360655737705
12.984594345092773,0.9100771456123433
12.985313415527344,0.9103182256509161
13.005012512207031,0.910559305689489
13.01746654510498,0.9108003857280618
13.021202087402344,0.9110414657666345
13.030665397644043,0.9112825458052073
13.032367706298828,0.9115236258437801
13.048627853393555,0.9117647058823529
13.0523042678833,0.9120057859209257
13.081008911132812,0.9122468659594986
13.08258056640625,0.9124879459980714
13.103933334350586,0.9127290260366442
13.122116088867188,0.912970106075217
13.122769355773926,0.9132111861137898
13.17934799194336,0.9134522661523626
13.185098648071289,0.9136933461909353
13.187875747680664,0.9139344262295082
13.201667785644531,0.914175506268081
13.225662231445312,0.9144165863066538
13.22836685180664,0.9146576663452266
13.229572296142578,0.9148987463837994
13.232281684875488,0.9151398264223722
13.242344856262207,0.915380906460945
13.2928466796875,0.9156219864995179
13.2941255569458,0.9158630665380907
13.299356460571289,0.9161041465766635
13.319642066955566,0.9163452266152362
13.328099250793457,0.916586306653809
13.352560043334961,0.9168273866923818
13.358783721923828,0.9170684667309547
13.36115550994873,0.9173095467695275
13.362482070922852,0.9175506268081003
13.36933422088623,0.9177917068466731
13.37161636352539,0.9180327868852459
13.40843391418457,0.9182738669238187
13.517837524414062,0.9185149469623916
13.553857803344727,0.9187560270009644
13.622331619262695,0.9189971070395371
13.635725975036621,0.9192381870781099
13.640124320983887,0.9194792671166827
13.648000717163086,0.9197203471552555
13.653788566589355,0.9199614271938283
13.70860481262207,0.9202025072324012
13.715517044067383,0.920443587270974
13.717123985290527,0.9206846673095468
13.74183177947998,0.9209257473481196
13.78179931640625,0.9211668273866924
13.781999588012695,0.9214079074252652
13.787443161010742,0.9216489874638379
13.809423446655273,0.9218900675024108
13.814521789550781,0.9221311475409836
13.816425323486328,0.9223722275795564
13.8230619430542,0.9226133076181292
13.825340270996094,0.922854387656702
13.90140151977539,0.9230954676952748
13.904150009155273,0.9233365477338477
13.915816307067871,0.9235776277724205
13.922378540039062,0.9238187078109933
13.948269844055176,0.9240597878495661
13.950937271118164,0.9243008678881388
13.989070892333984,0.9245419479267116
14.018065452575684,0.9247830279652844
14.06103229522705,0.9250241080038573
14.06709098815918,0.9252651880424301
14.104042053222656,0.9255062680810029
14.108421325683594,0.9257473481195757
14.11910629272461,0.9259884281581485
14.13083553314209,0.9262295081967213
14.133432388305664,0.9264705882352942
14.173544883728027,0.926711668273867
14.19390869140625,0.9269527483124397
14.195816040039062,0.9271938283510125
14.222338676452637,0.9274349083895853
14.263616561889648,0.9276759884281581
14.273542404174805,0.9279170684667309
14.305166244506836,0.9281581485053038
14.32415771484375,0.9283992285438766
14.424031257629395,0.9286403085824494
14.429898262023926,0.9288813886210222
14.442480087280273,0.929122468659595
14.462749481201172,0.9293635486981678
14.479385375976562,0.9296046287367405
14.550703048706055,0.9298457087753134
14.569664001464844,0.9300867888138862
14.571455001831055,0.930327868852459
14.623117446899414,0.9305689488910318
14.660371780395508,0.9308100289296046
14.66366958618164,0.9310511089681774
14.706266403198242,0.9312921890067503
14.719282150268555,0.9315332690453231
14.733926773071289,0.9317743490838959
14.748470306396484,0.9320154291224687
14.75252914428711,0.9322565091610414
14.777044296264648,0.9324975891996142
14.884321212768555,0.932738669238187
14.90676212310791,0.9329797492767599
14.94076919555664,0.9332208293153327
14.94656753540039,0.9334619093539055
14.96468448638916,0.9337029893924783
14.974769592285156,0.9339440694310511
15.00674057006836,0.9341851494696239
15.014823913574219,0.9344262295081968
15.016132354736328,0.9346673095467696
15.058305740356445,0.9349083895853423
15.067313194274902,0.9351494696239151
15.076451301574707,0.9353905496624879
15.078558921813965,0.9356316297010607
15.080419540405273,0.9358727097396335
15.083366394042969,0.9361137897782064
15.127472877502441,0.9363548698167792
15.162900924682617,0.936595949855352
15.168015480041504,0.9368370298939248
15.17877197265625,0.9370781099324976
15.24868392944336,0.9373191899710704
15.26222038269043,0.9375602700096431
15.311009407043457,0.937801350048216
15.312294006347656,0.9380424300867888
15.335081100463867,0.9382835101253616
15.347332954406738,0.9385245901639344
15.353510856628418,0.9387656702025072
15.425416946411133,0.93900675024108
15.42833423614502,0.9392478302796529
15.43120002746582,0.9394889103182257
15.446185111999512,0.9397299903567985
15.462687492370605,0.9399710703953713
15.465561866760254,0.940212150433944
15.63088607788086,0.9404532304725168
15.673967361450195,0.9406943105110896
15.821853637695312,0.9409353905496625
15.837169647216797,0.9411764705882353
15.965705871582031,0.9414175506268081
16.053569793701172,0.9416586306653809
16.058578491210938,0.9418997107039537
16.05926513671875,0.9421407907425265
16.11509132385254,0.9423818707810994
16.12381362915039,0.9426229508196722
16.153493881225586,0.9428640308582449
16.26270866394043,0.9431051108968177
16.494495391845703,0.9433461909353905
16.501646041870117,0.9435872709739633
16.50409698486328,0.9438283510125361
16.51004981994629,0.944069431051109
16.55396842956543,0.9443105110896818
16.712602615356445,0.9445515911282546
16.713655471801758,0.9447926711668274
16.741199493408203,0.9450337512054002
16.750673294067383,0.945274831243973
16.77716064453125,0.9455159112825458
16.8312931060791,0.9457569913211186
16.9512939453125,0.9459980713596914
16.9583740234375,0.9462391513982642
17.005613327026367,0.946480231436837
17.0303955078125,0.9467213114754098
17.058773040771484,0.9469623915139826
17.117788314819336,0.9472034715525555
17.163921356201172,0.9474445515911283
17.180509567260742,0.9476856316297011
17.21117401123047,0.9479267116682739
17.256954193115234,0.9481677917068466
17.301801681518555,0.9484088717454194
17.411895751953125,0.9486499517839923
17.42656707763672,0.9488910318225651
17.71693229675293,0.9491321118611379
17.78354835510254,0.9493731918997107
17.883094787597656,0.9496142719382835
17.922510147094727,0.9498553519768563
18.01853370666504,0.9500964320154291
18.046409606933594,0.950337512054002
18.140838623046875,0.9505785920925748
18.213014602661133,0.9508196721311475
18.359630584716797,0.9510607521697203
18.375469207763672,0.9513018322082931
18.47019386291504,0.9515429122468659
18.485668182373047,0.9517839922854388
18.62841033935547,0.9520250723240116
18.725427627563477,0.9522661523625844
18.73056411743164,0.9525072324011572
18.81040382385254,0.95274831243973
18.870790481567383,0.9529893924783028
18.918855667114258,0.9532304725168756
18.956256866455078,0.9534715525554484
19.185659408569336,0.9537126325940212
19.435375213623047,0.953953712632594
19.476329803466797,0.9541947926711668
19.498191833496094,0.9544358727097396
19.517621994018555,0.9546769527483124
19.693506240844727,0.9549180327868853
19.720413208007812,0.9551591128254581
19.837966918945312,0.9554001928640309
19.99370765686035,0.9556412729026037
20.031023025512695,0.9558823529411765
20.099096298217773,0.9561234329797492
20.127668380737305,0.956364513018322
20.159122467041016,0.9566055930568949
20.435832977294922,0.9568466730954677
20.620832443237305,0.9570877531340405
20.639921188354492,0.9573288331726133
20.686878204345703,0.9575699132111861
20.81916046142578,0.9578109932497589
21.01272201538086,0.9580520732883318
21.261295318603516,0.9582931533269046
21.408214569091797,0.9585342333654774
21.588665008544922,0.9587753134040502
21.753440856933594,0.9590163934426229
21.774211883544922,0.9592574734811957
21.825023651123047,0.9594985535197685
21.870765686035156,0.9597396335583414
22.03406524658203,0.9599807135969142
22.291587829589844,0.960221793635487
22.30677032470703,0.9604628736740598
22.504539489746094,0.9607039537126326
23.481096267700195,0.9609450337512054
23.60466766357422,0.9611861137897783
23.93621826171875,0.9614271938283511
23.958675384521484,0.9616682738669238
24.125791549682617,0.9619093539054966
24.125925064086914,0.9621504339440694
24.127559661865234,0.9623915139826422
24.128734588623047,0.962632594021215
24.244800567626953,0.9628736740597879
24.268798828125,0.9631147540983607
24.347654342651367,0.9633558341369335
24.381458282470703,0.9635969141755063
24.407146453857422,0.9638379942140791
24.435840606689453,0.9640790742526519
24.44500732421875,0.9643201542912246
24.46029281616211,0.9645612343297975
24.514461517333984,0.9648023143683703
24.51726722717285,0.9650433944069431
24.51800537109375,0.9652844744455159
24.698354721069336,0.9655255544840887
24.74036407470703,0.9657666345226615
24.742481231689453,0.9660077145612344
24.764986038208008,0.9662487945998072
24.913028717041016,0.96648987463838
24.962783813476562,0.9667309546769528
25.11028289794922,0.9669720347155255
25.132110595703125,0.9672131147540983
25.133411407470703,0.9674541947926711
25.141937255859375,0.967695274831244
25.232120513916016,0.9679363548698168
25.300683975219727,0.9681774349083896
25.42583465576172,0.9684185149469624
25.430967330932617,0.9686595949855352
25.452838897705078,0.968900675024108
25.457426071166992,0.9691417550626809
25.472370147705078,0.9693828351012537
25.497159957885742,0.9696239151398264
25.509042739868164,0.9698649951783992
25.520153045654297,0.970106075216972
25.56300926208496,0.9703471552555448
25.606990814208984,0.9705882352941176
25.748119354248047,0.9708293153326905
25.764856338500977,0.9710703953712633
25.85672378540039,0.9713114754098361
25.902034759521484,0.9715525554484089
25.946308135986328,0.9717936354869817
25.988950729370117,0.9720347155255545
25.995264053344727,0.9722757955641272
26.182838439941406,0.9725168756027001
26.32518768310547,0.9727579556412729
26.45533561706543,0.9729990356798457
26.489213943481445,0.9732401157184185
26.58784294128418,0.9734811957569913
26.65764808654785,0.9737222757955641
27.248199462890625,0.973963355834137
27.342632293701172,0.9742044358727098
27.469303131103516,0.9744455159112826
27.676219940185547,0.9746865959498554
27.961673736572266,0.9749276759884281
28.07883071899414,0.9751687560270009
28.096755981445312,0.9754098360655737
28.149972915649414,0.9756509161041466
28.181432723999023,0.9758919961427194
28.242090225219727,0.9761330761812922
28.704267501831055,0.976374156219865
28.732479095458984,0.9766152362584378
29.98702049255371,0.9768563162970106
30.817983627319336,0.9770973963355835
30.828702926635742,0.9773384763741563
30.982345581054688,0.977579556412729
32.52233123779297,0.9778206364513018
32.559017181396484,0.9780617164898746
33.17564392089844,0.9783027965284474
33.17888641357422,0.9785438765670202
33.183937072753906,0.9787849566055931
33.40351867675781,0.9790260366441659
34.008033752441406,0.9792671166827387
34.429786682128906,0.9795081967213115
34.44232177734375,0.9797492767598843
34.7175178527832,0.9799903567984571
35.00175094604492,0.9802314368370298
35.68865203857422,0.9804725168756027
35.70558547973633,0.9807135969141755
36.04841613769531,0.9809546769527483
36.198978424072266,0.9811957569913211
36.25117492675781,0.9814368370298939
36.42465591430664,0.9816779170684667
36.722415924072266,0.9819189971070396
36.741539001464844,0.9821600771456124
37.97371292114258,0.9824011571841852
38.42457962036133,0.982642237222758
38.435157775878906,0.9828833172613307
38.60189437866211,0.9831243972999035
39.588253021240234,0.9833654773384763
39.95063400268555,0.9836065573770492
39.97000503540039,0.983847637415622
40.60198974609375,0.9840887174541948
40.6663932800293,0.9843297974927676
40.949424743652344,0.9845708775313404
40.95102310180664,0.9848119575699132
41.09796905517578,0.9850530376084861
41.33066177368164,0.9852941176470589
41.56577682495117,0.9855351976856316
42.08842086791992,0.9857762777242044
42.40439224243164,0.9860173577627772
42.945438385009766,0.98625843780135
44.27745056152344,0.9864995178399228
44.41578674316406,0.9867405978784957
44.446353912353516,0.9869816779170685
44.721351623535156,0.9872227579556413
44.773441314697266,0.9874638379942141
45.06147003173828,0.9877049180327869
45.2653923034668,0.9879459980713597
45.870826721191406,0.9881870781099324
46.00271224975586,0.9884281581485053
46.316619873046875,0.9886692381870781
46.78376388549805,0.9889103182256509
47.08791732788086,0.9891513982642237
47.461883544921875,0.9893924783027965
47.463096618652344,0.9896335583413693
48.267948150634766,0.9898746383799422
48.43740463256836,0.990115718418515
49.33112716674805,0.9903567984570878
49.69643020629883,0.9905978784956606
50.38672637939453,0.9908389585342333
51.650634765625,0.9910800385728061
52.42308807373047,0.991321118611379
52.912071228027344,0.9915621986499518
53.36480712890625,0.9918032786885246
56.27352523803711,0.9920443587270974
56.29717254638672,0.9922854387656702
56.33543395996094,0.992526518804243
56.734779357910156,0.9927675988428158
57.010467529296875,0.9930086788813887
57.361000061035156,0.9932497589199615
58.147254943847656,0.9934908389585342
58.81901931762695,0.993731918997107
58.94757843017578,0.9939729990356798
58.962711334228516,0.9942140790742526
59.12799072265625,0.9944551591128254
59.13663864135742,0.9946962391513983
59.20933532714844,0.9949373191899711
59.41241455078125,0.9951783992285439
60.259681701660156,0.9954194792671167
60.40419006347656,0.9956605593056895
60.499237060546875,0.9959016393442623
60.64411163330078,0.996142719382835
60.753135681152344,0.9963837994214079
60.78001022338867,0.9966248794599807
60.9735107421875,0.9968659594985535
61.58599090576172,0.9971070395371263
61.98979568481445,0.9973481195756991
62.991905212402344,0.997589199614272
63.229923248291016,0.9978302796528448
64.15156555175781,0.9980713596914176
64.61669158935547,0.9983124397299904
64.69882202148438,0.9985535197685632
65.75558471679688,0.9987945998071359
65.95552825927734,0.9990356798457087
68.22146606445312,0.9992767598842816
69.44731140136719,0.9995178399228544
73.65180206298828,0.9997589199614272
128.0764617919922,1.0
