inter_batch_delay,cdf
2.288818359375e-05,6.725401842760106e-05
2.3603439331054688e-05,0.0001345080368552021
2.4080276489257812e-05,0.00020176205528280315
2.4318695068359375e-05,0.0002690160737104042
2.4318695068359375e-05,0.00033627009213800524
2.4557113647460938e-05,0.0004035241105656063
2.4557113647460938e-05,0.0004707781289932073
2.5033950805664062e-05,0.0005380321474208084
2.5033950805664062e-05,0.0006052861658484095
2.5272369384765625e-05,0.0006725401842760105
2.5510787963867188e-05,0.0007397942027036115
2.5510787963867188e-05,0.0008070482211312126
2.5510787963867188e-05,0.0008743022395588136
2.5510787963867188e-05,0.0009415562579864146
2.5510787963867188e-05,0.0010088102764140158
2.574920654296875e-05,0.0010760642948416169
2.574920654296875e-05,0.0011433183132692178
2.574920654296875e-05,0.001210572331696819
2.574920654296875e-05,0.0012778263501244198
2.574920654296875e-05,0.001345080368552021
2.5987625122070312e-05,0.001412334386979622
2.5987625122070312e-05,0.001479588405407223
2.5987625122070312e-05,0.001546842423834824
2.5987625122070312e-05,0.0016140964422624252
2.5987625122070312e-05,0.0016813504606900261
2.5987625122070312e-05,0.0017486044791176273
2.6226043701171875e-05,0.0018158584975452284
2.6226043701171875e-05,0.0018831125159728293
2.6226043701171875e-05,0.0019503665344004304
2.6464462280273438e-05,0.0020176205528280315
2.6464462280273438e-05,0.0020848745712556327
2.6702880859375e-05,0.0021521285896832338
2.6702880859375e-05,0.0022193826081108345
2.6702880859375e-05,0.0022866366265384356
2.6941299438476562e-05,0.0023538906449660367
2.6941299438476562e-05,0.002421144663393638
2.6941299438476562e-05,0.002488398681821239
2.6941299438476562e-05,0.0025556527002488397
2.6941299438476562e-05,0.0026229067186764408
2.6941299438476562e-05,0.002690160737104042
2.7179718017578125e-05,0.002757414755531643
2.7179718017578125e-05,0.002824668773959244
2.7179718017578125e-05,0.0028919227923868453
2.7179718017578125e-05,0.002959176810814446
2.7179718017578125e-05,0.003026430829242047
2.7179718017578125e-05,0.003093684847669648
2.7179718017578125e-05,0.0031609388660972493
2.7418136596679688e-05,0.0032281928845248505
2.7418136596679688e-05,0.0032954469029524516
2.7418136596679688e-05,0.0033627009213800523
2.7418136596679688e-05,0.0034299549398076534
2.7418136596679688e-05,0.0034972089582352545
2.7418136596679688e-05,0.0035644629766628556
2.7418136596679688e-05,0.0036317169950904568
2.765655517578125e-05,0.003698971013518058
2.765655517578125e-05,0.0037662250319456586
2.765655517578125e-05,0.0038334790503732597
2.765655517578125e-05,0.003900733068800861
2.7894973754882812e-05,0.0039679870872284615
2.7894973754882812e-05,0.004035241105656063
2.7894973754882812e-05,0.004102495124083664
2.7894973754882812e-05,0.004169749142511265
2.7894973754882812e-05,0.004237003160938866
2.8133392333984375e-05,0.0043042571793664676
2.8133392333984375e-05,0.004371511197794068
2.8133392333984375e-05,0.004438765216221669
2.8133392333984375e-05,0.0045060192346492705
2.8133392333984375e-05,0.004573273253076871
2.8133392333984375e-05,0.004640527271504473
2.8371810913085938e-05,0.004707781289932073
2.8371810913085938e-05,0.004775035308359674
2.8371810913085938e-05,0.004842289326787276
2.8371810913085938e-05,0.004909543345214876
2.8371810913085938e-05,0.004976797363642478
2.8371810913085938e-05,0.005044051382070079
2.8371810913085938e-05,0.005111305400497679
2.8371810913085938e-05,0.005178559418925281
2.86102294921875e-05,0.0052458134373528816
2.86102294921875e-05,0.005313067455780483
2.86102294921875e-05,0.005380321474208084
2.8848648071289062e-05,0.005447575492635685
2.8848648071289062e-05,0.005514829511063286
2.8848648071289062e-05,0.005582083529490887
2.8848648071289062e-05,0.005649337547918488
2.8848648071289062e-05,0.005716591566346089
2.8848648071289062e-05,0.0057838455847736905
2.8848648071289062e-05,0.005851099603201291
2.9087066650390625e-05,0.005918353621628892
2.9087066650390625e-05,0.0059856076400564935
2.9087066650390625e-05,0.006052861658484094
2.9087066650390625e-05,0.006120115676911696
2.9087066650390625e-05,0.006187369695339296
2.9087066650390625e-05,0.006254623713766898
2.9325485229492188e-05,0.006321877732194499
2.9325485229492188e-05,0.006389131750622099
2.9325485229492188e-05,0.006456385769049701
2.9325485229492188e-05,0.006523639787477302
2.9325485229492188e-05,0.006590893805904903
2.9325485229492188e-05,0.006658147824332504
2.9325485229492188e-05,0.0067254018427601045
2.956390380859375e-05,0.006792655861187706
2.956390380859375e-05,0.006859909879615307
2.956390380859375e-05,0.006927163898042908
2.956390380859375e-05,0.006994417916470509
2.9802322387695312e-05,0.007061671934898111
2.9802322387695312e-05,0.007128925953325711
2.9802322387695312e-05,0.007196179971753312
2.9802322387695312e-05,0.0072634339901809135
2.9802322387695312e-05,0.007330688008608514
2.9802322387695312e-05,0.007397942027036116
2.9802322387695312e-05,0.0074651960454637165
3.0040740966796875e-05,0.007532450063891317
3.0040740966796875e-05,0.007599704082318919
3.0040740966796875e-05,0.007666958100746519
3.0279159545898438e-05,0.007734212119174121
3.0279159545898438e-05,0.007801466137601722
3.0279159545898438e-05,0.007868720156029322
3.0279159545898438e-05,0.007935974174456923
3.0517578125e-05,0.008003228192884525
3.0517578125e-05,0.008070482211312126
3.075599670410156e-05,0.008137736229739727
3.075599670410156e-05,0.008204990248167328
3.0994415283203125e-05,0.008272244266594928
3.0994415283203125e-05,0.00833949828502253
3.123283386230469e-05,0.008406752303450131
3.123283386230469e-05,0.008474006321877732
3.147125244140625e-05,0.008541260340305333
3.147125244140625e-05,0.008608514358732935
3.147125244140625e-05,0.008675768377160536
3.147125244140625e-05,0.008743022395588136
3.170967102050781e-05,0.008810276414015737
3.170967102050781e-05,0.008877530432443338
3.170967102050781e-05,0.00894478445087094
3.170967102050781e-05,0.009012038469298541
3.1948089599609375e-05,0.009079292487726142
3.1948089599609375e-05,0.009146546506153742
3.218650817871094e-05,0.009213800524581343
3.218650817871094e-05,0.009281054543008945
3.218650817871094e-05,0.009348308561436546
3.218650817871094e-05,0.009415562579864147
3.218650817871094e-05,0.009482816598291748
3.24249267578125e-05,0.009550070616719348
3.24249267578125e-05,0.00961732463514695
3.24249267578125e-05,0.009684578653574551
3.24249267578125e-05,0.009751832672002152
3.266334533691406e-05,0.009819086690429753
3.266334533691406e-05,0.009886340708857353
3.2901763916015625e-05,0.009953594727284956
3.2901763916015625e-05,0.010020848745712557
3.2901763916015625e-05,0.010088102764140157
3.314018249511719e-05,0.010155356782567758
3.337860107421875e-05,0.010222610800995359
3.361701965332031e-05,0.010289864819422961
3.361701965332031e-05,0.010357118837850562
3.361701965332031e-05,0.010424372856278162
3.4332275390625e-05,0.010491626874705763
3.4332275390625e-05,0.010558880893133366
3.457069396972656e-05,0.010626134911560966
3.457069396972656e-05,0.010693388929988567
3.4809112548828125e-05,0.010760642948416168
3.4809112548828125e-05,0.010827896966843768
3.4809112548828125e-05,0.01089515098527137
3.4809112548828125e-05,0.010962405003698971
3.504753112792969e-05,0.011029659022126572
3.504753112792969e-05,0.011096913040554173
3.504753112792969e-05,0.011164167058981773
3.504753112792969e-05,0.011231421077409376
3.504753112792969e-05,0.011298675095836977
3.552436828613281e-05,0.011365929114264577
3.552436828613281e-05,0.011433183132692178
3.552436828613281e-05,0.011500437151119779
3.5762786865234375e-05,0.011567691169547381
3.600120544433594e-05,0.011634945187974982
3.62396240234375e-05,0.011702199206402582
3.647804260253906e-05,0.011769453224830183
3.6716461181640625e-05,0.011836707243257784
3.6716461181640625e-05,0.011903961261685386
3.695487976074219e-05,0.011971215280112987
3.695487976074219e-05,0.012038469298540588
3.695487976074219e-05,0.012105723316968188
3.719329833984375e-05,0.01217297733539579
3.719329833984375e-05,0.012240231353823391
3.719329833984375e-05,0.012307485372250992
3.719329833984375e-05,0.012374739390678593
3.743171691894531e-05,0.012441993409106194
3.743171691894531e-05,0.012509247427533796
3.743171691894531e-05,0.012576501445961397
3.7670135498046875e-05,0.012643755464388997
3.7670135498046875e-05,0.012711009482816598
3.7670135498046875e-05,0.012778263501244199
3.790855407714844e-05,0.012845517519671801
3.790855407714844e-05,0.012912771538099402
3.790855407714844e-05,0.012980025556527003
3.790855407714844e-05,0.013047279574954603
3.790855407714844e-05,0.013114533593382204
3.790855407714844e-05,0.013181787611809806
3.814697265625e-05,0.013249041630237407
3.814697265625e-05,0.013316295648665008
3.814697265625e-05,0.013383549667092608
3.814697265625e-05,0.013450803685520209
3.814697265625e-05,0.013518057703947811
3.838539123535156e-05,0.013585311722375412
3.838539123535156e-05,0.013652565740803013
3.838539123535156e-05,0.013719819759230614
3.838539123535156e-05,0.013787073777658214
3.838539123535156e-05,0.013854327796085817
3.8623809814453125e-05,0.013921581814513417
3.8623809814453125e-05,0.013988835832941018
3.8623809814453125e-05,0.014056089851368619
3.8623809814453125e-05,0.014123343869796221
3.8623809814453125e-05,0.014190597888223822
3.8623809814453125e-05,0.014257851906651423
3.886222839355469e-05,0.014325105925079023
3.886222839355469e-05,0.014392359943506624
3.886222839355469e-05,0.014459613961934226
3.886222839355469e-05,0.014526867980361827
3.910064697265625e-05,0.014594121998789428
3.910064697265625e-05,0.014661376017217028
3.910064697265625e-05,0.014728630035644629
3.910064697265625e-05,0.014795884054072232
3.910064697265625e-05,0.014863138072499832
3.933906555175781e-05,0.014930392090927433
3.933906555175781e-05,0.014997646109355034
3.933906555175781e-05,0.015064900127782634
3.933906555175781e-05,0.015132154146210237
3.933906555175781e-05,0.015199408164637837
3.933906555175781e-05,0.015266662183065438
3.9577484130859375e-05,0.015333916201493039
3.9577484130859375e-05,0.01540117021992064
3.9577484130859375e-05,0.015468424238348242
3.9577484130859375e-05,0.015535678256775843
3.9577484130859375e-05,0.015602932275203443
3.9577484130859375e-05,0.015670186293631046
3.9577484130859375e-05,0.015737440312058645
3.9577484130859375e-05,0.015804694330486247
3.9577484130859375e-05,0.015871948348913846
3.981590270996094e-05,0.01593920236734145
3.981590270996094e-05,0.01600645638576905
3.981590270996094e-05,0.01607371040419665
3.981590270996094e-05,0.016140964422624252
3.981590270996094e-05,0.01620821844105185
3.981590270996094e-05,0.016275472459479454
3.981590270996094e-05,0.016342726477907056
3.981590270996094e-05,0.016409980496334655
4.00543212890625e-05,0.016477234514762257
4.00543212890625e-05,0.016544488533189856
4.00543212890625e-05,0.01661174255161746
4.00543212890625e-05,0.01667899657004506
4.00543212890625e-05,0.01674625058847266
4.00543212890625e-05,0.016813504606900263
4.00543212890625e-05,0.016880758625327865
4.00543212890625e-05,0.016948012643755464
4.00543212890625e-05,0.017015266662183066
4.00543212890625e-05,0.017082520680610665
4.029273986816406e-05,0.017149774699038268
4.029273986816406e-05,0.01721702871746587
4.029273986816406e-05,0.01728428273589347
4.029273986816406e-05,0.01735153675432107
4.029273986816406e-05,0.01741879077274867
4.029273986816406e-05,0.017486044791176273
4.029273986816406e-05,0.017553298809603875
4.029273986816406e-05,0.017620552828031474
4.029273986816406e-05,0.017687806846459077
4.0531158447265625e-05,0.017755060864886676
4.0531158447265625e-05,0.017822314883314278
4.0531158447265625e-05,0.01788956890174188
4.0531158447265625e-05,0.01795682292016948
4.0531158447265625e-05,0.018024076938597082
4.0531158447265625e-05,0.01809133095702468
4.0531158447265625e-05,0.018158584975452283
4.0531158447265625e-05,0.018225838993879886
4.0531158447265625e-05,0.018293093012307485
4.076957702636719e-05,0.018360347030735087
4.076957702636719e-05,0.018427601049162686
4.076957702636719e-05,0.01849485506759029
4.076957702636719e-05,0.01856210908601789
4.076957702636719e-05,0.01862936310444549
4.076957702636719e-05,0.018696617122873092
4.076957702636719e-05,0.01876387114130069
4.076957702636719e-05,0.018831125159728294
4.076957702636719e-05,0.018898379178155896
4.076957702636719e-05,0.018965633196583495
4.076957702636719e-05,0.019032887215011098
4.076957702636719e-05,0.019100141233438696
4.076957702636719e-05,0.0191673952518663
4.076957702636719e-05,0.0192346492702939
4.076957702636719e-05,0.0193019032887215
4.100799560546875e-05,0.019369157307149103
4.100799560546875e-05,0.0194364113255767
4.100799560546875e-05,0.019503665344004304
4.100799560546875e-05,0.019570919362431907
4.100799560546875e-05,0.019638173380859505
4.100799560546875e-05,0.019705427399287108
4.100799560546875e-05,0.019772681417714707
4.100799560546875e-05,0.01983993543614231
4.100799560546875e-05,0.01990718945456991
4.100799560546875e-05,0.01997444347299751
4.100799560546875e-05,0.020041697491425113
4.100799560546875e-05,0.020108951509852712
4.100799560546875e-05,0.020176205528280314
4.100799560546875e-05,0.020243459546707917
4.100799560546875e-05,0.020310713565135516
4.100799560546875e-05,0.02037796758356312
4.100799560546875e-05,0.020445221601990717
4.100799560546875e-05,0.02051247562041832
4.100799560546875e-05,0.020579729638845922
4.100799560546875e-05,0.02064698365727352
4.100799560546875e-05,0.020714237675701123
4.124641418457031e-05,0.020781491694128726
4.124641418457031e-05,0.020848745712556325
4.124641418457031e-05,0.020915999730983927
4.124641418457031e-05,0.020983253749411526
4.124641418457031e-05,0.02105050776783913
4.124641418457031e-05,0.02111776178626673
4.124641418457031e-05,0.02118501580469433
4.124641418457031e-05,0.021252269823121932
4.124641418457031e-05,0.02131952384154953
4.124641418457031e-05,0.021386777859977134
4.124641418457031e-05,0.021454031878404736
4.124641418457031e-05,0.021521285896832335
4.124641418457031e-05,0.021588539915259938
4.124641418457031e-05,0.021655793933687537
4.124641418457031e-05,0.02172304795211514
4.124641418457031e-05,0.02179030197054274
4.124641418457031e-05,0.02185755598897034
4.124641418457031e-05,0.021924810007397943
4.124641418457031e-05,0.021992064025825542
4.124641418457031e-05,0.022059318044253144
4.1484832763671875e-05,0.022126572062680747
4.1484832763671875e-05,0.022193826081108346
4.1484832763671875e-05,0.022261080099535948
4.1484832763671875e-05,0.022328334117963547
4.1484832763671875e-05,0.02239558813639115
4.1484832763671875e-05,0.022462842154818752
4.1484832763671875e-05,0.02253009617324635
4.1484832763671875e-05,0.022597350191673953
4.1484832763671875e-05,0.022664604210101552
4.1484832763671875e-05,0.022731858228529155
4.1484832763671875e-05,0.022799112246956757
4.1484832763671875e-05,0.022866366265384356
4.1484832763671875e-05,0.02293362028381196
4.1484832763671875e-05,0.023000874302239557
4.1484832763671875e-05,0.02306812832066716
4.1484832763671875e-05,0.023135382339094762
4.1484832763671875e-05,0.02320263635752236
4.1484832763671875e-05,0.023269890375949964
4.1484832763671875e-05,0.023337144394377562
4.1484832763671875e-05,0.023404398412805165
4.172325134277344e-05,0.023471652431232767
4.172325134277344e-05,0.023538906449660366
4.172325134277344e-05,0.02360616046808797
4.172325134277344e-05,0.023673414486515568
4.172325134277344e-05,0.02374066850494317
4.172325134277344e-05,0.023807922523370773
4.172325134277344e-05,0.02387517654179837
4.172325134277344e-05,0.023942430560225974
4.172325134277344e-05,0.024009684578653573
4.172325134277344e-05,0.024076938597081175
4.172325134277344e-05,0.024144192615508778
4.172325134277344e-05,0.024211446633936377
4.172325134277344e-05,0.02427870065236398
4.172325134277344e-05,0.02434595467079158
4.172325134277344e-05,0.02441320868921918
4.172325134277344e-05,0.024480462707646783
4.172325134277344e-05,0.024547716726074382
4.172325134277344e-05,0.024614970744501984
4.172325134277344e-05,0.024682224762929587
4.172325134277344e-05,0.024749478781357186
4.1961669921875e-05,0.024816732799784788
4.1961669921875e-05,0.024883986818212387
4.1961669921875e-05,0.02495124083663999
4.1961669921875e-05,0.025018494855067592
4.1961669921875e-05,0.02508574887349519
4.1961669921875e-05,0.025153002891922793
4.1961669921875e-05,0.025220256910350392
4.1961669921875e-05,0.025287510928777995
4.1961669921875e-05,0.025354764947205597
4.1961669921875e-05,0.025422018965633196
4.1961669921875e-05,0.0254892729840608
4.1961669921875e-05,0.025556527002488397
4.1961669921875e-05,0.025623781020916
4.1961669921875e-05,0.025691035039343602
4.1961669921875e-05,0.0257582890577712
4.1961669921875e-05,0.025825543076198804
4.1961669921875e-05,0.025892797094626403
4.1961669921875e-05,0.025960051113054005
4.1961669921875e-05,0.026027305131481607
4.1961669921875e-05,0.026094559149909206
4.1961669921875e-05,0.02616181316833681
4.1961669921875e-05,0.026229067186764408
4.1961669921875e-05,0.02629632120519201
4.1961669921875e-05,0.026363575223619613
4.1961669921875e-05,0.02643082924204721
4.220008850097656e-05,0.026498083260474814
4.220008850097656e-05,0.026565337278902413
4.220008850097656e-05,0.026632591297330015
4.220008850097656e-05,0.026699845315757618
4.220008850097656e-05,0.026767099334185217
4.220008850097656e-05,0.02683435335261282
4.220008850097656e-05,0.026901607371040418
4.220008850097656e-05,0.02696886138946802
4.220008850097656e-05,0.027036115407895623
4.220008850097656e-05,0.027103369426323222
4.220008850097656e-05,0.027170623444750824
4.220008850097656e-05,0.027237877463178423
4.220008850097656e-05,0.027305131481606026
4.220008850097656e-05,0.027372385500033628
4.220008850097656e-05,0.027439639518461227
4.220008850097656e-05,0.02750689353688883
4.220008850097656e-05,0.02757414755531643
4.220008850097656e-05,0.02764140157374403
4.220008850097656e-05,0.027708655592171633
4.220008850097656e-05,0.027775909610599232
4.220008850097656e-05,0.027843163629026835
4.2438507080078125e-05,0.027910417647454434
4.2438507080078125e-05,0.027977671665882036
4.2438507080078125e-05,0.02804492568430964
4.2438507080078125e-05,0.028112179702737237
4.2438507080078125e-05,0.02817943372116484
4.2438507080078125e-05,0.028246687739592442
4.2438507080078125e-05,0.02831394175802004
4.2438507080078125e-05,0.028381195776447644
4.2438507080078125e-05,0.028448449794875243
4.2438507080078125e-05,0.028515703813302845
4.2438507080078125e-05,0.028582957831730448
4.2438507080078125e-05,0.028650211850158046
4.2438507080078125e-05,0.02871746586858565
4.2438507080078125e-05,0.028784719887013248
4.2438507080078125e-05,0.02885197390544085
4.2438507080078125e-05,0.028919227923868453
4.2438507080078125e-05,0.02898648194229605
4.2438507080078125e-05,0.029053735960723654
4.2438507080078125e-05,0.029120989979151253
4.2438507080078125e-05,0.029188243997578855
4.2438507080078125e-05,0.029255498016006458
4.2438507080078125e-05,0.029322752034434057
4.2438507080078125e-05,0.02939000605286166
4.2438507080078125e-05,0.029457260071289258
4.267692565917969e-05,0.02952451408971686
4.267692565917969e-05,0.029591768108144463
4.267692565917969e-05,0.029659022126572062
4.267692565917969e-05,0.029726276144999664
4.267692565917969e-05,0.029793530163427263
4.267692565917969e-05,0.029860784181854866
4.267692565917969e-05,0.029928038200282468
4.267692565917969e-05,0.029995292218710067
4.267692565917969e-05,0.03006254623713767
4.267692565917969e-05,0.03012980025556527
4.267692565917969e-05,0.03019705427399287
4.267692565917969e-05,0.030264308292420473
4.267692565917969e-05,0.030331562310848072
4.267692565917969e-05,0.030398816329275675
4.267692565917969e-05,0.030466070347703274
4.267692565917969e-05,0.030533324366130876
4.267692565917969e-05,0.03060057838455848
4.267692565917969e-05,0.030667832402986078
4.267692565917969e-05,0.03073508642141368
4.267692565917969e-05,0.03080234043984128
4.267692565917969e-05,0.03086959445826888
4.267692565917969e-05,0.030936848476696484
4.267692565917969e-05,0.031004102495124083
4.267692565917969e-05,0.031071356513551685
4.267692565917969e-05,0.031138610531979284
4.267692565917969e-05,0.031205864550406887
4.267692565917969e-05,0.03127311856883449
4.267692565917969e-05,0.03134037258726209
4.267692565917969e-05,0.03140762660568969
4.267692565917969e-05,0.03147488062411729
4.267692565917969e-05,0.03154213464254489
4.267692565917969e-05,0.031609388660972494
4.267692565917969e-05,0.0316766426794001
4.291534423828125e-05,0.03174389669782769
4.291534423828125e-05,0.031811150716255295
4.291534423828125e-05,0.0318784047346829
4.291534423828125e-05,0.0319456587531105
4.291534423828125e-05,0.0320129127715381
4.291534423828125e-05,0.0320801667899657
4.291534423828125e-05,0.0321474208083933
4.291534423828125e-05,0.0322146748268209
4.291534423828125e-05,0.032281928845248505
4.291534423828125e-05,0.03234918286367611
4.291534423828125e-05,0.0324164368821037
4.291534423828125e-05,0.032483690900531305
4.291534423828125e-05,0.03255094491895891
4.291534423828125e-05,0.03261819893738651
4.291534423828125e-05,0.03268545295581411
4.291534423828125e-05,0.03275270697424171
4.291534423828125e-05,0.03281996099266931
4.291534423828125e-05,0.03288721501109691
4.291534423828125e-05,0.032954469029524515
4.291534423828125e-05,0.03302172304795212
4.291534423828125e-05,0.03308897706637971
4.291534423828125e-05,0.033156231084807315
4.291534423828125e-05,0.03322348510323492
4.291534423828125e-05,0.03329073912166252
4.291534423828125e-05,0.03335799314009012
4.291534423828125e-05,0.03342524715851772
4.291534423828125e-05,0.03349250117694532
4.291534423828125e-05,0.03355975519537292
4.291534423828125e-05,0.033627009213800525
4.291534423828125e-05,0.03369426323222813
4.291534423828125e-05,0.03376151725065573
4.291534423828125e-05,0.033828771269083326
4.291534423828125e-05,0.03389602528751093
4.291534423828125e-05,0.03396327930593853
4.291534423828125e-05,0.03403053332436613
4.291534423828125e-05,0.034097787342793735
4.315376281738281e-05,0.03416504136122133
4.315376281738281e-05,0.03423229537964893
4.315376281738281e-05,0.034299549398076536
4.315376281738281e-05,0.03436680341650414
4.315376281738281e-05,0.03443405743493174
4.315376281738281e-05,0.034501311453359336
4.315376281738281e-05,0.03456856547178694
4.315376281738281e-05,0.03463581949021454
4.315376281738281e-05,0.03470307350864214
4.315376281738281e-05,0.034770327527069746
4.315376281738281e-05,0.03483758154549734
4.315376281738281e-05,0.034904835563924944
4.315376281738281e-05,0.034972089582352546
4.315376281738281e-05,0.03503934360078015
4.315376281738281e-05,0.03510659761920775
4.315376281738281e-05,0.035173851637635346
4.315376281738281e-05,0.03524110565606295
4.315376281738281e-05,0.03530835967449055
4.315376281738281e-05,0.035375613692918154
4.315376281738281e-05,0.035442867711345756
4.315376281738281e-05,0.03551012172977335
4.315376281738281e-05,0.035577375748200954
4.315376281738281e-05,0.035644629766628556
4.315376281738281e-05,0.03571188378505616
4.315376281738281e-05,0.03577913780348376
4.3392181396484375e-05,0.03584639182191136
4.3392181396484375e-05,0.03591364584033896
4.3392181396484375e-05,0.03598089985876656
4.3392181396484375e-05,0.036048153877194164
4.3392181396484375e-05,0.036115407895621766
4.3392181396484375e-05,0.03618266191404936
4.3392181396484375e-05,0.036249915932476964
4.3392181396484375e-05,0.03631716995090457
4.3392181396484375e-05,0.03638442396933217
4.3392181396484375e-05,0.03645167798775977
4.3392181396484375e-05,0.03651893200618737
4.3392181396484375e-05,0.03658618602461497
4.3392181396484375e-05,0.03665344004304257
4.3392181396484375e-05,0.036720694061470174
4.3392181396484375e-05,0.03678794807989778
4.3392181396484375e-05,0.03685520209832537
4.3392181396484375e-05,0.036922456116752975
4.3392181396484375e-05,0.03698971013518058
4.3392181396484375e-05,0.03705696415360818
4.3392181396484375e-05,0.03712421817203578
4.3392181396484375e-05,0.03719147219046338
4.3392181396484375e-05,0.03725872620889098
4.3392181396484375e-05,0.03732598022731858
4.3392181396484375e-05,0.037393234245746185
4.3392181396484375e-05,0.03746048826417379
4.3392181396484375e-05,0.03752774228260138
4.363059997558594e-05,0.037594996301028985
4.363059997558594e-05,0.03766225031945659
4.363059997558594e-05,0.03772950433788419
4.363059997558594e-05,0.03779675835631179
4.363059997558594e-05,0.03786401237473939
4.363059997558594e-05,0.03793126639316699
4.363059997558594e-05,0.03799852041159459
4.363059997558594e-05,0.038065774430022195
4.363059997558594e-05,0.0381330284484498
4.363059997558594e-05,0.03820028246687739
4.363059997558594e-05,0.038267536485304995
4.363059997558594e-05,0.0383347905037326
4.363059997558594e-05,0.0384020445221602
4.363059997558594e-05,0.0384692985405878
4.363059997558594e-05,0.0385365525590154
4.363059997558594e-05,0.038603806577443
4.363059997558594e-05,0.0386710605958706
4.363059997558594e-05,0.038738314614298205
4.363059997558594e-05,0.03880556863272581
4.363059997558594e-05,0.0388728226511534
4.363059997558594e-05,0.038940076669581006
4.363059997558594e-05,0.03900733068800861
4.363059997558594e-05,0.03907458470643621
4.363059997558594e-05,0.03914183872486381
4.363059997558594e-05,0.03920909274329141
4.363059997558594e-05,0.03927634676171901
4.363059997558594e-05,0.03934360078014661
4.363059997558594e-05,0.039410854798574216
4.363059997558594e-05,0.03947810881700182
4.363059997558594e-05,0.039545362835429414
4.363059997558594e-05,0.039612616853857016
4.363059997558594e-05,0.03967987087228462
4.363059997558594e-05,0.03974712489071222
4.363059997558594e-05,0.03981437890913982
4.363059997558594e-05,0.03988163292756742
4.38690185546875e-05,0.03994888694599502
4.38690185546875e-05,0.040016140964422624
4.38690185546875e-05,0.040083394982850226
4.38690185546875e-05,0.04015064900127783
4.38690185546875e-05,0.040217903019705424
4.38690185546875e-05,0.040285157038133027
4.38690185546875e-05,0.04035241105656063
4.38690185546875e-05,0.04041966507498823
4.38690185546875e-05,0.040486919093415834
4.38690185546875e-05,0.04055417311184343
4.38690185546875e-05,0.04062142713027103
4.38690185546875e-05,0.040688681148698634
4.38690185546875e-05,0.04075593516712624
4.38690185546875e-05,0.04082318918555384
4.38690185546875e-05,0.040890443203981434
4.38690185546875e-05,0.04095769722240904
4.38690185546875e-05,0.04102495124083664
4.38690185546875e-05,0.04109220525926424
4.38690185546875e-05,0.041159459277691844
4.38690185546875e-05,0.04122671329611945
4.38690185546875e-05,0.04129396731454704
4.38690185546875e-05,0.041361221332974644
4.38690185546875e-05,0.04142847535140225
4.38690185546875e-05,0.04149572936982985
4.38690185546875e-05,0.04156298338825745
4.38690185546875e-05,0.04163023740668505
4.38690185546875e-05,0.04169749142511265
4.38690185546875e-05,0.04176474544354025
4.38690185546875e-05,0.041831999461967855
4.38690185546875e-05,0.04189925348039546
4.38690185546875e-05,0.04196650749882305
4.38690185546875e-05,0.042033761517250655
4.38690185546875e-05,0.04210101553567826
4.38690185546875e-05,0.04216826955410586
4.38690185546875e-05,0.04223552357253346
4.38690185546875e-05,0.04230277759096106
4.38690185546875e-05,0.04237003160938866
4.38690185546875e-05,0.04243728562781626
4.38690185546875e-05,0.042504539646243865
4.38690185546875e-05,0.04257179366467147
4.38690185546875e-05,0.04263904768309906
4.38690185546875e-05,0.042706301701526665
4.38690185546875e-05,0.04277355571995427
4.38690185546875e-05,0.04284080973838187
4.38690185546875e-05,0.04290806375680947
4.38690185546875e-05,0.04297531777523707
4.410743713378906e-05,0.04304257179366467
4.410743713378906e-05,0.04310982581209227
4.410743713378906e-05,0.043177079830519875
4.410743713378906e-05,0.04324433384894748
4.410743713378906e-05,0.04331158786737507
4.410743713378906e-05,0.043378841885802676
4.410743713378906e-05,0.04344609590423028
4.410743713378906e-05,0.04351334992265788
4.410743713378906e-05,0.04358060394108548
4.410743713378906e-05,0.04364785795951308
4.410743713378906e-05,0.04371511197794068
4.410743713378906e-05,0.04378236599636828
4.410743713378906e-05,0.043849620014795886
4.410743713378906e-05,0.04391687403322349
4.410743713378906e-05,0.043984128051651084
4.410743713378906e-05,0.044051382070078686
4.410743713378906e-05,0.04411863608850629
4.410743713378906e-05,0.04418589010693389
4.410743713378906e-05,0.04425314412536149
4.410743713378906e-05,0.04432039814378909
4.410743713378906e-05,0.04438765216221669
4.410743713378906e-05,0.044454906180644294
4.410743713378906e-05,0.044522160199071896
4.410743713378906e-05,0.0445894142174995
4.410743713378906e-05,0.044656668235927094
4.410743713378906e-05,0.044723922254354696
4.410743713378906e-05,0.0447911762727823
4.410743713378906e-05,0.0448584302912099
4.410743713378906e-05,0.044925684309637504
4.410743713378906e-05,0.0449929383280651
4.410743713378906e-05,0.0450601923464927
4.410743713378906e-05,0.045127446364920304
4.410743713378906e-05,0.045194700383347906
4.410743713378906e-05,0.04526195440177551
4.410743713378906e-05,0.045329208420203104
4.410743713378906e-05,0.04539646243863071
4.410743713378906e-05,0.04546371645705831
4.410743713378906e-05,0.04553097047548591
4.410743713378906e-05,0.045598224493913514
4.410743713378906e-05,0.04566547851234111
4.410743713378906e-05,0.04573273253076871
4.410743713378906e-05,0.045799986549196314
4.410743713378906e-05,0.04586724056762392
4.410743713378906e-05,0.04593449458605152
4.410743713378906e-05,0.046001748604479115
4.410743713378906e-05,0.04606900262290672
4.410743713378906e-05,0.04613625664133432
4.410743713378906e-05,0.04620351065976192
4.410743713378906e-05,0.046270764678189524
4.410743713378906e-05,0.04633801869661712
4.410743713378906e-05,0.04640527271504472
4.410743713378906e-05,0.046472526733472325
4.410743713378906e-05,0.04653978075189993
4.410743713378906e-05,0.04660703477032753
4.4345855712890625e-05,0.046674288788755125
4.4345855712890625e-05,0.04674154280718273
4.4345855712890625e-05,0.04680879682561033
4.4345855712890625e-05,0.04687605084403793
4.4345855712890625e-05,0.046943304862465535
4.4345855712890625e-05,0.04701055888089313
4.4345855712890625e-05,0.04707781289932073
4.4345855712890625e-05,0.047145066917748335
4.4345855712890625e-05,0.04721232093617594
4.4345855712890625e-05,0.04727957495460354
4.4345855712890625e-05,0.047346828973031135
4.4345855712890625e-05,0.04741408299145874
4.4345855712890625e-05,0.04748133700988634
4.4345855712890625e-05,0.04754859102831394
4.4345855712890625e-05,0.047615845046741545
4.4345855712890625e-05,0.04768309906516914
4.4345855712890625e-05,0.04775035308359674
4.4345855712890625e-05,0.047817607102024345
4.4345855712890625e-05,0.04788486112045195
4.4345855712890625e-05,0.04795211513887955
4.4345855712890625e-05,0.048019369157307146
4.4345855712890625e-05,0.04808662317573475
4.4345855712890625e-05,0.04815387719416235
4.4345855712890625e-05,0.04822113121258995
4.4345855712890625e-05,0.048288385231017555
4.4345855712890625e-05,0.04835563924944515
4.4345855712890625e-05,0.04842289326787275
4.4345855712890625e-05,0.048490147286300356
4.4345855712890625e-05,0.04855740130472796
4.4345855712890625e-05,0.04862465532315556
4.4345855712890625e-05,0.04869190934158316
4.4345855712890625e-05,0.04875916336001076
4.4345855712890625e-05,0.04882641737843836
4.4345855712890625e-05,0.04889367139686596
4.4345855712890625e-05,0.048960925415293566
4.4345855712890625e-05,0.04902817943372117
4.4345855712890625e-05,0.049095433452148764
4.4345855712890625e-05,0.049162687470576366
4.4345855712890625e-05,0.04922994148900397
4.4345855712890625e-05,0.04929719550743157
4.458427429199219e-05,0.04936444952585917
4.458427429199219e-05,0.04943170354428677
4.458427429199219e-05,0.04949895756271437
4.458427429199219e-05,0.049566211581141974
4.458427429199219e-05,0.049633465599569576
4.458427429199219e-05,0.04970071961799718
4.458427429199219e-05,0.049767973636424774
4.458427429199219e-05,0.049835227654852376
4.458427429199219e-05,0.04990248167327998
4.458427429199219e-05,0.04996973569170758
4.458427429199219e-05,0.050036989710135184
4.458427429199219e-05,0.05010424372856278
4.458427429199219e-05,0.05017149774699038
4.458427429199219e-05,0.050238751765417984
4.458427429199219e-05,0.050306005783845587
4.458427429199219e-05,0.05037325980227319
4.458427429199219e-05,0.050440513820700784
4.458427429199219e-05,0.05050776783912839
4.458427429199219e-05,0.05057502185755599
4.458427429199219e-05,0.05064227587598359
4.458427429199219e-05,0.050709529894411194
4.458427429199219e-05,0.05077678391283879
4.458427429199219e-05,0.05084403793126639
4.458427429199219e-05,0.050911291949693994
4.458427429199219e-05,0.0509785459681216
4.458427429199219e-05,0.0510457999865492
4.458427429199219e-05,0.051113054004976795
4.458427429199219e-05,0.0511803080234044
4.458427429199219e-05,0.051247562041832
4.458427429199219e-05,0.0513148160602596
4.458427429199219e-05,0.051382070078687204
4.458427429199219e-05,0.0514493240971148
4.458427429199219e-05,0.0515165781155424
4.458427429199219e-05,0.051583832133970005
4.458427429199219e-05,0.05165108615239761
4.458427429199219e-05,0.05171834017082521
4.458427429199219e-05,0.051785594189252805
4.458427429199219e-05,0.05185284820768041
4.458427429199219e-05,0.05192010222610801
4.458427429199219e-05,0.05198735624453561
4.458427429199219e-05,0.052054610262963215
4.458427429199219e-05,0.05212186428139081
4.458427429199219e-05,0.05218911829981841
4.458427429199219e-05,0.052256372318246015
4.458427429199219e-05,0.05232362633667362
4.458427429199219e-05,0.05239088035510122
4.458427429199219e-05,0.052458134373528816
4.458427429199219e-05,0.05252538839195642
4.458427429199219e-05,0.05259264241038402
4.458427429199219e-05,0.05265989642881162
4.458427429199219e-05,0.052727150447239225
4.482269287109375e-05,0.05279440446566682
4.482269287109375e-05,0.05286165848409442
4.482269287109375e-05,0.052928912502522026
4.482269287109375e-05,0.05299616652094963
4.482269287109375e-05,0.05306342053937723
4.482269287109375e-05,0.053130674557804826
4.482269287109375e-05,0.05319792857623243
4.482269287109375e-05,0.05326518259466003
4.482269287109375e-05,0.05333243661308763
4.482269287109375e-05,0.053399690631515236
4.482269287109375e-05,0.05346694464994283
4.482269287109375e-05,0.053534198668370434
4.482269287109375e-05,0.053601452686798036
4.482269287109375e-05,0.05366870670522564
4.482269287109375e-05,0.05373596072365324
4.482269287109375e-05,0.053803214742080836
4.482269287109375e-05,0.05387046876050844
4.482269287109375e-05,0.05393772277893604
4.482269287109375e-05,0.054004976797363644
4.482269287109375e-05,0.054072230815791246
4.482269287109375e-05,0.05413948483421884
4.482269287109375e-05,0.054206738852646444
4.482269287109375e-05,0.054273992871074046
4.482269287109375e-05,0.05434124688950165
4.482269287109375e-05,0.05440850090792925
4.482269287109375e-05,0.05447575492635685
4.482269287109375e-05,0.05454300894478445
4.482269287109375e-05,0.05461026296321205
4.482269287109375e-05,0.054677516981639654
4.482269287109375e-05,0.054744771000067256
4.482269287109375e-05,0.05481202501849485
4.482269287109375e-05,0.054879279036922454
4.482269287109375e-05,0.05494653305535006
4.482269287109375e-05,0.05501378707377766
4.482269287109375e-05,0.05508104109220526
4.482269287109375e-05,0.05514829511063286
4.482269287109375e-05,0.05521554912906046
4.482269287109375e-05,0.05528280314748806
4.482269287109375e-05,0.055350057165915664
4.482269287109375e-05,0.05541731118434327
4.482269287109375e-05,0.05548456520277086
4.482269287109375e-05,0.055551819221198465
4.482269287109375e-05,0.05561907323962607
4.482269287109375e-05,0.05568632725805367
4.482269287109375e-05,0.05575358127648127
4.482269287109375e-05,0.05582083529490887
4.482269287109375e-05,0.05588808931333647
4.482269287109375e-05,0.05595534333176407
4.482269287109375e-05,0.056022597350191675
4.482269287109375e-05,0.05608985136861928
4.482269287109375e-05,0.05615710538704688
4.482269287109375e-05,0.056224359405474475
4.482269287109375e-05,0.05629161342390208
4.482269287109375e-05,0.05635886744232968
4.482269287109375e-05,0.05642612146075728
4.482269287109375e-05,0.056493375479184885
4.482269287109375e-05,0.05656062949761248
4.482269287109375e-05,0.05662788351604008
4.482269287109375e-05,0.056695137534467685
4.482269287109375e-05,0.05676239155289529
4.482269287109375e-05,0.05682964557132289
4.482269287109375e-05,0.056896899589750485
4.482269287109375e-05,0.05696415360817809
4.482269287109375e-05,0.05703140762660569
4.506111145019531e-05,0.05709866164503329
4.506111145019531e-05,0.057165915663460895
4.506111145019531e-05,0.05723316968188849
4.506111145019531e-05,0.05730042370031609
4.506111145019531e-05,0.057367677718743695
4.506111145019531e-05,0.0574349317371713
4.506111145019531e-05,0.0575021857555989
4.506111145019531e-05,0.057569439774026496
4.506111145019531e-05,0.0576366937924541
4.506111145019531e-05,0.0577039478108817
4.506111145019531e-05,0.0577712018293093
4.506111145019531e-05,0.057838455847736905
4.506111145019531e-05,0.0579057098661645
4.506111145019531e-05,0.0579729638845921
4.506111145019531e-05,0.058040217903019706
4.506111145019531e-05,0.05810747192144731
4.506111145019531e-05,0.05817472593987491
4.506111145019531e-05,0.058241979958302506
4.506111145019531e-05,0.05830923397673011
4.506111145019531e-05,0.05837648799515771
4.506111145019531e-05,0.05844374201358531
4.506111145019531e-05,0.058510996032012916
4.506111145019531e-05,0.05857825005044051
4.506111145019531e-05,0.058645504068868114
4.506111145019531e-05,0.058712758087295716
4.506111145019531e-05,0.05878001210572332
4.506111145019531e-05,0.05884726612415092
4.506111145019531e-05,0.058914520142578516
4.506111145019531e-05,0.05898177416100612
4.506111145019531e-05,0.05904902817943372
4.506111145019531e-05,0.059116282197861324
4.506111145019531e-05,0.059183536216288926
4.506111145019531e-05,0.05925079023471652
4.506111145019531e-05,0.059318044253144124
4.506111145019531e-05,0.059385298271571726
4.506111145019531e-05,0.05945255228999933
4.506111145019531e-05,0.05951980630842693
4.506111145019531e-05,0.05958706032685453
4.506111145019531e-05,0.05965431434528213
4.506111145019531e-05,0.05972156836370973
4.506111145019531e-05,0.059788822382137334
4.506111145019531e-05,0.059856076400564937
4.506111145019531e-05,0.05992333041899253
4.506111145019531e-05,0.059990584437420134
4.506111145019531e-05,0.06005783845584774
4.506111145019531e-05,0.06012509247427534
4.506111145019531e-05,0.06019234649270294
4.506111145019531e-05,0.06025960051113054
4.506111145019531e-05,0.06032685452955814
4.506111145019531e-05,0.06039410854798574
4.506111145019531e-05,0.060461362566413344
4.506111145019531e-05,0.06052861658484095
4.506111145019531e-05,0.06059587060326854
4.5299530029296875e-05,0.060663124621696145
4.5299530029296875e-05,0.06073037864012375
4.5299530029296875e-05,0.06079763265855135
4.5299530029296875e-05,0.06086488667697895
4.5299530029296875e-05,0.06093214069540655
4.5299530029296875e-05,0.06099939471383415
4.5299530029296875e-05,0.06106664873226175
4.5299530029296875e-05,0.061133902750689355
4.5299530029296875e-05,0.06120115676911696
4.5299530029296875e-05,0.06126841078754455
4.5299530029296875e-05,0.061335664805972155
4.5299530029296875e-05,0.06140291882439976
4.5299530029296875e-05,0.06147017284282736
4.5299530029296875e-05,0.06153742686125496
4.5299530029296875e-05,0.06160468087968256
4.5299530029296875e-05,0.06167193489811016
4.5299530029296875e-05,0.06173918891653776
4.5299530029296875e-05,0.061806442934965365
4.5299530029296875e-05,0.06187369695339297
4.5299530029296875e-05,0.06194095097182056
4.5299530029296875e-05,0.062008204990248166
4.5299530029296875e-05,0.06207545900867577
4.5299530029296875e-05,0.06214271302710337
4.5299530029296875e-05,0.06220996704553097
4.5299530029296875e-05,0.06227722106395857
4.5299530029296875e-05,0.06234447508238617
4.5299530029296875e-05,0.06241172910081377
4.5299530029296875e-05,0.062478983119241376
4.5299530029296875e-05,0.06254623713766898
4.5299530029296875e-05,0.06261349115609657
4.5299530029296875e-05,0.06268074517452418
4.5299530029296875e-05,0.06274799919295178
4.5299530029296875e-05,0.06281525321137937
4.5299530029296875e-05,0.06288250722980698
4.5299530029296875e-05,0.06294976124823458
4.5299530029296875e-05,0.06301701526666219
4.5299530029296875e-05,0.06308426928508978
4.5299530029296875e-05,0.06315152330351738
4.5299530029296875e-05,0.06321877732194499
4.5299530029296875e-05,0.06328603134037258
4.5299530029296875e-05,0.0633532853588002
4.5299530029296875e-05,0.06342053937722779
4.5299530029296875e-05,0.06348779339565538
4.5299530029296875e-05,0.063555047414083
4.5299530029296875e-05,0.06362230143251059
4.5299530029296875e-05,0.0636895554509382
4.5299530029296875e-05,0.0637568094693658
4.5299530029296875e-05,0.06382406348779339
4.5299530029296875e-05,0.063891317506221
4.5299530029296875e-05,0.0639585715246486
4.5299530029296875e-05,0.0640258255430762
4.5299530029296875e-05,0.0640930795615038
4.5299530029296875e-05,0.0641603335799314
4.5299530029296875e-05,0.064227587598359
4.5299530029296875e-05,0.0642948416167866
4.5299530029296875e-05,0.06436209563521421
4.5299530029296875e-05,0.0644293496536418
4.5299530029296875e-05,0.0644966036720694
4.5299530029296875e-05,0.06456385769049701
4.5299530029296875e-05,0.0646311117089246
4.5299530029296875e-05,0.06469836572735221
4.5299530029296875e-05,0.06476561974577981
4.5299530029296875e-05,0.0648328737642074
4.5299530029296875e-05,0.06490012778263501
4.553794860839844e-05,0.06496738180106261
4.553794860839844e-05,0.06503463581949022
4.553794860839844e-05,0.06510188983791781
4.553794860839844e-05,0.06516914385634541
4.553794860839844e-05,0.06523639787477302
4.553794860839844e-05,0.06530365189320061
4.553794860839844e-05,0.06537090591162822
4.553794860839844e-05,0.06543815993005582
4.553794860839844e-05,0.06550541394848342
4.553794860839844e-05,0.06557266796691102
4.553794860839844e-05,0.06563992198533862
4.553794860839844e-05,0.06570717600376623
4.553794860839844e-05,0.06577443002219382
4.553794860839844e-05,0.06584168404062142
4.553794860839844e-05,0.06590893805904903
4.553794860839844e-05,0.06597619207747663
4.553794860839844e-05,0.06604344609590423
4.553794860839844e-05,0.06611070011433183
4.553794860839844e-05,0.06617795413275943
4.553794860839844e-05,0.06624520815118703
4.553794860839844e-05,0.06631246216961463
4.553794860839844e-05,0.06637971618804224
4.553794860839844e-05,0.06644697020646984
4.553794860839844e-05,0.06651422422489743
4.553794860839844e-05,0.06658147824332504
4.553794860839844e-05,0.06664873226175264
4.553794860839844e-05,0.06671598628018025
4.553794860839844e-05,0.06678324029860784
4.553794860839844e-05,0.06685049431703544
4.553794860839844e-05,0.06691774833546305
4.553794860839844e-05,0.06698500235389064
4.553794860839844e-05,0.06705225637231825
4.553794860839844e-05,0.06711951039074585
4.553794860839844e-05,0.06718676440917346
4.553794860839844e-05,0.06725401842760105
4.553794860839844e-05,0.06732127244602865
4.553794860839844e-05,0.06738852646445626
4.553794860839844e-05,0.06745578048288385
4.553794860839844e-05,0.06752303450131146
4.553794860839844e-05,0.06759028851973906
4.553794860839844e-05,0.06765754253816665
4.553794860839844e-05,0.06772479655659426
4.553794860839844e-05,0.06779205057502186
4.553794860839844e-05,0.06785930459344947
4.553794860839844e-05,0.06792655861187706
4.553794860839844e-05,0.06799381263030466
4.553794860839844e-05,0.06806106664873227
4.553794860839844e-05,0.06812832066715986
4.553794860839844e-05,0.06819557468558747
4.553794860839844e-05,0.06826282870401507
4.553794860839844e-05,0.06833008272244266
4.553794860839844e-05,0.06839733674087027
4.553794860839844e-05,0.06846459075929787
4.553794860839844e-05,0.06853184477772548
4.553794860839844e-05,0.06859909879615307
4.553794860839844e-05,0.06866635281458067
4.553794860839844e-05,0.06873360683300828
4.553794860839844e-05,0.06880086085143587
4.553794860839844e-05,0.06886811486986348
4.553794860839844e-05,0.06893536888829108
4.553794860839844e-05,0.06900262290671867
4.553794860839844e-05,0.06906987692514628
4.57763671875e-05,0.06913713094357388
4.57763671875e-05,0.06920438496200149
4.57763671875e-05,0.06927163898042908
4.57763671875e-05,0.06933889299885668
4.57763671875e-05,0.06940614701728429
4.57763671875e-05,0.06947340103571188
4.57763671875e-05,0.06954065505413949
4.57763671875e-05,0.06960790907256709
4.57763671875e-05,0.06967516309099468
4.57763671875e-05,0.06974241710942229
4.57763671875e-05,0.06980967112784989
4.57763671875e-05,0.0698769251462775
4.57763671875e-05,0.06994417916470509
4.57763671875e-05,0.07001143318313269
4.57763671875e-05,0.0700786872015603
4.57763671875e-05,0.07014594121998789
4.57763671875e-05,0.0702131952384155
4.57763671875e-05,0.0702804492568431
4.57763671875e-05,0.07034770327527069
4.57763671875e-05,0.0704149572936983
4.57763671875e-05,0.0704822113121259
4.57763671875e-05,0.0705494653305535
4.57763671875e-05,0.0706167193489811
4.57763671875e-05,0.0706839733674087
4.57763671875e-05,0.07075122738583631
4.57763671875e-05,0.0708184814042639
4.57763671875e-05,0.07088573542269151
4.57763671875e-05,0.07095298944111911
4.57763671875e-05,0.0710202434595467
4.57763671875e-05,0.07108749747797431
4.57763671875e-05,0.07115475149640191
4.57763671875e-05,0.07122200551482952
4.57763671875e-05,0.07128925953325711
4.57763671875e-05,0.07135651355168471
4.57763671875e-05,0.07142376757011232
4.57763671875e-05,0.07149102158853991
4.57763671875e-05,0.07155827560696752
4.57763671875e-05,0.07162552962539512
4.57763671875e-05,0.07169278364382271
4.57763671875e-05,0.07176003766225032
4.57763671875e-05,0.07182729168067792
4.57763671875e-05,0.07189454569910553
4.57763671875e-05,0.07196179971753312
4.57763671875e-05,0.07202905373596072
4.57763671875e-05,0.07209630775438833
4.57763671875e-05,0.07216356177281592
4.57763671875e-05,0.07223081579124353
4.57763671875e-05,0.07229806980967113
4.57763671875e-05,0.07236532382809872
4.57763671875e-05,0.07243257784652633
4.57763671875e-05,0.07249983186495393
4.57763671875e-05,0.07256708588338154
4.57763671875e-05,0.07263433990180913
4.57763671875e-05,0.07270159392023673
4.57763671875e-05,0.07276884793866434
4.57763671875e-05,0.07283610195709193
4.57763671875e-05,0.07290335597551954
4.601478576660156e-05,0.07297060999394714
4.601478576660156e-05,0.07303786401237473
4.601478576660156e-05,0.07310511803080234
4.601478576660156e-05,0.07317237204922994
4.601478576660156e-05,0.07323962606765755
4.601478576660156e-05,0.07330688008608514
4.601478576660156e-05,0.07337413410451274
4.601478576660156e-05,0.07344138812294035
4.601478576660156e-05,0.07350864214136794
4.601478576660156e-05,0.07357589615979555
4.601478576660156e-05,0.07364315017822315
4.601478576660156e-05,0.07371040419665074
4.601478576660156e-05,0.07377765821507835
4.601478576660156e-05,0.07384491223350595
4.601478576660156e-05,0.07391216625193356
4.601478576660156e-05,0.07397942027036115
4.601478576660156e-05,0.07404667428878875
4.601478576660156e-05,0.07411392830721636
4.601478576660156e-05,0.07418118232564395
4.601478576660156e-05,0.07424843634407156
4.601478576660156e-05,0.07431569036249916
4.601478576660156e-05,0.07438294438092675
4.601478576660156e-05,0.07445019839935436
4.601478576660156e-05,0.07451745241778196
4.601478576660156e-05,0.07458470643620957
4.601478576660156e-05,0.07465196045463716
4.601478576660156e-05,0.07471921447306476
4.601478576660156e-05,0.07478646849149237
4.601478576660156e-05,0.07485372250991996
4.601478576660156e-05,0.07492097652834757
4.601478576660156e-05,0.07498823054677517
4.601478576660156e-05,0.07505548456520277
4.601478576660156e-05,0.07512273858363037
4.601478576660156e-05,0.07518999260205797
4.601478576660156e-05,0.07525724662048558
4.601478576660156e-05,0.07532450063891317
4.601478576660156e-05,0.07539175465734077
4.601478576660156e-05,0.07545900867576838
4.601478576660156e-05,0.07552626269419598
4.601478576660156e-05,0.07559351671262358
4.601478576660156e-05,0.07566077073105118
4.601478576660156e-05,0.07572802474947878
4.601478576660156e-05,0.07579527876790638
4.601478576660156e-05,0.07586253278633398
4.601478576660156e-05,0.07592978680476159
4.601478576660156e-05,0.07599704082318919
4.601478576660156e-05,0.07606429484161678
4.601478576660156e-05,0.07613154886004439
4.601478576660156e-05,0.07619880287847199
4.601478576660156e-05,0.0762660568968996
4.601478576660156e-05,0.07633331091532719
4.601478576660156e-05,0.07640056493375479
4.601478576660156e-05,0.0764678189521824
4.601478576660156e-05,0.07653507297060999
4.601478576660156e-05,0.0766023269890376
4.601478576660156e-05,0.0766695810074652
4.601478576660156e-05,0.07673683502589279
4.6253204345703125e-05,0.0768040890443204
4.6253204345703125e-05,0.076871343062748
4.6253204345703125e-05,0.0769385970811756
4.6253204345703125e-05,0.0770058510996032
4.6253204345703125e-05,0.0770731051180308
4.6253204345703125e-05,0.0771403591364584
4.6253204345703125e-05,0.077207613154886
4.6253204345703125e-05,0.07727486717331361
4.6253204345703125e-05,0.0773421211917412
4.6253204345703125e-05,0.0774093752101688
4.6253204345703125e-05,0.07747662922859641
4.6253204345703125e-05,0.077543883247024
4.6253204345703125e-05,0.07761113726545162
4.6253204345703125e-05,0.07767839128387921
4.6253204345703125e-05,0.0777456453023068
4.6253204345703125e-05,0.07781289932073442
4.6253204345703125e-05,0.07788015333916201
4.6253204345703125e-05,0.07794740735758962
4.6253204345703125e-05,0.07801466137601722
4.6253204345703125e-05,0.07808191539444481
4.6253204345703125e-05,0.07814916941287242
4.6253204345703125e-05,0.07821642343130002
4.6253204345703125e-05,0.07828367744972763
4.6253204345703125e-05,0.07835093146815522
4.6253204345703125e-05,0.07841818548658282
4.6253204345703125e-05,0.07848543950501043
4.6253204345703125e-05,0.07855269352343802
4.6253204345703125e-05,0.07861994754186563
4.6253204345703125e-05,0.07868720156029323
4.6253204345703125e-05,0.07875445557872082
4.6253204345703125e-05,0.07882170959714843
4.6253204345703125e-05,0.07888896361557603
4.6253204345703125e-05,0.07895621763400364
4.6253204345703125e-05,0.07902347165243123
4.6253204345703125e-05,0.07909072567085883
4.6253204345703125e-05,0.07915797968928644
4.6253204345703125e-05,0.07922523370771403
4.6253204345703125e-05,0.07929248772614164
4.6253204345703125e-05,0.07935974174456924
4.6253204345703125e-05,0.07942699576299683
4.6253204345703125e-05,0.07949424978142444
4.6253204345703125e-05,0.07956150379985204
4.6253204345703125e-05,0.07962875781827965
4.6253204345703125e-05,0.07969601183670724
4.6253204345703125e-05,0.07976326585513484
4.6253204345703125e-05,0.07983051987356245
4.6253204345703125e-05,0.07989777389199004
4.6253204345703125e-05,0.07996502791041765
4.6253204345703125e-05,0.08003228192884525
4.6253204345703125e-05,0.08009953594727284
4.6253204345703125e-05,0.08016678996570045
4.6253204345703125e-05,0.08023404398412805
4.6253204345703125e-05,0.08030129800255566
4.6253204345703125e-05,0.08036855202098325
4.6253204345703125e-05,0.08043580603941085
4.6253204345703125e-05,0.08050306005783846
4.6253204345703125e-05,0.08057031407626605
4.6253204345703125e-05,0.08063756809469366
4.6253204345703125e-05,0.08070482211312126
4.6253204345703125e-05,0.08077207613154885
4.6253204345703125e-05,0.08083933014997646
4.6253204345703125e-05,0.08090658416840406
4.649162292480469e-05,0.08097383818683167
4.649162292480469e-05,0.08104109220525926
4.649162292480469e-05,0.08110834622368686
4.649162292480469e-05,0.08117560024211447
4.649162292480469e-05,0.08124285426054206
4.649162292480469e-05,0.08131010827896967
4.649162292480469e-05,0.08137736229739727
4.649162292480469e-05,0.08144461631582486
4.649162292480469e-05,0.08151187033425247
4.649162292480469e-05,0.08157912435268007
4.649162292480469e-05,0.08164637837110768
4.649162292480469e-05,0.08171363238953527
4.649162292480469e-05,0.08178088640796287
4.649162292480469e-05,0.08184814042639048
4.649162292480469e-05,0.08191539444481807
4.649162292480469e-05,0.08198264846324568
4.649162292480469e-05,0.08204990248167328
4.649162292480469e-05,0.08211715650010089
4.649162292480469e-05,0.08218441051852848
4.649162292480469e-05,0.08225166453695608
4.649162292480469e-05,0.08231891855538369
4.649162292480469e-05,0.08238617257381128
4.649162292480469e-05,0.0824534265922389
4.649162292480469e-05,0.08252068061066649
4.649162292480469e-05,0.08258793462909408
4.649162292480469e-05,0.0826551886475217
4.649162292480469e-05,0.08272244266594929
4.649162292480469e-05,0.0827896966843769
4.649162292480469e-05,0.0828569507028045
4.649162292480469e-05,0.08292420472123209
4.649162292480469e-05,0.0829914587396597
4.649162292480469e-05,0.0830587127580873
4.649162292480469e-05,0.0831259667765149
4.649162292480469e-05,0.0831932207949425
4.649162292480469e-05,0.0832604748133701
4.649162292480469e-05,0.0833277288317977
4.649162292480469e-05,0.0833949828502253
4.649162292480469e-05,0.08346223686865291
4.649162292480469e-05,0.0835294908870805
4.649162292480469e-05,0.0835967449055081
4.649162292480469e-05,0.08366399892393571
4.649162292480469e-05,0.0837312529423633
4.649162292480469e-05,0.08379850696079091
4.649162292480469e-05,0.08386576097921851
4.649162292480469e-05,0.0839330149976461
4.649162292480469e-05,0.08400026901607371
4.649162292480469e-05,0.08406752303450131
4.649162292480469e-05,0.08413477705292892
4.649162292480469e-05,0.08420203107135651
4.649162292480469e-05,0.08426928508978411
4.649162292480469e-05,0.08433653910821172
4.649162292480469e-05,0.08440379312663931
4.649162292480469e-05,0.08447104714506692
4.649162292480469e-05,0.08453830116349452
4.649162292480469e-05,0.08460555518192212
4.649162292480469e-05,0.08467280920034972
4.649162292480469e-05,0.08474006321877732
4.649162292480469e-05,0.08480731723720493
4.649162292480469e-05,0.08487457125563252
4.649162292480469e-05,0.08494182527406012
4.673004150390625e-05,0.08500907929248773
4.673004150390625e-05,0.08507633331091533
4.673004150390625e-05,0.08514358732934293
4.673004150390625e-05,0.08521084134777053
4.673004150390625e-05,0.08527809536619813
4.673004150390625e-05,0.08534534938462573
4.673004150390625e-05,0.08541260340305333
4.673004150390625e-05,0.08547985742148094
4.673004150390625e-05,0.08554711143990854
4.673004150390625e-05,0.08561436545833613
4.673004150390625e-05,0.08568161947676374
4.673004150390625e-05,0.08574887349519134
4.673004150390625e-05,0.08581612751361894
4.673004150390625e-05,0.08588338153204654
4.673004150390625e-05,0.08595063555047414
4.673004150390625e-05,0.08601788956890175
4.673004150390625e-05,0.08608514358732934
4.673004150390625e-05,0.08615239760575695
4.673004150390625e-05,0.08621965162418455
4.673004150390625e-05,0.08628690564261214
4.673004150390625e-05,0.08635415966103975
4.673004150390625e-05,0.08642141367946735
4.673004150390625e-05,0.08648866769789496
4.673004150390625e-05,0.08655592171632255
4.673004150390625e-05,0.08662317573475015
4.673004150390625e-05,0.08669042975317776
4.673004150390625e-05,0.08675768377160535
4.673004150390625e-05,0.08682493779003296
4.673004150390625e-05,0.08689219180846056
4.673004150390625e-05,0.08695944582688815
4.673004150390625e-05,0.08702669984531576
4.673004150390625e-05,0.08709395386374336
4.673004150390625e-05,0.08716120788217097
4.673004150390625e-05,0.08722846190059856
4.673004150390625e-05,0.08729571591902616
4.673004150390625e-05,0.08736296993745377
4.673004150390625e-05,0.08743022395588136
4.673004150390625e-05,0.08749747797430897
4.673004150390625e-05,0.08756473199273657
4.673004150390625e-05,0.08763198601116416
4.673004150390625e-05,0.08769924002959177
4.673004150390625e-05,0.08776649404801937
4.673004150390625e-05,0.08783374806644698
4.673004150390625e-05,0.08790100208487457
4.673004150390625e-05,0.08796825610330217
4.673004150390625e-05,0.08803551012172978
4.673004150390625e-05,0.08810276414015737
4.673004150390625e-05,0.08817001815858498
4.673004150390625e-05,0.08823727217701258
4.673004150390625e-05,0.08830452619544017
4.673004150390625e-05,0.08837178021386778
4.673004150390625e-05,0.08843903423229538
4.673004150390625e-05,0.08850628825072299
4.673004150390625e-05,0.08857354226915058
4.673004150390625e-05,0.08864079628757818
4.673004150390625e-05,0.08870805030600579
4.673004150390625e-05,0.08877530432443338
4.673004150390625e-05,0.08884255834286099
4.673004150390625e-05,0.08890981236128859
4.673004150390625e-05,0.08897706637971618
4.673004150390625e-05,0.08904432039814379
4.673004150390625e-05,0.08911157441657139
4.673004150390625e-05,0.089178828434999
4.673004150390625e-05,0.08924608245342659
4.673004150390625e-05,0.08931333647185419
4.673004150390625e-05,0.0893805904902818
4.673004150390625e-05,0.08944784450870939
4.673004150390625e-05,0.089515098527137
4.673004150390625e-05,0.0895823525455646
4.696846008300781e-05,0.08964960656399219
4.696846008300781e-05,0.0897168605824198
4.696846008300781e-05,0.0897841146008474
4.696846008300781e-05,0.08985136861927501
4.696846008300781e-05,0.0899186226377026
4.696846008300781e-05,0.0899858766561302
4.696846008300781e-05,0.09005313067455781
4.696846008300781e-05,0.0901203846929854
4.696846008300781e-05,0.09018763871141301
4.696846008300781e-05,0.09025489272984061
4.696846008300781e-05,0.0903221467482682
4.696846008300781e-05,0.09038940076669581
4.696846008300781e-05,0.09045665478512341
4.696846008300781e-05,0.09052390880355102
4.696846008300781e-05,0.09059116282197861
4.696846008300781e-05,0.09065841684040621
4.696846008300781e-05,0.09072567085883382
4.696846008300781e-05,0.09079292487726141
4.696846008300781e-05,0.09086017889568902
4.696846008300781e-05,0.09092743291411662
4.696846008300781e-05,0.09099468693254421
4.696846008300781e-05,0.09106194095097182
4.696846008300781e-05,0.09112919496939942
4.696846008300781e-05,0.09119644898782703
4.696846008300781e-05,0.09126370300625462
4.696846008300781e-05,0.09133095702468222
4.696846008300781e-05,0.09139821104310983
4.696846008300781e-05,0.09146546506153742
4.696846008300781e-05,0.09153271907996503
4.696846008300781e-05,0.09159997309839263
4.696846008300781e-05,0.09166722711682022
4.696846008300781e-05,0.09173448113524783
4.696846008300781e-05,0.09180173515367543
4.696846008300781e-05,0.09186898917210304
4.696846008300781e-05,0.09193624319053063
4.696846008300781e-05,0.09200349720895823
4.696846008300781e-05,0.09207075122738584
4.696846008300781e-05,0.09213800524581343
4.696846008300781e-05,0.09220525926424104
4.696846008300781e-05,0.09227251328266864
4.696846008300781e-05,0.09233976730109623
4.696846008300781e-05,0.09240702131952384
4.696846008300781e-05,0.09247427533795144
4.696846008300781e-05,0.09254152935637905
4.696846008300781e-05,0.09260878337480664
4.696846008300781e-05,0.09267603739323424
4.696846008300781e-05,0.09274329141166185
4.696846008300781e-05,0.09281054543008944
4.696846008300781e-05,0.09287779944851705
4.696846008300781e-05,0.09294505346694465
4.696846008300781e-05,0.09301230748537224
4.696846008300781e-05,0.09307956150379985
4.696846008300781e-05,0.09314681552222745
4.696846008300781e-05,0.09321406954065506
4.696846008300781e-05,0.09328132355908265
4.696846008300781e-05,0.09334857757751025
4.696846008300781e-05,0.09341583159593786
4.696846008300781e-05,0.09348308561436545
4.696846008300781e-05,0.09355033963279306
4.696846008300781e-05,0.09361759365122066
4.696846008300781e-05,0.09368484766964826
4.696846008300781e-05,0.09375210168807586
4.696846008300781e-05,0.09381935570650346
4.7206878662109375e-05,0.09388660972493107
4.7206878662109375e-05,0.09395386374335866
4.7206878662109375e-05,0.09402111776178626
4.7206878662109375e-05,0.09408837178021387
4.7206878662109375e-05,0.09415562579864147
4.7206878662109375e-05,0.09422287981706907
4.7206878662109375e-05,0.09429013383549667
4.7206878662109375e-05,0.09435738785392427
4.7206878662109375e-05,0.09442464187235187
4.7206878662109375e-05,0.09449189589077947
4.7206878662109375e-05,0.09455914990920708
4.7206878662109375e-05,0.09462640392763468
4.7206878662109375e-05,0.09469365794606227
4.7206878662109375e-05,0.09476091196448988
4.7206878662109375e-05,0.09482816598291748
4.7206878662109375e-05,0.09489542000134508
4.7206878662109375e-05,0.09496267401977268
4.7206878662109375e-05,0.09502992803820028
4.7206878662109375e-05,0.09509718205662789
4.7206878662109375e-05,0.09516443607505548
4.7206878662109375e-05,0.09523169009348309
4.7206878662109375e-05,0.09529894411191069
4.7206878662109375e-05,0.09536619813033828
4.7206878662109375e-05,0.09543345214876589
4.7206878662109375e-05,0.09550070616719349
4.7206878662109375e-05,0.0955679601856211
4.7206878662109375e-05,0.09563521420404869
4.7206878662109375e-05,0.09570246822247629
4.7206878662109375e-05,0.0957697222409039
4.7206878662109375e-05,0.09583697625933149
4.7206878662109375e-05,0.0959042302777591
4.7206878662109375e-05,0.0959714842961867
4.7206878662109375e-05,0.09603873831461429
4.7206878662109375e-05,0.0961059923330419
4.7206878662109375e-05,0.0961732463514695
4.7206878662109375e-05,0.0962405003698971
4.7206878662109375e-05,0.0963077543883247
4.7206878662109375e-05,0.0963750084067523
4.7206878662109375e-05,0.0964422624251799
4.7206878662109375e-05,0.0965095164436075
4.7206878662109375e-05,0.09657677046203511
4.7206878662109375e-05,0.0966440244804627
4.7206878662109375e-05,0.0967112784988903
4.7206878662109375e-05,0.09677853251731791
4.7206878662109375e-05,0.0968457865357455
4.7206878662109375e-05,0.09691304055417312
4.7206878662109375e-05,0.09698029457260071
4.7206878662109375e-05,0.09704754859102832
4.7206878662109375e-05,0.09711480260945592
4.7206878662109375e-05,0.09718205662788351
4.7206878662109375e-05,0.09724931064631112
4.7206878662109375e-05,0.09731656466473872
4.7206878662109375e-05,0.09738381868316633
4.7206878662109375e-05,0.09745107270159392
4.7206878662109375e-05,0.09751832672002152
4.7206878662109375e-05,0.09758558073844913
4.7206878662109375e-05,0.09765283475687672
4.7206878662109375e-05,0.09772008877530433
4.7206878662109375e-05,0.09778734279373193
4.7206878662109375e-05,0.09785459681215952
4.7206878662109375e-05,0.09792185083058713
4.7206878662109375e-05,0.09798910484901473
4.7206878662109375e-05,0.09805635886744234
4.7206878662109375e-05,0.09812361288586993
4.7206878662109375e-05,0.09819086690429753
4.7206878662109375e-05,0.09825812092272514
4.7206878662109375e-05,0.09832537494115273
4.7206878662109375e-05,0.09839262895958034
4.7206878662109375e-05,0.09845988297800794
4.7206878662109375e-05,0.09852713699643553
4.7206878662109375e-05,0.09859439101486314
4.7206878662109375e-05,0.09866164503329074
4.7206878662109375e-05,0.09872889905171835
4.7206878662109375e-05,0.09879615307014594
4.7206878662109375e-05,0.09886340708857354
4.7206878662109375e-05,0.09893066110700115
4.7206878662109375e-05,0.09899791512542874
4.7206878662109375e-05,0.09906516914385635
4.7206878662109375e-05,0.09913242316228395
4.7206878662109375e-05,0.09919967718071154
4.7206878662109375e-05,0.09926693119913915
4.7206878662109375e-05,0.09933418521756675
4.7206878662109375e-05,0.09940143923599436
4.7206878662109375e-05,0.09946869325442195
4.7206878662109375e-05,0.09953594727284955
4.744529724121094e-05,0.09960320129127716
4.744529724121094e-05,0.09967045530970475
4.744529724121094e-05,0.09973770932813236
4.744529724121094e-05,0.09980496334655996
4.744529724121094e-05,0.09987221736498755
4.744529724121094e-05,0.09993947138341516
4.744529724121094e-05,0.10000672540184276
4.744529724121094e-05,0.10007397942027037
4.744529724121094e-05,0.10014123343869796
4.744529724121094e-05,0.10020848745712556
4.744529724121094e-05,0.10027574147555317
4.744529724121094e-05,0.10034299549398076
4.744529724121094e-05,0.10041024951240837
4.744529724121094e-05,0.10047750353083597
4.744529724121094e-05,0.10054475754926356
4.744529724121094e-05,0.10061201156769117
4.744529724121094e-05,0.10067926558611877
4.744529724121094e-05,0.10074651960454638
4.744529724121094e-05,0.10081377362297397
4.744529724121094e-05,0.10088102764140157
4.744529724121094e-05,0.10094828165982918
4.744529724121094e-05,0.10101553567825677
4.744529724121094e-05,0.10108278969668438
4.744529724121094e-05,0.10115004371511198
4.744529724121094e-05,0.10121729773353957
4.744529724121094e-05,0.10128455175196718
4.744529724121094e-05,0.10135180577039478
4.744529724121094e-05,0.10141905978882239
4.744529724121094e-05,0.10148631380724998
4.744529724121094e-05,0.10155356782567758
4.744529724121094e-05,0.10162082184410519
4.744529724121094e-05,0.10168807586253278
4.744529724121094e-05,0.1017553298809604
4.744529724121094e-05,0.10182258389938799
4.744529724121094e-05,0.10188983791781558
4.744529724121094e-05,0.1019570919362432
4.744529724121094e-05,0.10202434595467079
4.744529724121094e-05,0.1020915999730984
4.744529724121094e-05,0.102158853991526
4.744529724121094e-05,0.10222610800995359
4.744529724121094e-05,0.1022933620283812
4.744529724121094e-05,0.1023606160468088
4.744529724121094e-05,0.1024278700652364
4.744529724121094e-05,0.102495124083664
4.744529724121094e-05,0.1025623781020916
4.744529724121094e-05,0.1026296321205192
4.744529724121094e-05,0.1026968861389468
4.744529724121094e-05,0.10276414015737441
4.744529724121094e-05,0.102831394175802
4.744529724121094e-05,0.1028986481942296
4.744529724121094e-05,0.10296590221265721
4.744529724121094e-05,0.1030331562310848
4.744529724121094e-05,0.10310041024951241
4.744529724121094e-05,0.10316766426794001
4.744529724121094e-05,0.1032349182863676
4.744529724121094e-05,0.10330217230479521
4.744529724121094e-05,0.10336942632322281
4.744529724121094e-05,0.10343668034165042
4.744529724121094e-05,0.10350393436007801
4.744529724121094e-05,0.10357118837850561
4.744529724121094e-05,0.10363844239693322
4.744529724121094e-05,0.10370569641536082
4.744529724121094e-05,0.10377295043378842
4.744529724121094e-05,0.10384020445221602
4.744529724121094e-05,0.10390745847064362
4.744529724121094e-05,0.10397471248907122
4.744529724121094e-05,0.10404196650749882
4.744529724121094e-05,0.10410922052592643
4.744529724121094e-05,0.10417647454435403
4.744529724121094e-05,0.10424372856278162
4.744529724121094e-05,0.10431098258120923
4.744529724121094e-05,0.10437823659963683
4.744529724121094e-05,0.10444549061806443
4.744529724121094e-05,0.10451274463649203
4.76837158203125e-05,0.10457999865491963
4.76837158203125e-05,0.10464725267334724
4.76837158203125e-05,0.10471450669177483
4.76837158203125e-05,0.10478176071020244
4.76837158203125e-05,0.10484901472863004
4.76837158203125e-05,0.10491626874705763
4.76837158203125e-05,0.10498352276548524
4.76837158203125e-05,0.10505077678391284
4.76837158203125e-05,0.10511803080234045
4.76837158203125e-05,0.10518528482076804
4.76837158203125e-05,0.10525253883919564
4.76837158203125e-05,0.10531979285762325
4.76837158203125e-05,0.10538704687605084
4.76837158203125e-05,0.10545430089447845
4.76837158203125e-05,0.10552155491290605
4.76837158203125e-05,0.10558880893133364
4.76837158203125e-05,0.10565606294976125
4.76837158203125e-05,0.10572331696818885
4.76837158203125e-05,0.10579057098661646
4.76837158203125e-05,0.10585782500504405
4.76837158203125e-05,0.10592507902347165
4.76837158203125e-05,0.10599233304189926
4.76837158203125e-05,0.10605958706032685
4.76837158203125e-05,0.10612684107875446
4.76837158203125e-05,0.10619409509718206
4.76837158203125e-05,0.10626134911560965
4.76837158203125e-05,0.10632860313403726
4.76837158203125e-05,0.10639585715246486
4.76837158203125e-05,0.10646311117089247
4.76837158203125e-05,0.10653036518932006
4.76837158203125e-05,0.10659761920774766
4.76837158203125e-05,0.10666487322617527
4.76837158203125e-05,0.10673212724460286
4.76837158203125e-05,0.10679938126303047
4.76837158203125e-05,0.10686663528145807
4.76837158203125e-05,0.10693388929988566
4.76837158203125e-05,0.10700114331831327
4.76837158203125e-05,0.10706839733674087
4.76837158203125e-05,0.10713565135516848
4.76837158203125e-05,0.10720290537359607
4.76837158203125e-05,0.10727015939202367
4.76837158203125e-05,0.10733741341045128
4.76837158203125e-05,0.10740466742887887
4.76837158203125e-05,0.10747192144730648
4.76837158203125e-05,0.10753917546573408
4.76837158203125e-05,0.10760642948416167
4.76837158203125e-05,0.10767368350258928
4.76837158203125e-05,0.10774093752101688
4.76837158203125e-05,0.10780819153944449
4.76837158203125e-05,0.10787544555787208
4.76837158203125e-05,0.10794269957629968
4.76837158203125e-05,0.10800995359472729
4.76837158203125e-05,0.10807720761315488
4.76837158203125e-05,0.10814446163158249
4.76837158203125e-05,0.10821171565001009
4.76837158203125e-05,0.10827896966843768
4.76837158203125e-05,0.10834622368686529
4.76837158203125e-05,0.10841347770529289
4.76837158203125e-05,0.1084807317237205
4.76837158203125e-05,0.10854798574214809
4.76837158203125e-05,0.10861523976057569
4.76837158203125e-05,0.1086824937790033
4.76837158203125e-05,0.10874974779743089
4.76837158203125e-05,0.1088170018158585
4.76837158203125e-05,0.1088842558342861
4.76837158203125e-05,0.1089515098527137
4.76837158203125e-05,0.1090187638711413
4.76837158203125e-05,0.1090860178895689
4.76837158203125e-05,0.10915327190799651
4.76837158203125e-05,0.1092205259264241
4.76837158203125e-05,0.1092877799448517
4.76837158203125e-05,0.10935503396327931
4.76837158203125e-05,0.1094222879817069
4.76837158203125e-05,0.10948954200013451
4.76837158203125e-05,0.10955679601856211
4.792213439941406e-05,0.1096240500369897
4.792213439941406e-05,0.10969130405541731
4.792213439941406e-05,0.10975855807384491
4.792213439941406e-05,0.10982581209227252
4.792213439941406e-05,0.10989306611070011
4.792213439941406e-05,0.10996032012912771
4.792213439941406e-05,0.11002757414755532
4.792213439941406e-05,0.11009482816598291
4.792213439941406e-05,0.11016208218441052
4.792213439941406e-05,0.11022933620283812
4.792213439941406e-05,0.11029659022126571
4.792213439941406e-05,0.11036384423969332
4.792213439941406e-05,0.11043109825812092
4.792213439941406e-05,0.11049835227654853
4.792213439941406e-05,0.11056560629497612
4.792213439941406e-05,0.11063286031340372
4.792213439941406e-05,0.11070011433183133
4.792213439941406e-05,0.11076736835025892
4.792213439941406e-05,0.11083462236868653
4.792213439941406e-05,0.11090187638711413
4.792213439941406e-05,0.11096913040554172
4.792213439941406e-05,0.11103638442396933
4.792213439941406e-05,0.11110363844239693
4.792213439941406e-05,0.11117089246082454
4.792213439941406e-05,0.11123814647925213
4.792213439941406e-05,0.11130540049767973
4.792213439941406e-05,0.11137265451610734
4.792213439941406e-05,0.11143990853453493
4.792213439941406e-05,0.11150716255296254
4.792213439941406e-05,0.11157441657139014
4.792213439941406e-05,0.11164167058981773
4.792213439941406e-05,0.11170892460824534
4.792213439941406e-05,0.11177617862667294
4.792213439941406e-05,0.11184343264510055
4.792213439941406e-05,0.11191068666352814
4.792213439941406e-05,0.11197794068195575
4.792213439941406e-05,0.11204519470038335
4.792213439941406e-05,0.11211244871881094
4.792213439941406e-05,0.11217970273723855
4.792213439941406e-05,0.11224695675566615
4.792213439941406e-05,0.11231421077409376
4.792213439941406e-05,0.11238146479252135
4.792213439941406e-05,0.11244871881094895
4.792213439941406e-05,0.11251597282937656
4.792213439941406e-05,0.11258322684780415
4.792213439941406e-05,0.11265048086623176
4.792213439941406e-05,0.11271773488465936
4.792213439941406e-05,0.11278498890308696
4.792213439941406e-05,0.11285224292151456
4.792213439941406e-05,0.11291949693994216
4.792213439941406e-05,0.11298675095836977
4.792213439941406e-05,0.11305400497679736
4.792213439941406e-05,0.11312125899522496
4.792213439941406e-05,0.11318851301365257
4.792213439941406e-05,0.11325576703208017
4.792213439941406e-05,0.11332302105050777
4.792213439941406e-05,0.11339027506893537
4.792213439941406e-05,0.11345752908736297
4.792213439941406e-05,0.11352478310579057
4.792213439941406e-05,0.11359203712421817
4.792213439941406e-05,0.11365929114264578
4.792213439941406e-05,0.11372654516107338
4.792213439941406e-05,0.11379379917950097
4.792213439941406e-05,0.11386105319792858
4.792213439941406e-05,0.11392830721635618
4.792213439941406e-05,0.11399556123478378
4.792213439941406e-05,0.11406281525321138
4.792213439941406e-05,0.11413006927163898
4.792213439941406e-05,0.11419732329006659
4.792213439941406e-05,0.11426457730849418
4.792213439941406e-05,0.11433183132692179
4.792213439941406e-05,0.11439908534534939
4.792213439941406e-05,0.11446633936377698
4.792213439941406e-05,0.11453359338220459
4.792213439941406e-05,0.11460084740063219
4.792213439941406e-05,0.1146681014190598
4.792213439941406e-05,0.11473535543748739
4.792213439941406e-05,0.11480260945591499
4.792213439941406e-05,0.1148698634743426
4.8160552978515625e-05,0.11493711749277019
4.8160552978515625e-05,0.1150043715111978
4.8160552978515625e-05,0.1150716255296254
4.8160552978515625e-05,0.11513887954805299
4.8160552978515625e-05,0.1152061335664806
4.8160552978515625e-05,0.1152733875849082
4.8160552978515625e-05,0.1153406416033358
4.8160552978515625e-05,0.1154078956217634
4.8160552978515625e-05,0.115475149640191
4.8160552978515625e-05,0.1155424036586186
4.8160552978515625e-05,0.1156096576770462
4.8160552978515625e-05,0.11567691169547381
4.8160552978515625e-05,0.1157441657139014
4.8160552978515625e-05,0.115811419732329
4.8160552978515625e-05,0.11587867375075661
4.8160552978515625e-05,0.1159459277691842
4.8160552978515625e-05,0.11601318178761182
4.8160552978515625e-05,0.11608043580603941
4.8160552978515625e-05,0.11614768982446701
4.8160552978515625e-05,0.11621494384289462
4.8160552978515625e-05,0.11628219786132221
4.8160552978515625e-05,0.11634945187974982
4.8160552978515625e-05,0.11641670589817742
4.8160552978515625e-05,0.11648395991660501
4.8160552978515625e-05,0.11655121393503262
4.8160552978515625e-05,0.11661846795346022
4.8160552978515625e-05,0.11668572197188783
4.8160552978515625e-05,0.11675297599031542
4.8160552978515625e-05,0.11682023000874302
4.8160552978515625e-05,0.11688748402717063
4.8160552978515625e-05,0.11695473804559822
4.8160552978515625e-05,0.11702199206402583
4.8160552978515625e-05,0.11708924608245343
4.8160552978515625e-05,0.11715650010088102
4.8160552978515625e-05,0.11722375411930863
4.8160552978515625e-05,0.11729100813773623
4.8160552978515625e-05,0.11735826215616384
4.8160552978515625e-05,0.11742551617459143
4.8160552978515625e-05,0.11749277019301903
4.8160552978515625e-05,0.11756002421144664
4.8160552978515625e-05,0.11762727822987423
4.8160552978515625e-05,0.11769453224830184
4.8160552978515625e-05,0.11776178626672944
4.8160552978515625e-05,0.11782904028515703
4.8160552978515625e-05,0.11789629430358464
4.8160552978515625e-05,0.11796354832201224
4.8160552978515625e-05,0.11803080234043985
4.8160552978515625e-05,0.11809805635886744
4.8160552978515625e-05,0.11816531037729504
4.8160552978515625e-05,0.11823256439572265
4.8160552978515625e-05,0.11829981841415024
4.8160552978515625e-05,0.11836707243257785
4.8160552978515625e-05,0.11843432645100545
4.8160552978515625e-05,0.11850158046943304
4.8160552978515625e-05,0.11856883448786065
4.8160552978515625e-05,0.11863608850628825
4.8160552978515625e-05,0.11870334252471586
4.8160552978515625e-05,0.11877059654314345
4.8160552978515625e-05,0.11883785056157105
4.8160552978515625e-05,0.11890510457999866
4.8160552978515625e-05,0.11897235859842625
4.8160552978515625e-05,0.11903961261685386
4.8160552978515625e-05,0.11910686663528146
4.8160552978515625e-05,0.11917412065370905
4.8160552978515625e-05,0.11924137467213666
4.8160552978515625e-05,0.11930862869056426
4.8160552978515625e-05,0.11937588270899187
4.8160552978515625e-05,0.11944313672741946
4.8160552978515625e-05,0.11951039074584706
4.8160552978515625e-05,0.11957764476427467
4.8160552978515625e-05,0.11964489878270226
4.839897155761719e-05,0.11971215280112987
4.839897155761719e-05,0.11977940681955747
4.839897155761719e-05,0.11984666083798506
4.839897155761719e-05,0.11991391485641267
4.839897155761719e-05,0.11998116887484027
4.839897155761719e-05,0.12004842289326788
4.839897155761719e-05,0.12011567691169547
4.839897155761719e-05,0.12018293093012307
4.839897155761719e-05,0.12025018494855068
4.839897155761719e-05,0.12031743896697827
4.839897155761719e-05,0.12038469298540588
4.839897155761719e-05,0.12045194700383348
4.839897155761719e-05,0.12051920102226107
4.839897155761719e-05,0.12058645504068868
4.839897155761719e-05,0.12065370905911628
4.839897155761719e-05,0.12072096307754389
4.839897155761719e-05,0.12078821709597148
4.839897155761719e-05,0.12085547111439908
4.839897155761719e-05,0.12092272513282669
4.839897155761719e-05,0.12098997915125428
4.839897155761719e-05,0.1210572331696819
4.839897155761719e-05,0.12112448718810949
4.839897155761719e-05,0.12119174120653708
4.839897155761719e-05,0.1212589952249647
4.839897155761719e-05,0.12132624924339229
4.839897155761719e-05,0.1213935032618199
4.839897155761719e-05,0.1214607572802475
4.839897155761719e-05,0.12152801129867509
4.839897155761719e-05,0.1215952653171027
4.839897155761719e-05,0.1216625193355303
4.839897155761719e-05,0.1217297733539579
4.839897155761719e-05,0.1217970273723855
4.839897155761719e-05,0.1218642813908131
4.839897155761719e-05,0.1219315354092407
4.839897155761719e-05,0.1219987894276683
4.839897155761719e-05,0.12206604344609591
4.839897155761719e-05,0.1221332974645235
4.839897155761719e-05,0.1222005514829511
4.839897155761719e-05,0.12226780550137871
4.839897155761719e-05,0.1223350595198063
4.839897155761719e-05,0.12240231353823391
4.839897155761719e-05,0.12246956755666151
4.839897155761719e-05,0.1225368215750891
4.839897155761719e-05,0.12260407559351671
4.839897155761719e-05,0.12267132961194431
4.839897155761719e-05,0.12273858363037192
4.839897155761719e-05,0.12280583764879952
4.839897155761719e-05,0.12287309166722711
4.839897155761719e-05,0.12294034568565472
4.839897155761719e-05,0.12300759970408232
4.839897155761719e-05,0.12307485372250992
4.839897155761719e-05,0.12314210774093752
4.839897155761719e-05,0.12320936175936512
4.839897155761719e-05,0.12327661577779273
4.839897155761719e-05,0.12334386979622032
4.839897155761719e-05,0.12341112381464793
4.839897155761719e-05,0.12347837783307553
4.839897155761719e-05,0.12354563185150312
4.839897155761719e-05,0.12361288586993073
4.839897155761719e-05,0.12368013988835833
4.839897155761719e-05,0.12374739390678594
4.839897155761719e-05,0.12381464792521353
4.839897155761719e-05,0.12388190194364113
4.839897155761719e-05,0.12394915596206874
4.839897155761719e-05,0.12401640998049633
4.839897155761719e-05,0.12408366399892394
4.839897155761719e-05,0.12415091801735154
4.839897155761719e-05,0.12421817203577913
4.839897155761719e-05,0.12428542605420674
4.839897155761719e-05,0.12435268007263434
4.839897155761719e-05,0.12441993409106195
4.839897155761719e-05,0.12448718810948954
4.839897155761719e-05,0.12455444212791714
4.839897155761719e-05,0.12462169614634475
4.839897155761719e-05,0.12468895016477234
4.839897155761719e-05,0.12475620418319995
4.839897155761719e-05,0.12482345820162755
4.863739013671875e-05,0.12489071222005514
4.863739013671875e-05,0.12495796623848275
4.863739013671875e-05,0.12502522025691035
4.863739013671875e-05,0.12509247427533796
4.863739013671875e-05,0.12515972829376557
4.863739013671875e-05,0.12522698231219315
4.863739013671875e-05,0.12529423633062076
4.863739013671875e-05,0.12536149034904837
4.863739013671875e-05,0.12542874436747595
4.863739013671875e-05,0.12549599838590356
4.863739013671875e-05,0.12556325240433117
4.863739013671875e-05,0.12563050642275875
4.863739013671875e-05,0.12569776044118636
4.863739013671875e-05,0.12576501445961397
4.863739013671875e-05,0.12583226847804158
4.863739013671875e-05,0.12589952249646916
4.863739013671875e-05,0.12596677651489677
4.863739013671875e-05,0.12603403053332438
4.863739013671875e-05,0.12610128455175196
4.863739013671875e-05,0.12616853857017957
4.863739013671875e-05,0.12623579258860718
4.863739013671875e-05,0.12630304660703476
4.863739013671875e-05,0.12637030062546237
4.863739013671875e-05,0.12643755464388998
4.863739013671875e-05,0.12650480866231759
4.863739013671875e-05,0.12657206268074517
4.863739013671875e-05,0.12663931669917278
4.863739013671875e-05,0.1267065707176004
4.863739013671875e-05,0.12677382473602797
4.863739013671875e-05,0.12684107875445558
4.863739013671875e-05,0.1269083327728832
4.863739013671875e-05,0.12697558679131077
4.863739013671875e-05,0.12704284080973838
4.863739013671875e-05,0.127110094828166
4.863739013671875e-05,0.1271773488465936
4.863739013671875e-05,0.12724460286502118
4.863739013671875e-05,0.1273118568834488
4.863739013671875e-05,0.1273791109018764
4.863739013671875e-05,0.12744636492030398
4.863739013671875e-05,0.1275136189387316
4.863739013671875e-05,0.1275808729571592
4.863739013671875e-05,0.12764812697558678
4.863739013671875e-05,0.1277153809940144
4.863739013671875e-05,0.127782635012442
4.863739013671875e-05,0.1278498890308696
4.863739013671875e-05,0.1279171430492972
4.863739013671875e-05,0.1279843970677248
4.863739013671875e-05,0.1280516510861524
4.863739013671875e-05,0.12811890510458
4.863739013671875e-05,0.1281861591230076
4.863739013671875e-05,0.1282534131414352
4.863739013671875e-05,0.1283206671598628
4.863739013671875e-05,0.1283879211782904
4.863739013671875e-05,0.128455175196718
4.863739013671875e-05,0.12852242921514562
4.863739013671875e-05,0.1285896832335732
4.863739013671875e-05,0.1286569372520008
4.863739013671875e-05,0.12872419127042842
4.863739013671875e-05,0.128791445288856
4.863739013671875e-05,0.1288586993072836
4.863739013671875e-05,0.12892595332571122
4.863739013671875e-05,0.1289932073441388
4.863739013671875e-05,0.1290604613625664
4.863739013671875e-05,0.12912771538099402
4.863739013671875e-05,0.12919496939942163
4.863739013671875e-05,0.1292622234178492
4.863739013671875e-05,0.12932947743627682
4.863739013671875e-05,0.12939673145470443
4.863739013671875e-05,0.129463985473132
4.863739013671875e-05,0.12953123949155962
4.863739013671875e-05,0.12959849350998723
4.863739013671875e-05,0.1296657475284148
4.863739013671875e-05,0.12973300154684242
4.863739013671875e-05,0.12980025556527003
4.863739013671875e-05,0.12986750958369764
4.863739013671875e-05,0.12993476360212522
4.863739013671875e-05,0.13000201762055283
4.863739013671875e-05,0.13006927163898044
4.863739013671875e-05,0.13013652565740802
4.863739013671875e-05,0.13020377967583563
4.863739013671875e-05,0.13027103369426324
4.863739013671875e-05,0.13033828771269082
4.887580871582031e-05,0.13040554173111843
4.887580871582031e-05,0.13047279574954604
4.887580871582031e-05,0.13054004976797365
4.887580871582031e-05,0.13060730378640123
4.887580871582031e-05,0.13067455780482884
4.887580871582031e-05,0.13074181182325645
4.887580871582031e-05,0.13080906584168403
4.887580871582031e-05,0.13087631986011164
4.887580871582031e-05,0.13094357387853925
4.887580871582031e-05,0.13101082789696683
4.887580871582031e-05,0.13107808191539444
4.887580871582031e-05,0.13114533593382205
4.887580871582031e-05,0.13121258995224966
4.887580871582031e-05,0.13127984397067724
4.887580871582031e-05,0.13134709798910485
4.887580871582031e-05,0.13141435200753246
4.887580871582031e-05,0.13148160602596004
4.887580871582031e-05,0.13154886004438765
4.887580871582031e-05,0.13161611406281526
4.887580871582031e-05,0.13168336808124284
4.887580871582031e-05,0.13175062209967045
4.887580871582031e-05,0.13181787611809806
4.887580871582031e-05,0.13188513013652567
4.887580871582031e-05,0.13195238415495325
4.887580871582031e-05,0.13201963817338086
4.887580871582031e-05,0.13208689219180847
4.887580871582031e-05,0.13215414621023605
4.887580871582031e-05,0.13222140022866366
4.887580871582031e-05,0.13228865424709127
4.887580871582031e-05,0.13235590826551885
4.887580871582031e-05,0.13242316228394646
4.887580871582031e-05,0.13249041630237407
4.887580871582031e-05,0.13255767032080168
4.887580871582031e-05,0.13262492433922926
4.887580871582031e-05,0.13269217835765687
4.887580871582031e-05,0.13275943237608448
4.887580871582031e-05,0.13282668639451206
4.887580871582031e-05,0.13289394041293967
4.887580871582031e-05,0.13296119443136728
4.887580871582031e-05,0.13302844844979486
4.887580871582031e-05,0.13309570246822247
4.887580871582031e-05,0.13316295648665008
4.887580871582031e-05,0.1332302105050777
4.887580871582031e-05,0.13329746452350527
4.887580871582031e-05,0.13336471854193288
4.887580871582031e-05,0.1334319725603605
4.887580871582031e-05,0.13349922657878807
4.887580871582031e-05,0.13356648059721568
4.887580871582031e-05,0.1336337346156433
4.887580871582031e-05,0.13370098863407087
4.887580871582031e-05,0.13376824265249848
4.887580871582031e-05,0.1338354966709261
4.887580871582031e-05,0.1339027506893537
4.887580871582031e-05,0.13397000470778128
4.887580871582031e-05,0.1340372587262089
4.887580871582031e-05,0.1341045127446365
4.887580871582031e-05,0.13417176676306408
4.887580871582031e-05,0.1342390207814917
4.887580871582031e-05,0.1343062747999193
4.887580871582031e-05,0.1343735288183469
4.887580871582031e-05,0.1344407828367745
4.887580871582031e-05,0.1345080368552021
4.887580871582031e-05,0.1345752908736297
4.887580871582031e-05,0.1346425448920573
4.887580871582031e-05,0.1347097989104849
4.887580871582031e-05,0.1347770529289125
4.887580871582031e-05,0.1348443069473401
4.887580871582031e-05,0.1349115609657677
4.887580871582031e-05,0.1349788149841953
4.887580871582031e-05,0.13504606900262292
4.887580871582031e-05,0.1351133230210505
4.887580871582031e-05,0.1351805770394781
4.887580871582031e-05,0.13524783105790572
4.9114227294921875e-05,0.1353150850763333
4.9114227294921875e-05,0.1353823390947609
4.9114227294921875e-05,0.13544959311318852
4.9114227294921875e-05,0.1355168471316161
4.9114227294921875e-05,0.1355841011500437
4.9114227294921875e-05,0.13565135516847132
4.9114227294921875e-05,0.13571860918689893
4.9114227294921875e-05,0.1357858632053265
4.9114227294921875e-05,0.13585311722375412
4.9114227294921875e-05,0.13592037124218173
4.9114227294921875e-05,0.1359876252606093
4.9114227294921875e-05,0.13605487927903692
4.9114227294921875e-05,0.13612213329746453
4.9114227294921875e-05,0.1361893873158921
4.9114227294921875e-05,0.13625664133431972
4.9114227294921875e-05,0.13632389535274733
4.9114227294921875e-05,0.13639114937117494
4.9114227294921875e-05,0.13645840338960252
4.9114227294921875e-05,0.13652565740803013
4.9114227294921875e-05,0.13659291142645774
4.9114227294921875e-05,0.13666016544488532
4.9114227294921875e-05,0.13672741946331293
4.9114227294921875e-05,0.13679467348174054
4.9114227294921875e-05,0.13686192750016812
4.9114227294921875e-05,0.13692918151859573
4.9114227294921875e-05,0.13699643553702334
4.9114227294921875e-05,0.13706368955545095
4.9114227294921875e-05,0.13713094357387853
4.9114227294921875e-05,0.13719819759230614
4.9114227294921875e-05,0.13726545161073375
4.9114227294921875e-05,0.13733270562916133
4.9114227294921875e-05,0.13739995964758894
4.9114227294921875e-05,0.13746721366601655
4.9114227294921875e-05,0.13753446768444413
4.9114227294921875e-05,0.13760172170287174
4.9114227294921875e-05,0.13766897572129935
4.9114227294921875e-05,0.13773622973972696
4.9114227294921875e-05,0.13780348375815454
4.9114227294921875e-05,0.13787073777658215
4.9114227294921875e-05,0.13793799179500976
4.9114227294921875e-05,0.13800524581343734
4.9114227294921875e-05,0.13807249983186495
4.9114227294921875e-05,0.13813975385029256
4.9114227294921875e-05,0.13820700786872014
4.9114227294921875e-05,0.13827426188714775
4.9114227294921875e-05,0.13834151590557536
4.9114227294921875e-05,0.13840876992400297
4.9114227294921875e-05,0.13847602394243055
4.9114227294921875e-05,0.13854327796085816
4.9114227294921875e-05,0.13861053197928577
4.9114227294921875e-05,0.13867778599771335
4.9114227294921875e-05,0.13874504001614096
4.9114227294921875e-05,0.13881229403456857
4.9114227294921875e-05,0.13887954805299615
4.9114227294921875e-05,0.13894680207142376
4.9114227294921875e-05,0.13901405608985137
4.9114227294921875e-05,0.13908131010827898
4.9114227294921875e-05,0.13914856412670656
4.9114227294921875e-05,0.13921581814513417
4.9114227294921875e-05,0.13928307216356178
4.9114227294921875e-05,0.13935032618198936
4.9114227294921875e-05,0.13941758020041697
4.9114227294921875e-05,0.13948483421884458
4.9114227294921875e-05,0.13955208823727216
4.9114227294921875e-05,0.13961934225569977
4.9114227294921875e-05,0.13968659627412738
4.9114227294921875e-05,0.139753850292555
4.9114227294921875e-05,0.13982110431098257
4.9114227294921875e-05,0.13988835832941018
4.9114227294921875e-05,0.1399556123478378
4.9114227294921875e-05,0.14002286636626537
4.9114227294921875e-05,0.14009012038469298
4.9114227294921875e-05,0.1401573744031206
4.9114227294921875e-05,0.14022462842154818
4.9114227294921875e-05,0.14029188243997578
4.9114227294921875e-05,0.1403591364584034
4.9114227294921875e-05,0.140426390476831
4.9114227294921875e-05,0.14049364449525859
4.9114227294921875e-05,0.1405608985136862
4.9114227294921875e-05,0.1406281525321138
4.935264587402344e-05,0.14069540655054139
4.935264587402344e-05,0.140762660568969
4.935264587402344e-05,0.1408299145873966
4.935264587402344e-05,0.14089716860582419
4.935264587402344e-05,0.1409644226242518
4.935264587402344e-05,0.1410316766426794
4.935264587402344e-05,0.141098930661107
4.935264587402344e-05,0.1411661846795346
4.935264587402344e-05,0.1412334386979622
4.935264587402344e-05,0.14130069271638981
4.935264587402344e-05,0.1413679467348174
4.935264587402344e-05,0.141435200753245
4.935264587402344e-05,0.14150245477167261
4.935264587402344e-05,0.1415697087901002
4.935264587402344e-05,0.1416369628085278
4.935264587402344e-05,0.14170421682695541
4.935264587402344e-05,0.14177147084538302
4.935264587402344e-05,0.1418387248638106
4.935264587402344e-05,0.14190597888223822
4.935264587402344e-05,0.14197323290066582
4.935264587402344e-05,0.1420404869190934
4.935264587402344e-05,0.14210774093752102
4.935264587402344e-05,0.14217499495594862
4.935264587402344e-05,0.1422422489743762
4.935264587402344e-05,0.14230950299280382
4.935264587402344e-05,0.14237675701123143
4.935264587402344e-05,0.14244401102965903
4.935264587402344e-05,0.14251126504808662
4.935264587402344e-05,0.14257851906651423
4.935264587402344e-05,0.14264577308494183
4.935264587402344e-05,0.14271302710336942
4.935264587402344e-05,0.14278028112179703
4.935264587402344e-05,0.14284753514022464
4.935264587402344e-05,0.14291478915865222
4.935264587402344e-05,0.14298204317707983
4.935264587402344e-05,0.14304929719550744
4.935264587402344e-05,0.14311655121393504
4.935264587402344e-05,0.14318380523236263
4.935264587402344e-05,0.14325105925079024
4.935264587402344e-05,0.14331831326921785
4.935264587402344e-05,0.14338556728764543
4.935264587402344e-05,0.14345282130607304
4.935264587402344e-05,0.14352007532450065
4.935264587402344e-05,0.14358732934292823
4.935264587402344e-05,0.14365458336135584
4.935264587402344e-05,0.14372183737978345
4.935264587402344e-05,0.14378909139821106
4.935264587402344e-05,0.14385634541663864
4.935264587402344e-05,0.14392359943506625
4.935264587402344e-05,0.14399085345349386
4.935264587402344e-05,0.14405810747192144
4.935264587402344e-05,0.14412536149034905
4.935264587402344e-05,0.14419261550877666
4.935264587402344e-05,0.14425986952720424
4.935264587402344e-05,0.14432712354563185
4.935264587402344e-05,0.14439437756405946
4.935264587402344e-05,0.14446163158248707
4.935264587402344e-05,0.14452888560091465
4.935264587402344e-05,0.14459613961934226
4.935264587402344e-05,0.14466339363776987
4.935264587402344e-05,0.14473064765619745
4.935264587402344e-05,0.14479790167462506
4.935264587402344e-05,0.14486515569305267
4.935264587402344e-05,0.14493240971148025
4.935264587402344e-05,0.14499966372990786
4.935264587402344e-05,0.14506691774833547
4.935264587402344e-05,0.14513417176676308
4.935264587402344e-05,0.14520142578519066
4.935264587402344e-05,0.14526867980361827
4.935264587402344e-05,0.14533593382204588
4.935264587402344e-05,0.14540318784047346
4.935264587402344e-05,0.14547044185890107
4.935264587402344e-05,0.14553769587732868
4.935264587402344e-05,0.14560494989575626
4.935264587402344e-05,0.14567220391418387
4.935264587402344e-05,0.14573945793261148
4.935264587402344e-05,0.1458067119510391
4.935264587402344e-05,0.14587396596946667
4.935264587402344e-05,0.14594121998789428
4.935264587402344e-05,0.1460084740063219
4.935264587402344e-05,0.14607572802474947
4.935264587402344e-05,0.14614298204317708
4.9591064453125e-05,0.1462102360616047
4.9591064453125e-05,0.14627749008003227
4.9591064453125e-05,0.14634474409845988
4.9591064453125e-05,0.1464119981168875
4.9591064453125e-05,0.1464792521353151
4.9591064453125e-05,0.14654650615374268
4.9591064453125e-05,0.1466137601721703
4.9591064453125e-05,0.1466810141905979
4.9591064453125e-05,0.14674826820902548
4.9591064453125e-05,0.1468155222274531
4.9591064453125e-05,0.1468827762458807
4.9591064453125e-05,0.14695003026430828
4.9591064453125e-05,0.1470172842827359
4.9591064453125e-05,0.1470845383011635
4.9591064453125e-05,0.1471517923195911
4.9591064453125e-05,0.1472190463380187
4.9591064453125e-05,0.1472863003564463
4.9591064453125e-05,0.1473535543748739
4.9591064453125e-05,0.1474208083933015
4.9591064453125e-05,0.1474880624117291
4.9591064453125e-05,0.1475553164301567
4.9591064453125e-05,0.1476225704485843
4.9591064453125e-05,0.1476898244670119
4.9591064453125e-05,0.1477570784854395
4.9591064453125e-05,0.14782433250386712
4.9591064453125e-05,0.1478915865222947
4.9591064453125e-05,0.1479588405407223
4.9591064453125e-05,0.14802609455914992
4.9591064453125e-05,0.1480933485775775
4.9591064453125e-05,0.1481606025960051
4.9591064453125e-05,0.14822785661443272
4.9591064453125e-05,0.1482951106328603
4.9591064453125e-05,0.1483623646512879
4.9591064453125e-05,0.14842961866971552
4.9591064453125e-05,0.14849687268814313
4.9591064453125e-05,0.1485641267065707
4.9591064453125e-05,0.14863138072499832
4.9591064453125e-05,0.14869863474342593
4.9591064453125e-05,0.1487658887618535
4.9591064453125e-05,0.14883314278028112
4.9591064453125e-05,0.14890039679870873
4.9591064453125e-05,0.1489676508171363
4.9591064453125e-05,0.14903490483556392
4.9591064453125e-05,0.14910215885399153
4.9591064453125e-05,0.14916941287241914
4.9591064453125e-05,0.14923666689084672
4.9591064453125e-05,0.14930392090927433
4.9591064453125e-05,0.14937117492770194
4.9591064453125e-05,0.14943842894612952
4.9591064453125e-05,0.14950568296455713
4.9591064453125e-05,0.14957293698298474
4.9591064453125e-05,0.14964019100141235
4.9591064453125e-05,0.14970744501983993
4.9591064453125e-05,0.14977469903826754
4.9591064453125e-05,0.14984195305669515
4.9591064453125e-05,0.14990920707512273
4.9591064453125e-05,0.14997646109355034
4.9591064453125e-05,0.15004371511197795
4.9591064453125e-05,0.15011096913040553
4.9591064453125e-05,0.15017822314883314
4.9591064453125e-05,0.15024547716726075
4.9591064453125e-05,0.15031273118568836
4.9591064453125e-05,0.15037998520411594
4.9591064453125e-05,0.15044723922254355
4.9591064453125e-05,0.15051449324097116
4.9591064453125e-05,0.15058174725939874
4.9591064453125e-05,0.15064900127782635
4.9591064453125e-05,0.15071625529625396
4.9591064453125e-05,0.15078350931468154
4.9591064453125e-05,0.15085076333310915
4.9591064453125e-05,0.15091801735153676
4.9591064453125e-05,0.15098527136996437
4.982948303222656e-05,0.15105252538839195
4.982948303222656e-05,0.15111977940681956
4.982948303222656e-05,0.15118703342524717
4.982948303222656e-05,0.15125428744367475
4.982948303222656e-05,0.15132154146210236
4.982948303222656e-05,0.15138879548052997
4.982948303222656e-05,0.15145604949895755
4.982948303222656e-05,0.15152330351738516
4.982948303222656e-05,0.15159055753581277
4.982948303222656e-05,0.15165781155424038
4.982948303222656e-05,0.15172506557266796
4.982948303222656e-05,0.15179231959109557
4.982948303222656e-05,0.15185957360952318
4.982948303222656e-05,0.15192682762795076
4.982948303222656e-05,0.15199408164637837
4.982948303222656e-05,0.15206133566480598
4.982948303222656e-05,0.15212858968323356
4.982948303222656e-05,0.15219584370166117
4.982948303222656e-05,0.15226309772008878
4.982948303222656e-05,0.1523303517385164
4.982948303222656e-05,0.15239760575694397
4.982948303222656e-05,0.15246485977537158
4.982948303222656e-05,0.1525321137937992
4.982948303222656e-05,0.15259936781222677
4.982948303222656e-05,0.15266662183065438
4.982948303222656e-05,0.152733875849082
4.982948303222656e-05,0.15280112986750957
4.982948303222656e-05,0.15286838388593718
4.982948303222656e-05,0.1529356379043648
4.982948303222656e-05,0.1530028919227924
4.982948303222656e-05,0.15307014594121998
4.982948303222656e-05,0.1531373999596476
4.982948303222656e-05,0.1532046539780752
4.982948303222656e-05,0.15327190799650278
4.982948303222656e-05,0.1533391620149304
4.982948303222656e-05,0.153406416033358
4.982948303222656e-05,0.15347367005178558
4.982948303222656e-05,0.1535409240702132
4.982948303222656e-05,0.1536081780886408
4.982948303222656e-05,0.1536754321070684
4.982948303222656e-05,0.153742686125496
4.982948303222656e-05,0.1538099401439236
4.982948303222656e-05,0.1538771941623512
4.982948303222656e-05,0.1539444481807788
4.982948303222656e-05,0.1540117021992064
4.982948303222656e-05,0.154078956217634
4.982948303222656e-05,0.1541462102360616
4.982948303222656e-05,0.1542134642544892
4.982948303222656e-05,0.1542807182729168
4.982948303222656e-05,0.15434797229134442
4.982948303222656e-05,0.154415226309772
4.982948303222656e-05,0.1544824803281996
4.982948303222656e-05,0.15454973434662722
4.982948303222656e-05,0.1546169883650548
4.982948303222656e-05,0.1546842423834824
4.982948303222656e-05,0.15475149640191002
4.982948303222656e-05,0.1548187504203376
4.982948303222656e-05,0.1548860044387652
4.982948303222656e-05,0.15495325845719282
4.982948303222656e-05,0.15502051247562043
4.982948303222656e-05,0.155087766494048
4.982948303222656e-05,0.15515502051247562
4.982948303222656e-05,0.15522227453090323
4.982948303222656e-05,0.1552895285493308
4.982948303222656e-05,0.15535678256775842
4.982948303222656e-05,0.15542403658618603
4.982948303222656e-05,0.1554912906046136
4.982948303222656e-05,0.15555854462304122
4.982948303222656e-05,0.15562579864146883
4.982948303222656e-05,0.15569305265989644
4.982948303222656e-05,0.15576030667832402
4.982948303222656e-05,0.15582756069675163
4.982948303222656e-05,0.15589481471517924
4.982948303222656e-05,0.15596206873360682
4.982948303222656e-05,0.15602932275203443
4.982948303222656e-05,0.15609657677046204
4.982948303222656e-05,0.15616383078888962
4.982948303222656e-05,0.15623108480731723
4.982948303222656e-05,0.15629833882574484
4.982948303222656e-05,0.15636559284417245
4.982948303222656e-05,0.15643284686260003
4.982948303222656e-05,0.15650010088102764
4.982948303222656e-05,0.15656735489945525
4.982948303222656e-05,0.15663460891788283
4.982948303222656e-05,0.15670186293631044
4.982948303222656e-05,0.15676911695473805
4.982948303222656e-05,0.15683637097316563
4.982948303222656e-05,0.15690362499159324
4.982948303222656e-05,0.15697087901002085
4.982948303222656e-05,0.15703813302844846
4.982948303222656e-05,0.15710538704687604
4.982948303222656e-05,0.15717264106530365
4.982948303222656e-05,0.15723989508373126
4.982948303222656e-05,0.15730714910215884
4.982948303222656e-05,0.15737440312058645
4.982948303222656e-05,0.15744165713901406
5.0067901611328125e-05,0.15750891115744164
5.0067901611328125e-05,0.15757616517586925
5.0067901611328125e-05,0.15764341919429686
5.0067901611328125e-05,0.15771067321272447
5.0067901611328125e-05,0.15777792723115205
5.0067901611328125e-05,0.15784518124957966
5.0067901611328125e-05,0.15791243526800727
5.0067901611328125e-05,0.15797968928643485
5.0067901611328125e-05,0.15804694330486246
5.0067901611328125e-05,0.15811419732329007
5.0067901611328125e-05,0.15818145134171765
5.0067901611328125e-05,0.15824870536014526
5.0067901611328125e-05,0.15831595937857287
5.0067901611328125e-05,0.15838321339700048
5.0067901611328125e-05,0.15845046741542806
5.0067901611328125e-05,0.15851772143385567
5.0067901611328125e-05,0.15858497545228328
5.0067901611328125e-05,0.15865222947071086
5.0067901611328125e-05,0.15871948348913847
5.0067901611328125e-05,0.15878673750756608
5.0067901611328125e-05,0.15885399152599367
5.0067901611328125e-05,0.15892124554442127
5.0067901611328125e-05,0.15898849956284888
5.0067901611328125e-05,0.1590557535812765
5.0067901611328125e-05,0.15912300759970407
5.0067901611328125e-05,0.15919026161813168
5.0067901611328125e-05,0.1592575156365593
5.0067901611328125e-05,0.15932476965498688
5.0067901611328125e-05,0.15939202367341448
5.0067901611328125e-05,0.1594592776918421
5.0067901611328125e-05,0.15952653171026968
5.0067901611328125e-05,0.15959378572869728
5.0067901611328125e-05,0.1596610397471249
5.0067901611328125e-05,0.1597282937655525
5.0067901611328125e-05,0.15979554778398009
5.0067901611328125e-05,0.1598628018024077
5.0067901611328125e-05,0.1599300558208353
5.0067901611328125e-05,0.15999730983926289
5.0067901611328125e-05,0.1600645638576905
5.0067901611328125e-05,0.1601318178761181
5.0067901611328125e-05,0.16019907189454569
5.0067901611328125e-05,0.1602663259129733
5.0067901611328125e-05,0.1603335799314009
5.0067901611328125e-05,0.16040083394982851
5.0067901611328125e-05,0.1604680879682561
5.0067901611328125e-05,0.1605353419866837
5.0067901611328125e-05,0.16060259600511131
5.0067901611328125e-05,0.1606698500235389
5.0067901611328125e-05,0.1607371040419665
5.0067901611328125e-05,0.16080435806039411
5.0067901611328125e-05,0.1608716120788217
5.0067901611328125e-05,0.1609388660972493
5.0067901611328125e-05,0.16100612011567692
5.0067901611328125e-05,0.16107337413410452
5.0067901611328125e-05,0.1611406281525321
5.0067901611328125e-05,0.16120788217095972
5.0067901611328125e-05,0.16127513618938732
5.0067901611328125e-05,0.1613423902078149
5.0067901611328125e-05,0.16140964422624252
5.0067901611328125e-05,0.16147689824467013
5.0067901611328125e-05,0.1615441522630977
5.0067901611328125e-05,0.16161140628152532
5.0067901611328125e-05,0.16167866029995293
5.0067901611328125e-05,0.16174591431838053
5.0067901611328125e-05,0.16181316833680812
5.0067901611328125e-05,0.16188042235523573
5.0067901611328125e-05,0.16194767637366334
5.0067901611328125e-05,0.16201493039209092
5.0067901611328125e-05,0.16208218441051853
5.0067901611328125e-05,0.16214943842894614
5.0067901611328125e-05,0.16221669244737372
5.0067901611328125e-05,0.16228394646580133
5.0067901611328125e-05,0.16235120048422894
5.0067901611328125e-05,0.16241845450265655
5.0067901611328125e-05,0.16248570852108413
5.0067901611328125e-05,0.16255296253951174
5.0067901611328125e-05,0.16262021655793935
5.0067901611328125e-05,0.16268747057636693
5.0067901611328125e-05,0.16275472459479454
5.0067901611328125e-05,0.16282197861322215
5.0067901611328125e-05,0.16288923263164973
5.0067901611328125e-05,0.16295648665007734
5.0067901611328125e-05,0.16302374066850495
5.0067901611328125e-05,0.16309099468693256
5.0067901611328125e-05,0.16315824870536014
5.0067901611328125e-05,0.16322550272378775
5.0067901611328125e-05,0.16329275674221536
5.0067901611328125e-05,0.16336001076064294
5.030632019042969e-05,0.16342726477907055
5.030632019042969e-05,0.16349451879749816
5.030632019042969e-05,0.16356177281592574
5.030632019042969e-05,0.16362902683435335
5.030632019042969e-05,0.16369628085278096
5.030632019042969e-05,0.16376353487120857
5.030632019042969e-05,0.16383078888963615
5.030632019042969e-05,0.16389804290806376
5.030632019042969e-05,0.16396529692649137
5.030632019042969e-05,0.16403255094491895
5.030632019042969e-05,0.16409980496334656
5.030632019042969e-05,0.16416705898177417
5.030632019042969e-05,0.16423431300020178
5.030632019042969e-05,0.16430156701862936
5.030632019042969e-05,0.16436882103705697
5.030632019042969e-05,0.16443607505548458
5.030632019042969e-05,0.16450332907391216
5.030632019042969e-05,0.16457058309233977
5.030632019042969e-05,0.16463783711076738
5.030632019042969e-05,0.16470509112919496
5.030632019042969e-05,0.16477234514762257
5.030632019042969e-05,0.16483959916605018
5.030632019042969e-05,0.1649068531844778
5.030632019042969e-05,0.16497410720290537
5.030632019042969e-05,0.16504136122133298
5.030632019042969e-05,0.1651086152397606
5.030632019042969e-05,0.16517586925818817
5.030632019042969e-05,0.16524312327661578
5.030632019042969e-05,0.1653103772950434
5.030632019042969e-05,0.16537763131347097
5.030632019042969e-05,0.16544488533189858
5.030632019042969e-05,0.1655121393503262
5.030632019042969e-05,0.1655793933687538
5.030632019042969e-05,0.16564664738718138
5.030632019042969e-05,0.165713901405609
5.030632019042969e-05,0.1657811554240366
5.030632019042969e-05,0.16584840944246418
5.030632019042969e-05,0.1659156634608918
5.030632019042969e-05,0.1659829174793194
5.030632019042969e-05,0.16605017149774698
5.030632019042969e-05,0.1661174255161746
5.030632019042969e-05,0.1661846795346022
5.030632019042969e-05,0.1662519335530298
5.030632019042969e-05,0.1663191875714574
5.030632019042969e-05,0.166386441589885
5.030632019042969e-05,0.1664536956083126
5.030632019042969e-05,0.1665209496267402
5.030632019042969e-05,0.1665882036451678
5.030632019042969e-05,0.1666554576635954
5.030632019042969e-05,0.166722711682023
5.030632019042969e-05,0.1667899657004506
5.030632019042969e-05,0.1668572197188782
5.030632019042969e-05,0.16692447373730582
5.030632019042969e-05,0.1669917277557334
5.030632019042969e-05,0.167058981774161
5.030632019042969e-05,0.16712623579258862
5.030632019042969e-05,0.1671934898110162
5.030632019042969e-05,0.1672607438294438
5.030632019042969e-05,0.16732799784787142
5.030632019042969e-05,0.167395251866299
5.030632019042969e-05,0.1674625058847266
5.030632019042969e-05,0.16752975990315422
5.030632019042969e-05,0.16759701392158183
5.030632019042969e-05,0.1676642679400094
5.030632019042969e-05,0.16773152195843702
5.030632019042969e-05,0.16779877597686463
5.030632019042969e-05,0.1678660299952922
5.030632019042969e-05,0.16793328401371982
5.030632019042969e-05,0.16800053803214743
5.030632019042969e-05,0.168067792050575
5.030632019042969e-05,0.16813504606900262
5.030632019042969e-05,0.16820230008743023
5.030632019042969e-05,0.16826955410585784
5.030632019042969e-05,0.16833680812428542
5.054473876953125e-05,0.16840406214271303
5.054473876953125e-05,0.16847131616114064
5.054473876953125e-05,0.16853857017956822
5.054473876953125e-05,0.16860582419799583
5.054473876953125e-05,0.16867307821642344
5.054473876953125e-05,0.16874033223485102
5.054473876953125e-05,0.16880758625327863
5.054473876953125e-05,0.16887484027170624
5.054473876953125e-05,0.16894209429013385
5.054473876953125e-05,0.16900934830856143
5.054473876953125e-05,0.16907660232698904
5.054473876953125e-05,0.16914385634541665
5.054473876953125e-05,0.16921111036384423
5.054473876953125e-05,0.16927836438227184
5.054473876953125e-05,0.16934561840069945
5.054473876953125e-05,0.16941287241912703
5.054473876953125e-05,0.16948012643755464
5.054473876953125e-05,0.16954738045598225
5.054473876953125e-05,0.16961463447440986
5.054473876953125e-05,0.16968188849283744
5.054473876953125e-05,0.16974914251126505
5.054473876953125e-05,0.16981639652969266
5.054473876953125e-05,0.16988365054812024
5.054473876953125e-05,0.16995090456654785
5.054473876953125e-05,0.17001815858497546
5.054473876953125e-05,0.17008541260340304
5.054473876953125e-05,0.17015266662183065
5.054473876953125e-05,0.17021992064025826
5.054473876953125e-05,0.17028717465868587
5.054473876953125e-05,0.17035442867711345
5.054473876953125e-05,0.17042168269554106
5.054473876953125e-05,0.17048893671396867
5.054473876953125e-05,0.17055619073239625
5.054473876953125e-05,0.17062344475082386
5.054473876953125e-05,0.17069069876925147
5.054473876953125e-05,0.17075795278767905
5.054473876953125e-05,0.17082520680610666
5.054473876953125e-05,0.17089246082453427
5.054473876953125e-05,0.17095971484296188
5.054473876953125e-05,0.17102696886138946
5.054473876953125e-05,0.17109422287981707
5.054473876953125e-05,0.17116147689824468
5.054473876953125e-05,0.17122873091667226
5.054473876953125e-05,0.17129598493509987
5.054473876953125e-05,0.17136323895352748
5.054473876953125e-05,0.17143049297195506
5.054473876953125e-05,0.17149774699038267
5.054473876953125e-05,0.17156500100881028
5.054473876953125e-05,0.1716322550272379
5.054473876953125e-05,0.17169950904566547
5.054473876953125e-05,0.17176676306409308
5.054473876953125e-05,0.1718340170825207
5.054473876953125e-05,0.17190127110094827
5.054473876953125e-05,0.17196852511937588
5.054473876953125e-05,0.1720357791378035
5.054473876953125e-05,0.17210303315623107
5.054473876953125e-05,0.17217028717465868
5.054473876953125e-05,0.1722375411930863
5.054473876953125e-05,0.1723047952115139
5.054473876953125e-05,0.17237204922994148
5.054473876953125e-05,0.1724393032483691
5.054473876953125e-05,0.1725065572667967
5.054473876953125e-05,0.17257381128522428
5.054473876953125e-05,0.1726410653036519
5.054473876953125e-05,0.1727083193220795
5.054473876953125e-05,0.17277557334050708
5.054473876953125e-05,0.1728428273589347
5.054473876953125e-05,0.1729100813773623
5.054473876953125e-05,0.1729773353957899
5.054473876953125e-05,0.1730445894142175
5.054473876953125e-05,0.1731118434326451
5.054473876953125e-05,0.1731790974510727
5.054473876953125e-05,0.1732463514695003
5.054473876953125e-05,0.1733136054879279
5.054473876953125e-05,0.1733808595063555
5.054473876953125e-05,0.1734481135247831
5.054473876953125e-05,0.1735153675432107
5.078315734863281e-05,0.1735826215616383
5.078315734863281e-05,0.17364987558006592
5.078315734863281e-05,0.1737171295984935
5.078315734863281e-05,0.1737843836169211
5.078315734863281e-05,0.17385163763534872
5.078315734863281e-05,0.1739188916537763
5.078315734863281e-05,0.1739861456722039
5.078315734863281e-05,0.17405339969063152
5.078315734863281e-05,0.1741206537090591
5.078315734863281e-05,0.1741879077274867
5.078315734863281e-05,0.17425516174591432
5.078315734863281e-05,0.17432241576434193
5.078315734863281e-05,0.1743896697827695
5.078315734863281e-05,0.17445692380119712
5.078315734863281e-05,0.17452417781962473
5.078315734863281e-05,0.1745914318380523
5.078315734863281e-05,0.17465868585647992
5.078315734863281e-05,0.17472593987490753
5.078315734863281e-05,0.1747931938933351
5.078315734863281e-05,0.17486044791176272
5.078315734863281e-05,0.17492770193019033
5.078315734863281e-05,0.17499495594861794
5.078315734863281e-05,0.17506220996704552
5.078315734863281e-05,0.17512946398547313
5.078315734863281e-05,0.17519671800390074
5.078315734863281e-05,0.17526397202232832
5.078315734863281e-05,0.17533122604075593
5.078315734863281e-05,0.17539848005918354
5.078315734863281e-05,0.17546573407761112
5.078315734863281e-05,0.17553298809603873
5.078315734863281e-05,0.17560024211446634
5.078315734863281e-05,0.17566749613289395
5.078315734863281e-05,0.17573475015132153
5.078315734863281e-05,0.17580200416974914
5.078315734863281e-05,0.17586925818817675
5.078315734863281e-05,0.17593651220660433
5.078315734863281e-05,0.17600376622503194
5.078315734863281e-05,0.17607102024345955
5.078315734863281e-05,0.17613827426188713
5.078315734863281e-05,0.17620552828031474
5.078315734863281e-05,0.17627278229874235
5.078315734863281e-05,0.17634003631716996
5.078315734863281e-05,0.17640729033559754
5.078315734863281e-05,0.17647454435402515
5.078315734863281e-05,0.17654179837245276
5.078315734863281e-05,0.17660905239088034
5.078315734863281e-05,0.17667630640930795
5.078315734863281e-05,0.17674356042773556
5.078315734863281e-05,0.17681081444616314
5.078315734863281e-05,0.17687806846459075
5.078315734863281e-05,0.17694532248301836
5.078315734863281e-05,0.17701257650144597
5.078315734863281e-05,0.17707983051987355
5.078315734863281e-05,0.17714708453830116
5.078315734863281e-05,0.17721433855672877
5.078315734863281e-05,0.17728159257515635
5.078315734863281e-05,0.17734884659358396
5.078315734863281e-05,0.17741610061201157
5.078315734863281e-05,0.17748335463043916
5.078315734863281e-05,0.17755060864886676
5.078315734863281e-05,0.17761786266729437
5.078315734863281e-05,0.17768511668572198
5.078315734863281e-05,0.17775237070414956
5.078315734863281e-05,0.17781962472257717
5.078315734863281e-05,0.17788687874100478
5.1021575927734375e-05,0.17795413275943237
5.1021575927734375e-05,0.17802138677785997
5.1021575927734375e-05,0.17808864079628758
5.1021575927734375e-05,0.17815589481471517
5.1021575927734375e-05,0.17822314883314277
5.1021575927734375e-05,0.17829040285157038
5.1021575927734375e-05,0.178357656869998
5.1021575927734375e-05,0.17842491088842558
5.1021575927734375e-05,0.17849216490685318
5.1021575927734375e-05,0.1785594189252808
5.1021575927734375e-05,0.17862667294370838
5.1021575927734375e-05,0.17869392696213598
5.1021575927734375e-05,0.1787611809805636
5.1021575927734375e-05,0.17882843499899118
5.1021575927734375e-05,0.17889568901741879
5.1021575927734375e-05,0.1789629430358464
5.1021575927734375e-05,0.179030197054274
5.1021575927734375e-05,0.17909745107270159
5.1021575927734375e-05,0.1791647050911292
5.1021575927734375e-05,0.1792319591095568
5.1021575927734375e-05,0.17929921312798439
5.1021575927734375e-05,0.179366467146412
5.1021575927734375e-05,0.1794337211648396
5.1021575927734375e-05,0.17950097518326721
5.1021575927734375e-05,0.1795682292016948
5.1021575927734375e-05,0.1796354832201224
5.1021575927734375e-05,0.17970273723855001
5.1021575927734375e-05,0.1797699912569776
5.1021575927734375e-05,0.1798372452754052
5.1021575927734375e-05,0.17990449929383281
5.1021575927734375e-05,0.1799717533122604
5.1021575927734375e-05,0.180039007330688
5.1021575927734375e-05,0.18010626134911562
5.1021575927734375e-05,0.18017351536754322
5.1021575927734375e-05,0.1802407693859708
5.1021575927734375e-05,0.18030802340439842
5.1021575927734375e-05,0.18037527742282602
5.1021575927734375e-05,0.1804425314412536
5.1021575927734375e-05,0.18050978545968122
5.1021575927734375e-05,0.18057703947810883
5.1021575927734375e-05,0.1806442934965364
5.1021575927734375e-05,0.18071154751496402
5.1021575927734375e-05,0.18077880153339163
5.1021575927734375e-05,0.18084605555181923
5.1021575927734375e-05,0.18091330957024682
5.1021575927734375e-05,0.18098056358867443
5.1021575927734375e-05,0.18104781760710204
5.1021575927734375e-05,0.18111507162552962
5.1021575927734375e-05,0.18118232564395723
5.1021575927734375e-05,0.18124957966238484
5.1021575927734375e-05,0.18131683368081242
5.1021575927734375e-05,0.18138408769924003
5.1021575927734375e-05,0.18145134171766764
5.1021575927734375e-05,0.18151859573609525
5.1021575927734375e-05,0.18158584975452283
5.1021575927734375e-05,0.18165310377295044
5.1021575927734375e-05,0.18172035779137805
5.1021575927734375e-05,0.18178761180980563
5.1021575927734375e-05,0.18185486582823324
5.1021575927734375e-05,0.18192211984666085
5.1021575927734375e-05,0.18198937386508843
5.1021575927734375e-05,0.18205662788351604
5.1021575927734375e-05,0.18212388190194365
5.1021575927734375e-05,0.18219113592037126
5.1021575927734375e-05,0.18225838993879884
5.1021575927734375e-05,0.18232564395722645
5.1021575927734375e-05,0.18239289797565406
5.1021575927734375e-05,0.18246015199408164
5.1021575927734375e-05,0.18252740601250925
5.1021575927734375e-05,0.18259466003093686
5.1021575927734375e-05,0.18266191404936444
5.1021575927734375e-05,0.18272916806779205
5.1021575927734375e-05,0.18279642208621966
5.1021575927734375e-05,0.18286367610464727
5.1021575927734375e-05,0.18293093012307485
5.1021575927734375e-05,0.18299818414150246
5.1021575927734375e-05,0.18306543815993007
5.1021575927734375e-05,0.18313269217835765
5.1021575927734375e-05,0.18319994619678526
5.125999450683594e-05,0.18326720021521287
5.125999450683594e-05,0.18333445423364045
5.125999450683594e-05,0.18340170825206806
5.125999450683594e-05,0.18346896227049567
5.125999450683594e-05,0.18353621628892328
5.125999450683594e-05,0.18360347030735086
5.125999450683594e-05,0.18367072432577847
5.125999450683594e-05,0.18373797834420608
5.125999450683594e-05,0.18380523236263366
5.125999450683594e-05,0.18387248638106127
5.125999450683594e-05,0.18393974039948888
5.125999450683594e-05,0.18400699441791646
5.125999450683594e-05,0.18407424843634407
5.125999450683594e-05,0.18414150245477168
5.125999450683594e-05,0.1842087564731993
5.125999450683594e-05,0.18427601049162687
5.125999450683594e-05,0.18434326451005448
5.125999450683594e-05,0.1844105185284821
5.125999450683594e-05,0.18447777254690967
5.125999450683594e-05,0.18454502656533728
5.125999450683594e-05,0.1846122805837649
5.125999450683594e-05,0.18467953460219247
5.125999450683594e-05,0.18474678862062008
5.125999450683594e-05,0.1848140426390477
5.125999450683594e-05,0.1848812966574753
5.125999450683594e-05,0.18494855067590288
5.125999450683594e-05,0.1850158046943305
5.125999450683594e-05,0.1850830587127581
5.125999450683594e-05,0.18515031273118568
5.125999450683594e-05,0.1852175667496133
5.125999450683594e-05,0.1852848207680409
5.125999450683594e-05,0.18535207478646848
5.125999450683594e-05,0.1854193288048961
5.125999450683594e-05,0.1854865828233237
5.125999450683594e-05,0.1855538368417513
5.125999450683594e-05,0.1856210908601789
5.125999450683594e-05,0.1856883448786065
5.125999450683594e-05,0.1857555988970341
5.125999450683594e-05,0.1858228529154617
5.125999450683594e-05,0.1858901069338893
5.125999450683594e-05,0.1859573609523169
5.125999450683594e-05,0.1860246149707445
5.125999450683594e-05,0.1860918689891721
5.125999450683594e-05,0.1861591230075997
5.125999450683594e-05,0.18622637702602732
5.125999450683594e-05,0.1862936310444549
5.125999450683594e-05,0.1863608850628825
5.125999450683594e-05,0.18642813908131012
5.125999450683594e-05,0.1864953930997377
5.125999450683594e-05,0.1865626471181653
5.125999450683594e-05,0.18662990113659292
5.125999450683594e-05,0.1866971551550205
5.125999450683594e-05,0.1867644091734481
5.125999450683594e-05,0.18683166319187572
5.125999450683594e-05,0.18689891721030333
5.125999450683594e-05,0.1869661712287309
5.125999450683594e-05,0.18703342524715852
5.125999450683594e-05,0.18710067926558613
5.125999450683594e-05,0.1871679332840137
5.125999450683594e-05,0.18723518730244132
5.125999450683594e-05,0.18730244132086893
5.125999450683594e-05,0.1873696953392965
5.125999450683594e-05,0.18743694935772412
5.125999450683594e-05,0.18750420337615173
5.125999450683594e-05,0.18757145739457934
5.125999450683594e-05,0.18763871141300692
5.125999450683594e-05,0.18770596543143453
5.125999450683594e-05,0.18777321944986214
5.125999450683594e-05,0.18784047346828972
5.125999450683594e-05,0.18790772748671733
5.125999450683594e-05,0.18797498150514494
5.125999450683594e-05,0.18804223552357252
5.125999450683594e-05,0.18810948954200013
5.125999450683594e-05,0.18817674356042774
5.125999450683594e-05,0.18824399757885535
5.125999450683594e-05,0.18831125159728293
5.125999450683594e-05,0.18837850561571054
5.125999450683594e-05,0.18844575963413815
5.125999450683594e-05,0.18851301365256573
5.125999450683594e-05,0.18858026767099334
5.125999450683594e-05,0.18864752168942095
5.125999450683594e-05,0.18871477570784853
5.14984130859375e-05,0.18878202972627614
5.14984130859375e-05,0.18884928374470375
5.14984130859375e-05,0.18891653776313136
5.14984130859375e-05,0.18898379178155894
5.14984130859375e-05,0.18905104579998655
5.14984130859375e-05,0.18911829981841416
5.14984130859375e-05,0.18918555383684174
5.14984130859375e-05,0.18925280785526935
5.14984130859375e-05,0.18932006187369696
5.14984130859375e-05,0.18938731589212454
5.14984130859375e-05,0.18945456991055215
5.14984130859375e-05,0.18952182392897976
5.14984130859375e-05,0.18958907794740737
5.14984130859375e-05,0.18965633196583495
5.14984130859375e-05,0.18972358598426256
5.14984130859375e-05,0.18979084000269017
5.14984130859375e-05,0.18985809402111775
5.14984130859375e-05,0.18992534803954536
5.14984130859375e-05,0.18999260205797297
5.14984130859375e-05,0.19005985607640055
5.14984130859375e-05,0.19012711009482816
5.14984130859375e-05,0.19019436411325577
5.14984130859375e-05,0.19026161813168338
5.14984130859375e-05,0.19032887215011096
5.14984130859375e-05,0.19039612616853857
5.14984130859375e-05,0.19046338018696618
5.14984130859375e-05,0.19053063420539376
5.14984130859375e-05,0.19059788822382137
5.14984130859375e-05,0.19066514224224898
5.14984130859375e-05,0.19073239626067656
5.14984130859375e-05,0.19079965027910417
5.14984130859375e-05,0.19086690429753178
5.14984130859375e-05,0.1909341583159594
5.14984130859375e-05,0.19100141233438697
5.14984130859375e-05,0.19106866635281458
5.14984130859375e-05,0.1911359203712422
5.14984130859375e-05,0.19120317438966977
5.14984130859375e-05,0.19127042840809738
5.14984130859375e-05,0.191337682426525
5.14984130859375e-05,0.19140493644495257
5.14984130859375e-05,0.19147219046338018
5.14984130859375e-05,0.1915394444818078
5.14984130859375e-05,0.1916066985002354
5.14984130859375e-05,0.19167395251866298
5.14984130859375e-05,0.1917412065370906
5.14984130859375e-05,0.1918084605555182
5.14984130859375e-05,0.19187571457394578
5.14984130859375e-05,0.1919429685923734
5.14984130859375e-05,0.192010222610801
5.14984130859375e-05,0.19207747662922858
5.14984130859375e-05,0.1921447306476562
5.14984130859375e-05,0.1922119846660838
5.14984130859375e-05,0.1922792386845114
5.14984130859375e-05,0.192346492702939
5.14984130859375e-05,0.1924137467213666
5.14984130859375e-05,0.1924810007397942
5.14984130859375e-05,0.1925482547582218
5.14984130859375e-05,0.1926155087766494
5.14984130859375e-05,0.192682762795077
5.14984130859375e-05,0.1927500168135046
5.14984130859375e-05,0.1928172708319322
5.14984130859375e-05,0.1928845248503598
5.14984130859375e-05,0.19295177886878742
5.14984130859375e-05,0.193019032887215
5.14984130859375e-05,0.1930862869056426
5.14984130859375e-05,0.19315354092407022
5.14984130859375e-05,0.1932207949424978
5.14984130859375e-05,0.1932880489609254
5.14984130859375e-05,0.19335530297935302
5.14984130859375e-05,0.1934225569977806
5.14984130859375e-05,0.1934898110162082
5.14984130859375e-05,0.19355706503463582
5.14984130859375e-05,0.19362431905306343
5.14984130859375e-05,0.193691573071491
5.14984130859375e-05,0.19375882708991862
5.14984130859375e-05,0.19382608110834623
5.14984130859375e-05,0.1938933351267738
5.14984130859375e-05,0.19396058914520142
5.173683166503906e-05,0.19402784316362903
5.173683166503906e-05,0.19409509718205664
5.173683166503906e-05,0.19416235120048422
5.173683166503906e-05,0.19422960521891183
5.173683166503906e-05,0.19429685923733944
5.173683166503906e-05,0.19436411325576702
5.173683166503906e-05,0.19443136727419463
5.173683166503906e-05,0.19449862129262224
5.173683166503906e-05,0.19456587531104982
5.173683166503906e-05,0.19463312932947743
5.173683166503906e-05,0.19470038334790504
5.173683166503906e-05,0.19476763736633265
5.173683166503906e-05,0.19483489138476023
5.173683166503906e-05,0.19490214540318784
5.173683166503906e-05,0.19496939942161545
5.173683166503906e-05,0.19503665344004303
5.173683166503906e-05,0.19510390745847064
5.173683166503906e-05,0.19517116147689825
5.173683166503906e-05,0.19523841549532583
5.173683166503906e-05,0.19530566951375344
5.173683166503906e-05,0.19537292353218105
5.173683166503906e-05,0.19544017755060866
5.173683166503906e-05,0.19550743156903624
5.173683166503906e-05,0.19557468558746385
5.173683166503906e-05,0.19564193960589146
5.173683166503906e-05,0.19570919362431904
5.173683166503906e-05,0.19577644764274665
5.173683166503906e-05,0.19584370166117426
5.173683166503906e-05,0.19591095567960184
5.173683166503906e-05,0.19597820969802945
5.173683166503906e-05,0.19604546371645706
5.173683166503906e-05,0.19611271773488467
5.173683166503906e-05,0.19617997175331225
5.173683166503906e-05,0.19624722577173986
5.173683166503906e-05,0.19631447979016747
5.173683166503906e-05,0.19638173380859505
5.173683166503906e-05,0.19644898782702266
5.173683166503906e-05,0.19651624184545027
5.173683166503906e-05,0.19658349586387786
5.173683166503906e-05,0.19665074988230546
5.173683166503906e-05,0.19671800390073307
5.173683166503906e-05,0.19678525791916068
5.173683166503906e-05,0.19685251193758826
5.173683166503906e-05,0.19691976595601587
5.173683166503906e-05,0.19698701997444348
5.173683166503906e-05,0.19705427399287107
5.173683166503906e-05,0.19712152801129867
5.173683166503906e-05,0.19718878202972628
5.173683166503906e-05,0.19725603604815387
5.173683166503906e-05,0.19732329006658147
5.173683166503906e-05,0.19739054408500908
5.173683166503906e-05,0.1974577981034367
5.173683166503906e-05,0.19752505212186428
5.173683166503906e-05,0.19759230614029188
5.173683166503906e-05,0.1976595601587195
5.173683166503906e-05,0.19772681417714708
5.173683166503906e-05,0.19779406819557468
5.173683166503906e-05,0.1978613222140023
5.173683166503906e-05,0.19792857623242988
5.173683166503906e-05,0.19799583025085749
5.173683166503906e-05,0.1980630842692851
5.173683166503906e-05,0.1981303382877127
5.173683166503906e-05,0.19819759230614029
5.173683166503906e-05,0.1982648463245679
5.173683166503906e-05,0.1983321003429955
5.173683166503906e-05,0.19839935436142309
5.173683166503906e-05,0.1984666083798507
5.173683166503906e-05,0.1985338623982783
5.173683166503906e-05,0.1986011164167059
5.173683166503906e-05,0.1986683704351335
5.173683166503906e-05,0.1987356244535611
5.173683166503906e-05,0.19880287847198871
5.173683166503906e-05,0.1988701324904163
5.173683166503906e-05,0.1989373865088439
5.173683166503906e-05,0.19900464052727151
5.173683166503906e-05,0.1990718945456991
5.173683166503906e-05,0.1991391485641267
5.173683166503906e-05,0.19920640258255431
5.173683166503906e-05,0.1992736566009819
5.173683166503906e-05,0.1993409106194095
5.173683166503906e-05,0.19940816463783712
5.173683166503906e-05,0.19947541865626472
5.173683166503906e-05,0.1995426726746923
5.1975250244140625e-05,0.19960992669311992
5.1975250244140625e-05,0.19967718071154753
5.1975250244140625e-05,0.1997444347299751
5.1975250244140625e-05,0.19981168874840272
5.1975250244140625e-05,0.19987894276683033
5.1975250244140625e-05,0.1999461967852579
5.1975250244140625e-05,0.20001345080368552
5.1975250244140625e-05,0.20008070482211313
5.1975250244140625e-05,0.20014795884054074
5.1975250244140625e-05,0.20021521285896832
5.1975250244140625e-05,0.20028246687739593
5.1975250244140625e-05,0.20034972089582354
5.1975250244140625e-05,0.20041697491425112
5.1975250244140625e-05,0.20048422893267873
5.1975250244140625e-05,0.20055148295110634
5.1975250244140625e-05,0.20061873696953392
5.1975250244140625e-05,0.20068599098796153
5.1975250244140625e-05,0.20075324500638914
5.1975250244140625e-05,0.20082049902481675
5.1975250244140625e-05,0.20088775304324433
5.1975250244140625e-05,0.20095500706167194
5.1975250244140625e-05,0.20102226108009955
5.1975250244140625e-05,0.20108951509852713
5.1975250244140625e-05,0.20115676911695474
5.1975250244140625e-05,0.20122402313538235
5.1975250244140625e-05,0.20129127715380993
5.1975250244140625e-05,0.20135853117223754
5.1975250244140625e-05,0.20142578519066515
5.1975250244140625e-05,0.20149303920909276
5.1975250244140625e-05,0.20156029322752034
5.1975250244140625e-05,0.20162754724594795
5.1975250244140625e-05,0.20169480126437556
5.1975250244140625e-05,0.20176205528280314
5.1975250244140625e-05,0.20182930930123075
5.1975250244140625e-05,0.20189656331965836
5.1975250244140625e-05,0.20196381733808594
5.1975250244140625e-05,0.20203107135651355
5.1975250244140625e-05,0.20209832537494116
5.1975250244140625e-05,0.20216557939336877
5.1975250244140625e-05,0.20223283341179635
5.1975250244140625e-05,0.20230008743022396
5.1975250244140625e-05,0.20236734144865157
5.1975250244140625e-05,0.20243459546707915
5.1975250244140625e-05,0.20250184948550676
5.1975250244140625e-05,0.20256910350393437
5.1975250244140625e-05,0.20263635752236195
5.1975250244140625e-05,0.20270361154078956
5.1975250244140625e-05,0.20277086555921717
5.1975250244140625e-05,0.20283811957764478
5.1975250244140625e-05,0.20290537359607236
5.1975250244140625e-05,0.20297262761449997
5.1975250244140625e-05,0.20303988163292758
5.1975250244140625e-05,0.20310713565135516
5.1975250244140625e-05,0.20317438966978277
5.1975250244140625e-05,0.20324164368821038
5.1975250244140625e-05,0.20330889770663796
5.1975250244140625e-05,0.20337615172506557
5.1975250244140625e-05,0.20344340574349318
5.1975250244140625e-05,0.2035106597619208
5.1975250244140625e-05,0.20357791378034837
5.1975250244140625e-05,0.20364516779877598
5.1975250244140625e-05,0.2037124218172036
5.1975250244140625e-05,0.20377967583563117
5.1975250244140625e-05,0.20384692985405878
5.1975250244140625e-05,0.2039141838724864
5.1975250244140625e-05,0.20398143789091397
5.221366882324219e-05,0.20404869190934158
5.221366882324219e-05,0.2041159459277692
5.221366882324219e-05,0.2041831999461968
5.221366882324219e-05,0.20425045396462438
5.221366882324219e-05,0.204317707983052
5.221366882324219e-05,0.2043849620014796
5.221366882324219e-05,0.20445221601990718
5.221366882324219e-05,0.2045194700383348
5.221366882324219e-05,0.2045867240567624
5.221366882324219e-05,0.20465397807518998
5.221366882324219e-05,0.2047212320936176
5.221366882324219e-05,0.2047884861120452
5.221366882324219e-05,0.2048557401304728
5.221366882324219e-05,0.2049229941489004
5.221366882324219e-05,0.204990248167328
5.221366882324219e-05,0.2050575021857556
5.221366882324219e-05,0.2051247562041832
5.221366882324219e-05,0.2051920102226108
5.221366882324219e-05,0.2052592642410384
5.221366882324219e-05,0.205326518259466
5.221366882324219e-05,0.2053937722778936
5.221366882324219e-05,0.2054610262963212
5.221366882324219e-05,0.20552828031474882
5.221366882324219e-05,0.2055955343331764
5.221366882324219e-05,0.205662788351604
5.221366882324219e-05,0.20573004237003162
5.221366882324219e-05,0.2057972963884592
5.221366882324219e-05,0.2058645504068868
5.221366882324219e-05,0.20593180442531442
5.221366882324219e-05,0.205999058443742
5.221366882324219e-05,0.2060663124621696
5.221366882324219e-05,0.20613356648059722
5.221366882324219e-05,0.20620082049902483
5.221366882324219e-05,0.2062680745174524
5.221366882324219e-05,0.20633532853588002
5.221366882324219e-05,0.20640258255430763
5.221366882324219e-05,0.2064698365727352
5.221366882324219e-05,0.20653709059116282
5.221366882324219e-05,0.20660434460959043
5.221366882324219e-05,0.206671598628018
5.221366882324219e-05,0.20673885264644562
5.221366882324219e-05,0.20680610666487323
5.221366882324219e-05,0.20687336068330084
5.221366882324219e-05,0.20694061470172842
5.221366882324219e-05,0.20700786872015603
5.221366882324219e-05,0.20707512273858364
5.221366882324219e-05,0.20714237675701122
5.221366882324219e-05,0.20720963077543883
5.221366882324219e-05,0.20727688479386644
5.221366882324219e-05,0.20734413881229402
5.221366882324219e-05,0.20741139283072163
5.221366882324219e-05,0.20747864684914924
5.221366882324219e-05,0.20754590086757685
5.221366882324219e-05,0.20761315488600443
5.221366882324219e-05,0.20768040890443204
5.221366882324219e-05,0.20774766292285965
5.221366882324219e-05,0.20781491694128723
5.221366882324219e-05,0.20788217095971484
5.221366882324219e-05,0.20794942497814245
5.221366882324219e-05,0.20801667899657003
5.221366882324219e-05,0.20808393301499764
5.221366882324219e-05,0.20815118703342525
5.221366882324219e-05,0.20821844105185286
5.221366882324219e-05,0.20828569507028044
5.221366882324219e-05,0.20835294908870805
5.221366882324219e-05,0.20842020310713566
5.221366882324219e-05,0.20848745712556324
5.221366882324219e-05,0.20855471114399085
5.221366882324219e-05,0.20862196516241846
5.221366882324219e-05,0.20868921918084604
5.221366882324219e-05,0.20875647319927365
5.245208740234375e-05,0.20882372721770126
5.245208740234375e-05,0.20889098123612887
5.245208740234375e-05,0.20895823525455645
5.245208740234375e-05,0.20902548927298406
5.245208740234375e-05,0.20909274329141167
5.245208740234375e-05,0.20915999730983925
5.245208740234375e-05,0.20922725132826686
5.245208740234375e-05,0.20929450534669447
5.245208740234375e-05,0.20936175936512208
5.245208740234375e-05,0.20942901338354966
5.245208740234375e-05,0.20949626740197727
5.245208740234375e-05,0.20956352142040488
5.245208740234375e-05,0.20963077543883246
5.245208740234375e-05,0.20969802945726007
5.245208740234375e-05,0.20976528347568768
5.245208740234375e-05,0.20983253749411526
5.245208740234375e-05,0.20989979151254287
5.245208740234375e-05,0.20996704553097048
5.245208740234375e-05,0.2100342995493981
5.245208740234375e-05,0.21010155356782567
5.245208740234375e-05,0.21016880758625328
5.245208740234375e-05,0.2102360616046809
5.245208740234375e-05,0.21030331562310847
5.245208740234375e-05,0.21037056964153608
5.245208740234375e-05,0.2104378236599637
5.245208740234375e-05,0.21050507767839127
5.245208740234375e-05,0.21057233169681888
5.245208740234375e-05,0.2106395857152465
5.245208740234375e-05,0.2107068397336741
5.245208740234375e-05,0.21077409375210168
5.245208740234375e-05,0.2108413477705293
5.245208740234375e-05,0.2109086017889569
5.245208740234375e-05,0.21097585580738448
5.245208740234375e-05,0.2110431098258121
5.245208740234375e-05,0.2111103638442397
5.245208740234375e-05,0.21117761786266728
5.245208740234375e-05,0.2112448718810949
5.245208740234375e-05,0.2113121258995225
5.245208740234375e-05,0.2113793799179501
5.245208740234375e-05,0.2114466339363777
5.245208740234375e-05,0.2115138879548053
5.245208740234375e-05,0.2115811419732329
5.245208740234375e-05,0.2116483959916605
5.245208740234375e-05,0.2117156500100881
5.245208740234375e-05,0.2117829040285157
5.245208740234375e-05,0.2118501580469433
5.245208740234375e-05,0.2119174120653709
5.245208740234375e-05,0.2119846660837985
5.245208740234375e-05,0.21205192010222612
5.245208740234375e-05,0.2121191741206537
5.245208740234375e-05,0.2121864281390813
5.245208740234375e-05,0.21225368215750892
5.245208740234375e-05,0.2123209361759365
5.245208740234375e-05,0.2123881901943641
5.245208740234375e-05,0.21245544421279172
5.245208740234375e-05,0.2125226982312193
5.245208740234375e-05,0.2125899522496469
5.245208740234375e-05,0.21265720626807452
5.245208740234375e-05,0.21272446028650213
5.245208740234375e-05,0.2127917143049297
5.245208740234375e-05,0.21285896832335732
5.245208740234375e-05,0.21292622234178493
5.245208740234375e-05,0.2129934763602125
5.245208740234375e-05,0.21306073037864012
5.245208740234375e-05,0.21312798439706773
5.245208740234375e-05,0.21319523841549531
5.245208740234375e-05,0.21326249243392292
5.245208740234375e-05,0.21332974645235053
5.245208740234375e-05,0.21339700047077814
5.245208740234375e-05,0.21346425448920572
5.269050598144531e-05,0.21353150850763333
5.269050598144531e-05,0.21359876252606094
5.269050598144531e-05,0.21366601654448852
5.269050598144531e-05,0.21373327056291613
5.269050598144531e-05,0.21380052458134374
5.269050598144531e-05,0.21386777859977132
5.269050598144531e-05,0.21393503261819893
5.269050598144531e-05,0.21400228663662654
5.269050598144531e-05,0.21406954065505415
5.269050598144531e-05,0.21413679467348173
5.269050598144531e-05,0.21420404869190934
5.269050598144531e-05,0.21427130271033695
5.269050598144531e-05,0.21433855672876453
5.269050598144531e-05,0.21440581074719214
5.269050598144531e-05,0.21447306476561975
5.269050598144531e-05,0.21454031878404733
5.269050598144531e-05,0.21460757280247494
5.269050598144531e-05,0.21467482682090255
5.269050598144531e-05,0.21474208083933016
5.269050598144531e-05,0.21480933485775774
5.269050598144531e-05,0.21487658887618535
5.269050598144531e-05,0.21494384289461296
5.269050598144531e-05,0.21501109691304054
5.269050598144531e-05,0.21507835093146815
5.269050598144531e-05,0.21514560494989576
5.269050598144531e-05,0.21521285896832335
5.269050598144531e-05,0.21528011298675095
5.269050598144531e-05,0.21534736700517856
5.269050598144531e-05,0.21541462102360617
5.269050598144531e-05,0.21548187504203375
5.269050598144531e-05,0.21554912906046136
5.269050598144531e-05,0.21561638307888897
5.269050598144531e-05,0.21568363709731656
5.269050598144531e-05,0.21575089111574416
5.269050598144531e-05,0.21581814513417177
5.269050598144531e-05,0.21588539915259936
5.269050598144531e-05,0.21595265317102696
5.269050598144531e-05,0.21601990718945457
5.269050598144531e-05,0.21608716120788218
5.269050598144531e-05,0.21615441522630977
5.269050598144531e-05,0.21622166924473737
5.269050598144531e-05,0.21628892326316498
5.269050598144531e-05,0.21635617728159257
5.269050598144531e-05,0.21642343130002017
5.269050598144531e-05,0.21649068531844778
5.269050598144531e-05,0.21655793933687537
5.269050598144531e-05,0.21662519335530298
5.269050598144531e-05,0.21669244737373058
5.269050598144531e-05,0.2167597013921582
5.269050598144531e-05,0.21682695541058578
5.269050598144531e-05,0.21689420942901338
5.269050598144531e-05,0.216961463447441
5.269050598144531e-05,0.21702871746586858
5.269050598144531e-05,0.21709597148429619
5.269050598144531e-05,0.2171632255027238
5.269050598144531e-05,0.21723047952115138
5.269050598144531e-05,0.21729773353957899
5.269050598144531e-05,0.2173649875580066
5.269050598144531e-05,0.2174322415764342
5.269050598144531e-05,0.21749949559486179
5.269050598144531e-05,0.2175667496132894
5.269050598144531e-05,0.217634003631717
5.2928924560546875e-05,0.2177012576501446
5.2928924560546875e-05,0.2177685116685722
5.2928924560546875e-05,0.2178357656869998
5.2928924560546875e-05,0.2179030197054274
5.2928924560546875e-05,0.217970273723855
5.2928924560546875e-05,0.2180375277422826
5.2928924560546875e-05,0.21810478176071021
5.2928924560546875e-05,0.2181720357791378
5.2928924560546875e-05,0.2182392897975654
5.2928924560546875e-05,0.21830654381599301
5.2928924560546875e-05,0.2183737978344206
5.2928924560546875e-05,0.2184410518528482
5.2928924560546875e-05,0.21850830587127582
5.2928924560546875e-05,0.2185755598897034
5.2928924560546875e-05,0.218642813908131
5.2928924560546875e-05,0.21871006792655862
5.2928924560546875e-05,0.21877732194498622
5.2928924560546875e-05,0.2188445759634138
5.2928924560546875e-05,0.21891182998184142
5.2928924560546875e-05,0.21897908400026903
5.2928924560546875e-05,0.2190463380186966
5.2928924560546875e-05,0.21911359203712422
5.2928924560546875e-05,0.21918084605555183
5.2928924560546875e-05,0.2192481000739794
5.2928924560546875e-05,0.21931535409240702
5.2928924560546875e-05,0.21938260811083463
5.2928924560546875e-05,0.21944986212926224
5.2928924560546875e-05,0.21951711614768982
5.2928924560546875e-05,0.21958437016611743
5.2928924560546875e-05,0.21965162418454504
5.2928924560546875e-05,0.21971887820297262
5.2928924560546875e-05,0.21978613222140023
5.2928924560546875e-05,0.21985338623982784
5.2928924560546875e-05,0.21992064025825542
5.2928924560546875e-05,0.21998789427668303
5.2928924560546875e-05,0.22005514829511064
5.2928924560546875e-05,0.22012240231353825
5.2928924560546875e-05,0.22018965633196583
5.2928924560546875e-05,0.22025691035039344
5.2928924560546875e-05,0.22032416436882105
5.2928924560546875e-05,0.22039141838724863
5.2928924560546875e-05,0.22045867240567624
5.2928924560546875e-05,0.22052592642410385
5.2928924560546875e-05,0.22059318044253143
5.2928924560546875e-05,0.22066043446095904
5.2928924560546875e-05,0.22072768847938665
5.2928924560546875e-05,0.22079494249781426
5.2928924560546875e-05,0.22086219651624184
5.2928924560546875e-05,0.22092945053466945
5.2928924560546875e-05,0.22099670455309706
5.2928924560546875e-05,0.22106395857152464
5.2928924560546875e-05,0.22113121258995225
5.2928924560546875e-05,0.22119846660837986
5.2928924560546875e-05,0.22126572062680744
5.2928924560546875e-05,0.22133297464523505
5.2928924560546875e-05,0.22140022866366266
5.2928924560546875e-05,0.22146748268209027
5.2928924560546875e-05,0.22153473670051785
5.2928924560546875e-05,0.22160199071894546
5.2928924560546875e-05,0.22166924473737307
5.2928924560546875e-05,0.22173649875580065
5.2928924560546875e-05,0.22180375277422826
5.2928924560546875e-05,0.22187100679265587
5.2928924560546875e-05,0.22193826081108345
5.2928924560546875e-05,0.22200551482951106
5.2928924560546875e-05,0.22207276884793867
5.2928924560546875e-05,0.22214002286636628
5.2928924560546875e-05,0.22220727688479386
5.2928924560546875e-05,0.22227453090322147
5.316734313964844e-05,0.22234178492164908
5.316734313964844e-05,0.22240903894007666
5.316734313964844e-05,0.22247629295850427
5.316734313964844e-05,0.22254354697693188
5.316734313964844e-05,0.22261080099535946
5.316734313964844e-05,0.22267805501378707
5.316734313964844e-05,0.22274530903221468
5.316734313964844e-05,0.2228125630506423
5.316734313964844e-05,0.22287981706906987
5.316734313964844e-05,0.22294707108749748
5.316734313964844e-05,0.2230143251059251
5.316734313964844e-05,0.22308157912435267
5.316734313964844e-05,0.22314883314278028
5.316734313964844e-05,0.2232160871612079
5.316734313964844e-05,0.22328334117963547
5.316734313964844e-05,0.22335059519806308
5.316734313964844e-05,0.2234178492164907
5.316734313964844e-05,0.2234851032349183
5.316734313964844e-05,0.22355235725334588
5.316734313964844e-05,0.2236196112717735
5.316734313964844e-05,0.2236868652902011
5.316734313964844e-05,0.22375411930862868
5.316734313964844e-05,0.2238213733270563
5.316734313964844e-05,0.2238886273454839
5.316734313964844e-05,0.2239558813639115
5.316734313964844e-05,0.2240231353823391
5.316734313964844e-05,0.2240903894007667
5.316734313964844e-05,0.2241576434191943
5.316734313964844e-05,0.2242248974376219
5.316734313964844e-05,0.2242921514560495
5.316734313964844e-05,0.2243594054744771
5.316734313964844e-05,0.2244266594929047
5.316734313964844e-05,0.2244939135113323
5.316734313964844e-05,0.2245611675297599
5.316734313964844e-05,0.22462842154818752
5.316734313964844e-05,0.2246956755666151
5.316734313964844e-05,0.2247629295850427
5.316734313964844e-05,0.22483018360347032
5.316734313964844e-05,0.2248974376218979
5.316734313964844e-05,0.2249646916403255
5.316734313964844e-05,0.22503194565875312
5.316734313964844e-05,0.2250991996771807
5.316734313964844e-05,0.2251664536956083
5.316734313964844e-05,0.22523370771403592
5.316734313964844e-05,0.22530096173246353
5.316734313964844e-05,0.2253682157508911
5.316734313964844e-05,0.22543546976931872
5.316734313964844e-05,0.22550272378774633
5.316734313964844e-05,0.2255699778061739
5.316734313964844e-05,0.22563723182460152
5.316734313964844e-05,0.22570448584302913
5.316734313964844e-05,0.2257717398614567
5.316734313964844e-05,0.22583899387988432
5.316734313964844e-05,0.22590624789831193
5.316734313964844e-05,0.22597350191673954
5.316734313964844e-05,0.22604075593516712
5.316734313964844e-05,0.22610800995359473
5.316734313964844e-05,0.22617526397202234
5.316734313964844e-05,0.22624251799044992
5.316734313964844e-05,0.22630977200887753
5.316734313964844e-05,0.22637702602730514
5.316734313964844e-05,0.22644428004573272
5.316734313964844e-05,0.22651153406416033
5.316734313964844e-05,0.22657878808258794
5.316734313964844e-05,0.22664604210101555
5.316734313964844e-05,0.22671329611944313
5.340576171875e-05,0.22678055013787074
5.340576171875e-05,0.22684780415629835
5.340576171875e-05,0.22691505817472593
5.340576171875e-05,0.22698231219315354
5.340576171875e-05,0.22704956621158115
5.340576171875e-05,0.22711682023000873
5.340576171875e-05,0.22718407424843634
5.340576171875e-05,0.22725132826686395
5.340576171875e-05,0.22731858228529156
5.340576171875e-05,0.22738583630371914
5.340576171875e-05,0.22745309032214675
5.340576171875e-05,0.22752034434057436
5.340576171875e-05,0.22758759835900194
5.340576171875e-05,0.22765485237742955
5.340576171875e-05,0.22772210639585716
5.340576171875e-05,0.22778936041428474
5.340576171875e-05,0.22785661443271235
5.340576171875e-05,0.22792386845113996
5.340576171875e-05,0.22799112246956757
5.340576171875e-05,0.22805837648799515
5.340576171875e-05,0.22812563050642276
5.340576171875e-05,0.22819288452485037
5.340576171875e-05,0.22826013854327795
5.340576171875e-05,0.22832739256170556
5.340576171875e-05,0.22839464658013317
5.340576171875e-05,0.22846190059856075
5.340576171875e-05,0.22852915461698836
5.340576171875e-05,0.22859640863541597
5.340576171875e-05,0.22866366265384358
5.340576171875e-05,0.22873091667227116
5.340576171875e-05,0.22879817069069877
5.340576171875e-05,0.22886542470912638
5.340576171875e-05,0.22893267872755396
5.340576171875e-05,0.22899993274598157
5.340576171875e-05,0.22906718676440918
5.340576171875e-05,0.22913444078283676
5.340576171875e-05,0.22920169480126437
5.340576171875e-05,0.22926894881969198
5.340576171875e-05,0.2293362028381196
5.340576171875e-05,0.22940345685654717
5.340576171875e-05,0.22947071087497478
5.340576171875e-05,0.2295379648934024
5.340576171875e-05,0.22960521891182997
5.340576171875e-05,0.22967247293025758
5.340576171875e-05,0.2297397269486852
5.340576171875e-05,0.22980698096711277
5.340576171875e-05,0.22987423498554038
5.340576171875e-05,0.229941489003968
5.340576171875e-05,0.2300087430223956
5.340576171875e-05,0.23007599704082318
5.340576171875e-05,0.2301432510592508
5.340576171875e-05,0.2302105050776784
5.340576171875e-05,0.23027775909610598
5.340576171875e-05,0.2303450131145336
5.340576171875e-05,0.2304122671329612
5.340576171875e-05,0.23047952115138878
5.340576171875e-05,0.2305467751698164
5.340576171875e-05,0.230614029188244
5.340576171875e-05,0.2306812832066716
5.340576171875e-05,0.2307485372250992
5.340576171875e-05,0.2308157912435268
5.340576171875e-05,0.2308830452619544
5.340576171875e-05,0.230950299280382
5.340576171875e-05,0.2310175532988096
5.340576171875e-05,0.2310848073172372
5.340576171875e-05,0.2311520613356648
5.340576171875e-05,0.2312193153540924
5.340576171875e-05,0.23128656937252
5.340576171875e-05,0.23135382339094762
5.340576171875e-05,0.2314210774093752
5.364418029785156e-05,0.2314883314278028
5.364418029785156e-05,0.23155558544623042
5.364418029785156e-05,0.231622839464658
5.364418029785156e-05,0.2316900934830856
5.364418029785156e-05,0.23175734750151322
5.364418029785156e-05,0.2318246015199408
5.364418029785156e-05,0.2318918555383684
5.364418029785156e-05,0.23195910955679602
5.364418029785156e-05,0.23202636357522363
5.364418029785156e-05,0.2320936175936512
5.364418029785156e-05,0.23216087161207882
5.364418029785156e-05,0.23222812563050643
5.364418029785156e-05,0.23229537964893401
5.364418029785156e-05,0.23236263366736162
5.364418029785156e-05,0.23242988768578923
5.364418029785156e-05,0.23249714170421681
5.364418029785156e-05,0.23256439572264442
5.364418029785156e-05,0.23263164974107203
5.364418029785156e-05,0.23269890375949964
5.364418029785156e-05,0.23276615777792722
5.364418029785156e-05,0.23283341179635483
5.364418029785156e-05,0.23290066581478244
5.364418029785156e-05,0.23296791983321002
5.364418029785156e-05,0.23303517385163763
5.364418029785156e-05,0.23310242787006524
5.364418029785156e-05,0.23316968188849282
5.364418029785156e-05,0.23323693590692043
5.364418029785156e-05,0.23330418992534804
5.364418029785156e-05,0.23337144394377565
5.364418029785156e-05,0.23343869796220323
5.364418029785156e-05,0.23350595198063084
5.364418029785156e-05,0.23357320599905845
5.364418029785156e-05,0.23364046001748603
5.364418029785156e-05,0.23370771403591364
5.364418029785156e-05,0.23377496805434125
5.364418029785156e-05,0.23384222207276883
5.364418029785156e-05,0.23390947609119644
5.364418029785156e-05,0.23397673010962405
5.364418029785156e-05,0.23404398412805166
5.364418029785156e-05,0.23411123814647924
5.364418029785156e-05,0.23417849216490685
5.364418029785156e-05,0.23424574618333446
5.364418029785156e-05,0.23431300020176205
5.364418029785156e-05,0.23438025422018965
5.364418029785156e-05,0.23444750823861726
5.364418029785156e-05,0.23451476225704485
5.364418029785156e-05,0.23458201627547245
5.364418029785156e-05,0.23464927029390006
5.364418029785156e-05,0.23471652431232767
5.364418029785156e-05,0.23478377833075526
5.364418029785156e-05,0.23485103234918286
5.364418029785156e-05,0.23491828636761047
5.364418029785156e-05,0.23498554038603806
5.3882598876953125e-05,0.23505279440446566
5.3882598876953125e-05,0.23512004842289327
5.3882598876953125e-05,0.23518730244132086
5.3882598876953125e-05,0.23525455645974847
5.3882598876953125e-05,0.23532181047817607
5.3882598876953125e-05,0.23538906449660368
5.3882598876953125e-05,0.23545631851503127
5.3882598876953125e-05,0.23552357253345887
5.3882598876953125e-05,0.23559082655188648
5.3882598876953125e-05,0.23565808057031407
5.3882598876953125e-05,0.23572533458874168
5.3882598876953125e-05,0.23579258860716928
5.3882598876953125e-05,0.23585984262559687
5.3882598876953125e-05,0.23592709664402448
5.3882598876953125e-05,0.23599435066245208
5.3882598876953125e-05,0.2360616046808797
5.3882598876953125e-05,0.23612885869930728
5.3882598876953125e-05,0.23619611271773489
5.3882598876953125e-05,0.2362633667361625
5.3882598876953125e-05,0.23633062075459008
5.3882598876953125e-05,0.23639787477301769
5.3882598876953125e-05,0.2364651287914453
5.3882598876953125e-05,0.23653238280987288
5.3882598876953125e-05,0.23659963682830049
5.3882598876953125e-05,0.2366668908467281
5.3882598876953125e-05,0.2367341448651557
5.3882598876953125e-05,0.2368013988835833
5.3882598876953125e-05,0.2368686529020109
5.3882598876953125e-05,0.2369359069204385
5.3882598876953125e-05,0.2370031609388661
5.3882598876953125e-05,0.2370704149572937
5.3882598876953125e-05,0.2371376689757213
5.3882598876953125e-05,0.2372049229941489
5.3882598876953125e-05,0.2372721770125765
5.3882598876953125e-05,0.2373394310310041
5.3882598876953125e-05,0.23740668504943171
5.3882598876953125e-05,0.2374739390678593
5.3882598876953125e-05,0.2375411930862869
5.3882598876953125e-05,0.23760844710471452
5.3882598876953125e-05,0.2376757011231421
5.3882598876953125e-05,0.2377429551415697
5.3882598876953125e-05,0.23781020915999732
5.3882598876953125e-05,0.2378774631784249
5.3882598876953125e-05,0.2379447171968525
5.3882598876953125e-05,0.23801197121528012
5.3882598876953125e-05,0.23807922523370773
5.3882598876953125e-05,0.2381464792521353
5.3882598876953125e-05,0.23821373327056292
5.3882598876953125e-05,0.23828098728899053
5.3882598876953125e-05,0.2383482413074181
5.3882598876953125e-05,0.23841549532584572
5.3882598876953125e-05,0.23848274934427333
5.3882598876953125e-05,0.2385500033627009
5.3882598876953125e-05,0.23861725738112852
5.3882598876953125e-05,0.23868451139955613
5.3882598876953125e-05,0.23875176541798374
5.3882598876953125e-05,0.23881901943641132
5.3882598876953125e-05,0.23888627345483893
5.3882598876953125e-05,0.23895352747326654
5.3882598876953125e-05,0.23902078149169412
5.3882598876953125e-05,0.23908803551012173
5.3882598876953125e-05,0.23915528952854934
5.3882598876953125e-05,0.23922254354697695
5.3882598876953125e-05,0.23928979756540453
5.3882598876953125e-05,0.23935705158383214
5.3882598876953125e-05,0.23942430560225975
5.3882598876953125e-05,0.23949155962068733
5.412101745605469e-05,0.23955881363911494
5.412101745605469e-05,0.23962606765754255
5.412101745605469e-05,0.23969332167597013
5.412101745605469e-05,0.23976057569439774
5.412101745605469e-05,0.23982782971282535
5.412101745605469e-05,0.23989508373125296
5.412101745605469e-05,0.23996233774968054
5.412101745605469e-05,0.24002959176810815
5.412101745605469e-05,0.24009684578653576
5.412101745605469e-05,0.24016409980496334
5.412101745605469e-05,0.24023135382339095
5.412101745605469e-05,0.24029860784181856
5.412101745605469e-05,0.24036586186024614
5.412101745605469e-05,0.24043311587867375
5.412101745605469e-05,0.24050036989710136
5.412101745605469e-05,0.24056762391552897
5.412101745605469e-05,0.24063487793395655
5.412101745605469e-05,0.24070213195238416
5.412101745605469e-05,0.24076938597081177
5.412101745605469e-05,0.24083663998923935
5.412101745605469e-05,0.24090389400766696
5.412101745605469e-05,0.24097114802609457
5.412101745605469e-05,0.24103840204452215
5.412101745605469e-05,0.24110565606294976
5.412101745605469e-05,0.24117291008137737
5.412101745605469e-05,0.24124016409980498
5.412101745605469e-05,0.24130741811823256
5.412101745605469e-05,0.24137467213666017
5.412101745605469e-05,0.24144192615508778
5.412101745605469e-05,0.24150918017351536
5.412101745605469e-05,0.24157643419194297
5.412101745605469e-05,0.24164368821037058
5.412101745605469e-05,0.24171094222879816
5.412101745605469e-05,0.24177819624722577
5.412101745605469e-05,0.24184545026565338
5.412101745605469e-05,0.241912704284081
5.412101745605469e-05,0.24197995830250857
5.412101745605469e-05,0.24204721232093618
5.412101745605469e-05,0.2421144663393638
5.412101745605469e-05,0.24218172035779137
5.412101745605469e-05,0.24224897437621898
5.412101745605469e-05,0.2423162283946466
5.412101745605469e-05,0.24238348241307417
5.412101745605469e-05,0.24245073643150178
5.412101745605469e-05,0.2425179904499294
5.412101745605469e-05,0.242585244468357
5.412101745605469e-05,0.24265249848678458
5.412101745605469e-05,0.2427197525052122
5.412101745605469e-05,0.2427870065236398
5.412101745605469e-05,0.24285426054206738
5.412101745605469e-05,0.242921514560495
5.412101745605469e-05,0.2429887685789226
5.412101745605469e-05,0.24305602259735018
5.412101745605469e-05,0.2431232766157778
5.412101745605469e-05,0.2431905306342054
5.412101745605469e-05,0.243257784652633
5.412101745605469e-05,0.2433250386710606
5.412101745605469e-05,0.2433922926894882
5.412101745605469e-05,0.2434595467079158
5.412101745605469e-05,0.2435268007263434
5.412101745605469e-05,0.243594054744771
5.435943603515625e-05,0.2436613087631986
5.435943603515625e-05,0.2437285627816262
5.435943603515625e-05,0.2437958168000538
5.435943603515625e-05,0.2438630708184814
5.435943603515625e-05,0.24393032483690902
5.435943603515625e-05,0.2439975788553366
5.435943603515625e-05,0.2440648328737642
5.435943603515625e-05,0.24413208689219182
5.435943603515625e-05,0.2441993409106194
5.435943603515625e-05,0.244266594929047
5.435943603515625e-05,0.24433384894747462
5.435943603515625e-05,0.2444011029659022
5.435943603515625e-05,0.2444683569843298
5.435943603515625e-05,0.24453561100275742
5.435943603515625e-05,0.24460286502118503
5.435943603515625e-05,0.2446701190396126
5.435943603515625e-05,0.24473737305804022
5.435943603515625e-05,0.24480462707646783
5.435943603515625e-05,0.2448718810948954
5.435943603515625e-05,0.24493913511332302
5.435943603515625e-05,0.24500638913175063
5.435943603515625e-05,0.2450736431501782
5.435943603515625e-05,0.24514089716860582
5.435943603515625e-05,0.24520815118703343
5.435943603515625e-05,0.24527540520546104
5.435943603515625e-05,0.24534265922388862
5.435943603515625e-05,0.24540991324231623
5.435943603515625e-05,0.24547716726074384
5.435943603515625e-05,0.24554442127917142
5.435943603515625e-05,0.24561167529759903
5.435943603515625e-05,0.24567892931602664
5.435943603515625e-05,0.24574618333445422
5.435943603515625e-05,0.24581343735288183
5.435943603515625e-05,0.24588069137130944
5.435943603515625e-05,0.24594794538973705
5.435943603515625e-05,0.24601519940816463
5.435943603515625e-05,0.24608245342659224
5.435943603515625e-05,0.24614970744501985
5.435943603515625e-05,0.24621696146344743
5.435943603515625e-05,0.24628421548187504
5.435943603515625e-05,0.24635146950030265
5.435943603515625e-05,0.24641872351873023
5.435943603515625e-05,0.24648597753715784
5.435943603515625e-05,0.24655323155558545
5.435943603515625e-05,0.24662048557401306
5.435943603515625e-05,0.24668773959244064
5.435943603515625e-05,0.24675499361086825
5.435943603515625e-05,0.24682224762929586
5.435943603515625e-05,0.24688950164772344
5.435943603515625e-05,0.24695675566615105
5.435943603515625e-05,0.24702400968457866
5.435943603515625e-05,0.24709126370300624
5.435943603515625e-05,0.24715851772143385
5.435943603515625e-05,0.24722577173986146
5.435943603515625e-05,0.24729302575828907
5.435943603515625e-05,0.24736027977671665
5.435943603515625e-05,0.24742753379514426
5.435943603515625e-05,0.24749478781357187
5.435943603515625e-05,0.24756204183199945
5.435943603515625e-05,0.24762929585042706
5.435943603515625e-05,0.24769654986885467
5.435943603515625e-05,0.24776380388728225
5.435943603515625e-05,0.24783105790570986
5.435943603515625e-05,0.24789831192413747
5.435943603515625e-05,0.24796556594256508
5.459785461425781e-05,0.24803281996099266
5.459785461425781e-05,0.24810007397942027
5.459785461425781e-05,0.24816732799784788
5.459785461425781e-05,0.24823458201627546
5.459785461425781e-05,0.24830183603470307
5.459785461425781e-05,0.24836909005313068
5.459785461425781e-05,0.24843634407155826
5.459785461425781e-05,0.24850359808998587
5.459785461425781e-05,0.24857085210841348
5.459785461425781e-05,0.2486381061268411
5.459785461425781e-05,0.24870536014526867
5.459785461425781e-05,0.24877261416369628
5.459785461425781e-05,0.2488398681821239
5.459785461425781e-05,0.24890712220055147
5.459785461425781e-05,0.24897437621897908
5.459785461425781e-05,0.2490416302374067
5.459785461425781e-05,0.24910888425583427
5.459785461425781e-05,0.24917613827426188
5.459785461425781e-05,0.2492433922926895
5.459785461425781e-05,0.2493106463111171
5.459785461425781e-05,0.24937790032954468
5.459785461425781e-05,0.2494451543479723
5.459785461425781e-05,0.2495124083663999
5.459785461425781e-05,0.24957966238482748
5.459785461425781e-05,0.2496469164032551
5.459785461425781e-05,0.2497141704216827
5.459785461425781e-05,0.24978142444011028
5.459785461425781e-05,0.2498486784585379
5.459785461425781e-05,0.2499159324769655
5.459785461425781e-05,0.2499831864953931
5.459785461425781e-05,0.2500504405138207
5.459785461425781e-05,0.2501176945322483
5.459785461425781e-05,0.2501849485506759
5.459785461425781e-05,0.2502522025691035
5.459785461425781e-05,0.25031945658753113
5.459785461425781e-05,0.2503867106059587
5.459785461425781e-05,0.2504539646243863
5.459785461425781e-05,0.2505212186428139
5.459785461425781e-05,0.2505884726612415
5.459785461425781e-05,0.2506557266796691
5.459785461425781e-05,0.25072298069809673
5.459785461425781e-05,0.2507902347165243
5.459785461425781e-05,0.2508574887349519
5.459785461425781e-05,0.2509247427533795
5.459785461425781e-05,0.2509919967718071
5.4836273193359375e-05,0.2510592507902347
5.4836273193359375e-05,0.25112650480866233
5.4836273193359375e-05,0.25119375882708994
5.4836273193359375e-05,0.2512610128455175
5.4836273193359375e-05,0.2513282668639451
5.4836273193359375e-05,0.2513955208823727
5.4836273193359375e-05,0.2514627749008003
5.4836273193359375e-05,0.25153002891922793
5.4836273193359375e-05,0.25159728293765554
5.4836273193359375e-05,0.25166453695608315
5.4836273193359375e-05,0.2517317909745107
5.4836273193359375e-05,0.2517990449929383
5.4836273193359375e-05,0.2518662990113659
5.4836273193359375e-05,0.25193355302979353
5.4836273193359375e-05,0.25200080704822114
5.4836273193359375e-05,0.25206806106664875
5.4836273193359375e-05,0.2521353150850763
5.4836273193359375e-05,0.2522025691035039
5.4836273193359375e-05,0.2522698231219315
5.4836273193359375e-05,0.25233707714035913
5.4836273193359375e-05,0.25240433115878674
5.4836273193359375e-05,0.25247158517721435
5.4836273193359375e-05,0.25253883919564196
5.4836273193359375e-05,0.2526060932140695
5.4836273193359375e-05,0.2526733472324971
5.4836273193359375e-05,0.25274060125092473
5.4836273193359375e-05,0.25280785526935234
5.4836273193359375e-05,0.25287510928777995
5.4836273193359375e-05,0.25294236330620756
5.4836273193359375e-05,0.25300961732463517
5.4836273193359375e-05,0.2530768713430627
5.4836273193359375e-05,0.25314412536149034
5.4836273193359375e-05,0.25321137937991794
5.4836273193359375e-05,0.25327863339834555
5.4836273193359375e-05,0.25334588741677316
5.4836273193359375e-05,0.2534131414352008
5.4836273193359375e-05,0.2534803954536283
5.4836273193359375e-05,0.25354764947205594
5.4836273193359375e-05,0.25361490349048355
5.4836273193359375e-05,0.25368215750891115
5.4836273193359375e-05,0.25374941152733876
5.4836273193359375e-05,0.2538166655457664
5.4836273193359375e-05,0.253883919564194
5.4836273193359375e-05,0.25395117358262154
5.4836273193359375e-05,0.25401842760104915
5.4836273193359375e-05,0.25408568161947676
5.4836273193359375e-05,0.25415293563790436
5.4836273193359375e-05,0.254220189656332
5.4836273193359375e-05,0.2542874436747596
5.4836273193359375e-05,0.2543546976931872
5.4836273193359375e-05,0.25442195171161475
5.4836273193359375e-05,0.25448920573004236
5.4836273193359375e-05,0.25455645974846997
5.4836273193359375e-05,0.2546237137668976
5.4836273193359375e-05,0.2546909677853252
5.507469177246094e-05,0.2547582218037528
5.507469177246094e-05,0.2548254758221804
5.507469177246094e-05,0.25489272984060796
5.507469177246094e-05,0.25495998385903557
5.507469177246094e-05,0.2550272378774632
5.507469177246094e-05,0.2550944918958908
5.507469177246094e-05,0.2551617459143184
5.507469177246094e-05,0.255228999932746
5.507469177246094e-05,0.25529625395117356
5.507469177246094e-05,0.25536350796960117
5.507469177246094e-05,0.2554307619880288
5.507469177246094e-05,0.2554980160064564
5.507469177246094e-05,0.255565270024884
5.507469177246094e-05,0.2556325240433116
5.507469177246094e-05,0.2556997780617392
5.507469177246094e-05,0.25576703208016677
5.507469177246094e-05,0.2558342860985944
5.507469177246094e-05,0.255901540117022
5.507469177246094e-05,0.2559687941354496
5.507469177246094e-05,0.2560360481538772
5.507469177246094e-05,0.2561033021723048
5.507469177246094e-05,0.2561705561907324
5.507469177246094e-05,0.25623781020916
5.507469177246094e-05,0.2563050642275876
5.507469177246094e-05,0.2563723182460152
5.507469177246094e-05,0.2564395722644428
5.507469177246094e-05,0.2565068262828704
5.507469177246094e-05,0.256574080301298
5.507469177246094e-05,0.2566413343197256
5.507469177246094e-05,0.2567085883381532
5.507469177246094e-05,0.2567758423565808
5.507469177246094e-05,0.2568430963750084
5.507469177246094e-05,0.256910350393436
5.507469177246094e-05,0.2569776044118636
5.507469177246094e-05,0.25704485843029123
5.507469177246094e-05,0.2571121124487188
5.507469177246094e-05,0.2571793664671464
5.507469177246094e-05,0.257246620485574
5.507469177246094e-05,0.2573138745040016
5.507469177246094e-05,0.2573811285224292
5.507469177246094e-05,0.25744838254085683
5.507469177246094e-05,0.25751563655928444
5.507469177246094e-05,0.257582890577712
5.507469177246094e-05,0.2576501445961396
5.507469177246094e-05,0.2577173986145672
5.507469177246094e-05,0.2577846526329948
5.507469177246094e-05,0.25785190665142244
5.507469177246094e-05,0.25791916066985004
5.507469177246094e-05,0.2579864146882776
5.507469177246094e-05,0.2580536687067052
5.507469177246094e-05,0.2581209227251328
5.507469177246094e-05,0.2581881767435604
5.507469177246094e-05,0.25825543076198804
5.507469177246094e-05,0.25832268478041565
5.507469177246094e-05,0.25838993879884325
5.507469177246094e-05,0.2584571928172708
5.507469177246094e-05,0.2585244468356984
5.507469177246094e-05,0.258591700854126
5.53131103515625e-05,0.25865895487255364
5.53131103515625e-05,0.25872620889098125
5.53131103515625e-05,0.25879346290940886
5.53131103515625e-05,0.25886071692783647
5.53131103515625e-05,0.258927970946264
5.53131103515625e-05,0.25899522496469163
5.53131103515625e-05,0.25906247898311924
5.53131103515625e-05,0.25912973300154685
5.53131103515625e-05,0.25919698701997446
5.53131103515625e-05,0.25926424103840207
5.53131103515625e-05,0.2593314950568296
5.53131103515625e-05,0.25939874907525723
5.53131103515625e-05,0.25946600309368484
5.53131103515625e-05,0.25953325711211245
5.53131103515625e-05,0.25960051113054006
5.53131103515625e-05,0.25966776514896767
5.53131103515625e-05,0.2597350191673953
5.53131103515625e-05,0.25980227318582283
5.53131103515625e-05,0.25986952720425044
5.53131103515625e-05,0.25993678122267805
5.53131103515625e-05,0.26000403524110566
5.53131103515625e-05,0.26007128925953327
5.53131103515625e-05,0.2601385432779609
5.53131103515625e-05,0.2602057972963885
5.53131103515625e-05,0.26027305131481604
5.53131103515625e-05,0.26034030533324365
5.53131103515625e-05,0.26040755935167126
5.53131103515625e-05,0.26047481337009887
5.53131103515625e-05,0.2605420673885265
5.53131103515625e-05,0.2606093214069541
5.53131103515625e-05,0.26067657542538164
5.53131103515625e-05,0.26074382944380925
5.53131103515625e-05,0.26081108346223686
5.53131103515625e-05,0.26087833748066447
5.53131103515625e-05,0.2609455914990921
5.53131103515625e-05,0.2610128455175197
5.53131103515625e-05,0.2610800995359473
5.53131103515625e-05,0.26114735355437485
5.53131103515625e-05,0.26121460757280246
5.53131103515625e-05,0.26128186159123007
5.53131103515625e-05,0.2613491156096577
5.53131103515625e-05,0.2614163696280853
5.53131103515625e-05,0.2614836236465129
5.53131103515625e-05,0.2615508776649405
5.53131103515625e-05,0.26161813168336806
5.53131103515625e-05,0.26168538570179567
5.53131103515625e-05,0.2617526397202233
5.53131103515625e-05,0.2618198937386509
5.53131103515625e-05,0.2618871477570785
5.53131103515625e-05,0.2619544017755061
5.53131103515625e-05,0.26202165579393366
5.53131103515625e-05,0.26208890981236127
5.53131103515625e-05,0.2621561638307889
5.53131103515625e-05,0.2622234178492165
5.53131103515625e-05,0.2622906718676441
5.53131103515625e-05,0.2623579258860717
5.53131103515625e-05,0.2624251799044993
5.53131103515625e-05,0.26249243392292687
5.53131103515625e-05,0.2625596879413545
5.53131103515625e-05,0.2626269419597821
5.53131103515625e-05,0.2626941959782097
5.555152893066406e-05,0.2627614499966373
5.555152893066406e-05,0.2628287040150649
5.555152893066406e-05,0.2628959580334925
5.555152893066406e-05,0.2629632120519201
5.555152893066406e-05,0.2630304660703477
5.555152893066406e-05,0.2630977200887753
5.555152893066406e-05,0.2631649741072029
5.555152893066406e-05,0.2632322281256305
5.555152893066406e-05,0.26329948214405813
5.555152893066406e-05,0.2633667361624857
5.555152893066406e-05,0.2634339901809133
5.555152893066406e-05,0.2635012441993409
5.555152893066406e-05,0.2635684982177685
5.555152893066406e-05,0.2636357522361961
5.555152893066406e-05,0.26370300625462373
5.555152893066406e-05,0.26377026027305134
5.555152893066406e-05,0.2638375142914789
5.555152893066406e-05,0.2639047683099065
5.555152893066406e-05,0.2639720223283341
5.555152893066406e-05,0.2640392763467617
5.555152893066406e-05,0.26410653036518933
5.555152893066406e-05,0.26417378438361694
5.555152893066406e-05,0.26424103840204455
5.555152893066406e-05,0.2643082924204721
5.555152893066406e-05,0.2643755464388997
5.555152893066406e-05,0.2644428004573273
5.555152893066406e-05,0.26451005447575493
5.555152893066406e-05,0.26457730849418254
5.555152893066406e-05,0.26464456251261015
5.555152893066406e-05,0.2647118165310377
5.555152893066406e-05,0.2647790705494653
5.555152893066406e-05,0.2648463245678929
5.555152893066406e-05,0.26491357858632053
5.555152893066406e-05,0.26498083260474814
5.555152893066406e-05,0.26504808662317575
5.555152893066406e-05,0.26511534064160336
5.555152893066406e-05,0.2651825946600309
5.555152893066406e-05,0.2652498486784585
5.555152893066406e-05,0.26531710269688613
5.555152893066406e-05,0.26538435671531374
5.555152893066406e-05,0.26545161073374135
5.555152893066406e-05,0.26551886475216896
5.555152893066406e-05,0.26558611877059657
5.555152893066406e-05,0.2656533727890241
5.555152893066406e-05,0.26572062680745173
5.5789947509765625e-05,0.26578788082587934
5.5789947509765625e-05,0.26585513484430695
5.5789947509765625e-05,0.26592238886273456
5.5789947509765625e-05,0.26598964288116217
5.5789947509765625e-05,0.2660568968995897
5.5789947509765625e-05,0.26612415091801733
5.5789947509765625e-05,0.26619140493644494
5.5789947509765625e-05,0.26625865895487255
5.5789947509765625e-05,0.26632591297330016
5.5789947509765625e-05,0.26639316699172777
5.5789947509765625e-05,0.2664604210101554
5.5789947509765625e-05,0.26652767502858293
5.5789947509765625e-05,0.26659492904701054
5.5789947509765625e-05,0.26666218306543815
5.5789947509765625e-05,0.26672943708386576
5.5789947509765625e-05,0.26679669110229337
5.5789947509765625e-05,0.266863945120721
5.5789947509765625e-05,0.2669311991391486
5.5789947509765625e-05,0.26699845315757614
5.5789947509765625e-05,0.26706570717600375
5.5789947509765625e-05,0.26713296119443136
5.5789947509765625e-05,0.26720021521285897
5.5789947509765625e-05,0.2672674692312866
5.5789947509765625e-05,0.2673347232497142
5.5789947509765625e-05,0.26740197726814174
5.5789947509765625e-05,0.26746923128656935
5.5789947509765625e-05,0.26753648530499696
5.5789947509765625e-05,0.26760373932342457
5.5789947509765625e-05,0.2676709933418522
5.5789947509765625e-05,0.2677382473602798
5.5789947509765625e-05,0.2678055013787074
5.5789947509765625e-05,0.26787275539713495
5.5789947509765625e-05,0.26794000941556256
5.5789947509765625e-05,0.2680072634339902
5.5789947509765625e-05,0.2680745174524178
5.5789947509765625e-05,0.2681417714708454
5.5789947509765625e-05,0.268209025489273
5.5789947509765625e-05,0.2682762795077006
5.5789947509765625e-05,0.26834353352612816
5.5789947509765625e-05,0.2684107875445558
5.5789947509765625e-05,0.2684780415629834
5.5789947509765625e-05,0.268545295581411
5.5789947509765625e-05,0.2686125495998386
5.5789947509765625e-05,0.2686798036182662
5.5789947509765625e-05,0.2687470576366938
5.5789947509765625e-05,0.2688143116551214
5.5789947509765625e-05,0.268881565673549
5.5789947509765625e-05,0.2689488196919766
5.5789947509765625e-05,0.2690160737104042
5.5789947509765625e-05,0.2690833277288318
5.5789947509765625e-05,0.2691505817472594
5.602836608886719e-05,0.269217835765687
5.602836608886719e-05,0.2692850897841146
5.602836608886719e-05,0.2693523438025422
5.602836608886719e-05,0.2694195978209698
5.602836608886719e-05,0.2694868518393974
5.602836608886719e-05,0.269554105857825
5.602836608886719e-05,0.26962135987625263
5.602836608886719e-05,0.2696886138946802
5.602836608886719e-05,0.2697558679131078
5.602836608886719e-05,0.2698231219315354
5.602836608886719e-05,0.269890375949963
5.602836608886719e-05,0.2699576299683906
5.602836608886719e-05,0.27002488398681823
5.602836608886719e-05,0.27009213800524584
5.602836608886719e-05,0.2701593920236734
5.602836608886719e-05,0.270226646042101
5.602836608886719e-05,0.2702939000605286
5.602836608886719e-05,0.2703611540789562
5.602836608886719e-05,0.27042840809738383
5.602836608886719e-05,0.27049566211581144
5.602836608886719e-05,0.270562916134239
5.602836608886719e-05,0.2706301701526666
5.602836608886719e-05,0.2706974241710942
5.602836608886719e-05,0.2707646781895218
5.602836608886719e-05,0.27083193220794943
5.602836608886719e-05,0.27089918622637704
5.602836608886719e-05,0.27096644024480465
5.602836608886719e-05,0.2710336942632322
5.602836608886719e-05,0.2711009482816598
5.602836608886719e-05,0.2711682023000874
5.602836608886719e-05,0.27123545631851503
5.602836608886719e-05,0.27130271033694264
5.602836608886719e-05,0.27136996435537025
5.602836608886719e-05,0.27143721837379786
5.602836608886719e-05,0.2715044723922254
5.602836608886719e-05,0.271571726410653
5.602836608886719e-05,0.27163898042908063
5.602836608886719e-05,0.27170623444750824
5.602836608886719e-05,0.27177348846593585
5.602836608886719e-05,0.27184074248436346
5.602836608886719e-05,0.271907996502791
5.602836608886719e-05,0.2719752505212186
5.602836608886719e-05,0.27204250453964623
5.626678466796875e-05,0.27210975855807384
5.626678466796875e-05,0.27217701257650145
5.626678466796875e-05,0.27224426659492906
5.626678466796875e-05,0.2723115206133567
5.626678466796875e-05,0.2723787746317842
5.626678466796875e-05,0.27244602865021184
5.626678466796875e-05,0.27251328266863944
5.626678466796875e-05,0.27258053668706705
5.626678466796875e-05,0.27264779070549466
5.626678466796875e-05,0.2727150447239223
5.626678466796875e-05,0.2727822987423499
5.626678466796875e-05,0.27284955276077744
5.626678466796875e-05,0.27291680677920505
5.626678466796875e-05,0.27298406079763265
5.626678466796875e-05,0.27305131481606026
5.626678466796875e-05,0.2731185688344879
5.626678466796875e-05,0.2731858228529155
5.626678466796875e-05,0.27325307687134304
5.626678466796875e-05,0.27332033088977065
5.626678466796875e-05,0.27338758490819826
5.626678466796875e-05,0.27345483892662587
5.626678466796875e-05,0.2735220929450535
5.626678466796875e-05,0.2735893469634811
5.626678466796875e-05,0.2736566009819087
5.626678466796875e-05,0.27372385500033625
5.626678466796875e-05,0.27379110901876386
5.626678466796875e-05,0.27385836303719147
5.626678466796875e-05,0.2739256170556191
5.626678466796875e-05,0.2739928710740467
5.626678466796875e-05,0.2740601250924743
5.626678466796875e-05,0.2741273791109019
5.626678466796875e-05,0.27419463312932946
5.626678466796875e-05,0.27426188714775707
5.626678466796875e-05,0.2743291411661847
5.626678466796875e-05,0.2743963951846123
5.626678466796875e-05,0.2744636492030399
5.626678466796875e-05,0.2745309032214675
5.650520324707031e-05,0.27459815723989506
5.650520324707031e-05,0.27466541125832267
5.650520324707031e-05,0.2747326652767503
5.650520324707031e-05,0.2747999192951779
5.650520324707031e-05,0.2748671733136055
5.650520324707031e-05,0.2749344273320331
5.650520324707031e-05,0.2750016813504607
5.650520324707031e-05,0.27506893536888827
5.650520324707031e-05,0.2751361893873159
5.650520324707031e-05,0.2752034434057435
5.650520324707031e-05,0.2752706974241711
5.650520324707031e-05,0.2753379514425987
5.650520324707031e-05,0.2754052054610263
5.650520324707031e-05,0.2754724594794539
5.650520324707031e-05,0.2755397134978815
5.650520324707031e-05,0.2756069675163091
5.650520324707031e-05,0.2756742215347367
5.650520324707031e-05,0.2757414755531643
5.650520324707031e-05,0.2758087295715919
5.650520324707031e-05,0.2758759835900195
5.650520324707031e-05,0.2759432376084471
5.650520324707031e-05,0.2760104916268747
5.650520324707031e-05,0.2760777456453023
5.650520324707031e-05,0.2761449996637299
5.650520324707031e-05,0.2762122536821575
5.650520324707031e-05,0.2762795077005851
5.650520324707031e-05,0.27634676171901273
5.650520324707031e-05,0.2764140157374403
5.650520324707031e-05,0.2764812697558679
5.650520324707031e-05,0.2765485237742955
5.650520324707031e-05,0.2766157777927231
5.650520324707031e-05,0.2766830318111507
5.650520324707031e-05,0.27675028582957834
5.650520324707031e-05,0.27681753984800594
5.650520324707031e-05,0.2768847938664335
5.650520324707031e-05,0.2769520478848611
5.650520324707031e-05,0.2770193019032887
5.650520324707031e-05,0.2770865559217163
5.650520324707031e-05,0.27715380994014394
5.6743621826171875e-05,0.27722106395857155
5.6743621826171875e-05,0.2772883179769991
5.6743621826171875e-05,0.2773555719954267
5.6743621826171875e-05,0.2774228260138543
5.6743621826171875e-05,0.2774900800322819
5.6743621826171875e-05,0.27755733405070954
5.6743621826171875e-05,0.27762458806913715
5.6743621826171875e-05,0.27769184208756476
5.6743621826171875e-05,0.2777590961059923
5.6743621826171875e-05,0.2778263501244199
5.6743621826171875e-05,0.27789360414284753
5.6743621826171875e-05,0.27796085816127514
5.6743621826171875e-05,0.27802811217970275
5.6743621826171875e-05,0.27809536619813036
5.6743621826171875e-05,0.27816262021655797
5.6743621826171875e-05,0.2782298742349855
5.6743621826171875e-05,0.27829712825341313
5.6743621826171875e-05,0.27836438227184074
5.6743621826171875e-05,0.27843163629026835
5.6743621826171875e-05,0.27849889030869596
5.6743621826171875e-05,0.27856614432712357
5.6743621826171875e-05,0.2786333983455511
5.6743621826171875e-05,0.27870065236397873
5.6743621826171875e-05,0.27876790638240634
5.6743621826171875e-05,0.27883516040083395
5.6743621826171875e-05,0.27890241441926156
5.6743621826171875e-05,0.27896966843768917
5.6743621826171875e-05,0.2790369224561168
5.6743621826171875e-05,0.27910417647454433
5.6743621826171875e-05,0.27917143049297194
5.6743621826171875e-05,0.27923868451139955
5.6743621826171875e-05,0.27930593852982716
5.6743621826171875e-05,0.27937319254825477
5.6743621826171875e-05,0.2794404465666824
5.6743621826171875e-05,0.27950770058511
5.6743621826171875e-05,0.27957495460353754
5.6743621826171875e-05,0.27964220862196515
5.6743621826171875e-05,0.27970946264039276
5.698204040527344e-05,0.27977671665882037
5.698204040527344e-05,0.279843970677248
5.698204040527344e-05,0.2799112246956756
5.698204040527344e-05,0.27997847871410314
5.698204040527344e-05,0.28004573273253075
5.698204040527344e-05,0.28011298675095836
5.698204040527344e-05,0.28018024076938597
5.698204040527344e-05,0.2802474947878136
5.698204040527344e-05,0.2803147488062412
5.698204040527344e-05,0.2803820028246688
5.698204040527344e-05,0.28044925684309635
5.698204040527344e-05,0.28051651086152396
5.698204040527344e-05,0.28058376487995157
5.698204040527344e-05,0.2806510188983792
5.698204040527344e-05,0.2807182729168068
5.698204040527344e-05,0.2807855269352344
5.698204040527344e-05,0.280852780953662
5.698204040527344e-05,0.28092003497208956
5.698204040527344e-05,0.28098728899051717
5.698204040527344e-05,0.2810545430089448
5.698204040527344e-05,0.2811217970273724
5.698204040527344e-05,0.2811890510458
5.698204040527344e-05,0.2812563050642276
5.698204040527344e-05,0.28132355908265516
5.698204040527344e-05,0.28139081310108277
5.698204040527344e-05,0.2814580671195104
5.698204040527344e-05,0.281525321137938
5.698204040527344e-05,0.2815925751563656
5.698204040527344e-05,0.2816598291747932
5.698204040527344e-05,0.2817270831932208
5.698204040527344e-05,0.28179433721164837
5.698204040527344e-05,0.281861591230076
5.698204040527344e-05,0.2819288452485036
5.698204040527344e-05,0.2819960992669312
5.7220458984375e-05,0.2820633532853588
5.7220458984375e-05,0.2821306073037864
5.7220458984375e-05,0.282197861322214
5.7220458984375e-05,0.2822651153406416
5.7220458984375e-05,0.2823323693590692
5.7220458984375e-05,0.2823996233774968
5.7220458984375e-05,0.2824668773959244
5.7220458984375e-05,0.282534131414352
5.7220458984375e-05,0.28260138543277963
5.7220458984375e-05,0.2826686394512072
5.7220458984375e-05,0.2827358934696348
5.7220458984375e-05,0.2828031474880624
5.7220458984375e-05,0.28287040150649
5.7220458984375e-05,0.2829376555249176
5.7220458984375e-05,0.28300490954334523
5.7220458984375e-05,0.28307216356177284
5.7220458984375e-05,0.2831394175802004
5.7220458984375e-05,0.283206671598628
5.7220458984375e-05,0.2832739256170556
5.7220458984375e-05,0.2833411796354832
5.7220458984375e-05,0.28340843365391083
5.7220458984375e-05,0.28347568767233844
5.7220458984375e-05,0.28354294169076605
5.7220458984375e-05,0.2836101957091936
5.7220458984375e-05,0.2836774497276212
5.7220458984375e-05,0.2837447037460488
5.7220458984375e-05,0.28381195776447643
5.7220458984375e-05,0.28387921178290404
5.7220458984375e-05,0.28394646580133165
5.7220458984375e-05,0.28401371981975926
5.7220458984375e-05,0.2840809738381868
5.7220458984375e-05,0.2841482278566144
5.7220458984375e-05,0.28421548187504203
5.7220458984375e-05,0.28428273589346964
5.7220458984375e-05,0.28434998991189725
5.7220458984375e-05,0.28441724393032486
5.7220458984375e-05,0.2844844979487524
5.7220458984375e-05,0.28455175196718
5.7220458984375e-05,0.28461900598560763
5.7220458984375e-05,0.28468626000403524
5.7220458984375e-05,0.28475351402246285
5.7220458984375e-05,0.28482076804089046
5.7220458984375e-05,0.28488802205931807
5.7220458984375e-05,0.2849552760777456
5.7220458984375e-05,0.28502253009617323
5.7220458984375e-05,0.28508978411460084
5.745887756347656e-05,0.28515703813302845
5.745887756347656e-05,0.28522429215145606
5.745887756347656e-05,0.28529154616988367
5.745887756347656e-05,0.2853588001883113
5.745887756347656e-05,0.28542605420673883
5.745887756347656e-05,0.28549330822516644
5.745887756347656e-05,0.28556056224359405
5.745887756347656e-05,0.28562781626202166
5.745887756347656e-05,0.28569507028044927
5.745887756347656e-05,0.2857623242988769
5.745887756347656e-05,0.28582957831730443
5.745887756347656e-05,0.28589683233573204
5.745887756347656e-05,0.28596408635415965
5.745887756347656e-05,0.28603134037258726
5.745887756347656e-05,0.28609859439101487
5.745887756347656e-05,0.2861658484094425
5.745887756347656e-05,0.2862331024278701
5.745887756347656e-05,0.28630035644629764
5.745887756347656e-05,0.28636761046472525
5.745887756347656e-05,0.28643486448315286
5.745887756347656e-05,0.28650211850158047
5.745887756347656e-05,0.2865693725200081
5.745887756347656e-05,0.2866366265384357
5.745887756347656e-05,0.2867038805568633
5.745887756347656e-05,0.28677113457529085
5.745887756347656e-05,0.28683838859371846
5.745887756347656e-05,0.2869056426121461
5.745887756347656e-05,0.2869728966305737
5.7697296142578125e-05,0.2870401506490013
5.7697296142578125e-05,0.2871074046674289
5.7697296142578125e-05,0.28717465868585645
5.7697296142578125e-05,0.28724191270428406
5.7697296142578125e-05,0.2873091667227117
5.7697296142578125e-05,0.2873764207411393
5.7697296142578125e-05,0.2874436747595669
5.7697296142578125e-05,0.2875109287779945
5.7697296142578125e-05,0.2875781827964221
5.7697296142578125e-05,0.28764543681484966
5.7697296142578125e-05,0.2877126908332773
5.7697296142578125e-05,0.2877799448517049
5.7697296142578125e-05,0.2878471988701325
5.7697296142578125e-05,0.2879144528885601
5.7697296142578125e-05,0.2879817069069877
5.7697296142578125e-05,0.2880489609254153
5.7697296142578125e-05,0.2881162149438429
5.7697296142578125e-05,0.2881834689622705
5.7697296142578125e-05,0.2882507229806981
5.7697296142578125e-05,0.2883179769991257
5.7697296142578125e-05,0.2883852310175533
5.7697296142578125e-05,0.2884524850359809
5.7697296142578125e-05,0.2885197390544085
5.7697296142578125e-05,0.2885869930728361
5.7697296142578125e-05,0.2886542470912637
5.7697296142578125e-05,0.2887215011096913
5.7697296142578125e-05,0.2887887551281189
5.7697296142578125e-05,0.2888560091465465
5.7697296142578125e-05,0.28892326316497413
5.793571472167969e-05,0.2889905171834017
5.793571472167969e-05,0.2890577712018293
5.793571472167969e-05,0.2891250252202569
5.793571472167969e-05,0.2891922792386845
5.793571472167969e-05,0.2892595332571121
5.793571472167969e-05,0.28932678727553973
5.793571472167969e-05,0.28939404129396734
5.793571472167969e-05,0.2894612953123949
5.793571472167969e-05,0.2895285493308225
5.793571472167969e-05,0.2895958033492501
5.793571472167969e-05,0.2896630573676777
5.793571472167969e-05,0.28973031138610533
5.793571472167969e-05,0.28979756540453294
5.793571472167969e-05,0.2898648194229605
5.793571472167969e-05,0.2899320734413881
5.793571472167969e-05,0.2899993274598157
5.793571472167969e-05,0.2900665814782433
5.793571472167969e-05,0.29013383549667093
5.793571472167969e-05,0.29020108951509854
5.793571472167969e-05,0.29026834353352615
5.793571472167969e-05,0.2903355975519537
5.793571472167969e-05,0.2904028515703813
5.793571472167969e-05,0.2904701055888089
5.793571472167969e-05,0.29053735960723653
5.793571472167969e-05,0.29060461362566414
5.793571472167969e-05,0.29067186764409175
5.793571472167969e-05,0.29073912166251936
5.793571472167969e-05,0.2908063756809469
5.793571472167969e-05,0.2908736296993745
5.793571472167969e-05,0.29094088371780213
5.793571472167969e-05,0.29100813773622974
5.793571472167969e-05,0.29107539175465735
5.793571472167969e-05,0.29114264577308496
5.793571472167969e-05,0.2912098997915125
5.793571472167969e-05,0.2912771538099401
5.793571472167969e-05,0.29134440782836774
5.793571472167969e-05,0.29141166184679534
5.793571472167969e-05,0.29147891586522295
5.793571472167969e-05,0.29154616988365056
5.793571472167969e-05,0.2916134239020782
5.793571472167969e-05,0.2916806779205057
5.793571472167969e-05,0.29174793193893334
5.793571472167969e-05,0.29181518595736095
5.793571472167969e-05,0.29188243997578855
5.793571472167969e-05,0.29194969399421616
5.793571472167969e-05,0.2920169480126438
5.793571472167969e-05,0.2920842020310714
5.793571472167969e-05,0.29215145604949894
5.793571472167969e-05,0.29221871006792655
5.793571472167969e-05,0.29228596408635416
5.817413330078125e-05,0.29235321810478176
5.817413330078125e-05,0.2924204721232094
5.817413330078125e-05,0.292487726141637
5.817413330078125e-05,0.29255498016006454
5.817413330078125e-05,0.29262223417849215
5.817413330078125e-05,0.29268948819691976
5.817413330078125e-05,0.29275674221534737
5.817413330078125e-05,0.292823996233775
5.817413330078125e-05,0.2928912502522026
5.817413330078125e-05,0.2929585042706302
5.817413330078125e-05,0.29302575828905775
5.817413330078125e-05,0.29309301230748536
5.817413330078125e-05,0.29316026632591297
5.817413330078125e-05,0.2932275203443406
5.817413330078125e-05,0.2932947743627682
5.817413330078125e-05,0.2933620283811958
5.817413330078125e-05,0.2934292823996234
5.817413330078125e-05,0.29349653641805096
5.817413330078125e-05,0.29356379043647857
5.817413330078125e-05,0.2936310444549062
5.817413330078125e-05,0.2936982984733338
5.817413330078125e-05,0.2937655524917614
5.817413330078125e-05,0.293832806510189
5.817413330078125e-05,0.29390006052861656
5.817413330078125e-05,0.29396731454704417
5.817413330078125e-05,0.2940345685654718
5.817413330078125e-05,0.2941018225838994
5.817413330078125e-05,0.294169076602327
5.817413330078125e-05,0.2942363306207546
5.817413330078125e-05,0.2943035846391822
5.817413330078125e-05,0.29437083865760977
5.841255187988281e-05,0.2944380926760374
5.841255187988281e-05,0.294505346694465
5.841255187988281e-05,0.2945726007128926
5.841255187988281e-05,0.2946398547313202
5.841255187988281e-05,0.2947071087497478
5.841255187988281e-05,0.2947743627681754
5.841255187988281e-05,0.294841616786603
5.841255187988281e-05,0.2949088708050306
5.841255187988281e-05,0.2949761248234582
5.841255187988281e-05,0.2950433788418858
5.841255187988281e-05,0.2951106328603134
5.841255187988281e-05,0.295177886878741
5.841255187988281e-05,0.2952451408971686
5.841255187988281e-05,0.2953123949155962
5.841255187988281e-05,0.2953796489340238
5.841255187988281e-05,0.2954469029524514
5.841255187988281e-05,0.295514156970879
5.841255187988281e-05,0.2955814109893066
5.841255187988281e-05,0.29564866500773423
5.841255187988281e-05,0.2957159190261618
5.841255187988281e-05,0.2957831730445894
5.841255187988281e-05,0.295850427063017
5.841255187988281e-05,0.2959176810814446
5.841255187988281e-05,0.2959849350998722
5.841255187988281e-05,0.29605218911829984
5.8650970458984375e-05,0.29611944313672744
5.8650970458984375e-05,0.296186697155155
5.8650970458984375e-05,0.2962539511735826
5.8650970458984375e-05,0.2963212051920102
5.8650970458984375e-05,0.2963884592104378
5.8650970458984375e-05,0.29645571322886544
5.8650970458984375e-05,0.29652296724729305
5.8650970458984375e-05,0.2965902212657206
5.8650970458984375e-05,0.2966574752841482
5.8650970458984375e-05,0.2967247293025758
5.8650970458984375e-05,0.2967919833210034
5.8650970458984375e-05,0.29685923733943104
5.8650970458984375e-05,0.29692649135785865
5.8650970458984375e-05,0.29699374537628626
5.8650970458984375e-05,0.2970609993947138
5.8650970458984375e-05,0.2971282534131414
5.8650970458984375e-05,0.29719550743156903
5.8650970458984375e-05,0.29726276144999664
5.8650970458984375e-05,0.29733001546842425
5.8650970458984375e-05,0.29739726948685186
5.8650970458984375e-05,0.29746452350527947
5.8650970458984375e-05,0.297531777523707
5.8650970458984375e-05,0.29759903154213463
5.8650970458984375e-05,0.29766628556056224
5.8650970458984375e-05,0.29773353957898985
5.8650970458984375e-05,0.29780079359741746
5.8650970458984375e-05,0.29786804761584507
5.888938903808594e-05,0.2979353016342726
5.888938903808594e-05,0.29800255565270023
5.888938903808594e-05,0.29806980967112784
5.888938903808594e-05,0.29813706368955545
5.888938903808594e-05,0.29820431770798306
5.888938903808594e-05,0.29827157172641067
5.888938903808594e-05,0.2983388257448383
5.888938903808594e-05,0.29840607976326583
5.888938903808594e-05,0.29847333378169344
5.888938903808594e-05,0.29854058780012105
5.888938903808594e-05,0.29860784181854866
5.888938903808594e-05,0.29867509583697627
5.888938903808594e-05,0.2987423498554039
5.888938903808594e-05,0.2988096038738315
5.888938903808594e-05,0.29887685789225904
5.888938903808594e-05,0.29894411191068665
5.888938903808594e-05,0.29901136592911426
5.888938903808594e-05,0.29907861994754187
5.888938903808594e-05,0.2991458739659695
5.888938903808594e-05,0.2992131279843971
5.888938903808594e-05,0.2992803820028247
5.888938903808594e-05,0.29934763602125225
5.888938903808594e-05,0.29941489003967986
5.888938903808594e-05,0.29948214405810747
5.888938903808594e-05,0.2995493980765351
5.888938903808594e-05,0.2996166520949627
5.888938903808594e-05,0.2996839061133903
5.888938903808594e-05,0.29975116013181785
5.91278076171875e-05,0.29981841415024546
5.91278076171875e-05,0.29988566816867307
5.91278076171875e-05,0.2999529221871007
5.91278076171875e-05,0.3000201762055283
5.91278076171875e-05,0.3000874302239559
5.91278076171875e-05,0.3001546842423835
5.91278076171875e-05,0.30022193826081106
5.91278076171875e-05,0.30028919227923867
5.91278076171875e-05,0.3003564462976663
5.91278076171875e-05,0.3004237003160939
5.91278076171875e-05,0.3004909543345215
5.91278076171875e-05,0.3005582083529491
5.91278076171875e-05,0.3006254623713767
5.91278076171875e-05,0.30069271638980427
5.91278076171875e-05,0.3007599704082319
5.91278076171875e-05,0.3008272244266595
5.91278076171875e-05,0.3008944784450871
5.91278076171875e-05,0.3009617324635147
5.91278076171875e-05,0.3010289864819423
5.91278076171875e-05,0.30109624050036987
5.91278076171875e-05,0.3011634945187975
5.91278076171875e-05,0.3012307485372251
5.91278076171875e-05,0.3012980025556527
5.936622619628906e-05,0.3013652565740803
5.936622619628906e-05,0.3014325105925079
5.936622619628906e-05,0.30149976461093553
5.936622619628906e-05,0.3015670186293631
5.936622619628906e-05,0.3016342726477907
5.936622619628906e-05,0.3017015266662183
5.936622619628906e-05,0.3017687806846459
5.936622619628906e-05,0.3018360347030735
5.936622619628906e-05,0.30190328872150113
5.936622619628906e-05,0.30197054273992874
5.936622619628906e-05,0.3020377967583563
5.936622619628906e-05,0.3021050507767839
5.936622619628906e-05,0.3021723047952115
5.936622619628906e-05,0.3022395588136391
5.936622619628906e-05,0.30230681283206673
5.936622619628906e-05,0.30237406685049434
5.936622619628906e-05,0.3024413208689219
5.936622619628906e-05,0.3025085748873495
5.936622619628906e-05,0.3025758289057771
5.936622619628906e-05,0.3026430829242047
5.9604644775390625e-05,0.30271033694263233
5.9604644775390625e-05,0.30277759096105994
5.9604644775390625e-05,0.30284484497948755
5.9604644775390625e-05,0.3029120989979151
5.9604644775390625e-05,0.3029793530163427
5.9604644775390625e-05,0.3030466070347703
5.9604644775390625e-05,0.30311386105319793
5.9604644775390625e-05,0.30318111507162554
5.9604644775390625e-05,0.30324836909005315
5.9604644775390625e-05,0.30331562310848076
5.9604644775390625e-05,0.3033828771269083
5.9604644775390625e-05,0.3034501311453359
5.9604644775390625e-05,0.30351738516376353
5.9604644775390625e-05,0.30358463918219114
5.9604644775390625e-05,0.30365189320061875
5.9604644775390625e-05,0.30371914721904636
5.9604644775390625e-05,0.3037864012374739
5.9604644775390625e-05,0.3038536552559015
5.9604644775390625e-05,0.30392090927432913
5.9604644775390625e-05,0.30398816329275674
5.9604644775390625e-05,0.30405541731118435
5.9604644775390625e-05,0.30412267132961196
5.9604644775390625e-05,0.30418992534803957
5.9604644775390625e-05,0.3042571793664671
5.984306335449219e-05,0.30432443338489473
5.984306335449219e-05,0.30439168740332234
5.984306335449219e-05,0.30445894142174995
5.984306335449219e-05,0.30452619544017756
5.984306335449219e-05,0.30459344945860517
5.984306335449219e-05,0.3046607034770328
5.984306335449219e-05,0.30472795749546033
5.984306335449219e-05,0.30479521151388794
5.984306335449219e-05,0.30486246553231555
5.984306335449219e-05,0.30492971955074316
5.984306335449219e-05,0.30499697356917077
5.984306335449219e-05,0.3050642275875984
5.984306335449219e-05,0.30513148160602593
5.984306335449219e-05,0.30519873562445354
5.984306335449219e-05,0.30526598964288115
5.984306335449219e-05,0.30533324366130876
5.984306335449219e-05,0.30540049767973637
5.984306335449219e-05,0.305467751698164
5.984306335449219e-05,0.3055350057165916
5.984306335449219e-05,0.30560225973501914
5.984306335449219e-05,0.30566951375344675
5.984306335449219e-05,0.30573676777187436
5.984306335449219e-05,0.30580402179030197
5.984306335449219e-05,0.3058712758087296
6.008148193359375e-05,0.3059385298271572
6.008148193359375e-05,0.3060057838455848
6.008148193359375e-05,0.30607303786401235
6.008148193359375e-05,0.30614029188243996
6.008148193359375e-05,0.3062075459008676
6.008148193359375e-05,0.3062747999192952
6.008148193359375e-05,0.3063420539377228
6.008148193359375e-05,0.3064093079561504
6.008148193359375e-05,0.30647656197457795
6.008148193359375e-05,0.30654381599300556
6.008148193359375e-05,0.3066110700114332
6.008148193359375e-05,0.3066783240298608
6.008148193359375e-05,0.3067455780482884
6.008148193359375e-05,0.306812832066716
6.008148193359375e-05,0.3068800860851436
6.008148193359375e-05,0.30694734010357116
6.008148193359375e-05,0.3070145941219988
6.008148193359375e-05,0.3070818481404264
6.008148193359375e-05,0.307149102158854
6.008148193359375e-05,0.3072163561772816
6.008148193359375e-05,0.3072836101957092
6.008148193359375e-05,0.3073508642141368
6.008148193359375e-05,0.3074181182325644
6.008148193359375e-05,0.307485372250992
6.031990051269531e-05,0.3075526262694196
6.031990051269531e-05,0.3076198802878472
6.031990051269531e-05,0.3076871343062748
6.031990051269531e-05,0.3077543883247024
6.031990051269531e-05,0.30782164234313
6.031990051269531e-05,0.3078888963615576
6.031990051269531e-05,0.3079561503799852
6.031990051269531e-05,0.3080234043984128
6.031990051269531e-05,0.3080906584168404
6.031990051269531e-05,0.308157912435268
6.031990051269531e-05,0.30822516645369563
6.031990051269531e-05,0.3082924204721232
6.031990051269531e-05,0.3083596744905508
6.031990051269531e-05,0.3084269285089784
6.031990051269531e-05,0.308494182527406
6.031990051269531e-05,0.3085614365458336
6.0558319091796875e-05,0.30862869056426123
6.0558319091796875e-05,0.30869594458268884
6.0558319091796875e-05,0.3087631986011164
6.0558319091796875e-05,0.308830452619544
6.0558319091796875e-05,0.3088977066379716
6.0558319091796875e-05,0.3089649606563992
6.0558319091796875e-05,0.30903221467482683
6.0558319091796875e-05,0.30909946869325444
6.0558319091796875e-05,0.309166722711682
6.0558319091796875e-05,0.3092339767301096
6.0558319091796875e-05,0.3093012307485372
6.0558319091796875e-05,0.3093684847669648
6.0558319091796875e-05,0.30943573878539243
6.0558319091796875e-05,0.30950299280382004
6.0558319091796875e-05,0.30957024682224765
6.0558319091796875e-05,0.3096375008406752
6.0558319091796875e-05,0.3097047548591028
6.0558319091796875e-05,0.3097720088775304
6.0558319091796875e-05,0.30983926289595803
6.0558319091796875e-05,0.30990651691438564
6.0558319091796875e-05,0.30997377093281325
6.0558319091796875e-05,0.31004102495124086
6.0558319091796875e-05,0.3101082789696684
6.0558319091796875e-05,0.310175532988096
6.0558319091796875e-05,0.31024278700652363
6.0558319091796875e-05,0.31031004102495124
6.079673767089844e-05,0.31037729504337885
6.079673767089844e-05,0.31044454906180646
6.079673767089844e-05,0.310511803080234
6.079673767089844e-05,0.3105790570986616
6.079673767089844e-05,0.31064631111708924
6.079673767089844e-05,0.31071356513551684
6.079673767089844e-05,0.31078081915394445
6.079673767089844e-05,0.31084807317237206
6.079673767089844e-05,0.3109153271907997
6.079673767089844e-05,0.3109825812092272
6.079673767089844e-05,0.31104983522765484
6.079673767089844e-05,0.31111708924608245
6.079673767089844e-05,0.31118434326451005
6.079673767089844e-05,0.31125159728293766
6.103515625e-05,0.3113188513013653
6.103515625e-05,0.3113861053197929
6.103515625e-05,0.31145335933822044
6.103515625e-05,0.31152061335664805
6.103515625e-05,0.31158786737507566
6.103515625e-05,0.31165512139350326
6.103515625e-05,0.3117223754119309
6.103515625e-05,0.3117896294303585
6.103515625e-05,0.31185688344878604
6.103515625e-05,0.31192413746721365
6.103515625e-05,0.31199139148564126
6.103515625e-05,0.31205864550406887
6.103515625e-05,0.3121258995224965
6.103515625e-05,0.3121931535409241
6.103515625e-05,0.3122604075593517
6.103515625e-05,0.31232766157777925
6.103515625e-05,0.31239491559620686
6.127357482910156e-05,0.31246216961463447
6.127357482910156e-05,0.3125294236330621
6.127357482910156e-05,0.3125966776514897
6.127357482910156e-05,0.3126639316699173
6.127357482910156e-05,0.3127311856883449
6.127357482910156e-05,0.31279843970677246
6.127357482910156e-05,0.31286569372520007
6.127357482910156e-05,0.3129329477436277
6.127357482910156e-05,0.3130002017620553
6.127357482910156e-05,0.3130674557804829
6.127357482910156e-05,0.3131347097989105
6.127357482910156e-05,0.31320196381733806
6.127357482910156e-05,0.31326921783576567
6.127357482910156e-05,0.3133364718541933
6.127357482910156e-05,0.3134037258726209
6.127357482910156e-05,0.3134709798910485
6.127357482910156e-05,0.3135382339094761
6.127357482910156e-05,0.3136054879279037
6.127357482910156e-05,0.31367274194633127
6.127357482910156e-05,0.3137399959647589
6.127357482910156e-05,0.3138072499831865
6.127357482910156e-05,0.3138745040016141
6.127357482910156e-05,0.3139417580200417
6.127357482910156e-05,0.3140090120384693
6.127357482910156e-05,0.3140762660568969
6.127357482910156e-05,0.3141435200753245
6.127357482910156e-05,0.3142107740937521
6.151199340820312e-05,0.3142780281121797
6.151199340820312e-05,0.3143452821306073
6.151199340820312e-05,0.3144125361490349
6.151199340820312e-05,0.3144797901674625
6.151199340820312e-05,0.31454704418589013
6.151199340820312e-05,0.3146142982043177
6.151199340820312e-05,0.3146815522227453
6.151199340820312e-05,0.3147488062411729
6.151199340820312e-05,0.3148160602596005
6.151199340820312e-05,0.3148833142780281
6.151199340820312e-05,0.31495056829645574
6.151199340820312e-05,0.3150178223148833
6.151199340820312e-05,0.3150850763333109
6.151199340820312e-05,0.3151523303517385
6.151199340820312e-05,0.3152195843701661
6.151199340820312e-05,0.3152868383885937
6.151199340820312e-05,0.31535409240702134
6.151199340820312e-05,0.31542134642544895
6.151199340820312e-05,0.3154886004438765
6.175041198730469e-05,0.3155558544623041
6.175041198730469e-05,0.3156231084807317
6.175041198730469e-05,0.3156903624991593
6.175041198730469e-05,0.31575761651758694
6.175041198730469e-05,0.31582487053601455
6.175041198730469e-05,0.31589212455444216
6.175041198730469e-05,0.3159593785728697
6.175041198730469e-05,0.3160266325912973
6.175041198730469e-05,0.31609388660972493
6.175041198730469e-05,0.31616114062815254
6.175041198730469e-05,0.31622839464658015
6.175041198730469e-05,0.31629564866500776
6.175041198730469e-05,0.3163629026834353
6.198883056640625e-05,0.3164301567018629
6.198883056640625e-05,0.31649741072029053
6.198883056640625e-05,0.31656466473871814
6.198883056640625e-05,0.31663191875714575
6.198883056640625e-05,0.31669917277557336
6.198883056640625e-05,0.31676642679400097
6.198883056640625e-05,0.3168336808124285
6.198883056640625e-05,0.31690093483085613
6.198883056640625e-05,0.31696818884928374
6.198883056640625e-05,0.31703544286771135
6.198883056640625e-05,0.31710269688613896
6.198883056640625e-05,0.31716995090456657
6.198883056640625e-05,0.3172372049229942
6.198883056640625e-05,0.31730445894142173
6.198883056640625e-05,0.31737171295984934
6.198883056640625e-05,0.31743896697827695
6.198883056640625e-05,0.31750622099670456
6.222724914550781e-05,0.31757347501513217
6.222724914550781e-05,0.3176407290335598
6.222724914550781e-05,0.31770798305198733
6.222724914550781e-05,0.31777523707041494
6.222724914550781e-05,0.31784249108884255
6.222724914550781e-05,0.31790974510727016
6.222724914550781e-05,0.31797699912569777
6.222724914550781e-05,0.3180442531441254
6.246566772460938e-05,0.318111507162553
6.246566772460938e-05,0.31817876118098054
6.246566772460938e-05,0.31824601519940815
6.246566772460938e-05,0.31831326921783576
6.246566772460938e-05,0.31838052323626337
6.246566772460938e-05,0.318447777254691
6.246566772460938e-05,0.3185150312731186
6.246566772460938e-05,0.3185822852915462
6.246566772460938e-05,0.31864953930997375
6.246566772460938e-05,0.31871679332840136
6.246566772460938e-05,0.31878404734682897
6.270408630371094e-05,0.3188513013652566
6.270408630371094e-05,0.3189185553836842
6.270408630371094e-05,0.3189858094021118
6.270408630371094e-05,0.31905306342053935
6.270408630371094e-05,0.31912031743896696
6.270408630371094e-05,0.31918757145739457
6.270408630371094e-05,0.3192548254758222
6.270408630371094e-05,0.3193220794942498
6.270408630371094e-05,0.3193893335126774
6.270408630371094e-05,0.319456587531105
6.270408630371094e-05,0.31952384154953256
6.270408630371094e-05,0.31959109556796017
6.270408630371094e-05,0.3196583495863878
6.270408630371094e-05,0.3197256036048154
6.270408630371094e-05,0.319792857623243
6.270408630371094e-05,0.3198601116416706
6.270408630371094e-05,0.3199273656600982
6.270408630371094e-05,0.31999461967852577
6.29425048828125e-05,0.3200618736969534
6.29425048828125e-05,0.320129127715381
6.29425048828125e-05,0.3201963817338086
6.29425048828125e-05,0.3202636357522362
6.29425048828125e-05,0.3203308897706638
6.29425048828125e-05,0.32039814378909137
6.29425048828125e-05,0.320465397807519
6.29425048828125e-05,0.3205326518259466
6.29425048828125e-05,0.3205999058443742
6.29425048828125e-05,0.3206671598628018
6.29425048828125e-05,0.3207344138812294
6.29425048828125e-05,0.32080166789965703
6.29425048828125e-05,0.3208689219180846
6.29425048828125e-05,0.3209361759365122
6.29425048828125e-05,0.3210034299549398
6.318092346191406e-05,0.3210706839733674
6.318092346191406e-05,0.321137937991795
6.318092346191406e-05,0.32120519201022263
6.318092346191406e-05,0.32127244602865024
6.318092346191406e-05,0.3213397000470778
6.318092346191406e-05,0.3214069540655054
6.318092346191406e-05,0.321474208083933
6.318092346191406e-05,0.3215414621023606
6.318092346191406e-05,0.32160871612078823
6.318092346191406e-05,0.32167597013921584
6.318092346191406e-05,0.3217432241576434
6.318092346191406e-05,0.321810478176071
6.318092346191406e-05,0.3218777321944986
6.341934204101562e-05,0.3219449862129262
6.341934204101562e-05,0.32201224023135383
6.341934204101562e-05,0.32207949424978144
6.341934204101562e-05,0.32214674826820905
6.341934204101562e-05,0.3222140022866366
6.341934204101562e-05,0.3222812563050642
6.341934204101562e-05,0.3223485103234918
6.341934204101562e-05,0.32241576434191943
6.341934204101562e-05,0.32248301836034704
6.341934204101562e-05,0.32255027237877465
6.341934204101562e-05,0.32261752639720226
6.341934204101562e-05,0.3226847804156298
6.341934204101562e-05,0.3227520344340574
6.365776062011719e-05,0.32281928845248503
6.365776062011719e-05,0.32288654247091264
6.365776062011719e-05,0.32295379648934025
6.365776062011719e-05,0.32302105050776786
6.365776062011719e-05,0.3230883045261954
6.365776062011719e-05,0.323155558544623
6.365776062011719e-05,0.32322281256305063
6.365776062011719e-05,0.32329006658147824
6.365776062011719e-05,0.32335732059990585
6.365776062011719e-05,0.32342457461833346
6.365776062011719e-05,0.32349182863676107
6.365776062011719e-05,0.3235590826551886
6.365776062011719e-05,0.32362633667361623
6.365776062011719e-05,0.32369359069204384
6.365776062011719e-05,0.32376084471047145
6.365776062011719e-05,0.32382809872889906
6.365776062011719e-05,0.32389535274732667
6.365776062011719e-05,0.3239626067657543
6.365776062011719e-05,0.32402986078418183
6.365776062011719e-05,0.32409711480260944
6.389617919921875e-05,0.32416436882103705
6.389617919921875e-05,0.32423162283946466
6.389617919921875e-05,0.32429887685789227
6.389617919921875e-05,0.3243661308763199
6.389617919921875e-05,0.32443338489474743
6.389617919921875e-05,0.32450063891317504
6.389617919921875e-05,0.32456789293160265
6.389617919921875e-05,0.32463514695003026
6.389617919921875e-05,0.32470240096845787
6.389617919921875e-05,0.3247696549868855
6.389617919921875e-05,0.3248369090053131
6.389617919921875e-05,0.32490416302374064
6.389617919921875e-05,0.32497141704216825
6.413459777832031e-05,0.32503867106059586
6.413459777832031e-05,0.3251059250790235
6.413459777832031e-05,0.3251731790974511
6.413459777832031e-05,0.3252404331158787
6.413459777832031e-05,0.3253076871343063
6.413459777832031e-05,0.32537494115273385
6.413459777832031e-05,0.32544219517116146
6.413459777832031e-05,0.3255094491895891
6.413459777832031e-05,0.3255767032080167
6.413459777832031e-05,0.3256439572264443
6.413459777832031e-05,0.3257112112448719
6.413459777832031e-05,0.32577846526329945
6.413459777832031e-05,0.32584571928172706
6.413459777832031e-05,0.3259129733001547
6.413459777832031e-05,0.3259802273185823
6.413459777832031e-05,0.3260474813370099
6.437301635742188e-05,0.3261147353554375
6.437301635742188e-05,0.3261819893738651
6.437301635742188e-05,0.32624924339229266
6.437301635742188e-05,0.3263164974107203
6.437301635742188e-05,0.3263837514291479
6.437301635742188e-05,0.3264510054475755
6.437301635742188e-05,0.3265182594660031
6.437301635742188e-05,0.3265855134844307
6.437301635742188e-05,0.3266527675028583
6.437301635742188e-05,0.3267200215212859
6.437301635742188e-05,0.3267872755397135
6.437301635742188e-05,0.3268545295581411
6.437301635742188e-05,0.3269217835765687
6.437301635742188e-05,0.3269890375949963
6.437301635742188e-05,0.3270562916134239
6.437301635742188e-05,0.3271235456318515
6.437301635742188e-05,0.3271907996502791
6.437301635742188e-05,0.3272580536687067
6.437301635742188e-05,0.3273253076871343
6.437301635742188e-05,0.3273925617055619
6.437301635742188e-05,0.3274598157239895
6.437301635742188e-05,0.32752706974241713
6.461143493652344e-05,0.3275943237608447
6.461143493652344e-05,0.3276615777792723
6.461143493652344e-05,0.3277288317976999
6.461143493652344e-05,0.3277960858161275
6.461143493652344e-05,0.3278633398345551
6.461143493652344e-05,0.32793059385298273
6.461143493652344e-05,0.32799784787141034
6.461143493652344e-05,0.3280651018898379
6.461143493652344e-05,0.3281323559082655
6.461143493652344e-05,0.3281996099266931
6.461143493652344e-05,0.3282668639451207
6.461143493652344e-05,0.32833411796354833
6.461143493652344e-05,0.32840137198197594
6.461143493652344e-05,0.32846862600040355
6.461143493652344e-05,0.3285358800188311
6.4849853515625e-05,0.3286031340372587
6.4849853515625e-05,0.3286703880556863
6.4849853515625e-05,0.32873764207411393
6.4849853515625e-05,0.32880489609254154
6.4849853515625e-05,0.32887215011096915
6.4849853515625e-05,0.3289394041293967
6.4849853515625e-05,0.3290066581478243
6.4849853515625e-05,0.3290739121662519
6.4849853515625e-05,0.32914116618467953
6.4849853515625e-05,0.32920842020310714
6.4849853515625e-05,0.32927567422153475
6.4849853515625e-05,0.32934292823996236
6.4849853515625e-05,0.3294101822583899
6.4849853515625e-05,0.3294774362768175
6.4849853515625e-05,0.32954469029524514
6.4849853515625e-05,0.32961194431367274
6.4849853515625e-05,0.32967919833210035
6.4849853515625e-05,0.32974645235052796
6.508827209472656e-05,0.3298137063689556
6.508827209472656e-05,0.3298809603873831
6.508827209472656e-05,0.32994821440581074
6.508827209472656e-05,0.33001546842423835
6.508827209472656e-05,0.33008272244266595
6.508827209472656e-05,0.33014997646109356
6.508827209472656e-05,0.3302172304795212
6.508827209472656e-05,0.3302844844979487
6.508827209472656e-05,0.33035173851637634
6.508827209472656e-05,0.33041899253480395
6.508827209472656e-05,0.33048624655323156
6.508827209472656e-05,0.33055350057165916
6.508827209472656e-05,0.3306207545900868
6.508827209472656e-05,0.3306880086085144
6.508827209472656e-05,0.33075526262694194
6.508827209472656e-05,0.33082251664536955
6.508827209472656e-05,0.33088977066379716
6.532669067382812e-05,0.33095702468222477
6.532669067382812e-05,0.3310242787006524
6.532669067382812e-05,0.33109153271908
6.532669067382812e-05,0.3311587867375076
6.532669067382812e-05,0.33122604075593515
6.532669067382812e-05,0.33129329477436276
6.532669067382812e-05,0.33136054879279037
6.532669067382812e-05,0.331427802811218
6.532669067382812e-05,0.3314950568296456
6.532669067382812e-05,0.3315623108480732
6.532669067382812e-05,0.33162956486650075
6.532669067382812e-05,0.33169681888492836
6.532669067382812e-05,0.33176407290335597
6.532669067382812e-05,0.3318313269217836
6.556510925292969e-05,0.3318985809402112
6.556510925292969e-05,0.3319658349586388
6.556510925292969e-05,0.3320330889770664
6.556510925292969e-05,0.33210034299549396
6.556510925292969e-05,0.33216759701392157
6.556510925292969e-05,0.3322348510323492
6.556510925292969e-05,0.3323021050507768
6.556510925292969e-05,0.3323693590692044
6.556510925292969e-05,0.332436613087632
6.556510925292969e-05,0.3325038671060596
6.556510925292969e-05,0.33257112112448717
6.556510925292969e-05,0.3326383751429148
6.556510925292969e-05,0.3327056291613424
6.556510925292969e-05,0.33277288317977
6.556510925292969e-05,0.3328401371981976
6.556510925292969e-05,0.3329073912166252
6.556510925292969e-05,0.33297464523505277
6.556510925292969e-05,0.3330418992534804
6.556510925292969e-05,0.333109153271908
6.580352783203125e-05,0.3331764072903356
6.580352783203125e-05,0.3332436613087632
6.580352783203125e-05,0.3333109153271908
6.580352783203125e-05,0.3333781693456184
6.580352783203125e-05,0.333445423364046
6.580352783203125e-05,0.3335126773824736
6.580352783203125e-05,0.3335799314009012
6.580352783203125e-05,0.3336471854193288
6.580352783203125e-05,0.3337144394377564
6.580352783203125e-05,0.333781693456184
6.580352783203125e-05,0.33384894747461163
6.580352783203125e-05,0.3339162014930392
6.580352783203125e-05,0.3339834555114668
6.580352783203125e-05,0.3340507095298944
6.580352783203125e-05,0.334117963548322
6.580352783203125e-05,0.3341852175667496
6.580352783203125e-05,0.33425247158517724
6.580352783203125e-05,0.3343197256036048
6.604194641113281e-05,0.3343869796220324
6.604194641113281e-05,0.33445423364046
6.604194641113281e-05,0.3345214876588876
6.604194641113281e-05,0.3345887416773152
6.604194641113281e-05,0.33465599569574284
6.604194641113281e-05,0.33472324971417045
6.604194641113281e-05,0.334790503732598
6.604194641113281e-05,0.3348577577510256
6.604194641113281e-05,0.3349250117694532
6.604194641113281e-05,0.3349922657878808
6.604194641113281e-05,0.33505951980630844
6.604194641113281e-05,0.33512677382473605
6.604194641113281e-05,0.33519402784316366
6.604194641113281e-05,0.3352612818615912
6.604194641113281e-05,0.3353285358800188
6.604194641113281e-05,0.33539578989844643
6.604194641113281e-05,0.33546304391687404
6.604194641113281e-05,0.33553029793530165
6.628036499023438e-05,0.33559755195372926
6.628036499023438e-05,0.3356648059721568
6.628036499023438e-05,0.3357320599905844
6.628036499023438e-05,0.33579931400901203
6.628036499023438e-05,0.33586656802743964
6.628036499023438e-05,0.33593382204586725
6.628036499023438e-05,0.33600107606429486
6.628036499023438e-05,0.33606833008272247
6.628036499023438e-05,0.33613558410115
6.628036499023438e-05,0.33620283811957763
6.628036499023438e-05,0.33627009213800524
6.628036499023438e-05,0.33633734615643285
6.628036499023438e-05,0.33640460017486046
6.628036499023438e-05,0.33647185419328807
6.628036499023438e-05,0.3365391082117157
6.628036499023438e-05,0.33660636223014323
6.628036499023438e-05,0.33667361624857084
6.628036499023438e-05,0.33674087026699845
6.628036499023438e-05,0.33680812428542606
6.628036499023438e-05,0.33687537830385367
6.651878356933594e-05,0.3369426323222813
6.651878356933594e-05,0.33700988634070883
6.651878356933594e-05,0.33707714035913644
6.651878356933594e-05,0.33714439437756405
6.651878356933594e-05,0.33721164839599166
6.651878356933594e-05,0.33727890241441927
6.651878356933594e-05,0.3373461564328469
6.651878356933594e-05,0.3374134104512745
6.651878356933594e-05,0.33748066446970204
6.651878356933594e-05,0.33754791848812965
6.651878356933594e-05,0.33761517250655726
6.651878356933594e-05,0.33768242652498487
6.651878356933594e-05,0.3377496805434125
6.67572021484375e-05,0.3378169345618401
6.67572021484375e-05,0.3378841885802677
6.67572021484375e-05,0.33795144259869525
6.67572021484375e-05,0.33801869661712286
6.67572021484375e-05,0.33808595063555047
6.67572021484375e-05,0.3381532046539781
6.67572021484375e-05,0.3382204586724057
6.67572021484375e-05,0.3382877126908333
6.67572021484375e-05,0.33835496670926085
6.67572021484375e-05,0.33842222072768846
6.67572021484375e-05,0.33848947474611607
6.67572021484375e-05,0.3385567287645437
6.67572021484375e-05,0.3386239827829713
6.67572021484375e-05,0.3386912368013989
6.67572021484375e-05,0.3387584908198265
6.67572021484375e-05,0.33882574483825406
6.67572021484375e-05,0.33889299885668167
6.67572021484375e-05,0.3389602528751093
6.699562072753906e-05,0.3390275068935369
6.699562072753906e-05,0.3390947609119645
6.699562072753906e-05,0.3391620149303921
6.699562072753906e-05,0.3392292689488197
6.699562072753906e-05,0.33929652296724727
6.699562072753906e-05,0.3393637769856749
6.699562072753906e-05,0.3394310310041025
6.699562072753906e-05,0.3394982850225301
6.699562072753906e-05,0.3395655390409577
6.699562072753906e-05,0.3396327930593853
6.699562072753906e-05,0.33970004707781287
6.699562072753906e-05,0.3397673010962405
6.699562072753906e-05,0.3398345551146681
6.699562072753906e-05,0.3399018091330957
6.699562072753906e-05,0.3399690631515233
6.699562072753906e-05,0.3400363171699509
6.723403930664062e-05,0.34010357118837853
6.723403930664062e-05,0.3401708252068061
6.723403930664062e-05,0.3402380792252337
6.723403930664062e-05,0.3403053332436613
6.723403930664062e-05,0.3403725872620889
6.723403930664062e-05,0.3404398412805165
6.723403930664062e-05,0.34050709529894413
6.723403930664062e-05,0.34057434931737174
6.723403930664062e-05,0.3406416033357993
6.723403930664062e-05,0.3407088573542269
6.723403930664062e-05,0.3407761113726545
6.723403930664062e-05,0.3408433653910821
6.723403930664062e-05,0.34091061940950973
6.723403930664062e-05,0.34097787342793734
6.723403930664062e-05,0.3410451274463649
6.723403930664062e-05,0.3411123814647925
6.747245788574219e-05,0.3411796354832201
6.747245788574219e-05,0.3412468895016477
6.747245788574219e-05,0.34131414352007533
6.747245788574219e-05,0.34138139753850294
6.747245788574219e-05,0.34144865155693055
6.747245788574219e-05,0.3415159055753581
6.747245788574219e-05,0.3415831595937857
6.747245788574219e-05,0.3416504136122133
6.747245788574219e-05,0.34171766763064093
6.747245788574219e-05,0.34178492164906854
6.747245788574219e-05,0.34185217566749615
6.747245788574219e-05,0.34191942968592376
6.747245788574219e-05,0.3419866837043513
6.747245788574219e-05,0.3420539377227789
6.747245788574219e-05,0.34212119174120653
6.747245788574219e-05,0.34218844575963414
6.747245788574219e-05,0.34225569977806175
6.771087646484375e-05,0.34232295379648936
6.771087646484375e-05,0.3423902078149169
6.771087646484375e-05,0.3424574618333445
6.771087646484375e-05,0.34252471585177213
6.771087646484375e-05,0.34259196987019974
6.771087646484375e-05,0.34265922388862735
6.771087646484375e-05,0.34272647790705496
6.771087646484375e-05,0.34279373192548257
6.771087646484375e-05,0.3428609859439101
6.771087646484375e-05,0.34292823996233773
6.771087646484375e-05,0.34299549398076534
6.771087646484375e-05,0.34306274799919295
6.771087646484375e-05,0.34313000201762056
6.771087646484375e-05,0.34319725603604817
6.771087646484375e-05,0.3432645100544758
6.771087646484375e-05,0.34333176407290333
6.771087646484375e-05,0.34339901809133094
6.771087646484375e-05,0.34346627210975855
6.771087646484375e-05,0.34353352612818616
6.794929504394531e-05,0.34360078014661377
6.794929504394531e-05,0.3436680341650414
6.794929504394531e-05,0.343735288183469
6.794929504394531e-05,0.34380254220189654
6.794929504394531e-05,0.34386979622032415
6.794929504394531e-05,0.34393705023875176
6.794929504394531e-05,0.34400430425717937
6.794929504394531e-05,0.344071558275607
6.794929504394531e-05,0.3441388122940346
6.794929504394531e-05,0.34420606631246214
6.794929504394531e-05,0.34427332033088975
6.794929504394531e-05,0.34434057434931736
6.794929504394531e-05,0.344407828367745
6.794929504394531e-05,0.3444750823861726
6.818771362304688e-05,0.3445423364046002
6.818771362304688e-05,0.3446095904230278
6.818771362304688e-05,0.34467684444145535
6.818771362304688e-05,0.34474409845988296
6.818771362304688e-05,0.3448113524783106
6.818771362304688e-05,0.3448786064967382
6.818771362304688e-05,0.3449458605151658
6.818771362304688e-05,0.3450131145335934
6.818771362304688e-05,0.345080368552021
6.818771362304688e-05,0.34514762257044856
6.818771362304688e-05,0.3452148765888762
6.818771362304688e-05,0.3452821306073038
6.818771362304688e-05,0.3453493846257314
6.818771362304688e-05,0.345416638644159
6.818771362304688e-05,0.3454838926625866
6.818771362304688e-05,0.34555114668101417
6.818771362304688e-05,0.3456184006994418
6.818771362304688e-05,0.3456856547178694
6.842613220214844e-05,0.345752908736297
6.842613220214844e-05,0.3458201627547246
6.842613220214844e-05,0.3458874167731522
6.842613220214844e-05,0.3459546707915798
6.842613220214844e-05,0.3460219248100074
6.842613220214844e-05,0.346089178828435
6.842613220214844e-05,0.3461564328468626
6.842613220214844e-05,0.3462236868652902
6.842613220214844e-05,0.3462909408837178
6.842613220214844e-05,0.3463581949021454
6.842613220214844e-05,0.34642544892057303
6.842613220214844e-05,0.3464927029390006
6.842613220214844e-05,0.3465599569574282
6.842613220214844e-05,0.3466272109758558
6.842613220214844e-05,0.3466944649942834
6.842613220214844e-05,0.346761719012711
6.842613220214844e-05,0.34682897303113863
6.842613220214844e-05,0.3468962270495662
6.842613220214844e-05,0.3469634810679938
6.866455078125e-05,0.3470307350864214
6.866455078125e-05,0.347097989104849
6.866455078125e-05,0.3471652431232766
6.866455078125e-05,0.34723249714170423
6.866455078125e-05,0.34729975116013184
6.866455078125e-05,0.3473670051785594
6.866455078125e-05,0.347434259196987
6.866455078125e-05,0.3475015132154146
6.866455078125e-05,0.3475687672338422
6.866455078125e-05,0.34763602125226983
6.866455078125e-05,0.34770327527069744
6.866455078125e-05,0.34777052928912505
6.866455078125e-05,0.3478377833075526
6.866455078125e-05,0.3479050373259802
6.866455078125e-05,0.3479722913444078
6.866455078125e-05,0.34803954536283543
6.890296936035156e-05,0.34810679938126304
6.890296936035156e-05,0.34817405339969065
6.890296936035156e-05,0.3482413074181182
6.890296936035156e-05,0.3483085614365458
6.890296936035156e-05,0.3483758154549734
6.890296936035156e-05,0.34844306947340103
6.890296936035156e-05,0.34851032349182864
6.890296936035156e-05,0.34857757751025625
6.890296936035156e-05,0.34864483152868386
6.890296936035156e-05,0.3487120855471114
6.890296936035156e-05,0.348779339565539
6.890296936035156e-05,0.34884659358396664
6.890296936035156e-05,0.34891384760239424
6.890296936035156e-05,0.34898110162082185
6.890296936035156e-05,0.34904835563924946
6.890296936035156e-05,0.3491156096576771
6.890296936035156e-05,0.3491828636761046
6.890296936035156e-05,0.34925011769453224
6.890296936035156e-05,0.34931737171295985
6.890296936035156e-05,0.34938462573138745
6.890296936035156e-05,0.34945187974981506
6.890296936035156e-05,0.3495191337682427
6.890296936035156e-05,0.3495863877866702
6.890296936035156e-05,0.34965364180509784
6.890296936035156e-05,0.34972089582352545
6.890296936035156e-05,0.34978814984195306
6.914138793945312e-05,0.34985540386038066
6.914138793945312e-05,0.3499226578788083
6.914138793945312e-05,0.3499899118972359
6.914138793945312e-05,0.35005716591566344
6.914138793945312e-05,0.35012441993409105
6.914138793945312e-05,0.35019167395251866
6.914138793945312e-05,0.35025892797094627
6.914138793945312e-05,0.3503261819893739
6.914138793945312e-05,0.3503934360078015
6.914138793945312e-05,0.3504606900262291
6.914138793945312e-05,0.35052794404465665
6.914138793945312e-05,0.35059519806308426
6.914138793945312e-05,0.35066245208151187
6.914138793945312e-05,0.3507297060999395
6.937980651855469e-05,0.3507969601183671
6.937980651855469e-05,0.3508642141367947
6.937980651855469e-05,0.35093146815522225
6.937980651855469e-05,0.35099872217364986
6.937980651855469e-05,0.35106597619207747
6.937980651855469e-05,0.3511332302105051
6.937980651855469e-05,0.3512004842289327
6.937980651855469e-05,0.3512677382473603
6.937980651855469e-05,0.3513349922657879
6.937980651855469e-05,0.35140224628421546
6.937980651855469e-05,0.35146950030264307
6.937980651855469e-05,0.3515367543210707
6.937980651855469e-05,0.3516040083394983
6.937980651855469e-05,0.3516712623579259
6.937980651855469e-05,0.3517385163763535
6.937980651855469e-05,0.3518057703947811
6.937980651855469e-05,0.35187302441320867
6.937980651855469e-05,0.3519402784316363
6.937980651855469e-05,0.3520075324500639
6.937980651855469e-05,0.3520747864684915
6.937980651855469e-05,0.3521420404869191
6.961822509765625e-05,0.3522092945053467
6.961822509765625e-05,0.35227654852377427
6.961822509765625e-05,0.3523438025422019
6.961822509765625e-05,0.3524110565606295
6.961822509765625e-05,0.3524783105790571
6.961822509765625e-05,0.3525455645974847
6.961822509765625e-05,0.3526128186159123
6.961822509765625e-05,0.3526800726343399
6.961822509765625e-05,0.3527473266527675
6.961822509765625e-05,0.3528145806711951
6.961822509765625e-05,0.3528818346896227
6.961822509765625e-05,0.3529490887080503
6.961822509765625e-05,0.3530163427264779
6.961822509765625e-05,0.3530835967449055
6.961822509765625e-05,0.35315085076333314
6.961822509765625e-05,0.3532181047817607
6.961822509765625e-05,0.3532853588001883
6.961822509765625e-05,0.3533526128186159
6.961822509765625e-05,0.3534198668370435
6.961822509765625e-05,0.3534871208554711
6.961822509765625e-05,0.35355437487389874
6.961822509765625e-05,0.3536216288923263
6.961822509765625e-05,0.3536888829107539
6.985664367675781e-05,0.3537561369291815
6.985664367675781e-05,0.3538233909476091
6.985664367675781e-05,0.3538906449660367
6.985664367675781e-05,0.35395789898446434
6.985664367675781e-05,0.35402515300289195
6.985664367675781e-05,0.3540924070213195
6.985664367675781e-05,0.3541596610397471
6.985664367675781e-05,0.3542269150581747
6.985664367675781e-05,0.3542941690766023
6.985664367675781e-05,0.35436142309502994
6.985664367675781e-05,0.35442867711345755
6.985664367675781e-05,0.35449593113188516
6.985664367675781e-05,0.3545631851503127
6.985664367675781e-05,0.3546304391687403
6.985664367675781e-05,0.35469769318716793
6.985664367675781e-05,0.35476494720559554
6.985664367675781e-05,0.35483220122402315
6.985664367675781e-05,0.35489945524245076
6.985664367675781e-05,0.3549667092608783
6.985664367675781e-05,0.3550339632793059
6.985664367675781e-05,0.35510121729773353
6.985664367675781e-05,0.35516847131616114
6.985664367675781e-05,0.35523572533458875
6.985664367675781e-05,0.35530297935301636
6.985664367675781e-05,0.35537023337144397
6.985664367675781e-05,0.3554374873898715
7.009506225585938e-05,0.35550474140829913
7.009506225585938e-05,0.35557199542672674
7.009506225585938e-05,0.35563924944515435
7.009506225585938e-05,0.35570650346358196
7.009506225585938e-05,0.35577375748200957
7.009506225585938e-05,0.3558410115004372
7.009506225585938e-05,0.35590826551886473
7.009506225585938e-05,0.35597551953729234
7.009506225585938e-05,0.35604277355571995
7.009506225585938e-05,0.35611002757414756
7.009506225585938e-05,0.35617728159257517
7.009506225585938e-05,0.3562445356110028
7.009506225585938e-05,0.35631178962943033
7.009506225585938e-05,0.35637904364785794
7.009506225585938e-05,0.35644629766628555
7.009506225585938e-05,0.35651355168471316
7.009506225585938e-05,0.35658080570314077
7.009506225585938e-05,0.3566480597215684
7.009506225585938e-05,0.356715313739996
7.009506225585938e-05,0.35678256775842354
7.009506225585938e-05,0.35684982177685115
7.009506225585938e-05,0.35691707579527876
7.009506225585938e-05,0.35698432981370637
7.009506225585938e-05,0.357051583832134
7.009506225585938e-05,0.3571188378505616
7.009506225585938e-05,0.3571860918689892
7.033348083496094e-05,0.35725334588741675
7.033348083496094e-05,0.35732059990584436
7.033348083496094e-05,0.35738785392427197
7.033348083496094e-05,0.3574551079426996
7.033348083496094e-05,0.3575223619611272
7.033348083496094e-05,0.3575896159795548
7.033348083496094e-05,0.35765686999798235
7.033348083496094e-05,0.35772412401640996
7.033348083496094e-05,0.35779137803483757
7.033348083496094e-05,0.3578586320532652
7.033348083496094e-05,0.3579258860716928
7.033348083496094e-05,0.3579931400901204
7.033348083496094e-05,0.358060394108548
7.033348083496094e-05,0.35812764812697556
7.033348083496094e-05,0.35819490214540317
7.033348083496094e-05,0.3582621561638308
7.033348083496094e-05,0.3583294101822584
7.033348083496094e-05,0.358396664200686
7.033348083496094e-05,0.3584639182191136
7.033348083496094e-05,0.3585311722375412
7.033348083496094e-05,0.35859842625596877
7.033348083496094e-05,0.3586656802743964
7.033348083496094e-05,0.358732934292824
7.033348083496094e-05,0.3588001883112516
7.033348083496094e-05,0.3588674423296792
7.033348083496094e-05,0.3589346963481068
7.033348083496094e-05,0.35900195036653443
7.05718994140625e-05,0.359069204384962
7.05718994140625e-05,0.3591364584033896
7.05718994140625e-05,0.3592037124218172
7.05718994140625e-05,0.3592709664402448
7.05718994140625e-05,0.3593382204586724
7.05718994140625e-05,0.35940547447710003
7.05718994140625e-05,0.3594727284955276
7.05718994140625e-05,0.3595399825139552
7.05718994140625e-05,0.3596072365323828
7.05718994140625e-05,0.3596744905508104
7.05718994140625e-05,0.359741744569238
7.05718994140625e-05,0.35980899858766563
7.05718994140625e-05,0.35987625260609324
7.05718994140625e-05,0.3599435066245208
7.05718994140625e-05,0.3600107606429484
7.05718994140625e-05,0.360078014661376
7.05718994140625e-05,0.3601452686798036
7.05718994140625e-05,0.36021252269823123
7.05718994140625e-05,0.36027977671665884
7.05718994140625e-05,0.36034703073508645
7.05718994140625e-05,0.360414284753514
7.05718994140625e-05,0.3604815387719416
7.05718994140625e-05,0.3605487927903692
7.05718994140625e-05,0.36061604680879683
7.05718994140625e-05,0.36068330082722444
7.05718994140625e-05,0.36075055484565205
7.05718994140625e-05,0.3608178088640796
7.081031799316406e-05,0.3608850628825072
7.081031799316406e-05,0.3609523169009348
7.081031799316406e-05,0.36101957091936243
7.081031799316406e-05,0.36108682493779004
7.081031799316406e-05,0.36115407895621765
7.081031799316406e-05,0.36122133297464526
7.081031799316406e-05,0.3612885869930728
7.081031799316406e-05,0.3613558410115004
7.081031799316406e-05,0.36142309502992803
7.081031799316406e-05,0.36149034904835564
7.081031799316406e-05,0.36155760306678325
7.081031799316406e-05,0.36162485708521086
7.081031799316406e-05,0.36169211110363847
7.081031799316406e-05,0.361759365122066
7.081031799316406e-05,0.36182661914049363
7.081031799316406e-05,0.36189387315892124
7.081031799316406e-05,0.36196112717734885
7.081031799316406e-05,0.36202838119577646
7.081031799316406e-05,0.36209563521420407
7.081031799316406e-05,0.3621628892326316
7.081031799316406e-05,0.36223014325105923
7.081031799316406e-05,0.36229739726948684
7.081031799316406e-05,0.36236465128791445
7.081031799316406e-05,0.36243190530634206
7.081031799316406e-05,0.36249915932476967
7.081031799316406e-05,0.3625664133431973
7.081031799316406e-05,0.36263366736162483
7.104873657226562e-05,0.36270092138005244
7.104873657226562e-05,0.36276817539848005
7.104873657226562e-05,0.36283542941690766
7.104873657226562e-05,0.36290268343533527
7.104873657226562e-05,0.3629699374537629
7.104873657226562e-05,0.3630371914721905
7.104873657226562e-05,0.36310444549061804
7.104873657226562e-05,0.36317169950904565
7.104873657226562e-05,0.36323895352747326
7.104873657226562e-05,0.36330620754590087
7.104873657226562e-05,0.3633734615643285
7.104873657226562e-05,0.3634407155827561
7.104873657226562e-05,0.36350796960118364
7.104873657226562e-05,0.36357522361961125
7.104873657226562e-05,0.36364247763803886
7.104873657226562e-05,0.3637097316564665
7.104873657226562e-05,0.3637769856748941
7.104873657226562e-05,0.3638442396933217
7.104873657226562e-05,0.3639114937117493
7.104873657226562e-05,0.36397874773017685
7.104873657226562e-05,0.36404600174860446
7.104873657226562e-05,0.3641132557670321
7.104873657226562e-05,0.3641805097854597
7.104873657226562e-05,0.3642477638038873
7.104873657226562e-05,0.3643150178223149
7.104873657226562e-05,0.3643822718407425
7.104873657226562e-05,0.36444952585917006
7.104873657226562e-05,0.3645167798775977
7.104873657226562e-05,0.3645840338960253
7.128715515136719e-05,0.3646512879144529
7.128715515136719e-05,0.3647185419328805
7.128715515136719e-05,0.3647857959513081
7.128715515136719e-05,0.36485304996973567
7.128715515136719e-05,0.3649203039881633
7.128715515136719e-05,0.3649875580065909
7.128715515136719e-05,0.3650548120250185
7.128715515136719e-05,0.3651220660434461
7.128715515136719e-05,0.3651893200618737
7.128715515136719e-05,0.3652565740803013
7.128715515136719e-05,0.3653238280987289
7.128715515136719e-05,0.3653910821171565
7.128715515136719e-05,0.3654583361355841
7.128715515136719e-05,0.3655255901540117
7.128715515136719e-05,0.3655928441724393
7.128715515136719e-05,0.3656600981908669
7.128715515136719e-05,0.36572735220929453
7.128715515136719e-05,0.3657946062277221
7.128715515136719e-05,0.3658618602461497
7.128715515136719e-05,0.3659291142645773
7.128715515136719e-05,0.3659963682830049
7.128715515136719e-05,0.3660636223014325
7.128715515136719e-05,0.36613087631986013
7.128715515136719e-05,0.3661981303382877
7.128715515136719e-05,0.3662653843567153
7.152557373046875e-05,0.3663326383751429
7.152557373046875e-05,0.3663998923935705
7.152557373046875e-05,0.3664671464119981
7.152557373046875e-05,0.36653440043042573
7.152557373046875e-05,0.36660165444885334
7.152557373046875e-05,0.3666689084672809
7.152557373046875e-05,0.3667361624857085
7.152557373046875e-05,0.3668034165041361
7.152557373046875e-05,0.3668706705225637
7.152557373046875e-05,0.36693792454099133
7.152557373046875e-05,0.36700517855941894
7.152557373046875e-05,0.36707243257784655
7.152557373046875e-05,0.3671396865962741
7.152557373046875e-05,0.3672069406147017
7.152557373046875e-05,0.3672741946331293
7.152557373046875e-05,0.36734144865155693
7.152557373046875e-05,0.36740870266998454
7.152557373046875e-05,0.36747595668841215
7.152557373046875e-05,0.3675432107068397
7.152557373046875e-05,0.3676104647252673
7.152557373046875e-05,0.3676777187436949
7.152557373046875e-05,0.36774497276212254
7.152557373046875e-05,0.36781222678055014
7.152557373046875e-05,0.36787948079897775
7.176399230957031e-05,0.36794673481740536
7.176399230957031e-05,0.3680139888358329
7.176399230957031e-05,0.3680812428542605
7.176399230957031e-05,0.36814849687268814
7.176399230957031e-05,0.36821575089111575
7.176399230957031e-05,0.36828300490954335
7.176399230957031e-05,0.36835025892797096
7.176399230957031e-05,0.3684175129463986
7.176399230957031e-05,0.3684847669648261
7.176399230957031e-05,0.36855202098325374
7.176399230957031e-05,0.36861927500168135
7.176399230957031e-05,0.36868652902010896
7.176399230957031e-05,0.36875378303853656
7.176399230957031e-05,0.3688210370569642
7.176399230957031e-05,0.3688882910753917
7.176399230957031e-05,0.36895554509381934
7.176399230957031e-05,0.36902279911224695
7.176399230957031e-05,0.36909005313067456
7.176399230957031e-05,0.36915730714910217
7.176399230957031e-05,0.3692245611675298
7.176399230957031e-05,0.3692918151859574
7.176399230957031e-05,0.36935906920438494
7.176399230957031e-05,0.36942632322281255
7.176399230957031e-05,0.36949357724124016
7.176399230957031e-05,0.36956083125966777
7.176399230957031e-05,0.3696280852780954
7.176399230957031e-05,0.369695339296523
7.200241088867188e-05,0.3697625933149506
7.200241088867188e-05,0.36982984733337815
7.200241088867188e-05,0.36989710135180576
7.200241088867188e-05,0.36996435537023337
7.200241088867188e-05,0.370031609388661
7.200241088867188e-05,0.3700988634070886
7.200241088867188e-05,0.3701661174255162
7.200241088867188e-05,0.37023337144394375
7.200241088867188e-05,0.37030062546237136
7.200241088867188e-05,0.37036787948079897
7.200241088867188e-05,0.3704351334992266
7.200241088867188e-05,0.3705023875176542
7.200241088867188e-05,0.3705696415360818
7.200241088867188e-05,0.3706368955545094
7.200241088867188e-05,0.37070414957293696
7.200241088867188e-05,0.37077140359136457
7.200241088867188e-05,0.3708386576097922
7.200241088867188e-05,0.3709059116282198
7.200241088867188e-05,0.3709731656466474
7.200241088867188e-05,0.371040419665075
7.200241088867188e-05,0.3711076736835026
7.200241088867188e-05,0.37117492770193017
7.200241088867188e-05,0.3712421817203578
7.200241088867188e-05,0.3713094357387854
7.200241088867188e-05,0.371376689757213
7.200241088867188e-05,0.3714439437756406
7.200241088867188e-05,0.3715111977940682
7.200241088867188e-05,0.37157845181249577
7.200241088867188e-05,0.3716457058309234
7.200241088867188e-05,0.371712959849351
7.200241088867188e-05,0.3717802138677786
7.200241088867188e-05,0.3718474678862062
7.224082946777344e-05,0.3719147219046338
7.224082946777344e-05,0.3719819759230614
7.224082946777344e-05,0.372049229941489
7.224082946777344e-05,0.3721164839599166
7.224082946777344e-05,0.3721837379783442
7.224082946777344e-05,0.3722509919967718
7.224082946777344e-05,0.3723182460151994
7.224082946777344e-05,0.372385500033627
7.224082946777344e-05,0.37245275405205464
7.224082946777344e-05,0.3725200080704822
7.224082946777344e-05,0.3725872620889098
7.224082946777344e-05,0.3726545161073374
7.224082946777344e-05,0.372721770125765
7.224082946777344e-05,0.3727890241441926
7.224082946777344e-05,0.37285627816262024
7.224082946777344e-05,0.3729235321810478
7.224082946777344e-05,0.3729907861994754
7.224082946777344e-05,0.373058040217903
7.224082946777344e-05,0.3731252942363306
7.224082946777344e-05,0.3731925482547582
7.224082946777344e-05,0.37325980227318584
7.224082946777344e-05,0.37332705629161345
7.224082946777344e-05,0.373394310310041
7.224082946777344e-05,0.3734615643284686
7.224082946777344e-05,0.3735288183468962
7.224082946777344e-05,0.37359607236532383
7.224082946777344e-05,0.37366332638375144
7.224082946777344e-05,0.37373058040217905
7.224082946777344e-05,0.37379783442060666
7.224082946777344e-05,0.3738650884390342
7.224082946777344e-05,0.3739323424574618
7.224082946777344e-05,0.37399959647588943
7.224082946777344e-05,0.37406685049431704
7.224082946777344e-05,0.37413410451274465
7.2479248046875e-05,0.37420135853117226
7.2479248046875e-05,0.37426861254959987
7.2479248046875e-05,0.3743358665680274
7.2479248046875e-05,0.37440312058645503
7.2479248046875e-05,0.37447037460488264
7.2479248046875e-05,0.37453762862331025
7.2479248046875e-05,0.37460488264173786
7.2479248046875e-05,0.37467213666016547
7.2479248046875e-05,0.374739390678593
7.2479248046875e-05,0.37480664469702063
7.2479248046875e-05,0.37487389871544824
7.2479248046875e-05,0.37494115273387585
7.2479248046875e-05,0.37500840675230346
7.2479248046875e-05,0.37507566077073107
7.2479248046875e-05,0.3751429147891587
7.2479248046875e-05,0.37521016880758623
7.2479248046875e-05,0.37527742282601384
7.2479248046875e-05,0.37534467684444145
7.2479248046875e-05,0.37541193086286906
7.2479248046875e-05,0.37547918488129667
7.2479248046875e-05,0.3755464388997243
7.2479248046875e-05,0.3756136929181519
7.2479248046875e-05,0.37568094693657944
7.2479248046875e-05,0.37574820095500705
7.2479248046875e-05,0.37581545497343466
7.2479248046875e-05,0.37588270899186227
7.2479248046875e-05,0.3759499630102899
7.2479248046875e-05,0.3760172170287175
7.2479248046875e-05,0.37608447104714504
7.2479248046875e-05,0.37615172506557265
7.2479248046875e-05,0.37621897908400026
7.2479248046875e-05,0.37628623310242787
7.271766662597656e-05,0.3763534871208555
7.271766662597656e-05,0.3764207411392831
7.271766662597656e-05,0.3764879951577107
7.271766662597656e-05,0.37655524917613825
7.271766662597656e-05,0.37662250319456586
7.271766662597656e-05,0.37668975721299347
7.271766662597656e-05,0.3767570112314211
7.271766662597656e-05,0.3768242652498487
7.271766662597656e-05,0.3768915192682763
7.271766662597656e-05,0.3769587732867039
7.271766662597656e-05,0.37702602730513146
7.271766662597656e-05,0.37709328132355907
7.271766662597656e-05,0.3771605353419867
7.271766662597656e-05,0.3772277893604143
7.271766662597656e-05,0.3772950433788419
7.271766662597656e-05,0.3773622973972695
7.271766662597656e-05,0.37742955141569706
7.271766662597656e-05,0.37749680543412467
7.271766662597656e-05,0.3775640594525523
7.271766662597656e-05,0.3776313134709799
7.271766662597656e-05,0.3776985674894075
7.271766662597656e-05,0.3777658215078351
7.271766662597656e-05,0.3778330755262627
7.271766662597656e-05,0.37790032954469027
7.271766662597656e-05,0.3779675835631179
7.271766662597656e-05,0.3780348375815455
7.271766662597656e-05,0.3781020915999731
7.271766662597656e-05,0.3781693456184007
7.271766662597656e-05,0.3782365996368283
7.271766662597656e-05,0.37830385365525593
7.295608520507812e-05,0.3783711076736835
7.295608520507812e-05,0.3784383616921111
7.295608520507812e-05,0.3785056157105387
7.295608520507812e-05,0.3785728697289663
7.295608520507812e-05,0.3786401237473939
7.295608520507812e-05,0.37870737776582153
7.295608520507812e-05,0.3787746317842491
7.295608520507812e-05,0.3788418858026767
7.295608520507812e-05,0.3789091398211043
7.295608520507812e-05,0.3789763938395319
7.295608520507812e-05,0.3790436478579595
7.295608520507812e-05,0.37911090187638713
7.295608520507812e-05,0.37917815589481474
7.295608520507812e-05,0.3792454099132423
7.295608520507812e-05,0.3793126639316699
7.295608520507812e-05,0.3793799179500975
7.295608520507812e-05,0.3794471719685251
7.295608520507812e-05,0.37951442598695273
7.295608520507812e-05,0.37958168000538034
7.295608520507812e-05,0.37964893402380795
7.295608520507812e-05,0.3797161880422355
7.295608520507812e-05,0.3797834420606631
7.295608520507812e-05,0.3798506960790907
7.295608520507812e-05,0.37991795009751833
7.295608520507812e-05,0.37998520411594594
7.295608520507812e-05,0.38005245813437355
7.295608520507812e-05,0.3801197121528011
7.295608520507812e-05,0.3801869661712287
7.295608520507812e-05,0.3802542201896563
7.319450378417969e-05,0.38032147420808393
7.319450378417969e-05,0.38038872822651154
7.319450378417969e-05,0.38045598224493915
7.319450378417969e-05,0.38052323626336676
7.319450378417969e-05,0.3805904902817943
7.319450378417969e-05,0.3806577443002219
7.319450378417969e-05,0.38072499831864953
7.319450378417969e-05,0.38079225233707714
7.319450378417969e-05,0.38085950635550475
7.319450378417969e-05,0.38092676037393236
7.319450378417969e-05,0.38099401439235997
7.319450378417969e-05,0.3810612684107875
7.319450378417969e-05,0.38112852242921513
7.319450378417969e-05,0.38119577644764274
7.319450378417969e-05,0.38126303046607035
7.319450378417969e-05,0.38133028448449796
7.319450378417969e-05,0.38139753850292557
7.319450378417969e-05,0.3814647925213531
7.319450378417969e-05,0.38153204653978073
7.319450378417969e-05,0.38159930055820834
7.319450378417969e-05,0.38166655457663595
7.319450378417969e-05,0.38173380859506356
7.319450378417969e-05,0.38180106261349117
7.319450378417969e-05,0.3818683166319188
7.319450378417969e-05,0.38193557065034633
7.319450378417969e-05,0.38200282466877394
7.319450378417969e-05,0.38207007868720155
7.319450378417969e-05,0.38213733270562916
7.319450378417969e-05,0.38220458672405677
7.319450378417969e-05,0.3822718407424844
7.319450378417969e-05,0.382339094760912
7.319450378417969e-05,0.38240634877933954
7.319450378417969e-05,0.38247360279776715
7.319450378417969e-05,0.38254085681619476
7.319450378417969e-05,0.3826081108346224
7.319450378417969e-05,0.38267536485305
7.319450378417969e-05,0.3827426188714776
7.319450378417969e-05,0.38280987288990515
7.319450378417969e-05,0.38287712690833275
7.319450378417969e-05,0.38294438092676036
7.319450378417969e-05,0.383011634945188
7.343292236328125e-05,0.3830788889636156
7.343292236328125e-05,0.3831461429820432
7.343292236328125e-05,0.3832133970004708
7.343292236328125e-05,0.38328065101889836
7.343292236328125e-05,0.38334790503732596
7.343292236328125e-05,0.3834151590557536
7.343292236328125e-05,0.3834824130741812
7.343292236328125e-05,0.3835496670926088
7.343292236328125e-05,0.3836169211110364
7.343292236328125e-05,0.383684175129464
7.343292236328125e-05,0.38375142914789157
7.343292236328125e-05,0.3838186831663192
7.343292236328125e-05,0.3838859371847468
7.343292236328125e-05,0.3839531912031744
7.343292236328125e-05,0.384020445221602
7.343292236328125e-05,0.3840876992400296
7.343292236328125e-05,0.38415495325845717
7.343292236328125e-05,0.3842222072768848
7.343292236328125e-05,0.3842894612953124
7.343292236328125e-05,0.38435671531374
7.343292236328125e-05,0.3844239693321676
7.343292236328125e-05,0.3844912233505952
7.343292236328125e-05,0.3845584773690228
7.343292236328125e-05,0.3846257313874504
7.343292236328125e-05,0.384692985405878
7.343292236328125e-05,0.3847602394243056
7.343292236328125e-05,0.3848274934427332
7.343292236328125e-05,0.3848947474611608
7.343292236328125e-05,0.3849620014795884
7.343292236328125e-05,0.38502925549801603
7.343292236328125e-05,0.3850965095164436
7.343292236328125e-05,0.3851637635348712
7.343292236328125e-05,0.3852310175532988
7.343292236328125e-05,0.3852982715717264
7.343292236328125e-05,0.385365525590154
7.343292236328125e-05,0.38543277960858163
7.343292236328125e-05,0.3855000336270092
7.367134094238281e-05,0.3855672876454368
7.367134094238281e-05,0.3856345416638644
7.367134094238281e-05,0.385701795682292
7.367134094238281e-05,0.3857690497007196
7.367134094238281e-05,0.38583630371914723
7.367134094238281e-05,0.38590355773757484
7.367134094238281e-05,0.3859708117560024
7.367134094238281e-05,0.38603806577443
7.367134094238281e-05,0.3861053197928576
7.367134094238281e-05,0.3861725738112852
7.367134094238281e-05,0.38623982782971283
7.367134094238281e-05,0.38630708184814044
7.367134094238281e-05,0.38637433586656805
7.367134094238281e-05,0.3864415898849956
7.367134094238281e-05,0.3865088439034232
7.367134094238281e-05,0.3865760979218508
7.367134094238281e-05,0.38664335194027843
7.367134094238281e-05,0.38671060595870604
7.367134094238281e-05,0.38677785997713365
7.367134094238281e-05,0.3868451139955612
7.367134094238281e-05,0.3869123680139888
7.367134094238281e-05,0.3869796220324164
7.367134094238281e-05,0.38704687605084404
7.367134094238281e-05,0.38711413006927164
7.367134094238281e-05,0.38718138408769925
7.367134094238281e-05,0.38724863810612686
7.367134094238281e-05,0.3873158921245544
7.367134094238281e-05,0.387383146142982
7.367134094238281e-05,0.38745040016140964
7.367134094238281e-05,0.38751765417983725
7.367134094238281e-05,0.38758490819826485
7.367134094238281e-05,0.38765216221669246
7.367134094238281e-05,0.3877194162351201
7.367134094238281e-05,0.3877866702535476
7.367134094238281e-05,0.38785392427197524
7.367134094238281e-05,0.38792117829040285
7.367134094238281e-05,0.38798843230883046
7.390975952148438e-05,0.38805568632725806
7.390975952148438e-05,0.3881229403456857
7.390975952148438e-05,0.3881901943641133
7.390975952148438e-05,0.38825744838254084
7.390975952148438e-05,0.38832470240096845
7.390975952148438e-05,0.38839195641939606
7.390975952148438e-05,0.38845921043782367
7.390975952148438e-05,0.3885264644562513
7.390975952148438e-05,0.3885937184746789
7.390975952148438e-05,0.38866097249310644
7.390975952148438e-05,0.38872822651153405
7.390975952148438e-05,0.38879548052996166
7.390975952148438e-05,0.38886273454838927
7.390975952148438e-05,0.3889299885668169
7.390975952148438e-05,0.3889972425852445
7.390975952148438e-05,0.3890644966036721
7.390975952148438e-05,0.38913175062209965
7.390975952148438e-05,0.38919900464052726
7.390975952148438e-05,0.38926625865895487
7.390975952148438e-05,0.3893335126773825
7.390975952148438e-05,0.3894007666958101
7.390975952148438e-05,0.3894680207142377
7.390975952148438e-05,0.3895352747326653
7.390975952148438e-05,0.38960252875109286
7.390975952148438e-05,0.38966978276952047
7.390975952148438e-05,0.3897370367879481
7.390975952148438e-05,0.3898042908063757
7.390975952148438e-05,0.3898715448248033
7.390975952148438e-05,0.3899387988432309
7.390975952148438e-05,0.39000605286165846
7.390975952148438e-05,0.39007330688008607
7.390975952148438e-05,0.3901405608985137
7.390975952148438e-05,0.3902078149169413
7.390975952148438e-05,0.3902750689353689
7.390975952148438e-05,0.3903423229537965
7.390975952148438e-05,0.3904095769722241
7.390975952148438e-05,0.39047683099065167
7.390975952148438e-05,0.3905440850090793
7.390975952148438e-05,0.3906113390275069
7.390975952148438e-05,0.3906785930459345
7.390975952148438e-05,0.3907458470643621
7.390975952148438e-05,0.3908131010827897
7.390975952148438e-05,0.3908803551012173
7.390975952148438e-05,0.3909476091196449
7.390975952148438e-05,0.3910148631380725
7.390975952148438e-05,0.3910821171565001
7.390975952148438e-05,0.3911493711749277
7.414817810058594e-05,0.3912166251933553
7.414817810058594e-05,0.3912838792117829
7.414817810058594e-05,0.3913511332302105
7.414817810058594e-05,0.3914183872486381
7.414817810058594e-05,0.3914856412670657
7.414817810058594e-05,0.3915528952854933
7.414817810058594e-05,0.3916201493039209
7.414817810058594e-05,0.3916874033223485
7.414817810058594e-05,0.39175465734077614
7.414817810058594e-05,0.3918219113592037
7.414817810058594e-05,0.3918891653776313
7.414817810058594e-05,0.3919564193960589
7.414817810058594e-05,0.3920236734144865
7.414817810058594e-05,0.3920909274329141
7.414817810058594e-05,0.39215818145134174
7.414817810058594e-05,0.39222543546976935
7.414817810058594e-05,0.3922926894881969
7.414817810058594e-05,0.3923599435066245
7.414817810058594e-05,0.3924271975250521
7.414817810058594e-05,0.3924944515434797
7.414817810058594e-05,0.39256170556190734
7.414817810058594e-05,0.39262895958033495
7.414817810058594e-05,0.3926962135987625
7.414817810058594e-05,0.3927634676171901
7.414817810058594e-05,0.3928307216356177
7.414817810058594e-05,0.39289797565404533
7.414817810058594e-05,0.39296522967247294
7.414817810058594e-05,0.39303248369090055
7.414817810058594e-05,0.39309973770932816
7.414817810058594e-05,0.3931669917277557
7.414817810058594e-05,0.3932342457461833
7.414817810058594e-05,0.39330149976461093
7.414817810058594e-05,0.39336875378303854
7.414817810058594e-05,0.39343600780146615
7.414817810058594e-05,0.39350326181989376
7.414817810058594e-05,0.39357051583832137
7.414817810058594e-05,0.3936377698567489
7.414817810058594e-05,0.39370502387517653
7.43865966796875e-05,0.39377227789360414
7.43865966796875e-05,0.39383953191203175
7.43865966796875e-05,0.39390678593045936
7.43865966796875e-05,0.39397403994888697
7.43865966796875e-05,0.3940412939673145
7.43865966796875e-05,0.39410854798574213
7.43865966796875e-05,0.39417580200416974
7.43865966796875e-05,0.39424305602259735
7.43865966796875e-05,0.39431031004102496
7.43865966796875e-05,0.39437756405945257
7.43865966796875e-05,0.3944448180778802
7.43865966796875e-05,0.39451207209630773
7.43865966796875e-05,0.39457932611473534
7.43865966796875e-05,0.39464658013316295
7.43865966796875e-05,0.39471383415159056
7.43865966796875e-05,0.39478108817001817
7.43865966796875e-05,0.3948483421884458
7.43865966796875e-05,0.3949155962068734
7.43865966796875e-05,0.39498285022530094
7.43865966796875e-05,0.39505010424372855
7.43865966796875e-05,0.39511735826215616
7.43865966796875e-05,0.39518461228058377
7.43865966796875e-05,0.3952518662990114
7.43865966796875e-05,0.395319120317439
7.43865966796875e-05,0.39538637433586654
7.43865966796875e-05,0.39545362835429415
7.43865966796875e-05,0.39552088237272176
7.43865966796875e-05,0.39558813639114937
7.43865966796875e-05,0.395655390409577
7.43865966796875e-05,0.3957226444280046
7.43865966796875e-05,0.3957898984464322
7.43865966796875e-05,0.39585715246485975
7.43865966796875e-05,0.39592440648328736
7.43865966796875e-05,0.39599166050171497
7.43865966796875e-05,0.3960589145201426
7.43865966796875e-05,0.3961261685385702
7.43865966796875e-05,0.3961934225569978
7.43865966796875e-05,0.3962606765754254
7.43865966796875e-05,0.39632793059385296
7.43865966796875e-05,0.39639518461228057
7.43865966796875e-05,0.3964624386307082
7.43865966796875e-05,0.3965296926491358
7.43865966796875e-05,0.3965969466675634
7.43865966796875e-05,0.396664200685991
7.43865966796875e-05,0.39673145470441856
7.43865966796875e-05,0.39679870872284617
7.43865966796875e-05,0.3968659627412738
7.462501525878906e-05,0.3969332167597014
7.462501525878906e-05,0.397000470778129
7.462501525878906e-05,0.3970677247965566
7.462501525878906e-05,0.3971349788149842
7.462501525878906e-05,0.3972022328334118
7.462501525878906e-05,0.3972694868518394
7.462501525878906e-05,0.397336740870267
7.462501525878906e-05,0.3974039948886946
7.462501525878906e-05,0.3974712489071222
7.462501525878906e-05,0.3975385029255498
7.462501525878906e-05,0.39760575694397743
7.462501525878906e-05,0.397673010962405
7.462501525878906e-05,0.3977402649808326
7.462501525878906e-05,0.3978075189992602
7.462501525878906e-05,0.3978747730176878
7.462501525878906e-05,0.3979420270361154
7.462501525878906e-05,0.39800928105454303
7.462501525878906e-05,0.3980765350729706
7.462501525878906e-05,0.3981437890913982
7.462501525878906e-05,0.3982110431098258
7.462501525878906e-05,0.3982782971282534
7.462501525878906e-05,0.398345551146681
7.462501525878906e-05,0.39841280516510863
7.462501525878906e-05,0.39848005918353624
7.462501525878906e-05,0.3985473132019638
7.462501525878906e-05,0.3986145672203914
7.462501525878906e-05,0.398681821238819
7.462501525878906e-05,0.3987490752572466
7.462501525878906e-05,0.39881632927567423
7.462501525878906e-05,0.39888358329410184
7.462501525878906e-05,0.39895083731252945
7.462501525878906e-05,0.399018091330957
7.462501525878906e-05,0.3990853453493846
7.462501525878906e-05,0.3991525993678122
7.462501525878906e-05,0.39921985338623983
7.462501525878906e-05,0.39928710740466744
7.462501525878906e-05,0.39935436142309505
7.462501525878906e-05,0.3994216154415226
7.462501525878906e-05,0.3994888694599502
7.462501525878906e-05,0.3995561234783778
7.462501525878906e-05,0.39962337749680543
7.486343383789062e-05,0.39969063151523304
7.486343383789062e-05,0.39975788553366065
7.486343383789062e-05,0.39982513955208826
7.486343383789062e-05,0.3998923935705158
7.486343383789062e-05,0.3999596475889434
7.486343383789062e-05,0.40002690160737103
7.486343383789062e-05,0.40009415562579864
7.486343383789062e-05,0.40016140964422625
7.486343383789062e-05,0.40022866366265386
7.486343383789062e-05,0.40029591768108147
7.486343383789062e-05,0.400363171699509
7.486343383789062e-05,0.40043042571793663
7.486343383789062e-05,0.40049767973636424
7.486343383789062e-05,0.40056493375479185
7.486343383789062e-05,0.40063218777321946
7.486343383789062e-05,0.40069944179164707
7.486343383789062e-05,0.4007666958100746
7.486343383789062e-05,0.40083394982850223
7.486343383789062e-05,0.40090120384692984
7.486343383789062e-05,0.40096845786535745
7.486343383789062e-05,0.40103571188378506
7.486343383789062e-05,0.40110296590221267
7.486343383789062e-05,0.4011702199206403
7.486343383789062e-05,0.40123747393906783
7.486343383789062e-05,0.40130472795749544
7.486343383789062e-05,0.40137198197592305
7.486343383789062e-05,0.40143923599435066
7.486343383789062e-05,0.40150649001277827
7.486343383789062e-05,0.4015737440312059
7.486343383789062e-05,0.4016409980496335
7.486343383789062e-05,0.40170825206806104
7.486343383789062e-05,0.40177550608648865
7.486343383789062e-05,0.40184276010491626
7.486343383789062e-05,0.4019100141233439
7.486343383789062e-05,0.4019772681417715
7.486343383789062e-05,0.4020445221601991
7.486343383789062e-05,0.40211177617862665
7.486343383789062e-05,0.40217903019705425
7.486343383789062e-05,0.40224628421548186
7.486343383789062e-05,0.4023135382339095
7.486343383789062e-05,0.4023807922523371
7.486343383789062e-05,0.4024480462707647
7.486343383789062e-05,0.4025153002891923
7.486343383789062e-05,0.40258255430761986
7.486343383789062e-05,0.40264980832604746
7.510185241699219e-05,0.4027170623444751
7.510185241699219e-05,0.4027843163629027
7.510185241699219e-05,0.4028515703813303
7.510185241699219e-05,0.4029188243997579
7.510185241699219e-05,0.4029860784181855
7.510185241699219e-05,0.40305333243661307
7.510185241699219e-05,0.4031205864550407
7.510185241699219e-05,0.4031878404734683
7.510185241699219e-05,0.4032550944918959
7.510185241699219e-05,0.4033223485103235
7.510185241699219e-05,0.4033896025287511
7.510185241699219e-05,0.4034568565471787
7.510185241699219e-05,0.4035241105656063
7.510185241699219e-05,0.4035913645840339
7.510185241699219e-05,0.4036586186024615
7.510185241699219e-05,0.4037258726208891
7.510185241699219e-05,0.4037931266393167
7.510185241699219e-05,0.4038603806577443
7.510185241699219e-05,0.4039276346761719
7.510185241699219e-05,0.4039948886945995
7.510185241699219e-05,0.4040621427130271
7.510185241699219e-05,0.4041293967314547
7.510185241699219e-05,0.4041966507498823
7.510185241699219e-05,0.4042639047683099
7.510185241699219e-05,0.40433115878673753
7.510185241699219e-05,0.4043984128051651
7.510185241699219e-05,0.4044656668235927
7.510185241699219e-05,0.4045329208420203
7.510185241699219e-05,0.4046001748604479
7.510185241699219e-05,0.4046674288788755
7.510185241699219e-05,0.40473468289730313
7.510185241699219e-05,0.40480193691573074
7.510185241699219e-05,0.4048691909341583
7.510185241699219e-05,0.4049364449525859
7.510185241699219e-05,0.4050036989710135
7.510185241699219e-05,0.4050709529894411
7.510185241699219e-05,0.40513820700786873
7.510185241699219e-05,0.40520546102629634
7.510185241699219e-05,0.4052727150447239
7.510185241699219e-05,0.4053399690631515
7.510185241699219e-05,0.4054072230815791
7.510185241699219e-05,0.4054744771000067
7.534027099609375e-05,0.40554173111843433
7.534027099609375e-05,0.40560898513686194
7.534027099609375e-05,0.40567623915528955
7.534027099609375e-05,0.4057434931737171
7.534027099609375e-05,0.4058107471921447
7.534027099609375e-05,0.4058780012105723
7.534027099609375e-05,0.40594525522899993
7.534027099609375e-05,0.40601250924742754
7.534027099609375e-05,0.40607976326585515
7.534027099609375e-05,0.40614701728428276
7.534027099609375e-05,0.4062142713027103
7.534027099609375e-05,0.4062815253211379
7.534027099609375e-05,0.40634877933956554
7.534027099609375e-05,0.40641603335799315
7.534027099609375e-05,0.40648328737642075
7.534027099609375e-05,0.40655054139484836
7.534027099609375e-05,0.4066177954132759
7.534027099609375e-05,0.4066850494317035
7.534027099609375e-05,0.40675230345013114
7.534027099609375e-05,0.40681955746855875
7.534027099609375e-05,0.40688681148698636
7.534027099609375e-05,0.40695406550541396
7.534027099609375e-05,0.4070213195238416
7.534027099609375e-05,0.4070885735422691
7.534027099609375e-05,0.40715582756069674
7.534027099609375e-05,0.40722308157912435
7.534027099609375e-05,0.40729033559755196
7.534027099609375e-05,0.40735758961597957
7.534027099609375e-05,0.4074248436344072
7.534027099609375e-05,0.4074920976528348
7.534027099609375e-05,0.40755935167126234
7.534027099609375e-05,0.40762660568968995
7.534027099609375e-05,0.40769385970811756
7.534027099609375e-05,0.40776111372654517
7.534027099609375e-05,0.4078283677449728
7.534027099609375e-05,0.4078956217634004
7.534027099609375e-05,0.40796287578182794
7.534027099609375e-05,0.40803012980025555
7.534027099609375e-05,0.40809738381868316
7.534027099609375e-05,0.40816463783711077
7.534027099609375e-05,0.4082318918555384
7.534027099609375e-05,0.408299145873966
7.534027099609375e-05,0.4083663998923936
7.534027099609375e-05,0.40843365391082115
7.534027099609375e-05,0.40850090792924876
7.534027099609375e-05,0.40856816194767637
7.534027099609375e-05,0.408635415966104
7.534027099609375e-05,0.4087026699845316
7.534027099609375e-05,0.4087699240029592
7.534027099609375e-05,0.4088371780213868
7.534027099609375e-05,0.40890443203981436
7.534027099609375e-05,0.40897168605824197
7.534027099609375e-05,0.4090389400766696
7.534027099609375e-05,0.4091061940950972
7.534027099609375e-05,0.4091734481135248
7.557868957519531e-05,0.4092407021319524
7.557868957519531e-05,0.40930795615037996
7.557868957519531e-05,0.40937521016880757
7.557868957519531e-05,0.4094424641872352
7.557868957519531e-05,0.4095097182056628
7.557868957519531e-05,0.4095769722240904
7.557868957519531e-05,0.409644226242518
7.557868957519531e-05,0.4097114802609456
7.557868957519531e-05,0.40977873427937317
7.557868957519531e-05,0.4098459882978008
7.557868957519531e-05,0.4099132423162284
7.557868957519531e-05,0.409980496334656
7.557868957519531e-05,0.4100477503530836
7.557868957519531e-05,0.4101150043715112
7.557868957519531e-05,0.4101822583899388
7.557868957519531e-05,0.4102495124083664
7.557868957519531e-05,0.410316766426794
7.557868957519531e-05,0.4103840204452216
7.557868957519531e-05,0.4104512744636492
7.557868957519531e-05,0.4105185284820768
7.557868957519531e-05,0.4105857825005044
7.557868957519531e-05,0.410653036518932
7.557868957519531e-05,0.4107202905373596
7.557868957519531e-05,0.4107875445557872
7.557868957519531e-05,0.4108547985742148
7.557868957519531e-05,0.4109220525926424
7.557868957519531e-05,0.41098930661107
7.557868957519531e-05,0.41105656062949764
7.557868957519531e-05,0.4111238146479252
7.557868957519531e-05,0.4111910686663528
7.557868957519531e-05,0.4112583226847804
7.557868957519531e-05,0.411325576703208
7.557868957519531e-05,0.4113928307216356
7.557868957519531e-05,0.41146008474006324
7.557868957519531e-05,0.41152733875849085
7.557868957519531e-05,0.4115945927769184
7.557868957519531e-05,0.411661846795346
7.557868957519531e-05,0.4117291008137736
7.557868957519531e-05,0.41179635483220123
7.557868957519531e-05,0.41186360885062884
7.557868957519531e-05,0.41193086286905645
7.557868957519531e-05,0.411998116887484
7.557868957519531e-05,0.4120653709059116
7.557868957519531e-05,0.4121326249243392
7.557868957519531e-05,0.41219987894276683
7.581710815429688e-05,0.41226713296119444
7.581710815429688e-05,0.41233438697962205
7.581710815429688e-05,0.41240164099804966
7.581710815429688e-05,0.4124688950164772
7.581710815429688e-05,0.4125361490349048
7.581710815429688e-05,0.41260340305333243
7.581710815429688e-05,0.41267065707176004
7.581710815429688e-05,0.41273791109018765
7.581710815429688e-05,0.41280516510861526
7.581710815429688e-05,0.41287241912704287
7.581710815429688e-05,0.4129396731454704
7.581710815429688e-05,0.41300692716389803
7.581710815429688e-05,0.41307418118232564
7.581710815429688e-05,0.41314143520075325
7.581710815429688e-05,0.41320868921918086
7.581710815429688e-05,0.41327594323760847
7.581710815429688e-05,0.413343197256036
7.581710815429688e-05,0.41341045127446363
7.581710815429688e-05,0.41347770529289124
7.581710815429688e-05,0.41354495931131885
7.581710815429688e-05,0.41361221332974646
7.581710815429688e-05,0.41367946734817407
7.581710815429688e-05,0.4137467213666017
7.581710815429688e-05,0.41381397538502923
7.581710815429688e-05,0.41388122940345684
7.581710815429688e-05,0.41394848342188445
7.581710815429688e-05,0.41401573744031206
7.581710815429688e-05,0.41408299145873967
7.581710815429688e-05,0.4141502454771673
7.581710815429688e-05,0.4142174994955949
7.581710815429688e-05,0.41428475351402244
7.581710815429688e-05,0.41435200753245005
7.581710815429688e-05,0.41441926155087766
7.581710815429688e-05,0.41448651556930527
7.581710815429688e-05,0.4145537695877329
7.581710815429688e-05,0.4146210236061605
7.581710815429688e-05,0.41468827762458804
7.581710815429688e-05,0.41475553164301565
7.581710815429688e-05,0.41482278566144326
7.581710815429688e-05,0.41489003967987087
7.581710815429688e-05,0.4149572936982985
7.581710815429688e-05,0.4150245477167261
7.581710815429688e-05,0.4150918017351537
7.581710815429688e-05,0.41515905575358125
7.581710815429688e-05,0.41522630977200886
7.581710815429688e-05,0.41529356379043647
7.581710815429688e-05,0.4153608178088641
7.581710815429688e-05,0.4154280718272917
7.581710815429688e-05,0.4154953258457193
7.581710815429688e-05,0.4155625798641469
7.581710815429688e-05,0.41562983388257446
7.581710815429688e-05,0.41569708790100207
7.605552673339844e-05,0.4157643419194297
7.605552673339844e-05,0.4158315959378573
7.605552673339844e-05,0.4158988499562849
7.605552673339844e-05,0.4159661039747125
7.605552673339844e-05,0.41603335799314006
7.605552673339844e-05,0.41610061201156767
7.605552673339844e-05,0.4161678660299953
7.605552673339844e-05,0.4162351200484229
7.605552673339844e-05,0.4163023740668505
7.605552673339844e-05,0.4163696280852781
7.605552673339844e-05,0.4164368821037057
7.605552673339844e-05,0.4165041361221333
7.605552673339844e-05,0.4165713901405609
7.605552673339844e-05,0.4166386441589885
7.605552673339844e-05,0.4167058981774161
7.605552673339844e-05,0.4167731521958437
7.605552673339844e-05,0.4168404062142713
7.605552673339844e-05,0.41690766023269893
7.605552673339844e-05,0.4169749142511265
7.605552673339844e-05,0.4170421682695541
7.605552673339844e-05,0.4171094222879817
7.605552673339844e-05,0.4171766763064093
7.605552673339844e-05,0.4172439303248369
7.605552673339844e-05,0.41731118434326453
7.605552673339844e-05,0.4173784383616921
7.605552673339844e-05,0.4174456923801197
7.605552673339844e-05,0.4175129463985473
7.605552673339844e-05,0.4175802004169749
7.605552673339844e-05,0.4176474544354025
7.605552673339844e-05,0.41771470845383013
7.605552673339844e-05,0.41778196247225774
7.605552673339844e-05,0.4178492164906853
7.605552673339844e-05,0.4179164705091129
7.605552673339844e-05,0.4179837245275405
7.605552673339844e-05,0.4180509785459681
7.605552673339844e-05,0.41811823256439573
7.605552673339844e-05,0.41818548658282334
7.605552673339844e-05,0.41825274060125095
7.605552673339844e-05,0.4183199946196785
7.605552673339844e-05,0.4183872486381061
7.605552673339844e-05,0.4184545026565337
7.605552673339844e-05,0.41852175667496133
7.605552673339844e-05,0.41858901069338894
7.605552673339844e-05,0.41865626471181655
7.605552673339844e-05,0.41872351873024416
7.605552673339844e-05,0.4187907727486717
7.605552673339844e-05,0.4188580267670993
7.605552673339844e-05,0.41892528078552693
7.605552673339844e-05,0.41899253480395454
7.605552673339844e-05,0.41905978882238215
7.605552673339844e-05,0.41912704284080976
7.605552673339844e-05,0.4191942968592373
7.62939453125e-05,0.4192615508776649
7.62939453125e-05,0.41932880489609253
7.62939453125e-05,0.41939605891452014
7.62939453125e-05,0.41946331293294775
7.62939453125e-05,0.41953056695137536
7.62939453125e-05,0.41959782096980297
7.62939453125e-05,0.4196650749882305
7.62939453125e-05,0.41973232900665813
7.62939453125e-05,0.41979958302508574
7.62939453125e-05,0.41986683704351335
7.62939453125e-05,0.41993409106194096
7.62939453125e-05,0.42000134508036857
7.62939453125e-05,0.4200685990987962
7.62939453125e-05,0.42013585311722373
7.62939453125e-05,0.42020310713565134
7.62939453125e-05,0.42027036115407895
7.62939453125e-05,0.42033761517250656
7.62939453125e-05,0.42040486919093417
7.62939453125e-05,0.4204721232093618
7.62939453125e-05,0.42053937722778933
7.62939453125e-05,0.42060663124621694
7.62939453125e-05,0.42067388526464455
7.62939453125e-05,0.42074113928307216
7.62939453125e-05,0.4208083933014998
7.62939453125e-05,0.4208756473199274
7.62939453125e-05,0.420942901338355
7.62939453125e-05,0.42101015535678254
7.62939453125e-05,0.42107740937521015
7.62939453125e-05,0.42114466339363776
7.62939453125e-05,0.4212119174120654
7.62939453125e-05,0.421279171430493
7.62939453125e-05,0.4213464254489206
7.62939453125e-05,0.4214136794673482
7.62939453125e-05,0.42148093348577576
7.62939453125e-05,0.42154818750420336
7.62939453125e-05,0.421615441522631
7.62939453125e-05,0.4216826955410586
7.62939453125e-05,0.4217499495594862
7.62939453125e-05,0.4218172035779138
7.62939453125e-05,0.42188445759634136
7.62939453125e-05,0.42195171161476897
7.62939453125e-05,0.4220189656331966
7.62939453125e-05,0.4220862196516242
7.62939453125e-05,0.4221534736700518
7.62939453125e-05,0.4222207276884794
7.62939453125e-05,0.422287981706907
7.62939453125e-05,0.42235523572533457
7.62939453125e-05,0.4224224897437622
7.62939453125e-05,0.4224897437621898
7.62939453125e-05,0.4225569977806174
7.62939453125e-05,0.422624251799045
7.62939453125e-05,0.4226915058174726
7.62939453125e-05,0.4227587598359002
7.62939453125e-05,0.4228260138543278
7.62939453125e-05,0.4228932678727554
7.62939453125e-05,0.422960521891183
7.62939453125e-05,0.4230277759096106
7.62939453125e-05,0.4230950299280382
7.653236389160156e-05,0.4231622839464658
7.653236389160156e-05,0.4232295379648934
7.653236389160156e-05,0.423296791983321
7.653236389160156e-05,0.4233640460017486
7.653236389160156e-05,0.4234313000201762
7.653236389160156e-05,0.4234985540386038
7.653236389160156e-05,0.4235658080570314
7.653236389160156e-05,0.42363306207545903
7.653236389160156e-05,0.4237003160938866
7.653236389160156e-05,0.4237675701123142
7.653236389160156e-05,0.4238348241307418
7.653236389160156e-05,0.4239020781491694
7.653236389160156e-05,0.423969332167597
7.653236389160156e-05,0.42403658618602463
7.653236389160156e-05,0.42410384020445224
7.653236389160156e-05,0.4241710942228798
7.653236389160156e-05,0.4242383482413074
7.653236389160156e-05,0.424305602259735
7.653236389160156e-05,0.4243728562781626
7.653236389160156e-05,0.42444011029659023
7.653236389160156e-05,0.42450736431501784
7.653236389160156e-05,0.4245746183334454
7.653236389160156e-05,0.424641872351873
7.653236389160156e-05,0.4247091263703006
7.653236389160156e-05,0.4247763803887282
7.653236389160156e-05,0.42484363440715583
7.653236389160156e-05,0.42491088842558344
7.653236389160156e-05,0.42497814244401105
7.653236389160156e-05,0.4250453964624386
7.653236389160156e-05,0.4251126504808662
7.653236389160156e-05,0.4251799044992938
7.653236389160156e-05,0.42524715851772144
7.653236389160156e-05,0.42531441253614904
7.653236389160156e-05,0.42538166655457665
7.653236389160156e-05,0.42544892057300426
7.653236389160156e-05,0.4255161745914318
7.653236389160156e-05,0.4255834286098594
7.653236389160156e-05,0.42565068262828704
7.653236389160156e-05,0.42571793664671465
7.653236389160156e-05,0.42578519066514225
7.653236389160156e-05,0.42585244468356986
7.653236389160156e-05,0.4259196987019974
7.653236389160156e-05,0.425986952720425
7.653236389160156e-05,0.42605420673885264
7.653236389160156e-05,0.42612146075728025
7.653236389160156e-05,0.42618871477570786
7.653236389160156e-05,0.42625596879413546
7.653236389160156e-05,0.4263232228125631
7.653236389160156e-05,0.42639047683099063
7.653236389160156e-05,0.42645773084941824
7.653236389160156e-05,0.42652498486784585
7.653236389160156e-05,0.42659223888627346
7.653236389160156e-05,0.42665949290470107
7.653236389160156e-05,0.4267267469231287
7.653236389160156e-05,0.4267940009415563
7.653236389160156e-05,0.42686125495998384
7.653236389160156e-05,0.42692850897841145
7.653236389160156e-05,0.42699576299683906
7.653236389160156e-05,0.42706301701526667
7.653236389160156e-05,0.4271302710336943
7.653236389160156e-05,0.4271975250521219
7.677078247070312e-05,0.42726477907054944
7.677078247070312e-05,0.42733203308897705
7.677078247070312e-05,0.42739928710740466
7.677078247070312e-05,0.42746654112583227
7.677078247070312e-05,0.4275337951442599
7.677078247070312e-05,0.4276010491626875
7.677078247070312e-05,0.4276683031811151
7.677078247070312e-05,0.42773555719954265
7.677078247070312e-05,0.42780281121797026
7.677078247070312e-05,0.42787006523639787
7.677078247070312e-05,0.4279373192548255
7.677078247070312e-05,0.4280045732732531
7.677078247070312e-05,0.4280718272916807
7.677078247070312e-05,0.4281390813101083
7.677078247070312e-05,0.42820633532853586
7.677078247070312e-05,0.42827358934696347
7.677078247070312e-05,0.4283408433653911
7.677078247070312e-05,0.4284080973838187
7.677078247070312e-05,0.4284753514022463
7.677078247070312e-05,0.4285426054206739
7.677078247070312e-05,0.42860985943910146
7.677078247070312e-05,0.42867711345752907
7.677078247070312e-05,0.4287443674759567
7.677078247070312e-05,0.4288116214943843
7.677078247070312e-05,0.4288788755128119
7.677078247070312e-05,0.4289461295312395
7.677078247070312e-05,0.4290133835496671
7.677078247070312e-05,0.42908063756809467
7.677078247070312e-05,0.4291478915865223
7.677078247070312e-05,0.4292151456049499
7.677078247070312e-05,0.4292823996233775
7.677078247070312e-05,0.4293496536418051
7.677078247070312e-05,0.4294169076602327
7.677078247070312e-05,0.4294841616786603
7.677078247070312e-05,0.4295514156970879
7.677078247070312e-05,0.4296186697155155
7.677078247070312e-05,0.4296859237339431
7.677078247070312e-05,0.4297531777523707
7.677078247070312e-05,0.4298204317707983
7.677078247070312e-05,0.4298876857892259
7.677078247070312e-05,0.4299549398076535
7.677078247070312e-05,0.4300221938260811
7.677078247070312e-05,0.4300894478445087
7.677078247070312e-05,0.4301567018629363
7.677078247070312e-05,0.4302239558813639
7.677078247070312e-05,0.4302912098997915
7.677078247070312e-05,0.43035846391821914
7.677078247070312e-05,0.4304257179366467
7.677078247070312e-05,0.4304929719550743
7.677078247070312e-05,0.4305602259735019
7.677078247070312e-05,0.4306274799919295
7.677078247070312e-05,0.4306947340103571
7.677078247070312e-05,0.43076198802878474
7.677078247070312e-05,0.43082924204721235
7.677078247070312e-05,0.4308964960656399
7.677078247070312e-05,0.4309637500840675
7.677078247070312e-05,0.4310310041024951
7.677078247070312e-05,0.43109825812092273
7.700920104980469e-05,0.43116551213935034
7.700920104980469e-05,0.43123276615777795
7.700920104980469e-05,0.4313000201762055
7.700920104980469e-05,0.4313672741946331
7.700920104980469e-05,0.4314345282130607
7.700920104980469e-05,0.43150178223148833
7.700920104980469e-05,0.43156903624991594
7.700920104980469e-05,0.43163629026834355
7.700920104980469e-05,0.43170354428677116
7.700920104980469e-05,0.4317707983051987
7.700920104980469e-05,0.4318380523236263
7.700920104980469e-05,0.43190530634205393
7.700920104980469e-05,0.43197256036048154
7.700920104980469e-05,0.43203981437890915
7.700920104980469e-05,0.43210706839733676
7.700920104980469e-05,0.43217432241576437
7.700920104980469e-05,0.4322415764341919
7.700920104980469e-05,0.43230883045261953
7.700920104980469e-05,0.43237608447104714
7.700920104980469e-05,0.43244333848947475
7.700920104980469e-05,0.43251059250790236
7.700920104980469e-05,0.43257784652632997
7.700920104980469e-05,0.4326451005447575
7.700920104980469e-05,0.43271235456318513
7.700920104980469e-05,0.43277960858161274
7.700920104980469e-05,0.43284686260004035
7.700920104980469e-05,0.43291411661846796
7.700920104980469e-05,0.43298137063689557
7.700920104980469e-05,0.4330486246553232
7.700920104980469e-05,0.43311587867375073
7.700920104980469e-05,0.43318313269217834
7.700920104980469e-05,0.43325038671060595
7.700920104980469e-05,0.43331764072903356
7.700920104980469e-05,0.43338489474746117
7.700920104980469e-05,0.4334521487658888
7.700920104980469e-05,0.4335194027843164
7.700920104980469e-05,0.43358665680274394
7.700920104980469e-05,0.43365391082117155
7.700920104980469e-05,0.43372116483959916
7.700920104980469e-05,0.43378841885802677
7.700920104980469e-05,0.4338556728764544
7.700920104980469e-05,0.433922926894882
7.700920104980469e-05,0.4339901809133096
7.700920104980469e-05,0.43405743493173715
7.700920104980469e-05,0.43412468895016476
7.700920104980469e-05,0.43419194296859237
7.700920104980469e-05,0.43425919698702
7.700920104980469e-05,0.4343264510054476
7.700920104980469e-05,0.4343937050238752
7.700920104980469e-05,0.43446095904230275
7.700920104980469e-05,0.43452821306073036
7.700920104980469e-05,0.43459546707915797
7.700920104980469e-05,0.4346627210975856
7.700920104980469e-05,0.4347299751160132
7.700920104980469e-05,0.4347972291344408
7.700920104980469e-05,0.4348644831528684
7.700920104980469e-05,0.43493173717129596
7.700920104980469e-05,0.43499899118972357
7.700920104980469e-05,0.4350662452081512
7.700920104980469e-05,0.4351334992265788
7.724761962890625e-05,0.4352007532450064
7.724761962890625e-05,0.435268007263434
7.724761962890625e-05,0.4353352612818616
7.724761962890625e-05,0.4354025153002892
7.724761962890625e-05,0.4354697693187168
7.724761962890625e-05,0.4355370233371444
7.724761962890625e-05,0.435604277355572
7.724761962890625e-05,0.4356715313739996
7.724761962890625e-05,0.4357387853924272
7.724761962890625e-05,0.4358060394108548
7.724761962890625e-05,0.4358732934292824
7.724761962890625e-05,0.43594054744771
7.724761962890625e-05,0.4360078014661376
7.724761962890625e-05,0.4360750554845652
7.724761962890625e-05,0.4361423095029928
7.724761962890625e-05,0.43620956352142043
7.724761962890625e-05,0.436276817539848
7.724761962890625e-05,0.4363440715582756
7.724761962890625e-05,0.4364113255767032
7.724761962890625e-05,0.4364785795951308
7.724761962890625e-05,0.4365458336135584
7.724761962890625e-05,0.43661308763198603
7.724761962890625e-05,0.43668034165041364
7.724761962890625e-05,0.4367475956688412
7.724761962890625e-05,0.4368148496872688
7.724761962890625e-05,0.4368821037056964
7.724761962890625e-05,0.436949357724124
7.724761962890625e-05,0.43701661174255163
7.724761962890625e-05,0.43708386576097924
7.724761962890625e-05,0.4371511197794068
7.724761962890625e-05,0.4372183737978344
7.724761962890625e-05,0.437285627816262
7.724761962890625e-05,0.4373528818346896
7.724761962890625e-05,0.43742013585311723
7.724761962890625e-05,0.43748738987154484
7.724761962890625e-05,0.43755464388997245
7.724761962890625e-05,0.4376218979084
7.724761962890625e-05,0.4376891519268276
7.724761962890625e-05,0.4377564059452552
7.724761962890625e-05,0.43782365996368283
7.724761962890625e-05,0.43789091398211044
7.724761962890625e-05,0.43795816800053805
7.724761962890625e-05,0.43802542201896566
7.724761962890625e-05,0.4380926760373932
7.724761962890625e-05,0.4381599300558208
7.724761962890625e-05,0.43822718407424843
7.724761962890625e-05,0.43829443809267604
7.724761962890625e-05,0.43836169211110365
7.724761962890625e-05,0.43842894612953126
7.724761962890625e-05,0.4384962001479588
7.724761962890625e-05,0.4385634541663864
7.724761962890625e-05,0.43863070818481403
7.724761962890625e-05,0.43869796220324164
7.724761962890625e-05,0.43876521622166925
7.724761962890625e-05,0.43883247024009686
7.724761962890625e-05,0.43889972425852447
7.724761962890625e-05,0.438966978276952
7.748603820800781e-05,0.43903423229537963
7.748603820800781e-05,0.43910148631380724
7.748603820800781e-05,0.43916874033223485
7.748603820800781e-05,0.43923599435066246
7.748603820800781e-05,0.43930324836909007
7.748603820800781e-05,0.4393705023875177
7.748603820800781e-05,0.43943775640594523
7.748603820800781e-05,0.43950501042437284
7.748603820800781e-05,0.43957226444280045
7.748603820800781e-05,0.43963951846122806
7.748603820800781e-05,0.43970677247965567
7.748603820800781e-05,0.4397740264980833
7.748603820800781e-05,0.43984128051651084
7.748603820800781e-05,0.43990853453493844
7.748603820800781e-05,0.43997578855336605
7.748603820800781e-05,0.44004304257179366
7.748603820800781e-05,0.4401102965902213
7.748603820800781e-05,0.4401775506086489
7.748603820800781e-05,0.4402448046270765
7.748603820800781e-05,0.44031205864550405
7.748603820800781e-05,0.44037931266393165
7.748603820800781e-05,0.44044656668235926
7.748603820800781e-05,0.4405138207007869
7.748603820800781e-05,0.4405810747192145
7.748603820800781e-05,0.4406483287376421
7.748603820800781e-05,0.4407155827560697
7.748603820800781e-05,0.44078283677449726
7.748603820800781e-05,0.44085009079292486
7.748603820800781e-05,0.4409173448113525
7.748603820800781e-05,0.4409845988297801
7.748603820800781e-05,0.4410518528482077
7.748603820800781e-05,0.4411191068666353
7.748603820800781e-05,0.44118636088506286
7.748603820800781e-05,0.44125361490349047
7.748603820800781e-05,0.4413208689219181
7.748603820800781e-05,0.4413881229403457
7.748603820800781e-05,0.4414553769587733
7.748603820800781e-05,0.4415226309772009
7.748603820800781e-05,0.4415898849956285
7.748603820800781e-05,0.44165713901405607
7.748603820800781e-05,0.4417243930324837
7.748603820800781e-05,0.4417916470509113
7.748603820800781e-05,0.4418589010693389
7.748603820800781e-05,0.4419261550877665
7.748603820800781e-05,0.4419934091061941
7.748603820800781e-05,0.4420606631246217
7.748603820800781e-05,0.4421279171430493
7.748603820800781e-05,0.4421951711614769
7.748603820800781e-05,0.4422624251799045
7.748603820800781e-05,0.4423296791983321
7.748603820800781e-05,0.4423969332167597
7.748603820800781e-05,0.4424641872351873
7.748603820800781e-05,0.4425314412536149
7.748603820800781e-05,0.4425986952720425
7.748603820800781e-05,0.4426659492904701
7.748603820800781e-05,0.4427332033088977
7.748603820800781e-05,0.4428004573273253
7.748603820800781e-05,0.4428677113457529
7.748603820800781e-05,0.44293496536418053
7.748603820800781e-05,0.4430022193826081
7.748603820800781e-05,0.4430694734010357
7.748603820800781e-05,0.4431367274194633
7.748603820800781e-05,0.4432039814378909
7.748603820800781e-05,0.4432712354563185
7.748603820800781e-05,0.44333848947474613
7.748603820800781e-05,0.44340574349317374
7.748603820800781e-05,0.4434729975116013
7.748603820800781e-05,0.4435402515300289
7.772445678710938e-05,0.4436075055484565
7.772445678710938e-05,0.4436747595668841
7.772445678710938e-05,0.44374201358531173
7.772445678710938e-05,0.44380926760373934
7.772445678710938e-05,0.4438765216221669
7.772445678710938e-05,0.4439437756405945
7.772445678710938e-05,0.4440110296590221
7.772445678710938e-05,0.4440782836774497
7.772445678710938e-05,0.44414553769587733
7.772445678710938e-05,0.44421279171430494
7.772445678710938e-05,0.44428004573273255
7.772445678710938e-05,0.4443472997511601
7.772445678710938e-05,0.4444145537695877
7.772445678710938e-05,0.4444818077880153
7.772445678710938e-05,0.44454906180644294
7.772445678710938e-05,0.44461631582487054
7.772445678710938e-05,0.44468356984329815
7.772445678710938e-05,0.44475082386172576
7.772445678710938e-05,0.4448180778801533
7.772445678710938e-05,0.4448853318985809
7.772445678710938e-05,0.44495258591700854
7.772445678710938e-05,0.44501983993543615
7.772445678710938e-05,0.44508709395386375
7.772445678710938e-05,0.44515434797229136
7.772445678710938e-05,0.4452216019907189
7.772445678710938e-05,0.4452888560091465
7.772445678710938e-05,0.44535611002757414
7.772445678710938e-05,0.44542336404600175
7.772445678710938e-05,0.44549061806442936
7.772445678710938e-05,0.44555787208285696
7.772445678710938e-05,0.4456251261012846
7.772445678710938e-05,0.44569238011971213
7.772445678710938e-05,0.44575963413813974
7.772445678710938e-05,0.44582688815656735
7.772445678710938e-05,0.44589414217499496
7.772445678710938e-05,0.44596139619342257
7.772445678710938e-05,0.4460286502118502
7.772445678710938e-05,0.4460959042302778
7.772445678710938e-05,0.44616315824870534
7.772445678710938e-05,0.44623041226713295
7.772445678710938e-05,0.44629766628556056
7.772445678710938e-05,0.44636492030398817
7.772445678710938e-05,0.4464321743224158
7.772445678710938e-05,0.4464994283408434
7.772445678710938e-05,0.44656668235927094
7.772445678710938e-05,0.44663393637769855
7.772445678710938e-05,0.44670119039612616
7.772445678710938e-05,0.44676844441455377
7.772445678710938e-05,0.4468356984329814
7.772445678710938e-05,0.446902952451409
7.772445678710938e-05,0.4469702064698366
7.772445678710938e-05,0.44703746048826415
7.772445678710938e-05,0.44710471450669176
7.772445678710938e-05,0.44717196852511937
7.772445678710938e-05,0.447239222543547
7.772445678710938e-05,0.4473064765619746
7.772445678710938e-05,0.4473737305804022
7.772445678710938e-05,0.4474409845988298
7.772445678710938e-05,0.44750823861725736
7.772445678710938e-05,0.44757549263568497
7.772445678710938e-05,0.4476427466541126
7.772445678710938e-05,0.4477100006725402
7.772445678710938e-05,0.4477772546909678
7.772445678710938e-05,0.4478445087093954
7.772445678710938e-05,0.447911762727823
7.772445678710938e-05,0.44797901674625057
7.772445678710938e-05,0.4480462707646782
7.772445678710938e-05,0.4481135247831058
7.772445678710938e-05,0.4481807788015334
7.772445678710938e-05,0.448248032819961
7.772445678710938e-05,0.4483152868383886
7.796287536621094e-05,0.44838254085681617
7.796287536621094e-05,0.4484497948752438
7.796287536621094e-05,0.4485170488936714
7.796287536621094e-05,0.448584302912099
7.796287536621094e-05,0.4486515569305266
7.796287536621094e-05,0.4487188109489542
7.796287536621094e-05,0.4487860649673818
7.796287536621094e-05,0.4488533189858094
7.796287536621094e-05,0.448920573004237
7.796287536621094e-05,0.4489878270226646
7.796287536621094e-05,0.4490550810410922
7.796287536621094e-05,0.4491223350595198
7.796287536621094e-05,0.4491895890779474
7.796287536621094e-05,0.44925684309637504
7.796287536621094e-05,0.4493240971148026
7.796287536621094e-05,0.4493913511332302
7.796287536621094e-05,0.4494586051516578
7.796287536621094e-05,0.4495258591700854
7.796287536621094e-05,0.449593113188513
7.796287536621094e-05,0.44966036720694064
7.796287536621094e-05,0.4497276212253682
7.796287536621094e-05,0.4497948752437958
7.796287536621094e-05,0.4498621292622234
7.796287536621094e-05,0.449929383280651
7.796287536621094e-05,0.44999663729907863
7.796287536621094e-05,0.45006389131750624
7.796287536621094e-05,0.45013114533593385
7.796287536621094e-05,0.4501983993543614
7.796287536621094e-05,0.450265653372789
7.796287536621094e-05,0.4503329073912166
7.796287536621094e-05,0.45040016140964423
7.796287536621094e-05,0.45046741542807184
7.796287536621094e-05,0.45053466944649945
7.796287536621094e-05,0.45060192346492706
7.796287536621094e-05,0.4506691774833546
7.796287536621094e-05,0.4507364315017822
7.796287536621094e-05,0.45080368552020983
7.796287536621094e-05,0.45087093953863744
7.796287536621094e-05,0.45093819355706505
7.796287536621094e-05,0.45100544757549266
7.796287536621094e-05,0.4510727015939202
7.796287536621094e-05,0.4511399556123478
7.796287536621094e-05,0.45120720963077543
7.796287536621094e-05,0.45127446364920304
7.796287536621094e-05,0.45134171766763065
7.796287536621094e-05,0.45140897168605826
7.796287536621094e-05,0.45147622570448587
7.796287536621094e-05,0.4515434797229134
7.796287536621094e-05,0.45161073374134103
7.796287536621094e-05,0.45167798775976864
7.796287536621094e-05,0.45174524177819625
7.796287536621094e-05,0.45181249579662386
7.796287536621094e-05,0.45187974981505147
7.796287536621094e-05,0.4519470038334791
7.796287536621094e-05,0.45201425785190663
7.796287536621094e-05,0.45208151187033424
7.796287536621094e-05,0.45214876588876185
7.796287536621094e-05,0.45221601990718946
7.796287536621094e-05,0.45228327392561707
7.796287536621094e-05,0.4523505279440447
7.796287536621094e-05,0.45241778196247223
7.796287536621094e-05,0.45248503598089984
7.796287536621094e-05,0.45255228999932745
7.82012939453125e-05,0.45261954401775506
7.82012939453125e-05,0.45268679803618267
7.82012939453125e-05,0.4527540520546103
7.82012939453125e-05,0.4528213060730379
7.82012939453125e-05,0.45288856009146544
7.82012939453125e-05,0.45295581410989305
7.82012939453125e-05,0.45302306812832066
7.82012939453125e-05,0.45309032214674827
7.82012939453125e-05,0.4531575761651759
7.82012939453125e-05,0.4532248301836035
7.82012939453125e-05,0.4532920842020311
7.82012939453125e-05,0.45335933822045865
7.82012939453125e-05,0.45342659223888626
7.82012939453125e-05,0.45349384625731387
7.82012939453125e-05,0.4535611002757415
7.82012939453125e-05,0.4536283542941691
7.82012939453125e-05,0.4536956083125967
7.82012939453125e-05,0.45376286233102425
7.82012939453125e-05,0.45383011634945186
7.82012939453125e-05,0.45389737036787947
7.82012939453125e-05,0.4539646243863071
7.82012939453125e-05,0.4540318784047347
7.82012939453125e-05,0.4540991324231623
7.82012939453125e-05,0.4541663864415899
7.82012939453125e-05,0.45423364046001746
7.82012939453125e-05,0.45430089447844507
7.82012939453125e-05,0.4543681484968727
7.82012939453125e-05,0.4544354025153003
7.82012939453125e-05,0.4545026565337279
7.82012939453125e-05,0.4545699105521555
7.82012939453125e-05,0.4546371645705831
7.82012939453125e-05,0.4547044185890107
7.82012939453125e-05,0.4547716726074383
7.82012939453125e-05,0.4548389266258659
7.82012939453125e-05,0.4549061806442935
7.82012939453125e-05,0.4549734346627211
7.82012939453125e-05,0.4550406886811487
7.82012939453125e-05,0.4551079426995763
7.82012939453125e-05,0.4551751967180039
7.82012939453125e-05,0.4552424507364315
7.82012939453125e-05,0.4553097047548591
7.82012939453125e-05,0.4553769587732867
7.82012939453125e-05,0.4554442127917143
7.82012939453125e-05,0.45551146681014193
7.82012939453125e-05,0.4555787208285695
7.82012939453125e-05,0.4556459748469971
7.82012939453125e-05,0.4557132288654247
7.82012939453125e-05,0.4557804828838523
7.82012939453125e-05,0.4558477369022799
7.82012939453125e-05,0.45591499092070753
7.82012939453125e-05,0.45598224493913514
7.82012939453125e-05,0.4560494989575627
7.82012939453125e-05,0.4561167529759903
7.82012939453125e-05,0.4561840069944179
7.82012939453125e-05,0.4562512610128455
7.82012939453125e-05,0.45631851503127313
7.82012939453125e-05,0.45638576904970074
7.82012939453125e-05,0.4564530230681283
7.82012939453125e-05,0.4565202770865559
7.82012939453125e-05,0.4565875311049835
7.82012939453125e-05,0.4566547851234111
7.82012939453125e-05,0.45672203914183873
7.82012939453125e-05,0.45678929316026634
7.82012939453125e-05,0.45685654717869395
7.82012939453125e-05,0.4569238011971215
7.82012939453125e-05,0.4569910552155491
7.82012939453125e-05,0.4570583092339767
7.82012939453125e-05,0.45712556325240433
7.82012939453125e-05,0.45719281727083194
7.82012939453125e-05,0.45726007128925955
7.82012939453125e-05,0.45732732530768716
7.843971252441406e-05,0.4573945793261147
7.843971252441406e-05,0.4574618333445423
7.843971252441406e-05,0.45752908736296993
7.843971252441406e-05,0.45759634138139754
7.843971252441406e-05,0.45766359539982515
7.843971252441406e-05,0.45773084941825276
7.843971252441406e-05,0.4577981034366803
7.843971252441406e-05,0.4578653574551079
7.843971252441406e-05,0.45793261147353553
7.843971252441406e-05,0.45799986549196314
7.843971252441406e-05,0.45806711951039075
7.843971252441406e-05,0.45813437352881836
7.843971252441406e-05,0.45820162754724597
7.843971252441406e-05,0.4582688815656735
7.843971252441406e-05,0.45833613558410113
7.843971252441406e-05,0.45840338960252874
7.843971252441406e-05,0.45847064362095635
7.843971252441406e-05,0.45853789763938396
7.843971252441406e-05,0.45860515165781157
7.843971252441406e-05,0.4586724056762392
7.843971252441406e-05,0.45873965969466673
7.843971252441406e-05,0.45880691371309434
7.843971252441406e-05,0.45887416773152195
7.843971252441406e-05,0.45894142174994956
7.843971252441406e-05,0.4590086757683772
7.843971252441406e-05,0.4590759297868048
7.843971252441406e-05,0.45914318380523234
7.843971252441406e-05,0.45921043782365994
7.843971252441406e-05,0.45927769184208755
7.843971252441406e-05,0.45934494586051516
7.843971252441406e-05,0.4594121998789428
7.843971252441406e-05,0.4594794538973704
7.843971252441406e-05,0.459546707915798
7.843971252441406e-05,0.45961396193422555
7.843971252441406e-05,0.45968121595265315
7.843971252441406e-05,0.45974846997108076
7.843971252441406e-05,0.4598157239895084
7.843971252441406e-05,0.459882978007936
7.843971252441406e-05,0.4599502320263636
7.843971252441406e-05,0.4600174860447912
7.843971252441406e-05,0.46008474006321876
7.843971252441406e-05,0.46015199408164636
7.843971252441406e-05,0.460219248100074
7.843971252441406e-05,0.4602865021185016
7.843971252441406e-05,0.4603537561369292
7.843971252441406e-05,0.4604210101553568
7.843971252441406e-05,0.46048826417378436
7.843971252441406e-05,0.46055551819221197
7.843971252441406e-05,0.4606227722106396
7.843971252441406e-05,0.4606900262290672
7.843971252441406e-05,0.4607572802474948
7.843971252441406e-05,0.4608245342659224
7.867813110351562e-05,0.46089178828435
7.867813110351562e-05,0.46095904230277757
7.867813110351562e-05,0.4610262963212052
7.867813110351562e-05,0.4610935503396328
7.867813110351562e-05,0.4611608043580604
7.867813110351562e-05,0.461228058376488
7.867813110351562e-05,0.4612953123949156
7.867813110351562e-05,0.4613625664133432
7.867813110351562e-05,0.4614298204317708
7.867813110351562e-05,0.4614970744501984
7.867813110351562e-05,0.461564328468626
7.867813110351562e-05,0.4616315824870536
7.867813110351562e-05,0.4616988365054812
7.867813110351562e-05,0.4617660905239088
7.867813110351562e-05,0.4618333445423364
7.867813110351562e-05,0.461900598560764
7.867813110351562e-05,0.4619678525791916
7.867813110351562e-05,0.4620351065976192
7.867813110351562e-05,0.4621023606160468
7.867813110351562e-05,0.4621696146344744
7.867813110351562e-05,0.46223686865290203
7.867813110351562e-05,0.4623041226713296
7.867813110351562e-05,0.4623713766897572
7.867813110351562e-05,0.4624386307081848
7.867813110351562e-05,0.4625058847266124
7.867813110351562e-05,0.46257313874504
7.867813110351562e-05,0.46264039276346763
7.867813110351562e-05,0.46270764678189524
7.867813110351562e-05,0.4627749008003228
7.867813110351562e-05,0.4628421548187504
7.867813110351562e-05,0.462909408837178
7.867813110351562e-05,0.4629766628556056
7.867813110351562e-05,0.46304391687403323
7.867813110351562e-05,0.46311117089246084
7.867813110351562e-05,0.46317842491088845
7.867813110351562e-05,0.463245678929316
7.867813110351562e-05,0.4633129329477436
7.867813110351562e-05,0.4633801869661712
7.867813110351562e-05,0.46344744098459884
7.867813110351562e-05,0.46351469500302644
7.867813110351562e-05,0.46358194902145405
7.867813110351562e-05,0.4636492030398816
7.867813110351562e-05,0.4637164570583092
7.867813110351562e-05,0.4637837110767368
7.867813110351562e-05,0.46385096509516444
7.867813110351562e-05,0.46391821911359205
7.867813110351562e-05,0.46398547313201965
7.867813110351562e-05,0.46405272715044726
7.867813110351562e-05,0.4641199811688748
7.867813110351562e-05,0.4641872351873024
7.867813110351562e-05,0.46425448920573004
7.867813110351562e-05,0.46432174322415765
7.867813110351562e-05,0.46438899724258526
7.867813110351562e-05,0.46445625126101286
7.867813110351562e-05,0.4645235052794405
7.867813110351562e-05,0.46459075929786803
7.867813110351562e-05,0.46465801331629564
7.867813110351562e-05,0.46472526733472325
7.867813110351562e-05,0.46479252135315086
7.867813110351562e-05,0.46485977537157847
7.867813110351562e-05,0.4649270293900061
7.867813110351562e-05,0.46499428340843363
7.867813110351562e-05,0.46506153742686124
7.867813110351562e-05,0.46512879144528885
7.867813110351562e-05,0.46519604546371646
7.867813110351562e-05,0.46526329948214407
7.867813110351562e-05,0.4653305535005717
7.867813110351562e-05,0.4653978075189993
7.867813110351562e-05,0.46546506153742684
7.867813110351562e-05,0.46553231555585445
7.867813110351562e-05,0.46559956957428206
7.867813110351562e-05,0.46566682359270967
7.891654968261719e-05,0.4657340776111373
7.891654968261719e-05,0.4658013316295649
7.891654968261719e-05,0.4658685856479925
7.891654968261719e-05,0.46593583966642005
7.891654968261719e-05,0.46600309368484766
7.891654968261719e-05,0.46607034770327527
7.891654968261719e-05,0.4661376017217029
7.891654968261719e-05,0.4662048557401305
7.891654968261719e-05,0.4662721097585581
7.891654968261719e-05,0.46633936377698565
7.891654968261719e-05,0.46640661779541326
7.891654968261719e-05,0.46647387181384087
7.891654968261719e-05,0.4665411258322685
7.891654968261719e-05,0.4666083798506961
7.891654968261719e-05,0.4666756338691237
7.891654968261719e-05,0.4667428878875513
7.891654968261719e-05,0.46681014190597886
7.891654968261719e-05,0.46687739592440647
7.891654968261719e-05,0.4669446499428341
7.891654968261719e-05,0.4670119039612617
7.891654968261719e-05,0.4670791579796893
7.891654968261719e-05,0.4671464119981169
7.891654968261719e-05,0.4672136660165445
7.891654968261719e-05,0.46728092003497207
7.891654968261719e-05,0.4673481740533997
7.891654968261719e-05,0.4674154280718273
7.891654968261719e-05,0.4674826820902549
7.891654968261719e-05,0.4675499361086825
7.891654968261719e-05,0.4676171901271101
7.891654968261719e-05,0.46768444414553767
7.891654968261719e-05,0.4677516981639653
7.891654968261719e-05,0.4678189521823929
7.891654968261719e-05,0.4678862062008205
7.891654968261719e-05,0.4679534602192481
7.891654968261719e-05,0.4680207142376757
7.891654968261719e-05,0.4680879682561033
7.891654968261719e-05,0.4681552222745309
7.891654968261719e-05,0.4682224762929585
7.891654968261719e-05,0.4682897303113861
7.891654968261719e-05,0.4683569843298137
7.891654968261719e-05,0.4684242383482413
7.891654968261719e-05,0.4684914923666689
7.891654968261719e-05,0.46855874638509654
7.891654968261719e-05,0.4686260004035241
7.891654968261719e-05,0.4686932544219517
7.891654968261719e-05,0.4687605084403793
7.891654968261719e-05,0.4688277624588069
7.891654968261719e-05,0.4688950164772345
7.891654968261719e-05,0.46896227049566214
7.891654968261719e-05,0.4690295245140897
7.891654968261719e-05,0.4690967785325173
7.891654968261719e-05,0.4691640325509449
7.891654968261719e-05,0.4692312865693725
7.891654968261719e-05,0.46929854058780013
7.891654968261719e-05,0.46936579460622774
7.891654968261719e-05,0.46943304862465535
7.891654968261719e-05,0.4695003026430829
7.891654968261719e-05,0.4695675566615105
7.891654968261719e-05,0.4696348106799381
7.891654968261719e-05,0.46970206469836573
7.891654968261719e-05,0.46976931871679334
7.891654968261719e-05,0.46983657273522095
7.891654968261719e-05,0.46990382675364856
7.891654968261719e-05,0.4699710807720761
7.891654968261719e-05,0.4700383347905037
7.891654968261719e-05,0.47010558880893133
7.891654968261719e-05,0.47017284282735894
7.891654968261719e-05,0.47024009684578655
7.891654968261719e-05,0.47030735086421416
7.891654968261719e-05,0.4703746048826417
7.891654968261719e-05,0.4704418589010693
7.891654968261719e-05,0.47050911291949693
7.891654968261719e-05,0.47057636693792454
7.891654968261719e-05,0.47064362095635215
7.891654968261719e-05,0.47071087497477976
7.891654968261719e-05,0.47077812899320737
7.891654968261719e-05,0.4708453830116349
7.915496826171875e-05,0.47091263703006253
7.915496826171875e-05,0.47097989104849014
7.915496826171875e-05,0.47104714506691775
7.915496826171875e-05,0.47111439908534536
7.915496826171875e-05,0.47118165310377297
7.915496826171875e-05,0.4712489071222006
7.915496826171875e-05,0.47131616114062813
7.915496826171875e-05,0.47138341515905574
7.915496826171875e-05,0.47145066917748335
7.915496826171875e-05,0.47151792319591096
7.915496826171875e-05,0.47158517721433857
7.915496826171875e-05,0.4716524312327662
7.915496826171875e-05,0.47171968525119373
7.915496826171875e-05,0.47178693926962134
7.915496826171875e-05,0.47185419328804895
7.915496826171875e-05,0.47192144730647656
7.915496826171875e-05,0.47198870132490417
7.915496826171875e-05,0.4720559553433318
7.915496826171875e-05,0.4721232093617594
7.915496826171875e-05,0.47219046338018694
7.915496826171875e-05,0.47225771739861455
7.915496826171875e-05,0.47232497141704216
7.915496826171875e-05,0.47239222543546977
7.915496826171875e-05,0.4724594794538974
7.915496826171875e-05,0.472526733472325
7.915496826171875e-05,0.4725939874907526
7.915496826171875e-05,0.47266124150918015
7.915496826171875e-05,0.47272849552760776
7.915496826171875e-05,0.47279574954603537
7.915496826171875e-05,0.472863003564463
7.915496826171875e-05,0.4729302575828906
7.915496826171875e-05,0.4729975116013182
7.915496826171875e-05,0.47306476561974575
7.915496826171875e-05,0.47313201963817336
7.915496826171875e-05,0.47319927365660097
7.915496826171875e-05,0.4732665276750286
7.915496826171875e-05,0.4733337816934562
7.915496826171875e-05,0.4734010357118838
7.915496826171875e-05,0.4734682897303114
7.915496826171875e-05,0.47353554374873896
7.915496826171875e-05,0.4736027977671666
7.915496826171875e-05,0.4736700517855942
7.915496826171875e-05,0.4737373058040218
7.915496826171875e-05,0.4738045598224494
7.915496826171875e-05,0.473871813840877
7.915496826171875e-05,0.4739390678593046
7.915496826171875e-05,0.4740063218777322
7.915496826171875e-05,0.4740735758961598
7.915496826171875e-05,0.4741408299145874
7.915496826171875e-05,0.474208083933015
7.915496826171875e-05,0.4742753379514426
7.915496826171875e-05,0.4743425919698702
7.915496826171875e-05,0.4744098459882978
7.915496826171875e-05,0.4744771000067254
7.915496826171875e-05,0.474544354025153
7.915496826171875e-05,0.4746116080435806
7.915496826171875e-05,0.4746788620620082
7.915496826171875e-05,0.4747461160804358
7.915496826171875e-05,0.47481337009886343
7.915496826171875e-05,0.474880624117291
7.915496826171875e-05,0.4749478781357186
7.915496826171875e-05,0.4750151321541462
7.915496826171875e-05,0.4750823861725738
7.915496826171875e-05,0.4751496401910014
7.915496826171875e-05,0.47521689420942903
7.915496826171875e-05,0.47528414822785664
7.939338684082031e-05,0.4753514022462842
7.939338684082031e-05,0.4754186562647118
7.939338684082031e-05,0.4754859102831394
7.939338684082031e-05,0.475553164301567
7.939338684082031e-05,0.47562041831999463
7.939338684082031e-05,0.47568767233842224
7.939338684082031e-05,0.4757549263568498
7.939338684082031e-05,0.4758221803752774
7.939338684082031e-05,0.475889434393705
7.939338684082031e-05,0.4759566884121326
7.939338684082031e-05,0.47602394243056023
7.939338684082031e-05,0.47609119644898784
7.939338684082031e-05,0.47615845046741545
7.939338684082031e-05,0.476225704485843
7.939338684082031e-05,0.4762929585042706
7.939338684082031e-05,0.4763602125226982
7.939338684082031e-05,0.47642746654112583
7.939338684082031e-05,0.47649472055955344
7.939338684082031e-05,0.47656197457798105
7.939338684082031e-05,0.47662922859640866
7.939338684082031e-05,0.4766964826148362
7.939338684082031e-05,0.4767637366332638
7.939338684082031e-05,0.47683099065169143
7.939338684082031e-05,0.47689824467011904
7.939338684082031e-05,0.47696549868854665
7.939338684082031e-05,0.47703275270697426
7.939338684082031e-05,0.4771000067254018
7.939338684082031e-05,0.4771672607438294
7.939338684082031e-05,0.47723451476225703
7.939338684082031e-05,0.47730176878068464
7.939338684082031e-05,0.47736902279911225
7.939338684082031e-05,0.47743627681753986
7.939338684082031e-05,0.47750353083596747
7.939338684082031e-05,0.477570784854395
7.939338684082031e-05,0.47763803887282263
7.939338684082031e-05,0.47770529289125024
7.939338684082031e-05,0.47777254690967785
7.939338684082031e-05,0.47783980092810546
7.939338684082031e-05,0.47790705494653307
7.939338684082031e-05,0.4779743089649607
7.939338684082031e-05,0.47804156298338824
7.939338684082031e-05,0.47810881700181584
7.939338684082031e-05,0.47817607102024345
7.939338684082031e-05,0.47824332503867106
7.939338684082031e-05,0.4783105790570987
7.939338684082031e-05,0.4783778330755263
7.939338684082031e-05,0.4784450870939539
7.939338684082031e-05,0.47851234111238145
7.939338684082031e-05,0.47857959513080905
7.939338684082031e-05,0.47864684914923666
7.939338684082031e-05,0.4787141031676643
7.939338684082031e-05,0.4787813571860919
7.939338684082031e-05,0.4788486112045195
7.939338684082031e-05,0.47891586522294705
7.939338684082031e-05,0.47898311924137466
7.939338684082031e-05,0.47905037325980226
7.939338684082031e-05,0.4791176272782299
7.939338684082031e-05,0.4791848812966575
7.939338684082031e-05,0.4792521353150851
7.939338684082031e-05,0.4793193893335127
7.939338684082031e-05,0.47938664335194026
7.939338684082031e-05,0.47945389737036787
7.939338684082031e-05,0.4795211513887955
7.939338684082031e-05,0.4795884054072231
7.939338684082031e-05,0.4796556594256507
7.939338684082031e-05,0.4797229134440783
7.939338684082031e-05,0.4797901674625059
7.939338684082031e-05,0.47985742148093347
7.939338684082031e-05,0.4799246754993611
7.939338684082031e-05,0.4799919295177887
7.939338684082031e-05,0.4800591835362163
7.939338684082031e-05,0.4801264375546439
7.939338684082031e-05,0.4801936915730715
7.939338684082031e-05,0.48026094559149907
7.963180541992188e-05,0.4803281996099267
7.963180541992188e-05,0.4803954536283543
7.963180541992188e-05,0.4804627076467819
7.963180541992188e-05,0.4805299616652095
7.963180541992188e-05,0.4805972156836371
7.963180541992188e-05,0.4806644697020647
7.963180541992188e-05,0.4807317237204923
7.963180541992188e-05,0.4807989777389199
7.963180541992188e-05,0.4808662317573475
7.963180541992188e-05,0.4809334857757751
7.963180541992188e-05,0.4810007397942027
7.963180541992188e-05,0.4810679938126303
7.963180541992188e-05,0.48113524783105793
7.963180541992188e-05,0.4812025018494855
7.963180541992188e-05,0.4812697558679131
7.963180541992188e-05,0.4813370098863407
7.963180541992188e-05,0.4814042639047683
7.963180541992188e-05,0.4814715179231959
7.963180541992188e-05,0.48153877194162353
7.963180541992188e-05,0.4816060259600511
7.963180541992188e-05,0.4816732799784787
7.963180541992188e-05,0.4817405339969063
7.963180541992188e-05,0.4818077880153339
7.963180541992188e-05,0.4818750420337615
7.963180541992188e-05,0.48194229605218913
7.963180541992188e-05,0.48200955007061674
7.963180541992188e-05,0.4820768040890443
7.963180541992188e-05,0.4821440581074719
7.963180541992188e-05,0.4822113121258995
7.963180541992188e-05,0.4822785661443271
7.963180541992188e-05,0.48234582016275473
7.963180541992188e-05,0.48241307418118234
7.963180541992188e-05,0.48248032819960995
7.963180541992188e-05,0.4825475822180375
7.963180541992188e-05,0.4826148362364651
7.963180541992188e-05,0.4826820902548927
7.963180541992188e-05,0.48274934427332034
7.963180541992188e-05,0.48281659829174794
7.963180541992188e-05,0.48288385231017555
7.963180541992188e-05,0.4829511063286031
7.963180541992188e-05,0.4830183603470307
7.963180541992188e-05,0.4830856143654583
7.963180541992188e-05,0.48315286838388594
7.963180541992188e-05,0.48322012240231355
7.963180541992188e-05,0.48328737642074115
7.963180541992188e-05,0.48335463043916876
7.963180541992188e-05,0.4834218844575963
7.963180541992188e-05,0.4834891384760239
7.963180541992188e-05,0.48355639249445154
7.963180541992188e-05,0.48362364651287915
7.963180541992188e-05,0.48369090053130676
7.963180541992188e-05,0.48375815454973436
7.963180541992188e-05,0.483825408568162
7.963180541992188e-05,0.48389266258658953
7.963180541992188e-05,0.48395991660501714
7.963180541992188e-05,0.48402717062344475
7.963180541992188e-05,0.48409442464187236
7.963180541992188e-05,0.48416167866029997
7.963180541992188e-05,0.4842289326787276
7.963180541992188e-05,0.48429618669715513
7.963180541992188e-05,0.48436344071558274
7.963180541992188e-05,0.48443069473401035
7.963180541992188e-05,0.48449794875243796
7.963180541992188e-05,0.48456520277086557
7.963180541992188e-05,0.4846324567892932
7.963180541992188e-05,0.4846997108077208
7.963180541992188e-05,0.48476696482614834
7.963180541992188e-05,0.48483421884457595
7.963180541992188e-05,0.48490147286300356
7.963180541992188e-05,0.48496872688143117
7.963180541992188e-05,0.4850359808998588
7.963180541992188e-05,0.4851032349182864
7.963180541992188e-05,0.485170488936714
7.963180541992188e-05,0.48523774295514155
7.963180541992188e-05,0.48530499697356916
7.987022399902344e-05,0.48537225099199677
7.987022399902344e-05,0.4854395050104244
7.987022399902344e-05,0.485506759028852
7.987022399902344e-05,0.4855740130472796
7.987022399902344e-05,0.48564126706570715
7.987022399902344e-05,0.48570852108413476
7.987022399902344e-05,0.48577577510256237
7.987022399902344e-05,0.48584302912099
7.987022399902344e-05,0.4859102831394176
7.987022399902344e-05,0.4859775371578452
7.987022399902344e-05,0.4860447911762728
7.987022399902344e-05,0.48611204519470036
7.987022399902344e-05,0.48617929921312797
7.987022399902344e-05,0.4862465532315556
7.987022399902344e-05,0.4863138072499832
7.987022399902344e-05,0.4863810612684108
7.987022399902344e-05,0.4864483152868384
7.987022399902344e-05,0.486515569305266
7.987022399902344e-05,0.48658282332369357
7.987022399902344e-05,0.4866500773421212
7.987022399902344e-05,0.4867173313605488
7.987022399902344e-05,0.4867845853789764
7.987022399902344e-05,0.486851839397404
7.987022399902344e-05,0.4869190934158316
7.987022399902344e-05,0.48698634743425917
7.987022399902344e-05,0.4870536014526868
7.987022399902344e-05,0.4871208554711144
7.987022399902344e-05,0.487188109489542
7.987022399902344e-05,0.4872553635079696
7.987022399902344e-05,0.4873226175263972
7.987022399902344e-05,0.4873898715448248
7.987022399902344e-05,0.4874571255632524
7.987022399902344e-05,0.48752437958168
7.987022399902344e-05,0.4875916336001076
7.987022399902344e-05,0.4876588876185352
7.987022399902344e-05,0.4877261416369628
7.987022399902344e-05,0.4877933956553904
7.987022399902344e-05,0.48786064967381804
7.987022399902344e-05,0.4879279036922456
7.987022399902344e-05,0.4879951577106732
7.987022399902344e-05,0.4880624117291008
7.987022399902344e-05,0.4881296657475284
7.987022399902344e-05,0.48819691976595603
7.987022399902344e-05,0.48826417378438364
7.987022399902344e-05,0.4883314278028112
7.987022399902344e-05,0.4883986818212388
7.987022399902344e-05,0.4884659358396664
7.987022399902344e-05,0.488533189858094
7.987022399902344e-05,0.48860044387652163
7.987022399902344e-05,0.48866769789494924
7.987022399902344e-05,0.48873495191337685
7.987022399902344e-05,0.4888022059318044
7.987022399902344e-05,0.488869459950232
7.987022399902344e-05,0.4889367139686596
7.987022399902344e-05,0.48900396798708723
7.987022399902344e-05,0.48907122200551484
7.987022399902344e-05,0.48913847602394245
7.987022399902344e-05,0.48920573004237006
7.987022399902344e-05,0.4892729840607976
7.987022399902344e-05,0.4893402380792252
7.987022399902344e-05,0.48940749209765283
7.987022399902344e-05,0.48947474611608044
7.987022399902344e-05,0.48954200013450805
7.987022399902344e-05,0.48960925415293566
7.987022399902344e-05,0.4896765081713632
7.987022399902344e-05,0.4897437621897908
7.987022399902344e-05,0.48981101620821843
7.987022399902344e-05,0.48987827022664604
7.987022399902344e-05,0.48994552424507365
7.987022399902344e-05,0.49001277826350126
7.987022399902344e-05,0.49008003228192887
7.987022399902344e-05,0.4901472863003564
7.987022399902344e-05,0.49021454031878403
7.987022399902344e-05,0.49028179433721164
7.987022399902344e-05,0.49034904835563925
7.987022399902344e-05,0.49041630237406686
7.987022399902344e-05,0.49048355639249447
7.987022399902344e-05,0.4905508104109221
7.987022399902344e-05,0.49061806442934963
7.987022399902344e-05,0.49068531844777724
7.987022399902344e-05,0.49075257246620485
7.987022399902344e-05,0.49081982648463246
7.987022399902344e-05,0.49088708050306007
7.987022399902344e-05,0.4909543345214877
7.987022399902344e-05,0.49102158853991523
7.987022399902344e-05,0.49108884255834284
7.987022399902344e-05,0.49115609657677045
7.987022399902344e-05,0.49122335059519806
7.987022399902344e-05,0.49129060461362567
7.987022399902344e-05,0.4913578586320533
8.0108642578125e-05,0.4914251126504809
8.0108642578125e-05,0.49149236666890844
8.0108642578125e-05,0.49155962068733605
8.0108642578125e-05,0.49162687470576366
8.0108642578125e-05,0.49169412872419127
8.0108642578125e-05,0.4917613827426189
8.0108642578125e-05,0.4918286367610465
8.0108642578125e-05,0.4918958907794741
8.0108642578125e-05,0.49196314479790165
8.0108642578125e-05,0.49203039881632926
8.0108642578125e-05,0.49209765283475687
8.0108642578125e-05,0.4921649068531845
8.0108642578125e-05,0.4922321608716121
8.0108642578125e-05,0.4922994148900397
8.0108642578125e-05,0.49236666890846725
8.0108642578125e-05,0.49243392292689486
8.0108642578125e-05,0.49250117694532247
8.0108642578125e-05,0.4925684309637501
8.0108642578125e-05,0.4926356849821777
8.0108642578125e-05,0.4927029390006053
8.0108642578125e-05,0.4927701930190329
8.0108642578125e-05,0.49283744703746046
8.0108642578125e-05,0.4929047010558881
8.0108642578125e-05,0.4929719550743157
8.0108642578125e-05,0.4930392090927433
8.0108642578125e-05,0.4931064631111709
8.0108642578125e-05,0.4931737171295985
8.0108642578125e-05,0.4932409711480261
8.0108642578125e-05,0.4933082251664537
8.0108642578125e-05,0.4933754791848813
8.0108642578125e-05,0.4934427332033089
8.0108642578125e-05,0.4935099872217365
8.0108642578125e-05,0.4935772412401641
8.0108642578125e-05,0.4936444952585917
8.0108642578125e-05,0.49371174927701933
8.0108642578125e-05,0.4937790032954469
8.0108642578125e-05,0.4938462573138745
8.0108642578125e-05,0.4939135113323021
8.0108642578125e-05,0.4939807653507297
8.0108642578125e-05,0.4940480193691573
8.0108642578125e-05,0.49411527338758493
8.0108642578125e-05,0.4941825274060125
8.0108642578125e-05,0.4942497814244401
8.0108642578125e-05,0.4943170354428677
8.0108642578125e-05,0.4943842894612953
8.0108642578125e-05,0.4944515434797229
8.0108642578125e-05,0.49451879749815053
8.0108642578125e-05,0.49458605151657814
8.0108642578125e-05,0.4946533055350057
8.0108642578125e-05,0.4947205595534333
8.0108642578125e-05,0.4947878135718609
8.0108642578125e-05,0.4948550675902885
8.0108642578125e-05,0.49492232160871613
8.0108642578125e-05,0.49498957562714374
8.0108642578125e-05,0.49505682964557135
8.0108642578125e-05,0.4951240836639989
8.0108642578125e-05,0.4951913376824265
8.0108642578125e-05,0.4952585917008541
8.0108642578125e-05,0.49532584571928173
8.0108642578125e-05,0.49539309973770934
8.0108642578125e-05,0.49546035375613695
8.0108642578125e-05,0.4955276077745645
8.034706115722656e-05,0.4955948617929921
8.034706115722656e-05,0.4956621158114197
8.034706115722656e-05,0.49572936982984733
8.034706115722656e-05,0.49579662384827494
8.034706115722656e-05,0.49586387786670255
8.034706115722656e-05,0.49593113188513016
8.034706115722656e-05,0.4959983859035577
8.034706115722656e-05,0.4960656399219853
8.034706115722656e-05,0.49613289394041293
8.034706115722656e-05,0.49620014795884054
8.034706115722656e-05,0.49626740197726815
8.034706115722656e-05,0.49633465599569576
8.034706115722656e-05,0.49640191001412337
8.034706115722656e-05,0.4964691640325509
8.034706115722656e-05,0.49653641805097853
8.034706115722656e-05,0.49660367206940614
8.034706115722656e-05,0.49667092608783375
8.034706115722656e-05,0.49673818010626136
8.034706115722656e-05,0.49680543412468897
8.034706115722656e-05,0.4968726881431165
8.034706115722656e-05,0.49693994216154413
8.034706115722656e-05,0.49700719617997174
8.034706115722656e-05,0.49707445019839935
8.034706115722656e-05,0.49714170421682696
8.034706115722656e-05,0.49720895823525457
8.034706115722656e-05,0.4972762122536822
8.034706115722656e-05,0.49734346627210974
8.034706115722656e-05,0.49741072029053734
8.034706115722656e-05,0.49747797430896495
8.034706115722656e-05,0.49754522832739256
8.034706115722656e-05,0.4976124823458202
8.034706115722656e-05,0.4976797363642478
8.034706115722656e-05,0.4977469903826754
8.034706115722656e-05,0.49781424440110295
8.034706115722656e-05,0.49788149841953055
8.034706115722656e-05,0.49794875243795816
8.034706115722656e-05,0.4980160064563858
8.034706115722656e-05,0.4980832604748134
8.034706115722656e-05,0.498150514493241
8.034706115722656e-05,0.49821776851166855
8.034706115722656e-05,0.49828502253009616
8.034706115722656e-05,0.49835227654852376
8.034706115722656e-05,0.4984195305669514
8.034706115722656e-05,0.498486784585379
8.034706115722656e-05,0.4985540386038066
8.034706115722656e-05,0.4986212926222342
8.034706115722656e-05,0.49868854664066176
8.034706115722656e-05,0.49875580065908937
8.034706115722656e-05,0.498823054677517
8.034706115722656e-05,0.4988903086959446
8.034706115722656e-05,0.4989575627143722
8.034706115722656e-05,0.4990248167327998
8.034706115722656e-05,0.4990920707512274
8.034706115722656e-05,0.49915932476965497
8.034706115722656e-05,0.4992265787880826
8.034706115722656e-05,0.4992938328065102
8.034706115722656e-05,0.4993610868249378
8.034706115722656e-05,0.4994283408433654
8.034706115722656e-05,0.499495594861793
8.034706115722656e-05,0.49956284888022057
8.034706115722656e-05,0.4996301028986482
8.034706115722656e-05,0.4996973569170758
8.034706115722656e-05,0.4997646109355034
8.058547973632812e-05,0.499831864953931
8.058547973632812e-05,0.4998991189723586
8.058547973632812e-05,0.4999663729907862
8.058547973632812e-05,0.5000336270092138
8.058547973632812e-05,0.5001008810276414
8.058547973632812e-05,0.500168135046069
8.058547973632812e-05,0.5002353890644966
8.058547973632812e-05,0.5003026430829242
8.058547973632812e-05,0.5003698971013518
8.058547973632812e-05,0.5004371511197794
8.058547973632812e-05,0.500504405138207
8.058547973632812e-05,0.5005716591566346
8.058547973632812e-05,0.5006389131750623
8.058547973632812e-05,0.5007061671934898
8.058547973632812e-05,0.5007734212119174
8.058547973632812e-05,0.500840675230345
8.058547973632812e-05,0.5009079292487726
8.058547973632812e-05,0.5009751832672003
8.058547973632812e-05,0.5010424372856278
8.058547973632812e-05,0.5011096913040555
8.058547973632812e-05,0.501176945322483
8.058547973632812e-05,0.5012441993409106
8.058547973632812e-05,0.5013114533593382
8.058547973632812e-05,0.5013787073777658
8.058547973632812e-05,0.5014459613961935
8.058547973632812e-05,0.501513215414621
8.058547973632812e-05,0.5015804694330486
8.058547973632812e-05,0.5016477234514762
8.058547973632812e-05,0.5017149774699038
8.058547973632812e-05,0.5017822314883315
8.058547973632812e-05,0.501849485506759
8.058547973632812e-05,0.5019167395251867
8.058547973632812e-05,0.5019839935436142
8.058547973632812e-05,0.5020512475620418
8.058547973632812e-05,0.5021185015804694
8.058547973632812e-05,0.502185755598897
8.058547973632812e-05,0.5022530096173247
8.058547973632812e-05,0.5023202636357522
8.058547973632812e-05,0.5023875176541799
8.058547973632812e-05,0.5024547716726074
8.058547973632812e-05,0.502522025691035
8.058547973632812e-05,0.5025892797094627
8.058547973632812e-05,0.5026565337278902
8.058547973632812e-05,0.5027237877463179
8.058547973632812e-05,0.5027910417647454
8.058547973632812e-05,0.5028582957831731
8.058547973632812e-05,0.5029255498016006
8.058547973632812e-05,0.5029928038200282
8.058547973632812e-05,0.5030600578384559
8.058547973632812e-05,0.5031273118568834
8.058547973632812e-05,0.5031945658753111
8.058547973632812e-05,0.5032618198937386
8.058547973632812e-05,0.5033290739121663
8.058547973632812e-05,0.5033963279305939
8.058547973632812e-05,0.5034635819490214
8.058547973632812e-05,0.5035308359674491
8.058547973632812e-05,0.5035980899858766
8.058547973632812e-05,0.5036653440043043
8.058547973632812e-05,0.5037325980227318
8.058547973632812e-05,0.5037998520411595
8.058547973632812e-05,0.5038671060595871
8.058547973632812e-05,0.5039343600780146
8.058547973632812e-05,0.5040016140964423
8.058547973632812e-05,0.5040688681148698
8.058547973632812e-05,0.5041361221332975
8.058547973632812e-05,0.5042033761517251
8.058547973632812e-05,0.5042706301701526
8.058547973632812e-05,0.5043378841885803
8.058547973632812e-05,0.5044051382070078
8.058547973632812e-05,0.5044723922254355
8.058547973632812e-05,0.504539646243863
8.058547973632812e-05,0.5046069002622907
8.082389831542969e-05,0.5046741542807183
8.082389831542969e-05,0.5047414082991458
8.082389831542969e-05,0.5048086623175735
8.082389831542969e-05,0.504875916336001
8.082389831542969e-05,0.5049431703544287
8.082389831542969e-05,0.5050104243728563
8.082389831542969e-05,0.5050776783912839
8.082389831542969e-05,0.5051449324097115
8.082389831542969e-05,0.505212186428139
8.082389831542969e-05,0.5052794404465667
8.082389831542969e-05,0.5053466944649943
8.082389831542969e-05,0.5054139484834219
8.082389831542969e-05,0.5054812025018495
8.082389831542969e-05,0.5055484565202771
8.082389831542969e-05,0.5056157105387047
8.082389831542969e-05,0.5056829645571322
8.082389831542969e-05,0.5057502185755599
8.082389831542969e-05,0.5058174725939875
8.082389831542969e-05,0.5058847266124151
8.082389831542969e-05,0.5059519806308427
8.082389831542969e-05,0.5060192346492703
8.082389831542969e-05,0.5060864886676979
8.082389831542969e-05,0.5061537426861255
8.082389831542969e-05,0.5062209967045531
8.082389831542969e-05,0.5062882507229807
8.082389831542969e-05,0.5063555047414083
8.082389831542969e-05,0.5064227587598359
8.082389831542969e-05,0.5064900127782636
8.082389831542969e-05,0.5065572667966911
8.082389831542969e-05,0.5066245208151187
8.082389831542969e-05,0.5066917748335463
8.082389831542969e-05,0.5067590288519739
8.082389831542969e-05,0.5068262828704015
8.082389831542969e-05,0.5068935368888291
8.082389831542969e-05,0.5069607909072567
8.082389831542969e-05,0.5070280449256843
8.082389831542969e-05,0.5070952989441119
8.082389831542969e-05,0.5071625529625395
8.082389831542969e-05,0.5072298069809671
8.082389831542969e-05,0.5072970609993948
8.082389831542969e-05,0.5073643150178223
8.082389831542969e-05,0.5074315690362499
8.082389831542969e-05,0.5074988230546775
8.082389831542969e-05,0.5075660770731051
8.082389831542969e-05,0.5076333310915327
8.082389831542969e-05,0.5077005851099603
8.082389831542969e-05,0.507767839128388
8.082389831542969e-05,0.5078350931468155
8.082389831542969e-05,0.5079023471652431
8.082389831542969e-05,0.5079696011836707
8.082389831542969e-05,0.5080368552020983
8.082389831542969e-05,0.508104109220526
8.082389831542969e-05,0.5081713632389535
8.082389831542969e-05,0.5082386172573812
8.082389831542969e-05,0.5083058712758087
8.082389831542969e-05,0.5083731252942363
8.082389831542969e-05,0.508440379312664
8.082389831542969e-05,0.5085076333310915
8.082389831542969e-05,0.5085748873495192
8.082389831542969e-05,0.5086421413679467
8.082389831542969e-05,0.5087093953863744
8.082389831542969e-05,0.5087766494048019
8.082389831542969e-05,0.5088439034232295
8.082389831542969e-05,0.5089111574416572
8.082389831542969e-05,0.5089784114600847
8.082389831542969e-05,0.5090456654785124
8.082389831542969e-05,0.5091129194969399
8.082389831542969e-05,0.5091801735153676
8.082389831542969e-05,0.5092474275337951
8.082389831542969e-05,0.5093146815522227
8.082389831542969e-05,0.5093819355706504
8.082389831542969e-05,0.5094491895890779
8.082389831542969e-05,0.5095164436075056
8.082389831542969e-05,0.5095836976259331
8.082389831542969e-05,0.5096509516443608
8.082389831542969e-05,0.5097182056627884
8.082389831542969e-05,0.5097854596812159
8.082389831542969e-05,0.5098527136996436
8.082389831542969e-05,0.5099199677180711
8.082389831542969e-05,0.5099872217364988
8.082389831542969e-05,0.5100544757549264
8.082389831542969e-05,0.5101217297733539
8.106231689453125e-05,0.5101889837917816
8.106231689453125e-05,0.5102562378102091
8.106231689453125e-05,0.5103234918286368
8.106231689453125e-05,0.5103907458470643
8.106231689453125e-05,0.510457999865492
8.106231689453125e-05,0.5105252538839196
8.106231689453125e-05,0.5105925079023471
8.106231689453125e-05,0.5106597619207748
8.106231689453125e-05,0.5107270159392023
8.106231689453125e-05,0.51079426995763
8.106231689453125e-05,0.5108615239760576
8.106231689453125e-05,0.5109287779944852
8.106231689453125e-05,0.5109960320129128
8.106231689453125e-05,0.5110632860313403
8.106231689453125e-05,0.511130540049768
8.106231689453125e-05,0.5111977940681955
8.106231689453125e-05,0.5112650480866232
8.106231689453125e-05,0.5113323021050508
8.106231689453125e-05,0.5113995561234784
8.106231689453125e-05,0.511466810141906
8.106231689453125e-05,0.5115340641603335
8.106231689453125e-05,0.5116013181787612
8.106231689453125e-05,0.5116685721971888
8.106231689453125e-05,0.5117358262156164
8.106231689453125e-05,0.511803080234044
8.106231689453125e-05,0.5118703342524716
8.106231689453125e-05,0.5119375882708992
8.106231689453125e-05,0.5120048422893267
8.106231689453125e-05,0.5120720963077544
8.106231689453125e-05,0.512139350326182
8.106231689453125e-05,0.5122066043446096
8.106231689453125e-05,0.5122738583630372
8.106231689453125e-05,0.5123411123814648
8.106231689453125e-05,0.5124083663998924
8.106231689453125e-05,0.51247562041832
8.106231689453125e-05,0.5125428744367476
8.106231689453125e-05,0.5126101284551752
8.106231689453125e-05,0.5126773824736028
8.106231689453125e-05,0.5127446364920304
8.106231689453125e-05,0.512811890510458
8.106231689453125e-05,0.5128791445288856
8.106231689453125e-05,0.5129463985473132
8.106231689453125e-05,0.5130136525657408
8.106231689453125e-05,0.5130809065841684
8.106231689453125e-05,0.513148160602596
8.106231689453125e-05,0.5132154146210236
8.106231689453125e-05,0.5132826686394512
8.106231689453125e-05,0.5133499226578788
8.106231689453125e-05,0.5134171766763064
8.106231689453125e-05,0.513484430694734
8.106231689453125e-05,0.5135516847131616
8.106231689453125e-05,0.5136189387315893
8.106231689453125e-05,0.5136861927500168
8.106231689453125e-05,0.5137534467684444
8.106231689453125e-05,0.513820700786872
8.106231689453125e-05,0.5138879548052996
8.106231689453125e-05,0.5139552088237272
8.106231689453125e-05,0.5140224628421548
8.106231689453125e-05,0.5140897168605825
8.106231689453125e-05,0.51415697087901
8.106231689453125e-05,0.5142242248974376
8.106231689453125e-05,0.5142914789158652
8.106231689453125e-05,0.5143587329342928
8.106231689453125e-05,0.5144259869527205
8.106231689453125e-05,0.514493240971148
8.106231689453125e-05,0.5145604949895757
8.106231689453125e-05,0.5146277490080032
8.106231689453125e-05,0.5146950030264308
8.106231689453125e-05,0.5147622570448585
8.106231689453125e-05,0.514829511063286
8.106231689453125e-05,0.5148967650817137
8.106231689453125e-05,0.5149640191001412
8.106231689453125e-05,0.5150312731185689
8.106231689453125e-05,0.5150985271369964
8.106231689453125e-05,0.515165781155424
8.106231689453125e-05,0.5152330351738517
8.106231689453125e-05,0.5153002891922792
8.106231689453125e-05,0.5153675432107069
8.106231689453125e-05,0.5154347972291344
8.106231689453125e-05,0.515502051247562
8.106231689453125e-05,0.5155693052659897
8.106231689453125e-05,0.5156365592844172
8.106231689453125e-05,0.5157038133028449
8.130073547363281e-05,0.5157710673212724
8.130073547363281e-05,0.5158383213397001
8.130073547363281e-05,0.5159055753581276
8.130073547363281e-05,0.5159728293765552
8.130073547363281e-05,0.5160400833949829
8.130073547363281e-05,0.5161073374134104
8.130073547363281e-05,0.5161745914318381
8.130073547363281e-05,0.5162418454502656
8.130073547363281e-05,0.5163090994686933
8.130073547363281e-05,0.5163763534871209
8.130073547363281e-05,0.5164436075055484
8.130073547363281e-05,0.5165108615239761
8.130073547363281e-05,0.5165781155424036
8.130073547363281e-05,0.5166453695608313
8.130073547363281e-05,0.5167126235792588
8.130073547363281e-05,0.5167798775976865
8.130073547363281e-05,0.5168471316161141
8.130073547363281e-05,0.5169143856345416
8.130073547363281e-05,0.5169816396529693
8.130073547363281e-05,0.5170488936713968
8.130073547363281e-05,0.5171161476898245
8.130073547363281e-05,0.517183401708252
8.130073547363281e-05,0.5172506557266797
8.130073547363281e-05,0.5173179097451073
8.130073547363281e-05,0.5173851637635348
8.130073547363281e-05,0.5174524177819625
8.130073547363281e-05,0.51751967180039
8.130073547363281e-05,0.5175869258188177
8.130073547363281e-05,0.5176541798372453
8.130073547363281e-05,0.5177214338556729
8.130073547363281e-05,0.5177886878741005
8.130073547363281e-05,0.517855941892528
8.130073547363281e-05,0.5179231959109557
8.130073547363281e-05,0.5179904499293833
8.130073547363281e-05,0.5180577039478109
8.130073547363281e-05,0.5181249579662385
8.130073547363281e-05,0.518192211984666
8.130073547363281e-05,0.5182594660030937
8.130073547363281e-05,0.5183267200215212
8.130073547363281e-05,0.5183939740399489
8.130073547363281e-05,0.5184612280583765
8.130073547363281e-05,0.5185284820768041
8.130073547363281e-05,0.5185957360952317
8.130073547363281e-05,0.5186629901136592
8.130073547363281e-05,0.5187302441320869
8.130073547363281e-05,0.5187974981505145
8.130073547363281e-05,0.5188647521689421
8.130073547363281e-05,0.5189320061873697
8.130073547363281e-05,0.5189992602057973
8.130073547363281e-05,0.5190665142242249
8.130073547363281e-05,0.5191337682426524
8.130073547363281e-05,0.5192010222610801
8.130073547363281e-05,0.5192682762795077
8.130073547363281e-05,0.5193355302979353
8.130073547363281e-05,0.5194027843163629
8.130073547363281e-05,0.5194700383347906
8.130073547363281e-05,0.5195372923532181
8.130073547363281e-05,0.5196045463716457
8.130073547363281e-05,0.5196718003900733
8.130073547363281e-05,0.5197390544085009
8.130073547363281e-05,0.5198063084269285
8.130073547363281e-05,0.5198735624453561
8.130073547363281e-05,0.5199408164637838
8.130073547363281e-05,0.5200080704822113
8.130073547363281e-05,0.5200753245006389
8.130073547363281e-05,0.5201425785190665
8.130073547363281e-05,0.5202098325374941
8.130073547363281e-05,0.5202770865559218
8.130073547363281e-05,0.5203443405743493
8.130073547363281e-05,0.520411594592777
8.130073547363281e-05,0.5204788486112045
8.130073547363281e-05,0.5205461026296321
8.130073547363281e-05,0.5206133566480597
8.130073547363281e-05,0.5206806106664873
8.130073547363281e-05,0.520747864684915
8.130073547363281e-05,0.5208151187033425
8.130073547363281e-05,0.5208823727217701
8.130073547363281e-05,0.5209496267401977
8.130073547363281e-05,0.5210168807586253
8.130073547363281e-05,0.521084134777053
8.130073547363281e-05,0.5211513887954805
8.130073547363281e-05,0.5212186428139082
8.130073547363281e-05,0.5212858968323357
8.153915405273438e-05,0.5213531508507633
8.153915405273438e-05,0.521420404869191
8.153915405273438e-05,0.5214876588876185
8.153915405273438e-05,0.5215549129060462
8.153915405273438e-05,0.5216221669244737
8.153915405273438e-05,0.5216894209429014
8.153915405273438e-05,0.5217566749613289
8.153915405273438e-05,0.5218239289797565
8.153915405273438e-05,0.5218911829981842
8.153915405273438e-05,0.5219584370166117
8.153915405273438e-05,0.5220256910350394
8.153915405273438e-05,0.5220929450534669
8.153915405273438e-05,0.5221601990718946
8.153915405273438e-05,0.5222274530903221
8.153915405273438e-05,0.5222947071087497
8.153915405273438e-05,0.5223619611271774
8.153915405273438e-05,0.5224292151456049
8.153915405273438e-05,0.5224964691640326
8.153915405273438e-05,0.5225637231824601
8.153915405273438e-05,0.5226309772008878
8.153915405273438e-05,0.5226982312193154
8.153915405273438e-05,0.5227654852377429
8.153915405273438e-05,0.5228327392561706
8.153915405273438e-05,0.5228999932745981
8.153915405273438e-05,0.5229672472930258
8.153915405273438e-05,0.5230345013114533
8.153915405273438e-05,0.523101755329881
8.153915405273438e-05,0.5231690093483086
8.153915405273438e-05,0.5232362633667361
8.153915405273438e-05,0.5233035173851638
8.153915405273438e-05,0.5233707714035913
8.153915405273438e-05,0.523438025422019
8.153915405273438e-05,0.5235052794404466
8.153915405273438e-05,0.5235725334588742
8.153915405273438e-05,0.5236397874773018
8.153915405273438e-05,0.5237070414957293
8.153915405273438e-05,0.523774295514157
8.153915405273438e-05,0.5238415495325845
8.153915405273438e-05,0.5239088035510122
8.153915405273438e-05,0.5239760575694398
8.153915405273438e-05,0.5240433115878673
8.153915405273438e-05,0.524110565606295
8.153915405273438e-05,0.5241778196247225
8.153915405273438e-05,0.5242450736431502
8.153915405273438e-05,0.5243123276615778
8.153915405273438e-05,0.5243795816800054
8.153915405273438e-05,0.524446835698433
8.153915405273438e-05,0.5245140897168605
8.153915405273438e-05,0.5245813437352882
8.153915405273438e-05,0.5246485977537158
8.153915405273438e-05,0.5247158517721434
8.153915405273438e-05,0.524783105790571
8.153915405273438e-05,0.5248503598089986
8.153915405273438e-05,0.5249176138274262
8.153915405273438e-05,0.5249848678458537
8.153915405273438e-05,0.5250521218642814
8.153915405273438e-05,0.525119375882709
8.153915405273438e-05,0.5251866299011366
8.153915405273438e-05,0.5252538839195642
8.153915405273438e-05,0.5253211379379918
8.153915405273438e-05,0.5253883919564194
8.153915405273438e-05,0.525455645974847
8.153915405273438e-05,0.5255228999932746
8.153915405273438e-05,0.5255901540117022
8.153915405273438e-05,0.5256574080301298
8.153915405273438e-05,0.5257246620485574
8.153915405273438e-05,0.525791916066985
8.153915405273438e-05,0.5258591700854126
8.153915405273438e-05,0.5259264241038402
8.153915405273438e-05,0.5259936781222678
8.153915405273438e-05,0.5260609321406954
8.153915405273438e-05,0.526128186159123
8.153915405273438e-05,0.5261954401775506
8.153915405273438e-05,0.5262626941959783
8.177757263183594e-05,0.5263299482144058
8.177757263183594e-05,0.5263972022328334
8.177757263183594e-05,0.526464456251261
8.177757263183594e-05,0.5265317102696886
8.177757263183594e-05,0.5265989642881163
8.177757263183594e-05,0.5266662183065438
8.177757263183594e-05,0.5267334723249714
8.177757263183594e-05,0.526800726343399
8.177757263183594e-05,0.5268679803618266
8.177757263183594e-05,0.5269352343802542
8.177757263183594e-05,0.5270024883986818
8.177757263183594e-05,0.5270697424171095
8.177757263183594e-05,0.527136996435537
8.177757263183594e-05,0.5272042504539646
8.177757263183594e-05,0.5272715044723922
8.177757263183594e-05,0.5273387584908198
8.177757263183594e-05,0.5274060125092475
8.177757263183594e-05,0.527473266527675
8.177757263183594e-05,0.5275405205461027
8.177757263183594e-05,0.5276077745645302
8.177757263183594e-05,0.5276750285829578
8.177757263183594e-05,0.5277422826013854
8.177757263183594e-05,0.527809536619813
8.177757263183594e-05,0.5278767906382407
8.177757263183594e-05,0.5279440446566682
8.177757263183594e-05,0.5280112986750959
8.177757263183594e-05,0.5280785526935234
8.177757263183594e-05,0.528145806711951
8.177757263183594e-05,0.5282130607303787
8.177757263183594e-05,0.5282803147488062
8.177757263183594e-05,0.5283475687672339
8.177757263183594e-05,0.5284148227856614
8.177757263183594e-05,0.5284820768040891
8.177757263183594e-05,0.5285493308225166
8.177757263183594e-05,0.5286165848409442
8.177757263183594e-05,0.5286838388593719
8.177757263183594e-05,0.5287510928777994
8.177757263183594e-05,0.5288183468962271
8.177757263183594e-05,0.5288856009146546
8.177757263183594e-05,0.5289528549330823
8.177757263183594e-05,0.5290201089515099
8.177757263183594e-05,0.5290873629699374
8.177757263183594e-05,0.5291546169883651
8.177757263183594e-05,0.5292218710067926
8.177757263183594e-05,0.5292891250252203
8.177757263183594e-05,0.5293563790436479
8.177757263183594e-05,0.5294236330620754
8.177757263183594e-05,0.5294908870805031
8.177757263183594e-05,0.5295581410989306
8.177757263183594e-05,0.5296253951173583
8.177757263183594e-05,0.5296926491357858
8.177757263183594e-05,0.5297599031542135
8.177757263183594e-05,0.5298271571726411
8.177757263183594e-05,0.5298944111910686
8.177757263183594e-05,0.5299616652094963
8.177757263183594e-05,0.5300289192279238
8.177757263183594e-05,0.5300961732463515
8.177757263183594e-05,0.530163427264779
8.177757263183594e-05,0.5302306812832067
8.177757263183594e-05,0.5302979353016343
8.177757263183594e-05,0.5303651893200618
8.177757263183594e-05,0.5304324433384895
8.177757263183594e-05,0.530499697356917
8.177757263183594e-05,0.5305669513753447
8.177757263183594e-05,0.5306342053937723
8.177757263183594e-05,0.5307014594121999
8.177757263183594e-05,0.5307687134306275
8.177757263183594e-05,0.530835967449055
8.177757263183594e-05,0.5309032214674827
8.177757263183594e-05,0.5309704754859103
8.177757263183594e-05,0.5310377295043379
8.177757263183594e-05,0.5311049835227655
8.177757263183594e-05,0.5311722375411931
8.177757263183594e-05,0.5312394915596207
8.177757263183594e-05,0.5313067455780482
8.20159912109375e-05,0.5313739995964759
8.20159912109375e-05,0.5314412536149035
8.20159912109375e-05,0.5315085076333311
8.20159912109375e-05,0.5315757616517587
8.20159912109375e-05,0.5316430156701863
8.20159912109375e-05,0.5317102696886139
8.20159912109375e-05,0.5317775237070415
8.20159912109375e-05,0.5318447777254691
8.20159912109375e-05,0.5319120317438967
8.20159912109375e-05,0.5319792857623243
8.20159912109375e-05,0.5320465397807519
8.20159912109375e-05,0.5321137937991794
8.20159912109375e-05,0.5321810478176071
8.20159912109375e-05,0.5322483018360347
8.20159912109375e-05,0.5323155558544623
8.20159912109375e-05,0.5323828098728899
8.20159912109375e-05,0.5324500638913175
8.20159912109375e-05,0.5325173179097451
8.20159912109375e-05,0.5325845719281727
8.20159912109375e-05,0.5326518259466003
8.20159912109375e-05,0.5327190799650279
8.20159912109375e-05,0.5327863339834555
8.20159912109375e-05,0.5328535880018831
8.20159912109375e-05,0.5329208420203108
8.20159912109375e-05,0.5329880960387383
8.20159912109375e-05,0.5330553500571659
8.20159912109375e-05,0.5331226040755935
8.20159912109375e-05,0.5331898580940211
8.20159912109375e-05,0.5332571121124488
8.20159912109375e-05,0.5333243661308763
8.20159912109375e-05,0.533391620149304
8.20159912109375e-05,0.5334588741677315
8.20159912109375e-05,0.5335261281861591
8.20159912109375e-05,0.5335933822045867
8.20159912109375e-05,0.5336606362230143
8.20159912109375e-05,0.533727890241442
8.20159912109375e-05,0.5337951442598695
8.20159912109375e-05,0.5338623982782972
8.20159912109375e-05,0.5339296522967247
8.20159912109375e-05,0.5339969063151523
8.20159912109375e-05,0.53406416033358
8.20159912109375e-05,0.5341314143520075
8.20159912109375e-05,0.5341986683704352
8.20159912109375e-05,0.5342659223888627
8.20159912109375e-05,0.5343331764072904
8.20159912109375e-05,0.5344004304257179
8.20159912109375e-05,0.5344676844441455
8.20159912109375e-05,0.5345349384625732
8.20159912109375e-05,0.5346021924810007
8.20159912109375e-05,0.5346694464994284
8.20159912109375e-05,0.5347367005178559
8.20159912109375e-05,0.5348039545362835
8.20159912109375e-05,0.5348712085547112
8.20159912109375e-05,0.5349384625731387
8.20159912109375e-05,0.5350057165915664
8.20159912109375e-05,0.5350729706099939
8.20159912109375e-05,0.5351402246284216
8.20159912109375e-05,0.5352074786468491
8.20159912109375e-05,0.5352747326652767
8.20159912109375e-05,0.5353419866837044
8.20159912109375e-05,0.5354092407021319
8.20159912109375e-05,0.5354764947205596
8.20159912109375e-05,0.5355437487389871
8.20159912109375e-05,0.5356110027574148
8.20159912109375e-05,0.5356782567758424
8.20159912109375e-05,0.5357455107942699
8.20159912109375e-05,0.5358127648126976
8.20159912109375e-05,0.5358800188311251
8.20159912109375e-05,0.5359472728495528
8.20159912109375e-05,0.5360145268679803
8.20159912109375e-05,0.536081780886408
8.20159912109375e-05,0.5361490349048356
8.20159912109375e-05,0.5362162889232631
8.20159912109375e-05,0.5362835429416908
8.20159912109375e-05,0.5363507969601183
8.20159912109375e-05,0.536418050978546
8.20159912109375e-05,0.5364853049969736
8.20159912109375e-05,0.5365525590154012
8.20159912109375e-05,0.5366198130338288
8.20159912109375e-05,0.5366870670522563
8.225440979003906e-05,0.536754321070684
8.225440979003906e-05,0.5368215750891115
8.225440979003906e-05,0.5368888291075392
8.225440979003906e-05,0.5369560831259668
8.225440979003906e-05,0.5370233371443944
8.225440979003906e-05,0.537090591162822
8.225440979003906e-05,0.5371578451812495
8.225440979003906e-05,0.5372250991996772
8.225440979003906e-05,0.5372923532181048
8.225440979003906e-05,0.5373596072365324
8.225440979003906e-05,0.53742686125496
8.225440979003906e-05,0.5374941152733876
8.225440979003906e-05,0.5375613692918152
8.225440979003906e-05,0.5376286233102427
8.225440979003906e-05,0.5376958773286704
8.225440979003906e-05,0.537763131347098
8.225440979003906e-05,0.5378303853655256
8.225440979003906e-05,0.5378976393839532
8.225440979003906e-05,0.5379648934023807
8.225440979003906e-05,0.5380321474208084
8.225440979003906e-05,0.538099401439236
8.225440979003906e-05,0.5381666554576636
8.225440979003906e-05,0.5382339094760912
8.225440979003906e-05,0.5383011634945188
8.225440979003906e-05,0.5383684175129464
8.225440979003906e-05,0.538435671531374
8.225440979003906e-05,0.5385029255498016
8.225440979003906e-05,0.5385701795682292
8.225440979003906e-05,0.5386374335866568
8.225440979003906e-05,0.5387046876050844
8.225440979003906e-05,0.538771941623512
8.225440979003906e-05,0.5388391956419396
8.225440979003906e-05,0.5389064496603672
8.225440979003906e-05,0.5389737036787948
8.225440979003906e-05,0.5390409576972224
8.225440979003906e-05,0.53910821171565
8.225440979003906e-05,0.5391754657340776
8.225440979003906e-05,0.5392427197525053
8.225440979003906e-05,0.5393099737709328
8.225440979003906e-05,0.5393772277893604
8.225440979003906e-05,0.539444481807788
8.225440979003906e-05,0.5395117358262156
8.225440979003906e-05,0.5395789898446433
8.225440979003906e-05,0.5396462438630708
8.225440979003906e-05,0.5397134978814985
8.225440979003906e-05,0.539780751899926
8.225440979003906e-05,0.5398480059183536
8.225440979003906e-05,0.5399152599367812
8.225440979003906e-05,0.5399825139552088
8.225440979003906e-05,0.5400497679736365
8.225440979003906e-05,0.540117021992064
8.225440979003906e-05,0.5401842760104917
8.225440979003906e-05,0.5402515300289192
8.225440979003906e-05,0.5403187840473468
8.225440979003906e-05,0.5403860380657745
8.225440979003906e-05,0.540453292084202
8.225440979003906e-05,0.5405205461026297
8.225440979003906e-05,0.5405878001210572
8.225440979003906e-05,0.5406550541394848
8.225440979003906e-05,0.5407223081579124
8.225440979003906e-05,0.54078956217634
8.225440979003906e-05,0.5408568161947677
8.225440979003906e-05,0.5409240702131952
8.225440979003906e-05,0.5409913242316229
8.225440979003906e-05,0.5410585782500504
8.225440979003906e-05,0.541125832268478
8.225440979003906e-05,0.5411930862869057
8.225440979003906e-05,0.5412603403053332
8.225440979003906e-05,0.5413275943237609
8.225440979003906e-05,0.5413948483421884
8.225440979003906e-05,0.5414621023606161
8.225440979003906e-05,0.5415293563790436
8.225440979003906e-05,0.5415966103974712
8.225440979003906e-05,0.5416638644158989
8.225440979003906e-05,0.5417311184343264
8.225440979003906e-05,0.5417983724527541
8.225440979003906e-05,0.5418656264711816
8.225440979003906e-05,0.5419328804896093
8.225440979003906e-05,0.5420001345080369
8.225440979003906e-05,0.5420673885264644
8.225440979003906e-05,0.5421346425448921
8.225440979003906e-05,0.5422018965633196
8.225440979003906e-05,0.5422691505817473
8.225440979003906e-05,0.5423364046001748
8.225440979003906e-05,0.5424036586186025
8.225440979003906e-05,0.5424709126370301
8.249282836914062e-05,0.5425381666554576
8.249282836914062e-05,0.5426054206738853
8.249282836914062e-05,0.5426726746923128
8.249282836914062e-05,0.5427399287107405
8.249282836914062e-05,0.5428071827291681
8.249282836914062e-05,0.5428744367475957
8.249282836914062e-05,0.5429416907660233
8.249282836914062e-05,0.5430089447844508
8.249282836914062e-05,0.5430761988028785
8.249282836914062e-05,0.543143452821306
8.249282836914062e-05,0.5432107068397337
8.249282836914062e-05,0.5432779608581613
8.249282836914062e-05,0.5433452148765888
8.249282836914062e-05,0.5434124688950165
8.249282836914062e-05,0.543479722913444
8.249282836914062e-05,0.5435469769318717
8.249282836914062e-05,0.5436142309502993
8.249282836914062e-05,0.5436814849687269
8.249282836914062e-05,0.5437487389871545
8.249282836914062e-05,0.543815993005582
8.249282836914062e-05,0.5438832470240097
8.249282836914062e-05,0.5439505010424373
8.249282836914062e-05,0.5440177550608649
8.249282836914062e-05,0.5440850090792925
8.249282836914062e-05,0.5441522630977201
8.249282836914062e-05,0.5442195171161477
8.249282836914062e-05,0.5442867711345752
8.249282836914062e-05,0.5443540251530029
8.249282836914062e-05,0.5444212791714305
8.249282836914062e-05,0.5444885331898581
8.249282836914062e-05,0.5445557872082857
8.249282836914062e-05,0.5446230412267133
8.249282836914062e-05,0.5446902952451409
8.249282836914062e-05,0.5447575492635685
8.249282836914062e-05,0.5448248032819961
8.249282836914062e-05,0.5448920573004237
8.249282836914062e-05,0.5449593113188513
8.249282836914062e-05,0.5450265653372789
8.249282836914062e-05,0.5450938193557066
8.249282836914062e-05,0.5451610733741341
8.249282836914062e-05,0.5452283273925617
8.249282836914062e-05,0.5452955814109893
8.249282836914062e-05,0.5453628354294169
8.249282836914062e-05,0.5454300894478445
8.249282836914062e-05,0.5454973434662721
8.249282836914062e-05,0.5455645974846998
8.249282836914062e-05,0.5456318515031273
8.249282836914062e-05,0.5456991055215549
8.249282836914062e-05,0.5457663595399825
8.249282836914062e-05,0.5458336135584101
8.249282836914062e-05,0.5459008675768378
8.249282836914062e-05,0.5459681215952653
8.249282836914062e-05,0.5460353756136929
8.249282836914062e-05,0.5461026296321205
8.249282836914062e-05,0.5461698836505481
8.249282836914062e-05,0.5462371376689757
8.249282836914062e-05,0.5463043916874033
8.249282836914062e-05,0.546371645705831
8.249282836914062e-05,0.5464388997242585
8.249282836914062e-05,0.5465061537426861
8.249282836914062e-05,0.5465734077611137
8.249282836914062e-05,0.5466406617795413
8.249282836914062e-05,0.546707915797969
8.249282836914062e-05,0.5467751698163965
8.249282836914062e-05,0.5468424238348242
8.249282836914062e-05,0.5469096778532517
8.249282836914062e-05,0.5469769318716793
8.249282836914062e-05,0.547044185890107
8.249282836914062e-05,0.5471114399085345
8.249282836914062e-05,0.5471786939269622
8.249282836914062e-05,0.5472459479453897
8.249282836914062e-05,0.5473132019638174
8.249282836914062e-05,0.5473804559822449
8.249282836914062e-05,0.5474477100006725
8.249282836914062e-05,0.5475149640191002
8.249282836914062e-05,0.5475822180375277
8.249282836914062e-05,0.5476494720559554
8.249282836914062e-05,0.5477167260743829
8.249282836914062e-05,0.5477839800928106
8.249282836914062e-05,0.5478512341112382
8.249282836914062e-05,0.5479184881296657
8.249282836914062e-05,0.5479857421480934
8.249282836914062e-05,0.5480529961665209
8.249282836914062e-05,0.5481202501849486
8.249282836914062e-05,0.5481875042033761
8.249282836914062e-05,0.5482547582218038
8.249282836914062e-05,0.5483220122402314
8.249282836914062e-05,0.5483892662586589
8.273124694824219e-05,0.5484565202770866
8.273124694824219e-05,0.5485237742955141
8.273124694824219e-05,0.5485910283139418
8.273124694824219e-05,0.5486582823323694
8.273124694824219e-05,0.5487255363507969
8.273124694824219e-05,0.5487927903692246
8.273124694824219e-05,0.5488600443876521
8.273124694824219e-05,0.5489272984060798
8.273124694824219e-05,0.5489945524245073
8.273124694824219e-05,0.549061806442935
8.273124694824219e-05,0.5491290604613626
8.273124694824219e-05,0.5491963144797901
8.273124694824219e-05,0.5492635684982178
8.273124694824219e-05,0.5493308225166453
8.273124694824219e-05,0.549398076535073
8.273124694824219e-05,0.5494653305535006
8.273124694824219e-05,0.5495325845719282
8.273124694824219e-05,0.5495998385903558
8.273124694824219e-05,0.5496670926087833
8.273124694824219e-05,0.549734346627211
8.273124694824219e-05,0.5498016006456385
8.273124694824219e-05,0.5498688546640662
8.273124694824219e-05,0.5499361086824938
8.273124694824219e-05,0.5500033627009214
8.273124694824219e-05,0.550070616719349
8.273124694824219e-05,0.5501378707377765
8.273124694824219e-05,0.5502051247562042
8.273124694824219e-05,0.5502723787746318
8.273124694824219e-05,0.5503396327930594
8.273124694824219e-05,0.550406886811487
8.273124694824219e-05,0.5504741408299146
8.273124694824219e-05,0.5505413948483422
8.273124694824219e-05,0.5506086488667697
8.273124694824219e-05,0.5506759028851974
8.273124694824219e-05,0.550743156903625
8.273124694824219e-05,0.5508104109220526
8.273124694824219e-05,0.5508776649404802
8.273124694824219e-05,0.5509449189589078
8.273124694824219e-05,0.5510121729773354
8.273124694824219e-05,0.551079426995763
8.273124694824219e-05,0.5511466810141906
8.273124694824219e-05,0.5512139350326182
8.273124694824219e-05,0.5512811890510458
8.273124694824219e-05,0.5513484430694734
8.273124694824219e-05,0.551415697087901
8.273124694824219e-05,0.5514829511063286
8.273124694824219e-05,0.5515502051247562
8.273124694824219e-05,0.5516174591431838
8.273124694824219e-05,0.5516847131616114
8.273124694824219e-05,0.551751967180039
8.273124694824219e-05,0.5518192211984666
8.273124694824219e-05,0.5518864752168942
8.273124694824219e-05,0.5519537292353218
8.273124694824219e-05,0.5520209832537494
8.273124694824219e-05,0.552088237272177
8.273124694824219e-05,0.5521554912906046
8.273124694824219e-05,0.5522227453090323
8.273124694824219e-05,0.5522899993274598
8.273124694824219e-05,0.5523572533458874
8.273124694824219e-05,0.552424507364315
8.273124694824219e-05,0.5524917613827426
8.273124694824219e-05,0.5525590154011703
8.273124694824219e-05,0.5526262694195978
8.273124694824219e-05,0.5526935234380255
8.273124694824219e-05,0.552760777456453
8.273124694824219e-05,0.5528280314748806
8.273124694824219e-05,0.5528952854933082
8.273124694824219e-05,0.5529625395117358
8.273124694824219e-05,0.5530297935301635
8.273124694824219e-05,0.553097047548591
8.273124694824219e-05,0.5531643015670187
8.273124694824219e-05,0.5532315555854462
8.273124694824219e-05,0.5532988096038738
8.273124694824219e-05,0.5533660636223015
8.273124694824219e-05,0.553433317640729
8.273124694824219e-05,0.5535005716591567
8.296966552734375e-05,0.5535678256775842
8.296966552734375e-05,0.5536350796960119
8.296966552734375e-05,0.5537023337144394
8.296966552734375e-05,0.553769587732867
8.296966552734375e-05,0.5538368417512947
8.296966552734375e-05,0.5539040957697222
8.296966552734375e-05,0.5539713497881499
8.296966552734375e-05,0.5540386038065774
8.296966552734375e-05,0.5541058578250051
8.296966552734375e-05,0.5541731118434327
8.296966552734375e-05,0.5542403658618602
8.296966552734375e-05,0.5543076198802879
8.296966552734375e-05,0.5543748738987154
8.296966552734375e-05,0.5544421279171431
8.296966552734375e-05,0.5545093819355706
8.296966552734375e-05,0.5545766359539982
8.296966552734375e-05,0.5546438899724259
8.296966552734375e-05,0.5547111439908534
8.296966552734375e-05,0.5547783980092811
8.296966552734375e-05,0.5548456520277086
8.296966552734375e-05,0.5549129060461363
8.296966552734375e-05,0.5549801600645639
8.296966552734375e-05,0.5550474140829914
8.296966552734375e-05,0.5551146681014191
8.296966552734375e-05,0.5551819221198466
8.296966552734375e-05,0.5552491761382743
8.296966552734375e-05,0.5553164301567018
8.296966552734375e-05,0.5553836841751295
8.296966552734375e-05,0.5554509381935571
8.296966552734375e-05,0.5555181922119846
8.296966552734375e-05,0.5555854462304123
8.296966552734375e-05,0.5556527002488398
8.296966552734375e-05,0.5557199542672675
8.296966552734375e-05,0.5557872082856951
8.296966552734375e-05,0.5558544623041227
8.296966552734375e-05,0.5559217163225503
8.296966552734375e-05,0.5559889703409778
8.296966552734375e-05,0.5560562243594055
8.296966552734375e-05,0.556123478377833
8.296966552734375e-05,0.5561907323962607
8.296966552734375e-05,0.5562579864146883
8.296966552734375e-05,0.5563252404331159
8.296966552734375e-05,0.5563924944515435
8.296966552734375e-05,0.556459748469971
8.296966552734375e-05,0.5565270024883987
8.296966552734375e-05,0.5565942565068263
8.296966552734375e-05,0.5566615105252539
8.296966552734375e-05,0.5567287645436815
8.296966552734375e-05,0.5567960185621091
8.296966552734375e-05,0.5568632725805367
8.296966552734375e-05,0.5569305265989642
8.296966552734375e-05,0.5569977806173919
8.296966552734375e-05,0.5570650346358195
8.296966552734375e-05,0.5571322886542471
8.296966552734375e-05,0.5571995426726747
8.296966552734375e-05,0.5572667966911022
8.296966552734375e-05,0.5573340507095299
8.296966552734375e-05,0.5574013047279575
8.296966552734375e-05,0.5574685587463851
8.296966552734375e-05,0.5575358127648127
8.296966552734375e-05,0.5576030667832403
8.296966552734375e-05,0.5576703208016679
8.296966552734375e-05,0.5577375748200954
8.296966552734375e-05,0.5578048288385231
8.296966552734375e-05,0.5578720828569507
8.296966552734375e-05,0.5579393368753783
8.296966552734375e-05,0.5580065908938059
8.296966552734375e-05,0.5580738449122336
8.296966552734375e-05,0.5581410989306611
8.296966552734375e-05,0.5582083529490887
8.296966552734375e-05,0.5582756069675163
8.296966552734375e-05,0.5583428609859439
8.296966552734375e-05,0.5584101150043715
8.296966552734375e-05,0.5584773690227991
8.296966552734375e-05,0.5585446230412268
8.296966552734375e-05,0.5586118770596543
8.296966552734375e-05,0.5586791310780819
8.296966552734375e-05,0.5587463850965095
8.296966552734375e-05,0.5588136391149371
8.296966552734375e-05,0.5588808931333648
8.296966552734375e-05,0.5589481471517923
8.296966552734375e-05,0.55901540117022
8.296966552734375e-05,0.5590826551886475
8.296966552734375e-05,0.5591499092070751
8.296966552734375e-05,0.5592171632255027
8.296966552734375e-05,0.5592844172439303
8.296966552734375e-05,0.559351671262358
8.296966552734375e-05,0.5594189252807855
8.296966552734375e-05,0.5594861792992132
8.296966552734375e-05,0.5595534333176407
8.296966552734375e-05,0.5596206873360683
8.296966552734375e-05,0.559687941354496
8.296966552734375e-05,0.5597551953729235
8.296966552734375e-05,0.5598224493913512
8.296966552734375e-05,0.5598897034097787
8.296966552734375e-05,0.5599569574282063
8.296966552734375e-05,0.560024211446634
8.296966552734375e-05,0.5600914654650615
8.296966552734375e-05,0.5601587194834892
8.296966552734375e-05,0.5602259735019167
8.296966552734375e-05,0.5602932275203444
8.296966552734375e-05,0.5603604815387719
8.296966552734375e-05,0.5604277355571995
8.320808410644531e-05,0.5604949895756272
8.320808410644531e-05,0.5605622435940547
8.320808410644531e-05,0.5606294976124824
8.320808410644531e-05,0.5606967516309099
8.320808410644531e-05,0.5607640056493376
8.320808410644531e-05,0.5608312596677651
8.320808410644531e-05,0.5608985136861927
8.320808410644531e-05,0.5609657677046204
8.320808410644531e-05,0.5610330217230479
8.320808410644531e-05,0.5611002757414756
8.320808410644531e-05,0.5611675297599031
8.320808410644531e-05,0.5612347837783308
8.320808410644531e-05,0.5613020377967584
8.320808410644531e-05,0.5613692918151859
8.320808410644531e-05,0.5614365458336136
8.320808410644531e-05,0.5615037998520411
8.320808410644531e-05,0.5615710538704688
8.320808410644531e-05,0.5616383078888963
8.320808410644531e-05,0.561705561907324
8.320808410644531e-05,0.5617728159257516
8.320808410644531e-05,0.5618400699441791
8.320808410644531e-05,0.5619073239626068
8.320808410644531e-05,0.5619745779810343
8.320808410644531e-05,0.562041831999462
8.320808410644531e-05,0.5621090860178896
8.320808410644531e-05,0.5621763400363172
8.320808410644531e-05,0.5622435940547448
8.320808410644531e-05,0.5623108480731723
8.320808410644531e-05,0.5623781020916
8.320808410644531e-05,0.5624453561100276
8.320808410644531e-05,0.5625126101284552
8.320808410644531e-05,0.5625798641468828
8.320808410644531e-05,0.5626471181653103
8.320808410644531e-05,0.562714372183738
8.320808410644531e-05,0.5627816262021655
8.320808410644531e-05,0.5628488802205932
8.320808410644531e-05,0.5629161342390208
8.320808410644531e-05,0.5629833882574484
8.320808410644531e-05,0.563050642275876
8.320808410644531e-05,0.5631178962943035
8.320808410644531e-05,0.5631851503127312
8.320808410644531e-05,0.5632524043311588
8.320808410644531e-05,0.5633196583495864
8.320808410644531e-05,0.563386912368014
8.320808410644531e-05,0.5634541663864416
8.320808410644531e-05,0.5635214204048692
8.320808410644531e-05,0.5635886744232967
8.320808410644531e-05,0.5636559284417244
8.320808410644531e-05,0.563723182460152
8.320808410644531e-05,0.5637904364785796
8.320808410644531e-05,0.5638576904970072
8.320808410644531e-05,0.5639249445154348
8.320808410644531e-05,0.5639921985338624
8.320808410644531e-05,0.56405945255229
8.320808410644531e-05,0.5641267065707176
8.320808410644531e-05,0.5641939605891452
8.320808410644531e-05,0.5642612146075728
8.320808410644531e-05,0.5643284686260004
8.320808410644531e-05,0.564395722644428
8.320808410644531e-05,0.5644629766628556
8.320808410644531e-05,0.5645302306812832
8.320808410644531e-05,0.5645974846997108
8.320808410644531e-05,0.5646647387181384
8.320808410644531e-05,0.564731992736566
8.320808410644531e-05,0.5647992467549936
8.320808410644531e-05,0.5648665007734213
8.320808410644531e-05,0.5649337547918488
8.320808410644531e-05,0.5650010088102764
8.320808410644531e-05,0.565068262828704
8.320808410644531e-05,0.5651355168471316
8.320808410644531e-05,0.5652027708655593
8.320808410644531e-05,0.5652700248839868
8.320808410644531e-05,0.5653372789024144
8.320808410644531e-05,0.565404532920842
8.320808410644531e-05,0.5654717869392696
8.320808410644531e-05,0.5655390409576972
8.320808410644531e-05,0.5656062949761248
8.320808410644531e-05,0.5656735489945525
8.320808410644531e-05,0.56574080301298
8.320808410644531e-05,0.5658080570314076
8.320808410644531e-05,0.5658753110498352
8.320808410644531e-05,0.5659425650682628
8.320808410644531e-05,0.5660098190866905
8.320808410644531e-05,0.566077073105118
8.320808410644531e-05,0.5661443271235457
8.320808410644531e-05,0.5662115811419732
8.320808410644531e-05,0.5662788351604008
8.320808410644531e-05,0.5663460891788284
8.320808410644531e-05,0.566413343197256
8.320808410644531e-05,0.5664805972156837
8.320808410644531e-05,0.5665478512341112
8.344650268554688e-05,0.5666151052525389
8.344650268554688e-05,0.5666823592709664
8.344650268554688e-05,0.566749613289394
8.344650268554688e-05,0.5668168673078217
8.344650268554688e-05,0.5668841213262492
8.344650268554688e-05,0.5669513753446769
8.344650268554688e-05,0.5670186293631044
8.344650268554688e-05,0.5670858833815321
8.344650268554688e-05,0.5671531373999597
8.344650268554688e-05,0.5672203914183872
8.344650268554688e-05,0.5672876454368149
8.344650268554688e-05,0.5673548994552424
8.344650268554688e-05,0.5674221534736701
8.344650268554688e-05,0.5674894074920976
8.344650268554688e-05,0.5675566615105253
8.344650268554688e-05,0.5676239155289529
8.344650268554688e-05,0.5676911695473804
8.344650268554688e-05,0.5677584235658081
8.344650268554688e-05,0.5678256775842356
8.344650268554688e-05,0.5678929316026633
8.344650268554688e-05,0.5679601856210909
8.344650268554688e-05,0.5680274396395185
8.344650268554688e-05,0.5680946936579461
8.344650268554688e-05,0.5681619476763736
8.344650268554688e-05,0.5682292016948013
8.344650268554688e-05,0.5682964557132288
8.344650268554688e-05,0.5683637097316565
8.344650268554688e-05,0.5684309637500841
8.344650268554688e-05,0.5684982177685116
8.344650268554688e-05,0.5685654717869393
8.344650268554688e-05,0.5686327258053668
8.344650268554688e-05,0.5686999798237945
8.344650268554688e-05,0.568767233842222
8.344650268554688e-05,0.5688344878606497
8.344650268554688e-05,0.5689017418790773
8.344650268554688e-05,0.5689689958975048
8.344650268554688e-05,0.5690362499159325
8.344650268554688e-05,0.56910350393436
8.344650268554688e-05,0.5691707579527877
8.344650268554688e-05,0.5692380119712153
8.344650268554688e-05,0.5693052659896429
8.344650268554688e-05,0.5693725200080705
8.344650268554688e-05,0.569439774026498
8.344650268554688e-05,0.5695070280449257
8.344650268554688e-05,0.5695742820633533
8.344650268554688e-05,0.5696415360817809
8.344650268554688e-05,0.5697087901002085
8.344650268554688e-05,0.5697760441186361
8.344650268554688e-05,0.5698432981370637
8.344650268554688e-05,0.5699105521554912
8.344650268554688e-05,0.5699778061739189
8.344650268554688e-05,0.5700450601923465
8.344650268554688e-05,0.5701123142107741
8.344650268554688e-05,0.5701795682292017
8.344650268554688e-05,0.5702468222476293
8.344650268554688e-05,0.5703140762660569
8.344650268554688e-05,0.5703813302844845
8.344650268554688e-05,0.5704485843029121
8.344650268554688e-05,0.5705158383213397
8.344650268554688e-05,0.5705830923397673
8.344650268554688e-05,0.5706503463581949
8.344650268554688e-05,0.5707176003766226
8.344650268554688e-05,0.5707848543950501
8.344650268554688e-05,0.5708521084134777
8.344650268554688e-05,0.5709193624319053
8.344650268554688e-05,0.5709866164503329
8.344650268554688e-05,0.5710538704687605
8.344650268554688e-05,0.5711211244871881
8.344650268554688e-05,0.5711883785056157
8.344650268554688e-05,0.5712556325240433
8.344650268554688e-05,0.5713228865424709
8.344650268554688e-05,0.5713901405608985
8.344650268554688e-05,0.5714573945793261
8.344650268554688e-05,0.5715246485977538
8.344650268554688e-05,0.5715919026161813
8.344650268554688e-05,0.5716591566346089
8.344650268554688e-05,0.5717264106530365
8.344650268554688e-05,0.5717936646714641
8.344650268554688e-05,0.5718609186898918
8.344650268554688e-05,0.5719281727083193
8.344650268554688e-05,0.571995426726747
8.344650268554688e-05,0.5720626807451745
8.344650268554688e-05,0.5721299347636021
8.344650268554688e-05,0.5721971887820297
8.344650268554688e-05,0.5722644428004573
8.344650268554688e-05,0.572331696818885
8.344650268554688e-05,0.5723989508373125
8.368492126464844e-05,0.5724662048557402
8.368492126464844e-05,0.5725334588741677
8.368492126464844e-05,0.5726007128925953
8.368492126464844e-05,0.572667966911023
8.368492126464844e-05,0.5727352209294505
8.368492126464844e-05,0.5728024749478782
8.368492126464844e-05,0.5728697289663057
8.368492126464844e-05,0.5729369829847334
8.368492126464844e-05,0.5730042370031609
8.368492126464844e-05,0.5730714910215885
8.368492126464844e-05,0.5731387450400162
8.368492126464844e-05,0.5732059990584437
8.368492126464844e-05,0.5732732530768714
8.368492126464844e-05,0.5733405070952989
8.368492126464844e-05,0.5734077611137266
8.368492126464844e-05,0.5734750151321542
8.368492126464844e-05,0.5735422691505817
8.368492126464844e-05,0.5736095231690094
8.368492126464844e-05,0.5736767771874369
8.368492126464844e-05,0.5737440312058646
8.368492126464844e-05,0.5738112852242921
8.368492126464844e-05,0.5738785392427197
8.368492126464844e-05,0.5739457932611474
8.368492126464844e-05,0.5740130472795749
8.368492126464844e-05,0.5740803012980026
8.368492126464844e-05,0.5741475553164301
8.368492126464844e-05,0.5742148093348578
8.368492126464844e-05,0.5742820633532854
8.368492126464844e-05,0.5743493173717129
8.368492126464844e-05,0.5744165713901406
8.368492126464844e-05,0.5744838254085681
8.368492126464844e-05,0.5745510794269958
8.368492126464844e-05,0.5746183334454233
8.368492126464844e-05,0.574685587463851
8.368492126464844e-05,0.5747528414822786
8.368492126464844e-05,0.5748200955007061
8.368492126464844e-05,0.5748873495191338
8.368492126464844e-05,0.5749546035375613
8.368492126464844e-05,0.575021857555989
8.368492126464844e-05,0.5750891115744166
8.368492126464844e-05,0.5751563655928442
8.368492126464844e-05,0.5752236196112718
8.368492126464844e-05,0.5752908736296993
8.368492126464844e-05,0.575358127648127
8.368492126464844e-05,0.5754253816665545
8.368492126464844e-05,0.5754926356849822
8.368492126464844e-05,0.5755598897034098
8.368492126464844e-05,0.5756271437218374
8.368492126464844e-05,0.575694397740265
8.368492126464844e-05,0.5757616517586925
8.368492126464844e-05,0.5758289057771202
8.368492126464844e-05,0.5758961597955478
8.368492126464844e-05,0.5759634138139754
8.368492126464844e-05,0.576030667832403
8.368492126464844e-05,0.5760979218508306
8.368492126464844e-05,0.5761651758692582
8.368492126464844e-05,0.5762324298876857
8.368492126464844e-05,0.5762996839061134
8.368492126464844e-05,0.576366937924541
8.368492126464844e-05,0.5764341919429686
8.368492126464844e-05,0.5765014459613962
8.368492126464844e-05,0.5765686999798237
8.368492126464844e-05,0.5766359539982514
8.368492126464844e-05,0.576703208016679
8.368492126464844e-05,0.5767704620351066
8.368492126464844e-05,0.5768377160535342
8.368492126464844e-05,0.5769049700719618
8.368492126464844e-05,0.5769722240903894
8.368492126464844e-05,0.577039478108817
8.368492126464844e-05,0.5771067321272446
8.368492126464844e-05,0.5771739861456722
8.368492126464844e-05,0.5772412401640998
8.368492126464844e-05,0.5773084941825274
8.368492126464844e-05,0.577375748200955
8.368492126464844e-05,0.5774430022193826
8.368492126464844e-05,0.5775102562378102
8.368492126464844e-05,0.5775775102562378
8.368492126464844e-05,0.5776447642746654
8.368492126464844e-05,0.577712018293093
8.368492126464844e-05,0.5777792723115206
8.368492126464844e-05,0.5778465263299483
8.368492126464844e-05,0.5779137803483758
8.368492126464844e-05,0.5779810343668034
8.368492126464844e-05,0.578048288385231
8.368492126464844e-05,0.5781155424036586
8.368492126464844e-05,0.5781827964220863
8.368492126464844e-05,0.5782500504405138
8.368492126464844e-05,0.5783173044589415
8.368492126464844e-05,0.578384558477369
8.368492126464844e-05,0.5784518124957966
8.368492126464844e-05,0.5785190665142242
8.368492126464844e-05,0.5785863205326518
8.368492126464844e-05,0.5786535745510795
8.368492126464844e-05,0.578720828569507
8.368492126464844e-05,0.5787880825879347
8.368492126464844e-05,0.5788553366063622
8.392333984375e-05,0.5789225906247898
8.392333984375e-05,0.5789898446432175
8.392333984375e-05,0.579057098661645
8.392333984375e-05,0.5791243526800727
8.392333984375e-05,0.5791916066985002
8.392333984375e-05,0.5792588607169278
8.392333984375e-05,0.5793261147353554
8.392333984375e-05,0.579393368753783
8.392333984375e-05,0.5794606227722107
8.392333984375e-05,0.5795278767906382
8.392333984375e-05,0.5795951308090659
8.392333984375e-05,0.5796623848274934
8.392333984375e-05,0.579729638845921
8.392333984375e-05,0.5797968928643487
8.392333984375e-05,0.5798641468827762
8.392333984375e-05,0.5799314009012039
8.392333984375e-05,0.5799986549196314
8.392333984375e-05,0.5800659089380591
8.392333984375e-05,0.5801331629564866
8.392333984375e-05,0.5802004169749142
8.392333984375e-05,0.5802676709933419
8.392333984375e-05,0.5803349250117694
8.392333984375e-05,0.5804021790301971
8.392333984375e-05,0.5804694330486246
8.392333984375e-05,0.5805366870670523
8.392333984375e-05,0.5806039410854799
8.392333984375e-05,0.5806711951039074
8.392333984375e-05,0.5807384491223351
8.392333984375e-05,0.5808057031407626
8.392333984375e-05,0.5808729571591903
8.392333984375e-05,0.5809402111776178
8.392333984375e-05,0.5810074651960455
8.392333984375e-05,0.5810747192144731
8.392333984375e-05,0.5811419732329006
8.392333984375e-05,0.5812092272513283
8.392333984375e-05,0.5812764812697558
8.392333984375e-05,0.5813437352881835
8.392333984375e-05,0.5814109893066111
8.392333984375e-05,0.5814782433250387
8.392333984375e-05,0.5815454973434663
8.392333984375e-05,0.5816127513618938
8.392333984375e-05,0.5816800053803215
8.392333984375e-05,0.581747259398749
8.392333984375e-05,0.5818145134171767
8.392333984375e-05,0.5818817674356043
8.392333984375e-05,0.5819490214540318
8.392333984375e-05,0.5820162754724595
8.392333984375e-05,0.582083529490887
8.392333984375e-05,0.5821507835093147
8.392333984375e-05,0.5822180375277423
8.392333984375e-05,0.5822852915461699
8.392333984375e-05,0.5823525455645975
8.392333984375e-05,0.582419799583025
8.392333984375e-05,0.5824870536014527
8.392333984375e-05,0.5825543076198803
8.392333984375e-05,0.5826215616383079
8.392333984375e-05,0.5826888156567355
8.392333984375e-05,0.5827560696751631
8.392333984375e-05,0.5828233236935907
8.392333984375e-05,0.5828905777120182
8.392333984375e-05,0.5829578317304459
8.392333984375e-05,0.5830250857488735
8.392333984375e-05,0.5830923397673011
8.392333984375e-05,0.5831595937857287
8.392333984375e-05,0.5832268478041563
8.392333984375e-05,0.5832941018225839
8.392333984375e-05,0.5833613558410115
8.392333984375e-05,0.5834286098594391
8.392333984375e-05,0.5834958638778667
8.392333984375e-05,0.5835631178962943
8.392333984375e-05,0.5836303719147219
8.392333984375e-05,0.5836976259331496
8.392333984375e-05,0.5837648799515771
8.392333984375e-05,0.5838321339700047
8.392333984375e-05,0.5838993879884323
8.392333984375e-05,0.5839666420068599
8.392333984375e-05,0.5840338960252875
8.392333984375e-05,0.5841011500437151
8.392333984375e-05,0.5841684040621428
8.392333984375e-05,0.5842356580805703
8.392333984375e-05,0.5843029120989979
8.392333984375e-05,0.5843701661174255
8.392333984375e-05,0.5844374201358531
8.392333984375e-05,0.5845046741542808
8.392333984375e-05,0.5845719281727083
8.392333984375e-05,0.584639182191136
8.392333984375e-05,0.5847064362095635
8.392333984375e-05,0.5847736902279911
8.392333984375e-05,0.5848409442464187
8.392333984375e-05,0.5849081982648463
8.392333984375e-05,0.584975452283274
8.392333984375e-05,0.5850427063017015
8.392333984375e-05,0.5851099603201291
8.392333984375e-05,0.5851772143385567
8.392333984375e-05,0.5852444683569843
8.392333984375e-05,0.585311722375412
8.392333984375e-05,0.5853789763938395
8.392333984375e-05,0.5854462304122672
8.392333984375e-05,0.5855134844306947
8.392333984375e-05,0.5855807384491223
8.392333984375e-05,0.58564799246755
8.392333984375e-05,0.5857152464859775
8.392333984375e-05,0.5857825005044052
8.392333984375e-05,0.5858497545228327
8.392333984375e-05,0.5859170085412604
8.392333984375e-05,0.5859842625596879
8.416175842285156e-05,0.5860515165781155
8.416175842285156e-05,0.5861187705965432
8.416175842285156e-05,0.5861860246149707
8.416175842285156e-05,0.5862532786333984
8.416175842285156e-05,0.5863205326518259
8.416175842285156e-05,0.5863877866702536
8.416175842285156e-05,0.5864550406886812
8.416175842285156e-05,0.5865222947071087
8.416175842285156e-05,0.5865895487255364
8.416175842285156e-05,0.5866568027439639
8.416175842285156e-05,0.5867240567623916
8.416175842285156e-05,0.5867913107808191
8.416175842285156e-05,0.5868585647992468
8.416175842285156e-05,0.5869258188176744
8.416175842285156e-05,0.5869930728361019
8.416175842285156e-05,0.5870603268545296
8.416175842285156e-05,0.5871275808729571
8.416175842285156e-05,0.5871948348913848
8.416175842285156e-05,0.5872620889098124
8.416175842285156e-05,0.58732934292824
8.416175842285156e-05,0.5873965969466676
8.416175842285156e-05,0.5874638509650951
8.416175842285156e-05,0.5875311049835228
8.416175842285156e-05,0.5875983590019503
8.416175842285156e-05,0.587665613020378
8.416175842285156e-05,0.5877328670388056
8.416175842285156e-05,0.5878001210572331
8.416175842285156e-05,0.5878673750756608
8.416175842285156e-05,0.5879346290940883
8.416175842285156e-05,0.588001883112516
8.416175842285156e-05,0.5880691371309436
8.416175842285156e-05,0.5881363911493712
8.416175842285156e-05,0.5882036451677988
8.416175842285156e-05,0.5882708991862263
8.416175842285156e-05,0.588338153204654
8.416175842285156e-05,0.5884054072230815
8.416175842285156e-05,0.5884726612415092
8.416175842285156e-05,0.5885399152599368
8.416175842285156e-05,0.5886071692783644
8.416175842285156e-05,0.588674423296792
8.416175842285156e-05,0.5887416773152195
8.416175842285156e-05,0.5888089313336472
8.416175842285156e-05,0.5888761853520748
8.416175842285156e-05,0.5889434393705024
8.416175842285156e-05,0.58901069338893
8.416175842285156e-05,0.5890779474073576
8.416175842285156e-05,0.5891452014257852
8.416175842285156e-05,0.5892124554442127
8.416175842285156e-05,0.5892797094626404
8.416175842285156e-05,0.589346963481068
8.416175842285156e-05,0.5894142174994956
8.416175842285156e-05,0.5894814715179232
8.416175842285156e-05,0.5895487255363508
8.416175842285156e-05,0.5896159795547784
8.416175842285156e-05,0.589683233573206
8.416175842285156e-05,0.5897504875916336
8.416175842285156e-05,0.5898177416100612
8.416175842285156e-05,0.5898849956284888
8.416175842285156e-05,0.5899522496469164
8.416175842285156e-05,0.5900195036653441
8.416175842285156e-05,0.5900867576837716
8.416175842285156e-05,0.5901540117021992
8.416175842285156e-05,0.5902212657206268
8.416175842285156e-05,0.5902885197390544
8.416175842285156e-05,0.590355773757482
8.416175842285156e-05,0.5904230277759096
8.416175842285156e-05,0.5904902817943372
8.416175842285156e-05,0.5905575358127648
8.416175842285156e-05,0.5906247898311924
8.416175842285156e-05,0.59069204384962
8.416175842285156e-05,0.5907592978680476
8.416175842285156e-05,0.5908265518864753
8.416175842285156e-05,0.5908938059049028
8.416175842285156e-05,0.5909610599233304
8.416175842285156e-05,0.591028313941758
8.416175842285156e-05,0.5910955679601856
8.416175842285156e-05,0.5911628219786133
8.416175842285156e-05,0.5912300759970408
8.416175842285156e-05,0.5912973300154685
8.416175842285156e-05,0.591364584033896
8.416175842285156e-05,0.5914318380523236
8.416175842285156e-05,0.5914990920707512
8.416175842285156e-05,0.5915663460891788
8.416175842285156e-05,0.5916336001076065
8.440017700195312e-05,0.591700854126034
8.440017700195312e-05,0.5917681081444617
8.440017700195312e-05,0.5918353621628892
8.440017700195312e-05,0.5919026161813168
8.440017700195312e-05,0.5919698701997445
8.440017700195312e-05,0.592037124218172
8.440017700195312e-05,0.5921043782365997
8.440017700195312e-05,0.5921716322550272
8.440017700195312e-05,0.5922388862734549
8.440017700195312e-05,0.5923061402918824
8.440017700195312e-05,0.59237339431031
8.440017700195312e-05,0.5924406483287377
8.440017700195312e-05,0.5925079023471652
8.440017700195312e-05,0.5925751563655929
8.440017700195312e-05,0.5926424103840204
8.440017700195312e-05,0.5927096644024481
8.440017700195312e-05,0.5927769184208757
8.440017700195312e-05,0.5928441724393032
8.440017700195312e-05,0.5929114264577309
8.440017700195312e-05,0.5929786804761584
8.440017700195312e-05,0.5930459344945861
8.440017700195312e-05,0.5931131885130136
8.440017700195312e-05,0.5931804425314412
8.440017700195312e-05,0.5932476965498689
8.440017700195312e-05,0.5933149505682964
8.440017700195312e-05,0.5933822045867241
8.440017700195312e-05,0.5934494586051516
8.440017700195312e-05,0.5935167126235793
8.440017700195312e-05,0.5935839666420069
8.440017700195312e-05,0.5936512206604344
8.440017700195312e-05,0.5937184746788621
8.440017700195312e-05,0.5937857286972896
8.440017700195312e-05,0.5938529827157173
8.440017700195312e-05,0.5939202367341448
8.440017700195312e-05,0.5939874907525725
8.440017700195312e-05,0.5940547447710001
8.440017700195312e-05,0.5941219987894276
8.440017700195312e-05,0.5941892528078553
8.440017700195312e-05,0.5942565068262828
8.440017700195312e-05,0.5943237608447105
8.440017700195312e-05,0.5943910148631381
8.440017700195312e-05,0.5944582688815657
8.440017700195312e-05,0.5945255228999933
8.440017700195312e-05,0.5945927769184208
8.440017700195312e-05,0.5946600309368485
8.440017700195312e-05,0.594727284955276
8.440017700195312e-05,0.5947945389737037
8.440017700195312e-05,0.5948617929921313
8.440017700195312e-05,0.5949290470105589
8.440017700195312e-05,0.5949963010289865
8.440017700195312e-05,0.595063555047414
8.440017700195312e-05,0.5951308090658417
8.440017700195312e-05,0.5951980630842693
8.440017700195312e-05,0.5952653171026969
8.440017700195312e-05,0.5953325711211245
8.440017700195312e-05,0.5953998251395521
8.440017700195312e-05,0.5954670791579797
8.440017700195312e-05,0.5955343331764072
8.440017700195312e-05,0.5956015871948349
8.440017700195312e-05,0.5956688412132625
8.440017700195312e-05,0.5957360952316901
8.440017700195312e-05,0.5958033492501177
8.440017700195312e-05,0.5958706032685452
8.440017700195312e-05,0.5959378572869729
8.440017700195312e-05,0.5960051113054005
8.440017700195312e-05,0.5960723653238281
8.440017700195312e-05,0.5961396193422557
8.440017700195312e-05,0.5962068733606833
8.440017700195312e-05,0.5962741273791109
8.440017700195312e-05,0.5963413813975385
8.440017700195312e-05,0.5964086354159661
8.440017700195312e-05,0.5964758894343937
8.440017700195312e-05,0.5965431434528213
8.440017700195312e-05,0.5966103974712489
8.440017700195312e-05,0.5966776514896766
8.440017700195312e-05,0.5967449055081041
8.440017700195312e-05,0.5968121595265317
8.440017700195312e-05,0.5968794135449593
8.440017700195312e-05,0.5969466675633869
8.440017700195312e-05,0.5970139215818145
8.440017700195312e-05,0.5970811756002421
8.440017700195312e-05,0.5971484296186698
8.440017700195312e-05,0.5972156836370973
8.440017700195312e-05,0.5972829376555249
8.440017700195312e-05,0.5973501916739525
8.440017700195312e-05,0.5974174456923801
8.440017700195312e-05,0.5974846997108078
8.440017700195312e-05,0.5975519537292353
8.440017700195312e-05,0.597619207747663
8.440017700195312e-05,0.5976864617660905
8.440017700195312e-05,0.5977537157845181
8.463859558105469e-05,0.5978209698029457
8.463859558105469e-05,0.5978882238213733
8.463859558105469e-05,0.597955477839801
8.463859558105469e-05,0.5980227318582285
8.463859558105469e-05,0.5980899858766562
8.463859558105469e-05,0.5981572398950837
8.463859558105469e-05,0.5982244939135113
8.463859558105469e-05,0.598291747931939
8.463859558105469e-05,0.5983590019503665
8.463859558105469e-05,0.5984262559687942
8.463859558105469e-05,0.5984935099872217
8.463859558105469e-05,0.5985607640056494
8.463859558105469e-05,0.598628018024077
8.463859558105469e-05,0.5986952720425045
8.463859558105469e-05,0.5987625260609322
8.463859558105469e-05,0.5988297800793597
8.463859558105469e-05,0.5988970340977874
8.463859558105469e-05,0.5989642881162149
8.463859558105469e-05,0.5990315421346425
8.463859558105469e-05,0.5990987961530702
8.463859558105469e-05,0.5991660501714977
8.463859558105469e-05,0.5992333041899254
8.463859558105469e-05,0.5993005582083529
8.463859558105469e-05,0.5993678122267806
8.463859558105469e-05,0.5994350662452081
8.463859558105469e-05,0.5995023202636357
8.463859558105469e-05,0.5995695742820634
8.463859558105469e-05,0.5996368283004909
8.463859558105469e-05,0.5997040823189186
8.463859558105469e-05,0.5997713363373461
8.463859558105469e-05,0.5998385903557738
8.463859558105469e-05,0.5999058443742014
8.463859558105469e-05,0.5999730983926289
8.463859558105469e-05,0.6000403524110566
8.463859558105469e-05,0.6001076064294841
8.463859558105469e-05,0.6001748604479118
8.463859558105469e-05,0.6002421144663393
8.463859558105469e-05,0.600309368484767
8.463859558105469e-05,0.6003766225031946
8.463859558105469e-05,0.6004438765216221
8.463859558105469e-05,0.6005111305400498
8.463859558105469e-05,0.6005783845584773
8.463859558105469e-05,0.600645638576905
8.463859558105469e-05,0.6007128925953326
8.463859558105469e-05,0.6007801466137602
8.463859558105469e-05,0.6008474006321878
8.463859558105469e-05,0.6009146546506153
8.463859558105469e-05,0.600981908669043
8.463859558105469e-05,0.6010491626874706
8.463859558105469e-05,0.6011164167058982
8.463859558105469e-05,0.6011836707243258
8.463859558105469e-05,0.6012509247427534
8.463859558105469e-05,0.601318178761181
8.463859558105469e-05,0.6013854327796085
8.463859558105469e-05,0.6014526867980362
8.463859558105469e-05,0.6015199408164638
8.463859558105469e-05,0.6015871948348914
8.463859558105469e-05,0.601654448853319
8.463859558105469e-05,0.6017217028717465
8.463859558105469e-05,0.6017889568901742
8.463859558105469e-05,0.6018562109086018
8.463859558105469e-05,0.6019234649270294
8.463859558105469e-05,0.601990718945457
8.463859558105469e-05,0.6020579729638846
8.463859558105469e-05,0.6021252269823122
8.463859558105469e-05,0.6021924810007397
8.463859558105469e-05,0.6022597350191674
8.463859558105469e-05,0.602326989037595
8.463859558105469e-05,0.6023942430560226
8.463859558105469e-05,0.6024614970744502
8.463859558105469e-05,0.6025287510928778
8.463859558105469e-05,0.6025960051113054
8.463859558105469e-05,0.602663259129733
8.463859558105469e-05,0.6027305131481606
8.463859558105469e-05,0.6027977671665882
8.463859558105469e-05,0.6028650211850158
8.463859558105469e-05,0.6029322752034434
8.463859558105469e-05,0.6029995292218711
8.463859558105469e-05,0.6030667832402986
8.463859558105469e-05,0.6031340372587262
8.463859558105469e-05,0.6032012912771538
8.463859558105469e-05,0.6032685452955814
8.463859558105469e-05,0.603335799314009
8.487701416015625e-05,0.6034030533324366
8.487701416015625e-05,0.6034703073508643
8.487701416015625e-05,0.6035375613692918
8.487701416015625e-05,0.6036048153877194
8.487701416015625e-05,0.603672069406147
8.487701416015625e-05,0.6037393234245746
8.487701416015625e-05,0.6038065774430023
8.487701416015625e-05,0.6038738314614298
8.487701416015625e-05,0.6039410854798575
8.487701416015625e-05,0.604008339498285
8.487701416015625e-05,0.6040755935167126
8.487701416015625e-05,0.6041428475351402
8.487701416015625e-05,0.6042101015535678
8.487701416015625e-05,0.6042773555719955
8.487701416015625e-05,0.604344609590423
8.487701416015625e-05,0.6044118636088506
8.487701416015625e-05,0.6044791176272782
8.487701416015625e-05,0.6045463716457058
8.487701416015625e-05,0.6046136256641335
8.487701416015625e-05,0.604680879682561
8.487701416015625e-05,0.6047481337009887
8.487701416015625e-05,0.6048153877194162
8.487701416015625e-05,0.6048826417378438
8.487701416015625e-05,0.6049498957562714
8.487701416015625e-05,0.605017149774699
8.487701416015625e-05,0.6050844037931267
8.487701416015625e-05,0.6051516578115542
8.487701416015625e-05,0.6052189118299819
8.487701416015625e-05,0.6052861658484094
8.487701416015625e-05,0.605353419866837
8.487701416015625e-05,0.6054206738852647
8.487701416015625e-05,0.6054879279036922
8.487701416015625e-05,0.6055551819221199
8.487701416015625e-05,0.6056224359405474
8.487701416015625e-05,0.6056896899589751
8.487701416015625e-05,0.6057569439774027
8.487701416015625e-05,0.6058241979958302
8.487701416015625e-05,0.6058914520142579
8.487701416015625e-05,0.6059587060326854
8.487701416015625e-05,0.6060259600511131
8.487701416015625e-05,0.6060932140695406
8.487701416015625e-05,0.6061604680879683
8.487701416015625e-05,0.6062277221063959
8.487701416015625e-05,0.6062949761248234
8.487701416015625e-05,0.6063622301432511
8.487701416015625e-05,0.6064294841616786
8.487701416015625e-05,0.6064967381801063
8.487701416015625e-05,0.6065639921985339
8.487701416015625e-05,0.6066312462169615
8.487701416015625e-05,0.6066985002353891
8.487701416015625e-05,0.6067657542538166
8.487701416015625e-05,0.6068330082722443
8.487701416015625e-05,0.6069002622906718
8.487701416015625e-05,0.6069675163090995
8.487701416015625e-05,0.6070347703275271
8.487701416015625e-05,0.6071020243459546
8.487701416015625e-05,0.6071692783643823
8.487701416015625e-05,0.6072365323828098
8.487701416015625e-05,0.6073037864012375
8.487701416015625e-05,0.607371040419665
8.487701416015625e-05,0.6074382944380927
8.487701416015625e-05,0.6075055484565203
8.487701416015625e-05,0.6075728024749478
8.487701416015625e-05,0.6076400564933755
8.487701416015625e-05,0.607707310511803
8.487701416015625e-05,0.6077745645302307
8.487701416015625e-05,0.6078418185486583
8.487701416015625e-05,0.6079090725670859
8.487701416015625e-05,0.6079763265855135
8.487701416015625e-05,0.608043580603941
8.487701416015625e-05,0.6081108346223687
8.487701416015625e-05,0.6081780886407963
8.487701416015625e-05,0.6082453426592239
8.487701416015625e-05,0.6083125966776515
8.487701416015625e-05,0.6083798506960791
8.487701416015625e-05,0.6084471047145067
8.487701416015625e-05,0.6085143587329342
8.487701416015625e-05,0.6085816127513619
8.487701416015625e-05,0.6086488667697895
8.487701416015625e-05,0.6087161207882171
8.487701416015625e-05,0.6087833748066447
8.487701416015625e-05,0.6088506288250723
8.487701416015625e-05,0.6089178828434999
8.487701416015625e-05,0.6089851368619275
8.487701416015625e-05,0.6090523908803551
8.487701416015625e-05,0.6091196448987827
8.487701416015625e-05,0.6091868989172103
8.487701416015625e-05,0.6092541529356379
8.487701416015625e-05,0.6093214069540656
8.487701416015625e-05,0.6093886609724931
8.487701416015625e-05,0.6094559149909207
8.487701416015625e-05,0.6095231690093483
8.487701416015625e-05,0.6095904230277759
8.511543273925781e-05,0.6096576770462035
8.511543273925781e-05,0.6097249310646311
8.511543273925781e-05,0.6097921850830587
8.511543273925781e-05,0.6098594391014863
8.511543273925781e-05,0.6099266931199139
8.511543273925781e-05,0.6099939471383415
8.511543273925781e-05,0.6100612011567691
8.511543273925781e-05,0.6101284551751968
8.511543273925781e-05,0.6101957091936243
8.511543273925781e-05,0.6102629632120519
8.511543273925781e-05,0.6103302172304795
8.511543273925781e-05,0.6103974712489071
8.511543273925781e-05,0.6104647252673348
8.511543273925781e-05,0.6105319792857623
8.511543273925781e-05,0.61059923330419
8.511543273925781e-05,0.6106664873226175
8.511543273925781e-05,0.6107337413410451
8.511543273925781e-05,0.6108009953594727
8.511543273925781e-05,0.6108682493779003
8.511543273925781e-05,0.610935503396328
8.511543273925781e-05,0.6110027574147555
8.511543273925781e-05,0.6110700114331832
8.511543273925781e-05,0.6111372654516107
8.511543273925781e-05,0.6112045194700383
8.511543273925781e-05,0.611271773488466
8.511543273925781e-05,0.6113390275068935
8.511543273925781e-05,0.6114062815253212
8.511543273925781e-05,0.6114735355437487
8.511543273925781e-05,0.6115407895621764
8.511543273925781e-05,0.6116080435806039
8.511543273925781e-05,0.6116752975990315
8.511543273925781e-05,0.6117425516174592
8.511543273925781e-05,0.6118098056358867
8.511543273925781e-05,0.6118770596543144
8.511543273925781e-05,0.6119443136727419
8.511543273925781e-05,0.6120115676911696
8.511543273925781e-05,0.6120788217095972
8.511543273925781e-05,0.6121460757280247
8.511543273925781e-05,0.6122133297464524
8.511543273925781e-05,0.6122805837648799
8.511543273925781e-05,0.6123478377833076
8.511543273925781e-05,0.6124150918017351
8.511543273925781e-05,0.6124823458201628
8.511543273925781e-05,0.6125495998385904
8.511543273925781e-05,0.6126168538570179
8.511543273925781e-05,0.6126841078754456
8.511543273925781e-05,0.6127513618938731
8.511543273925781e-05,0.6128186159123008
8.511543273925781e-05,0.6128858699307284
8.511543273925781e-05,0.6129531239491559
8.511543273925781e-05,0.6130203779675836
8.511543273925781e-05,0.6130876319860111
8.511543273925781e-05,0.6131548860044388
8.511543273925781e-05,0.6132221400228663
8.511543273925781e-05,0.613289394041294
8.511543273925781e-05,0.6133566480597216
8.511543273925781e-05,0.6134239020781491
8.511543273925781e-05,0.6134911560965768
8.511543273925781e-05,0.6135584101150043
8.511543273925781e-05,0.613625664133432
8.511543273925781e-05,0.6136929181518596
8.511543273925781e-05,0.6137601721702872
8.511543273925781e-05,0.6138274261887148
8.511543273925781e-05,0.6138946802071423
8.511543273925781e-05,0.61396193422557
8.511543273925781e-05,0.6140291882439975
8.511543273925781e-05,0.6140964422624252
8.511543273925781e-05,0.6141636962808528
8.511543273925781e-05,0.6142309502992804
8.511543273925781e-05,0.614298204317708
8.511543273925781e-05,0.6143654583361355
8.511543273925781e-05,0.6144327123545632
8.511543273925781e-05,0.6144999663729908
8.511543273925781e-05,0.6145672203914184
8.511543273925781e-05,0.614634474409846
8.511543273925781e-05,0.6147017284282736
8.511543273925781e-05,0.6147689824467012
8.535385131835938e-05,0.6148362364651287
8.535385131835938e-05,0.6149034904835564
8.535385131835938e-05,0.614970744501984
8.535385131835938e-05,0.6150379985204116
8.535385131835938e-05,0.6151052525388392
8.535385131835938e-05,0.6151725065572669
8.535385131835938e-05,0.6152397605756944
8.535385131835938e-05,0.615307014594122
8.535385131835938e-05,0.6153742686125496
8.535385131835938e-05,0.6154415226309772
8.535385131835938e-05,0.6155087766494048
8.535385131835938e-05,0.6155760306678324
8.535385131835938e-05,0.61564328468626
8.535385131835938e-05,0.6157105387046876
8.535385131835938e-05,0.6157777927231152
8.535385131835938e-05,0.6158450467415428
8.535385131835938e-05,0.6159123007599704
8.535385131835938e-05,0.615979554778398
8.535385131835938e-05,0.6160468087968256
8.535385131835938e-05,0.6161140628152532
8.535385131835938e-05,0.6161813168336808
8.535385131835938e-05,0.6162485708521084
8.535385131835938e-05,0.616315824870536
8.535385131835938e-05,0.6163830788889636
8.535385131835938e-05,0.6164503329073913
8.535385131835938e-05,0.6165175869258188
8.535385131835938e-05,0.6165848409442464
8.535385131835938e-05,0.616652094962674
8.535385131835938e-05,0.6167193489811016
8.535385131835938e-05,0.6167866029995293
8.535385131835938e-05,0.6168538570179568
8.535385131835938e-05,0.6169211110363845
8.535385131835938e-05,0.616988365054812
8.535385131835938e-05,0.6170556190732396
8.535385131835938e-05,0.6171228730916672
8.535385131835938e-05,0.6171901271100948
8.535385131835938e-05,0.6172573811285225
8.535385131835938e-05,0.61732463514695
8.535385131835938e-05,0.6173918891653777
8.535385131835938e-05,0.6174591431838052
8.535385131835938e-05,0.6175263972022328
8.535385131835938e-05,0.6175936512206605
8.535385131835938e-05,0.617660905239088
8.535385131835938e-05,0.6177281592575157
8.535385131835938e-05,0.6177954132759432
8.535385131835938e-05,0.6178626672943709
8.535385131835938e-05,0.6179299213127984
8.535385131835938e-05,0.617997175331226
8.535385131835938e-05,0.6180644293496537
8.535385131835938e-05,0.6181316833680812
8.535385131835938e-05,0.6181989373865089
8.535385131835938e-05,0.6182661914049364
8.535385131835938e-05,0.618333445423364
8.535385131835938e-05,0.6184006994417917
8.535385131835938e-05,0.6184679534602192
8.535385131835938e-05,0.6185352074786469
8.535385131835938e-05,0.6186024614970744
8.535385131835938e-05,0.6186697155155021
8.535385131835938e-05,0.6187369695339296
8.535385131835938e-05,0.6188042235523572
8.535385131835938e-05,0.6188714775707849
8.535385131835938e-05,0.6189387315892124
8.535385131835938e-05,0.6190059856076401
8.535385131835938e-05,0.6190732396260676
8.535385131835938e-05,0.6191404936444953
8.535385131835938e-05,0.6192077476629229
8.535385131835938e-05,0.6192750016813504
8.535385131835938e-05,0.6193422556997781
8.535385131835938e-05,0.6194095097182056
8.535385131835938e-05,0.6194767637366333
8.535385131835938e-05,0.6195440177550608
8.535385131835938e-05,0.6196112717734885
8.535385131835938e-05,0.6196785257919161
8.535385131835938e-05,0.6197457798103436
8.535385131835938e-05,0.6198130338287713
8.535385131835938e-05,0.6198802878471988
8.559226989746094e-05,0.6199475418656265
8.559226989746094e-05,0.6200147958840541
8.559226989746094e-05,0.6200820499024817
8.559226989746094e-05,0.6201493039209093
8.559226989746094e-05,0.6202165579393368
8.559226989746094e-05,0.6202838119577645
8.559226989746094e-05,0.620351065976192
8.559226989746094e-05,0.6204183199946197
8.559226989746094e-05,0.6204855740130473
8.559226989746094e-05,0.6205528280314749
8.559226989746094e-05,0.6206200820499025
8.559226989746094e-05,0.62068733606833
8.559226989746094e-05,0.6207545900867577
8.559226989746094e-05,0.6208218441051853
8.559226989746094e-05,0.6208890981236129
8.559226989746094e-05,0.6209563521420405
8.559226989746094e-05,0.621023606160468
8.559226989746094e-05,0.6210908601788957
8.559226989746094e-05,0.6211581141973233
8.559226989746094e-05,0.6212253682157509
8.559226989746094e-05,0.6212926222341785
8.559226989746094e-05,0.6213598762526061
8.559226989746094e-05,0.6214271302710337
8.559226989746094e-05,0.6214943842894612
8.559226989746094e-05,0.6215616383078889
8.559226989746094e-05,0.6216288923263165
8.559226989746094e-05,0.6216961463447441
8.559226989746094e-05,0.6217634003631717
8.559226989746094e-05,0.6218306543815993
8.559226989746094e-05,0.6218979084000269
8.559226989746094e-05,0.6219651624184545
8.559226989746094e-05,0.6220324164368821
8.559226989746094e-05,0.6220996704553097
8.559226989746094e-05,0.6221669244737373
8.559226989746094e-05,0.6222341784921649
8.559226989746094e-05,0.6223014325105926
8.559226989746094e-05,0.6223686865290201
8.559226989746094e-05,0.6224359405474477
8.559226989746094e-05,0.6225031945658753
8.559226989746094e-05,0.6225704485843029
8.559226989746094e-05,0.6226377026027305
8.559226989746094e-05,0.6227049566211581
8.559226989746094e-05,0.6227722106395858
8.559226989746094e-05,0.6228394646580133
8.559226989746094e-05,0.6229067186764409
8.559226989746094e-05,0.6229739726948685
8.559226989746094e-05,0.6230412267132961
8.559226989746094e-05,0.6231084807317238
8.559226989746094e-05,0.6231757347501513
8.559226989746094e-05,0.623242988768579
8.559226989746094e-05,0.6233102427870065
8.559226989746094e-05,0.6233774968054341
8.559226989746094e-05,0.6234447508238617
8.559226989746094e-05,0.6235120048422893
8.559226989746094e-05,0.623579258860717
8.559226989746094e-05,0.6236465128791445
8.559226989746094e-05,0.6237137668975721
8.559226989746094e-05,0.6237810209159997
8.559226989746094e-05,0.6238482749344273
8.559226989746094e-05,0.623915528952855
8.559226989746094e-05,0.6239827829712825
8.559226989746094e-05,0.6240500369897102
8.559226989746094e-05,0.6241172910081377
8.559226989746094e-05,0.6241845450265653
8.559226989746094e-05,0.624251799044993
8.559226989746094e-05,0.6243190530634205
8.559226989746094e-05,0.6243863070818482
8.559226989746094e-05,0.6244535611002757
8.559226989746094e-05,0.6245208151187034
8.559226989746094e-05,0.6245880691371309
8.559226989746094e-05,0.6246553231555585
8.559226989746094e-05,0.6247225771739862
8.559226989746094e-05,0.6247898311924137
8.559226989746094e-05,0.6248570852108414
8.559226989746094e-05,0.6249243392292689
8.559226989746094e-05,0.6249915932476966
8.58306884765625e-05,0.6250588472661242
8.58306884765625e-05,0.6251261012845517
8.58306884765625e-05,0.6251933553029794
8.58306884765625e-05,0.6252606093214069
8.58306884765625e-05,0.6253278633398346
8.58306884765625e-05,0.6253951173582621
8.58306884765625e-05,0.6254623713766898
8.58306884765625e-05,0.6255296253951174
8.58306884765625e-05,0.6255968794135449
8.58306884765625e-05,0.6256641334319726
8.58306884765625e-05,0.6257313874504001
8.58306884765625e-05,0.6257986414688278
8.58306884765625e-05,0.6258658954872554
8.58306884765625e-05,0.625933149505683
8.58306884765625e-05,0.6260004035241106
8.58306884765625e-05,0.6260676575425381
8.58306884765625e-05,0.6261349115609658
8.58306884765625e-05,0.6262021655793933
8.58306884765625e-05,0.626269419597821
8.58306884765625e-05,0.6263366736162486
8.58306884765625e-05,0.6264039276346761
8.58306884765625e-05,0.6264711816531038
8.58306884765625e-05,0.6265384356715313
8.58306884765625e-05,0.626605689689959
8.58306884765625e-05,0.6266729437083866
8.58306884765625e-05,0.6267401977268142
8.58306884765625e-05,0.6268074517452418
8.58306884765625e-05,0.6268747057636693
8.58306884765625e-05,0.626941959782097
8.58306884765625e-05,0.6270092138005245
8.58306884765625e-05,0.6270764678189522
8.58306884765625e-05,0.6271437218373798
8.58306884765625e-05,0.6272109758558074
8.58306884765625e-05,0.627278229874235
8.58306884765625e-05,0.6273454838926625
8.58306884765625e-05,0.6274127379110902
8.58306884765625e-05,0.6274799919295178
8.58306884765625e-05,0.6275472459479454
8.58306884765625e-05,0.627614499966373
8.58306884765625e-05,0.6276817539848006
8.58306884765625e-05,0.6277490080032282
8.58306884765625e-05,0.6278162620216557
8.58306884765625e-05,0.6278835160400834
8.58306884765625e-05,0.627950770058511
8.58306884765625e-05,0.6280180240769386
8.58306884765625e-05,0.6280852780953662
8.58306884765625e-05,0.6281525321137938
8.58306884765625e-05,0.6282197861322214
8.58306884765625e-05,0.628287040150649
8.58306884765625e-05,0.6283542941690766
8.58306884765625e-05,0.6284215481875042
8.58306884765625e-05,0.6284888022059318
8.58306884765625e-05,0.6285560562243594
8.58306884765625e-05,0.6286233102427871
8.58306884765625e-05,0.6286905642612146
8.58306884765625e-05,0.6287578182796422
8.58306884765625e-05,0.6288250722980698
8.58306884765625e-05,0.6288923263164974
8.58306884765625e-05,0.628959580334925
8.58306884765625e-05,0.6290268343533526
8.58306884765625e-05,0.6290940883717803
8.58306884765625e-05,0.6291613423902078
8.58306884765625e-05,0.6292285964086354
8.58306884765625e-05,0.629295850427063
8.58306884765625e-05,0.6293631044454906
8.58306884765625e-05,0.6294303584639183
8.58306884765625e-05,0.6294976124823458
8.58306884765625e-05,0.6295648665007734
8.58306884765625e-05,0.629632120519201
8.58306884765625e-05,0.6296993745376286
8.58306884765625e-05,0.6297666285560563
8.58306884765625e-05,0.6298338825744838
8.58306884765625e-05,0.6299011365929115
8.58306884765625e-05,0.629968390611339
8.58306884765625e-05,0.6300356446297666
8.58306884765625e-05,0.6301028986481942
8.58306884765625e-05,0.6301701526666218
8.58306884765625e-05,0.6302374066850495
8.58306884765625e-05,0.630304660703477
8.58306884765625e-05,0.6303719147219047
8.58306884765625e-05,0.6304391687403322
8.58306884765625e-05,0.6305064227587598
8.58306884765625e-05,0.6305736767771875
8.58306884765625e-05,0.630640930795615
8.58306884765625e-05,0.6307081848140427
8.58306884765625e-05,0.6307754388324702
8.58306884765625e-05,0.6308426928508979
8.606910705566406e-05,0.6309099468693254
8.606910705566406e-05,0.630977200887753
8.606910705566406e-05,0.6310444549061807
8.606910705566406e-05,0.6311117089246082
8.606910705566406e-05,0.6311789629430359
8.606910705566406e-05,0.6312462169614634
8.606910705566406e-05,0.6313134709798911
8.606910705566406e-05,0.6313807249983187
8.606910705566406e-05,0.6314479790167462
8.606910705566406e-05,0.6315152330351739
8.606910705566406e-05,0.6315824870536014
8.606910705566406e-05,0.6316497410720291
8.606910705566406e-05,0.6317169950904566
8.606910705566406e-05,0.6317842491088843
8.606910705566406e-05,0.6318515031273119
8.606910705566406e-05,0.6319187571457394
8.606910705566406e-05,0.6319860111641671
8.606910705566406e-05,0.6320532651825946
8.606910705566406e-05,0.6321205192010223
8.606910705566406e-05,0.6321877732194499
8.606910705566406e-05,0.6322550272378774
8.606910705566406e-05,0.6323222812563051
8.606910705566406e-05,0.6323895352747326
8.606910705566406e-05,0.6324567892931603
8.606910705566406e-05,0.6325240433115878
8.606910705566406e-05,0.6325912973300155
8.606910705566406e-05,0.6326585513484431
8.606910705566406e-05,0.6327258053668706
8.606910705566406e-05,0.6327930593852983
8.606910705566406e-05,0.6328603134037258
8.606910705566406e-05,0.6329275674221535
8.606910705566406e-05,0.6329948214405811
8.606910705566406e-05,0.6330620754590087
8.606910705566406e-05,0.6331293294774363
8.606910705566406e-05,0.6331965834958638
8.606910705566406e-05,0.6332638375142915
8.606910705566406e-05,0.633331091532719
8.606910705566406e-05,0.6333983455511467
8.606910705566406e-05,0.6334655995695743
8.606910705566406e-05,0.6335328535880019
8.606910705566406e-05,0.6336001076064295
8.606910705566406e-05,0.633667361624857
8.606910705566406e-05,0.6337346156432847
8.606910705566406e-05,0.6338018696617123
8.606910705566406e-05,0.6338691236801399
8.606910705566406e-05,0.6339363776985675
8.606910705566406e-05,0.6340036317169951
8.606910705566406e-05,0.6340708857354227
8.606910705566406e-05,0.6341381397538502
8.606910705566406e-05,0.6342053937722779
8.606910705566406e-05,0.6342726477907055
8.606910705566406e-05,0.6343399018091331
8.606910705566406e-05,0.6344071558275607
8.606910705566406e-05,0.6344744098459884
8.606910705566406e-05,0.6345416638644159
8.606910705566406e-05,0.6346089178828435
8.606910705566406e-05,0.6346761719012711
8.606910705566406e-05,0.6347434259196987
8.606910705566406e-05,0.6348106799381263
8.606910705566406e-05,0.6348779339565539
8.606910705566406e-05,0.6349451879749815
8.606910705566406e-05,0.6350124419934091
8.606910705566406e-05,0.6350796960118367
8.606910705566406e-05,0.6351469500302643
8.606910705566406e-05,0.6352142040486919
8.606910705566406e-05,0.6352814580671196
8.606910705566406e-05,0.6353487120855471
8.606910705566406e-05,0.6354159661039747
8.606910705566406e-05,0.6354832201224023
8.606910705566406e-05,0.6355504741408299
8.606910705566406e-05,0.6356177281592575
8.606910705566406e-05,0.6356849821776851
8.606910705566406e-05,0.6357522361961128
8.606910705566406e-05,0.6358194902145403
8.606910705566406e-05,0.6358867442329679
8.606910705566406e-05,0.6359539982513955
8.606910705566406e-05,0.6360212522698231
8.606910705566406e-05,0.6360885062882508
8.606910705566406e-05,0.6361557603066783
8.606910705566406e-05,0.636223014325106
8.606910705566406e-05,0.6362902683435335
8.606910705566406e-05,0.6363575223619611
8.606910705566406e-05,0.6364247763803887
8.606910705566406e-05,0.6364920303988163
8.630752563476562e-05,0.636559284417244
8.630752563476562e-05,0.6366265384356715
8.630752563476562e-05,0.6366937924540992
8.630752563476562e-05,0.6367610464725267
8.630752563476562e-05,0.6368283004909543
8.630752563476562e-05,0.636895554509382
8.630752563476562e-05,0.6369628085278095
8.630752563476562e-05,0.6370300625462372
8.630752563476562e-05,0.6370973165646647
8.630752563476562e-05,0.6371645705830924
8.630752563476562e-05,0.63723182460152
8.630752563476562e-05,0.6372990786199475
8.630752563476562e-05,0.6373663326383752
8.630752563476562e-05,0.6374335866568027
8.630752563476562e-05,0.6375008406752304
8.630752563476562e-05,0.6375680946936579
8.630752563476562e-05,0.6376353487120855
8.630752563476562e-05,0.6377026027305132
8.630752563476562e-05,0.6377698567489407
8.630752563476562e-05,0.6378371107673684
8.630752563476562e-05,0.6379043647857959
8.630752563476562e-05,0.6379716188042236
8.630752563476562e-05,0.6380388728226511
8.630752563476562e-05,0.6381061268410787
8.630752563476562e-05,0.6381733808595064
8.630752563476562e-05,0.6382406348779339
8.630752563476562e-05,0.6383078888963616
8.630752563476562e-05,0.6383751429147891
8.630752563476562e-05,0.6384423969332168
8.630752563476562e-05,0.6385096509516444
8.630752563476562e-05,0.6385769049700719
8.630752563476562e-05,0.6386441589884996
8.630752563476562e-05,0.6387114130069271
8.630752563476562e-05,0.6387786670253548
8.630752563476562e-05,0.6388459210437823
8.630752563476562e-05,0.63891317506221
8.630752563476562e-05,0.6389804290806376
8.630752563476562e-05,0.6390476830990651
8.630752563476562e-05,0.6391149371174928
8.630752563476562e-05,0.6391821911359203
8.630752563476562e-05,0.639249445154348
8.630752563476562e-05,0.6393166991727756
8.630752563476562e-05,0.6393839531912032
8.630752563476562e-05,0.6394512072096308
8.630752563476562e-05,0.6395184612280583
8.630752563476562e-05,0.639585715246486
8.630752563476562e-05,0.6396529692649136
8.630752563476562e-05,0.6397202232833412
8.630752563476562e-05,0.6397874773017688
8.630752563476562e-05,0.6398547313201964
8.630752563476562e-05,0.639921985338624
8.630752563476562e-05,0.6399892393570515
8.630752563476562e-05,0.6400564933754792
8.630752563476562e-05,0.6401237473939068
8.630752563476562e-05,0.6401910014123344
8.630752563476562e-05,0.640258255430762
8.630752563476562e-05,0.6403255094491895
8.630752563476562e-05,0.6403927634676172
8.630752563476562e-05,0.6404600174860448
8.630752563476562e-05,0.6405272715044724
8.630752563476562e-05,0.6405945255229
8.630752563476562e-05,0.6406617795413276
8.630752563476562e-05,0.6407290335597552
8.630752563476562e-05,0.6407962875781827
8.630752563476562e-05,0.6408635415966104
8.630752563476562e-05,0.640930795615038
8.630752563476562e-05,0.6409980496334656
8.630752563476562e-05,0.6410653036518932
8.630752563476562e-05,0.6411325576703208
8.630752563476562e-05,0.6411998116887484
8.630752563476562e-05,0.641267065707176
8.630752563476562e-05,0.6413343197256036
8.630752563476562e-05,0.6414015737440312
8.630752563476562e-05,0.6414688277624588
8.630752563476562e-05,0.6415360817808864
8.630752563476562e-05,0.6416033357993141
8.630752563476562e-05,0.6416705898177416
8.630752563476562e-05,0.6417378438361692
8.630752563476562e-05,0.6418050978545968
8.630752563476562e-05,0.6418723518730244
8.630752563476562e-05,0.641939605891452
8.630752563476562e-05,0.6420068599098796
8.630752563476562e-05,0.6420741139283073
8.630752563476562e-05,0.6421413679467348
8.630752563476562e-05,0.6422086219651624
8.654594421386719e-05,0.64227587598359
8.654594421386719e-05,0.6423431300020176
8.654594421386719e-05,0.6424103840204453
8.654594421386719e-05,0.6424776380388728
8.654594421386719e-05,0.6425448920573005
8.654594421386719e-05,0.642612146075728
8.654594421386719e-05,0.6426794000941556
8.654594421386719e-05,0.6427466541125832
8.654594421386719e-05,0.6428139081310108
8.654594421386719e-05,0.6428811621494385
8.654594421386719e-05,0.642948416167866
8.654594421386719e-05,0.6430156701862937
8.654594421386719e-05,0.6430829242047212
8.654594421386719e-05,0.6431501782231488
8.654594421386719e-05,0.6432174322415765
8.654594421386719e-05,0.643284686260004
8.654594421386719e-05,0.6433519402784317
8.654594421386719e-05,0.6434191942968592
8.654594421386719e-05,0.6434864483152868
8.654594421386719e-05,0.6435537023337145
8.654594421386719e-05,0.643620956352142
8.654594421386719e-05,0.6436882103705697
8.654594421386719e-05,0.6437554643889972
8.654594421386719e-05,0.6438227184074249
8.654594421386719e-05,0.6438899724258524
8.654594421386719e-05,0.64395722644428
8.654594421386719e-05,0.6440244804627077
8.654594421386719e-05,0.6440917344811352
8.654594421386719e-05,0.6441589884995629
8.654594421386719e-05,0.6442262425179904
8.654594421386719e-05,0.6442934965364181
8.654594421386719e-05,0.6443607505548457
8.654594421386719e-05,0.6444280045732732
8.654594421386719e-05,0.6444952585917009
8.654594421386719e-05,0.6445625126101284
8.654594421386719e-05,0.6446297666285561
8.654594421386719e-05,0.6446970206469836
8.654594421386719e-05,0.6447642746654113
8.654594421386719e-05,0.6448315286838389
8.654594421386719e-05,0.6448987827022664
8.654594421386719e-05,0.6449660367206941
8.654594421386719e-05,0.6450332907391216
8.654594421386719e-05,0.6451005447575493
8.654594421386719e-05,0.6451677987759769
8.654594421386719e-05,0.6452350527944045
8.654594421386719e-05,0.6453023068128321
8.654594421386719e-05,0.6453695608312596
8.654594421386719e-05,0.6454368148496873
8.654594421386719e-05,0.6455040688681148
8.654594421386719e-05,0.6455713228865425
8.654594421386719e-05,0.6456385769049701
8.654594421386719e-05,0.6457058309233977
8.654594421386719e-05,0.6457730849418253
8.654594421386719e-05,0.6458403389602528
8.654594421386719e-05,0.6459075929786805
8.654594421386719e-05,0.645974846997108
8.654594421386719e-05,0.6460421010155357
8.654594421386719e-05,0.6461093550339633
8.654594421386719e-05,0.6461766090523908
8.654594421386719e-05,0.6462438630708185
8.654594421386719e-05,0.646311117089246
8.654594421386719e-05,0.6463783711076737
8.654594421386719e-05,0.6464456251261013
8.654594421386719e-05,0.6465128791445289
8.654594421386719e-05,0.6465801331629565
8.654594421386719e-05,0.646647387181384
8.654594421386719e-05,0.6467146411998117
8.654594421386719e-05,0.6467818952182393
8.654594421386719e-05,0.6468491492366669
8.654594421386719e-05,0.6469164032550945
8.654594421386719e-05,0.6469836572735221
8.654594421386719e-05,0.6470509112919497
8.654594421386719e-05,0.6471181653103772
8.654594421386719e-05,0.6471854193288049
8.654594421386719e-05,0.6472526733472325
8.654594421386719e-05,0.6473199273656601
8.654594421386719e-05,0.6473871813840877
8.654594421386719e-05,0.6474544354025153
8.654594421386719e-05,0.6475216894209429
8.654594421386719e-05,0.6475889434393705
8.654594421386719e-05,0.6476561974577981
8.654594421386719e-05,0.6477234514762257
8.654594421386719e-05,0.6477907054946533
8.654594421386719e-05,0.6478579595130809
8.654594421386719e-05,0.6479252135315086
8.654594421386719e-05,0.6479924675499361
8.654594421386719e-05,0.6480597215683637
8.654594421386719e-05,0.6481269755867913
8.654594421386719e-05,0.6481942296052189
8.654594421386719e-05,0.6482614836236466
8.654594421386719e-05,0.6483287376420741
8.654594421386719e-05,0.6483959916605018
8.654594421386719e-05,0.6484632456789293
8.654594421386719e-05,0.6485304996973569
8.654594421386719e-05,0.6485977537157845
8.654594421386719e-05,0.6486650077342121
8.654594421386719e-05,0.6487322617526398
8.654594421386719e-05,0.6487995157710673
8.654594421386719e-05,0.6488667697894949
8.654594421386719e-05,0.6489340238079225
8.654594421386719e-05,0.6490012778263501
8.654594421386719e-05,0.6490685318447778
8.654594421386719e-05,0.6491357858632053
8.678436279296875e-05,0.649203039881633
8.678436279296875e-05,0.6492702939000605
8.678436279296875e-05,0.6493375479184881
8.678436279296875e-05,0.6494048019369157
8.678436279296875e-05,0.6494720559553433
8.678436279296875e-05,0.649539309973771
8.678436279296875e-05,0.6496065639921985
8.678436279296875e-05,0.6496738180106262
8.678436279296875e-05,0.6497410720290537
8.678436279296875e-05,0.6498083260474813
8.678436279296875e-05,0.649875580065909
8.678436279296875e-05,0.6499428340843365
8.678436279296875e-05,0.6500100881027642
8.678436279296875e-05,0.6500773421211917
8.678436279296875e-05,0.6501445961396194
8.678436279296875e-05,0.650211850158047
8.678436279296875e-05,0.6502791041764745
8.678436279296875e-05,0.6503463581949022
8.678436279296875e-05,0.6504136122133297
8.678436279296875e-05,0.6504808662317574
8.678436279296875e-05,0.6505481202501849
8.678436279296875e-05,0.6506153742686126
8.678436279296875e-05,0.6506826282870402
8.678436279296875e-05,0.6507498823054677
8.678436279296875e-05,0.6508171363238954
8.678436279296875e-05,0.6508843903423229
8.678436279296875e-05,0.6509516443607506
8.678436279296875e-05,0.6510188983791781
8.678436279296875e-05,0.6510861523976058
8.678436279296875e-05,0.6511534064160334
8.678436279296875e-05,0.6512206604344609
8.678436279296875e-05,0.6512879144528886
8.678436279296875e-05,0.6513551684713161
8.678436279296875e-05,0.6514224224897438
8.678436279296875e-05,0.6514896765081714
8.678436279296875e-05,0.6515569305265989
8.678436279296875e-05,0.6516241845450266
8.678436279296875e-05,0.6516914385634541
8.678436279296875e-05,0.6517586925818818
8.678436279296875e-05,0.6518259466003093
8.678436279296875e-05,0.651893200618737
8.678436279296875e-05,0.6519604546371646
8.678436279296875e-05,0.6520277086555921
8.678436279296875e-05,0.6520949626740198
8.678436279296875e-05,0.6521622166924473
8.678436279296875e-05,0.652229470710875
8.678436279296875e-05,0.6522967247293026
8.678436279296875e-05,0.6523639787477302
8.678436279296875e-05,0.6524312327661578
8.678436279296875e-05,0.6524984867845853
8.678436279296875e-05,0.652565740803013
8.678436279296875e-05,0.6526329948214405
8.678436279296875e-05,0.6527002488398682
8.678436279296875e-05,0.6527675028582958
8.678436279296875e-05,0.6528347568767234
8.678436279296875e-05,0.652902010895151
8.678436279296875e-05,0.6529692649135785
8.678436279296875e-05,0.6530365189320062
8.678436279296875e-05,0.6531037729504338
8.678436279296875e-05,0.6531710269688614
8.678436279296875e-05,0.653238280987289
8.678436279296875e-05,0.6533055350057166
8.678436279296875e-05,0.6533727890241442
8.678436279296875e-05,0.6534400430425717
8.678436279296875e-05,0.6535072970609994
8.678436279296875e-05,0.653574551079427
8.678436279296875e-05,0.6536418050978546
8.678436279296875e-05,0.6537090591162822
8.678436279296875e-05,0.6537763131347099
8.678436279296875e-05,0.6538435671531374
8.678436279296875e-05,0.653910821171565
8.678436279296875e-05,0.6539780751899926
8.678436279296875e-05,0.6540453292084202
8.678436279296875e-05,0.6541125832268478
8.678436279296875e-05,0.6541798372452754
8.678436279296875e-05,0.654247091263703
8.678436279296875e-05,0.6543143452821306
8.678436279296875e-05,0.6543815993005582
8.678436279296875e-05,0.6544488533189858
8.678436279296875e-05,0.6545161073374134
8.678436279296875e-05,0.654583361355841
8.678436279296875e-05,0.6546506153742686
8.678436279296875e-05,0.6547178693926962
8.678436279296875e-05,0.6547851234111238
8.678436279296875e-05,0.6548523774295514
8.678436279296875e-05,0.654919631447979
8.678436279296875e-05,0.6549868854664066
8.678436279296875e-05,0.6550541394848343
8.678436279296875e-05,0.6551213935032618
8.678436279296875e-05,0.6551886475216894
8.678436279296875e-05,0.655255901540117
8.678436279296875e-05,0.6553231555585446
8.678436279296875e-05,0.6553904095769723
8.678436279296875e-05,0.6554576635953998
8.678436279296875e-05,0.6555249176138275
8.678436279296875e-05,0.655592171632255
8.678436279296875e-05,0.6556594256506826
8.678436279296875e-05,0.6557266796691102
8.678436279296875e-05,0.6557939336875378
8.702278137207031e-05,0.6558611877059655
8.702278137207031e-05,0.655928441724393
8.702278137207031e-05,0.6559956957428207
8.702278137207031e-05,0.6560629497612482
8.702278137207031e-05,0.6561302037796758
8.702278137207031e-05,0.6561974577981035
8.702278137207031e-05,0.656264711816531
8.702278137207031e-05,0.6563319658349587
8.702278137207031e-05,0.6563992198533862
8.702278137207031e-05,0.6564664738718139
8.702278137207031e-05,0.6565337278902414
8.702278137207031e-05,0.656600981908669
8.702278137207031e-05,0.6566682359270967
8.702278137207031e-05,0.6567354899455242
8.702278137207031e-05,0.6568027439639519
8.702278137207031e-05,0.6568699979823794
8.702278137207031e-05,0.6569372520008071
8.702278137207031e-05,0.6570045060192347
8.702278137207031e-05,0.6570717600376622
8.702278137207031e-05,0.6571390140560899
8.702278137207031e-05,0.6572062680745174
8.702278137207031e-05,0.6572735220929451
8.702278137207031e-05,0.6573407761113726
8.702278137207031e-05,0.6574080301298002
8.702278137207031e-05,0.6574752841482279
8.702278137207031e-05,0.6575425381666554
8.702278137207031e-05,0.6576097921850831
8.702278137207031e-05,0.6576770462035106
8.702278137207031e-05,0.6577443002219383
8.702278137207031e-05,0.6578115542403659
8.702278137207031e-05,0.6578788082587934
8.702278137207031e-05,0.6579460622772211
8.702278137207031e-05,0.6580133162956486
8.702278137207031e-05,0.6580805703140763
8.702278137207031e-05,0.6581478243325039
8.702278137207031e-05,0.6582150783509315
8.702278137207031e-05,0.6582823323693591
8.702278137207031e-05,0.6583495863877866
8.702278137207031e-05,0.6584168404062143
8.702278137207031e-05,0.6584840944246418
8.702278137207031e-05,0.6585513484430695
8.702278137207031e-05,0.6586186024614971
8.702278137207031e-05,0.6586858564799247
8.702278137207031e-05,0.6587531104983523
8.702278137207031e-05,0.6588203645167798
8.702278137207031e-05,0.6588876185352075
8.702278137207031e-05,0.658954872553635
8.702278137207031e-05,0.6590221265720627
8.702278137207031e-05,0.6590893805904903
8.702278137207031e-05,0.6591566346089179
8.702278137207031e-05,0.6592238886273455
8.702278137207031e-05,0.659291142645773
8.702278137207031e-05,0.6593583966642007
8.702278137207031e-05,0.6594256506826283
8.702278137207031e-05,0.6594929047010559
8.702278137207031e-05,0.6595601587194835
8.702278137207031e-05,0.6596274127379111
8.702278137207031e-05,0.6596946667563387
8.702278137207031e-05,0.6597619207747663
8.702278137207031e-05,0.6598291747931939
8.702278137207031e-05,0.6598964288116215
8.702278137207031e-05,0.6599636828300491
8.702278137207031e-05,0.6600309368484767
8.702278137207031e-05,0.6600981908669042
8.702278137207031e-05,0.6601654448853319
8.702278137207031e-05,0.6602326989037595
8.702278137207031e-05,0.6602999529221871
8.702278137207031e-05,0.6603672069406147
8.702278137207031e-05,0.6604344609590423
8.702278137207031e-05,0.6605017149774699
8.702278137207031e-05,0.6605689689958975
8.702278137207031e-05,0.6606362230143251
8.702278137207031e-05,0.6607034770327527
8.702278137207031e-05,0.6607707310511803
8.702278137207031e-05,0.6608379850696079
8.702278137207031e-05,0.6609052390880356
8.702278137207031e-05,0.6609724931064631
8.702278137207031e-05,0.6610397471248907
8.702278137207031e-05,0.6611070011433183
8.702278137207031e-05,0.6611742551617459
8.702278137207031e-05,0.6612415091801735
8.702278137207031e-05,0.6613087631986011
8.702278137207031e-05,0.6613760172170288
8.702278137207031e-05,0.6614432712354563
8.702278137207031e-05,0.6615105252538839
8.702278137207031e-05,0.6615777792723115
8.702278137207031e-05,0.6616450332907391
8.702278137207031e-05,0.6617122873091668
8.702278137207031e-05,0.6617795413275943
8.702278137207031e-05,0.661846795346022
8.726119995117188e-05,0.6619140493644495
8.726119995117188e-05,0.6619813033828771
8.726119995117188e-05,0.6620485574013047
8.726119995117188e-05,0.6621158114197323
8.726119995117188e-05,0.66218306543816
8.726119995117188e-05,0.6622503194565875
8.726119995117188e-05,0.6623175734750152
8.726119995117188e-05,0.6623848274934427
8.726119995117188e-05,0.6624520815118703
8.726119995117188e-05,0.662519335530298
8.726119995117188e-05,0.6625865895487255
8.726119995117188e-05,0.6626538435671532
8.726119995117188e-05,0.6627210975855807
8.726119995117188e-05,0.6627883516040083
8.726119995117188e-05,0.662855605622436
8.726119995117188e-05,0.6629228596408635
8.726119995117188e-05,0.6629901136592912
8.726119995117188e-05,0.6630573676777187
8.726119995117188e-05,0.6631246216961464
8.726119995117188e-05,0.6631918757145739
8.726119995117188e-05,0.6632591297330015
8.726119995117188e-05,0.6633263837514292
8.726119995117188e-05,0.6633936377698567
8.726119995117188e-05,0.6634608917882844
8.726119995117188e-05,0.6635281458067119
8.726119995117188e-05,0.6635953998251396
8.726119995117188e-05,0.6636626538435672
8.726119995117188e-05,0.6637299078619947
8.726119995117188e-05,0.6637971618804224
8.726119995117188e-05,0.6638644158988499
8.726119995117188e-05,0.6639316699172776
8.726119995117188e-05,0.6639989239357051
8.726119995117188e-05,0.6640661779541328
8.726119995117188e-05,0.6641334319725604
8.726119995117188e-05,0.6642006859909879
8.726119995117188e-05,0.6642679400094156
8.726119995117188e-05,0.6643351940278431
8.726119995117188e-05,0.6644024480462708
8.726119995117188e-05,0.6644697020646984
8.726119995117188e-05,0.664536956083126
8.726119995117188e-05,0.6646042101015536
8.726119995117188e-05,0.6646714641199811
8.726119995117188e-05,0.6647387181384088
8.726119995117188e-05,0.6648059721568363
8.726119995117188e-05,0.664873226175264
8.726119995117188e-05,0.6649404801936916
8.726119995117188e-05,0.6650077342121192
8.726119995117188e-05,0.6650749882305468
8.726119995117188e-05,0.6651422422489743
8.726119995117188e-05,0.665209496267402
8.726119995117188e-05,0.6652767502858296
8.726119995117188e-05,0.6653440043042572
8.726119995117188e-05,0.6654112583226848
8.726119995117188e-05,0.6654785123411123
8.726119995117188e-05,0.66554576635954
8.726119995117188e-05,0.6656130203779675
8.726119995117188e-05,0.6656802743963952
8.726119995117188e-05,0.6657475284148228
8.726119995117188e-05,0.6658147824332504
8.726119995117188e-05,0.665882036451678
8.726119995117188e-05,0.6659492904701055
8.726119995117188e-05,0.6660165444885332
8.726119995117188e-05,0.6660837985069608
8.726119995117188e-05,0.6661510525253884
8.726119995117188e-05,0.666218306543816
8.726119995117188e-05,0.6662855605622436
8.726119995117188e-05,0.6663528145806712
8.726119995117188e-05,0.6664200685990987
8.726119995117188e-05,0.6664873226175264
8.726119995117188e-05,0.666554576635954
8.726119995117188e-05,0.6666218306543816
8.726119995117188e-05,0.6666890846728092
8.726119995117188e-05,0.6667563386912368
8.726119995117188e-05,0.6668235927096644
8.726119995117188e-05,0.666890846728092
8.726119995117188e-05,0.6669581007465196
8.726119995117188e-05,0.6670253547649472
8.726119995117188e-05,0.6670926087833748
8.726119995117188e-05,0.6671598628018024
8.726119995117188e-05,0.6672271168202301
8.726119995117188e-05,0.6672943708386576
8.726119995117188e-05,0.6673616248570852
8.749961853027344e-05,0.6674288788755128
8.749961853027344e-05,0.6674961328939404
8.749961853027344e-05,0.667563386912368
8.749961853027344e-05,0.6676306409307956
8.749961853027344e-05,0.6676978949492233
8.749961853027344e-05,0.6677651489676508
8.749961853027344e-05,0.6678324029860784
8.749961853027344e-05,0.667899657004506
8.749961853027344e-05,0.6679669110229336
8.749961853027344e-05,0.6680341650413613
8.749961853027344e-05,0.6681014190597888
8.749961853027344e-05,0.6681686730782164
8.749961853027344e-05,0.668235927096644
8.749961853027344e-05,0.6683031811150716
8.749961853027344e-05,0.6683704351334993
8.749961853027344e-05,0.6684376891519268
8.749961853027344e-05,0.6685049431703545
8.749961853027344e-05,0.668572197188782
8.749961853027344e-05,0.6686394512072096
8.749961853027344e-05,0.6687067052256372
8.749961853027344e-05,0.6687739592440648
8.749961853027344e-05,0.6688412132624925
8.749961853027344e-05,0.66890846728092
8.749961853027344e-05,0.6689757212993477
8.749961853027344e-05,0.6690429753177752
8.749961853027344e-05,0.6691102293362028
8.749961853027344e-05,0.6691774833546305
8.749961853027344e-05,0.669244737373058
8.749961853027344e-05,0.6693119913914857
8.749961853027344e-05,0.6693792454099132
8.749961853027344e-05,0.6694464994283409
8.749961853027344e-05,0.6695137534467684
8.749961853027344e-05,0.669581007465196
8.749961853027344e-05,0.6696482614836237
8.749961853027344e-05,0.6697155155020512
8.749961853027344e-05,0.6697827695204789
8.749961853027344e-05,0.6698500235389064
8.749961853027344e-05,0.6699172775573341
8.749961853027344e-05,0.6699845315757617
8.749961853027344e-05,0.6700517855941892
8.749961853027344e-05,0.6701190396126169
8.749961853027344e-05,0.6701862936310444
8.749961853027344e-05,0.6702535476494721
8.749961853027344e-05,0.6703208016678996
8.749961853027344e-05,0.6703880556863273
8.749961853027344e-05,0.6704553097047549
8.749961853027344e-05,0.6705225637231824
8.749961853027344e-05,0.6705898177416101
8.749961853027344e-05,0.6706570717600376
8.749961853027344e-05,0.6707243257784653
8.749961853027344e-05,0.6707915797968929
8.749961853027344e-05,0.6708588338153204
8.749961853027344e-05,0.6709260878337481
8.749961853027344e-05,0.6709933418521756
8.749961853027344e-05,0.6710605958706033
8.749961853027344e-05,0.6711278498890308
8.749961853027344e-05,0.6711951039074585
8.749961853027344e-05,0.6712623579258861
8.749961853027344e-05,0.6713296119443136
8.749961853027344e-05,0.6713968659627413
8.749961853027344e-05,0.6714641199811688
8.749961853027344e-05,0.6715313739995965
8.749961853027344e-05,0.6715986280180241
8.749961853027344e-05,0.6716658820364517
8.749961853027344e-05,0.6717331360548793
8.749961853027344e-05,0.6718003900733068
8.749961853027344e-05,0.6718676440917345
8.749961853027344e-05,0.671934898110162
8.749961853027344e-05,0.6720021521285897
8.749961853027344e-05,0.6720694061470173
8.749961853027344e-05,0.6721366601654449
8.749961853027344e-05,0.6722039141838725
8.749961853027344e-05,0.6722711682023
8.749961853027344e-05,0.6723384222207277
8.749961853027344e-05,0.6724056762391553
8.749961853027344e-05,0.6724729302575829
8.749961853027344e-05,0.6725401842760105
8.749961853027344e-05,0.6726074382944381
8.749961853027344e-05,0.6726746923128657
8.749961853027344e-05,0.6727419463312933
8.749961853027344e-05,0.6728092003497209
8.749961853027344e-05,0.6728764543681485
8.749961853027344e-05,0.6729437083865761
8.749961853027344e-05,0.6730109624050037
8.749961853027344e-05,0.6730782164234314
8.749961853027344e-05,0.6731454704418589
8.749961853027344e-05,0.6732127244602865
8.749961853027344e-05,0.6732799784787141
8.749961853027344e-05,0.6733472324971417
8.749961853027344e-05,0.6734144865155693
8.749961853027344e-05,0.6734817405339969
8.749961853027344e-05,0.6735489945524246
8.749961853027344e-05,0.6736162485708521
8.749961853027344e-05,0.6736835025892797
8.749961853027344e-05,0.6737507566077073
8.749961853027344e-05,0.6738180106261349
8.749961853027344e-05,0.6738852646445626
8.749961853027344e-05,0.6739525186629901
8.7738037109375e-05,0.6740197726814177
8.7738037109375e-05,0.6740870266998453
8.7738037109375e-05,0.6741542807182729
8.7738037109375e-05,0.6742215347367005
8.7738037109375e-05,0.6742887887551281
8.7738037109375e-05,0.6743560427735558
8.7738037109375e-05,0.6744232967919833
8.7738037109375e-05,0.6744905508104109
8.7738037109375e-05,0.6745578048288385
8.7738037109375e-05,0.6746250588472661
8.7738037109375e-05,0.6746923128656938
8.7738037109375e-05,0.6747595668841213
8.7738037109375e-05,0.674826820902549
8.7738037109375e-05,0.6748940749209765
8.7738037109375e-05,0.6749613289394041
8.7738037109375e-05,0.6750285829578317
8.7738037109375e-05,0.6750958369762593
8.7738037109375e-05,0.675163090994687
8.7738037109375e-05,0.6752303450131145
8.7738037109375e-05,0.6752975990315422
8.7738037109375e-05,0.6753648530499697
8.7738037109375e-05,0.6754321070683973
8.7738037109375e-05,0.675499361086825
8.7738037109375e-05,0.6755666151052525
8.7738037109375e-05,0.6756338691236802
8.7738037109375e-05,0.6757011231421077
8.7738037109375e-05,0.6757683771605354
8.7738037109375e-05,0.675835631178963
8.7738037109375e-05,0.6759028851973905
8.7738037109375e-05,0.6759701392158182
8.7738037109375e-05,0.6760373932342457
8.7738037109375e-05,0.6761046472526734
8.7738037109375e-05,0.6761719012711009
8.7738037109375e-05,0.6762391552895286
8.7738037109375e-05,0.6763064093079562
8.7738037109375e-05,0.6763736633263837
8.7738037109375e-05,0.6764409173448114
8.7738037109375e-05,0.6765081713632389
8.7738037109375e-05,0.6765754253816666
8.7738037109375e-05,0.6766426794000941
8.7738037109375e-05,0.6767099334185217
8.7738037109375e-05,0.6767771874369494
8.7738037109375e-05,0.6768444414553769
8.7738037109375e-05,0.6769116954738046
8.7738037109375e-05,0.6769789494922321
8.7738037109375e-05,0.6770462035106598
8.7738037109375e-05,0.6771134575290874
8.7738037109375e-05,0.6771807115475149
8.7738037109375e-05,0.6772479655659426
8.7738037109375e-05,0.6773152195843701
8.7738037109375e-05,0.6773824736027978
8.7738037109375e-05,0.6774497276212254
8.7738037109375e-05,0.677516981639653
8.7738037109375e-05,0.6775842356580806
8.7738037109375e-05,0.6776514896765081
8.7738037109375e-05,0.6777187436949358
8.7738037109375e-05,0.6777859977133633
8.7738037109375e-05,0.677853251731791
8.7738037109375e-05,0.6779205057502186
8.7738037109375e-05,0.6779877597686462
8.7738037109375e-05,0.6780550137870738
8.7738037109375e-05,0.6781222678055013
8.7738037109375e-05,0.678189521823929
8.7738037109375e-05,0.6782567758423566
8.7738037109375e-05,0.6783240298607842
8.7738037109375e-05,0.6783912838792118
8.7738037109375e-05,0.6784585378976394
8.7738037109375e-05,0.678525791916067
8.7738037109375e-05,0.6785930459344945
8.7738037109375e-05,0.6786602999529222
8.7738037109375e-05,0.6787275539713498
8.7738037109375e-05,0.6787948079897774
8.7738037109375e-05,0.678862062008205
8.7738037109375e-05,0.6789293160266326
8.7738037109375e-05,0.6789965700450602
8.7738037109375e-05,0.6790638240634878
8.7738037109375e-05,0.6791310780819154
8.7738037109375e-05,0.679198332100343
8.7738037109375e-05,0.6792655861187706
8.7738037109375e-05,0.6793328401371982
8.7738037109375e-05,0.6794000941556257
8.7738037109375e-05,0.6794673481740534
8.7738037109375e-05,0.679534602192481
8.7738037109375e-05,0.6796018562109086
8.7738037109375e-05,0.6796691102293362
8.7738037109375e-05,0.6797363642477638
8.7738037109375e-05,0.6798036182661914
8.7738037109375e-05,0.679870872284619
8.7738037109375e-05,0.6799381263030466
8.7738037109375e-05,0.6800053803214742
8.7738037109375e-05,0.6800726343399018
8.7738037109375e-05,0.6801398883583294
8.7738037109375e-05,0.6802071423767571
8.7738037109375e-05,0.6802743963951846
8.7738037109375e-05,0.6803416504136122
8.7738037109375e-05,0.6804089044320398
8.797645568847656e-05,0.6804761584504674
8.797645568847656e-05,0.680543412468895
8.797645568847656e-05,0.6806106664873226
8.797645568847656e-05,0.6806779205057503
8.797645568847656e-05,0.6807451745241778
8.797645568847656e-05,0.6808124285426054
8.797645568847656e-05,0.680879682561033
8.797645568847656e-05,0.6809469365794606
8.797645568847656e-05,0.6810141905978883
8.797645568847656e-05,0.6810814446163158
8.797645568847656e-05,0.6811486986347435
8.797645568847656e-05,0.681215952653171
8.797645568847656e-05,0.6812832066715986
8.797645568847656e-05,0.6813504606900262
8.797645568847656e-05,0.6814177147084538
8.797645568847656e-05,0.6814849687268815
8.797645568847656e-05,0.681552222745309
8.797645568847656e-05,0.6816194767637367
8.797645568847656e-05,0.6816867307821642
8.797645568847656e-05,0.6817539848005918
8.797645568847656e-05,0.6818212388190195
8.797645568847656e-05,0.681888492837447
8.797645568847656e-05,0.6819557468558747
8.797645568847656e-05,0.6820230008743022
8.797645568847656e-05,0.6820902548927298
8.797645568847656e-05,0.6821575089111575
8.797645568847656e-05,0.682224762929585
8.797645568847656e-05,0.6822920169480127
8.797645568847656e-05,0.6823592709664402
8.797645568847656e-05,0.6824265249848679
8.797645568847656e-05,0.6824937790032954
8.797645568847656e-05,0.682561033021723
8.797645568847656e-05,0.6826282870401507
8.797645568847656e-05,0.6826955410585782
8.797645568847656e-05,0.6827627950770059
8.797645568847656e-05,0.6828300490954334
8.797645568847656e-05,0.6828973031138611
8.797645568847656e-05,0.6829645571322887
8.797645568847656e-05,0.6830318111507162
8.797645568847656e-05,0.6830990651691439
8.797645568847656e-05,0.6831663191875714
8.797645568847656e-05,0.6832335732059991
8.797645568847656e-05,0.6833008272244266
8.797645568847656e-05,0.6833680812428543
8.797645568847656e-05,0.6834353352612819
8.797645568847656e-05,0.6835025892797094
8.797645568847656e-05,0.6835698432981371
8.797645568847656e-05,0.6836370973165646
8.797645568847656e-05,0.6837043513349923
8.797645568847656e-05,0.6837716053534199
8.797645568847656e-05,0.6838388593718475
8.797645568847656e-05,0.6839061133902751
8.797645568847656e-05,0.6839733674087026
8.797645568847656e-05,0.6840406214271303
8.797645568847656e-05,0.6841078754455578
8.797645568847656e-05,0.6841751294639855
8.797645568847656e-05,0.6842423834824131
8.797645568847656e-05,0.6843096375008407
8.797645568847656e-05,0.6843768915192683
8.797645568847656e-05,0.6844441455376958
8.797645568847656e-05,0.6845113995561235
8.797645568847656e-05,0.684578653574551
8.797645568847656e-05,0.6846459075929787
8.797645568847656e-05,0.6847131616114063
8.797645568847656e-05,0.6847804156298338
8.797645568847656e-05,0.6848476696482615
8.797645568847656e-05,0.684914923666689
8.797645568847656e-05,0.6849821776851167
8.797645568847656e-05,0.6850494317035443
8.797645568847656e-05,0.6851166857219719
8.797645568847656e-05,0.6851839397403995
8.797645568847656e-05,0.685251193758827
8.797645568847656e-05,0.6853184477772547
8.797645568847656e-05,0.6853857017956823
8.797645568847656e-05,0.6854529558141099
8.797645568847656e-05,0.6855202098325375
8.797645568847656e-05,0.6855874638509651
8.797645568847656e-05,0.6856547178693927
8.797645568847656e-05,0.6857219718878202
8.797645568847656e-05,0.6857892259062479
8.797645568847656e-05,0.6858564799246755
8.797645568847656e-05,0.6859237339431031
8.797645568847656e-05,0.6859909879615307
8.797645568847656e-05,0.6860582419799583
8.797645568847656e-05,0.6861254959983859
8.797645568847656e-05,0.6861927500168135
8.797645568847656e-05,0.6862600040352411
8.797645568847656e-05,0.6863272580536687
8.797645568847656e-05,0.6863945120720963
8.797645568847656e-05,0.6864617660905239
8.797645568847656e-05,0.6865290201089516
8.797645568847656e-05,0.6865962741273791
8.797645568847656e-05,0.6866635281458067
8.797645568847656e-05,0.6867307821642343
8.797645568847656e-05,0.6867980361826619
8.797645568847656e-05,0.6868652902010896
8.797645568847656e-05,0.6869325442195171
8.797645568847656e-05,0.6869997982379448
8.797645568847656e-05,0.6870670522563723
8.797645568847656e-05,0.6871343062747999
8.797645568847656e-05,0.6872015602932275
8.821487426757812e-05,0.6872688143116551
8.821487426757812e-05,0.6873360683300828
8.821487426757812e-05,0.6874033223485103
8.821487426757812e-05,0.687470576366938
8.821487426757812e-05,0.6875378303853655
8.821487426757812e-05,0.6876050844037931
8.821487426757812e-05,0.6876723384222208
8.821487426757812e-05,0.6877395924406483
8.821487426757812e-05,0.687806846459076
8.821487426757812e-05,0.6878741004775035
8.821487426757812e-05,0.6879413544959311
8.821487426757812e-05,0.6880086085143587
8.821487426757812e-05,0.6880758625327863
8.821487426757812e-05,0.688143116551214
8.821487426757812e-05,0.6882103705696415
8.821487426757812e-05,0.6882776245880692
8.821487426757812e-05,0.6883448786064967
8.821487426757812e-05,0.6884121326249243
8.821487426757812e-05,0.688479386643352
8.821487426757812e-05,0.6885466406617795
8.821487426757812e-05,0.6886138946802072
8.821487426757812e-05,0.6886811486986347
8.821487426757812e-05,0.6887484027170624
8.821487426757812e-05,0.68881565673549
8.821487426757812e-05,0.6888829107539175
8.821487426757812e-05,0.6889501647723452
8.821487426757812e-05,0.6890174187907727
8.821487426757812e-05,0.6890846728092004
8.821487426757812e-05,0.6891519268276279
8.821487426757812e-05,0.6892191808460556
8.821487426757812e-05,0.6892864348644832
8.821487426757812e-05,0.6893536888829107
8.821487426757812e-05,0.6894209429013384
8.821487426757812e-05,0.6894881969197659
8.821487426757812e-05,0.6895554509381936
8.821487426757812e-05,0.6896227049566211
8.821487426757812e-05,0.6896899589750488
8.821487426757812e-05,0.6897572129934764
8.821487426757812e-05,0.6898244670119039
8.821487426757812e-05,0.6898917210303316
8.821487426757812e-05,0.6899589750487591
8.821487426757812e-05,0.6900262290671868
8.821487426757812e-05,0.6900934830856144
8.821487426757812e-05,0.690160737104042
8.821487426757812e-05,0.6902279911224696
8.821487426757812e-05,0.6902952451408971
8.821487426757812e-05,0.6903624991593248
8.821487426757812e-05,0.6904297531777523
8.821487426757812e-05,0.69049700719618
8.821487426757812e-05,0.6905642612146076
8.821487426757812e-05,0.6906315152330351
8.821487426757812e-05,0.6906987692514628
8.821487426757812e-05,0.6907660232698903
8.821487426757812e-05,0.690833277288318
8.821487426757812e-05,0.6909005313067456
8.821487426757812e-05,0.6909677853251732
8.821487426757812e-05,0.6910350393436008
8.821487426757812e-05,0.6911022933620283
8.821487426757812e-05,0.691169547380456
8.821487426757812e-05,0.6912368013988835
8.821487426757812e-05,0.6913040554173112
8.821487426757812e-05,0.6913713094357388
8.821487426757812e-05,0.6914385634541664
8.821487426757812e-05,0.691505817472594
8.821487426757812e-05,0.6915730714910215
8.821487426757812e-05,0.6916403255094492
8.821487426757812e-05,0.6917075795278768
8.821487426757812e-05,0.6917748335463044
8.821487426757812e-05,0.691842087564732
8.821487426757812e-05,0.6919093415831596
8.821487426757812e-05,0.6919765956015872
8.821487426757812e-05,0.6920438496200148
8.821487426757812e-05,0.6921111036384424
8.821487426757812e-05,0.69217835765687
8.821487426757812e-05,0.6922456116752976
8.821487426757812e-05,0.6923128656937252
8.821487426757812e-05,0.6923801197121529
8.821487426757812e-05,0.6924473737305804
8.821487426757812e-05,0.692514627749008
8.821487426757812e-05,0.6925818817674356
8.821487426757812e-05,0.6926491357858632
8.821487426757812e-05,0.6927163898042908
8.821487426757812e-05,0.6927836438227184
8.821487426757812e-05,0.6928508978411461
8.821487426757812e-05,0.6929181518595736
8.821487426757812e-05,0.6929854058780012
8.845329284667969e-05,0.6930526598964288
8.845329284667969e-05,0.6931199139148564
8.845329284667969e-05,0.693187167933284
8.845329284667969e-05,0.6932544219517116
8.845329284667969e-05,0.6933216759701392
8.845329284667969e-05,0.6933889299885668
8.845329284667969e-05,0.6934561840069944
8.845329284667969e-05,0.693523438025422
8.845329284667969e-05,0.6935906920438496
8.845329284667969e-05,0.6936579460622773
8.845329284667969e-05,0.6937252000807048
8.845329284667969e-05,0.6937924540991324
8.845329284667969e-05,0.69385970811756
8.845329284667969e-05,0.6939269621359876
8.845329284667969e-05,0.6939942161544153
8.845329284667969e-05,0.6940614701728428
8.845329284667969e-05,0.6941287241912705
8.845329284667969e-05,0.694195978209698
8.845329284667969e-05,0.6942632322281256
8.845329284667969e-05,0.6943304862465532
8.845329284667969e-05,0.6943977402649808
8.845329284667969e-05,0.6944649942834085
8.845329284667969e-05,0.694532248301836
8.845329284667969e-05,0.6945995023202637
8.845329284667969e-05,0.6946667563386912
8.845329284667969e-05,0.6947340103571188
8.845329284667969e-05,0.6948012643755465
8.845329284667969e-05,0.694868518393974
8.845329284667969e-05,0.6949357724124017
8.845329284667969e-05,0.6950030264308292
8.845329284667969e-05,0.6950702804492569
8.845329284667969e-05,0.6951375344676844
8.845329284667969e-05,0.695204788486112
8.845329284667969e-05,0.6952720425045397
8.845329284667969e-05,0.6953392965229672
8.845329284667969e-05,0.6954065505413949
8.845329284667969e-05,0.6954738045598224
8.845329284667969e-05,0.6955410585782501
8.845329284667969e-05,0.6956083125966777
8.845329284667969e-05,0.6956755666151052
8.845329284667969e-05,0.6957428206335329
8.845329284667969e-05,0.6958100746519604
8.845329284667969e-05,0.6958773286703881
8.845329284667969e-05,0.6959445826888156
8.845329284667969e-05,0.6960118367072432
8.845329284667969e-05,0.6960790907256709
8.845329284667969e-05,0.6961463447440984
8.845329284667969e-05,0.6962135987625261
8.845329284667969e-05,0.6962808527809536
8.845329284667969e-05,0.6963481067993813
8.845329284667969e-05,0.6964153608178089
8.845329284667969e-05,0.6964826148362364
8.845329284667969e-05,0.6965498688546641
8.845329284667969e-05,0.6966171228730916
8.845329284667969e-05,0.6966843768915193
8.845329284667969e-05,0.6967516309099469
8.845329284667969e-05,0.6968188849283745
8.845329284667969e-05,0.6968861389468021
8.845329284667969e-05,0.6969533929652296
8.845329284667969e-05,0.6970206469836573
8.845329284667969e-05,0.6970879010020848
8.845329284667969e-05,0.6971551550205125
8.845329284667969e-05,0.6972224090389401
8.845329284667969e-05,0.6972896630573677
8.845329284667969e-05,0.6973569170757953
8.845329284667969e-05,0.6974241710942228
8.845329284667969e-05,0.6974914251126505
8.845329284667969e-05,0.697558679131078
8.845329284667969e-05,0.6976259331495057
8.845329284667969e-05,0.6976931871679333
8.845329284667969e-05,0.6977604411863609
8.845329284667969e-05,0.6978276952047885
8.845329284667969e-05,0.697894949223216
8.845329284667969e-05,0.6979622032416437
8.845329284667969e-05,0.6980294572600713
8.845329284667969e-05,0.6980967112784989
8.845329284667969e-05,0.6981639652969265
8.845329284667969e-05,0.6982312193153541
8.845329284667969e-05,0.6982984733337817
8.845329284667969e-05,0.6983657273522093
8.845329284667969e-05,0.6984329813706369
8.845329284667969e-05,0.6985002353890645
8.845329284667969e-05,0.6985674894074921
8.845329284667969e-05,0.6986347434259197
8.845329284667969e-05,0.6987019974443472
8.869171142578125e-05,0.6987692514627749
8.869171142578125e-05,0.6988365054812025
8.869171142578125e-05,0.6989037594996301
8.869171142578125e-05,0.6989710135180577
8.869171142578125e-05,0.6990382675364853
8.869171142578125e-05,0.6991055215549129
8.869171142578125e-05,0.6991727755733405
8.869171142578125e-05,0.6992400295917681
8.869171142578125e-05,0.6993072836101957
8.869171142578125e-05,0.6993745376286233
8.869171142578125e-05,0.6994417916470509
8.869171142578125e-05,0.6995090456654786
8.869171142578125e-05,0.6995762996839061
8.869171142578125e-05,0.6996435537023337
8.869171142578125e-05,0.6997108077207613
8.869171142578125e-05,0.6997780617391889
8.869171142578125e-05,0.6998453157576165
8.869171142578125e-05,0.6999125697760441
8.869171142578125e-05,0.6999798237944718
8.869171142578125e-05,0.7000470778128993
8.869171142578125e-05,0.7001143318313269
8.869171142578125e-05,0.7001815858497545
8.869171142578125e-05,0.7002488398681821
8.869171142578125e-05,0.7003160938866098
8.869171142578125e-05,0.7003833479050373
8.869171142578125e-05,0.700450601923465
8.869171142578125e-05,0.7005178559418925
8.869171142578125e-05,0.7005851099603201
8.869171142578125e-05,0.7006523639787477
8.869171142578125e-05,0.7007196179971753
8.869171142578125e-05,0.700786872015603
8.869171142578125e-05,0.7008541260340305
8.869171142578125e-05,0.7009213800524582
8.869171142578125e-05,0.7009886340708857
8.869171142578125e-05,0.7010558880893133
8.869171142578125e-05,0.701123142107741
8.869171142578125e-05,0.7011903961261685
8.869171142578125e-05,0.7012576501445962
8.869171142578125e-05,0.7013249041630237
8.869171142578125e-05,0.7013921581814513
8.869171142578125e-05,0.701459412199879
8.869171142578125e-05,0.7015266662183065
8.869171142578125e-05,0.7015939202367342
8.869171142578125e-05,0.7016611742551617
8.869171142578125e-05,0.7017284282735894
8.869171142578125e-05,0.7017956822920169
8.869171142578125e-05,0.7018629363104445
8.869171142578125e-05,0.7019301903288722
8.869171142578125e-05,0.7019974443472997
8.869171142578125e-05,0.7020646983657274
8.869171142578125e-05,0.7021319523841549
8.869171142578125e-05,0.7021992064025826
8.869171142578125e-05,0.7022664604210102
8.869171142578125e-05,0.7023337144394377
8.869171142578125e-05,0.7024009684578654
8.869171142578125e-05,0.7024682224762929
8.869171142578125e-05,0.7025354764947206
8.869171142578125e-05,0.7026027305131481
8.869171142578125e-05,0.7026699845315758
8.869171142578125e-05,0.7027372385500034
8.869171142578125e-05,0.7028044925684309
8.869171142578125e-05,0.7028717465868586
8.869171142578125e-05,0.7029390006052861
8.869171142578125e-05,0.7030062546237138
8.869171142578125e-05,0.7030735086421414
8.869171142578125e-05,0.703140762660569
8.869171142578125e-05,0.7032080166789966
8.869171142578125e-05,0.7032752706974241
8.869171142578125e-05,0.7033425247158518
8.869171142578125e-05,0.7034097787342793
8.869171142578125e-05,0.703477032752707
8.869171142578125e-05,0.7035442867711346
8.869171142578125e-05,0.7036115407895622
8.869171142578125e-05,0.7036787948079898
8.869171142578125e-05,0.7037460488264173
8.869171142578125e-05,0.703813302844845
8.869171142578125e-05,0.7038805568632726
8.869171142578125e-05,0.7039478108817002
8.869171142578125e-05,0.7040150649001278
8.869171142578125e-05,0.7040823189185554
8.869171142578125e-05,0.704149572936983
8.869171142578125e-05,0.7042168269554105
8.869171142578125e-05,0.7042840809738382
8.869171142578125e-05,0.7043513349922658
8.869171142578125e-05,0.7044185890106934
8.869171142578125e-05,0.704485843029121
8.869171142578125e-05,0.7045530970475485
8.869171142578125e-05,0.7046203510659762
8.869171142578125e-05,0.7046876050844038
8.869171142578125e-05,0.7047548591028314
8.869171142578125e-05,0.704822113121259
8.869171142578125e-05,0.7048893671396866
8.869171142578125e-05,0.7049566211581142
8.869171142578125e-05,0.7050238751765417
8.893013000488281e-05,0.7050911291949694
8.893013000488281e-05,0.705158383213397
8.893013000488281e-05,0.7052256372318246
8.893013000488281e-05,0.7052928912502522
8.893013000488281e-05,0.7053601452686799
8.893013000488281e-05,0.7054273992871074
8.893013000488281e-05,0.705494653305535
8.893013000488281e-05,0.7055619073239626
8.893013000488281e-05,0.7056291613423902
8.893013000488281e-05,0.7056964153608178
8.893013000488281e-05,0.7057636693792454
8.893013000488281e-05,0.7058309233976731
8.893013000488281e-05,0.7058981774161006
8.893013000488281e-05,0.7059654314345282
8.893013000488281e-05,0.7060326854529558
8.893013000488281e-05,0.7060999394713834
8.893013000488281e-05,0.706167193489811
8.893013000488281e-05,0.7062344475082386
8.893013000488281e-05,0.7063017015266663
8.893013000488281e-05,0.7063689555450938
8.893013000488281e-05,0.7064362095635214
8.893013000488281e-05,0.706503463581949
8.893013000488281e-05,0.7065707176003766
8.893013000488281e-05,0.7066379716188043
8.893013000488281e-05,0.7067052256372318
8.893013000488281e-05,0.7067724796556595
8.893013000488281e-05,0.706839733674087
8.893013000488281e-05,0.7069069876925146
8.893013000488281e-05,0.7069742417109423
8.893013000488281e-05,0.7070414957293698
8.893013000488281e-05,0.7071087497477975
8.893013000488281e-05,0.707176003766225
8.893013000488281e-05,0.7072432577846526
8.893013000488281e-05,0.7073105118030802
8.893013000488281e-05,0.7073777658215078
8.893013000488281e-05,0.7074450198399355
8.893013000488281e-05,0.707512273858363
8.893013000488281e-05,0.7075795278767907
8.893013000488281e-05,0.7076467818952182
8.893013000488281e-05,0.7077140359136458
8.893013000488281e-05,0.7077812899320735
8.893013000488281e-05,0.707848543950501
8.893013000488281e-05,0.7079157979689287
8.893013000488281e-05,0.7079830519873562
8.893013000488281e-05,0.7080503060057839
8.893013000488281e-05,0.7081175600242114
8.893013000488281e-05,0.708184814042639
8.893013000488281e-05,0.7082520680610667
8.893013000488281e-05,0.7083193220794942
8.893013000488281e-05,0.7083865760979219
8.893013000488281e-05,0.7084538301163494
8.893013000488281e-05,0.7085210841347771
8.893013000488281e-05,0.7085883381532047
8.893013000488281e-05,0.7086555921716322
8.893013000488281e-05,0.7087228461900599
8.893013000488281e-05,0.7087901002084874
8.893013000488281e-05,0.7088573542269151
8.893013000488281e-05,0.7089246082453426
8.893013000488281e-05,0.7089918622637703
8.893013000488281e-05,0.7090591162821979
8.893013000488281e-05,0.7091263703006254
8.893013000488281e-05,0.7091936243190531
8.893013000488281e-05,0.7092608783374806
8.893013000488281e-05,0.7093281323559083
8.893013000488281e-05,0.7093953863743359
8.893013000488281e-05,0.7094626403927635
8.893013000488281e-05,0.7095298944111911
8.893013000488281e-05,0.7095971484296186
8.893013000488281e-05,0.7096644024480463
8.893013000488281e-05,0.7097316564664738
8.893013000488281e-05,0.7097989104849015
8.893013000488281e-05,0.7098661645033291
8.893013000488281e-05,0.7099334185217566
8.893013000488281e-05,0.7100006725401843
8.893013000488281e-05,0.7100679265586118
8.893013000488281e-05,0.7101351805770395
8.893013000488281e-05,0.7102024345954671
8.893013000488281e-05,0.7102696886138947
8.893013000488281e-05,0.7103369426323223
8.893013000488281e-05,0.7104041966507498
8.893013000488281e-05,0.7104714506691775
8.893013000488281e-05,0.710538704687605
8.893013000488281e-05,0.7106059587060327
8.893013000488281e-05,0.7106732127244603
8.893013000488281e-05,0.7107404667428879
8.893013000488281e-05,0.7108077207613155
8.893013000488281e-05,0.710874974779743
8.893013000488281e-05,0.7109422287981707
8.893013000488281e-05,0.7110094828165983
8.893013000488281e-05,0.7110767368350259
8.893013000488281e-05,0.7111439908534535
8.893013000488281e-05,0.7112112448718811
8.893013000488281e-05,0.7112784988903087
8.893013000488281e-05,0.7113457529087363
8.893013000488281e-05,0.7114130069271639
8.893013000488281e-05,0.7114802609455915
8.893013000488281e-05,0.7115475149640191
8.893013000488281e-05,0.7116147689824467
8.893013000488281e-05,0.7116820230008744
8.916854858398438e-05,0.7117492770193019
8.916854858398438e-05,0.7118165310377295
8.916854858398438e-05,0.7118837850561571
8.916854858398438e-05,0.7119510390745847
8.916854858398438e-05,0.7120182930930123
8.916854858398438e-05,0.7120855471114399
8.916854858398438e-05,0.7121528011298676
8.916854858398438e-05,0.7122200551482951
8.916854858398438e-05,0.7122873091667227
8.916854858398438e-05,0.7123545631851503
8.916854858398438e-05,0.7124218172035779
8.916854858398438e-05,0.7124890712220056
8.916854858398438e-05,0.7125563252404331
8.916854858398438e-05,0.7126235792588607
8.916854858398438e-05,0.7126908332772883
8.916854858398438e-05,0.7127580872957159
8.916854858398438e-05,0.7128253413141435
8.916854858398438e-05,0.7128925953325711
8.916854858398438e-05,0.7129598493509988
8.916854858398438e-05,0.7130271033694263
8.916854858398438e-05,0.7130943573878539
8.916854858398438e-05,0.7131616114062815
8.916854858398438e-05,0.7132288654247091
8.916854858398438e-05,0.7132961194431368
8.916854858398438e-05,0.7133633734615643
8.916854858398438e-05,0.713430627479992
8.916854858398438e-05,0.7134978814984195
8.916854858398438e-05,0.7135651355168471
8.916854858398438e-05,0.7136323895352747
8.916854858398438e-05,0.7136996435537023
8.916854858398438e-05,0.71376689757213
8.916854858398438e-05,0.7138341515905575
8.916854858398438e-05,0.7139014056089852
8.916854858398438e-05,0.7139686596274127
8.916854858398438e-05,0.7140359136458403
8.916854858398438e-05,0.714103167664268
8.916854858398438e-05,0.7141704216826955
8.916854858398438e-05,0.7142376757011232
8.916854858398438e-05,0.7143049297195507
8.916854858398438e-05,0.7143721837379784
8.916854858398438e-05,0.714439437756406
8.916854858398438e-05,0.7145066917748335
8.916854858398438e-05,0.7145739457932612
8.916854858398438e-05,0.7146411998116887
8.916854858398438e-05,0.7147084538301164
8.916854858398438e-05,0.7147757078485439
8.916854858398438e-05,0.7148429618669716
8.916854858398438e-05,0.7149102158853992
8.916854858398438e-05,0.7149774699038267
8.916854858398438e-05,0.7150447239222544
8.916854858398438e-05,0.7151119779406819
8.916854858398438e-05,0.7151792319591096
8.916854858398438e-05,0.7152464859775371
8.916854858398438e-05,0.7153137399959647
8.916854858398438e-05,0.7153809940143924
8.916854858398438e-05,0.7154482480328199
8.916854858398438e-05,0.7155155020512476
8.916854858398438e-05,0.7155827560696751
8.916854858398438e-05,0.7156500100881028
8.916854858398438e-05,0.7157172641065304
8.916854858398438e-05,0.7157845181249579
8.916854858398438e-05,0.7158517721433856
8.916854858398438e-05,0.7159190261618131
8.916854858398438e-05,0.7159862801802408
8.916854858398438e-05,0.7160535341986684
8.916854858398438e-05,0.716120788217096
8.916854858398438e-05,0.7161880422355236
8.916854858398438e-05,0.7162552962539511
8.916854858398438e-05,0.7163225502723788
8.916854858398438e-05,0.7163898042908063
8.916854858398438e-05,0.716457058309234
8.916854858398438e-05,0.7165243123276616
8.916854858398438e-05,0.7165915663460892
8.916854858398438e-05,0.7166588203645168
8.916854858398438e-05,0.7167260743829443
8.916854858398438e-05,0.716793328401372
8.916854858398438e-05,0.7168605824197996
8.916854858398438e-05,0.7169278364382272
8.916854858398438e-05,0.7169950904566548
8.916854858398438e-05,0.7170623444750824
8.916854858398438e-05,0.71712959849351
8.916854858398438e-05,0.7171968525119375
8.916854858398438e-05,0.7172641065303652
8.916854858398438e-05,0.7173313605487928
8.916854858398438e-05,0.7173986145672204
8.916854858398438e-05,0.717465868585648
8.916854858398438e-05,0.7175331226040756
8.916854858398438e-05,0.7176003766225032
8.916854858398438e-05,0.7176676306409308
8.916854858398438e-05,0.7177348846593584
8.916854858398438e-05,0.717802138677786
8.916854858398438e-05,0.7178693926962136
8.940696716308594e-05,0.7179366467146412
8.940696716308594e-05,0.7180039007330689
8.940696716308594e-05,0.7180711547514964
8.940696716308594e-05,0.718138408769924
8.940696716308594e-05,0.7182056627883516
8.940696716308594e-05,0.7182729168067792
8.940696716308594e-05,0.7183401708252068
8.940696716308594e-05,0.7184074248436344
8.940696716308594e-05,0.718474678862062
8.940696716308594e-05,0.7185419328804896
8.940696716308594e-05,0.7186091868989172
8.940696716308594e-05,0.7186764409173448
8.940696716308594e-05,0.7187436949357724
8.940696716308594e-05,0.7188109489542001
8.940696716308594e-05,0.7188782029726276
8.940696716308594e-05,0.7189454569910552
8.940696716308594e-05,0.7190127110094828
8.940696716308594e-05,0.7190799650279104
8.940696716308594e-05,0.719147219046338
8.940696716308594e-05,0.7192144730647656
8.940696716308594e-05,0.7192817270831933
8.940696716308594e-05,0.7193489811016208
8.940696716308594e-05,0.7194162351200484
8.940696716308594e-05,0.719483489138476
8.940696716308594e-05,0.7195507431569036
8.940696716308594e-05,0.7196179971753313
8.940696716308594e-05,0.7196852511937588
8.940696716308594e-05,0.7197525052121865
8.940696716308594e-05,0.719819759230614
8.940696716308594e-05,0.7198870132490416
8.940696716308594e-05,0.7199542672674693
8.940696716308594e-05,0.7200215212858968
8.940696716308594e-05,0.7200887753043245
8.940696716308594e-05,0.720156029322752
8.940696716308594e-05,0.7202232833411797
8.940696716308594e-05,0.7202905373596072
8.940696716308594e-05,0.7203577913780348
8.940696716308594e-05,0.7204250453964625
8.940696716308594e-05,0.72049229941489
8.940696716308594e-05,0.7205595534333177
8.940696716308594e-05,0.7206268074517452
8.940696716308594e-05,0.7206940614701729
8.940696716308594e-05,0.7207613154886005
8.940696716308594e-05,0.720828569507028
8.940696716308594e-05,0.7208958235254557
8.940696716308594e-05,0.7209630775438832
8.940696716308594e-05,0.7210303315623109
8.940696716308594e-05,0.7210975855807384
8.940696716308594e-05,0.721164839599166
8.940696716308594e-05,0.7212320936175937
8.940696716308594e-05,0.7212993476360212
8.940696716308594e-05,0.7213666016544489
8.940696716308594e-05,0.7214338556728764
8.940696716308594e-05,0.7215011096913041
8.940696716308594e-05,0.7215683637097317
8.940696716308594e-05,0.7216356177281592
8.940696716308594e-05,0.7217028717465869
8.940696716308594e-05,0.7217701257650144
8.940696716308594e-05,0.7218373797834421
8.940696716308594e-05,0.7219046338018696
8.940696716308594e-05,0.7219718878202973
8.940696716308594e-05,0.7220391418387249
8.940696716308594e-05,0.7221063958571524
8.940696716308594e-05,0.7221736498755801
8.940696716308594e-05,0.7222409038940076
8.940696716308594e-05,0.7223081579124353
8.940696716308594e-05,0.7223754119308629
8.940696716308594e-05,0.7224426659492905
8.940696716308594e-05,0.7225099199677181
8.940696716308594e-05,0.7225771739861456
8.940696716308594e-05,0.7226444280045733
8.940696716308594e-05,0.7227116820230008
8.940696716308594e-05,0.7227789360414285
8.940696716308594e-05,0.7228461900598561
8.940696716308594e-05,0.7229134440782837
8.940696716308594e-05,0.7229806980967113
8.940696716308594e-05,0.7230479521151388
8.940696716308594e-05,0.7231152061335665
8.940696716308594e-05,0.723182460151994
8.940696716308594e-05,0.7232497141704217
8.940696716308594e-05,0.7233169681888493
8.940696716308594e-05,0.7233842222072769
8.940696716308594e-05,0.7234514762257045
8.940696716308594e-05,0.723518730244132
8.940696716308594e-05,0.7235859842625597
8.940696716308594e-05,0.7236532382809873
8.940696716308594e-05,0.7237204922994149
8.940696716308594e-05,0.7237877463178425
8.940696716308594e-05,0.72385500033627
8.940696716308594e-05,0.7239222543546977
8.96453857421875e-05,0.7239895083731253
8.96453857421875e-05,0.7240567623915529
8.96453857421875e-05,0.7241240164099805
8.96453857421875e-05,0.7241912704284081
8.96453857421875e-05,0.7242585244468357
8.96453857421875e-05,0.7243257784652632
8.96453857421875e-05,0.7243930324836909
8.96453857421875e-05,0.7244602865021185
8.96453857421875e-05,0.7245275405205461
8.96453857421875e-05,0.7245947945389737
8.96453857421875e-05,0.7246620485574014
8.96453857421875e-05,0.7247293025758289
8.96453857421875e-05,0.7247965565942565
8.96453857421875e-05,0.7248638106126841
8.96453857421875e-05,0.7249310646311117
8.96453857421875e-05,0.7249983186495393
8.96453857421875e-05,0.7250655726679669
8.96453857421875e-05,0.7251328266863946
8.96453857421875e-05,0.7252000807048221
8.96453857421875e-05,0.7252673347232497
8.96453857421875e-05,0.7253345887416773
8.96453857421875e-05,0.7254018427601049
8.96453857421875e-05,0.7254690967785326
8.96453857421875e-05,0.7255363507969601
8.96453857421875e-05,0.7256036048153878
8.96453857421875e-05,0.7256708588338153
8.96453857421875e-05,0.7257381128522429
8.96453857421875e-05,0.7258053668706705
8.96453857421875e-05,0.7258726208890981
8.96453857421875e-05,0.7259398749075258
8.96453857421875e-05,0.7260071289259533
8.96453857421875e-05,0.726074382944381
8.96453857421875e-05,0.7261416369628085
8.96453857421875e-05,0.7262088909812361
8.96453857421875e-05,0.7262761449996638
8.96453857421875e-05,0.7263433990180913
8.96453857421875e-05,0.726410653036519
8.96453857421875e-05,0.7264779070549465
8.96453857421875e-05,0.7265451610733741
8.96453857421875e-05,0.7266124150918017
8.96453857421875e-05,0.7266796691102293
8.96453857421875e-05,0.726746923128657
8.96453857421875e-05,0.7268141771470845
8.96453857421875e-05,0.7268814311655122
8.96453857421875e-05,0.7269486851839397
8.96453857421875e-05,0.7270159392023673
8.96453857421875e-05,0.727083193220795
8.96453857421875e-05,0.7271504472392225
8.96453857421875e-05,0.7272177012576502
8.96453857421875e-05,0.7272849552760777
8.96453857421875e-05,0.7273522092945054
8.96453857421875e-05,0.727419463312933
8.96453857421875e-05,0.7274867173313605
8.96453857421875e-05,0.7275539713497882
8.96453857421875e-05,0.7276212253682157
8.96453857421875e-05,0.7276884793866434
8.96453857421875e-05,0.7277557334050709
8.96453857421875e-05,0.7278229874234986
8.96453857421875e-05,0.7278902414419262
8.96453857421875e-05,0.7279574954603537
8.96453857421875e-05,0.7280247494787814
8.96453857421875e-05,0.7280920034972089
8.96453857421875e-05,0.7281592575156366
8.96453857421875e-05,0.7282265115340641
8.96453857421875e-05,0.7282937655524918
8.96453857421875e-05,0.7283610195709194
8.96453857421875e-05,0.7284282735893469
8.96453857421875e-05,0.7284955276077746
8.96453857421875e-05,0.7285627816262021
8.96453857421875e-05,0.7286300356446298
8.96453857421875e-05,0.7286972896630574
8.988380432128906e-05,0.728764543681485
8.988380432128906e-05,0.7288317976999126
8.988380432128906e-05,0.7288990517183401
8.988380432128906e-05,0.7289663057367678
8.988380432128906e-05,0.7290335597551953
8.988380432128906e-05,0.729100813773623
8.988380432128906e-05,0.7291680677920506
8.988380432128906e-05,0.7292353218104781
8.988380432128906e-05,0.7293025758289058
8.988380432128906e-05,0.7293698298473333
8.988380432128906e-05,0.729437083865761
8.988380432128906e-05,0.7295043378841886
8.988380432128906e-05,0.7295715919026162
8.988380432128906e-05,0.7296388459210438
8.988380432128906e-05,0.7297060999394713
8.988380432128906e-05,0.729773353957899
8.988380432128906e-05,0.7298406079763265
8.988380432128906e-05,0.7299078619947542
8.988380432128906e-05,0.7299751160131818
8.988380432128906e-05,0.7300423700316094
8.988380432128906e-05,0.730109624050037
8.988380432128906e-05,0.7301768780684645
8.988380432128906e-05,0.7302441320868922
8.988380432128906e-05,0.7303113861053198
8.988380432128906e-05,0.7303786401237474
8.988380432128906e-05,0.730445894142175
8.988380432128906e-05,0.7305131481606026
8.988380432128906e-05,0.7305804021790302
8.988380432128906e-05,0.7306476561974578
8.988380432128906e-05,0.7307149102158854
8.988380432128906e-05,0.730782164234313
8.988380432128906e-05,0.7308494182527406
8.988380432128906e-05,0.7309166722711682
8.988380432128906e-05,0.7309839262895959
8.988380432128906e-05,0.7310511803080234
8.988380432128906e-05,0.731118434326451
8.988380432128906e-05,0.7311856883448786
8.988380432128906e-05,0.7312529423633062
8.988380432128906e-05,0.7313201963817338
8.988380432128906e-05,0.7313874504001614
8.988380432128906e-05,0.7314547044185891
8.988380432128906e-05,0.7315219584370166
8.988380432128906e-05,0.7315892124554442
8.988380432128906e-05,0.7316564664738718
8.988380432128906e-05,0.7317237204922994
8.988380432128906e-05,0.731790974510727
8.988380432128906e-05,0.7318582285291546
8.988380432128906e-05,0.7319254825475823
8.988380432128906e-05,0.7319927365660098
8.988380432128906e-05,0.7320599905844374
8.988380432128906e-05,0.732127244602865
8.988380432128906e-05,0.7321944986212926
8.988380432128906e-05,0.7322617526397203
8.988380432128906e-05,0.7323290066581478
8.988380432128906e-05,0.7323962606765754
8.988380432128906e-05,0.732463514695003
8.988380432128906e-05,0.7325307687134306
8.988380432128906e-05,0.7325980227318583
8.988380432128906e-05,0.7326652767502858
8.988380432128906e-05,0.7327325307687135
8.988380432128906e-05,0.732799784787141
8.988380432128906e-05,0.7328670388055686
8.988380432128906e-05,0.7329342928239962
8.988380432128906e-05,0.7330015468424238
8.988380432128906e-05,0.7330688008608515
8.988380432128906e-05,0.733136054879279
8.988380432128906e-05,0.7332033088977067
8.988380432128906e-05,0.7332705629161342
8.988380432128906e-05,0.7333378169345618
8.988380432128906e-05,0.7334050709529895
8.988380432128906e-05,0.733472324971417
9.012222290039062e-05,0.7335395789898447
9.012222290039062e-05,0.7336068330082722
9.012222290039062e-05,0.7336740870266999
9.012222290039062e-05,0.7337413410451274
9.012222290039062e-05,0.733808595063555
9.012222290039062e-05,0.7338758490819827
9.012222290039062e-05,0.7339431031004102
9.012222290039062e-05,0.7340103571188379
9.012222290039062e-05,0.7340776111372654
9.012222290039062e-05,0.7341448651556931
9.012222290039062e-05,0.7342121191741207
9.012222290039062e-05,0.7342793731925482
9.012222290039062e-05,0.7343466272109759
9.012222290039062e-05,0.7344138812294034
9.012222290039062e-05,0.7344811352478311
9.012222290039062e-05,0.7345483892662587
9.012222290039062e-05,0.7346156432846863
9.012222290039062e-05,0.7346828973031139
9.012222290039062e-05,0.7347501513215414
9.012222290039062e-05,0.7348174053399691
9.012222290039062e-05,0.7348846593583966
9.012222290039062e-05,0.7349519133768243
9.012222290039062e-05,0.7350191673952519
9.012222290039062e-05,0.7350864214136794
9.012222290039062e-05,0.7351536754321071
9.012222290039062e-05,0.7352209294505346
9.012222290039062e-05,0.7352881834689623
9.012222290039062e-05,0.7353554374873899
9.012222290039062e-05,0.7354226915058175
9.012222290039062e-05,0.7354899455242451
9.012222290039062e-05,0.7355571995426726
9.012222290039062e-05,0.7356244535611003
9.012222290039062e-05,0.7356917075795278
9.012222290039062e-05,0.7357589615979555
9.012222290039062e-05,0.7358262156163831
9.012222290039062e-05,0.7358934696348107
9.012222290039062e-05,0.7359607236532383
9.012222290039062e-05,0.7360279776716658
9.012222290039062e-05,0.7360952316900935
9.012222290039062e-05,0.736162485708521
9.012222290039062e-05,0.7362297397269487
9.012222290039062e-05,0.7362969937453763
9.012222290039062e-05,0.7363642477638039
9.012222290039062e-05,0.7364315017822315
9.012222290039062e-05,0.736498755800659
9.012222290039062e-05,0.7365660098190867
9.012222290039062e-05,0.7366332638375143
9.012222290039062e-05,0.7367005178559419
9.012222290039062e-05,0.7367677718743695
9.012222290039062e-05,0.7368350258927971
9.012222290039062e-05,0.7369022799112247
9.012222290039062e-05,0.7369695339296523
9.012222290039062e-05,0.7370367879480799
9.012222290039062e-05,0.7371040419665075
9.012222290039062e-05,0.7371712959849351
9.012222290039062e-05,0.7372385500033627
9.012222290039062e-05,0.7373058040217904
9.012222290039062e-05,0.7373730580402179
9.012222290039062e-05,0.7374403120586455
9.012222290039062e-05,0.7375075660770731
9.012222290039062e-05,0.7375748200955007
9.012222290039062e-05,0.7376420741139283
9.012222290039062e-05,0.7377093281323559
9.012222290039062e-05,0.7377765821507835
9.012222290039062e-05,0.7378438361692111
9.012222290039062e-05,0.7379110901876387
9.012222290039062e-05,0.7379783442060663
9.012222290039062e-05,0.7380455982244939
9.012222290039062e-05,0.7381128522429216
9.012222290039062e-05,0.7381801062613491
9.012222290039062e-05,0.7382473602797767
9.012222290039062e-05,0.7383146142982043
9.012222290039062e-05,0.7383818683166319
9.012222290039062e-05,0.7384491223350595
9.012222290039062e-05,0.7385163763534871
9.012222290039062e-05,0.7385836303719148
9.012222290039062e-05,0.7386508843903423
9.012222290039062e-05,0.7387181384087699
9.012222290039062e-05,0.7387853924271975
9.012222290039062e-05,0.7388526464456251
9.012222290039062e-05,0.7389199004640528
9.012222290039062e-05,0.7389871544824803
9.012222290039062e-05,0.739054408500908
9.012222290039062e-05,0.7391216625193355
9.012222290039062e-05,0.7391889165377631
9.036064147949219e-05,0.7392561705561908
9.036064147949219e-05,0.7393234245746183
9.036064147949219e-05,0.739390678593046
9.036064147949219e-05,0.7394579326114735
9.036064147949219e-05,0.7395251866299012
9.036064147949219e-05,0.7395924406483287
9.036064147949219e-05,0.7396596946667563
9.036064147949219e-05,0.739726948685184
9.036064147949219e-05,0.7397942027036115
9.036064147949219e-05,0.7398614567220392
9.036064147949219e-05,0.7399287107404667
9.036064147949219e-05,0.7399959647588944
9.036064147949219e-05,0.740063218777322
9.036064147949219e-05,0.7401304727957495
9.036064147949219e-05,0.7401977268141772
9.036064147949219e-05,0.7402649808326047
9.036064147949219e-05,0.7403322348510324
9.036064147949219e-05,0.7403994888694599
9.036064147949219e-05,0.7404667428878875
9.036064147949219e-05,0.7405339969063152
9.036064147949219e-05,0.7406012509247427
9.036064147949219e-05,0.7406685049431704
9.036064147949219e-05,0.7407357589615979
9.036064147949219e-05,0.7408030129800256
9.036064147949219e-05,0.7408702669984532
9.036064147949219e-05,0.7409375210168807
9.036064147949219e-05,0.7410047750353084
9.036064147949219e-05,0.7410720290537359
9.036064147949219e-05,0.7411392830721636
9.036064147949219e-05,0.7412065370905911
9.036064147949219e-05,0.7412737911090188
9.036064147949219e-05,0.7413410451274464
9.036064147949219e-05,0.7414082991458739
9.036064147949219e-05,0.7414755531643016
9.036064147949219e-05,0.7415428071827291
9.036064147949219e-05,0.7416100612011568
9.036064147949219e-05,0.7416773152195844
9.036064147949219e-05,0.741744569238012
9.036064147949219e-05,0.7418118232564396
9.036064147949219e-05,0.7418790772748671
9.036064147949219e-05,0.7419463312932948
9.036064147949219e-05,0.7420135853117223
9.036064147949219e-05,0.74208083933015
9.036064147949219e-05,0.7421480933485776
9.036064147949219e-05,0.7422153473670052
9.036064147949219e-05,0.7422826013854328
9.036064147949219e-05,0.7423498554038603
9.036064147949219e-05,0.742417109422288
9.036064147949219e-05,0.7424843634407156
9.036064147949219e-05,0.7425516174591432
9.036064147949219e-05,0.7426188714775708
9.036064147949219e-05,0.7426861254959984
9.036064147949219e-05,0.742753379514426
9.036064147949219e-05,0.7428206335328535
9.036064147949219e-05,0.7428878875512812
9.036064147949219e-05,0.7429551415697088
9.036064147949219e-05,0.7430223955881364
9.036064147949219e-05,0.743089649606564
9.036064147949219e-05,0.7431569036249915
9.036064147949219e-05,0.7432241576434192
9.036064147949219e-05,0.7432914116618468
9.036064147949219e-05,0.7433586656802744
9.036064147949219e-05,0.743425919698702
9.036064147949219e-05,0.7434931737171296
9.036064147949219e-05,0.7435604277355572
9.036064147949219e-05,0.7436276817539847
9.036064147949219e-05,0.7436949357724124
9.036064147949219e-05,0.74376218979084
9.036064147949219e-05,0.7438294438092676
9.036064147949219e-05,0.7438966978276952
9.036064147949219e-05,0.7439639518461229
9.036064147949219e-05,0.7440312058645504
9.036064147949219e-05,0.744098459882978
9.036064147949219e-05,0.7441657139014056
9.036064147949219e-05,0.7442329679198332
9.036064147949219e-05,0.7443002219382608
9.036064147949219e-05,0.7443674759566884
9.036064147949219e-05,0.7444347299751161
9.036064147949219e-05,0.7445019839935436
9.036064147949219e-05,0.7445692380119712
9.036064147949219e-05,0.7446364920303988
9.036064147949219e-05,0.7447037460488264
9.036064147949219e-05,0.744771000067254
9.036064147949219e-05,0.7448382540856816
9.036064147949219e-05,0.7449055081041093
9.036064147949219e-05,0.7449727621225368
9.036064147949219e-05,0.7450400161409644
9.036064147949219e-05,0.745107270159392
9.036064147949219e-05,0.7451745241778196
9.036064147949219e-05,0.7452417781962473
9.059906005859375e-05,0.7453090322146748
9.059906005859375e-05,0.7453762862331025
9.059906005859375e-05,0.74544354025153
9.059906005859375e-05,0.7455107942699576
9.059906005859375e-05,0.7455780482883853
9.059906005859375e-05,0.7456453023068128
9.059906005859375e-05,0.7457125563252405
9.059906005859375e-05,0.745779810343668
9.059906005859375e-05,0.7458470643620956
9.059906005859375e-05,0.7459143183805232
9.059906005859375e-05,0.7459815723989508
9.059906005859375e-05,0.7460488264173785
9.059906005859375e-05,0.746116080435806
9.059906005859375e-05,0.7461833344542337
9.059906005859375e-05,0.7462505884726612
9.059906005859375e-05,0.7463178424910888
9.059906005859375e-05,0.7463850965095165
9.059906005859375e-05,0.746452350527944
9.059906005859375e-05,0.7465196045463717
9.059906005859375e-05,0.7465868585647992
9.059906005859375e-05,0.7466541125832269
9.059906005859375e-05,0.7467213666016544
9.059906005859375e-05,0.746788620620082
9.059906005859375e-05,0.7468558746385097
9.059906005859375e-05,0.7469231286569372
9.059906005859375e-05,0.7469903826753649
9.059906005859375e-05,0.7470576366937924
9.059906005859375e-05,0.7471248907122201
9.059906005859375e-05,0.7471921447306477
9.059906005859375e-05,0.7472593987490752
9.059906005859375e-05,0.7473266527675029
9.059906005859375e-05,0.7473939067859304
9.059906005859375e-05,0.7474611608043581
9.059906005859375e-05,0.7475284148227856
9.059906005859375e-05,0.7475956688412133
9.059906005859375e-05,0.7476629228596409
9.059906005859375e-05,0.7477301768780684
9.059906005859375e-05,0.7477974308964961
9.059906005859375e-05,0.7478646849149236
9.059906005859375e-05,0.7479319389333513
9.059906005859375e-05,0.7479991929517789
9.059906005859375e-05,0.7480664469702065
9.059906005859375e-05,0.7481337009886341
9.059906005859375e-05,0.7482009550070616
9.059906005859375e-05,0.7482682090254893
9.059906005859375e-05,0.7483354630439168
9.059906005859375e-05,0.7484027170623445
9.059906005859375e-05,0.7484699710807721
9.059906005859375e-05,0.7485372250991997
9.059906005859375e-05,0.7486044791176273
9.059906005859375e-05,0.7486717331360548
9.059906005859375e-05,0.7487389871544825
9.059906005859375e-05,0.7488062411729101
9.059906005859375e-05,0.7488734951913377
9.059906005859375e-05,0.7489407492097653
9.059906005859375e-05,0.7490080032281928
9.059906005859375e-05,0.7490752572466205
9.059906005859375e-05,0.749142511265048
9.059906005859375e-05,0.7492097652834757
9.059906005859375e-05,0.7492770193019033
9.083747863769531e-05,0.7493442733203309
9.083747863769531e-05,0.7494115273387585
9.083747863769531e-05,0.749478781357186
9.083747863769531e-05,0.7495460353756137
9.083747863769531e-05,0.7496132893940413
9.083747863769531e-05,0.7496805434124689
9.083747863769531e-05,0.7497477974308965
9.083747863769531e-05,0.7498150514493241
9.083747863769531e-05,0.7498823054677517
9.083747863769531e-05,0.7499495594861793
9.083747863769531e-05,0.7500168135046069
9.083747863769531e-05,0.7500840675230345
9.083747863769531e-05,0.7501513215414621
9.083747863769531e-05,0.7502185755598897
9.083747863769531e-05,0.7502858295783174
9.083747863769531e-05,0.7503530835967449
9.083747863769531e-05,0.7504203376151725
9.083747863769531e-05,0.7504875916336001
9.083747863769531e-05,0.7505548456520277
9.083747863769531e-05,0.7506220996704553
9.083747863769531e-05,0.7506893536888829
9.083747863769531e-05,0.7507566077073106
9.083747863769531e-05,0.7508238617257381
9.083747863769531e-05,0.7508911157441657
9.083747863769531e-05,0.7509583697625933
9.083747863769531e-05,0.7510256237810209
9.083747863769531e-05,0.7510928777994486
9.083747863769531e-05,0.7511601318178761
9.083747863769531e-05,0.7512273858363038
9.083747863769531e-05,0.7512946398547313
9.083747863769531e-05,0.7513618938731589
9.083747863769531e-05,0.7514291478915865
9.083747863769531e-05,0.7514964019100141
9.083747863769531e-05,0.7515636559284418
9.083747863769531e-05,0.7516309099468693
9.083747863769531e-05,0.7516981639652969
9.083747863769531e-05,0.7517654179837245
9.083747863769531e-05,0.7518326720021521
9.083747863769531e-05,0.7518999260205798
9.083747863769531e-05,0.7519671800390073
9.083747863769531e-05,0.752034434057435
9.083747863769531e-05,0.7521016880758625
9.083747863769531e-05,0.7521689420942901
9.083747863769531e-05,0.7522361961127177
9.083747863769531e-05,0.7523034501311453
9.083747863769531e-05,0.752370704149573
9.083747863769531e-05,0.7524379581680005
9.083747863769531e-05,0.7525052121864282
9.083747863769531e-05,0.7525724662048557
9.083747863769531e-05,0.7526397202232833
9.083747863769531e-05,0.752706974241711
9.083747863769531e-05,0.7527742282601385
9.083747863769531e-05,0.7528414822785662
9.083747863769531e-05,0.7529087362969937
9.083747863769531e-05,0.7529759903154214
9.083747863769531e-05,0.753043244333849
9.083747863769531e-05,0.7531104983522765
9.083747863769531e-05,0.7531777523707042
9.083747863769531e-05,0.7532450063891317
9.083747863769531e-05,0.7533122604075594
9.083747863769531e-05,0.7533795144259869
9.083747863769531e-05,0.7534467684444146
9.083747863769531e-05,0.7535140224628422
9.083747863769531e-05,0.7535812764812697
9.083747863769531e-05,0.7536485304996974
9.083747863769531e-05,0.7537157845181249
9.083747863769531e-05,0.7537830385365526
9.083747863769531e-05,0.7538502925549802
9.083747863769531e-05,0.7539175465734078
9.083747863769531e-05,0.7539848005918354
9.083747863769531e-05,0.7540520546102629
9.107589721679688e-05,0.7541193086286906
9.107589721679688e-05,0.7541865626471181
9.107589721679688e-05,0.7542538166655458
9.107589721679688e-05,0.7543210706839734
9.107589721679688e-05,0.7543883247024009
9.107589721679688e-05,0.7544555787208286
9.107589721679688e-05,0.7545228327392561
9.107589721679688e-05,0.7545900867576838
9.107589721679688e-05,0.7546573407761114
9.107589721679688e-05,0.754724594794539
9.107589721679688e-05,0.7547918488129666
9.107589721679688e-05,0.7548591028313941
9.107589721679688e-05,0.7549263568498218
9.107589721679688e-05,0.7549936108682493
9.107589721679688e-05,0.755060864886677
9.107589721679688e-05,0.7551281189051046
9.107589721679688e-05,0.7551953729235322
9.107589721679688e-05,0.7552626269419598
9.107589721679688e-05,0.7553298809603873
9.107589721679688e-05,0.755397134978815
9.107589721679688e-05,0.7554643889972426
9.107589721679688e-05,0.7555316430156702
9.107589721679688e-05,0.7555988970340978
9.107589721679688e-05,0.7556661510525254
9.107589721679688e-05,0.755733405070953
9.107589721679688e-05,0.7558006590893805
9.107589721679688e-05,0.7558679131078082
9.107589721679688e-05,0.7559351671262358
9.107589721679688e-05,0.7560024211446634
9.107589721679688e-05,0.756069675163091
9.107589721679688e-05,0.7561369291815186
9.107589721679688e-05,0.7562041831999462
9.107589721679688e-05,0.7562714372183738
9.107589721679688e-05,0.7563386912368014
9.107589721679688e-05,0.756405945255229
9.107589721679688e-05,0.7564731992736566
9.107589721679688e-05,0.7565404532920842
9.107589721679688e-05,0.7566077073105119
9.107589721679688e-05,0.7566749613289394
9.107589721679688e-05,0.756742215347367
9.107589721679688e-05,0.7568094693657946
9.107589721679688e-05,0.7568767233842222
9.107589721679688e-05,0.7569439774026498
9.107589721679688e-05,0.7570112314210774
9.107589721679688e-05,0.757078485439505
9.107589721679688e-05,0.7571457394579326
9.107589721679688e-05,0.7572129934763602
9.107589721679688e-05,0.7572802474947878
9.107589721679688e-05,0.7573475015132154
9.107589721679688e-05,0.7574147555316431
9.107589721679688e-05,0.7574820095500706
9.107589721679688e-05,0.7575492635684982
9.107589721679688e-05,0.7576165175869258
9.107589721679688e-05,0.7576837716053534
9.107589721679688e-05,0.757751025623781
9.107589721679688e-05,0.7578182796422086
9.107589721679688e-05,0.7578855336606363
9.107589721679688e-05,0.7579527876790638
9.107589721679688e-05,0.7580200416974914
9.107589721679688e-05,0.758087295715919
9.107589721679688e-05,0.7581545497343466
9.107589721679688e-05,0.7582218037527743
9.107589721679688e-05,0.7582890577712018
9.107589721679688e-05,0.7583563117896295
9.107589721679688e-05,0.758423565808057
9.107589721679688e-05,0.7584908198264846
9.107589721679688e-05,0.7585580738449123
9.107589721679688e-05,0.7586253278633398
9.107589721679688e-05,0.7586925818817675
9.107589721679688e-05,0.758759835900195
9.107589721679688e-05,0.7588270899186227
9.107589721679688e-05,0.7588943439370502
9.107589721679688e-05,0.7589615979554778
9.107589721679688e-05,0.7590288519739055
9.131431579589844e-05,0.759096105992333
9.131431579589844e-05,0.7591633600107607
9.131431579589844e-05,0.7592306140291882
9.131431579589844e-05,0.7592978680476159
9.131431579589844e-05,0.7593651220660435
9.131431579589844e-05,0.759432376084471
9.131431579589844e-05,0.7594996301028987
9.131431579589844e-05,0.7595668841213262
9.131431579589844e-05,0.7596341381397539
9.131431579589844e-05,0.7597013921581814
9.131431579589844e-05,0.759768646176609
9.131431579589844e-05,0.7598359001950367
9.131431579589844e-05,0.7599031542134642
9.131431579589844e-05,0.7599704082318919
9.131431579589844e-05,0.7600376622503194
9.131431579589844e-05,0.7601049162687471
9.131431579589844e-05,0.7601721702871747
9.131431579589844e-05,0.7602394243056022
9.131431579589844e-05,0.7603066783240299
9.131431579589844e-05,0.7603739323424574
9.131431579589844e-05,0.7604411863608851
9.131431579589844e-05,0.7605084403793126
9.131431579589844e-05,0.7605756943977403
9.131431579589844e-05,0.7606429484161679
9.131431579589844e-05,0.7607102024345954
9.131431579589844e-05,0.7607774564530231
9.131431579589844e-05,0.7608447104714506
9.131431579589844e-05,0.7609119644898783
9.131431579589844e-05,0.7609792185083059
9.131431579589844e-05,0.7610464725267335
9.131431579589844e-05,0.7611137265451611
9.131431579589844e-05,0.7611809805635886
9.131431579589844e-05,0.7612482345820163
9.131431579589844e-05,0.7613154886004438
9.131431579589844e-05,0.7613827426188715
9.131431579589844e-05,0.7614499966372991
9.131431579589844e-05,0.7615172506557267
9.131431579589844e-05,0.7615845046741543
9.131431579589844e-05,0.7616517586925818
9.131431579589844e-05,0.7617190127110095
9.131431579589844e-05,0.7617862667294371
9.131431579589844e-05,0.7618535207478647
9.131431579589844e-05,0.7619207747662923
9.131431579589844e-05,0.7619880287847199
9.131431579589844e-05,0.7620552828031475
9.131431579589844e-05,0.762122536821575
9.131431579589844e-05,0.7621897908400027
9.131431579589844e-05,0.7622570448584303
9.131431579589844e-05,0.7623242988768579
9.131431579589844e-05,0.7623915528952855
9.131431579589844e-05,0.7624588069137131
9.131431579589844e-05,0.7625260609321407
9.131431579589844e-05,0.7625933149505683
9.131431579589844e-05,0.7626605689689959
9.131431579589844e-05,0.7627278229874235
9.131431579589844e-05,0.7627950770058511
9.131431579589844e-05,0.7628623310242787
9.131431579589844e-05,0.7629295850427062
9.131431579589844e-05,0.7629968390611339
9.131431579589844e-05,0.7630640930795615
9.131431579589844e-05,0.7631313470979891
9.131431579589844e-05,0.7631986011164167
9.131431579589844e-05,0.7632658551348444
9.131431579589844e-05,0.7633331091532719
9.131431579589844e-05,0.7634003631716995
9.131431579589844e-05,0.7634676171901271
9.131431579589844e-05,0.7635348712085547
9.131431579589844e-05,0.7636021252269823
9.131431579589844e-05,0.7636693792454099
9.131431579589844e-05,0.7637366332638376
9.131431579589844e-05,0.7638038872822651
9.1552734375e-05,0.7638711413006927
9.1552734375e-05,0.7639383953191203
9.1552734375e-05,0.7640056493375479
9.1552734375e-05,0.7640729033559756
9.1552734375e-05,0.7641401573744031
9.1552734375e-05,0.7642074113928308
9.1552734375e-05,0.7642746654112583
9.1552734375e-05,0.7643419194296859
9.1552734375e-05,0.7644091734481135
9.1552734375e-05,0.7644764274665411
9.1552734375e-05,0.7645436814849688
9.1552734375e-05,0.7646109355033963
9.1552734375e-05,0.764678189521824
9.1552734375e-05,0.7647454435402515
9.1552734375e-05,0.7648126975586791
9.1552734375e-05,0.7648799515771068
9.1552734375e-05,0.7649472055955343
9.1552734375e-05,0.765014459613962
9.1552734375e-05,0.7650817136323895
9.1552734375e-05,0.7651489676508172
9.1552734375e-05,0.7652162216692447
9.1552734375e-05,0.7652834756876723
9.1552734375e-05,0.7653507297061
9.1552734375e-05,0.7654179837245275
9.1552734375e-05,0.7654852377429552
9.1552734375e-05,0.7655524917613827
9.1552734375e-05,0.7656197457798103
9.1552734375e-05,0.765686999798238
9.1552734375e-05,0.7657542538166655
9.1552734375e-05,0.7658215078350932
9.1552734375e-05,0.7658887618535207
9.1552734375e-05,0.7659560158719484
9.1552734375e-05,0.766023269890376
9.1552734375e-05,0.7660905239088035
9.1552734375e-05,0.7661577779272312
9.1552734375e-05,0.7662250319456587
9.1552734375e-05,0.7662922859640864
9.1552734375e-05,0.7663595399825139
9.1552734375e-05,0.7664267940009416
9.1552734375e-05,0.7664940480193692
9.1552734375e-05,0.7665613020377967
9.1552734375e-05,0.7666285560562244
9.1552734375e-05,0.7666958100746519
9.1552734375e-05,0.7667630640930796
9.1552734375e-05,0.7668303181115071
9.1552734375e-05,0.7668975721299348
9.1552734375e-05,0.7669648261483624
9.1552734375e-05,0.7670320801667899
9.1552734375e-05,0.7670993341852176
9.1552734375e-05,0.7671665882036451
9.1552734375e-05,0.7672338422220728
9.1552734375e-05,0.7673010962405004
9.1552734375e-05,0.767368350258928
9.1552734375e-05,0.7674356042773556
9.1552734375e-05,0.7675028582957831
9.1552734375e-05,0.7675701123142108
9.1552734375e-05,0.7676373663326383
9.1552734375e-05,0.767704620351066
9.1552734375e-05,0.7677718743694936
9.1552734375e-05,0.7678391283879212
9.1552734375e-05,0.7679063824063488
9.1552734375e-05,0.7679736364247763
9.1552734375e-05,0.768040890443204
9.1552734375e-05,0.7681081444616316
9.1552734375e-05,0.7681753984800592
9.1552734375e-05,0.7682426524984868
9.1552734375e-05,0.7683099065169143
9.1552734375e-05,0.768377160535342
9.1552734375e-05,0.7684444145537696
9.1552734375e-05,0.7685116685721972
9.1552734375e-05,0.7685789225906248
9.1552734375e-05,0.7686461766090524
9.1552734375e-05,0.76871343062748
9.1552734375e-05,0.7687806846459075
9.1552734375e-05,0.7688479386643352
9.1552734375e-05,0.7689151926827628
9.1552734375e-05,0.7689824467011904
9.1552734375e-05,0.769049700719618
9.1552734375e-05,0.7691169547380456
9.179115295410156e-05,0.7691842087564732
9.179115295410156e-05,0.7692514627749008
9.179115295410156e-05,0.7693187167933284
9.179115295410156e-05,0.769385970811756
9.179115295410156e-05,0.7694532248301836
9.179115295410156e-05,0.7695204788486112
9.179115295410156e-05,0.7695877328670389
9.179115295410156e-05,0.7696549868854664
9.179115295410156e-05,0.769722240903894
9.179115295410156e-05,0.7697894949223216
9.179115295410156e-05,0.7698567489407492
9.179115295410156e-05,0.7699240029591768
9.179115295410156e-05,0.7699912569776044
9.179115295410156e-05,0.7700585109960321
9.179115295410156e-05,0.7701257650144596
9.179115295410156e-05,0.7701930190328872
9.179115295410156e-05,0.7702602730513148
9.179115295410156e-05,0.7703275270697424
9.179115295410156e-05,0.77039478108817
9.179115295410156e-05,0.7704620351065976
9.179115295410156e-05,0.7705292891250253
9.179115295410156e-05,0.7705965431434528
9.179115295410156e-05,0.7706637971618804
9.179115295410156e-05,0.770731051180308
9.179115295410156e-05,0.7707983051987356
9.179115295410156e-05,0.7708655592171633
9.179115295410156e-05,0.7709328132355908
9.179115295410156e-05,0.7710000672540184
9.179115295410156e-05,0.771067321272446
9.179115295410156e-05,0.7711345752908736
9.179115295410156e-05,0.7712018293093013
9.179115295410156e-05,0.7712690833277288
9.179115295410156e-05,0.7713363373461565
9.179115295410156e-05,0.771403591364584
9.179115295410156e-05,0.7714708453830116
9.179115295410156e-05,0.7715380994014392
9.179115295410156e-05,0.7716053534198668
9.179115295410156e-05,0.7716726074382945
9.179115295410156e-05,0.771739861456722
9.179115295410156e-05,0.7718071154751497
9.179115295410156e-05,0.7718743694935772
9.179115295410156e-05,0.7719416235120048
9.179115295410156e-05,0.7720088775304325
9.179115295410156e-05,0.77207613154886
9.179115295410156e-05,0.7721433855672877
9.179115295410156e-05,0.7722106395857152
9.179115295410156e-05,0.7722778936041429
9.179115295410156e-05,0.7723451476225704
9.179115295410156e-05,0.772412401640998
9.179115295410156e-05,0.7724796556594257
9.179115295410156e-05,0.7725469096778532
9.179115295410156e-05,0.7726141636962809
9.179115295410156e-05,0.7726814177147084
9.179115295410156e-05,0.7727486717331361
9.179115295410156e-05,0.7728159257515637
9.179115295410156e-05,0.7728831797699912
9.179115295410156e-05,0.7729504337884189
9.179115295410156e-05,0.7730176878068464
9.179115295410156e-05,0.7730849418252741
9.179115295410156e-05,0.7731521958437017
9.179115295410156e-05,0.7732194498621293
9.179115295410156e-05,0.7732867038805569
9.179115295410156e-05,0.7733539578989844
9.179115295410156e-05,0.7734212119174121
9.179115295410156e-05,0.7734884659358396
9.179115295410156e-05,0.7735557199542673
9.179115295410156e-05,0.7736229739726949
9.179115295410156e-05,0.7736902279911224
9.179115295410156e-05,0.7737574820095501
9.179115295410156e-05,0.7738247360279776
9.179115295410156e-05,0.7738919900464053
9.179115295410156e-05,0.7739592440648329
9.179115295410156e-05,0.7740264980832605
9.179115295410156e-05,0.7740937521016881
9.179115295410156e-05,0.7741610061201156
9.179115295410156e-05,0.7742282601385433
9.179115295410156e-05,0.7742955141569708
9.179115295410156e-05,0.7743627681753985
9.179115295410156e-05,0.7744300221938261
9.179115295410156e-05,0.7744972762122537
9.202957153320312e-05,0.7745645302306813
9.202957153320312e-05,0.7746317842491088
9.202957153320312e-05,0.7746990382675365
9.202957153320312e-05,0.774766292285964
9.202957153320312e-05,0.7748335463043917
9.202957153320312e-05,0.7749008003228193
9.202957153320312e-05,0.7749680543412469
9.202957153320312e-05,0.7750353083596745
9.202957153320312e-05,0.775102562378102
9.202957153320312e-05,0.7751698163965297
9.202957153320312e-05,0.7752370704149573
9.202957153320312e-05,0.7753043244333849
9.202957153320312e-05,0.7753715784518125
9.202957153320312e-05,0.7754388324702401
9.202957153320312e-05,0.7755060864886677
9.202957153320312e-05,0.7755733405070953
9.202957153320312e-05,0.7756405945255229
9.202957153320312e-05,0.7757078485439505
9.202957153320312e-05,0.7757751025623781
9.202957153320312e-05,0.7758423565808057
9.202957153320312e-05,0.7759096105992334
9.202957153320312e-05,0.7759768646176609
9.202957153320312e-05,0.7760441186360885
9.202957153320312e-05,0.7761113726545161
9.202957153320312e-05,0.7761786266729437
9.202957153320312e-05,0.7762458806913713
9.202957153320312e-05,0.7763131347097989
9.202957153320312e-05,0.7763803887282266
9.202957153320312e-05,0.7764476427466541
9.202957153320312e-05,0.7765148967650817
9.202957153320312e-05,0.7765821507835093
9.202957153320312e-05,0.7766494048019369
9.202957153320312e-05,0.7767166588203646
9.202957153320312e-05,0.7767839128387921
9.202957153320312e-05,0.7768511668572197
9.202957153320312e-05,0.7769184208756473
9.202957153320312e-05,0.7769856748940749
9.202957153320312e-05,0.7770529289125025
9.202957153320312e-05,0.7771201829309301
9.202957153320312e-05,0.7771874369493578
9.202957153320312e-05,0.7772546909677853
9.202957153320312e-05,0.7773219449862129
9.202957153320312e-05,0.7773891990046405
9.202957153320312e-05,0.7774564530230681
9.202957153320312e-05,0.7775237070414958
9.202957153320312e-05,0.7775909610599233
9.202957153320312e-05,0.777658215078351
9.202957153320312e-05,0.7777254690967785
9.202957153320312e-05,0.7777927231152061
9.202957153320312e-05,0.7778599771336338
9.202957153320312e-05,0.7779272311520613
9.202957153320312e-05,0.777994485170489
9.202957153320312e-05,0.7780617391889165
9.202957153320312e-05,0.7781289932073442
9.202957153320312e-05,0.7781962472257717
9.202957153320312e-05,0.7782635012441993
9.202957153320312e-05,0.778330755262627
9.202957153320312e-05,0.7783980092810545
9.202957153320312e-05,0.7784652632994822
9.202957153320312e-05,0.7785325173179097
9.202957153320312e-05,0.7785997713363374
9.202957153320312e-05,0.778667025354765
9.202957153320312e-05,0.7787342793731925
9.202957153320312e-05,0.7788015333916202
9.202957153320312e-05,0.7788687874100477
9.202957153320312e-05,0.7789360414284754
9.202957153320312e-05,0.7790032954469029
9.202957153320312e-05,0.7790705494653306
9.202957153320312e-05,0.7791378034837582
9.202957153320312e-05,0.7792050575021857
9.202957153320312e-05,0.7792723115206134
9.202957153320312e-05,0.7793395655390409
9.226799011230469e-05,0.7794068195574686
9.226799011230469e-05,0.7794740735758962
9.226799011230469e-05,0.7795413275943237
9.226799011230469e-05,0.7796085816127514
9.226799011230469e-05,0.7796758356311789
9.226799011230469e-05,0.7797430896496066
9.226799011230469e-05,0.7798103436680341
9.226799011230469e-05,0.7798775976864618
9.226799011230469e-05,0.7799448517048894
9.226799011230469e-05,0.7800121057233169
9.226799011230469e-05,0.7800793597417446
9.226799011230469e-05,0.7801466137601721
9.226799011230469e-05,0.7802138677785998
9.226799011230469e-05,0.7802811217970274
9.226799011230469e-05,0.780348375815455
9.226799011230469e-05,0.7804156298338826
9.226799011230469e-05,0.7804828838523101
9.226799011230469e-05,0.7805501378707378
9.226799011230469e-05,0.7806173918891653
9.226799011230469e-05,0.780684645907593
9.226799011230469e-05,0.7807518999260206
9.226799011230469e-05,0.7808191539444482
9.226799011230469e-05,0.7808864079628758
9.226799011230469e-05,0.7809536619813033
9.226799011230469e-05,0.781020915999731
9.226799011230469e-05,0.7810881700181586
9.226799011230469e-05,0.7811554240365862
9.226799011230469e-05,0.7812226780550138
9.226799011230469e-05,0.7812899320734414
9.226799011230469e-05,0.781357186091869
9.226799011230469e-05,0.7814244401102965
9.226799011230469e-05,0.7814916941287242
9.226799011230469e-05,0.7815589481471518
9.226799011230469e-05,0.7816262021655794
9.226799011230469e-05,0.781693456184007
9.226799011230469e-05,0.7817607102024346
9.226799011230469e-05,0.7818279642208622
9.226799011230469e-05,0.7818952182392898
9.226799011230469e-05,0.7819624722577174
9.226799011230469e-05,0.782029726276145
9.226799011230469e-05,0.7820969802945726
9.226799011230469e-05,0.7821642343130002
9.226799011230469e-05,0.7822314883314277
9.226799011230469e-05,0.7822987423498554
9.226799011230469e-05,0.782365996368283
9.226799011230469e-05,0.7824332503867106
9.226799011230469e-05,0.7825005044051382
9.226799011230469e-05,0.7825677584235659
9.226799011230469e-05,0.7826350124419934
9.226799011230469e-05,0.782702266460421
9.226799011230469e-05,0.7827695204788486
9.226799011230469e-05,0.7828367744972762
9.226799011230469e-05,0.7829040285157038
9.226799011230469e-05,0.7829712825341314
9.226799011230469e-05,0.7830385365525591
9.226799011230469e-05,0.7831057905709866
9.226799011230469e-05,0.7831730445894142
9.226799011230469e-05,0.7832402986078418
9.226799011230469e-05,0.7833075526262694
9.226799011230469e-05,0.783374806644697
9.226799011230469e-05,0.7834420606631246
9.226799011230469e-05,0.7835093146815523
9.226799011230469e-05,0.7835765686999798
9.226799011230469e-05,0.7836438227184074
9.226799011230469e-05,0.783711076736835
9.226799011230469e-05,0.7837783307552626
9.226799011230469e-05,0.7838455847736903
9.226799011230469e-05,0.7839128387921178
9.226799011230469e-05,0.7839800928105455
9.226799011230469e-05,0.784047346828973
9.226799011230469e-05,0.7841146008474006
9.226799011230469e-05,0.7841818548658283
9.226799011230469e-05,0.7842491088842558
9.226799011230469e-05,0.7843163629026835
9.226799011230469e-05,0.784383616921111
9.226799011230469e-05,0.7844508709395387
9.226799011230469e-05,0.7845181249579662
9.226799011230469e-05,0.7845853789763938
9.226799011230469e-05,0.7846526329948215
9.226799011230469e-05,0.784719887013249
9.226799011230469e-05,0.7847871410316767
9.226799011230469e-05,0.7848543950501042
9.250640869140625e-05,0.7849216490685318
9.250640869140625e-05,0.7849889030869595
9.250640869140625e-05,0.785056157105387
9.250640869140625e-05,0.7851234111238147
9.250640869140625e-05,0.7851906651422422
9.250640869140625e-05,0.7852579191606699
9.250640869140625e-05,0.7853251731790974
9.250640869140625e-05,0.785392427197525
9.250640869140625e-05,0.7854596812159527
9.250640869140625e-05,0.7855269352343802
9.250640869140625e-05,0.7855941892528079
9.250640869140625e-05,0.7856614432712354
9.250640869140625e-05,0.7857286972896631
9.250640869140625e-05,0.7857959513080907
9.250640869140625e-05,0.7858632053265182
9.250640869140625e-05,0.7859304593449459
9.250640869140625e-05,0.7859977133633734
9.250640869140625e-05,0.7860649673818011
9.250640869140625e-05,0.7861322214002286
9.250640869140625e-05,0.7861994754186563
9.250640869140625e-05,0.7862667294370839
9.250640869140625e-05,0.7863339834555114
9.250640869140625e-05,0.7864012374739391
9.250640869140625e-05,0.7864684914923666
9.250640869140625e-05,0.7865357455107943
9.250640869140625e-05,0.7866029995292219
9.250640869140625e-05,0.7866702535476495
9.250640869140625e-05,0.7867375075660771
9.250640869140625e-05,0.7868047615845046
9.250640869140625e-05,0.7868720156029323
9.250640869140625e-05,0.7869392696213598
9.250640869140625e-05,0.7870065236397875
9.250640869140625e-05,0.7870737776582151
9.250640869140625e-05,0.7871410316766427
9.250640869140625e-05,0.7872082856950703
9.250640869140625e-05,0.7872755397134978
9.250640869140625e-05,0.7873427937319255
9.250640869140625e-05,0.7874100477503531
9.250640869140625e-05,0.7874773017687807
9.250640869140625e-05,0.7875445557872083
9.250640869140625e-05,0.7876118098056358
9.250640869140625e-05,0.7876790638240635
9.250640869140625e-05,0.787746317842491
9.250640869140625e-05,0.7878135718609187
9.250640869140625e-05,0.7878808258793463
9.250640869140625e-05,0.7879480798977739
9.250640869140625e-05,0.7880153339162015
9.250640869140625e-05,0.788082587934629
9.250640869140625e-05,0.7881498419530567
9.250640869140625e-05,0.7882170959714843
9.250640869140625e-05,0.7882843499899119
9.250640869140625e-05,0.7883516040083395
9.250640869140625e-05,0.7884188580267671
9.250640869140625e-05,0.7884861120451947
9.250640869140625e-05,0.7885533660636223
9.250640869140625e-05,0.7886206200820499
9.250640869140625e-05,0.7886878741004775
9.250640869140625e-05,0.7887551281189051
9.250640869140625e-05,0.7888223821373327
9.250640869140625e-05,0.7888896361557604
9.250640869140625e-05,0.7889568901741879
9.250640869140625e-05,0.7890241441926155
9.274482727050781e-05,0.7890913982110431
9.274482727050781e-05,0.7891586522294707
9.274482727050781e-05,0.7892259062478983
9.274482727050781e-05,0.7892931602663259
9.274482727050781e-05,0.7893604142847536
9.274482727050781e-05,0.7894276683031811
9.274482727050781e-05,0.7894949223216087
9.274482727050781e-05,0.7895621763400363
9.274482727050781e-05,0.7896294303584639
9.274482727050781e-05,0.7896966843768916
9.274482727050781e-05,0.7897639383953191
9.274482727050781e-05,0.7898311924137468
9.274482727050781e-05,0.7898984464321743
9.274482727050781e-05,0.7899657004506019
9.274482727050781e-05,0.7900329544690295
9.274482727050781e-05,0.7901002084874571
9.274482727050781e-05,0.7901674625058848
9.274482727050781e-05,0.7902347165243123
9.274482727050781e-05,0.7903019705427399
9.274482727050781e-05,0.7903692245611675
9.274482727050781e-05,0.7904364785795951
9.274482727050781e-05,0.7905037325980228
9.274482727050781e-05,0.7905709866164503
9.274482727050781e-05,0.790638240634878
9.274482727050781e-05,0.7907054946533055
9.274482727050781e-05,0.7907727486717331
9.274482727050781e-05,0.7908400026901607
9.274482727050781e-05,0.7909072567085883
9.274482727050781e-05,0.790974510727016
9.274482727050781e-05,0.7910417647454435
9.274482727050781e-05,0.7911090187638712
9.274482727050781e-05,0.7911762727822987
9.274482727050781e-05,0.7912435268007263
9.274482727050781e-05,0.791310780819154
9.274482727050781e-05,0.7913780348375815
9.274482727050781e-05,0.7914452888560092
9.274482727050781e-05,0.7915125428744367
9.274482727050781e-05,0.7915797968928644
9.274482727050781e-05,0.791647050911292
9.274482727050781e-05,0.7917143049297195
9.274482727050781e-05,0.7917815589481472
9.274482727050781e-05,0.7918488129665747
9.274482727050781e-05,0.7919160669850024
9.274482727050781e-05,0.7919833210034299
9.274482727050781e-05,0.7920505750218576
9.274482727050781e-05,0.7921178290402852
9.274482727050781e-05,0.7921850830587127
9.274482727050781e-05,0.7922523370771404
9.274482727050781e-05,0.7923195910955679
9.274482727050781e-05,0.7923868451139956
9.274482727050781e-05,0.7924540991324232
9.274482727050781e-05,0.7925213531508508
9.274482727050781e-05,0.7925886071692784
9.274482727050781e-05,0.7926558611877059
9.274482727050781e-05,0.7927231152061336
9.274482727050781e-05,0.7927903692245611
9.274482727050781e-05,0.7928576232429888
9.274482727050781e-05,0.7929248772614164
9.274482727050781e-05,0.792992131279844
9.274482727050781e-05,0.7930593852982716
9.274482727050781e-05,0.7931266393166991
9.274482727050781e-05,0.7931938933351268
9.274482727050781e-05,0.7932611473535544
9.274482727050781e-05,0.793328401371982
9.274482727050781e-05,0.7933956553904096
9.298324584960938e-05,0.7934629094088371
9.298324584960938e-05,0.7935301634272648
9.298324584960938e-05,0.7935974174456923
9.298324584960938e-05,0.79366467146412
9.298324584960938e-05,0.7937319254825476
9.298324584960938e-05,0.7937991795009752
9.298324584960938e-05,0.7938664335194028
9.298324584960938e-05,0.7939336875378303
9.298324584960938e-05,0.794000941556258
9.298324584960938e-05,0.7940681955746856
9.298324584960938e-05,0.7941354495931132
9.298324584960938e-05,0.7942027036115408
9.298324584960938e-05,0.7942699576299684
9.298324584960938e-05,0.794337211648396
9.298324584960938e-05,0.7944044656668235
9.298324584960938e-05,0.7944717196852512
9.298324584960938e-05,0.7945389737036788
9.298324584960938e-05,0.7946062277221064
9.298324584960938e-05,0.794673481740534
9.298324584960938e-05,0.7947407357589616
9.298324584960938e-05,0.7948079897773892
9.298324584960938e-05,0.7948752437958168
9.298324584960938e-05,0.7949424978142444
9.298324584960938e-05,0.795009751832672
9.298324584960938e-05,0.7950770058510996
9.298324584960938e-05,0.7951442598695272
9.298324584960938e-05,0.7952115138879549
9.298324584960938e-05,0.7952787679063824
9.298324584960938e-05,0.79534602192481
9.298324584960938e-05,0.7954132759432376
9.298324584960938e-05,0.7954805299616652
9.298324584960938e-05,0.7955477839800928
9.298324584960938e-05,0.7956150379985204
9.298324584960938e-05,0.7956822920169481
9.298324584960938e-05,0.7957495460353756
9.298324584960938e-05,0.7958168000538032
9.298324584960938e-05,0.7958840540722308
9.298324584960938e-05,0.7959513080906584
9.298324584960938e-05,0.7960185621090861
9.298324584960938e-05,0.7960858161275136
9.298324584960938e-05,0.7961530701459412
9.298324584960938e-05,0.7962203241643688
9.298324584960938e-05,0.7962875781827964
9.298324584960938e-05,0.796354832201224
9.298324584960938e-05,0.7964220862196516
9.298324584960938e-05,0.7964893402380793
9.298324584960938e-05,0.7965565942565068
9.298324584960938e-05,0.7966238482749344
9.298324584960938e-05,0.796691102293362
9.322166442871094e-05,0.7967583563117896
9.322166442871094e-05,0.7968256103302173
9.322166442871094e-05,0.7968928643486448
9.322166442871094e-05,0.7969601183670725
9.322166442871094e-05,0.7970273723855
9.322166442871094e-05,0.7970946264039276
9.322166442871094e-05,0.7971618804223553
9.322166442871094e-05,0.7972291344407828
9.322166442871094e-05,0.7972963884592105
9.322166442871094e-05,0.797363642477638
9.322166442871094e-05,0.7974308964960657
9.322166442871094e-05,0.7974981505144932
9.322166442871094e-05,0.7975654045329208
9.322166442871094e-05,0.7976326585513485
9.322166442871094e-05,0.797699912569776
9.322166442871094e-05,0.7977671665882037
9.322166442871094e-05,0.7978344206066312
9.322166442871094e-05,0.7979016746250589
9.322166442871094e-05,0.7979689286434865
9.322166442871094e-05,0.798036182661914
9.322166442871094e-05,0.7981034366803417
9.322166442871094e-05,0.7981706906987692
9.322166442871094e-05,0.7982379447171969
9.322166442871094e-05,0.7983051987356244
9.322166442871094e-05,0.7983724527540521
9.322166442871094e-05,0.7984397067724797
9.322166442871094e-05,0.7985069607909072
9.322166442871094e-05,0.7985742148093349
9.322166442871094e-05,0.7986414688277624
9.322166442871094e-05,0.7987087228461901
9.322166442871094e-05,0.7987759768646177
9.322166442871094e-05,0.7988432308830452
9.322166442871094e-05,0.7989104849014729
9.322166442871094e-05,0.7989777389199004
9.322166442871094e-05,0.7990449929383281
9.322166442871094e-05,0.7991122469567556
9.322166442871094e-05,0.7991795009751833
9.322166442871094e-05,0.7992467549936109
9.322166442871094e-05,0.7993140090120384
9.322166442871094e-05,0.7993812630304661
9.322166442871094e-05,0.7994485170488936
9.322166442871094e-05,0.7995157710673213
9.322166442871094e-05,0.7995830250857489
9.322166442871094e-05,0.7996502791041765
9.322166442871094e-05,0.7997175331226041
9.322166442871094e-05,0.7997847871410316
9.322166442871094e-05,0.7998520411594593
9.322166442871094e-05,0.7999192951778868
9.322166442871094e-05,0.7999865491963145
9.322166442871094e-05,0.8000538032147421
9.322166442871094e-05,0.8001210572331697
9.322166442871094e-05,0.8001883112515973
9.322166442871094e-05,0.8002555652700248
9.322166442871094e-05,0.8003228192884525
9.322166442871094e-05,0.8003900733068801
9.322166442871094e-05,0.8004573273253077
9.322166442871094e-05,0.8005245813437353
9.322166442871094e-05,0.8005918353621629
9.322166442871094e-05,0.8006590893805905
9.322166442871094e-05,0.800726343399018
9.322166442871094e-05,0.8007935974174457
9.322166442871094e-05,0.8008608514358733
9.322166442871094e-05,0.8009281054543009
9.322166442871094e-05,0.8009953594727285
9.322166442871094e-05,0.8010626134911562
9.322166442871094e-05,0.8011298675095837
9.322166442871094e-05,0.8011971215280113
9.322166442871094e-05,0.8012643755464389
9.322166442871094e-05,0.8013316295648665
9.322166442871094e-05,0.8013988835832941
9.322166442871094e-05,0.8014661376017217
9.34600830078125e-05,0.8015333916201492
9.34600830078125e-05,0.8016006456385769
9.34600830078125e-05,0.8016678996570045
9.34600830078125e-05,0.8017351536754321
9.34600830078125e-05,0.8018024076938597
9.34600830078125e-05,0.8018696617122874
9.34600830078125e-05,0.8019369157307149
9.34600830078125e-05,0.8020041697491425
9.34600830078125e-05,0.8020714237675701
9.34600830078125e-05,0.8021386777859977
9.34600830078125e-05,0.8022059318044253
9.34600830078125e-05,0.8022731858228529
9.34600830078125e-05,0.8023404398412806
9.34600830078125e-05,0.8024076938597081
9.34600830078125e-05,0.8024749478781357
9.34600830078125e-05,0.8025422018965633
9.34600830078125e-05,0.8026094559149909
9.34600830078125e-05,0.8026767099334186
9.34600830078125e-05,0.8027439639518461
9.34600830078125e-05,0.8028112179702738
9.34600830078125e-05,0.8028784719887013
9.34600830078125e-05,0.8029457260071289
9.34600830078125e-05,0.8030129800255565
9.34600830078125e-05,0.8030802340439841
9.34600830078125e-05,0.8031474880624118
9.34600830078125e-05,0.8032147420808393
9.34600830078125e-05,0.803281996099267
9.34600830078125e-05,0.8033492501176945
9.34600830078125e-05,0.8034165041361221
9.34600830078125e-05,0.8034837581545498
9.34600830078125e-05,0.8035510121729773
9.34600830078125e-05,0.803618266191405
9.34600830078125e-05,0.8036855202098325
9.34600830078125e-05,0.8037527742282602
9.34600830078125e-05,0.8038200282466877
9.34600830078125e-05,0.8038872822651153
9.34600830078125e-05,0.803954536283543
9.34600830078125e-05,0.8040217903019705
9.34600830078125e-05,0.8040890443203982
9.34600830078125e-05,0.8041562983388257
9.34600830078125e-05,0.8042235523572533
9.34600830078125e-05,0.804290806375681
9.34600830078125e-05,0.8043580603941085
9.34600830078125e-05,0.8044253144125362
9.34600830078125e-05,0.8044925684309637
9.34600830078125e-05,0.8045598224493914
9.34600830078125e-05,0.804627076467819
9.34600830078125e-05,0.8046943304862465
9.34600830078125e-05,0.8047615845046742
9.34600830078125e-05,0.8048288385231017
9.34600830078125e-05,0.8048960925415294
9.34600830078125e-05,0.8049633465599569
9.34600830078125e-05,0.8050306005783846
9.34600830078125e-05,0.8050978545968122
9.34600830078125e-05,0.8051651086152397
9.34600830078125e-05,0.8052323626336674
9.34600830078125e-05,0.8052996166520949
9.34600830078125e-05,0.8053668706705226
9.34600830078125e-05,0.8054341246889501
9.34600830078125e-05,0.8055013787073778
9.34600830078125e-05,0.8055686327258054
9.34600830078125e-05,0.8056358867442329
9.369850158691406e-05,0.8057031407626606
9.369850158691406e-05,0.8057703947810881
9.369850158691406e-05,0.8058376487995158
9.369850158691406e-05,0.8059049028179434
9.369850158691406e-05,0.805972156836371
9.369850158691406e-05,0.8060394108547986
9.369850158691406e-05,0.8061066648732261
9.369850158691406e-05,0.8061739188916538
9.369850158691406e-05,0.8062411729100813
9.369850158691406e-05,0.806308426928509
9.369850158691406e-05,0.8063756809469366
9.369850158691406e-05,0.8064429349653642
9.369850158691406e-05,0.8065101889837918
9.369850158691406e-05,0.8065774430022193
9.369850158691406e-05,0.806644697020647
9.369850158691406e-05,0.8067119510390746
9.369850158691406e-05,0.8067792050575022
9.369850158691406e-05,0.8068464590759298
9.369850158691406e-05,0.8069137130943574
9.369850158691406e-05,0.806980967112785
9.369850158691406e-05,0.8070482211312126
9.369850158691406e-05,0.8071154751496402
9.369850158691406e-05,0.8071827291680678
9.369850158691406e-05,0.8072499831864954
9.369850158691406e-05,0.807317237204923
9.369850158691406e-05,0.8073844912233505
9.369850158691406e-05,0.8074517452417782
9.369850158691406e-05,0.8075189992602058
9.369850158691406e-05,0.8075862532786334
9.369850158691406e-05,0.807653507297061
9.369850158691406e-05,0.8077207613154886
9.369850158691406e-05,0.8077880153339162
9.369850158691406e-05,0.8078552693523438
9.369850158691406e-05,0.8079225233707714
9.369850158691406e-05,0.807989777389199
9.369850158691406e-05,0.8080570314076266
9.369850158691406e-05,0.8081242854260542
9.369850158691406e-05,0.8081915394444819
9.369850158691406e-05,0.8082587934629094
9.369850158691406e-05,0.808326047481337
9.369850158691406e-05,0.8083933014997646
9.369850158691406e-05,0.8084605555181922
9.369850158691406e-05,0.8085278095366198
9.369850158691406e-05,0.8085950635550474
9.369850158691406e-05,0.8086623175734751
9.369850158691406e-05,0.8087295715919026
9.369850158691406e-05,0.8087968256103302
9.369850158691406e-05,0.8088640796287578
9.369850158691406e-05,0.8089313336471854
9.369850158691406e-05,0.8089985876656131
9.369850158691406e-05,0.8090658416840406
9.369850158691406e-05,0.8091330957024683
9.369850158691406e-05,0.8092003497208958
9.369850158691406e-05,0.8092676037393234
9.369850158691406e-05,0.809334857757751
9.369850158691406e-05,0.8094021117761786
9.369850158691406e-05,0.8094693657946063
9.369850158691406e-05,0.8095366198130338
9.369850158691406e-05,0.8096038738314615
9.369850158691406e-05,0.809671127849889
9.369850158691406e-05,0.8097383818683166
9.369850158691406e-05,0.8098056358867443
9.369850158691406e-05,0.8098728899051718
9.369850158691406e-05,0.8099401439235995
9.369850158691406e-05,0.810007397942027
9.369850158691406e-05,0.8100746519604546
9.369850158691406e-05,0.8101419059788822
9.369850158691406e-05,0.8102091599973098
9.369850158691406e-05,0.8102764140157375
9.369850158691406e-05,0.810343668034165
9.393692016601562e-05,0.8104109220525927
9.393692016601562e-05,0.8104781760710202
9.393692016601562e-05,0.8105454300894478
9.393692016601562e-05,0.8106126841078755
9.393692016601562e-05,0.810679938126303
9.393692016601562e-05,0.8107471921447307
9.393692016601562e-05,0.8108144461631582
9.393692016601562e-05,0.8108817001815859
9.393692016601562e-05,0.8109489542000134
9.393692016601562e-05,0.811016208218441
9.393692016601562e-05,0.8110834622368687
9.393692016601562e-05,0.8111507162552962
9.393692016601562e-05,0.8112179702737239
9.393692016601562e-05,0.8112852242921514
9.393692016601562e-05,0.8113524783105791
9.393692016601562e-05,0.8114197323290067
9.393692016601562e-05,0.8114869863474342
9.393692016601562e-05,0.8115542403658619
9.393692016601562e-05,0.8116214943842894
9.393692016601562e-05,0.8116887484027171
9.393692016601562e-05,0.8117560024211447
9.393692016601562e-05,0.8118232564395723
9.393692016601562e-05,0.8118905104579999
9.393692016601562e-05,0.8119577644764274
9.393692016601562e-05,0.8120250184948551
9.393692016601562e-05,0.8120922725132826
9.393692016601562e-05,0.8121595265317103
9.393692016601562e-05,0.8122267805501379
9.393692016601562e-05,0.8122940345685655
9.393692016601562e-05,0.8123612885869931
9.393692016601562e-05,0.8124285426054206
9.393692016601562e-05,0.8124957966238483
9.393692016601562e-05,0.8125630506422759
9.393692016601562e-05,0.8126303046607035
9.393692016601562e-05,0.8126975586791311
9.393692016601562e-05,0.8127648126975586
9.393692016601562e-05,0.8128320667159863
9.393692016601562e-05,0.8128993207344138
9.393692016601562e-05,0.8129665747528415
9.393692016601562e-05,0.8130338287712691
9.393692016601562e-05,0.8131010827896967
9.393692016601562e-05,0.8131683368081243
9.393692016601562e-05,0.8132355908265518
9.393692016601562e-05,0.8133028448449795
9.393692016601562e-05,0.813370098863407
9.393692016601562e-05,0.8134373528818347
9.393692016601562e-05,0.8135046069002623
9.393692016601562e-05,0.8135718609186899
9.393692016601562e-05,0.8136391149371175
9.393692016601562e-05,0.813706368955545
9.393692016601562e-05,0.8137736229739727
9.393692016601562e-05,0.8138408769924003
9.393692016601562e-05,0.8139081310108279
9.393692016601562e-05,0.8139753850292555
9.393692016601562e-05,0.8140426390476831
9.393692016601562e-05,0.8141098930661107
9.393692016601562e-05,0.8141771470845383
9.393692016601562e-05,0.8142444011029659
9.393692016601562e-05,0.8143116551213935
9.393692016601562e-05,0.8143789091398211
9.393692016601562e-05,0.8144461631582487
9.393692016601562e-05,0.8145134171766764
9.393692016601562e-05,0.8145806711951039
9.393692016601562e-05,0.8146479252135315
9.393692016601562e-05,0.8147151792319591
9.393692016601562e-05,0.8147824332503867
9.393692016601562e-05,0.8148496872688143
9.393692016601562e-05,0.8149169412872419
9.393692016601562e-05,0.8149841953056696
9.393692016601562e-05,0.8150514493240971
9.393692016601562e-05,0.8151187033425247
9.393692016601562e-05,0.8151859573609523
9.393692016601562e-05,0.8152532113793799
9.393692016601562e-05,0.8153204653978076
9.393692016601562e-05,0.8153877194162351
9.393692016601562e-05,0.8154549734346627
9.393692016601562e-05,0.8155222274530903
9.393692016601562e-05,0.8155894814715179
9.393692016601562e-05,0.8156567354899456
9.393692016601562e-05,0.8157239895083731
9.393692016601562e-05,0.8157912435268008
9.393692016601562e-05,0.8158584975452283
9.393692016601562e-05,0.8159257515636559
9.393692016601562e-05,0.8159930055820835
9.393692016601562e-05,0.8160602596005111
9.417533874511719e-05,0.8161275136189388
9.417533874511719e-05,0.8161947676373663
9.417533874511719e-05,0.816262021655794
9.417533874511719e-05,0.8163292756742215
9.417533874511719e-05,0.8163965296926491
9.417533874511719e-05,0.8164637837110768
9.417533874511719e-05,0.8165310377295043
9.417533874511719e-05,0.816598291747932
9.417533874511719e-05,0.8166655457663595
9.417533874511719e-05,0.8167327997847872
9.417533874511719e-05,0.8168000538032147
9.417533874511719e-05,0.8168673078216423
9.417533874511719e-05,0.81693456184007
9.417533874511719e-05,0.8170018158584975
9.417533874511719e-05,0.8170690698769252
9.417533874511719e-05,0.8171363238953527
9.417533874511719e-05,0.8172035779137804
9.417533874511719e-05,0.817270831932208
9.417533874511719e-05,0.8173380859506355
9.417533874511719e-05,0.8174053399690632
9.417533874511719e-05,0.8174725939874907
9.417533874511719e-05,0.8175398480059184
9.417533874511719e-05,0.8176071020243459
9.417533874511719e-05,0.8176743560427736
9.417533874511719e-05,0.8177416100612012
9.417533874511719e-05,0.8178088640796287
9.417533874511719e-05,0.8178761180980564
9.417533874511719e-05,0.8179433721164839
9.417533874511719e-05,0.8180106261349116
9.417533874511719e-05,0.8180778801533392
9.417533874511719e-05,0.8181451341717667
9.417533874511719e-05,0.8182123881901944
9.417533874511719e-05,0.8182796422086219
9.417533874511719e-05,0.8183468962270496
9.417533874511719e-05,0.8184141502454771
9.417533874511719e-05,0.8184814042639048
9.417533874511719e-05,0.8185486582823324
9.417533874511719e-05,0.8186159123007599
9.417533874511719e-05,0.8186831663191876
9.417533874511719e-05,0.8187504203376151
9.417533874511719e-05,0.8188176743560428
9.417533874511719e-05,0.8188849283744704
9.417533874511719e-05,0.818952182392898
9.417533874511719e-05,0.8190194364113256
9.417533874511719e-05,0.8190866904297531
9.417533874511719e-05,0.8191539444481808
9.417533874511719e-05,0.8192211984666083
9.417533874511719e-05,0.819288452485036
9.417533874511719e-05,0.8193557065034636
9.417533874511719e-05,0.8194229605218912
9.417533874511719e-05,0.8194902145403188
9.417533874511719e-05,0.8195574685587463
9.417533874511719e-05,0.819624722577174
9.417533874511719e-05,0.8196919765956016
9.417533874511719e-05,0.8197592306140292
9.417533874511719e-05,0.8198264846324568
9.417533874511719e-05,0.8198937386508844
9.417533874511719e-05,0.819960992669312
9.417533874511719e-05,0.8200282466877395
9.417533874511719e-05,0.8200955007061672
9.417533874511719e-05,0.8201627547245948
9.417533874511719e-05,0.8202300087430224
9.417533874511719e-05,0.82029726276145
9.417533874511719e-05,0.8203645167798777
9.417533874511719e-05,0.8204317707983052
9.417533874511719e-05,0.8204990248167328
9.417533874511719e-05,0.8205662788351604
9.417533874511719e-05,0.820633532853588
9.417533874511719e-05,0.8207007868720156
9.417533874511719e-05,0.8207680408904432
9.417533874511719e-05,0.8208352949088707
9.417533874511719e-05,0.8209025489272984
9.417533874511719e-05,0.820969802945726
9.417533874511719e-05,0.8210370569641536
9.417533874511719e-05,0.8211043109825812
9.417533874511719e-05,0.8211715650010089
9.417533874511719e-05,0.8212388190194364
9.417533874511719e-05,0.821306073037864
9.417533874511719e-05,0.8213733270562916
9.417533874511719e-05,0.8214405810747192
9.441375732421875e-05,0.8215078350931468
9.441375732421875e-05,0.8215750891115744
9.441375732421875e-05,0.8216423431300021
9.441375732421875e-05,0.8217095971484296
9.441375732421875e-05,0.8217768511668572
9.441375732421875e-05,0.8218441051852848
9.441375732421875e-05,0.8219113592037124
9.441375732421875e-05,0.82197861322214
9.441375732421875e-05,0.8220458672405676
9.441375732421875e-05,0.8221131212589953
9.441375732421875e-05,0.8221803752774228
9.441375732421875e-05,0.8222476292958504
9.441375732421875e-05,0.822314883314278
9.441375732421875e-05,0.8223821373327056
9.441375732421875e-05,0.8224493913511333
9.441375732421875e-05,0.8225166453695608
9.441375732421875e-05,0.8225838993879885
9.441375732421875e-05,0.822651153406416
9.441375732421875e-05,0.8227184074248436
9.441375732421875e-05,0.8227856614432713
9.441375732421875e-05,0.8228529154616988
9.441375732421875e-05,0.8229201694801265
9.441375732421875e-05,0.822987423498554
9.441375732421875e-05,0.8230546775169817
9.441375732421875e-05,0.8231219315354092
9.441375732421875e-05,0.8231891855538368
9.441375732421875e-05,0.8232564395722645
9.441375732421875e-05,0.823323693590692
9.441375732421875e-05,0.8233909476091197
9.441375732421875e-05,0.8234582016275472
9.441375732421875e-05,0.8235254556459749
9.441375732421875e-05,0.8235927096644025
9.441375732421875e-05,0.82365996368283
9.441375732421875e-05,0.8237272177012577
9.441375732421875e-05,0.8237944717196852
9.441375732421875e-05,0.8238617257381129
9.441375732421875e-05,0.8239289797565404
9.441375732421875e-05,0.823996233774968
9.441375732421875e-05,0.8240634877933957
9.441375732421875e-05,0.8241307418118232
9.441375732421875e-05,0.8241979958302509
9.441375732421875e-05,0.8242652498486784
9.441375732421875e-05,0.8243325038671061
9.441375732421875e-05,0.8243997578855337
9.441375732421875e-05,0.8244670119039612
9.441375732421875e-05,0.8245342659223889
9.441375732421875e-05,0.8246015199408164
9.441375732421875e-05,0.8246687739592441
9.441375732421875e-05,0.8247360279776716
9.441375732421875e-05,0.8248032819960993
9.441375732421875e-05,0.8248705360145269
9.441375732421875e-05,0.8249377900329544
9.441375732421875e-05,0.8250050440513821
9.441375732421875e-05,0.8250722980698096
9.441375732421875e-05,0.8251395520882373
9.441375732421875e-05,0.8252068061066649
9.441375732421875e-05,0.8252740601250925
9.441375732421875e-05,0.8253413141435201
9.441375732421875e-05,0.8254085681619476
9.441375732421875e-05,0.8254758221803753
9.441375732421875e-05,0.8255430761988028
9.441375732421875e-05,0.8256103302172305
9.441375732421875e-05,0.8256775842356581
9.441375732421875e-05,0.8257448382540857
9.441375732421875e-05,0.8258120922725133
9.441375732421875e-05,0.8258793462909408
9.441375732421875e-05,0.8259466003093685
9.441375732421875e-05,0.8260138543277961
9.465217590332031e-05,0.8260811083462237
9.465217590332031e-05,0.8261483623646513
9.465217590332031e-05,0.8262156163830789
9.465217590332031e-05,0.8262828704015065
9.465217590332031e-05,0.826350124419934
9.465217590332031e-05,0.8264173784383617
9.465217590332031e-05,0.8264846324567893
9.465217590332031e-05,0.8265518864752169
9.465217590332031e-05,0.8266191404936445
9.465217590332031e-05,0.826686394512072
9.465217590332031e-05,0.8267536485304997
9.465217590332031e-05,0.8268209025489273
9.465217590332031e-05,0.8268881565673549
9.465217590332031e-05,0.8269554105857825
9.465217590332031e-05,0.8270226646042101
9.465217590332031e-05,0.8270899186226377
9.465217590332031e-05,0.8271571726410653
9.465217590332031e-05,0.8272244266594929
9.465217590332031e-05,0.8272916806779205
9.465217590332031e-05,0.8273589346963481
9.465217590332031e-05,0.8274261887147757
9.465217590332031e-05,0.8274934427332034
9.465217590332031e-05,0.8275606967516309
9.465217590332031e-05,0.8276279507700585
9.465217590332031e-05,0.8276952047884861
9.465217590332031e-05,0.8277624588069137
9.465217590332031e-05,0.8278297128253413
9.465217590332031e-05,0.8278969668437689
9.465217590332031e-05,0.8279642208621966
9.465217590332031e-05,0.8280314748806241
9.465217590332031e-05,0.8280987288990517
9.465217590332031e-05,0.8281659829174793
9.465217590332031e-05,0.8282332369359069
9.465217590332031e-05,0.8283004909543346
9.465217590332031e-05,0.8283677449727621
9.465217590332031e-05,0.8284349989911898
9.465217590332031e-05,0.8285022530096173
9.465217590332031e-05,0.8285695070280449
9.465217590332031e-05,0.8286367610464725
9.465217590332031e-05,0.8287040150649001
9.465217590332031e-05,0.8287712690833278
9.465217590332031e-05,0.8288385231017553
9.465217590332031e-05,0.828905777120183
9.465217590332031e-05,0.8289730311386105
9.465217590332031e-05,0.8290402851570381
9.465217590332031e-05,0.8291075391754658
9.465217590332031e-05,0.8291747931938933
9.465217590332031e-05,0.829242047212321
9.465217590332031e-05,0.8293093012307485
9.465217590332031e-05,0.8293765552491761
9.465217590332031e-05,0.8294438092676037
9.465217590332031e-05,0.8295110632860313
9.465217590332031e-05,0.829578317304459
9.465217590332031e-05,0.8296455713228865
9.465217590332031e-05,0.8297128253413142
9.465217590332031e-05,0.8297800793597417
9.465217590332031e-05,0.8298473333781693
9.465217590332031e-05,0.829914587396597
9.465217590332031e-05,0.8299818414150245
9.465217590332031e-05,0.8300490954334522
9.465217590332031e-05,0.8301163494518797
9.465217590332031e-05,0.8301836034703074
9.465217590332031e-05,0.830250857488735
9.465217590332031e-05,0.8303181115071625
9.465217590332031e-05,0.8303853655255902
9.465217590332031e-05,0.8304526195440177
9.465217590332031e-05,0.8305198735624454
9.465217590332031e-05,0.8305871275808729
9.465217590332031e-05,0.8306543815993006
9.465217590332031e-05,0.8307216356177282
9.465217590332031e-05,0.8307888896361557
9.489059448242188e-05,0.8308561436545834
9.489059448242188e-05,0.8309233976730109
9.489059448242188e-05,0.8309906516914386
9.489059448242188e-05,0.8310579057098662
9.489059448242188e-05,0.8311251597282938
9.489059448242188e-05,0.8311924137467214
9.489059448242188e-05,0.8312596677651489
9.489059448242188e-05,0.8313269217835766
9.489059448242188e-05,0.8313941758020041
9.489059448242188e-05,0.8314614298204318
9.489059448242188e-05,0.8315286838388594
9.489059448242188e-05,0.831595937857287
9.489059448242188e-05,0.8316631918757146
9.489059448242188e-05,0.8317304458941421
9.489059448242188e-05,0.8317976999125698
9.489059448242188e-05,0.8318649539309974
9.489059448242188e-05,0.831932207949425
9.489059448242188e-05,0.8319994619678526
9.489059448242188e-05,0.8320667159862801
9.489059448242188e-05,0.8321339700047078
9.489059448242188e-05,0.8322012240231353
9.489059448242188e-05,0.832268478041563
9.489059448242188e-05,0.8323357320599906
9.489059448242188e-05,0.8324029860784182
9.489059448242188e-05,0.8324702400968458
9.489059448242188e-05,0.8325374941152733
9.489059448242188e-05,0.832604748133701
9.489059448242188e-05,0.8326720021521286
9.489059448242188e-05,0.8327392561705562
9.489059448242188e-05,0.8328065101889838
9.489059448242188e-05,0.8328737642074114
9.489059448242188e-05,0.832941018225839
9.489059448242188e-05,0.8330082722442665
9.489059448242188e-05,0.8330755262626942
9.489059448242188e-05,0.8331427802811218
9.489059448242188e-05,0.8332100342995494
9.489059448242188e-05,0.833277288317977
9.489059448242188e-05,0.8333445423364046
9.489059448242188e-05,0.8334117963548322
9.489059448242188e-05,0.8334790503732598
9.489059448242188e-05,0.8335463043916874
9.489059448242188e-05,0.833613558410115
9.489059448242188e-05,0.8336808124285426
9.489059448242188e-05,0.8337480664469702
9.489059448242188e-05,0.8338153204653979
9.489059448242188e-05,0.8338825744838254
9.489059448242188e-05,0.833949828502253
9.489059448242188e-05,0.8340170825206806
9.489059448242188e-05,0.8340843365391082
9.489059448242188e-05,0.8341515905575358
9.489059448242188e-05,0.8342188445759634
9.489059448242188e-05,0.8342860985943911
9.489059448242188e-05,0.8343533526128186
9.489059448242188e-05,0.8344206066312462
9.489059448242188e-05,0.8344878606496738
9.489059448242188e-05,0.8345551146681014
9.489059448242188e-05,0.8346223686865291
9.489059448242188e-05,0.8346896227049566
9.489059448242188e-05,0.8347568767233842
9.489059448242188e-05,0.8348241307418118
9.489059448242188e-05,0.8348913847602394
9.489059448242188e-05,0.834958638778667
9.489059448242188e-05,0.8350258927970946
9.489059448242188e-05,0.8350931468155223
9.512901306152344e-05,0.8351604008339498
9.512901306152344e-05,0.8352276548523774
9.512901306152344e-05,0.835294908870805
9.512901306152344e-05,0.8353621628892326
9.512901306152344e-05,0.8354294169076603
9.512901306152344e-05,0.8354966709260878
9.512901306152344e-05,0.8355639249445155
9.512901306152344e-05,0.835631178962943
9.512901306152344e-05,0.8356984329813706
9.512901306152344e-05,0.8357656869997983
9.512901306152344e-05,0.8358329410182258
9.512901306152344e-05,0.8359001950366535
9.512901306152344e-05,0.835967449055081
9.512901306152344e-05,0.8360347030735087
9.512901306152344e-05,0.8361019570919362
9.512901306152344e-05,0.8361692111103638
9.512901306152344e-05,0.8362364651287915
9.512901306152344e-05,0.836303719147219
9.512901306152344e-05,0.8363709731656467
9.512901306152344e-05,0.8364382271840742
9.512901306152344e-05,0.8365054812025019
9.512901306152344e-05,0.8365727352209295
9.512901306152344e-05,0.836639989239357
9.512901306152344e-05,0.8367072432577847
9.512901306152344e-05,0.8367744972762122
9.512901306152344e-05,0.8368417512946399
9.512901306152344e-05,0.8369090053130674
9.512901306152344e-05,0.8369762593314951
9.512901306152344e-05,0.8370435133499227
9.512901306152344e-05,0.8371107673683502
9.512901306152344e-05,0.8371780213867779
9.512901306152344e-05,0.8372452754052054
9.512901306152344e-05,0.8373125294236331
9.512901306152344e-05,0.8373797834420607
9.512901306152344e-05,0.8374470374604883
9.512901306152344e-05,0.8375142914789159
9.512901306152344e-05,0.8375815454973434
9.512901306152344e-05,0.8376487995157711
9.512901306152344e-05,0.8377160535341986
9.512901306152344e-05,0.8377833075526263
9.512901306152344e-05,0.8378505615710539
9.512901306152344e-05,0.8379178155894814
9.512901306152344e-05,0.8379850696079091
9.512901306152344e-05,0.8380523236263366
9.512901306152344e-05,0.8381195776447643
9.512901306152344e-05,0.8381868316631919
9.512901306152344e-05,0.8382540856816195
9.512901306152344e-05,0.8383213397000471
9.512901306152344e-05,0.8383885937184746
9.512901306152344e-05,0.8384558477369023
9.512901306152344e-05,0.8385231017553298
9.512901306152344e-05,0.8385903557737575
9.512901306152344e-05,0.8386576097921851
9.512901306152344e-05,0.8387248638106127
9.512901306152344e-05,0.8387921178290403
9.512901306152344e-05,0.8388593718474678
9.512901306152344e-05,0.8389266258658955
9.512901306152344e-05,0.8389938798843231
9.512901306152344e-05,0.8390611339027507
9.512901306152344e-05,0.8391283879211783
9.512901306152344e-05,0.8391956419396059
9.512901306152344e-05,0.8392628959580335
9.512901306152344e-05,0.839330149976461
9.512901306152344e-05,0.8393974039948887
9.512901306152344e-05,0.8394646580133163
9.512901306152344e-05,0.8395319120317439
9.512901306152344e-05,0.8395991660501715
9.512901306152344e-05,0.8396664200685992
9.512901306152344e-05,0.8397336740870267
9.5367431640625e-05,0.8398009281054543
9.5367431640625e-05,0.8398681821238819
9.5367431640625e-05,0.8399354361423095
9.5367431640625e-05,0.8400026901607371
9.5367431640625e-05,0.8400699441791647
9.5367431640625e-05,0.8401371981975924
9.5367431640625e-05,0.8402044522160199
9.5367431640625e-05,0.8402717062344475
9.5367431640625e-05,0.8403389602528751
9.5367431640625e-05,0.8404062142713027
9.5367431640625e-05,0.8404734682897304
9.5367431640625e-05,0.8405407223081579
9.5367431640625e-05,0.8406079763265855
9.5367431640625e-05,0.8406752303450131
9.5367431640625e-05,0.8407424843634407
9.5367431640625e-05,0.8408097383818683
9.5367431640625e-05,0.8408769924002959
9.5367431640625e-05,0.8409442464187236
9.5367431640625e-05,0.8410115004371511
9.5367431640625e-05,0.8410787544555787
9.5367431640625e-05,0.8411460084740063
9.5367431640625e-05,0.8412132624924339
9.5367431640625e-05,0.8412805165108616
9.5367431640625e-05,0.8413477705292891
9.5367431640625e-05,0.8414150245477168
9.5367431640625e-05,0.8414822785661443
9.5367431640625e-05,0.8415495325845719
9.5367431640625e-05,0.8416167866029995
9.5367431640625e-05,0.8416840406214271
9.5367431640625e-05,0.8417512946398548
9.5367431640625e-05,0.8418185486582823
9.5367431640625e-05,0.84188580267671
9.5367431640625e-05,0.8419530566951375
9.5367431640625e-05,0.8420203107135651
9.5367431640625e-05,0.8420875647319928
9.5367431640625e-05,0.8421548187504203
9.5367431640625e-05,0.842222072768848
9.5367431640625e-05,0.8422893267872755
9.5367431640625e-05,0.8423565808057032
9.5367431640625e-05,0.8424238348241307
9.5367431640625e-05,0.8424910888425583
9.5367431640625e-05,0.842558342860986
9.5367431640625e-05,0.8426255968794135
9.5367431640625e-05,0.8426928508978412
9.5367431640625e-05,0.8427601049162687
9.5367431640625e-05,0.8428273589346964
9.5367431640625e-05,0.842894612953124
9.5367431640625e-05,0.8429618669715515
9.5367431640625e-05,0.8430291209899792
9.5367431640625e-05,0.8430963750084067
9.5367431640625e-05,0.8431636290268344
9.5367431640625e-05,0.843230883045262
9.5367431640625e-05,0.8432981370636895
9.5367431640625e-05,0.8433653910821172
9.5367431640625e-05,0.8434326451005447
9.5367431640625e-05,0.8434998991189724
9.5367431640625e-05,0.8435671531373999
9.5367431640625e-05,0.8436344071558276
9.5367431640625e-05,0.8437016611742552
9.5367431640625e-05,0.8437689151926827
9.5367431640625e-05,0.8438361692111104
9.5367431640625e-05,0.8439034232295379
9.5367431640625e-05,0.8439706772479656
9.560585021972656e-05,0.8440379312663931
9.560585021972656e-05,0.8441051852848208
9.560585021972656e-05,0.8441724393032484
9.560585021972656e-05,0.8442396933216759
9.560585021972656e-05,0.8443069473401036
9.560585021972656e-05,0.8443742013585311
9.560585021972656e-05,0.8444414553769588
9.560585021972656e-05,0.8445087093953864
9.560585021972656e-05,0.844575963413814
9.560585021972656e-05,0.8446432174322416
9.560585021972656e-05,0.8447104714506691
9.560585021972656e-05,0.8447777254690968
9.560585021972656e-05,0.8448449794875244
9.560585021972656e-05,0.844912233505952
9.560585021972656e-05,0.8449794875243796
9.560585021972656e-05,0.8450467415428072
9.560585021972656e-05,0.8451139955612348
9.560585021972656e-05,0.8451812495796623
9.560585021972656e-05,0.84524850359809
9.560585021972656e-05,0.8453157576165176
9.560585021972656e-05,0.8453830116349452
9.560585021972656e-05,0.8454502656533728
9.560585021972656e-05,0.8455175196718004
9.560585021972656e-05,0.845584773690228
9.560585021972656e-05,0.8456520277086556
9.560585021972656e-05,0.8457192817270832
9.560585021972656e-05,0.8457865357455108
9.560585021972656e-05,0.8458537897639384
9.560585021972656e-05,0.845921043782366
9.560585021972656e-05,0.8459882978007935
9.560585021972656e-05,0.8460555518192212
9.560585021972656e-05,0.8461228058376488
9.560585021972656e-05,0.8461900598560764
9.560585021972656e-05,0.846257313874504
9.560585021972656e-05,0.8463245678929316
9.560585021972656e-05,0.8463918219113592
9.560585021972656e-05,0.8464590759297868
9.560585021972656e-05,0.8465263299482144
9.560585021972656e-05,0.846593583966642
9.560585021972656e-05,0.8466608379850696
9.560585021972656e-05,0.8467280920034972
9.560585021972656e-05,0.8467953460219249
9.560585021972656e-05,0.8468626000403524
9.560585021972656e-05,0.84692985405878
9.560585021972656e-05,0.8469971080772076
9.560585021972656e-05,0.8470643620956352
9.560585021972656e-05,0.8471316161140628
9.560585021972656e-05,0.8471988701324904
9.560585021972656e-05,0.8472661241509181
9.560585021972656e-05,0.8473333781693456
9.560585021972656e-05,0.8474006321877732
9.560585021972656e-05,0.8474678862062008
9.560585021972656e-05,0.8475351402246284
9.560585021972656e-05,0.8476023942430561
9.560585021972656e-05,0.8476696482614836
9.560585021972656e-05,0.8477369022799113
9.560585021972656e-05,0.8478041562983388
9.560585021972656e-05,0.8478714103167664
9.560585021972656e-05,0.847938664335194
9.560585021972656e-05,0.8480059183536216
9.560585021972656e-05,0.8480731723720493
9.560585021972656e-05,0.8481404263904768
9.560585021972656e-05,0.8482076804089045
9.560585021972656e-05,0.848274934427332
9.560585021972656e-05,0.8483421884457596
9.584426879882812e-05,0.8484094424641873
9.584426879882812e-05,0.8484766964826148
9.584426879882812e-05,0.8485439505010425
9.584426879882812e-05,0.84861120451947
9.584426879882812e-05,0.8486784585378976
9.584426879882812e-05,0.8487457125563252
9.584426879882812e-05,0.8488129665747528
9.584426879882812e-05,0.8488802205931805
9.584426879882812e-05,0.848947474611608
9.584426879882812e-05,0.8490147286300357
9.584426879882812e-05,0.8490819826484632
9.584426879882812e-05,0.8491492366668908
9.584426879882812e-05,0.8492164906853185
9.584426879882812e-05,0.849283744703746
9.584426879882812e-05,0.8493509987221737
9.584426879882812e-05,0.8494182527406012
9.584426879882812e-05,0.8494855067590289
9.584426879882812e-05,0.8495527607774565
9.584426879882812e-05,0.849620014795884
9.584426879882812e-05,0.8496872688143117
9.584426879882812e-05,0.8497545228327392
9.584426879882812e-05,0.8498217768511669
9.584426879882812e-05,0.8498890308695944
9.584426879882812e-05,0.8499562848880221
9.584426879882812e-05,0.8500235389064497
9.584426879882812e-05,0.8500907929248772
9.584426879882812e-05,0.8501580469433049
9.584426879882812e-05,0.8502253009617324
9.584426879882812e-05,0.8502925549801601
9.584426879882812e-05,0.8503598089985877
9.584426879882812e-05,0.8504270630170153
9.584426879882812e-05,0.8504943170354429
9.584426879882812e-05,0.8505615710538704
9.584426879882812e-05,0.8506288250722981
9.584426879882812e-05,0.8506960790907256
9.584426879882812e-05,0.8507633331091533
9.584426879882812e-05,0.8508305871275809
9.584426879882812e-05,0.8508978411460085
9.584426879882812e-05,0.8509650951644361
9.584426879882812e-05,0.8510323491828636
9.584426879882812e-05,0.8510996032012913
9.584426879882812e-05,0.8511668572197189
9.584426879882812e-05,0.8512341112381465
9.584426879882812e-05,0.8513013652565741
9.584426879882812e-05,0.8513686192750017
9.584426879882812e-05,0.8514358732934293
9.584426879882812e-05,0.8515031273118568
9.584426879882812e-05,0.8515703813302845
9.584426879882812e-05,0.8516376353487121
9.584426879882812e-05,0.8517048893671397
9.584426879882812e-05,0.8517721433855673
9.584426879882812e-05,0.8518393974039948
9.584426879882812e-05,0.8519066514224225
9.584426879882812e-05,0.85197390544085
9.584426879882812e-05,0.8520411594592777
9.584426879882812e-05,0.8521084134777053
9.584426879882812e-05,0.8521756674961329
9.608268737792969e-05,0.8522429215145605
9.608268737792969e-05,0.852310175532988
9.608268737792969e-05,0.8523774295514157
9.608268737792969e-05,0.8524446835698433
9.608268737792969e-05,0.8525119375882709
9.608268737792969e-05,0.8525791916066985
9.608268737792969e-05,0.8526464456251261
9.608268737792969e-05,0.8527136996435537
9.608268737792969e-05,0.8527809536619813
9.608268737792969e-05,0.8528482076804089
9.608268737792969e-05,0.8529154616988365
9.608268737792969e-05,0.8529827157172641
9.608268737792969e-05,0.8530499697356917
9.608268737792969e-05,0.8531172237541194
9.608268737792969e-05,0.8531844777725469
9.608268737792969e-05,0.8532517317909745
9.608268737792969e-05,0.8533189858094021
9.608268737792969e-05,0.8533862398278297
9.608268737792969e-05,0.8534534938462573
9.608268737792969e-05,0.8535207478646849
9.608268737792969e-05,0.8535880018831126
9.608268737792969e-05,0.8536552559015401
9.608268737792969e-05,0.8537225099199677
9.608268737792969e-05,0.8537897639383953
9.608268737792969e-05,0.8538570179568229
9.608268737792969e-05,0.8539242719752506
9.608268737792969e-05,0.8539915259936781
9.608268737792969e-05,0.8540587800121058
9.608268737792969e-05,0.8541260340305333
9.608268737792969e-05,0.8541932880489609
9.608268737792969e-05,0.8542605420673886
9.608268737792969e-05,0.8543277960858161
9.608268737792969e-05,0.8543950501042438
9.608268737792969e-05,0.8544623041226713
9.608268737792969e-05,0.8545295581410989
9.608268737792969e-05,0.8545968121595265
9.608268737792969e-05,0.8546640661779541
9.608268737792969e-05,0.8547313201963818
9.608268737792969e-05,0.8547985742148093
9.608268737792969e-05,0.854865828233237
9.608268737792969e-05,0.8549330822516645
9.608268737792969e-05,0.8550003362700921
9.608268737792969e-05,0.8550675902885198
9.608268737792969e-05,0.8551348443069473
9.608268737792969e-05,0.855202098325375
9.608268737792969e-05,0.8552693523438025
9.608268737792969e-05,0.8553366063622302
9.608268737792969e-05,0.8554038603806577
9.608268737792969e-05,0.8554711143990853
9.608268737792969e-05,0.855538368417513
9.608268737792969e-05,0.8556056224359405
9.608268737792969e-05,0.8556728764543682
9.608268737792969e-05,0.8557401304727957
9.608268737792969e-05,0.8558073844912234
9.608268737792969e-05,0.855874638509651
9.608268737792969e-05,0.8559418925280785
9.608268737792969e-05,0.8560091465465062
9.608268737792969e-05,0.8560764005649337
9.608268737792969e-05,0.8561436545833614
9.608268737792969e-05,0.856210908601789
9.608268737792969e-05,0.8562781626202166
9.608268737792969e-05,0.8563454166386442
9.608268737792969e-05,0.8564126706570717
9.608268737792969e-05,0.8564799246754994
9.608268737792969e-05,0.8565471786939269
9.608268737792969e-05,0.8566144327123546
9.608268737792969e-05,0.8566816867307822
9.608268737792969e-05,0.8567489407492098
9.608268737792969e-05,0.8568161947676374
9.632110595703125e-05,0.8568834487860649
9.632110595703125e-05,0.8569507028044926
9.632110595703125e-05,0.8570179568229201
9.632110595703125e-05,0.8570852108413478
9.632110595703125e-05,0.8571524648597754
9.632110595703125e-05,0.8572197188782029
9.632110595703125e-05,0.8572869728966306
9.632110595703125e-05,0.8573542269150581
9.632110595703125e-05,0.8574214809334858
9.632110595703125e-05,0.8574887349519134
9.632110595703125e-05,0.857555988970341
9.632110595703125e-05,0.8576232429887686
9.632110595703125e-05,0.8576904970071961
9.632110595703125e-05,0.8577577510256238
9.632110595703125e-05,0.8578250050440513
9.632110595703125e-05,0.857892259062479
9.632110595703125e-05,0.8579595130809066
9.632110595703125e-05,0.8580267670993342
9.632110595703125e-05,0.8580940211177618
9.632110595703125e-05,0.8581612751361893
9.632110595703125e-05,0.858228529154617
9.632110595703125e-05,0.8582957831730446
9.632110595703125e-05,0.8583630371914722
9.632110595703125e-05,0.8584302912098998
9.632110595703125e-05,0.8584975452283274
9.632110595703125e-05,0.858564799246755
9.632110595703125e-05,0.8586320532651825
9.632110595703125e-05,0.8586993072836102
9.632110595703125e-05,0.8587665613020378
9.632110595703125e-05,0.8588338153204654
9.632110595703125e-05,0.858901069338893
9.632110595703125e-05,0.8589683233573207
9.632110595703125e-05,0.8590355773757482
9.632110595703125e-05,0.8591028313941758
9.632110595703125e-05,0.8591700854126034
9.632110595703125e-05,0.859237339431031
9.632110595703125e-05,0.8593045934494586
9.632110595703125e-05,0.8593718474678862
9.632110595703125e-05,0.8594391014863139
9.632110595703125e-05,0.8595063555047414
9.632110595703125e-05,0.859573609523169
9.632110595703125e-05,0.8596408635415966
9.632110595703125e-05,0.8597081175600242
9.632110595703125e-05,0.8597753715784519
9.632110595703125e-05,0.8598426255968794
9.632110595703125e-05,0.859909879615307
9.632110595703125e-05,0.8599771336337346
9.632110595703125e-05,0.8600443876521622
9.632110595703125e-05,0.8601116416705898
9.632110595703125e-05,0.8601788956890174
9.632110595703125e-05,0.8602461497074451
9.632110595703125e-05,0.8603134037258726
9.655952453613281e-05,0.8603806577443002
9.655952453613281e-05,0.8604479117627278
9.655952453613281e-05,0.8605151657811554
9.655952453613281e-05,0.860582419799583
9.655952453613281e-05,0.8606496738180106
9.655952453613281e-05,0.8607169278364383
9.655952453613281e-05,0.8607841818548658
9.655952453613281e-05,0.8608514358732934
9.655952453613281e-05,0.860918689891721
9.655952453613281e-05,0.8609859439101486
9.655952453613281e-05,0.8610531979285763
9.655952453613281e-05,0.8611204519470038
9.655952453613281e-05,0.8611877059654315
9.655952453613281e-05,0.861254959983859
9.655952453613281e-05,0.8613222140022866
9.655952453613281e-05,0.8613894680207143
9.655952453613281e-05,0.8614567220391418
9.655952453613281e-05,0.8615239760575695
9.655952453613281e-05,0.861591230075997
9.655952453613281e-05,0.8616584840944247
9.655952453613281e-05,0.8617257381128522
9.655952453613281e-05,0.8617929921312798
9.655952453613281e-05,0.8618602461497075
9.655952453613281e-05,0.861927500168135
9.655952453613281e-05,0.8619947541865627
9.655952453613281e-05,0.8620620082049902
9.655952453613281e-05,0.8621292622234179
9.655952453613281e-05,0.8621965162418455
9.655952453613281e-05,0.862263770260273
9.655952453613281e-05,0.8623310242787007
9.655952453613281e-05,0.8623982782971282
9.655952453613281e-05,0.8624655323155559
9.655952453613281e-05,0.8625327863339834
9.655952453613281e-05,0.862600040352411
9.655952453613281e-05,0.8626672943708387
9.655952453613281e-05,0.8627345483892662
9.655952453613281e-05,0.8628018024076939
9.655952453613281e-05,0.8628690564261214
9.655952453613281e-05,0.8629363104445491
9.655952453613281e-05,0.8630035644629767
9.655952453613281e-05,0.8630708184814042
9.655952453613281e-05,0.8631380724998319
9.655952453613281e-05,0.8632053265182594
9.655952453613281e-05,0.8632725805366871
9.655952453613281e-05,0.8633398345551146
9.655952453613281e-05,0.8634070885735423
9.655952453613281e-05,0.8634743425919699
9.655952453613281e-05,0.8635415966103974
9.655952453613281e-05,0.8636088506288251
9.655952453613281e-05,0.8636761046472526
9.655952453613281e-05,0.8637433586656803
9.655952453613281e-05,0.8638106126841079
9.679794311523438e-05,0.8638778667025355
9.679794311523438e-05,0.8639451207209631
9.679794311523438e-05,0.8640123747393906
9.679794311523438e-05,0.8640796287578183
9.679794311523438e-05,0.8641468827762459
9.679794311523438e-05,0.8642141367946735
9.679794311523438e-05,0.8642813908131011
9.679794311523438e-05,0.8643486448315287
9.679794311523438e-05,0.8644158988499563
9.679794311523438e-05,0.8644831528683838
9.679794311523438e-05,0.8645504068868115
9.679794311523438e-05,0.8646176609052391
9.679794311523438e-05,0.8646849149236667
9.679794311523438e-05,0.8647521689420943
9.679794311523438e-05,0.8648194229605219
9.679794311523438e-05,0.8648866769789495
9.679794311523438e-05,0.864953930997377
9.679794311523438e-05,0.8650211850158047
9.679794311523438e-05,0.8650884390342323
9.679794311523438e-05,0.8651556930526599
9.679794311523438e-05,0.8652229470710875
9.679794311523438e-05,0.865290201089515
9.679794311523438e-05,0.8653574551079427
9.679794311523438e-05,0.8654247091263703
9.679794311523438e-05,0.8654919631447979
9.679794311523438e-05,0.8655592171632255
9.679794311523438e-05,0.8656264711816531
9.679794311523438e-05,0.8656937252000807
9.679794311523438e-05,0.8657609792185083
9.679794311523438e-05,0.8658282332369359
9.679794311523438e-05,0.8658954872553635
9.679794311523438e-05,0.8659627412737911
9.679794311523438e-05,0.8660299952922187
9.679794311523438e-05,0.8660972493106464
9.679794311523438e-05,0.8661645033290739
9.679794311523438e-05,0.8662317573475015
9.679794311523438e-05,0.8662990113659291
9.679794311523438e-05,0.8663662653843567
9.679794311523438e-05,0.8664335194027843
9.679794311523438e-05,0.8665007734212119
9.679794311523438e-05,0.8665680274396396
9.679794311523438e-05,0.8666352814580671
9.679794311523438e-05,0.8667025354764947
9.679794311523438e-05,0.8667697894949223
9.679794311523438e-05,0.8668370435133499
9.679794311523438e-05,0.8669042975317776
9.679794311523438e-05,0.8669715515502051
9.679794311523438e-05,0.8670388055686328
9.679794311523438e-05,0.8671060595870603
9.679794311523438e-05,0.8671733136054879
9.679794311523438e-05,0.8672405676239155
9.679794311523438e-05,0.8673078216423431
9.679794311523438e-05,0.8673750756607708
9.679794311523438e-05,0.8674423296791983
9.679794311523438e-05,0.867509583697626
9.679794311523438e-05,0.8675768377160535
9.679794311523438e-05,0.8676440917344811
9.679794311523438e-05,0.8677113457529088
9.679794311523438e-05,0.8677785997713363
9.679794311523438e-05,0.867845853789764
9.679794311523438e-05,0.8679131078081915
9.703636169433594e-05,0.8679803618266192
9.703636169433594e-05,0.8680476158450467
9.703636169433594e-05,0.8681148698634743
9.703636169433594e-05,0.868182123881902
9.703636169433594e-05,0.8682493779003295
9.703636169433594e-05,0.8683166319187572
9.703636169433594e-05,0.8683838859371847
9.703636169433594e-05,0.8684511399556123
9.703636169433594e-05,0.86851839397404
9.703636169433594e-05,0.8685856479924675
9.703636169433594e-05,0.8686529020108952
9.703636169433594e-05,0.8687201560293227
9.703636169433594e-05,0.8687874100477504
9.703636169433594e-05,0.868854664066178
9.703636169433594e-05,0.8689219180846055
9.703636169433594e-05,0.8689891721030332
9.703636169433594e-05,0.8690564261214607
9.703636169433594e-05,0.8691236801398884
9.703636169433594e-05,0.8691909341583159
9.703636169433594e-05,0.8692581881767436
9.703636169433594e-05,0.8693254421951712
9.703636169433594e-05,0.8693926962135987
9.703636169433594e-05,0.8694599502320264
9.703636169433594e-05,0.8695272042504539
9.703636169433594e-05,0.8695944582688816
9.703636169433594e-05,0.8696617122873092
9.703636169433594e-05,0.8697289663057368
9.703636169433594e-05,0.8697962203241644
9.703636169433594e-05,0.8698634743425919
9.703636169433594e-05,0.8699307283610196
9.703636169433594e-05,0.8699979823794471
9.703636169433594e-05,0.8700652363978748
9.703636169433594e-05,0.8701324904163024
9.703636169433594e-05,0.87019974443473
9.703636169433594e-05,0.8702669984531576
9.703636169433594e-05,0.8703342524715851
9.703636169433594e-05,0.8704015064900128
9.703636169433594e-05,0.8704687605084404
9.703636169433594e-05,0.870536014526868
9.703636169433594e-05,0.8706032685452956
9.703636169433594e-05,0.8706705225637232
9.703636169433594e-05,0.8707377765821508
9.703636169433594e-05,0.8708050306005783
9.703636169433594e-05,0.870872284619006
9.703636169433594e-05,0.8709395386374336
9.703636169433594e-05,0.8710067926558612
9.703636169433594e-05,0.8710740466742888
9.703636169433594e-05,0.8711413006927163
9.703636169433594e-05,0.871208554711144
9.703636169433594e-05,0.8712758087295716
9.703636169433594e-05,0.8713430627479992
9.703636169433594e-05,0.8714103167664268
9.703636169433594e-05,0.8714775707848544
9.703636169433594e-05,0.871544824803282
9.703636169433594e-05,0.8716120788217095
9.703636169433594e-05,0.8716793328401372
9.703636169433594e-05,0.8717465868585648
9.703636169433594e-05,0.8718138408769924
9.703636169433594e-05,0.87188109489542
9.72747802734375e-05,0.8719483489138476
9.72747802734375e-05,0.8720156029322752
9.72747802734375e-05,0.8720828569507028
9.72747802734375e-05,0.8721501109691304
9.72747802734375e-05,0.872217364987558
9.72747802734375e-05,0.8722846190059856
9.72747802734375e-05,0.8723518730244132
9.72747802734375e-05,0.8724191270428409
9.72747802734375e-05,0.8724863810612684
9.72747802734375e-05,0.872553635079696
9.72747802734375e-05,0.8726208890981236
9.72747802734375e-05,0.8726881431165512
9.72747802734375e-05,0.8727553971349788
9.72747802734375e-05,0.8728226511534064
9.72747802734375e-05,0.8728899051718341
9.72747802734375e-05,0.8729571591902616
9.72747802734375e-05,0.8730244132086892
9.72747802734375e-05,0.8730916672271168
9.72747802734375e-05,0.8731589212455444
9.72747802734375e-05,0.8732261752639721
9.72747802734375e-05,0.8732934292823996
9.72747802734375e-05,0.8733606833008273
9.72747802734375e-05,0.8734279373192548
9.72747802734375e-05,0.8734951913376824
9.72747802734375e-05,0.87356244535611
9.72747802734375e-05,0.8736296993745376
9.72747802734375e-05,0.8736969533929653
9.72747802734375e-05,0.8737642074113928
9.72747802734375e-05,0.8738314614298204
9.72747802734375e-05,0.873898715448248
9.72747802734375e-05,0.8739659694666756
9.72747802734375e-05,0.8740332234851033
9.72747802734375e-05,0.8741004775035308
9.72747802734375e-05,0.8741677315219585
9.72747802734375e-05,0.874234985540386
9.72747802734375e-05,0.8743022395588136
9.72747802734375e-05,0.8743694935772413
9.72747802734375e-05,0.8744367475956688
9.72747802734375e-05,0.8745040016140965
9.72747802734375e-05,0.874571255632524
9.72747802734375e-05,0.8746385096509517
9.72747802734375e-05,0.8747057636693792
9.72747802734375e-05,0.8747730176878068
9.72747802734375e-05,0.8748402717062345
9.72747802734375e-05,0.874907525724662
9.72747802734375e-05,0.8749747797430897
9.72747802734375e-05,0.8750420337615172
9.72747802734375e-05,0.8751092877799449
9.72747802734375e-05,0.8751765417983725
9.72747802734375e-05,0.8752437958168
9.72747802734375e-05,0.8753110498352277
9.72747802734375e-05,0.8753783038536552
9.72747802734375e-05,0.8754455578720829
9.72747802734375e-05,0.8755128118905104
9.72747802734375e-05,0.8755800659089381
9.751319885253906e-05,0.8756473199273657
9.751319885253906e-05,0.8757145739457932
9.751319885253906e-05,0.8757818279642209
9.751319885253906e-05,0.8758490819826484
9.751319885253906e-05,0.8759163360010761
9.751319885253906e-05,0.8759835900195037
9.751319885253906e-05,0.8760508440379313
9.751319885253906e-05,0.8761180980563589
9.751319885253906e-05,0.8761853520747864
9.751319885253906e-05,0.8762526060932141
9.751319885253906e-05,0.8763198601116416
9.751319885253906e-05,0.8763871141300693
9.751319885253906e-05,0.8764543681484969
9.751319885253906e-05,0.8765216221669244
9.751319885253906e-05,0.8765888761853521
9.751319885253906e-05,0.8766561302037796
9.751319885253906e-05,0.8767233842222073
9.751319885253906e-05,0.8767906382406349
9.751319885253906e-05,0.8768578922590625
9.751319885253906e-05,0.8769251462774901
9.751319885253906e-05,0.8769924002959176
9.751319885253906e-05,0.8770596543143453
9.751319885253906e-05,0.8771269083327728
9.751319885253906e-05,0.8771941623512005
9.751319885253906e-05,0.8772614163696281
9.751319885253906e-05,0.8773286703880557
9.751319885253906e-05,0.8773959244064833
9.751319885253906e-05,0.8774631784249108
9.751319885253906e-05,0.8775304324433385
9.751319885253906e-05,0.8775976864617661
9.751319885253906e-05,0.8776649404801937
9.751319885253906e-05,0.8777321944986213
9.751319885253906e-05,0.8777994485170489
9.751319885253906e-05,0.8778667025354765
9.751319885253906e-05,0.877933956553904
9.751319885253906e-05,0.8780012105723317
9.751319885253906e-05,0.8780684645907593
9.751319885253906e-05,0.8781357186091869
9.751319885253906e-05,0.8782029726276145
9.751319885253906e-05,0.8782702266460422
9.751319885253906e-05,0.8783374806644697
9.751319885253906e-05,0.8784047346828973
9.751319885253906e-05,0.8784719887013249
9.751319885253906e-05,0.8785392427197525
9.751319885253906e-05,0.8786064967381801
9.751319885253906e-05,0.8786737507566077
9.751319885253906e-05,0.8787410047750354
9.751319885253906e-05,0.8788082587934629
9.751319885253906e-05,0.8788755128118905
9.751319885253906e-05,0.8789427668303181
9.751319885253906e-05,0.8790100208487457
9.751319885253906e-05,0.8790772748671734
9.751319885253906e-05,0.8791445288856009
9.751319885253906e-05,0.8792117829040285
9.751319885253906e-05,0.8792790369224561
9.751319885253906e-05,0.8793462909408837
9.751319885253906e-05,0.8794135449593113
9.751319885253906e-05,0.8794807989777389
9.775161743164062e-05,0.8795480529961666
9.775161743164062e-05,0.8796153070145941
9.775161743164062e-05,0.8796825610330217
9.775161743164062e-05,0.8797498150514493
9.775161743164062e-05,0.8798170690698769
9.775161743164062e-05,0.8798843230883046
9.775161743164062e-05,0.8799515771067321
9.775161743164062e-05,0.8800188311251598
9.775161743164062e-05,0.8800860851435873
9.775161743164062e-05,0.8801533391620149
9.775161743164062e-05,0.8802205931804425
9.775161743164062e-05,0.8802878471988701
9.775161743164062e-05,0.8803551012172978
9.775161743164062e-05,0.8804223552357253
9.775161743164062e-05,0.880489609254153
9.775161743164062e-05,0.8805568632725805
9.775161743164062e-05,0.8806241172910081
9.775161743164062e-05,0.8806913713094358
9.775161743164062e-05,0.8807586253278633
9.775161743164062e-05,0.880825879346291
9.775161743164062e-05,0.8808931333647185
9.775161743164062e-05,0.8809603873831462
9.775161743164062e-05,0.8810276414015737
9.775161743164062e-05,0.8810948954200013
9.775161743164062e-05,0.881162149438429
9.775161743164062e-05,0.8812294034568565
9.775161743164062e-05,0.8812966574752842
9.775161743164062e-05,0.8813639114937117
9.775161743164062e-05,0.8814311655121394
9.775161743164062e-05,0.881498419530567
9.775161743164062e-05,0.8815656735489945
9.775161743164062e-05,0.8816329275674222
9.775161743164062e-05,0.8817001815858497
9.775161743164062e-05,0.8817674356042774
9.775161743164062e-05,0.881834689622705
9.775161743164062e-05,0.8819019436411326
9.775161743164062e-05,0.8819691976595602
9.775161743164062e-05,0.8820364516779877
9.775161743164062e-05,0.8821037056964154
9.775161743164062e-05,0.8821709597148429
9.775161743164062e-05,0.8822382137332706
9.775161743164062e-05,0.8823054677516982
9.799003601074219e-05,0.8823727217701257
9.799003601074219e-05,0.8824399757885534
9.799003601074219e-05,0.8825072298069809
9.799003601074219e-05,0.8825744838254086
9.799003601074219e-05,0.8826417378438361
9.799003601074219e-05,0.8827089918622638
9.799003601074219e-05,0.8827762458806914
9.799003601074219e-05,0.8828434998991189
9.799003601074219e-05,0.8829107539175466
9.799003601074219e-05,0.8829780079359741
9.799003601074219e-05,0.8830452619544018
9.799003601074219e-05,0.8831125159728294
9.799003601074219e-05,0.883179769991257
9.799003601074219e-05,0.8832470240096846
9.799003601074219e-05,0.8833142780281121
9.799003601074219e-05,0.8833815320465398
9.799003601074219e-05,0.8834487860649674
9.799003601074219e-05,0.883516040083395
9.799003601074219e-05,0.8835832941018226
9.799003601074219e-05,0.8836505481202502
9.799003601074219e-05,0.8837178021386778
9.799003601074219e-05,0.8837850561571053
9.799003601074219e-05,0.883852310175533
9.799003601074219e-05,0.8839195641939606
9.799003601074219e-05,0.8839868182123882
9.799003601074219e-05,0.8840540722308158
9.799003601074219e-05,0.8841213262492434
9.799003601074219e-05,0.884188580267671
9.799003601074219e-05,0.8842558342860986
9.799003601074219e-05,0.8843230883045262
9.799003601074219e-05,0.8843903423229538
9.799003601074219e-05,0.8844575963413814
9.799003601074219e-05,0.884524850359809
9.799003601074219e-05,0.8845921043782367
9.799003601074219e-05,0.8846593583966642
9.799003601074219e-05,0.8847266124150918
9.799003601074219e-05,0.8847938664335194
9.799003601074219e-05,0.884861120451947
9.799003601074219e-05,0.8849283744703746
9.799003601074219e-05,0.8849956284888022
9.799003601074219e-05,0.8850628825072298
9.799003601074219e-05,0.8851301365256574
9.799003601074219e-05,0.885197390544085
9.799003601074219e-05,0.8852646445625126
9.799003601074219e-05,0.8853318985809402
9.799003601074219e-05,0.8853991525993679
9.799003601074219e-05,0.8854664066177954
9.799003601074219e-05,0.885533660636223
9.799003601074219e-05,0.8856009146546506
9.799003601074219e-05,0.8856681686730782
9.799003601074219e-05,0.8857354226915058
9.799003601074219e-05,0.8858026767099334
9.799003601074219e-05,0.8858699307283611
9.799003601074219e-05,0.8859371847467886
9.799003601074219e-05,0.8860044387652162
9.822845458984375e-05,0.8860716927836438
9.822845458984375e-05,0.8861389468020714
9.822845458984375e-05,0.8862062008204991
9.822845458984375e-05,0.8862734548389266
9.822845458984375e-05,0.8863407088573543
9.822845458984375e-05,0.8864079628757818
9.822845458984375e-05,0.8864752168942094
9.822845458984375e-05,0.886542470912637
9.822845458984375e-05,0.8866097249310646
9.822845458984375e-05,0.8866769789494923
9.822845458984375e-05,0.8867442329679198
9.822845458984375e-05,0.8868114869863475
9.822845458984375e-05,0.886878741004775
9.822845458984375e-05,0.8869459950232026
9.822845458984375e-05,0.8870132490416303
9.822845458984375e-05,0.8870805030600578
9.822845458984375e-05,0.8871477570784855
9.822845458984375e-05,0.887215011096913
9.822845458984375e-05,0.8872822651153407
9.822845458984375e-05,0.8873495191337682
9.822845458984375e-05,0.8874167731521958
9.822845458984375e-05,0.8874840271706235
9.822845458984375e-05,0.887551281189051
9.822845458984375e-05,0.8876185352074787
9.822845458984375e-05,0.8876857892259062
9.822845458984375e-05,0.8877530432443338
9.822845458984375e-05,0.8878202972627615
9.822845458984375e-05,0.887887551281189
9.822845458984375e-05,0.8879548052996167
9.822845458984375e-05,0.8880220593180442
9.822845458984375e-05,0.8880893133364719
9.822845458984375e-05,0.8881565673548995
9.822845458984375e-05,0.888223821373327
9.822845458984375e-05,0.8882910753917547
9.822845458984375e-05,0.8883583294101822
9.822845458984375e-05,0.8884255834286099
9.822845458984375e-05,0.8884928374470374
9.822845458984375e-05,0.8885600914654651
9.846687316894531e-05,0.8886273454838927
9.846687316894531e-05,0.8886945995023202
9.846687316894531e-05,0.8887618535207479
9.846687316894531e-05,0.8888291075391754
9.846687316894531e-05,0.8888963615576031
9.846687316894531e-05,0.8889636155760307
9.846687316894531e-05,0.8890308695944583
9.846687316894531e-05,0.8890981236128859
9.846687316894531e-05,0.8891653776313134
9.846687316894531e-05,0.8892326316497411
9.846687316894531e-05,0.8892998856681686
9.846687316894531e-05,0.8893671396865963
9.846687316894531e-05,0.8894343937050239
9.846687316894531e-05,0.8895016477234515
9.846687316894531e-05,0.8895689017418791
9.846687316894531e-05,0.8896361557603066
9.846687316894531e-05,0.8897034097787343
9.846687316894531e-05,0.8897706637971619
9.846687316894531e-05,0.8898379178155895
9.846687316894531e-05,0.8899051718340171
9.846687316894531e-05,0.8899724258524447
9.846687316894531e-05,0.8900396798708723
9.846687316894531e-05,0.8901069338892998
9.846687316894531e-05,0.8901741879077275
9.846687316894531e-05,0.8902414419261551
9.846687316894531e-05,0.8903086959445827
9.846687316894531e-05,0.8903759499630103
9.846687316894531e-05,0.8904432039814378
9.846687316894531e-05,0.8905104579998655
9.846687316894531e-05,0.890577712018293
9.846687316894531e-05,0.8906449660367207
9.846687316894531e-05,0.8907122200551483
9.846687316894531e-05,0.8907794740735759
9.846687316894531e-05,0.8908467280920035
9.846687316894531e-05,0.890913982110431
9.846687316894531e-05,0.8909812361288587
9.870529174804688e-05,0.8910484901472863
9.870529174804688e-05,0.8911157441657139
9.870529174804688e-05,0.8911829981841415
9.870529174804688e-05,0.8912502522025691
9.870529174804688e-05,0.8913175062209967
9.870529174804688e-05,0.8913847602394243
9.870529174804688e-05,0.8914520142578519
9.870529174804688e-05,0.8915192682762795
9.870529174804688e-05,0.8915865222947071
9.870529174804688e-05,0.8916537763131347
9.870529174804688e-05,0.8917210303315624
9.870529174804688e-05,0.8917882843499899
9.870529174804688e-05,0.8918555383684175
9.870529174804688e-05,0.8919227923868451
9.870529174804688e-05,0.8919900464052727
9.870529174804688e-05,0.8920573004237004
9.870529174804688e-05,0.8921245544421279
9.870529174804688e-05,0.8921918084605556
9.870529174804688e-05,0.8922590624789831
9.870529174804688e-05,0.8923263164974107
9.870529174804688e-05,0.8923935705158383
9.870529174804688e-05,0.8924608245342659
9.870529174804688e-05,0.8925280785526936
9.870529174804688e-05,0.8925953325711211
9.870529174804688e-05,0.8926625865895488
9.870529174804688e-05,0.8927298406079763
9.870529174804688e-05,0.8927970946264039
9.870529174804688e-05,0.8928643486448316
9.870529174804688e-05,0.8929316026632591
9.870529174804688e-05,0.8929988566816868
9.870529174804688e-05,0.8930661107001143
9.870529174804688e-05,0.8931333647185419
9.870529174804688e-05,0.8932006187369695
9.870529174804688e-05,0.8932678727553971
9.870529174804688e-05,0.8933351267738248
9.870529174804688e-05,0.8934023807922523
9.870529174804688e-05,0.89346963481068
9.870529174804688e-05,0.8935368888291075
9.870529174804688e-05,0.8936041428475351
9.870529174804688e-05,0.8936713968659628
9.870529174804688e-05,0.8937386508843903
9.870529174804688e-05,0.893805904902818
9.870529174804688e-05,0.8938731589212455
9.870529174804688e-05,0.8939404129396732
9.870529174804688e-05,0.8940076669581007
9.870529174804688e-05,0.8940749209765283
9.870529174804688e-05,0.894142174994956
9.870529174804688e-05,0.8942094290133835
9.870529174804688e-05,0.8942766830318112
9.870529174804688e-05,0.8943439370502387
9.870529174804688e-05,0.8944111910686664
9.870529174804688e-05,0.894478445087094
9.870529174804688e-05,0.8945456991055215
9.870529174804688e-05,0.8946129531239492
9.870529174804688e-05,0.8946802071423767
9.870529174804688e-05,0.8947474611608044
9.870529174804688e-05,0.894814715179232
9.870529174804688e-05,0.8948819691976596
9.894371032714844e-05,0.8949492232160872
9.894371032714844e-05,0.8950164772345147
9.894371032714844e-05,0.8950837312529424
9.894371032714844e-05,0.8951509852713699
9.894371032714844e-05,0.8952182392897976
9.894371032714844e-05,0.8952854933082252
9.894371032714844e-05,0.8953527473266528
9.894371032714844e-05,0.8954200013450804
9.894371032714844e-05,0.8954872553635079
9.894371032714844e-05,0.8955545093819356
9.894371032714844e-05,0.8956217634003631
9.894371032714844e-05,0.8956890174187908
9.894371032714844e-05,0.8957562714372184
9.894371032714844e-05,0.895823525455646
9.894371032714844e-05,0.8958907794740736
9.894371032714844e-05,0.8959580334925011
9.894371032714844e-05,0.8960252875109288
9.894371032714844e-05,0.8960925415293564
9.894371032714844e-05,0.896159795547784
9.894371032714844e-05,0.8962270495662116
9.894371032714844e-05,0.8962943035846391
9.894371032714844e-05,0.8963615576030668
9.894371032714844e-05,0.8964288116214943
9.894371032714844e-05,0.896496065639922
9.894371032714844e-05,0.8965633196583496
9.894371032714844e-05,0.8966305736767772
9.894371032714844e-05,0.8966978276952048
9.894371032714844e-05,0.8967650817136323
9.894371032714844e-05,0.89683233573206
9.894371032714844e-05,0.8968995897504876
9.894371032714844e-05,0.8969668437689152
9.894371032714844e-05,0.8970340977873428
9.894371032714844e-05,0.8971013518057704
9.894371032714844e-05,0.897168605824198
9.894371032714844e-05,0.8972358598426255
9.894371032714844e-05,0.8973031138610532
9.894371032714844e-05,0.8973703678794808
9.894371032714844e-05,0.8974376218979084
9.894371032714844e-05,0.897504875916336
9.894371032714844e-05,0.8975721299347637
9.894371032714844e-05,0.8976393839531912
9.894371032714844e-05,0.8977066379716188
9.894371032714844e-05,0.8977738919900464
9.894371032714844e-05,0.897841146008474
9.894371032714844e-05,0.8979084000269016
9.918212890625e-05,0.8979756540453292
9.918212890625e-05,0.8980429080637569
9.918212890625e-05,0.8981101620821844
9.918212890625e-05,0.898177416100612
9.918212890625e-05,0.8982446701190396
9.918212890625e-05,0.8983119241374672
9.918212890625e-05,0.8983791781558949
9.918212890625e-05,0.8984464321743224
9.918212890625e-05,0.8985136861927501
9.918212890625e-05,0.8985809402111776
9.918212890625e-05,0.8986481942296052
9.918212890625e-05,0.8987154482480328
9.918212890625e-05,0.8987827022664604
9.918212890625e-05,0.8988499562848881
9.918212890625e-05,0.8989172103033156
9.918212890625e-05,0.8989844643217432
9.918212890625e-05,0.8990517183401708
9.918212890625e-05,0.8991189723585984
9.918212890625e-05,0.899186226377026
9.918212890625e-05,0.8992534803954536
9.918212890625e-05,0.8993207344138813
9.918212890625e-05,0.8993879884323088
9.918212890625e-05,0.8994552424507364
9.918212890625e-05,0.899522496469164
9.918212890625e-05,0.8995897504875916
9.918212890625e-05,0.8996570045060193
9.918212890625e-05,0.8997242585244468
9.918212890625e-05,0.8997915125428745
9.918212890625e-05,0.899858766561302
9.918212890625e-05,0.8999260205797296
9.918212890625e-05,0.8999932745981573
9.918212890625e-05,0.9000605286165848
9.918212890625e-05,0.9001277826350125
9.918212890625e-05,0.90019503665344
9.918212890625e-05,0.9002622906718677
9.918212890625e-05,0.9003295446902952
9.942054748535156e-05,0.9003967987087228
9.942054748535156e-05,0.9004640527271505
9.942054748535156e-05,0.900531306745578
9.942054748535156e-05,0.9005985607640057
9.942054748535156e-05,0.9006658147824332
9.942054748535156e-05,0.9007330688008609
9.942054748535156e-05,0.9008003228192885
9.942054748535156e-05,0.900867576837716
9.942054748535156e-05,0.9009348308561437
9.942054748535156e-05,0.9010020848745712
9.942054748535156e-05,0.9010693388929989
9.942054748535156e-05,0.9011365929114264
9.942054748535156e-05,0.9012038469298541
9.942054748535156e-05,0.9012711009482817
9.942054748535156e-05,0.9013383549667092
9.942054748535156e-05,0.9014056089851369
9.942054748535156e-05,0.9014728630035644
9.942054748535156e-05,0.9015401170219921
9.942054748535156e-05,0.9016073710404197
9.942054748535156e-05,0.9016746250588472
9.942054748535156e-05,0.9017418790772749
9.942054748535156e-05,0.9018091330957024
9.942054748535156e-05,0.9018763871141301
9.942054748535156e-05,0.9019436411325576
9.942054748535156e-05,0.9020108951509853
9.942054748535156e-05,0.9020781491694129
9.942054748535156e-05,0.9021454031878404
9.942054748535156e-05,0.9022126572062681
9.942054748535156e-05,0.9022799112246956
9.942054748535156e-05,0.9023471652431233
9.942054748535156e-05,0.9024144192615509
9.942054748535156e-05,0.9024816732799785
9.942054748535156e-05,0.9025489272984061
9.942054748535156e-05,0.9026161813168336
9.942054748535156e-05,0.9026834353352613
9.942054748535156e-05,0.9027506893536889
9.942054748535156e-05,0.9028179433721165
9.942054748535156e-05,0.9028851973905441
9.942054748535156e-05,0.9029524514089717
9.942054748535156e-05,0.9030197054273993
9.942054748535156e-05,0.9030869594458268
9.942054748535156e-05,0.9031542134642545
9.942054748535156e-05,0.9032214674826821
9.942054748535156e-05,0.9032887215011097
9.942054748535156e-05,0.9033559755195373
9.965896606445312e-05,0.903423229537965
9.965896606445312e-05,0.9034904835563925
9.965896606445312e-05,0.90355773757482
9.965896606445312e-05,0.9036249915932477
9.965896606445312e-05,0.9036922456116753
9.965896606445312e-05,0.9037594996301029
9.965896606445312e-05,0.9038267536485305
9.965896606445312e-05,0.9038940076669582
9.965896606445312e-05,0.9039612616853857
9.965896606445312e-05,0.9040285157038133
9.965896606445312e-05,0.9040957697222409
9.965896606445312e-05,0.9041630237406685
9.965896606445312e-05,0.9042302777590961
9.965896606445312e-05,0.9042975317775237
9.965896606445312e-05,0.9043647857959513
9.965896606445312e-05,0.9044320398143789
9.965896606445312e-05,0.9044992938328065
9.965896606445312e-05,0.9045665478512341
9.965896606445312e-05,0.9046338018696617
9.965896606445312e-05,0.9047010558880894
9.965896606445312e-05,0.9047683099065169
9.965896606445312e-05,0.9048355639249445
9.965896606445312e-05,0.9049028179433721
9.965896606445312e-05,0.9049700719617997
9.965896606445312e-05,0.9050373259802273
9.965896606445312e-05,0.9051045799986549
9.965896606445312e-05,0.9051718340170826
9.965896606445312e-05,0.9052390880355101
9.965896606445312e-05,0.9053063420539377
9.965896606445312e-05,0.9053735960723653
9.965896606445312e-05,0.9054408500907929
9.965896606445312e-05,0.9055081041092206
9.965896606445312e-05,0.9055753581276481
9.965896606445312e-05,0.9056426121460758
9.965896606445312e-05,0.9057098661645033
9.965896606445312e-05,0.9057771201829309
9.965896606445312e-05,0.9058443742013585
9.965896606445312e-05,0.9059116282197861
9.965896606445312e-05,0.9059788822382138
9.965896606445312e-05,0.9060461362566413
9.965896606445312e-05,0.906113390275069
9.965896606445312e-05,0.9061806442934965
9.965896606445312e-05,0.9062478983119241
9.965896606445312e-05,0.9063151523303518
9.965896606445312e-05,0.9063824063487793
9.965896606445312e-05,0.906449660367207
9.965896606445312e-05,0.9065169143856345
9.965896606445312e-05,0.9065841684040622
9.965896606445312e-05,0.9066514224224898
9.965896606445312e-05,0.9067186764409173
9.965896606445312e-05,0.906785930459345
9.965896606445312e-05,0.9068531844777725
9.965896606445312e-05,0.9069204384962002
9.965896606445312e-05,0.9069876925146277
9.989738464355469e-05,0.9070549465330553
9.989738464355469e-05,0.907122200551483
9.989738464355469e-05,0.9071894545699105
9.989738464355469e-05,0.9072567085883382
9.989738464355469e-05,0.9073239626067657
9.989738464355469e-05,0.9073912166251934
9.989738464355469e-05,0.907458470643621
9.989738464355469e-05,0.9075257246620485
9.989738464355469e-05,0.9075929786804762
9.989738464355469e-05,0.9076602326989037
9.989738464355469e-05,0.9077274867173314
9.989738464355469e-05,0.9077947407357589
9.989738464355469e-05,0.9078619947541866
9.989738464355469e-05,0.9079292487726142
9.989738464355469e-05,0.9079965027910417
9.989738464355469e-05,0.9080637568094694
9.989738464355469e-05,0.9081310108278969
9.989738464355469e-05,0.9081982648463246
9.989738464355469e-05,0.9082655188647522
9.989738464355469e-05,0.9083327728831798
9.989738464355469e-05,0.9084000269016074
9.989738464355469e-05,0.9084672809200349
9.989738464355469e-05,0.9085345349384626
9.989738464355469e-05,0.9086017889568901
9.989738464355469e-05,0.9086690429753178
9.989738464355469e-05,0.9087362969937454
9.989738464355469e-05,0.908803551012173
9.989738464355469e-05,0.9088708050306006
9.989738464355469e-05,0.9089380590490281
9.989738464355469e-05,0.9090053130674558
9.989738464355469e-05,0.9090725670858834
9.989738464355469e-05,0.909139821104311
9.989738464355469e-05,0.9092070751227386
9.989738464355469e-05,0.9092743291411662
9.989738464355469e-05,0.9093415831595938
9.989738464355469e-05,0.9094088371780213
9.989738464355469e-05,0.909476091196449
9.989738464355469e-05,0.9095433452148766
9.989738464355469e-05,0.9096105992333042
9.989738464355469e-05,0.9096778532517318
9.989738464355469e-05,0.9097451072701593
0.00010013580322265625,0.909812361288587
0.00010013580322265625,0.9098796153070146
0.00010013580322265625,0.9099468693254422
0.00010013580322265625,0.9100141233438698
0.00010013580322265625,0.9100813773622974
0.00010013580322265625,0.910148631380725
0.00010013580322265625,0.9102158853991525
0.00010013580322265625,0.9102831394175802
0.00010013580322265625,0.9103503934360078
0.00010013580322265625,0.9104176474544354
0.00010013580322265625,0.910484901472863
0.00010013580322265625,0.9105521554912906
0.00010013580322265625,0.9106194095097182
0.00010013580322265625,0.9106866635281458
0.00010013580322265625,0.9107539175465734
0.00010013580322265625,0.910821171565001
0.00010013580322265625,0.9108884255834286
0.00010013580322265625,0.9109556796018562
0.00010013580322265625,0.9110229336202839
0.00010013580322265625,0.9110901876387114
0.00010013580322265625,0.911157441657139
0.00010013580322265625,0.9112246956755666
0.00010013580322265625,0.9112919496939942
0.00010013580322265625,0.9113592037124219
0.00010013580322265625,0.9114264577308494
0.00010013580322265625,0.9114937117492771
0.00010013580322265625,0.9115609657677046
0.00010013580322265625,0.9116282197861322
0.00010013580322265625,0.9116954738045598
0.00010013580322265625,0.9117627278229874
0.00010013580322265625,0.9118299818414151
0.00010013580322265625,0.9118972358598426
0.00010013580322265625,0.9119644898782703
0.00010037422180175781,0.9120317438966978
0.00010037422180175781,0.9120989979151254
0.00010037422180175781,0.912166251933553
0.00010037422180175781,0.9122335059519806
0.00010037422180175781,0.9123007599704083
0.00010037422180175781,0.9123680139888358
0.00010037422180175781,0.9124352680072635
0.00010037422180175781,0.912502522025691
0.00010037422180175781,0.9125697760441186
0.00010037422180175781,0.9126370300625463
0.00010037422180175781,0.9127042840809738
0.00010037422180175781,0.9127715380994015
0.00010037422180175781,0.912838792117829
0.00010037422180175781,0.9129060461362566
0.00010037422180175781,0.9129733001546843
0.00010037422180175781,0.9130405541731118
0.00010037422180175781,0.9131078081915395
0.00010037422180175781,0.913175062209967
0.00010037422180175781,0.9132423162283947
0.00010037422180175781,0.9133095702468222
0.00010037422180175781,0.9133768242652498
0.00010037422180175781,0.9134440782836775
0.00010037422180175781,0.913511332302105
0.00010037422180175781,0.9135785863205327
0.00010037422180175781,0.9136458403389602
0.00010037422180175781,0.9137130943573879
0.00010037422180175781,0.9137803483758155
0.00010037422180175781,0.913847602394243
0.00010037422180175781,0.9139148564126707
0.00010037422180175781,0.9139821104310982
0.00010037422180175781,0.9140493644495259
0.00010037422180175781,0.9141166184679534
0.00010037422180175781,0.9141838724863811
0.00010037422180175781,0.9142511265048087
0.00010037422180175781,0.9143183805232362
0.00010037422180175781,0.9143856345416639
0.00010037422180175781,0.9144528885600914
0.00010037422180175781,0.9145201425785191
0.00010037422180175781,0.9145873965969467
0.00010037422180175781,0.9146546506153743
0.00010037422180175781,0.9147219046338019
0.00010037422180175781,0.9147891586522294
0.00010037422180175781,0.9148564126706571
0.00010037422180175781,0.9149236666890846
0.00010061264038085938,0.9149909207075123
0.00010061264038085938,0.9150581747259399
0.00010061264038085938,0.9151254287443675
0.00010061264038085938,0.9151926827627951
0.00010061264038085938,0.9152599367812226
0.00010061264038085938,0.9153271907996503
0.00010061264038085938,0.9153944448180779
0.00010061264038085938,0.9154616988365055
0.00010061264038085938,0.9155289528549331
0.00010061264038085938,0.9155962068733606
0.00010061264038085938,0.9156634608917883
0.00010061264038085938,0.9157307149102158
0.00010061264038085938,0.9157979689286435
0.00010061264038085938,0.9158652229470711
0.00010061264038085938,0.9159324769654987
0.00010061264038085938,0.9159997309839263
0.00010061264038085938,0.9160669850023538
0.00010061264038085938,0.9161342390207815
0.00010061264038085938,0.9162014930392091
0.00010061264038085938,0.9162687470576367
0.00010061264038085938,0.9163360010760643
0.00010061264038085938,0.9164032550944919
0.00010061264038085938,0.9164705091129195
0.00010061264038085938,0.916537763131347
0.00010061264038085938,0.9166050171497747
0.00010061264038085938,0.9166722711682023
0.00010061264038085938,0.9167395251866299
0.00010061264038085938,0.9168067792050575
0.00010061264038085938,0.9168740332234852
0.00010061264038085938,0.9169412872419127
0.00010061264038085938,0.9170085412603403
0.00010061264038085938,0.9170757952787679
0.00010061264038085938,0.9171430492971955
0.00010061264038085938,0.9172103033156231
0.00010085105895996094,0.9172775573340507
0.00010085105895996094,0.9173448113524784
0.00010085105895996094,0.9174120653709059
0.00010085105895996094,0.9174793193893335
0.00010085105895996094,0.9175465734077611
0.00010085105895996094,0.9176138274261887
0.00010085105895996094,0.9176810814446164
0.00010085105895996094,0.9177483354630439
0.00010085105895996094,0.9178155894814716
0.00010085105895996094,0.9178828434998991
0.00010085105895996094,0.9179500975183267
0.00010085105895996094,0.9180173515367543
0.00010085105895996094,0.9180846055551819
0.00010085105895996094,0.9181518595736096
0.00010085105895996094,0.9182191135920371
0.00010085105895996094,0.9182863676104647
0.00010085105895996094,0.9183536216288923
0.00010085105895996094,0.9184208756473199
0.00010085105895996094,0.9184881296657476
0.00010085105895996094,0.9185553836841751
0.00010085105895996094,0.9186226377026028
0.00010085105895996094,0.9186898917210303
0.00010085105895996094,0.9187571457394579
0.00010085105895996094,0.9188243997578855
0.00010085105895996094,0.9188916537763131
0.00010085105895996094,0.9189589077947408
0.00010085105895996094,0.9190261618131683
0.00010085105895996094,0.919093415831596
0.0001010894775390625,0.9191606698500235
0.0001010894775390625,0.9192279238684511
0.0001010894775390625,0.9192951778868788
0.0001010894775390625,0.9193624319053063
0.0001010894775390625,0.919429685923734
0.0001010894775390625,0.9194969399421615
0.0001010894775390625,0.9195641939605892
0.0001010894775390625,0.9196314479790167
0.0001010894775390625,0.9196987019974443
0.0001010894775390625,0.919765956015872
0.0001010894775390625,0.9198332100342995
0.0001010894775390625,0.9199004640527272
0.0001010894775390625,0.9199677180711547
0.0001010894775390625,0.9200349720895824
0.0001010894775390625,0.92010222610801
0.0001010894775390625,0.9201694801264375
0.0001010894775390625,0.9202367341448652
0.0001010894775390625,0.9203039881632927
0.0001010894775390625,0.9203712421817204
0.0001010894775390625,0.920438496200148
0.0001010894775390625,0.9205057502185756
0.0001010894775390625,0.9205730042370032
0.0001010894775390625,0.9206402582554307
0.0001010894775390625,0.9207075122738584
0.0001010894775390625,0.9207747662922859
0.0001010894775390625,0.9208420203107136
0.0001010894775390625,0.9209092743291412
0.0001010894775390625,0.9209765283475687
0.0001010894775390625,0.9210437823659964
0.0001010894775390625,0.9211110363844239
0.0001010894775390625,0.9211782904028516
0.0001010894775390625,0.9212455444212791
0.0001010894775390625,0.9213127984397068
0.0001010894775390625,0.9213800524581344
0.0001010894775390625,0.9214473064765619
0.0001010894775390625,0.9215145604949896
0.0001010894775390625,0.9215818145134171
0.0001010894775390625,0.9216490685318448
0.0001010894775390625,0.9217163225502724
0.0001010894775390625,0.9217835765687
0.0001010894775390625,0.9218508305871276
0.0001010894775390625,0.9219180846055551
0.0001010894775390625,0.9219853386239828
0.0001010894775390625,0.9220525926424104
0.0001010894775390625,0.922119846660838
0.00010132789611816406,0.9221871006792656
0.00010132789611816406,0.9222543546976932
0.00010132789611816406,0.9223216087161208
0.00010132789611816406,0.9223888627345483
0.00010132789611816406,0.922456116752976
0.00010132789611816406,0.9225233707714036
0.00010132789611816406,0.9225906247898312
0.00010132789611816406,0.9226578788082588
0.00010132789611816406,0.9227251328266864
0.00010132789611816406,0.922792386845114
0.00010132789611816406,0.9228596408635416
0.00010132789611816406,0.9229268948819692
0.00010132789611816406,0.9229941489003968
0.00010132789611816406,0.9230614029188244
0.00010132789611816406,0.923128656937252
0.00010132789611816406,0.9231959109556797
0.00010132789611816406,0.9232631649741072
0.00010132789611816406,0.9233304189925348
0.00010132789611816406,0.9233976730109624
0.00010132789611816406,0.92346492702939
0.00010132789611816406,0.9235321810478176
0.00010132789611816406,0.9235994350662452
0.00010132789611816406,0.9236666890846728
0.00010132789611816406,0.9237339431031004
0.00010132789611816406,0.923801197121528
0.00010132789611816406,0.9238684511399556
0.00010132789611816406,0.9239357051583832
0.00010132789611816406,0.9240029591768109
0.00010132789611816406,0.9240702131952384
0.00010132789611816406,0.924137467213666
0.00010132789611816406,0.9242047212320936
0.00010156631469726562,0.9242719752505212
0.00010156631469726562,0.9243392292689488
0.00010156631469726562,0.9244064832873764
0.00010156631469726562,0.9244737373058041
0.00010156631469726562,0.9245409913242316
0.00010156631469726562,0.9246082453426592
0.00010156631469726562,0.9246754993610868
0.00010156631469726562,0.9247427533795144
0.00010156631469726562,0.9248100073979421
0.00010156631469726562,0.9248772614163696
0.00010156631469726562,0.9249445154347973
0.00010156631469726562,0.9250117694532248
0.00010156631469726562,0.9250790234716524
0.00010156631469726562,0.92514627749008
0.00010156631469726562,0.9252135315085076
0.00010156631469726562,0.9252807855269353
0.00010156631469726562,0.9253480395453628
0.00010156631469726562,0.9254152935637905
0.00010156631469726562,0.925482547582218
0.00010156631469726562,0.9255498016006456
0.00010156631469726562,0.9256170556190733
0.00010156631469726562,0.9256843096375008
0.00010156631469726562,0.9257515636559285
0.00010156631469726562,0.925818817674356
0.00010156631469726562,0.9258860716927837
0.00010156631469726562,0.9259533257112113
0.00010156631469726562,0.9260205797296388
0.00010156631469726562,0.9260878337480665
0.00010156631469726562,0.926155087766494
0.00010156631469726562,0.9262223417849217
0.00010180473327636719,0.9262895958033492
0.00010180473327636719,0.9263568498217769
0.00010180473327636719,0.9264241038402045
0.00010180473327636719,0.926491357858632
0.00010180473327636719,0.9265586118770597
0.00010180473327636719,0.9266258658954872
0.00010180473327636719,0.9266931199139149
0.00010180473327636719,0.9267603739323425
0.00010180473327636719,0.92682762795077
0.00010180473327636719,0.9268948819691977
0.00010180473327636719,0.9269621359876252
0.00010180473327636719,0.9270293900060529
0.00010180473327636719,0.9270966440244804
0.00010180473327636719,0.9271638980429081
0.00010180473327636719,0.9272311520613357
0.00010180473327636719,0.9272984060797632
0.00010180473327636719,0.9273656600981909
0.00010180473327636719,0.9274329141166184
0.00010180473327636719,0.9275001681350461
0.00010180473327636719,0.9275674221534737
0.00010180473327636719,0.9276346761719013
0.00010180473327636719,0.9277019301903289
0.00010180473327636719,0.9277691842087564
0.00010180473327636719,0.9278364382271841
0.00010180473327636719,0.9279036922456116
0.00010204315185546875,0.9279709462640393
0.00010204315185546875,0.9280382002824669
0.00010204315185546875,0.9281054543008945
0.00010204315185546875,0.9281727083193221
0.00010204315185546875,0.9282399623377496
0.00010204315185546875,0.9283072163561773
0.00010204315185546875,0.9283744703746049
0.00010204315185546875,0.9284417243930325
0.00010204315185546875,0.9285089784114601
0.00010204315185546875,0.9285762324298877
0.00010204315185546875,0.9286434864483153
0.00010204315185546875,0.9287107404667428
0.00010204315185546875,0.9287779944851705
0.00010204315185546875,0.9288452485035981
0.00010204315185546875,0.9289125025220257
0.00010204315185546875,0.9289797565404533
0.00010204315185546875,0.929047010558881
0.00010204315185546875,0.9291142645773085
0.00010204315185546875,0.9291815185957361
0.00010204315185546875,0.9292487726141637
0.00010204315185546875,0.9293160266325913
0.00010204315185546875,0.9293832806510189
0.00010204315185546875,0.9294505346694465
0.00010204315185546875,0.929517788687874
0.00010204315185546875,0.9295850427063017
0.00010204315185546875,0.9296522967247293
0.00010204315185546875,0.9297195507431569
0.00010204315185546875,0.9297868047615845
0.00010204315185546875,0.9298540587800121
0.00010204315185546875,0.9299213127984397
0.00010228157043457031,0.9299885668168673
0.00010228157043457031,0.9300558208352949
0.00010228157043457031,0.9301230748537225
0.00010228157043457031,0.9301903288721501
0.00010228157043457031,0.9302575828905777
0.00010228157043457031,0.9303248369090054
0.00010228157043457031,0.9303920909274329
0.00010228157043457031,0.9304593449458605
0.00010228157043457031,0.9305265989642881
0.00010228157043457031,0.9305938529827157
0.00010228157043457031,0.9306611070011434
0.00010228157043457031,0.9307283610195709
0.00010228157043457031,0.9307956150379986
0.00010228157043457031,0.9308628690564261
0.00010228157043457031,0.9309301230748537
0.00010228157043457031,0.9309973770932813
0.00010228157043457031,0.9310646311117089
0.00010228157043457031,0.9311318851301366
0.00010228157043457031,0.9311991391485641
0.00010228157043457031,0.9312663931669918
0.00010228157043457031,0.9313336471854193
0.00010228157043457031,0.9314009012038469
0.00010228157043457031,0.9314681552222746
0.00010228157043457031,0.9315354092407021
0.00010228157043457031,0.9316026632591298
0.00010228157043457031,0.9316699172775573
0.00010228157043457031,0.931737171295985
0.00010228157043457031,0.9318044253144125
0.00010228157043457031,0.9318716793328401
0.00010228157043457031,0.9319389333512678
0.00010228157043457031,0.9320061873696953
0.00010228157043457031,0.932073441388123
0.00010228157043457031,0.9321406954065505
0.00010228157043457031,0.9322079494249781
0.00010228157043457031,0.9322752034434058
0.00010228157043457031,0.9323424574618333
0.00010251998901367188,0.932409711480261
0.00010251998901367188,0.9324769654986885
0.00010251998901367188,0.9325442195171162
0.00010251998901367188,0.9326114735355437
0.00010251998901367188,0.9326787275539713
0.00010251998901367188,0.932745981572399
0.00010251998901367188,0.9328132355908265
0.00010251998901367188,0.9328804896092542
0.00010251998901367188,0.9329477436276817
0.00010251998901367188,0.9330149976461094
0.00010251998901367188,0.933082251664537
0.00010251998901367188,0.9331495056829645
0.00010251998901367188,0.9332167597013922
0.00010251998901367188,0.9332840137198197
0.00010251998901367188,0.9333512677382474
0.00010251998901367188,0.933418521756675
0.00010251998901367188,0.9334857757751026
0.00010251998901367188,0.9335530297935302
0.00010251998901367188,0.9336202838119577
0.00010251998901367188,0.9336875378303854
0.00010251998901367188,0.9337547918488129
0.00010251998901367188,0.9338220458672406
0.00010251998901367188,0.9338892998856682
0.00010251998901367188,0.9339565539040958
0.00010251998901367188,0.9340238079225234
0.00010275840759277344,0.9340910619409509
0.00010275840759277344,0.9341583159593786
0.00010275840759277344,0.9342255699778061
0.00010275840759277344,0.9342928239962338
0.00010275840759277344,0.9343600780146614
0.00010275840759277344,0.934427332033089
0.00010275840759277344,0.9344945860515166
0.00010275840759277344,0.9345618400699441
0.00010275840759277344,0.9346290940883718
0.00010275840759277344,0.9346963481067994
0.00010275840759277344,0.934763602125227
0.00010275840759277344,0.9348308561436546
0.00010275840759277344,0.9348981101620821
0.00010275840759277344,0.9349653641805098
0.00010275840759277344,0.9350326181989373
0.00010275840759277344,0.935099872217365
0.00010275840759277344,0.9351671262357926
0.00010275840759277344,0.9352343802542202
0.000102996826171875,0.9353016342726478
0.000102996826171875,0.9353688882910753
0.000102996826171875,0.935436142309503
0.000102996826171875,0.9355033963279306
0.000102996826171875,0.9355706503463582
0.000102996826171875,0.9356379043647858
0.000102996826171875,0.9357051583832134
0.000102996826171875,0.935772412401641
0.000102996826171875,0.9358396664200685
0.000102996826171875,0.9359069204384962
0.000102996826171875,0.9359741744569238
0.000102996826171875,0.9360414284753514
0.000102996826171875,0.936108682493779
0.000102996826171875,0.9361759365122067
0.000102996826171875,0.9362431905306342
0.000102996826171875,0.9363104445490618
0.000102996826171875,0.9363776985674894
0.000102996826171875,0.936444952585917
0.000102996826171875,0.9365122066043446
0.000102996826171875,0.9365794606227722
0.000102996826171875,0.9366467146411999
0.000102996826171875,0.9367139686596274
0.000102996826171875,0.936781222678055
0.000102996826171875,0.9368484766964826
0.000102996826171875,0.9369157307149102
0.000102996826171875,0.9369829847333379
0.000102996826171875,0.9370502387517654
0.000102996826171875,0.9371174927701931
0.000102996826171875,0.9371847467886206
0.000102996826171875,0.9372520008070482
0.000102996826171875,0.9373192548254758
0.00010323524475097656,0.9373865088439034
0.00010323524475097656,0.9374537628623311
0.00010323524475097656,0.9375210168807586
0.00010323524475097656,0.9375882708991862
0.00010323524475097656,0.9376555249176138
0.00010323524475097656,0.9377227789360414
0.00010323524475097656,0.937790032954469
0.00010323524475097656,0.9378572869728966
0.00010323524475097656,0.9379245409913243
0.00010323524475097656,0.9379917950097518
0.00010323524475097656,0.9380590490281794
0.00010323524475097656,0.938126303046607
0.00010323524475097656,0.9381935570650346
0.00010323524475097656,0.9382608110834623
0.00010323524475097656,0.9383280651018898
0.00010323524475097656,0.9383953191203175
0.00010323524475097656,0.938462573138745
0.00010347366333007812,0.9385298271571726
0.00010347366333007812,0.9385970811756003
0.00010347366333007812,0.9386643351940278
0.00010347366333007812,0.9387315892124555
0.00010347366333007812,0.938798843230883
0.00010347366333007812,0.9388660972493107
0.00010347366333007812,0.9389333512677382
0.00010347366333007812,0.9390006052861658
0.00010347366333007812,0.9390678593045935
0.00010347366333007812,0.939135113323021
0.00010347366333007812,0.9392023673414487
0.00010347366333007812,0.9392696213598762
0.00010347366333007812,0.9393368753783039
0.00010347366333007812,0.9394041293967315
0.00010347366333007812,0.939471383415159
0.00010347366333007812,0.9395386374335867
0.00010347366333007812,0.9396058914520142
0.00010347366333007812,0.9396731454704419
0.00010371208190917969,0.9397403994888694
0.00010371208190917969,0.9398076535072971
0.00010371208190917969,0.9398749075257247
0.00010371208190917969,0.9399421615441522
0.00010371208190917969,0.9400094155625799
0.00010371208190917969,0.9400766695810074
0.00010371208190917969,0.9401439235994351
0.00010371208190917969,0.9402111776178627
0.00010371208190917969,0.9402784316362902
0.00010371208190917969,0.9403456856547179
0.00010371208190917969,0.9404129396731454
0.00010371208190917969,0.9404801936915731
0.00010371208190917969,0.9405474477100007
0.00010371208190917969,0.9406147017284283
0.00010371208190917969,0.9406819557468559
0.00010371208190917969,0.9407492097652834
0.00010371208190917969,0.9408164637837111
0.00010371208190917969,0.9408837178021386
0.00010371208190917969,0.9409509718205663
0.00010371208190917969,0.9410182258389939
0.00010371208190917969,0.9410854798574215
0.00010371208190917969,0.9411527338758491
0.00010371208190917969,0.9412199878942766
0.00010395050048828125,0.9412872419127043
0.00010395050048828125,0.9413544959311319
0.00010395050048828125,0.9414217499495595
0.00010395050048828125,0.9414890039679871
0.00010395050048828125,0.9415562579864147
0.00010395050048828125,0.9416235120048423
0.00010395050048828125,0.9416907660232698
0.00010395050048828125,0.9417580200416975
0.00010395050048828125,0.9418252740601251
0.00010395050048828125,0.9418925280785527
0.00010395050048828125,0.9419597820969803
0.00010395050048828125,0.942027036115408
0.00010395050048828125,0.9420942901338355
0.00010395050048828125,0.942161544152263
0.00010395050048828125,0.9422287981706907
0.00010395050048828125,0.9422960521891183
0.00010395050048828125,0.9423633062075459
0.00010395050048828125,0.9424305602259735
0.00010395050048828125,0.9424978142444012
0.00010395050048828125,0.9425650682628287
0.00010395050048828125,0.9426323222812563
0.00010395050048828125,0.9426995762996839
0.00010395050048828125,0.9427668303181115
0.00010395050048828125,0.9428340843365391
0.00010395050048828125,0.9429013383549667
0.00010395050048828125,0.9429685923733944
0.00010395050048828125,0.9430358463918219
0.00010395050048828125,0.9431031004102495
0.00010395050048828125,0.9431703544286771
0.00010395050048828125,0.9432376084471047
0.00010395050048828125,0.9433048624655324
0.00010395050048828125,0.9433721164839599
0.00010395050048828125,0.9434393705023875
0.00010395050048828125,0.9435066245208151
0.00010395050048828125,0.9435738785392427
0.00010395050048828125,0.9436411325576703
0.00010395050048828125,0.9437083865760979
0.00010395050048828125,0.9437756405945256
0.00010395050048828125,0.9438428946129531
0.00010418891906738281,0.9439101486313807
0.00010418891906738281,0.9439774026498083
0.00010418891906738281,0.9440446566682359
0.00010418891906738281,0.9441119106866636
0.00010418891906738281,0.9441791647050911
0.00010418891906738281,0.9442464187235188
0.00010418891906738281,0.9443136727419463
0.00010418891906738281,0.9443809267603739
0.00010418891906738281,0.9444481807788015
0.00010418891906738281,0.9445154347972291
0.00010418891906738281,0.9445826888156568
0.00010418891906738281,0.9446499428340843
0.00010418891906738281,0.944717196852512
0.00010418891906738281,0.9447844508709395
0.00010418891906738281,0.9448517048893671
0.00010418891906738281,0.9449189589077948
0.00010418891906738281,0.9449862129262223
0.00010418891906738281,0.94505346694465
0.00010418891906738281,0.9451207209630775
0.00010418891906738281,0.9451879749815052
0.00010418891906738281,0.9452552289999328
0.00010418891906738281,0.9453224830183603
0.00010418891906738281,0.945389737036788
0.00010418891906738281,0.9454569910552155
0.00010418891906738281,0.9455242450736432
0.00010418891906738281,0.9455914990920707
0.00010418891906738281,0.9456587531104984
0.00010418891906738281,0.945726007128926
0.00010418891906738281,0.9457932611473535
0.00010418891906738281,0.9458605151657812
0.00010418891906738281,0.9459277691842087
0.00010418891906738281,0.9459950232026364
0.00010418891906738281,0.946062277221064
0.00010418891906738281,0.9461295312394915
0.00010418891906738281,0.9461967852579192
0.00010442733764648438,0.9462640392763467
0.00010442733764648438,0.9463312932947744
0.00010442733764648438,0.9463985473132019
0.00010442733764648438,0.9464658013316296
0.00010442733764648438,0.9465330553500572
0.00010442733764648438,0.9466003093684847
0.00010442733764648438,0.9466675633869124
0.00010442733764648438,0.9467348174053399
0.00010442733764648438,0.9468020714237676
0.00010442733764648438,0.9468693254421952
0.00010442733764648438,0.9469365794606228
0.00010442733764648438,0.9470038334790504
0.00010442733764648438,0.9470710874974779
0.00010442733764648438,0.9471383415159056
0.00010442733764648438,0.9472055955343331
0.00010442733764648438,0.9472728495527608
0.00010442733764648438,0.9473401035711884
0.00010442733764648438,0.947407357589616
0.00010442733764648438,0.9474746116080436
0.00010442733764648438,0.9475418656264711
0.00010442733764648438,0.9476091196448988
0.00010442733764648438,0.9476763736633264
0.00010466575622558594,0.947743627681754
0.00010466575622558594,0.9478108817001816
0.00010466575622558594,0.9478781357186092
0.00010466575622558594,0.9479453897370368
0.00010466575622558594,0.9480126437554643
0.00010466575622558594,0.948079897773892
0.00010466575622558594,0.9481471517923196
0.00010466575622558594,0.9482144058107472
0.00010466575622558594,0.9482816598291748
0.00010466575622558594,0.9483489138476024
0.00010466575622558594,0.94841616786603
0.00010466575622558594,0.9484834218844576
0.00010466575622558594,0.9485506759028852
0.00010466575622558594,0.9486179299213128
0.00010466575622558594,0.9486851839397404
0.00010466575622558594,0.948752437958168
0.00010466575622558594,0.9488196919765955
0.00010466575622558594,0.9488869459950232
0.00010466575622558594,0.9489542000134508
0.00010466575622558594,0.9490214540318784
0.0001049041748046875,0.949088708050306
0.0001049041748046875,0.9491559620687336
0.0001049041748046875,0.9492232160871612
0.0001049041748046875,0.9492904701055888
0.0001049041748046875,0.9493577241240164
0.0001049041748046875,0.949424978142444
0.0001049041748046875,0.9494922321608716
0.0001049041748046875,0.9495594861792992
0.0001049041748046875,0.9496267401977269
0.0001049041748046875,0.9496939942161544
0.0001049041748046875,0.949761248234582
0.0001049041748046875,0.9498285022530096
0.0001049041748046875,0.9498957562714372
0.0001049041748046875,0.9499630102898649
0.0001049041748046875,0.9500302643082924
0.0001049041748046875,0.9500975183267201
0.0001049041748046875,0.9501647723451476
0.0001049041748046875,0.9502320263635752
0.0001049041748046875,0.9502992803820028
0.0001049041748046875,0.9503665344004304
0.0001049041748046875,0.9504337884188581
0.0001049041748046875,0.9505010424372856
0.0001049041748046875,0.9505682964557133
0.0001049041748046875,0.9506355504741408
0.00010514259338378906,0.9507028044925684
0.00010514259338378906,0.950770058510996
0.00010514259338378906,0.9508373125294236
0.00010514259338378906,0.9509045665478513
0.00010514259338378906,0.9509718205662788
0.00010514259338378906,0.9510390745847065
0.00010514259338378906,0.951106328603134
0.00010514259338378906,0.9511735826215616
0.00010514259338378906,0.9512408366399893
0.00010514259338378906,0.9513080906584168
0.00010514259338378906,0.9513753446768445
0.00010514259338378906,0.951442598695272
0.00010514259338378906,0.9515098527136996
0.00010514259338378906,0.9515771067321273
0.00010514259338378906,0.9516443607505548
0.00010538101196289062,0.9517116147689825
0.00010538101196289062,0.95177886878741
0.00010538101196289062,0.9518461228058377
0.00010538101196289062,0.9519133768242652
0.00010538101196289062,0.9519806308426928
0.00010538101196289062,0.9520478848611205
0.00010538101196289062,0.952115138879548
0.00010538101196289062,0.9521823928979757
0.00010538101196289062,0.9522496469164032
0.00010538101196289062,0.9523169009348309
0.00010538101196289062,0.9523841549532585
0.00010538101196289062,0.952451408971686
0.00010538101196289062,0.9525186629901137
0.00010538101196289062,0.9525859170085412
0.00010538101196289062,0.9526531710269689
0.00010538101196289062,0.9527204250453964
0.00010538101196289062,0.9527876790638241
0.00010538101196289062,0.9528549330822517
0.00010538101196289062,0.9529221871006792
0.00010538101196289062,0.9529894411191069
0.00010538101196289062,0.9530566951375344
0.00010538101196289062,0.9531239491559621
0.00010538101196289062,0.9531912031743897
0.00010561943054199219,0.9532584571928173
0.00010561943054199219,0.9533257112112449
0.00010561943054199219,0.9533929652296724
0.00010561943054199219,0.9534602192481001
0.00010561943054199219,0.9535274732665276
0.00010561943054199219,0.9535947272849553
0.00010561943054199219,0.9536619813033829
0.00010561943054199219,0.9537292353218105
0.00010561943054199219,0.9537964893402381
0.00010561943054199219,0.9538637433586656
0.00010561943054199219,0.9539309973770933
0.00010561943054199219,0.9539982513955209
0.00010561943054199219,0.9540655054139485
0.00010561943054199219,0.9541327594323761
0.00010561943054199219,0.9542000134508036
0.00010561943054199219,0.9542672674692313
0.00010561943054199219,0.9543345214876588
0.00010561943054199219,0.9544017755060865
0.00010561943054199219,0.9544690295245141
0.00010561943054199219,0.9545362835429417
0.00010561943054199219,0.9546035375613693
0.00010585784912109375,0.9546707915797968
0.00010585784912109375,0.9547380455982245
0.00010585784912109375,0.9548052996166521
0.00010585784912109375,0.9548725536350797
0.00010585784912109375,0.9549398076535073
0.00010585784912109375,0.9550070616719349
0.00010585784912109375,0.9550743156903625
0.00010585784912109375,0.95514156970879
0.00010585784912109375,0.9552088237272177
0.00010585784912109375,0.9552760777456453
0.00010585784912109375,0.9553433317640729
0.00010585784912109375,0.9554105857825005
0.00010585784912109375,0.9554778398009282
0.00010609626770019531,0.9555450938193557
0.00010609626770019531,0.9556123478377833
0.00010609626770019531,0.9556796018562109
0.00010609626770019531,0.9557468558746385
0.00010609626770019531,0.9558141098930661
0.00010609626770019531,0.9558813639114937
0.00010609626770019531,0.9559486179299214
0.00010609626770019531,0.9560158719483489
0.00010609626770019531,0.9560831259667765
0.00010609626770019531,0.9561503799852041
0.00010609626770019531,0.9562176340036317
0.00010609626770019531,0.9562848880220594
0.00010609626770019531,0.9563521420404869
0.00010609626770019531,0.9564193960589146
0.00010609626770019531,0.9564866500773421
0.00010609626770019531,0.9565539040957697
0.00010609626770019531,0.9566211581141973
0.00010609626770019531,0.9566884121326249
0.00010609626770019531,0.9567556661510526
0.00010633468627929688,0.9568229201694801
0.00010633468627929688,0.9568901741879078
0.00010633468627929688,0.9569574282063353
0.00010633468627929688,0.9570246822247629
0.00010633468627929688,0.9570919362431906
0.00010633468627929688,0.9571591902616181
0.00010633468627929688,0.9572264442800458
0.00010633468627929688,0.9572936982984733
0.00010633468627929688,0.9573609523169009
0.00010633468627929688,0.9574282063353285
0.00010633468627929688,0.9574954603537561
0.00010633468627929688,0.9575627143721838
0.00010633468627929688,0.9576299683906113
0.00010633468627929688,0.957697222409039
0.00010633468627929688,0.9577644764274665
0.00010657310485839844,0.9578317304458941
0.00010657310485839844,0.9578989844643218
0.00010657310485839844,0.9579662384827493
0.00010657310485839844,0.958033492501177
0.00010657310485839844,0.9581007465196045
0.00010657310485839844,0.9581680005380322
0.00010657310485839844,0.9582352545564597
0.00010657310485839844,0.9583025085748873
0.00010657310485839844,0.958369762593315
0.00010657310485839844,0.9584370166117425
0.00010657310485839844,0.9585042706301702
0.00010657310485839844,0.9585715246485977
0.00010657310485839844,0.9586387786670254
0.00010657310485839844,0.958706032685453
0.00010657310485839844,0.9587732867038805
0.00010657310485839844,0.9588405407223082
0.00010657310485839844,0.9589077947407357
0.00010657310485839844,0.9589750487591634
0.00010657310485839844,0.959042302777591
0.00010657310485839844,0.9591095567960186
0.00010657310485839844,0.9591768108144462
0.00010657310485839844,0.9592440648328737
0.0001068115234375,0.9593113188513014
0.0001068115234375,0.9593785728697289
0.0001068115234375,0.9594458268881566
0.0001068115234375,0.9595130809065842
0.0001068115234375,0.9595803349250118
0.0001068115234375,0.9596475889434394
0.0001068115234375,0.9597148429618669
0.0001068115234375,0.9597820969802946
0.0001068115234375,0.9598493509987222
0.0001068115234375,0.9599166050171498
0.0001068115234375,0.9599838590355774
0.0001068115234375,0.9600511130540049
0.0001068115234375,0.9601183670724326
0.0001068115234375,0.9601856210908601
0.0001068115234375,0.9602528751092878
0.0001068115234375,0.9603201291277154
0.0001068115234375,0.960387383146143
0.0001068115234375,0.9604546371645706
0.0001068115234375,0.9605218911829981
0.0001068115234375,0.9605891452014258
0.00010704994201660156,0.9606563992198534
0.00010704994201660156,0.960723653238281
0.00010704994201660156,0.9607909072567086
0.00010704994201660156,0.9608581612751362
0.00010704994201660156,0.9609254152935638
0.00010704994201660156,0.9609926693119913
0.00010704994201660156,0.961059923330419
0.00010704994201660156,0.9611271773488466
0.00010704994201660156,0.9611944313672742
0.00010704994201660156,0.9612616853857018
0.00010704994201660156,0.9613289394041294
0.00010704994201660156,0.961396193422557
0.00010704994201660156,0.9614634474409846
0.00010704994201660156,0.9615307014594122
0.00010704994201660156,0.9615979554778398
0.00010704994201660156,0.9616652094962674
0.00010704994201660156,0.961732463514695
0.00010728836059570312,0.9617997175331227
0.00010728836059570312,0.9618669715515502
0.00010728836059570312,0.9619342255699778
0.00010728836059570312,0.9620014795884054
0.00010728836059570312,0.962068733606833
0.00010728836059570312,0.9621359876252606
0.00010728836059570312,0.9622032416436882
0.00010728836059570312,0.9622704956621159
0.00010728836059570312,0.9623377496805434
0.00010728836059570312,0.962405003698971
0.00010728836059570312,0.9624722577173986
0.00010728836059570312,0.9625395117358262
0.00010728836059570312,0.9626067657542539
0.00010728836059570312,0.9626740197726814
0.00010728836059570312,0.962741273791109
0.00010728836059570312,0.9628085278095366
0.00010728836059570312,0.9628757818279642
0.00010728836059570312,0.9629430358463918
0.00010728836059570312,0.9630102898648194
0.00010728836059570312,0.9630775438832471
0.00010752677917480469,0.9631447979016746
0.00010752677917480469,0.9632120519201022
0.00010752677917480469,0.9632793059385298
0.00010752677917480469,0.9633465599569574
0.00010752677917480469,0.9634138139753851
0.00010752677917480469,0.9634810679938126
0.00010752677917480469,0.9635483220122403
0.00010752677917480469,0.9636155760306678
0.00010752677917480469,0.9636828300490954
0.00010776519775390625,0.963750084067523
0.00010776519775390625,0.9638173380859506
0.00010776519775390625,0.9638845921043783
0.00010776519775390625,0.9639518461228058
0.00010776519775390625,0.9640191001412335
0.00010776519775390625,0.964086354159661
0.00010776519775390625,0.9641536081780886
0.00010776519775390625,0.9642208621965163
0.00010776519775390625,0.9642881162149438
0.00010776519775390625,0.9643553702333715
0.00010776519775390625,0.964422624251799
0.00010776519775390625,0.9644898782702267
0.00010776519775390625,0.9645571322886543
0.00010776519775390625,0.9646243863070818
0.00010776519775390625,0.9646916403255095
0.00010800361633300781,0.964758894343937
0.00010800361633300781,0.9648261483623647
0.00010800361633300781,0.9648934023807922
0.00010800361633300781,0.9649606563992199
0.00010800361633300781,0.9650279104176475
0.00010800361633300781,0.965095164436075
0.00010800361633300781,0.9651624184545027
0.00010800361633300781,0.9652296724729302
0.00010800361633300781,0.9652969264913579
0.00010800361633300781,0.9653641805097855
0.00010800361633300781,0.965431434528213
0.00010800361633300781,0.9654986885466407
0.00010800361633300781,0.9655659425650682
0.00010800361633300781,0.9656331965834959
0.00010800361633300781,0.9657004506019234
0.00010800361633300781,0.9657677046203511
0.00010800361633300781,0.9658349586387787
0.00010800361633300781,0.9659022126572062
0.00010824203491210938,0.9659694666756339
0.00010824203491210938,0.9660367206940614
0.00010824203491210938,0.9661039747124891
0.00010824203491210938,0.9661712287309167
0.00010824203491210938,0.9662384827493443
0.00010824203491210938,0.9663057367677719
0.00010824203491210938,0.9663729907861994
0.00010824203491210938,0.9664402448046271
0.00010824203491210938,0.9665074988230546
0.00010824203491210938,0.9665747528414823
0.00010824203491210938,0.9666420068599099
0.00010824203491210938,0.9667092608783375
0.00010824203491210938,0.9667765148967651
0.00010824203491210938,0.9668437689151926
0.00010824203491210938,0.9669110229336203
0.00010824203491210938,0.9669782769520479
0.00010824203491210938,0.9670455309704755
0.00010824203491210938,0.9671127849889031
0.00010824203491210938,0.9671800390073307
0.00010824203491210938,0.9672472930257583
0.00010824203491210938,0.9673145470441858
0.00010824203491210938,0.9673818010626135
0.00010824203491210938,0.9674490550810411
0.00010824203491210938,0.9675163090994687
0.00010848045349121094,0.9675835631178963
0.00010848045349121094,0.967650817136324
0.00010848045349121094,0.9677180711547515
0.00010848045349121094,0.9677853251731791
0.00010848045349121094,0.9678525791916067
0.00010848045349121094,0.9679198332100343
0.00010848045349121094,0.9679870872284619
0.00010848045349121094,0.9680543412468895
0.00010848045349121094,0.968121595265317
0.00010848045349121094,0.9681888492837447
0.00010848045349121094,0.9682561033021723
0.00010848045349121094,0.9683233573205999
0.00010848045349121094,0.9683906113390275
0.0001087188720703125,0.9684578653574551
0.0001087188720703125,0.9685251193758827
0.0001087188720703125,0.9685923733943103
0.0001087188720703125,0.9686596274127379
0.0001087188720703125,0.9687268814311655
0.0001087188720703125,0.9687941354495931
0.0001087188720703125,0.9688613894680207
0.0001087188720703125,0.9689286434864484
0.0001087188720703125,0.9689958975048759
0.0001087188720703125,0.9690631515233035
0.0001087188720703125,0.9691304055417311
0.0001087188720703125,0.9691976595601587
0.0001087188720703125,0.9692649135785864
0.0001087188720703125,0.9693321675970139
0.0001087188720703125,0.9693994216154416
0.00010895729064941406,0.9694666756338691
0.00010895729064941406,0.9695339296522967
0.00010895729064941406,0.9696011836707243
0.00010895729064941406,0.9696684376891519
0.00010895729064941406,0.9697356917075796
0.00010895729064941406,0.9698029457260071
0.00010895729064941406,0.9698701997444348
0.00010895729064941406,0.9699374537628623
0.00010895729064941406,0.9700047077812899
0.00010895729064941406,0.9700719617997176
0.00010895729064941406,0.9701392158181451
0.00010895729064941406,0.9702064698365728
0.00010895729064941406,0.9702737238550003
0.00010895729064941406,0.970340977873428
0.00010919570922851562,0.9704082318918555
0.00010919570922851562,0.9704754859102831
0.00010919570922851562,0.9705427399287108
0.00010919570922851562,0.9706099939471383
0.00010919570922851562,0.970677247965566
0.00010919570922851562,0.9707445019839935
0.00010919570922851562,0.9708117560024212
0.00010919570922851562,0.9708790100208488
0.00010919570922851562,0.9709462640392763
0.00010919570922851562,0.971013518057704
0.00010943412780761719,0.9710807720761315
0.00010943412780761719,0.9711480260945592
0.00010943412780761719,0.9712152801129867
0.00010943412780761719,0.9712825341314143
0.00010943412780761719,0.971349788149842
0.00010943412780761719,0.9714170421682695
0.00010943412780761719,0.9714842961866972
0.00010943412780761719,0.9715515502051247
0.00010943412780761719,0.9716188042235524
0.00010943412780761719,0.97168605824198
0.00010943412780761719,0.9717533122604075
0.00010943412780761719,0.9718205662788352
0.00010943412780761719,0.9718878202972627
0.00010943412780761719,0.9719550743156904
0.00010943412780761719,0.972022328334118
0.00010943412780761719,0.9720895823525456
0.00010967254638671875,0.9721568363709732
0.00010967254638671875,0.9722240903894007
0.00010967254638671875,0.9722913444078284
0.00010967254638671875,0.9723585984262559
0.00010967254638671875,0.9724258524446836
0.00010967254638671875,0.9724931064631112
0.00010967254638671875,0.9725603604815388
0.00010967254638671875,0.9726276144999664
0.00010967254638671875,0.9726948685183939
0.00010967254638671875,0.9727621225368216
0.00010967254638671875,0.9728293765552491
0.00010967254638671875,0.9728966305736768
0.00010967254638671875,0.9729638845921044
0.00010967254638671875,0.973031138610532
0.00010967254638671875,0.9730983926289596
0.00010967254638671875,0.9731656466473871
0.00010967254638671875,0.9732329006658148
0.00010967254638671875,0.9733001546842424
0.00010967254638671875,0.97336740870267
0.00010991096496582031,0.9734346627210976
0.00010991096496582031,0.9735019167395252
0.00010991096496582031,0.9735691707579528
0.00010991096496582031,0.9736364247763803
0.00010991096496582031,0.973703678794808
0.00010991096496582031,0.9737709328132356
0.00010991096496582031,0.9738381868316632
0.00011014938354492188,0.9739054408500908
0.00011014938354492188,0.9739726948685183
0.00011014938354492188,0.974039948886946
0.00011014938354492188,0.9741072029053736
0.00011014938354492188,0.9741744569238012
0.00011014938354492188,0.9742417109422288
0.00011014938354492188,0.9743089649606564
0.00011014938354492188,0.974376218979084
0.00011014938354492188,0.9744434729975116
0.00011014938354492188,0.9745107270159392
0.00011038780212402344,0.9745779810343668
0.00011038780212402344,0.9746452350527944
0.00011038780212402344,0.974712489071222
0.00011038780212402344,0.9747797430896497
0.00011038780212402344,0.9748469971080772
0.00011038780212402344,0.9749142511265048
0.00011038780212402344,0.9749815051449324
0.00011038780212402344,0.97504875916336
0.00011038780212402344,0.9751160131817876
0.000110626220703125,0.9751832672002152
0.000110626220703125,0.9752505212186429
0.000110626220703125,0.9753177752370704
0.000110626220703125,0.975385029255498
0.000110626220703125,0.9754522832739256
0.000110626220703125,0.9755195372923532
0.000110626220703125,0.9755867913107809
0.00011086463928222656,0.9756540453292084
0.00011086463928222656,0.9757212993476361
0.00011086463928222656,0.9757885533660636
0.00011086463928222656,0.9758558073844912
0.00011086463928222656,0.9759230614029188
0.00011086463928222656,0.9759903154213464
0.00011086463928222656,0.9760575694397741
0.00011086463928222656,0.9761248234582016
0.00011086463928222656,0.9761920774766293
0.00011086463928222656,0.9762593314950568
0.00011110305786132812,0.9763265855134844
0.00011110305786132812,0.9763938395319121
0.00011110305786132812,0.9764610935503396
0.00011110305786132812,0.9765283475687673
0.00011110305786132812,0.9765956015871948
0.00011110305786132812,0.9766628556056224
0.00011110305786132812,0.97673010962405
0.00011110305786132812,0.9767973636424776
0.00011110305786132812,0.9768646176609053
0.00011110305786132812,0.9769318716793328
0.00011134147644042969,0.9769991256977605
0.00011134147644042969,0.977066379716188
0.00011134147644042969,0.9771336337346156
0.00011134147644042969,0.9772008877530433
0.00011134147644042969,0.9772681417714708
0.00011134147644042969,0.9773353957898985
0.00011134147644042969,0.977402649808326
0.00011134147644042969,0.9774699038267537
0.00011134147644042969,0.9775371578451812
0.00011134147644042969,0.9776044118636088
0.00011134147644042969,0.9776716658820365
0.00011134147644042969,0.977738919900464
0.00011134147644042969,0.9778061739188917
0.00011134147644042969,0.9778734279373192
0.00011134147644042969,0.9779406819557469
0.00011134147644042969,0.9780079359741745
0.00011157989501953125,0.978075189992602
0.00011157989501953125,0.9781424440110297
0.00011157989501953125,0.9782096980294572
0.00011157989501953125,0.9782769520478849
0.00011157989501953125,0.9783442060663124
0.00011157989501953125,0.9784114600847401
0.00011157989501953125,0.9784787141031677
0.00011157989501953125,0.9785459681215952
0.00011157989501953125,0.9786132221400229
0.00011157989501953125,0.9786804761584504
0.00011157989501953125,0.9787477301768781
0.00011181831359863281,0.9788149841953057
0.00011181831359863281,0.9788822382137333
0.00011181831359863281,0.9789494922321609
0.00011181831359863281,0.9790167462505884
0.00011181831359863281,0.9790840002690161
0.00011181831359863281,0.9791512542874437
0.00011181831359863281,0.9792185083058713
0.00011181831359863281,0.9792857623242989
0.00011181831359863281,0.9793530163427264
0.00011181831359863281,0.9794202703611541
0.00011181831359863281,0.9794875243795816
0.00011181831359863281,0.9795547783980093
0.00011181831359863281,0.9796220324164369
0.00011181831359863281,0.9796892864348645
0.00011205673217773438,0.9797565404532921
0.00011205673217773438,0.9798237944717196
0.00011205673217773438,0.9798910484901473
0.00011205673217773438,0.9799583025085749
0.00011229515075683594,0.9800255565270025
0.00011229515075683594,0.9800928105454301
0.00011229515075683594,0.9801600645638577
0.00011229515075683594,0.9802273185822853
0.00011229515075683594,0.9802945726007128
0.00011229515075683594,0.9803618266191405
0.00011229515075683594,0.9804290806375681
0.00011229515075683594,0.9804963346559957
0.00011229515075683594,0.9805635886744233
0.00011229515075683594,0.980630842692851
0.00011229515075683594,0.9806980967112785
0.00011229515075683594,0.980765350729706
0.0001125335693359375,0.9808326047481337
0.0001125335693359375,0.9808998587665613
0.0001125335693359375,0.9809671127849889
0.0001125335693359375,0.9810343668034165
0.0001125335693359375,0.9811016208218442
0.0001125335693359375,0.9811688748402717
0.0001125335693359375,0.9812361288586993
0.0001125335693359375,0.9813033828771269
0.0001125335693359375,0.9813706368955545
0.0001125335693359375,0.9814378909139821
0.0001125335693359375,0.9815051449324097
0.0001125335693359375,0.9815723989508374
0.00011277198791503906,0.9816396529692649
0.00011277198791503906,0.9817069069876925
0.00011277198791503906,0.9817741610061201
0.00011277198791503906,0.9818414150245477
0.00011277198791503906,0.9819086690429754
0.00011277198791503906,0.9819759230614029
0.00011277198791503906,0.9820431770798305
0.00011301040649414062,0.9821104310982581
0.00011301040649414062,0.9821776851166857
0.00011301040649414062,0.9822449391351133
0.00011301040649414062,0.9823121931535409
0.00011324882507324219,0.9823794471719686
0.00011324882507324219,0.9824467011903961
0.00011324882507324219,0.9825139552088237
0.00011324882507324219,0.9825812092272513
0.00011324882507324219,0.9826484632456789
0.00011324882507324219,0.9827157172641066
0.00011324882507324219,0.9827829712825341
0.00011324882507324219,0.9828502253009618
0.00011348724365234375,0.9829174793193893
0.00011348724365234375,0.9829847333378169
0.00011348724365234375,0.9830519873562445
0.00011348724365234375,0.9831192413746721
0.00011348724365234375,0.9831864953930998
0.00011348724365234375,0.9832537494115273
0.00011372566223144531,0.983321003429955
0.00011372566223144531,0.9833882574483825
0.00011372566223144531,0.9834555114668101
0.00011372566223144531,0.9835227654852378
0.00011372566223144531,0.9835900195036653
0.00011372566223144531,0.983657273522093
0.00011372566223144531,0.9837245275405205
0.00011372566223144531,0.9837917815589482
0.00011396408081054688,0.9838590355773758
0.00011396408081054688,0.9839262895958033
0.00011396408081054688,0.983993543614231
0.00011396408081054688,0.9840607976326585
0.00011396408081054688,0.9841280516510862
0.00011396408081054688,0.9841953056695137
0.00011396408081054688,0.9842625596879414
0.00011396408081054688,0.984329813706369
0.00011396408081054688,0.9843970677247965
0.00011396408081054688,0.9844643217432242
0.00011396408081054688,0.9845315757616517
0.00011396408081054688,0.9845988297800794
0.00011396408081054688,0.984666083798507
0.00011396408081054688,0.9847333378169345
0.00011396408081054688,0.9848005918353622
0.00011420249938964844,0.9848678458537897
0.00011420249938964844,0.9849350998722174
0.00011420249938964844,0.9850023538906449
0.00011444091796875,0.9850696079090726
0.00011444091796875,0.9851368619275002
0.00011444091796875,0.9852041159459277
0.00011444091796875,0.9852713699643554
0.00011467933654785156,0.9853386239827829
0.00011467933654785156,0.9854058780012106
0.00011467933654785156,0.9854731320196382
0.00011467933654785156,0.9855403860380658
0.00011467933654785156,0.9856076400564934
0.00011467933654785156,0.9856748940749209
0.00011467933654785156,0.9857421480933486
0.00011467933654785156,0.9858094021117761
0.00011467933654785156,0.9858766561302038
0.00011467933654785156,0.9859439101486314
0.00011491775512695312,0.986011164167059
0.00011491775512695312,0.9860784181854866
0.00011491775512695312,0.9861456722039141
0.00011515617370605469,0.9862129262223418
0.00011515617370605469,0.9862801802407694
0.00011515617370605469,0.986347434259197
0.00011515617370605469,0.9864146882776246
0.00011515617370605469,0.9864819422960522
0.00011515617370605469,0.9865491963144798
0.00011515617370605469,0.9866164503329073
0.00011563301086425781,0.986683704351335
0.00011563301086425781,0.9867509583697626
0.00011563301086425781,0.9868182123881902
0.00011563301086425781,0.9868854664066178
0.00011563301086425781,0.9869527204250454
0.00011563301086425781,0.987019974443473
0.00011563301086425781,0.9870872284619006
0.00011587142944335938,0.9871544824803282
0.00011587142944335938,0.9872217364987558
0.00011587142944335938,0.9872889905171834
0.00011587142944335938,0.987356244535611
0.00011587142944335938,0.9874234985540387
0.00011587142944335938,0.9874907525724662
0.00011610984802246094,0.9875580065908938
0.00011610984802246094,0.9876252606093214
0.00011610984802246094,0.987692514627749
0.00011610984802246094,0.9877597686461767
0.00011610984802246094,0.9878270226646042
0.0001163482666015625,0.9878942766830318
0.0001163482666015625,0.9879615307014594
0.0001163482666015625,0.988028784719887
0.0001163482666015625,0.9880960387383146
0.0001163482666015625,0.9881632927567422
0.0001163482666015625,0.9882305467751699
0.0001163482666015625,0.9882978007935974
0.0001163482666015625,0.988365054812025
0.0001163482666015625,0.9884323088304526
0.0001163482666015625,0.9884995628488802
0.00011658668518066406,0.9885668168673079
0.00011658668518066406,0.9886340708857354
0.00011658668518066406,0.9887013249041631
0.00011658668518066406,0.9887685789225906
0.00011658668518066406,0.9888358329410182
0.00011658668518066406,0.9889030869594458
0.00011682510375976562,0.9889703409778734
0.00011682510375976562,0.9890375949963011
0.00011682510375976562,0.9891048490147286
0.00011682510375976562,0.9891721030331563
0.00011682510375976562,0.9892393570515838
0.00011682510375976562,0.9893066110700114
0.00011682510375976562,0.989373865088439
0.00011682510375976562,0.9894411191068666
0.00011706352233886719,0.9895083731252943
0.00011706352233886719,0.9895756271437218
0.00011706352233886719,0.9896428811621495
0.00011706352233886719,0.989710135180577
0.00011706352233886719,0.9897773891990046
0.00011706352233886719,0.9898446432174323
0.00011706352233886719,0.9899118972358598
0.00011730194091796875,0.9899791512542875
0.00011730194091796875,0.990046405272715
0.00011730194091796875,0.9901136592911427
0.00011754035949707031,0.9901809133095703
0.00011754035949707031,0.9902481673279978
0.00011754035949707031,0.9903154213464255
0.00011754035949707031,0.990382675364853
0.00011754035949707031,0.9904499293832807
0.00011754035949707031,0.9905171834017082
0.00011777877807617188,0.9905844374201358
0.00011777877807617188,0.9906516914385635
0.00011777877807617188,0.990718945456991
0.00011777877807617188,0.9907861994754187
0.00011777877807617188,0.9908534534938462
0.00011777877807617188,0.9909207075122739
0.00011801719665527344,0.9909879615307015
0.00011801719665527344,0.991055215549129
0.00011801719665527344,0.9911224695675567
0.00011801719665527344,0.9911897235859842
0.00011801719665527344,0.9912569776044119
0.00011801719665527344,0.9913242316228394
0.000118255615234375,0.9913914856412671
0.000118255615234375,0.9914587396596947
0.000118255615234375,0.9915259936781222
0.000118255615234375,0.9915932476965499
0.00011849403381347656,0.9916605017149774
0.00011849403381347656,0.9917277557334051
0.00011849403381347656,0.9917950097518327
0.00011849403381347656,0.9918622637702603
0.00011849403381347656,0.9919295177886879
0.00011873245239257812,0.9919967718071154
0.00011873245239257812,0.9920640258255431
0.00011897087097167969,0.9921312798439706
0.00011897087097167969,0.9921985338623983
0.00011897087097167969,0.9922657878808259
0.00011897087097167969,0.9923330418992535
0.00011897087097167969,0.9924002959176811
0.00011897087097167969,0.9924675499361086
0.00011897087097167969,0.9925348039545363
0.00011897087097167969,0.9926020579729639
0.00011920928955078125,0.9926693119913915
0.00011920928955078125,0.9927365660098191
0.00011920928955078125,0.9928038200282467
0.00011920928955078125,0.9928710740466743
0.00011944770812988281,0.9929383280651018
0.00011944770812988281,0.9930055820835295
0.00011944770812988281,0.9930728361019571
0.00011944770812988281,0.9931400901203847
0.00011944770812988281,0.9932073441388123
0.00011992454528808594,0.9932745981572398
0.00011992454528808594,0.9933418521756675
0.00011992454528808594,0.9934091061940951
0.00011992454528808594,0.9934763602125227
0.00011992454528808594,0.9935436142309503
0.00011992454528808594,0.9936108682493779
0.0001201629638671875,0.9936781222678055
0.00012063980102539062,0.993745376286233
0.00012063980102539062,0.9938126303046607
0.00012063980102539062,0.9938798843230883
0.00012063980102539062,0.9939471383415159
0.00012063980102539062,0.9940143923599435
0.00012087821960449219,0.9940816463783712
0.00012087821960449219,0.9941489003967987
0.00012087821960449219,0.9942161544152263
0.00012087821960449219,0.9942834084336539
0.00012111663818359375,0.9943506624520815
0.00012111663818359375,0.9944179164705091
0.00012111663818359375,0.9944851704889367
0.00012135505676269531,0.9945524245073644
0.00012135505676269531,0.9946196785257919
0.00012135505676269531,0.9946869325442195
0.00012135505676269531,0.9947541865626471
0.00012159347534179688,0.9948214405810747
0.00012159347534179688,0.9948886945995024
0.00012159347534179688,0.9949559486179299
0.00012183189392089844,0.9950232026363576
0.00012183189392089844,0.9950904566547851
0.00012183189392089844,0.9951577106732127
0.0001220703125,0.9952249646916403
0.0001220703125,0.9952922187100679
0.00012254714965820312,0.9953594727284956
0.0001227855682373047,0.9954267267469231
0.0001227855682373047,0.9954939807653508
0.0001227855682373047,0.9955612347837783
0.0001227855682373047,0.9956284888022059
0.00012302398681640625,0.9956957428206336
0.0001232624053955078,0.9957629968390611
0.0001232624053955078,0.9958302508574888
0.00012350082397460938,0.9958975048759163
0.00012350082397460938,0.9959647588943439
0.00012373924255371094,0.9960320129127715
0.00012421607971191406,0.9960992669311991
0.00012421607971191406,0.9961665209496268
0.00012445449829101562,0.9962337749680543
0.00012445449829101562,0.996301028986482
0.0001246929168701172,0.9963682830049095
0.00012493133544921875,0.9964355370233371
0.00012493133544921875,0.9965027910417648
0.00012493133544921875,0.9965700450601923
0.00012493133544921875,0.99663729907862
0.0001251697540283203,0.9967045530970475
0.0001251697540283203,0.9967718071154752
0.0001251697540283203,0.9968390611339027
0.0001251697540283203,0.9969063151523303
0.00012540817260742188,0.996973569170758
0.00012612342834472656,0.9970408231891855
0.00012636184692382812,0.9971080772076132
0.0001266002655029297,0.9971753312260407
0.0001266002655029297,0.9972425852444684
0.0001266002655029297,0.997309839262896
0.0001266002655029297,0.9973770932813235
0.00012683868408203125,0.9974443472997512
0.00012683868408203125,0.9975116013181787
0.00012683868408203125,0.9975788553366064
0.0001270771026611328,0.997646109355034
0.0001270771026611328,0.9977133633734616
0.00012731552124023438,0.9977806173918892
0.00012731552124023438,0.9978478714103167
0.00012731552124023438,0.9979151254287444
0.00012755393981933594,0.9979823794471719
0.00012755393981933594,0.9980496334655996
0.00012755393981933594,0.9981168874840272
0.0001277923583984375,0.9981841415024548
0.00012803077697753906,0.9982513955208824
0.00012803077697753906,0.9983186495393099
0.00012803077697753906,0.9983859035577376
0.00012922286987304688,0.9984531575761652
0.00012946128845214844,0.9985204115945928
0.00012993812561035156,0.9985876656130204
0.00012993812561035156,0.9986549196314479
0.00013136863708496094,0.9987221736498756
0.00013136863708496094,0.9987894276683031
0.0001316070556640625,0.9988566816867308
0.00013184547424316406,0.9989239357051584
0.00013256072998046875,0.998991189723586
0.0001327991485595703,0.9990584437420136
0.0001327991485595703,0.9991256977604411
0.00013303756713867188,0.9991929517788688
0.00013566017150878906,0.9992602057972964
0.00014019012451171875,0.999327459815724
0.0001404285430908203,0.9993947138341516
0.00014257431030273438,0.9994619678525792
0.0001461505889892578,0.9995292218710068
0.000148773193359375,0.9995964758894343
0.00015044212341308594,0.999663729907862
0.00015401840209960938,0.9997309839262896
0.00016355514526367188,0.9997982379447172
0.00016450881958007812,0.9998654919631448
0.00016808509826660156,0.9999327459815724
0.0004191398620605469,1.0
